Price,Close,High,Low,Open,Volume
Ticker,1803.T,1803.T,1803.T,1803.T,1803.T
Date,,,,,
2011-02-21,239.67727661132812,239.67727661132812,234.84228832233882,237.60513877318985,2581000
2011-02-22,235.53298950195312,237.60512723950697,233.46085176439928,237.60512723950697,2359000
2011-02-23,234.15151977539062,238.29579446168074,232.7700948799606,234.84223222310564,3781000
2011-02-24,234.15151977539062,236.91436956625068,232.7700948799606,234.84223222310564,4449000
2011-02-25,238.98654174804688,240.36796684485637,235.53297900602306,237.60511665123735,3264000
2011-02-28,241.74940490722656,243.130830078125,236.91441680908204,239.67726715087892,2656000
2011-03-01,243.13082885742188,243.82154143940318,241.05869111147794,242.44011627544057,1735000
2011-03-02,238.98654174804688,241.7493919416659,236.22369155442783,241.7493919416659,2760000
2011-03-03,240.3679962158203,241.05870884862438,237.605145684604,239.67728358301622,2088000
2011-03-04,243.13082885742188,244.5122540213845,241.05869111147794,244.5122540213845,2385000
2011-03-07,236.22372436523438,242.44013816431948,234.84229907654878,242.44013816431948,3439000
2011-03-08,234.84230041503906,236.91443835987764,234.15158776675952,236.2237257115981,3348000
2011-03-09,234.15151977539062,236.91436956625068,233.4608073276756,235.53294467082065,1891000
2011-03-10,229.31666564941406,233.46094273946372,228.62595280107246,232.7702298911221,2033000
2011-03-11,232.07945251464844,235.53301579611644,225.8630386080061,227.93517657688687,7633000
2011-03-14,257.6358337402344,283.19220330696004,254.87298297626404,281.8107779249749,17781000
2011-03-15,230.00729370117188,262.4707856049409,217.57446701462203,261.08936041754646,13359000
2011-03-16,241.05873107910156,243.13086916860672,230.00732793507396,230.69804063157568,9557000
2011-03-17,254.1822052001953,258.32648028498113,235.53296731865925,242.44009245996892,9666000
2011-03-18,257.6358337402344,267.99652410512317,253.49155759427887,255.56369566725664,9164000
2011-03-22,274.2130126953125,274.9037255736382,262.47089376377517,264.54303239875236,9941000
2011-03-23,263.8522033691406,274.90360455737687,259.70792792355206,274.90360455737687,10128000
2011-03-24,267.9964599609375,270.06859753795504,264.5428973325749,266.61503490959245,4805000
2011-03-25,265.23358154296875,272.8314185142517,261.08930683135986,272.8314185142517,4830000
2011-03-28,263.1614990234375,263.85221161929957,258.3265108524032,263.1614990234375,3428000
2011-03-29,258.6302795410156,261.4187461667948,253.75046294590211,261.4187461667948,5646000
2011-03-30,257.9330749511719,259.32730778874577,255.14460927602406,259.32730778874577,5015000
2011-03-31,257.9330749511719,261.4186570451066,255.841725694811,260.72154062631967,4033000
2011-04-01,255.1446533203125,260.02446909419825,254.447536781186,258.6302360159452,7714000
2011-04-04,254.4475555419922,257.2360219040962,253.05332236094014,257.2360219040962,4489000
2011-04-05,248.8706512451172,255.14470127650668,245.3850678943452,255.14470127650668,5266000
2011-04-06,250.26487731933594,254.44757721882345,247.4764107196776,253.75046056890886,7740000
2011-04-07,246.77926635742188,252.35619893047098,244.68791664252848,250.9619657872087,4024000
2011-04-08,248.17355346679688,250.2649036364609,244.6879698506902,248.87067019001822,4992000
2011-04-11,249.56771850585938,252.35618463441648,247.4763689094416,248.17348544158085,3182000
2011-04-12,248.17355346679688,250.96202035968224,246.08220329713285,248.87067019001822,6713000
2011-04-13,248.17355346679688,249.56778691323956,246.08220329713285,246.08220329713285,6227000
2011-04-14,248.8706512451172,249.56776791527156,246.0821845644996,246.77930123465399,3894000
2011-04-15,246.77926635742188,248.17349950068416,242.59656692763508,246.77926635742188,3864000
2011-04-18,242.59657287597656,246.08215581959692,242.59657287597656,246.08215581959692,2589000
2011-04-19,240.50523376464844,243.29370024307917,237.01965066661006,240.50523376464847,4211000
2011-04-20,238.41387939453125,243.29369563944854,238.41387939453122,243.29369563944854,3050000
2011-04-21,240.50523376464844,241.8994670038638,239.1110005254331,241.20235038425614,2924000
2011-04-22,238.41387939453125,241.20234582019827,237.71676278811447,239.80811260736476,2826000
2011-04-25,237.71673583984375,240.50520194940202,237.71673583984375,239.11096889462289,1499000
2011-04-26,234.9282684326172,237.71673452677288,232.8369188620004,237.71673452677288,2004000
2011-04-27,237.71673583984375,238.41385236723332,236.3225027850646,237.01961931245418,3673000
2011-04-28,238.41387939453125,240.50522921378152,235.6254129688642,237.0196461816977,2432000
2011-05-02,241.89944458007812,241.89944458007812,238.41386180514905,238.41386180514905,1591000
2011-05-06,240.50523376464844,243.29370024307917,239.1110005254331,241.20235038425614,2621000
2011-05-09,243.293701171875,243.990817794144,239.8081180605301,240.50523468279908,2380000
2011-05-10,244.68789672851562,246.08212975830773,242.59654718382745,245.38501324341166,2811000
2011-05-11,246.0821533203125,247.47638648360038,243.99080357538065,246.77926990195644,3175000
2011-05-12,241.89944458007812,245.3850273550072,241.89944458007812,243.29367769004975,2455000
2011-05-13,237.01963806152344,241.20233755672677,236.32252147898953,241.20233755672677,4511000
2011-05-16,241.89944458007812,243.99079424503557,237.71674525016323,239.11097836013485,5237000
2011-05-17,240.50523376464844,240.50523376464847,237.01965066661006,238.41388390582543,3424000
2011-05-18,241.20230102539062,242.59653397929463,238.41383511758266,241.20230102539065,2865000
2011-05-19,238.41387939453125,242.5965790330318,237.71676278811447,241.89946242661503,2014000
2011-05-20,237.01963806152344,239.1109878091251,237.0196380615234,238.4138712265912,2091000
2011-05-23,234.9282684326172,238.4138510503118,232.8369188620004,237.71673452677288,3336000
2011-05-24,234.9282684326172,235.6253849561561,232.8369188620004,234.9282684326172,1657000
2011-05-25,232.13980102539062,236.32250014296523,231.44268450579483,236.32250014296523,2161000
2011-05-26,234.9282684326172,237.01961800323394,233.53403538553934,234.9282684326172,2509000
2011-05-27,233.5340118408203,235.62536120058883,233.53401184082028,234.23112829407648,1202000
2011-05-30,232.83692932128906,234.2311624309974,232.13981276643491,232.83692932128906,1613000
2011-05-31,234.9282684326172,235.6253849561561,232.8369188620004,233.53403538553934,3320000
2011-06-01,240.50523376464844,240.50523376464847,234.92830080778705,237.01965066661006,3811000
2011-06-02,237.01963806152344,238.4138712265912,234.23117173138786,234.92828831392174,6744000
2011-06-03,235.6253662109375,241.20229795557506,234.9282497428578,237.0195991470969,3156000
2011-06-06,233.5340118408203,237.0195941071012,232.8368953875641,236.32247765384503,2550000
2011-06-07,238.41387939453125,239.11099600094798,232.13982993678042,232.13982993678042,2979000
2011-06-08,240.50523376464844,241.20235038425614,237.71676728621776,239.1110005254331,2708000
2011-06-09,239.1109619140625,240.50519492813868,236.32249588591017,240.50519492813868,2208000
2011-06-10,239.80810546875,242.5965718114099,239.110988883085,241.20233864007994,4848000
2011-06-13,240.50523376464844,241.8994670038638,237.01965066661006,237.71676728621776,1467000
2011-06-14,244.68789672851562,245.38501324341166,239.80808112424322,239.80808112424322,3268000
2011-06-15,242.59657287597656,244.68792264214878,241.8994562872525,244.68792264214878,1748000
2011-06-16,237.71673583984375,241.89943500418116,237.71673583984375,241.2023184767916,1646000
2011-06-17,221.68312072753906,232.83698843710079,221.68312072753906,232.83698843710079,11509000
2011-06-20,223.0773468017578,225.8658136367798,221.6831133842468,221.6831133842468,6258000
2011-06-21,223.77442932128906,225.16866252578308,219.59172970780702,223.07731271904206,4631000
2011-06-22,227.95713806152344,229.35137132183854,225.16867154089317,225.86578817105072,6053000
2011-06-23,229.35133361816406,232.83691619594774,227.9571005870506,228.65421710260733,3216000
2011-06-24,230.0484161376953,230.7455325502338,227.95706690007992,230.0484161376953,2164000
2011-06-27,228.6542205810547,230.74557015953997,227.95710405489294,230.74557015953997,1972000
2011-06-28,230.0484161376953,232.13976537531073,229.35129972515685,230.0484161376953,1940000
2011-06-29,231.44277954101562,232.8370131527085,230.04854592932278,232.13989634686206,1930000
2011-06-30,232.83692932128906,234.2311624309974,231.44269621158077,233.53404587614324,3817000
2011-07-01,232.13980102539062,234.9282671037737,230.74556798619906,233.53403406458213,3831000
2011-07-04,235.6253662109375,237.71671561517658,233.53401680669842,234.2311332747781,2931000
2011-07-05,234.9282684326172,236.32250147969503,234.23115190907825,236.32250147969503,1707000
2011-07-06,236.32244873046875,236.32244873046875,233.53398325872283,235.62533236253228,1870000
2011-07-07,234.9282684326172,236.32250147969503,232.1398023384615,234.23115190907825,3989000
2011-07-08,239.1109619140625,240.50519492813868,237.01961239294826,237.71672889998635,4276000
2011-07-11,234.9282684326172,237.71673452677288,234.9282684326172,237.01961800323394,1925000
2011-07-12,232.83692932128906,233.53404587614324,231.44269621158077,231.44269621158077,1619000
2011-07-13,234.9282684326172,237.01961800323394,232.1398023384615,232.1398023384615,3463000
2011-07-14,233.5340118408203,236.32247765384503,232.8368953875641,234.23112829407648,1761000
2011-07-15,237.01963806152344,237.71675464405732,234.23117173138786,234.23117173138786,1710000
2011-07-19,236.32244873046875,238.41379783427823,234.92821599459577,236.32244873046875,2685000
2011-07-20,236.32244873046875,238.41379783427823,234.2310996266593,237.71668146634173,1829000
2011-07-21,237.71673583984375,239.80808542201245,236.3225027850646,236.3225027850646,3488000
2011-07-22,243.293701171875,243.29370117187503,239.11100143826113,239.8081180605301,2201000
2011-07-25,243.99078369140625,246.7792497907366,242.59655064174106,245.3850167410714,3059000
2011-07-26,246.0821533203125,247.47638648360038,243.2936869937367,244.6879201570246,2301000
2011-07-27,243.293701171875,244.687934416413,241.20235130506808,243.990817794144,1998000
2011-07-28,239.80810546875,241.20233864007994,238.41387229742006,239.80810546875,1716000
2011-07-29,237.71673583984375,240.50520194940202,236.3225027850646,239.80808542201245,2222000
2011-08-01,242.59657287597656,245.38503923087285,241.20233969852842,241.20233969852842,2954000
2011-08-02,238.41387939453125,240.50522921378152,237.71676278811447,238.41387939453122,1915000
2011-08-03,232.13980102539062,234.2311505841779,231.44268450579483,233.53403406458213,1568000
2011-08-04,235.6253662109375,239.11094855133598,233.53401680669842,234.9282497428578,2872000
2011-08-05,226.56285095214844,230.04843327448918,225.16861802321213,227.25996741661658,3398000
2011-08-08,218.8946075439453,225.16865680475902,218.19749095941046,223.77442363568932,5873000
2011-08-09,216.80323791503906,218.19747095629333,207.7407231468863,213.3176553119034,5094000
2011-08-10,216.80323791503906,216.80323791503906,216.80323791503906,216.80323791503906,4572000
2011-08-11,225.86573791503906,225.86573791503906,212.62052488915714,214.71187431429638,6036000
2011-08-12,225.86573791503906,225.86573791503906,225.86573791503906,225.86573791503906,6324000
2011-08-15,228.6542205810547,229.35133710721644,224.4715214240842,225.8657544764077,3616000
2011-08-16,229.35133361816406,234.2311492270612,227.9571005870506,230.0484501337208,3110000
2011-08-17,237.71673583984375,237.71673583984375,232.13980362072718,233.53403667550631,4371000
2011-08-18,237.71673583984375,237.71673583984375,237.71673583984375,237.71673583984375,6141000
2011-08-19,230.0484161376953,233.53399820038769,230.0484161376953,230.7455325502338,6173000
2011-08-22,228.6542205810547,234.23115279034872,225.8657544764077,231.44268668570172,7965000
2011-08-23,232.13980102539062,232.83691754498636,228.65421842741176,230.74556798619906,4940000
2011-08-24,232.13980102539062,237.71673318215676,230.0484514666033,237.019616662561,7828000
2011-08-25,234.23117065429688,237.71675355093822,232.1398209163121,235.6254038129534,7232000
2011-08-26,231.44277954101562,232.8370131527085,230.04854592932278,232.13989634686206,4713000
2011-08-29,233.5340118408203,234.23112829407648,228.65419666802703,231.44266248105177,5837000
2011-08-30,237.71673583984375,238.41385236723332,234.23115320289588,235.62538625767502,6514000
2011-08-31,238.41387939453125,239.80811260736476,235.6254129688642,239.11099600094798,3269000
2011-09-01,234.9282684326172,238.4138510503118,234.23115190907825,238.4138510503118,4945000
2011-09-02,236.32244873046875,239.1109142022147,234.2310996266593,234.92821599459577,3705000
2011-09-05,237.71673583984375,239.11096889462289,234.23115320289588,234.23115320289588,5447000
2011-09-06,237.01963806152344,238.4138712265912,234.92828831392174,238.4138712265912,2303000
2011-09-07,237.71673583984375,239.80808542201245,236.3225027850646,237.71673583984375,3958000
2011-09-08,241.20230102539062,241.89941750234263,237.71671864063066,239.80806807148664,4734000
2011-09-09,241.20230102539062,242.59653397929463,237.71671864063066,241.20230102539065,4890000
2011-09-12,233.5340118408203,236.32247765384503,232.8368953875641,234.23112829407648,2268000
2011-09-13,231.44277954101562,232.13989634686206,227.95719551178348,232.13989634686206,5786000
2011-09-14,225.1686248779297,230.74555676345116,223.07727542085914,229.35132379207081,4228000
2011-09-15,229.35133361816406,230.74556664927752,227.25998407149388,227.9571005870506,3972000
2011-09-16,231.44277954101562,232.8370131527085,230.04854592932278,231.44277954101565,2726000
2011-09-20,227.95713806152344,228.654254691681,224.4715549107356,225.16867154089317,3181000
2011-09-21,225.86573791503906,227.9570873401783,224.4715049649462,225.86573791503906,2963000
2011-09-22,224.47152709960938,225.8657601871846,220.98594438067136,223.07729401203417,4788000
2011-09-26,220.9859619140625,227.2600113059444,220.9859619140625,226.5628947068464,3203000
2011-09-27,228.6542205810547,228.6542205810547,224.4715214240842,224.4715214240842,1841000
2011-09-28,240.98533630371094,242.39460727624726,232.52971046849302,233.23434595476118,4518000
2011-09-29,243.09927368164062,243.80390925752945,238.16682465041893,238.16682465041893,2774000
2011-09-30,242.3946075439453,247.3270559532698,240.28070108280627,245.9177849791771,3418000
2011-10-03,255.78269958496094,257.1919706570544,236.75754011169937,236.75754011169937,8830000
2011-10-04,256.48736572265625,257.19200134277344,247.3271026611328,252.25955200195312,7020000
2011-10-05,252.9641876220703,256.48736572265625,250.85028076171875,255.78273010253906,3671000
2011-10-06,250.14564514160156,256.48736572265625,247.3271026611328,255.07809448242188,7134000
2011-10-07,250.14564514160156,252.9641876220703,249.44100952148438,250.85028076171875,1885000
2011-10-11,252.9641876220703,257.19200134277344,251.55491638183594,257.19200134277344,2069000
2011-10-12,248.03175354003906,252.9642031843012,247.32711787657303,252.9642031843012,2246000
2011-10-13,243.09927368164062,248.73635828875115,240.9853669539742,248.73635828875115,3202000
2011-10-14,240.98533630371094,243.80387824878358,237.46215887237014,242.39460727624726,3765000
2011-10-17,243.09927368164062,244.50854483341826,240.9853669539742,243.09927368164062,2133000
2011-10-18,238.1667938232422,245.91778415476782,236.7575228538739,240.98533576197877,3229000
2011-10-19,231.12045288085938,240.98535025992047,229.00654629963202,239.57607920576888,4055000
2011-10-20,234.6436309814453,235.34826650991812,229.71118228213564,231.12045333908128,2919000
2011-10-21,233.23439025878906,234.64366149902344,231.1204833984375,234.64366149902344,1242000
2011-10-24,240.28074645996094,242.3946533203125,236.0529327392578,236.0529327392578,2535000
2011-10-25,238.1667938232422,239.57606479261048,236.05288736918973,239.57606479261048,2527000
2011-10-26,236.0529022216797,237.46217327971954,233.93899563461986,237.46217327971954,1566000
2011-10-27,238.1667938232422,238.87142930792635,234.64361639982144,235.3482518845056,1542000
2011-10-28,239.57608032226562,241.68998691334446,236.0529026704676,241.68998691334446,3226000
2011-10-31,238.1667938232422,243.8038777007154,238.1667938232422,239.57606479261048,2331000
2011-11-01,237.4622039794922,240.28074645996094,235.34829711914062,237.4622039794922,1318000
2011-11-02,235.34825134277344,236.75752230889782,232.52970941052465,236.05288682583563,2431000
2011-11-04,239.57608032226562,239.57608032226562,236.0529026704676,238.16680926154643,1660000
2011-11-07,240.28074645996094,242.3946533203125,237.4622039794922,238.16683959960938,2112000
2011-11-08,234.6436309814453,241.6899862661734,234.6436309814453,238.87144415228215,2274000
2011-11-09,240.28074645996094,243.80392456054688,236.0529327392578,237.4622039794922,2782000
2011-11-10,236.75755310058594,239.57609539940245,234.64364637647358,234.64364637647358,2475000
2011-11-11,236.0529022216797,238.8714443377594,231.82508904756003,237.46217327971954,2304000
2011-11-14,233.93894958496094,238.87139731717397,233.23431419464478,238.87139731717397,1380000
2011-11-15,231.8251190185547,234.64366149902344,231.8251190185547,233.93902587890625,1282000
2011-11-16,228.30189514160156,234.64361445109049,227.59725966276943,232.52970801459418,1920000
2011-11-17,226.89256286621094,230.41573930823287,226.18792757780656,227.59719815461534,3169000
2011-11-18,224.0740966796875,226.18800325213738,221.25555458308764,225.4833677279874,3499000
2011-11-21,222.66476440429688,222.66476440429688,218.4369524219368,221.2554937435102,3162000
2011-11-22,220.55088806152344,221.96015891175682,218.43698178617336,221.25552348664013,2576000
2011-11-24,217.73245239257812,219.84635969736044,217.02781662431738,217.73245239257815,3147000
2011-11-25,221.2555389404297,221.25553894042972,217.7323615687668,218.43699704309938,2337000
2011-11-28,221.2555389404297,223.36944536342745,219.84626799176453,221.9601744147623,1930000
2011-11-29,219.14163208007812,221.25553849885702,215.61845471544666,220.55090302593072,3267000
2011-11-30,219.14163208007812,221.25553849885702,217.02772566129926,217.73236113422553,3357000
2011-12-01,220.55088806152344,222.6647943368735,219.84625263640675,221.96015891175682,2834000
2011-12-02,225.48341369628906,226.18804936408998,220.55096402168274,220.55096402168274,3425000
2011-12-05,226.89256286621094,227.59719815461534,224.07402171259344,226.18792757780656,1266000
2011-12-06,223.36944580078125,226.89262317934248,222.66481032506903,224.77871675220575,2584000
2011-12-07,227.59727478027344,229.00654583154449,223.3694616264603,224.07409715209582,2148000
2011-12-08,227.59727478027344,228.30191030590896,224.77873267773134,224.77873267773134,1587000
2011-12-09,226.18801879882812,227.59728994399214,223.36947650850004,223.36947650850004,5278000
2011-12-12,228.30189514160156,231.12043705692997,224.77871774744102,231.12043705692997,2873000
2011-12-13,223.36944580078125,226.89262317934248,220.55090389793227,225.48335222791798,2462000
2011-12-14,221.2555389404297,223.36944536342745,220.5509034660971,221.9601744147623,1791000
2011-12-15,220.55088806152344,221.25552348664013,218.43698178617336,221.25552348664013,2445000
2011-12-16,221.96011352539062,222.6647488064236,219.84620768229166,220.55084296332464,2259000
2011-12-19,216.3231201171875,221.96020468050182,215.6184845467732,221.96020468050182,2018000
2011-12-20,219.8463134765625,221.25558471679688,217.73240661621094,219.8463134765625,1926000
2011-12-21,221.96011352539062,221.96011352539062,219.84620768229166,221.25547824435765,2537000
2011-12-22,219.8463134765625,222.66485595703125,219.1416778564453,222.66485595703125,1825000
2011-12-26,220.55088806152344,221.25552348664013,219.84625263640675,221.25552348664013,861000
2011-12-27,223.36944580078125,225.48335222791798,219.1416329465078,219.1416329465078,2442000
2011-12-28,224.0740966796875,224.77873220383745,222.66482563138757,224.0740966796875,1331000
2011-12-29,222.66476440429688,223.36939973469023,221.2554937435102,223.36939973469023,784000
2011-12-30,227.59727478027344,227.59727478027344,223.3694616264603,224.77873267773134,1689000
2012-01-04,229.71119689941406,231.82510361934732,229.00656132610297,229.71119689941406,1263000
2012-01-05,227.59727478027344,229.71118135717998,225.48336820336687,229.71118135717998,2951000
2012-01-06,229.006591796875,229.71122746394232,224.77877779447118,226.8926847956731,2450000
2012-01-10,236.0529022216797,236.05290222167966,230.41581798952015,230.41581798952015,3268000
2012-01-11,236.75755310058594,236.75755310058594,233.93901080176946,236.05291752588184,2282000
2012-01-12,234.6436309814453,235.34826650991812,232.5297243960269,234.6436309814453,1561000
2012-01-13,236.0529022216797,236.7575377506996,234.64363116363978,236.05290222167966,2155000
2012-01-16,237.4622039794922,238.87147521972656,232.52975463867188,235.34829711914062,3302000
2012-01-17,245.91775512695312,248.0316613314828,239.57603651336407,240.28067191487398,4476000
2012-01-18,243.09927368164062,248.73635828875115,243.09927368164062,248.03172271286232,3350000
2012-01-19,242.3946075439453,245.21314949213075,240.98533656985262,245.21314949213075,3929000
2012-01-20,243.09927368164062,244.50854483341826,238.16682465041893,243.09927368164062,3858000
2012-01-23,245.21310424804688,245.9177396050815,241.68992746287378,242.3945628199084,2262000
2012-01-24,245.91775512695312,246.62239052846303,243.80384892242344,246.62239052846303,2135000
2012-01-25,243.80389404296875,246.6224361706331,243.09925851105265,246.6224361706331,2915000
2012-01-26,244.50856018066406,245.91783142089844,243.80392456054688,245.21319580078125,1979000
2012-01-27,245.21310424804688,245.9177396050815,242.3945628199084,244.50846889101226,1930000
2012-01-30,242.3946075439453,245.9177849791771,241.68997205689897,245.9177849791771,1216000
2012-01-31,245.91775512695312,246.62239052846303,240.98530731638385,240.98530731638385,2001000
2012-02-01,243.80389404296875,248.0317072344653,243.80389404296875,245.917800638717,1871000
2012-02-02,245.21310424804688,245.9177396050815,243.80383353397764,244.50846889101226,978000
2012-02-03,245.21310424804688,248.73628103321997,243.80383353397764,244.50846889101226,1921000
2012-02-06,246.62245178222656,248.73635851178852,244.50854505266463,245.91781620570592,2320000
2012-02-07,245.91775512695312,250.1455675360125,243.80384892242344,245.91775512695312,4070000
2012-02-08,236.75755310058594,243.8039088476272,236.05291752588184,243.8039088476272,6444000
2012-02-09,232.52969360351562,237.4621416496508,231.82505816835345,236.75750621448861,6742000
2012-02-10,233.23439025878906,236.0529327392578,229.00657653808594,233.23439025878906,7500000
2012-02-13,234.6436309814453,234.6436309814453,231.8250888675541,233.2343599244997,2983000
2012-02-14,233.23439025878906,234.64366149902344,231.8251190185547,233.23439025878906,3668000
2012-02-15,233.23439025878906,236.0529327392578,232.52975463867188,233.93902587890625,5420000
2012-02-16,236.0529022216797,236.05290222167966,232.52972457657998,233.93899563461986,3901000
2012-02-17,233.23439025878906,236.757568359375,231.8251190185547,236.757568359375,4447000
2012-02-20,227.59727478027344,233.93899451099313,226.8926392546379,233.2343589853576,6599000
2012-02-21,231.12045288085938,231.82508840793517,226.89263971840464,226.89263971840464,5044000
2012-02-22,233.23439025878906,235.34829711914062,229.71121215820312,231.8251190185547,5032000
2012-02-23,233.93894958496094,234.6435849752771,232.52967880432865,233.23431419464478,2882000
2012-02-24,233.23439025878906,234.64366149902344,232.52975463867188,233.93902587890625,3627000
2012-02-27,231.8251190185547,233.23439025878906,229.71121215820312,233.23439025878906,5622000
2012-02-28,231.8251190185547,232.52975463867188,229.71121215820312,230.4158477783203,5249000
2012-02-29,231.8251190185547,233.93902587890625,231.1204833984375,231.1204833984375,5040000
2012-03-01,230.41586303710938,232.52977003744982,229.00659170354908,232.52977003744982,4537000
2012-03-02,231.8251190185547,233.93902587890625,230.4158477783203,231.1204833984375,3582000
2012-03-05,231.12045288085938,232.52972393501096,230.41581735378358,232.52972393501096,1998000
2012-03-06,236.0529022216797,236.7575377506996,231.82508904756003,231.82508904756003,7363000
2012-03-07,232.52969360351562,236.75750621448861,230.4157872980291,236.05287077932647,4324000
2012-03-08,235.34825134277344,235.34825134277344,232.52970941052465,233.23434489358684,3070000
2012-03-09,236.75755310058594,238.87145982469832,235.3482819511777,238.87145982469832,5877000
2012-03-12,235.34825134277344,238.87142875808442,235.34825134277344,238.16679327502223,3111000
2012-03-13,233.23439025878906,236.757568359375,233.23439025878906,235.34829711914062,3621000
2012-03-14,235.34825134277344,237.46215779196004,235.34825134277344,235.34825134277344,2236000
2012-03-15,236.0529022216797,236.7575377506996,235.34826669265973,236.7575377506996,1950000
2012-03-16,234.6436309814453,236.75753756686373,234.6436309814453,236.05290203839093,2299000
2012-03-19,234.6436309814453,236.05290203839093,234.6436309814453,235.34826650991812,1044000
2012-03-21,236.75755310058594,238.1668242499942,234.64364637647358,234.64364637647358,3895000
2012-03-22,236.0529022216797,236.7575377506996,234.64363116363978,236.05290222167966,2589000
2012-03-23,232.52969360351562,235.3482353441643,232.52969360351562,235.3482353441643,2171000
2012-03-26,231.8251190185547,233.23439025878906,231.1204833984375,233.23439025878906,2071000
2012-03-27,235.34825134277344,235.34825134277344,232.52970941052465,232.52970941052465,2119000
2012-03-28,234.9922637939453,235.70436156301787,232.8559704867276,234.99226379394528,2360000
2012-03-29,236.4163818359375,236.4163818359375,233.56799169333584,234.99218676463667,2637000
2012-03-30,236.4163818359375,237.1284793715879,234.99218676463667,235.70428430028707,2672000
2012-04-02,232.1438751220703,237.1285595572068,232.1438751220703,237.1285595572068,2817000
2012-04-03,230.00750732421875,232.8558975078004,229.29540977832332,232.143799961905,2032000
2012-04-04,225.7349090576172,228.58329907727168,225.02281155270356,228.58329907727168,6458000
2012-04-05,227.1591796875,227.1591796875,225.73498420356583,225.73498420356583,4041000
2012-04-06,225.7349090576172,227.87120157235805,225.7349090576172,227.87120157235805,2225000
2012-04-09,225.02281188964844,227.15910440758813,223.5986168776886,225.73490939562834,3425000
2012-04-10,223.5986328125,225.73492548268314,222.8865352557723,225.02282792595543,3845000
2012-04-11,222.17445373535156,222.8865513434777,220.03816091097318,222.8865513434777,3145000
2012-04-12,223.5986328125,224.3107303692277,222.1744376990446,222.8865352557723,1856000
2012-04-13,225.02281188964844,225.73490939562834,220.75022685376902,224.3107143836685,5167000
2012-04-16,224.31069946289062,226.44699183872768,223.59860200427826,224.31069946289062,2958000
2012-04-17,225.02281188964844,226.44700690160823,222.88651937170872,224.3107143836685,2488000
2012-04-18,225.7349090576172,227.87120157235805,224.31071404778996,225.7349090576172,2886000
2012-04-19,220.75025939941406,225.73494267617502,220.75025939941406,225.73494267617502,4175000
2012-04-20,219.32606506347656,221.46235790500393,219.32606506347656,221.46235790500393,1753000
2012-04-23,220.03817749023438,220.75027515201506,218.613982166673,219.3260798284537,1693000
2012-04-24,217.90184020996094,219.32603524401296,217.1897426929349,219.32603524401296,2376000
2012-04-25,219.32606506347656,220.75026029116148,218.61396744963412,220.03816267731904,1742000
2012-04-26,222.17445373535156,223.5986489516038,220.03816091097318,221.46235612722543,2270000
2012-04-27,216.47764587402344,220.75023098995808,215.76554835470097,220.75023098995808,3676000
2012-05-01,213.62930297851562,217.18979136149088,213.62930297851562,215.76559600830078,1998000
2012-05-02,212.91717529296875,213.6292728691994,210.78088256427677,212.91717529296875,3355000
2012-05-07,207.93247985839844,209.35667492592174,206.50828479087517,209.35667492592174,3117000
2012-05-08,207.2203826904297,208.644577760467,206.50828515541102,207.93248022544833,2678000
2012-05-09,202.9477996826172,205.79618985360128,201.52360459712514,205.08409231085525,3230000
2012-05-10,200.0994415283203,201.52363684168915,197.25105090158266,197.96314855826708,7605000
2012-05-11,195.11477661132812,201.52365613505788,193.6905811616104,199.3873629604813,5597000
2012-05-14,197.2510528564453,198.67524818392866,195.11475986522026,195.11475986522026,3432000
2012-05-15,195.8268585205078,197.96315152254974,191.55427251642402,195.11476085316053,2875000
2012-05-16,192.26638793945312,196.53897433810764,191.55429020634404,195.11477887188946,2950000
2012-05-17,195.11477661132812,195.826874336187,191.55428798703383,191.55428798703383,3336000
2012-05-18,190.13006591796875,192.9784564186125,188.7058706676469,192.9784564186125,4043000
2012-05-21,191.55426025390625,192.26635787566798,188.70586976685934,189.41796738862107,1837000
2012-05-22,195.11477661132812,195.11477661132812,191.55428798703383,194.40267888646926,3021000
2012-05-23,188.70590209960938,194.40268404978627,187.99380435583728,192.97848856224203,4008000
2012-05-24,190.84213256835938,191.5542300779428,188.7058400396091,189.41793754919252,4161000
2012-05-25,190.84213256835938,195.8268151354434,190.13003505877595,195.8268151354434,2258000
2012-05-28,187.2816925048828,188.7058878851481,185.85749712461754,188.7058878851481,1939000
2012-05-29,187.2816925048828,187.99379019501544,183.72120405421964,185.85749712461754,2378000
2012-05-30,185.14537048339844,186.56956564096305,183.72117532583385,185.85746806218074,2860000
2012-05-31,185.14537048339844,185.14537048339844,182.29698016826924,183.00907774705155,2521000
2012-06-01,180.87281799316406,183.72120882770207,179.44862257589506,183.00911111906757,2715000
2012-06-04,176.60020446777344,177.31230206643383,175.17600927045268,177.31230206643383,3206000
2012-06-05,181.5849151611328,182.29701286764706,177.31232892204733,177.31232892204733,2731000
2012-06-06,181.5849151611328,183.0091105741613,180.16071974810433,182.29701286764706,2958000
2012-06-07,181.5849151611328,181.5849151611328,181.5849151611328,181.5849151611328,3243000
2012-06-08,178.7364959716797,183.00908153275572,176.6002031911417,183.00908153275572,7305000
2012-06-11,183.00912475585938,183.72122251755533,180.16073370907557,182.29702699416342,3469000
2012-06-12,182.29696655273438,183.009064078331,178.02438139915466,179.4485764503479,3823000
2012-06-13,181.5849151611328,183.72120828067554,180.16071974810433,182.29701286764706,2536000
2012-06-14,180.87281799316406,181.58491570179856,180.16072028452956,180.87281799316406,2837000
2012-06-15,182.29696655273438,183.7211616039276,180.87277150154114,183.009064078331,1618000
2012-06-18,183.00912475585938,185.14541804094722,183.00912475585938,184.43332027925126,2090000
2012-06-19,181.5849151611328,184.43330598718978,180.87281745461857,182.29701286764706,3202000
2012-06-20,183.72119140625,184.4332890473595,181.58489848292152,182.296996124031,2640000
2012-06-21,182.29696655273438,183.7211616039276,180.87277150154114,183.7211616039276,3895000
2012-06-22,183.00912475585938,185.14541804094722,179.4486359473796,180.16073370907557,3493000
2012-06-25,185.14537048339844,188.70585837730997,185.14537048339844,186.56956564096305,5819000
2012-06-26,185.85748291015625,187.99377581716954,183.00909236747185,185.85748291015625,4157000
2012-06-27,193.69056701660156,194.4026646894567,184.43329726948457,184.43329726948457,6355000
2012-06-28,194.402587890625,195.8267826737065,192.26629571600276,195.8267826737065,3605000
2012-06-29,196.53890991210938,197.96310491147247,193.69051991338313,194.4026174130647,4303000
2012-07-02,197.96311950683594,200.09941216338453,195.82682685028735,200.09941216338453,2794000
2012-07-03,199.38734436035156,200.0994420187814,198.67524670192174,200.0994420187814,2934000
2012-07-04,195.8268585205078,199.38734685724432,195.11476085316053,199.38734685724432,3053000
2012-07-05,194.402587890625,197.96307484832874,193.69049049908426,195.8267826737065,2771000
2012-07-06,190.84213256835938,194.40262011627655,187.99374253002566,193.6905226066931,9464000
2012-07-09,192.97845458984375,193.69055220825646,187.9937712609548,189.4179664977802,4210000
2012-07-10,192.97845458984375,194.40264982666918,190.84216173460564,190.84216173460564,3047000
2012-07-11,190.84213256835938,192.97842509710966,189.41793754919252,192.26632758752623,2109000
2012-07-12,190.13006591796875,192.9784564186125,188.7058706676469,190.8421635431297,3927000
2012-07-13,190.13006591796875,190.8421635431297,187.99377304248597,187.99377304248597,2108000
2012-07-17,187.99378967285156,192.26637580178,186.56959429654208,188.7058873610063,3133000
2012-07-18,185.85748291015625,190.13006872418282,184.43328763881405,188.70587345284065,2745000
2012-07-19,185.14537048339844,187.99376079852766,183.00907774705155,184.43327290461616,2558000
2012-07-20,179.44859313964844,184.43327628241647,178.02439795600046,182.29698350694446,3037000
2012-07-23,173.03970336914062,178.02438618224346,172.32760582441165,175.88809354805653,3397000
2012-07-24,173.7518310546875,175.17602639120133,170.90344038165983,173.03973338643058,4195000
2012-07-25,168.76715087890625,174.46393234317313,168.76715087890625,174.46393234317313,2606000
2012-07-26,171.61550903320312,173.03970412891437,169.4792163896363,172.32760658105875,3759000
2012-07-27,172.3275909423828,174.46388339208178,170.90339597591685,171.61549345914983,3051000
2012-07-30,173.03970336914062,175.17599600332755,170.90341073495372,173.7518009138696,2562000
2012-07-31,174.46392822265625,175.88812355508608,172.32763522401146,173.0397328902264,2245000
2012-08-01,171.61550903320312,174.46389922462558,170.19131393749188,173.75180167676996,2837000
2012-08-02,170.19134521484375,171.61554057229014,169.47924753612057,171.61554057229014,1968000
2012-08-03,165.9187469482422,169.4792350801787,165.20664932185488,169.4792350801787,1858000
2012-08-06,168.76715087890625,170.19134624497298,167.34295551283955,168.0550531958729,2357000
2012-08-07,170.90342712402344,171.6155247370402,168.76713428497314,168.76713428497314,3334000
2012-08-08,178.7364959716797,179.44859356519237,174.4639104106037,174.4639104106037,6475000
2012-08-09,183.00912475585938,184.43332027925126,179.4486359473796,180.16073370907557,4763000
2012-08-10,183.72119140625,185.145386688469,180.87280084181202,184.4332890473595,3705000
2012-08-13,183.72119140625,185.145386688469,181.58489848292152,182.296996124031,2701000
2012-08-14,183.93882751464844,185.14533809080427,183.00904572821807,183.72114318241347,1888000
2012-08-15,179.44859313964844,184.43327628241647,177.31230036417645,184.43327628241647,2932000
2012-08-16,182.29696655273438,183.009064078331,180.16067397594452,180.16067397594452,1724000
2012-08-17,183.00912475585938,183.00912475585938,180.8728314707715,182.29702699416342,1116000
2012-08-20,185.85748291015625,187.28167818149845,183.72119000314296,185.14538527448516,2060000
2012-08-21,186.8659210205078,187.28170978890086,184.43331876549553,186.5696120330495,1981000
2012-08-22,184.4332733154297,186.56956605653505,182.29698057432432,185.8574684761666,1707000
2012-08-23,185.85748291015625,185.85748291015625,182.29699473180077,184.43328763881405,2619000
2012-08-24,183.72119140625,184.4332890473595,182.296996124031,183.0090937651405,1608000
2012-08-27,184.4332733154297,185.8574684761666,183.72117573506122,185.14537089579815,1037000
2012-08-28,184.4332733154297,185.8574684761666,183.0090781546928,185.14537089579815,2589000
2012-08-29,185.85748291015625,185.85748291015625,184.43328763881405,185.85748291015625,1567000
2012-08-30,183.00912475585938,185.85751580264318,182.29702699416342,185.85751580264318,1429000
2012-08-31,178.02439880371094,182.296984375,177.31230120849608,181.58488677978514,2454000
2012-09-03,176.60020446777344,180.16069246107534,176.60020446777344,176.60020446777344,2288000
2012-09-04,175.88809204101562,177.3122871182708,174.46389696376045,177.3122871182708,1568000
2012-09-05,175.176025390625,178.02441604738314,174.4639277264355,177.3123183831936,1421000
2012-09-06,173.03970336914062,174.46389845859858,170.90341073495372,173.7518009138696,1923000
2012-09-07,175.88809204101562,177.3122871182708,174.46389696376045,175.88809204101562,2326000
2012-09-10,179.44859313964844,179.44859313964844,174.46390999688043,175.17600758870444,1208000
2012-09-11,176.60020446777344,179.44859486241495,175.17600927045268,179.44859486241495,2517000
2012-09-12,183.00912475585938,183.00912475585938,177.31234266229177,178.0244404239877,2962000
2012-09-13,183.72119140625,185.145386688469,181.58489848292152,183.0090937651405,2743000
2012-09-14,185.14537048339844,186.56956564096305,183.72117532583385,185.85746806218074,4083000
2012-09-18,186.569580078125,187.28167771201097,184.43328717646708,186.569580078125,2606000
2012-09-19,185.14537048339844,187.28166321974535,183.72117532583385,185.85746806218074,3644000
2012-09-20,183.00912475585938,184.43332027925126,181.58492923246746,183.72122251755533,4092000
2012-09-21,186.569580078125,186.569580078125,182.29699427480915,182.29699427480915,2843000
2012-09-24,187.99378967285156,188.7058873610063,185.85749660838732,186.56959429654208,3705000
2012-09-25,189.41796875,189.41796875,187.2816758693609,189.41796875,1732000
2012-09-26,190.5003662109375,191.9435508034446,188.33558932217684,189.0571816184304,1839000
2012-09-27,191.94354248046875,191.94354248046875,187.61398889068374,189.77876568557625,2275000
2012-09-28,189.7787628173828,192.66513183361678,186.89239380114887,192.66513183361678,1816000
2012-10-01,188.33558654785156,189.77877111909947,185.44921740535577,189.77877111909947,1519000
2012-10-02,187.61398315429688,189.7787598830003,186.89239091139575,188.33557539719803,2216000
2012-10-03,188.33558654785156,189.77877111909947,186.17080969097972,187.61399426222764,1802000
2012-10-04,189.7787628173828,191.2219473254998,187.61398605520736,189.7787628173828,1279000
2012-10-05,191.94354248046875,191.94354248046875,187.61398889068374,189.77876568557625,1796000
2012-10-09,189.7787628173828,193.38672408767528,189.7787628173828,191.9435395795583,1315000
2012-10-10,185.44924926757812,188.335618905984,184.00606444837518,187.61402649638254,2860000
2012-10-11,182.5628204345703,184.00600478583172,181.11963608330888,181.11963608330888,1722000
2012-10-12,186.17080688476562,186.8923991595128,183.28443778577702,183.28443778577702,1791000
2012-10-15,184.7276153564453,186.17079985141754,183.28443086147308,185.44920760393143,1695000
2012-10-16,184.7276153564453,186.17079985141754,184.0060231089592,185.44920760393143,1910000
2012-10-17,191.94354248046875,192.66513474543294,185.44921209579124,185.44921209579124,2973000
2012-10-18,187.61398315429688,192.6651288546049,187.61398315429688,192.6651288546049,3858000
2012-10-19,188.33558654785156,190.50036340472343,186.89240197660368,187.61399426222764,2133000
2012-10-22,190.5003662109375,191.22195850719106,187.6139970259233,188.33558932217684,1595000
2012-10-23,189.0571746826172,192.6651360315221,188.33558241283623,191.94354376174113,1874000
2012-10-24,189.7787628173828,190.5003550714413,188.33557830926583,188.33557830926583,2008000
2012-10-25,193.38670349121094,193.38670349121094,189.05715042797488,190.50033478238691,1990000
2012-10-26,190.5003662109375,193.38673539595172,189.0571816184304,193.38673539595172,1826000
2012-10-29,192.6651611328125,192.6651611328125,189.77879167763928,189.77879167763928,1394000
2012-10-30,190.5003662109375,194.10832769220525,190.5003662109375,192.66514309969816,2267000
2012-10-31,192.6651611328125,193.38675349660582,190.5003840414326,191.2219764052259,1180000
2012-11-01,187.61398315429688,192.6651288546049,185.44920642559347,191.94353661170373,2553000
2012-11-02,187.61398315429688,189.7787598830003,186.1707986684946,189.7787598830003,1485000
2012-11-05,185.44924926757812,187.61402649638254,185.44924926757812,186.1708416771796,732000
2012-11-06,184.0060577392578,186.17083488913144,183.2844653559666,186.17083488913144,1128000
2012-11-07,182.5628204345703,184.72759696146244,180.39804390767816,184.72759696146244,2356000
2012-11-08,179.67648315429688,181.11966775794585,177.5117062488234,178.95489085247237,1786000
2012-11-09,178.23326110839844,178.95485325863487,176.06848465768917,176.7900768079256,1837000
2012-11-12,172.4605712890625,177.5117177284911,171.0173865920829,176.7901253800013,4077000
2012-11-13,163.07986450195312,168.13101074758882,161.6366798603429,167.40941842678373,6575000
2012-11-14,163.8014373779297,165.2446218482198,160.91506843734942,163.07984514278462,6384000
2012-11-15,176.7901153564453,178.2332999716,165.9662307427854,172.46056151098136,8135000
2012-11-16,178.95489501953125,179.67648733815838,173.90374878914125,178.95489501953125,4951000
2012-11-19,180.39805603027344,181.8412404785156,178.23327935791013,180.39805603027344,3375000
2012-11-20,176.7901153564453,181.1196692019093,176.068523048868,180.39807689433195,3347000
2012-11-21,176.7901153564453,178.9548922791773,175.34693074129066,177.51170766402265,2137000
2012-11-22,178.23326110839844,178.23326110839844,176.06848465768917,176.7900768079256,3088000
2012-11-26,178.95489501953125,179.67648733815838,178.23330270090412,178.95489501953125,2823000
2012-11-27,180.39805603027344,181.8412404785156,177.51168713378905,178.23327935791013,3178000
2012-11-28,177.51168823242188,180.3980571467702,176.7900960038348,180.3980571467702,3196000
2012-11-29,178.95489501953125,179.67648733815838,177.51171038227696,178.23330270090412,2029000
2012-11-30,178.95489501953125,181.8412642940398,178.23330270090412,180.39807965678554,3201000
2012-12-03,186.17080688476562,189.05717598375423,182.56284551102985,182.56284551102985,4866000
2012-12-04,182.5628204345703,186.17078131272388,181.11963608330888,185.44918913709316,4172000
2012-12-05,184.7276153564453,185.44920760393143,182.56283861398697,182.56283861398697,1864000
2012-12-06,186.17080688476562,186.8923991595128,184.72762233527132,186.17080688476562,3017000
2012-12-07,189.7787628173828,191.2219473254998,187.61398605520736,187.61398605520736,3184000
2012-12-10,191.94354248046875,193.3867270103971,191.2219502155046,191.94354248046875,3636000
2012-12-11,192.6651611328125,194.1083458603991,191.2219764052259,194.1083458603991,3204000
2012-12-12,194.1083221435547,196.2730989704345,193.3867298679281,194.82991441918128,2788000
2012-12-13,196.99465942382812,196.99465942382815,194.8298829466432,196.2730672647665,2969000
2012-12-14,201.32427978515625,202.76746458648356,196.27313298051075,196.9947253811744,11045000
2012-12-17,204.21058654785156,209.9833239767661,204.21058654785156,207.81854744092314,5595000
2012-12-18,212.14810180664062,215.75606272171953,205.65377215949857,205.65377215949857,9455000
2012-12-19,224.4152374267578,224.41523742675784,219.36409060364753,219.36409060364753,9386000
2012-12-20,222.2504119873047,226.57996546757684,217.9208585070325,225.85837322086482,10349000
2012-12-21,225.1367950439453,228.7447565029829,218.64246441767767,226.57997962756036,9596000
2012-12-25,229.46629333496094,231.63106968717756,228.7447012175554,231.63106968717756,5735000
2012-12-26,232.35267639160156,233.0742685543084,229.4663077407742,232.35267639160156,4273000
2012-12-27,233.79588317871094,235.23906764277706,232.35269871464482,233.79588317871094,5257000
2012-12-28,233.07427978515625,234.51746418011075,227.30154220533814,234.51746418011075,5562000
2013-01-04,237.40383911132812,238.84702354361585,235.23906246289656,238.12543132747197,3940000
2013-01-07,237.40383911132812,239.5686157597597,235.96065467904043,238.84702354361585,5511000
2013-01-08,236.6822967529297,238.8470738573772,233.79592728033296,235.96070438478048,5139000
2013-01-09,238.12547302246094,238.84706536495324,233.0743266250148,235.2391036524917,7800000
2013-01-10,243.17660522460938,243.89819752497914,239.56864372276056,239.56864372276056,5293000
2013-01-11,243.89816284179688,245.34134723731046,241.7333862485265,242.4549784462833,6544000
2013-01-15,239.56861877441406,246.06294880143133,237.40384209874168,246.06294880143133,8780000
2013-01-16,230.18795776367188,238.8470658927128,228.02318073141163,238.12547354862608,9175000
2013-01-17,225.1367950439453,229.46634879479043,221.52883358490774,228.7447565029829,7961000
2013-01-18,225.1367950439453,229.46634879479043,223.6936104603303,228.02316421117538,6302000
2013-01-21,224.4152374267578,226.58001463666224,221.52886781355193,225.1368298300593,4720000
2013-01-22,225.1367950439453,228.7447565029829,222.97201816852277,225.1367950439453,6099000
2013-01-23,217.92088317871094,223.69362180596156,217.1992908503046,223.69362180596156,4337000
2013-01-24,221.52882385253906,221.52882385253906,216.47767803179713,216.47767803179713,5442000
2013-01-25,221.52882385253906,224.41519289296303,220.80723159243308,223.69360063285703,2812000
2013-01-28,218.64244079589844,224.41517850668126,217.9208485820506,223.6935862928334,5420000
2013-01-29,212.86972045898438,218.64245864092294,209.2617590952728,216.47768182269598,16078000
2013-01-30,217.1992950439453,217.920887386284,212.1481486475745,213.59133333225188,8240000
2013-01-31,213.5913543701172,217.19931643718,210.70498471646695,215.03453919694232,9106000
2013-02-01,215.75607299804688,217.9208496502012,214.31288856327734,216.47766521543167,7493000
2013-02-04,215.03453063964844,218.6424925631325,214.31293825495163,216.47771540904205,6040000
2013-02-05,212.86972045898438,216.47768182269598,212.86972045898438,212.86972045898438,5249000
2013-02-06,217.1992950439453,221.52884909797746,215.03451801692924,216.47770270160663,6750000
2013-02-07,226.57994079589844,240.29019199055472,216.4776504419412,217.199242610081,22044000
2013-02-08,219.36404418945312,223.69359769319234,217.19926743758353,223.69359769319234,10362000
2013-02-12,219.36404418945312,223.69359769319234,218.64245193882994,221.52882094132275,5865000
2013-02-13,214.31292724609375,218.64248133187343,212.86974255083385,217.19929663661352,6998000
2013-02-14,209.9833221435547,213.5912830051278,209.26172997124007,213.5912830051278,7179000
2013-02-15,203.48902893066406,210.70495194238973,201.32425202714634,209.98335964121716,9839000
2013-02-18,204.21058654785156,206.3753630836945,202.76740219062293,204.93217872646588,7966000
2013-02-19,206.3754119873047,207.09700433691063,203.48904258888084,204.2106349384868,8682000
2013-02-20,207.8185577392578,209.98333438237506,207.09696552488538,207.8185577392578,5777000
2013-02-21,207.8185577392578,209.98333438237506,206.37537331051297,208.54014995363022,4018000
2013-02-22,213.5913543701172,214.31294678352975,206.37543023599162,207.81861506281672,8242000
2013-02-25,213.5913543701172,215.75613161035486,213.5913543701172,215.03453919694232,3926000
2013-02-26,212.14810180664062,213.5912861726722,210.70491744060905,211.42650962362484,3538000
2013-02-27,217.1992950439453,219.36407207096138,212.86974098991317,213.59133333225188,5197000
2013-02-28,215.03453063964844,217.19930779373885,212.86975348555802,217.19930779373885,6566000
2013-03-01,213.5913543701172,215.75613161035486,213.5913543701172,215.03453919694232,4499000
2013-03-04,215.03453063964844,216.47771540904205,214.31293825495163,215.03453063964844,4263000
2013-03-05,222.97203063964844,225.13680763614988,215.75610731797696,215.75610731797696,13816000
2013-03-06,223.69358825683594,226.5799571375693,221.5288115962859,225.85836491738596,5567000
2013-03-07,223.69358825683594,224.41518047701928,218.64244271555253,223.6935882568359,5903000
2013-03-08,225.1367950439453,225.1367950439453,221.52883358490774,224.41520275213782,9143000
2013-03-11,228.7447052001953,230.18788946013345,225.85833668031904,227.30152094025718,6047000
2013-03-12,225.8583526611328,230.9094979283147,223.69357611805486,230.1879057472887,6535000
2013-03-13,223.69358825683594,226.5799571375693,220.80721937610255,225.13677269720262,6512000
2013-03-14,226.57994079589844,229.46630946845767,225.85834862775866,226.57994079589844,4259000
2013-03-15,228.7447052001953,228.7447052001953,225.85833668031904,227.30152094025718,3719000
2013-03-18,222.97203063964844,227.3015846326513,221.52884597531414,227.3015846326513,4371000
2013-03-19,222.97203063964844,225.13680763614988,222.97203063964844,225.13680763614988,2076000
2013-03-21,225.1367950439453,225.85838733575284,222.25042587671524,223.6936104603303,3367000
2013-03-22,225.1367950439453,226.57997962756036,224.41520275213782,225.1367950439453,3091000
2013-03-25,224.4152374267578,226.58001463666224,223.69364502345636,225.85842223336078,3834000
2013-03-26,223.69358825683594,225.85836491738596,221.5288115962859,221.5288115962859,3499000
2013-03-27,224.78834533691406,225.518177626969,222.5988484667493,224.78834533691406,2444000
2013-03-28,224.78834533691406,224.78834533691406,222.5988484667493,224.78834533691406,3108000
2013-03-29,223.3286590576172,224.78832349590226,221.8689946193321,224.78832349590226,2526000
2013-04-01,222.59886169433594,223.32869402776,221.13919702748785,221.8690293609119,2925000
2013-04-02,216.0303955078125,221.8690548458615,214.57073067330026,221.13922242860536,4464000
2013-04-03,220.40936279296875,220.40936279296875,215.3005365030655,217.4900334844526,3862000
2013-04-04,224.0585174560547,224.7883497604718,215.30052980304927,216.7601944118835,4684000
2013-04-05,224.78834533691406,231.3568359474083,222.5988484667493,226.97784220707882,7052000
2013-04-08,233.54635620117188,234.27618856430053,226.9778649330139,229.16736202239989,6745000
2013-04-09,240.1148223876953,243.0341515352661,235.7358286663392,236.46566095323186,9644000
2013-04-10,249.60267639160156,251.79217355293142,238.65519058495238,241.57452013339218,9169000
2013-04-11,247.41310119628906,255.44125492242233,245.22360472552543,251.7920941378163,6332000
2013-04-12,248.87281799316406,249.60265030399444,245.2236564390121,248.87281799316406,4446000
2013-04-15,250.3324737548828,251.79213832488213,247.41314461488417,248.8728091848835,4471000
2013-04-16,248.87281799316406,251.79214723648562,243.03415950652092,245.95348874984248,5349000
2013-04-17,249.60267639160156,250.3325087787115,245.2236820689419,249.6026763916016,3738000
2013-04-18,249.60267639160156,251.06234116582146,246.6833468431618,248.1430116173817,2514000
2013-04-19,251.06228637695312,252.52195083263308,244.49379632639332,250.33245414911315,4020000
2013-04-22,275.14678955078125,276.60645421683313,253.98165189302884,255.44131655908075,20834000
2013-04-23,288.2837829589844,294.8522742162777,277.33629753016214,278.06612989208367,18600000
2013-04-24,283.1748962402344,289.743386101477,275.87657417218713,288.2837216878675,8246000
2013-04-25,284.6346435546875,286.0943083934295,279.52581661909056,283.17497871594554,4649000
2013-04-26,284.6346435546875,289.7434704902845,281.7153138772035,286.0943083934295,5644000
2013-04-30,286.09429931640625,289.74346129748284,283.17496973154493,287.5539641088369,2930000
2013-05-01,289.7434387207031,291.2031033993968,280.9854506485408,284.6346123452751,4833000
2013-05-02,280.25555419921875,288.28370809555054,279.52572202682495,287.55387592315674,4211000
2013-05-07,284.6346435546875,287.5539732321715,281.7153138772035,286.0943083934295,3484000
2013-05-08,289.0135498046875,291.9328785905934,286.0942210187816,286.82405321525806,5010000
2013-05-09,286.09429931640625,294.8522880709901,285.3644669201909,291.9329584861288,3566000
2013-05-10,286.8241271972656,291.9329538903467,285.3644624278139,291.9329538903467,3989000
2013-05-13,294.1224365234375,295.5821012208243,289.01361008258374,292.66277182605074,4351000
2013-05-14,303.6102600097656,312.3682482792781,291.2031099612896,293.3926070286677,13019000
2013-05-15,291.9328918457031,305.79970420837407,291.20305961608886,300.69087860107425,6930000
2013-05-16,284.6346435546875,294.85229742588143,277.3363193609776,294.1224650065104,7055000
2013-05-17,299.96112060546875,302.8804502463979,282.44514275989394,284.6346399905908,7313000
2013-05-20,310.17877197265625,311.63843678193933,299.2312859030331,303.61028033088235,7038000
2013-05-21,305.79974365234375,312.3682345661173,303.6102466810859,307.9892406236016,4691000
2013-05-22,310.17877197265625,315.28759880514707,303.61028033088235,307.9892747587316,4192000
2013-05-23,286.8241271972656,312.368260662671,286.0942948125398,310.9085958932192,7337000
2013-05-24,288.2837829589844,299.23126838780655,278.06612989208367,288.2837829589844,5649000
2013-05-27,274.41693115234375,285.3644151078894,272.9572666249377,283.17491831678024,4051000
2013-05-28,267.11865234375,275.1468085617316,266.3888199602971,270.0379818775615,5322000
2013-05-29,267.11865234375,272.9573114113729,267.11865234375,272.9573114113729,4773000
2013-05-30,256.9010009765625,267.11865442449397,256.1711685874245,262.7396600896662,5490000
2013-05-31,262.73968505859375,268.57834472656253,260.5501876831055,262.73968505859375,5720000
2013-06-03,258.3605651855469,264.1992220258982,256.1710688704151,261.2798936057225,5491000
2013-06-04,260.5502014160156,264.9291963977974,252.5220439494157,256.9010389311975,7040000
2013-06-05,251.06228637695312,277.3362465791924,250.33245414911315,262.73960202239283,11561000
2013-06-06,240.84466552734375,256.9009765625,240.84466552734375,245.95349176580257,7258000
2013-06-07,243.03416442871094,248.14299070799316,239.38500280065222,240.11483512626398,6815000
2013-06-10,253.98162841796875,254.7114606835376,248.87280255898662,248.87280255898662,2498000
2013-06-11,270.76776123046875,274.4169224330357,257.6307809012277,258.3606131417411,10473000
2013-06-12,269.30816650390625,271.4976637925559,258.36068006065807,264.1993394970571,5516000
2013-06-13,256.1711120605469,265.65893102575234,251.79211869199054,264.1992665695669,4589000
2013-06-14,259.82037353515625,264.92920110466775,253.25188094578434,256.9010434954354,7461000
2013-06-17,270.0379638671875,270.7677962019637,259.0904788455448,259.0904788455448,3485000
2013-06-18,272.22747802734375,275.1468075504252,268.57831612349196,272.9573104081141,3660000
2013-06-19,275.87664794921875,279.52580995912905,272.22748593930845,275.1468155472367,3350000
2013-06-20,273.6870422363281,278.79586702473955,268.57821744791664,272.2273780110677,3283000
2013-06-21,277.33624267578125,279.5257393284848,265.65892719469576,266.3887594122636,3690000
2013-06-24,282.4451599121094,285.36448973032236,280.2556625484496,283.17499236666265,3861000
2013-06-25,282.4451599121094,286.8241546394289,275.87666782113007,281.7153274575561,4778000
2013-06-26,275.87664794921875,288.2837987829138,275.1468155472367,287.55396638093174,3068000
2013-06-27,282.4451599121094,283.17499236666265,271.49767309381053,277.33633273023656,4626000
2013-06-28,291.2031555175781,291.932987987547,284.63466328785836,285.3644957578272,4258000
2013-07-01,305.79974365234375,306.5295759760964,290.4732648535389,294.122426472302,6553000
2013-07-02,310.9085693359375,311.6384016583223,303.61024611208916,310.1787370135526,5085000
2013-07-03,309.4488525390625,312.3681813366008,304.34002714337043,311.6383491372162,3464000
2013-07-04,307.2594299316406,310.9085918073133,305.7997651813715,306.5295975565061,4019000
2013-07-05,311.6383972167969,313.09806184076314,307.2594033448981,310.1787325928306,4318000
2013-07-08,302.88043212890625,322.58590602644955,291.9329466302711,317.4770794604198,9079000
2013-07-09,318.2068786621094,318.9367109526188,306.5295620139586,307.9892265949774,4333000
2013-07-10,318.2068786621094,320.3963755336377,313.82788491905285,317.47704637159995,3830000
2013-07-11,321.85601806640625,322.58585030691967,310.9085344587054,313.82786342075894,3593000
2013-07-12,324.775390625,325.50522296348316,318.93673191713486,322.58589360955057,5188000
2013-07-16,323.315673828125,328.4244993739419,313.82785495732224,327.6946671531109,5909000
2013-07-17,321.1261901855469,321.85602243596855,316.017364432595,321.1261901855469,3159000
2013-07-18,327.6947021484375,328.42453444720906,318.206882264407,321.12621145949333,13762000
2013-07-19,324.775390625,328.42455231741576,318.93673191713486,326.2350553019663,4634000
2013-07-22,327.6947021484375,328.42453444720906,321.12621145949333,326.96486984966594,5700000
2013-07-23,329.8842468261719,332.07374403961995,325.5052523992758,326.23508480375847,3736000
2013-07-24,323.315673828125,329.1543315947729,318.20684828230816,329.1543315947729,3949000
2013-07-25,311.6383972167969,322.5858818965438,308.71906796886435,322.5858818965438,7613000
2013-07-26,303.6102600097656,310.9085835676927,301.4207629423875,306.5295894329364,6880000
2013-07-29,294.1224365234375,299.96109531298464,293.3926041747441,299.23126296429126,4172000
2013-07-30,300.6908874511719,302.8803842044571,292.662732689126,294.12239719131617,4765000
2013-07-31,297.7716064453125,301.420768289005,291.20311512666586,295.582109339097,4305000
2013-08-01,306.5296325683594,307.2594650268555,294.8523132324219,297.7716430664063,3093000
2013-08-02,313.8277893066406,314.55762137479564,303.610140352471,307.25930069324585,3573000
2013-08-05,310.17877197265625,316.74726361443015,308.71910716337317,313.82793399586393,2506000
2013-08-06,314.55780029296875,314.55780029296875,302.8804805605152,307.2594754601853,4133000
2013-08-07,303.6102600097656,310.9085835676927,302.8804276539729,306.5295894329364,3620000
2013-08-08,314.55780029296875,322.58595760903063,297.0418206942884,302.8804805605152,11545000
2013-08-09,314.55780029296875,321.85612512575227,311.6384703598554,316.01746525952547,5449000
2013-08-12,312.3681945800781,314.55769127106,309.448865658769,310.9085301194236,3156000
2013-08-13,321.1261901855469,321.85602243596855,312.3682031804865,313.8278676813299,3620000
2013-08-14,329.15435791015625,329.8841901893362,323.31569967671663,324.0455319558966,5063000
2013-08-15,322.58587646484375,327.69470256270324,321.1262118654553,325.5052056636206,3357000
2013-08-16,318.9367370605469,321.1262341113058,314.55774295902904,316.74724000978796,3016000
2013-08-19,327.6947021484375,327.6947021484375,318.206882264407,318.206882264407,2975000
2013-08-20,323.315673828125,329.1543315947729,322.585841607294,325.50517049061796,3087000
2013-08-21,319.66650390625,324.77532931114445,314.5576785013556,324.04549711044524,5827000
2013-08-22,324.0455322265625,326.2350290659312,316.74720942866696,319.6665385478252,3932000
2013-08-23,328.4245300292969,333.53335605197486,325.50520087348093,329.1543623182509,7264000
2013-08-26,333.5333557128906,338.6421817303747,330.6140265600426,333.5333557128906,4605000
2013-08-27,329.8842468261719,334.99307365755067,329.1544144216892,334.263241253068,2951000
2013-08-28,323.315673828125,326.23500271144894,318.93668050313914,321.85600938646303,4272000
2013-08-29,321.85601806640625,324.04551478794644,318.9366891043527,324.04551478794644,2741000
2013-08-30,315.2875671386719,321.85605812072754,313.8279024759928,321.126225789388,4545000
2013-09-02,329.15435791015625,333.5333515852359,316.7472091640971,316.7472091640971,5222000
2013-09-03,329.8842468261719,334.99307365755067,326.96491720824116,334.263241253068,5647000
2013-09-04,326.96490478515625,330.6140666689192,324.7754076548985,329.154401915414,4765000
2013-09-05,329.8842468261719,332.07374403961995,326.96491720824116,329.8842468261719,5656000
2013-09-06,324.775390625,328.42455231741576,314.557737886236,327.6947199789326,8196000
2013-09-09,352.5089416503906,363.45642431034065,345.2106198770906,359.80726342369064,22311000
2013-09-10,372.2145080566406,391.1901496438419,357.61786068187035,358.3476930506089,26493000
2013-09-11,359.8072509765625,380.24255123486626,357.6177545203157,379.512719082784,14729000
2013-09-12,358.34771728515625,364.1863766299246,351.0493931041959,357.61788486706024,9305000
2013-09-13,357.6177978515625,361.2669590541295,354.69846888950894,356.88796561104914,6672000
2013-09-17,355.4283447265625,362.7266680269026,353.96868006649447,361.9968356968686,4147000
2013-09-18,355.4283447265625,357.61784171666454,348.1300214262224,353.96868006649447,5512000
2013-09-19,361.2669372558594,361.99676945233585,356.88794407700044,361.2669372558594,5391000
2013-09-20,362.7266845703125,366.3758463869152,359.8073551170303,364.18634929695355,5282000
2013-09-24,361.996826171875,365.64598772602693,359.8073292393838,363.45649079353575,3901000
2013-09-25,354.698486328125,359.0774799864969,351.0493249461484,358.34764771010157,5331000
2013-09-26,357.2714538574219,358.00658030568815,344.0391777886285,349.18506292649255,8749000
2013-09-27,351.3904113769531,359.4768015969248,350.6552849933193,358.74167521329105,5689000
2013-09-30,352.12554931640625,357.271434170717,344.0391588310608,346.9796644620955,4462000
2013-10-01,348.44989013671875,356.53627999221226,346.97963743571995,351.3903955387164,4821000
2013-10-02,343.3040771484375,355.80122770844486,341.8338241413778,349.1850891766763,6903000
2013-10-03,344.0391845703125,348.4499433468549,340.3635522565271,341.83380518204126,3867000
2013-10-04,338.893310546875,344.03919595648046,335.2176781114425,339.6284370339615,4374000
2013-10-07,328.60150146484375,337.4230182826919,326.39612226038173,335.95276547971724,3727000
2013-10-08,333.0122375488281,335.2176166054429,325.66097402677894,327.1312267311888,4154000
2013-10-09,342.5689392089844,344.03919216696283,330.07178906616736,330.8069155451566,5277000
2013-10-10,343.3040771484375,347.71483616961655,340.36357113431814,346.24458316255686,3338000
2013-10-11,351.3904113769531,352.1255377605869,344.774273924249,346.24452669151657,5192000
2013-10-15,357.2714538574219,360.2119596504871,354.3309480643567,357.2714538574219,6540000
2013-10-16,357.2714538574219,358.7417067539545,354.3309480643567,355.06607451262295,3763000
2013-10-17,358.0066223144531,361.68225498708614,355.80124271087334,359.47687538350635,4364000
2013-10-18,357.2714538574219,359.47683320222075,353.59582161609035,357.2714538574219,3847000
2013-10-21,356.5363464355469,360.21197887302674,352.860713998067,357.2714729230429,5913000
2013-10-22,358.74169921875,361.68220495005124,355.8011934874488,358.00657278592473,3390000
2013-10-23,358.0066223144531,364.62276112519254,356.53636924539995,360.2120019180329,7305000
2013-10-24,369.7685852050781,371.2388380289552,355.80118337824615,360.2119418498773,7513000
2013-10-25,363.15252685546875,371.97404572645183,362.41740028288683,371.97404572645183,4353000
2013-10-28,369.7685852050781,371.2388380289552,363.88757390956994,366.82807955732403,4831000
2013-10-29,365.3578186035156,367.56319779025716,362.41731302119354,365.3578186035156,4186000
2013-10-30,374.1793212890625,375.64957402497237,368.298310345423,369.7685630813329,7838000
2013-10-31,369.0334777832031,376.3847422808765,367.56322488366845,371.97398358227247,4349000
2013-11-01,366.8281555175781,370.50378833839557,360.94714300427023,369.76866177423204,4178000
2013-11-05,369.7685852050781,372.7090908528322,366.82807955732403,370.5037116170167,3500000
2013-11-06,365.3578186035156,368.29832418583766,362.41731302119354,368.29832418583766,4295000
2013-11-07,361.6822814941406,370.50380055497334,361.6822814941406,365.35791443615426,4071000
2013-11-08,361.6822814941406,363.15253467094607,358.74177514052974,360.2120283173352,3096000
2013-11-11,363.15252685546875,366.0930331457965,358.74176741997724,365.35790657321456,3622000
2013-11-12,361.6822814941406,368.29842078976515,351.39050925650247,357.27152196372424,16483000
2013-11-13,355.0660705566406,360.2119556371716,349.92018547610957,357.2714498768682,8608000
2013-11-14,361.6822814941406,363.88766125934876,356.53639537532155,358.74177514052974,6928000
2013-11-15,362.41729736328125,363.88755009092137,358.74166554418105,363.15242372710134,6111000
2013-11-18,360.9470520019531,363.15243113842126,357.27142010783956,362.41730475959855,5984000
2013-11-19,366.8281555175781,367.5632820817416,358.7417633117798,358.7417633117798,4631000
2013-11-20,363.15252685546875,366.8281597183784,360.947147137723,366.8281597183784,3366000
2013-11-21,366.0929870605469,366.82811354058816,360.2119752202168,363.15248114038184,4329000
2013-11-22,364.6227111816406,367.5632169169764,360.94707901247085,367.5632169169764,4591000
2013-11-25,363.8876037597656,365.3578567042495,360.2119713985559,365.3578567042495,3559000
2013-11-26,361.6822814941406,364.6227878477515,360.2120283173352,362.4174080825433,3900000
2013-11-27,354.3309326171875,361.68219677936986,353.5958062009693,360.2119439469334,3964000
2013-11-28,356.5363464355469,359.4768523855308,354.330966973059,358.7417258980348,2482000
2013-11-29,352.12554931640625,358.0065605784756,351.39042290864757,354.33092853968225,5119000
2013-12-02,352.12554931640625,353.59580213192356,347.71479086985414,349.9201700931302,4326000
2013-12-03,352.8607177734375,355.8012237548828,352.1255912780762,353.5958442687988,2789000
2013-12-04,345.5094299316406,349.920188611619,343.30405059165145,349.1850621649559,3718000
2013-12-05,344.0391845703125,350.65532273512616,343.3040581075554,345.5094374958266,3650000
2013-12-06,342.5689392089844,344.7743186459521,338.158180335049,342.5689392089844,3685000
2013-12-09,343.3040771484375,348.44996267314644,339.6284446307883,347.71483616961655,3837000
2013-12-10,349.9201354980469,358.0065251839261,347.7147564928071,349.18500916296694,7454000
2013-12-11,353.5958251953125,355.80120456243503,344.77430772682237,346.2445606382374,4941000
2013-12-12,355.0660705566406,358.00657631694406,352.1255647963372,352.860691236413,4693000
2013-12-13,355.8011779785156,364.6226947879003,355.06605157773356,359.4768099824259,12327000
2013-12-16,356.5363464355469,360.21197887302674,354.330966973059,357.2714729230429,4634000
2013-12-17,360.2119140625,362.41729312818876,355.06602957589286,356.53628228635205,3933000
2013-12-18,368.29833984375,369.03346627058386,358.7416962949102,359.476822721744,6745000
2013-12-19,371.2388610839844,374.9144933719446,369.03348171120825,374.1793669143526,5029000
2013-12-20,371.2388610839844,371.97398754157643,367.56322879602413,371.97398754157643,5569000
2013-12-24,369.7685852050781,371.2388380289552,368.2983323812011,371.2388380289552,4096000
2013-12-25,371.2388610839844,371.97398754157643,368.2983552536162,369.03348171120825,5441000
2013-12-26,383.0008239746094,384.4710766578132,371.9739288505803,372.70905519218223,7093000
2013-12-27,385.9413757324219,385.9413757324219,378.5901114327567,383.7359964425223,3524000
2013-12-30,390.3522033691406,391.82245648917507,387.4116971290718,387.4116971290718,4198000
2014-01-06,384.47113037109375,390.35214192552735,380.0603717052686,390.35214192552735,5038000
2014-01-07,382.2657775878906,391.08729553222656,382.2657775878906,383.7360305786133,5937000
2014-01-08,407.9951477050781,408.7302740973395,388.88186150628167,388.88186150628167,9761000
2014-01-09,402.84930419921875,405.78981006928603,401.3790512641851,405.0546836017692,5954000
2014-01-10,410.9356994628906,410.9356994628906,400.64392881444616,400.64392881444616,5865000
2014-01-14,396.23309326171875,402.8492302549571,395.49796692913674,402.1141039223751,6151000
2014-01-15,404.319580078125,404.319580078125,398.43856800426136,402.84932705965906,3651000
2014-01-16,405.0547180175781,407.9952241374879,402.1142118976683,407.9952241374879,2596000
2014-01-17,403.58441162109375,405.0546644867444,400.64390588979256,405.0546644867444,3323000
2014-01-20,399.90875244140625,404.3195107403924,398.43849967507754,404.3195107403924,2467000
2014-01-21,398.4385070800781,402.84926546103844,394.7628750959446,397.70338068325145,3910000
2014-01-22,403.58441162109375,405.0546644867444,397.7034001584913,400.64390588979256,4492000
2014-01-23,402.84930419921875,407.2600630043197,402.84930419921875,405.78981006928603,4075000
2014-01-24,401.3789978027344,402.8492505419385,393.2926077371115,396.96823958512186,5394000
2014-01-27,402.11419677734375,405.05470278668446,391.8224257446512,395.4980582563271,7071000
2014-01-28,396.23309326171875,402.1141039223751,394.02771426397265,401.378977589793,3606000
2014-01-29,416.81671142578125,418.2869643761367,403.5844348725818,403.5844348725818,6928000
2014-01-30,402.84930419921875,416.08158061452156,399.90879832915147,410.200568874387,7797000
2014-01-31,410.2005920410156,415.3464776042542,405.7898329868111,410.2005920410156,6395000
2014-02-03,398.4385070800781,413.14103501661236,396.233127889598,408.7302766356521,4904000
2014-02-04,362.41729736328125,383.7359619140625,362.41729736328125,380.7954564587823,9870000
2014-02-05,371.9739990234375,376.3847579051383,360.9471018191854,371.9739990234375,5484000
2014-02-06,377.1198425292969,385.9413593136079,371.23883133975613,374.1793369345265,4654000
2014-02-07,373.4442443847656,385.94139429527945,369.7686120581439,383.0008884339821,5001000
2014-02-10,383.7359924316406,384.47111885392343,377.1198546310951,382.26573958707496,4363000
2014-02-12,376.384765625,394.0278015136719,371.97400665283203,385.94141006469727,11501000
2014-02-13,381.53070068359375,391.8224729563689,380.06044750176875,382.2658272745063,7355000
2014-02-14,373.4442443847656,383.7360148993064,371.2388649887926,379.32525610736036,4696000
2014-02-17,374.1793212890625,374.91444765701743,365.35780487360324,370.50368944928783,2965000
2014-02-18,383.7359924316406,388.8818773876205,376.38472820881225,377.1198546310951,4522000
2014-02-19,386.6765441894531,388.88192371905075,380.7955321105261,385.94141767958723,4956000
2014-02-20,382.2657775878906,386.6765365600586,378.590145111084,386.6765365600586,3548000
2014-02-21,396.23309326171875,396.9682195943008,385.20619827298816,386.67645093815224,3996000
2014-02-24,399.17364501953125,399.17364501953125,391.8223808386927,393.29263367486044,7179000
2014-02-25,409.4654235839844,410.2005500177079,399.908779945579,402.849285680473,5158000
2014-02-26,405.7897644042969,410.93564909782964,402.11413248034495,403.58438524992573,3309000
2014-02-27,405.7897644042969,409.46539632824886,403.58438524992573,406.5248907890873,2889000
2014-02-28,403.58441162109375,405.7897909195697,399.90877945696724,405.0546644867444,2731000
2014-03-03,393.29266357421875,396.96829594407126,389.61703120436624,396.2331694701008,4699000
2014-03-04,393.29266357421875,396.2331694701008,387.4116517824547,388.14677825642525,3054000
2014-03-05,397.703369140625,401.37900101808,396.23311638964304,397.703369140625,2020000
2014-03-06,399.90875244140625,402.1141315908993,391.82236222659844,399.1736260582419,3058000
2014-03-07,403.58441162109375,407.2600437852203,400.64390588979256,403.5844116210938,2589000
2014-03-10,415.3464050292969,419.022036932211,404.31950932055446,405.0546357011373,7256000
2014-03-11,416.81671142578125,417.55183790095896,412.4059525747148,415.3464584754257,5146000
2014-03-12,403.58441162109375,415.3464345462987,403.5844116210938,410.93567594934683,4829000
2014-03-13,403.58441162109375,407.2600437852203,402.11415875544316,403.5844116210938,2750000
2014-03-14,384.47113037109375,402.11416503439443,383.7360039267896,396.96827992426506,8495000
2014-03-17,376.384765625,390.35216903686523,374.91451263427734,385.20628356933594,4063000
2014-03-18,390.3522033691406,395.49808928926115,387.4116971290718,388.146823689089,4158000
2014-03-19,388.88189697265625,395.4980351064066,385.9413911354339,393.2926557284898,3407000
2014-03-20,376.384765625,391.8224220275879,376.384765625,390.35216903686523,3735000
2014-03-24,374.91436767578125,380.7953773648131,371.9738628312653,374.91436767578125,6111000
2014-03-25,375.64959716796875,379.3252292341915,371.2388386885014,374.91447075472416,3453000
2014-03-26,387.41162109375,389.617000340963,373.44421919473433,375.6495984419473,5642000
2014-03-27,394.4420471191406,396.66217121174367,381.8613439277234,384.8215093845274,3899000
2014-03-28,395.18212890625,395.18212890625,387.78171450725654,393.7020460264513,3930000
2014-03-31,395.9221496582031,401.8424808680454,390.00181844836084,400.36239806558484,4641000
2014-04-01,404.8026428222656,405.5426842168219,393.70202190392195,397.4022288767032,3676000
2014-04-02,406.2827453613281,413.68315966663465,405.5427039307975,407.0227867918588,3160000
2014-04-03,407.0227355957031,409.2428596080433,403.32252890846945,407.0227355957031,2505000
2014-04-04,404.8026428222656,406.2827256113781,401.1024358494844,404.0626014277094,1899000
2014-04-07,398.1423034667969,402.58255220434484,395.9221790980229,400.3624278355708,2904000
2014-04-08,392.9619445800781,399.6223165221133,392.2219032531853,396.6621512145421,2465000
2014-04-09,381.8612976074219,389.2617103517518,381.8612976074219,388.5216690773188,3039000
2014-04-10,383.3414611816406,391.4819169210191,382.60141975078807,390.0018340593139,2508000
2014-04-11,375.2008972167969,377.4210208689673,370.76064991245613,371.50069112984625,5223000
2014-04-14,375.9410095214844,381.1212990227647,373.7208854495071,376.6810508788101,2931000
2014-04-15,380.3812255859375,383.3413907655946,374.4608952266233,381.12126688085175,4446000
2014-04-16,390.74188232421875,391.48192376801467,382.60142644246423,383.3414678862601,3668000
2014-04-17,395.18212890625,397.402253225948,389.26179738705525,390.0018388269546,3587000
2014-04-18,399.622314453125,400.36235577618635,393.7019838686343,395.18206651475697,2488000
2014-04-21,397.4021911621094,403.32252175670317,397.4021911621094,401.8424391080547,1858000
2014-04-22,393.7020263671875,401.10244039664593,392.96198496424165,397.40223338191674,2546000
2014-04-23,398.1423034667969,399.62238637931284,392.221971816733,393.70205472924897,1977000
2014-04-24,404.0625915527344,413.6831294468471,395.92213641156206,400.36238467038334,8723000
2014-04-25,418.86346435546875,421.083588724844,403.32259376984183,407.02280105213396,9819000
2014-04-28,424.0436096191406,428.48385684028347,420.34340360152163,421.8234860085692,6200000
2014-04-30,428.48394775390625,434.40427863824345,425.52378231173765,425.52378231173765,6351000
2014-05-01,432.1841125488281,432.9241538374391,421.083493219663,429.2239473943841,4885000
2014-05-02,429.2239990234375,431.44412315631735,426.263833512931,429.9640404010641,4209000
2014-05-07,416.6431884765625,427.0037650994255,416.6431884765625,424.04360035003606,4964000
2014-05-08,416.6431884765625,421.0834356006466,412.9429825398257,420.3433944132993,3026000
2014-05-09,416.6431884765625,421.0834356006466,412.9429825398257,413.68302372717307,2717000
2014-05-12,413.68310546875,419.60343613735466,411.46298146802326,416.64327080305236,3164000
2014-05-13,441.0645446777344,444.02470940711515,419.6033503897238,421.08343275441416,11389000
2014-05-14,446.2449035644531,449.9451100616708,434.4042427733565,441.06461446834834,8723000
2014-05-15,446.2449035644531,452.1652339600014,441.06461446834834,444.02477966612247,5954000
2014-05-16,437.364501953125,443.28483362084916,434.4043361192629,438.844584870056,4093000
2014-05-19,433.6642761230469,439.584607537696,432.1841932693846,436.62444183037144,3497000
2014-05-20,443.28472900390625,444.76481157153194,429.9639858952747,437.36439873340333,4279000
2014-05-21,447.72491455078125,452.90520281831095,441.0645439211002,442.54462628325155,5956000
2014-05-22,453.6452941894531,457.3455005042121,449.2050466117423,449.9450878746941,4643000
2014-05-23,464.74603271484375,468.4462399816817,458.0856596345355,458.8257010879031,8534000
2014-05-26,462.52581787109375,472.1463548828125,459.5656526367187,470.66627226562497,5100000
2014-05-27,462.52581787109375,468.4461483398437,461.78577656249996,464.0059004882812,3833000
2014-05-28,488.42730712890625,493.6075967499704,473.6264796401515,473.6264796401515,10731000
2014-05-29,489.9073486328125,492.8675138813491,486.94718338427583,487.68722469641,6007000
2014-05-30,498.7878112792969,499.52785254232253,491.3873986490402,494.34756370114286,7913000
2014-06-02,501.0079650878906,506.1882542394641,498.04779985842003,499.52788247315533,4888000
2014-06-03,506.1883239746094,509.14848961188784,501.7480755186918,508.4084482025682,4751000
2014-06-04,508.4084777832031,513.5887679498442,503.228187616562,504.70827052131665,6209000
2014-06-05,512.8486328125,517.2888807156386,510.62850886093076,513.5886741296898,6082000
2014-06-06,510.6285400390625,515.0687882133152,508.40841595193615,515.0687882133152,4647000
2014-06-09,508.4084777832031,514.3288094022215,504.70827052131665,514.3288094022215,3543000
2014-06-10,503.2281188964844,512.1086151123046,501.74803619384767,509.14844970703126,6168000
2014-06-11,513.5888061523438,513.5888061523438,501.0081005261336,503.228225048406,5121000
2014-06-12,512.8486328125,513.5886741296898,503.22809568903324,509.888467543741,5283000
2014-06-13,514.32861328125,515.8086956216277,503.96803689860616,510.6284074303058,6934000
2014-06-16,505.44830322265625,512.108676178738,503.9682203435269,512.108676178738,4047000
2014-06-17,503.2281188964844,508.4084083557129,501.74803619384767,505.44824295043946,3041000
2014-06-18,504.7081298828125,506.1882123751375,502.4880061443251,504.7081298828125,2308000
2014-06-19,512.8486328125,514.3287154468795,505.4482196406025,505.4482196406025,4362000
2014-06-20,526.1693115234375,529.129476426523,514.3286519110958,516.5487755884099,8404000
2014-06-23,525.4293823242188,532.8297961597711,520.9891340228872,531.3497133926606,4909000
2014-06-24,529.8697509765625,530.6097925282057,518.7691277019138,523.9494185634165,4884000
2014-06-25,532.8297729492188,535.0498970031738,523.9492767333984,528.3895248413086,4313000
2014-06-26,540.22998046875,540.22998046875,532.089528708262,535.7897340539383,4435000
2014-06-27,530.6096801757812,543.9304252847967,526.1694318061095,543.9304252847967,4983000
2014-06-30,530.6096801757812,534.3098871505077,526.1694318061095,533.5698457555625,3151000
2014-07-01,538.7500610351562,539.490102327787,526.9094003530649,529.8695655235878,4423000
2014-07-02,530.6096801757812,543.1903838898514,529.1295973858906,542.4503424949061,3861000
2014-07-03,526.909423828125,535.0498784097393,526.1693825025237,532.8297544329354,2122000
2014-07-04,520.9892578125,530.6097980846058,518.7691331343218,529.8697565252131,3406000
2014-07-07,519.5091552734375,523.9494044638088,513.5888230196092,517.289030678252,2948000
2014-07-08,520.2491455078125,521.7292284253311,511.3686480027005,515.8088967552565,2854000
2014-07-09,515.0687255859375,515.8087668583311,510.62847795157603,512.1085604963632,2793000
2014-07-10,503.9681701660156,512.1086251907236,503.2281288001331,507.6683769954284,4203000
2014-07-11,515.8087158203125,515.8087158203125,500.26785063777794,500.26785063777794,3926000
2014-07-14,522.4691772460938,523.2092185736378,512.1085986604771,520.9890945910057,2819000
2014-07-15,523.2093505859375,524.6894336144692,520.2491845288741,523.9493921002033,2193000
2014-07-16,529.8697509765625,530.6097925282057,523.2093770117733,525.429501666703,2701000
2014-07-17,536.5299682617188,538.0100509327855,531.3496789129849,532.8297615840517,5480000
2014-07-18,538.0101928710938,538.7502344018656,528.3896529710604,531.3498190941476,4213000
2014-07-22,563.9114990234375,566.8716643726419,541.7102589044046,541.7102589044046,10338000
2014-07-23,564.651611328125,572.0520256312459,559.4713213159404,566.1316941887492,7173000
2014-07-24,557.9912109375,567.611749057112,552.0708797869695,563.9115420880305,3830000
2014-07-25,595.7332153320312,597.9533391158774,575.7521012774165,577.2321837999806,14044000
2014-07-28,593.51318359375,606.093886986635,592.7731422176979,594.9932663458541,7916000
2014-07-29,598.693359375,598.693359375,590.5529057864647,593.5130707277503,4960000
2014-07-30,594.9932861328125,599.4335345367887,593.513203331487,597.2134103348005,4233000
2014-07-31,589.0729370117188,594.2532266588067,587.5928542554079,594.2532266588067,4648000
2014-08-01,594.2531127929688,597.9533189747432,583.1524942476456,585.3726179567102,4592000
2014-08-04,597.9534912109375,599.4335741099745,592.0331596147896,594.9933254128636,3834000
2014-08-05,584.6326904296875,602.3936835566653,584.6326904296875,599.4335180355023,8297000
2014-08-06,594.2531127929688,599.433401447453,589.0728241384846,589.8128653748395,6155000
2014-08-07,603.1337890625,609.7941621932515,591.2931257189417,596.4734159317484,11136000
2014-08-08,595.7332153320312,608.3139167738257,587.592761457929,595.7332153320312,6769000
2014-08-11,613.4942626953125,613.4942626953125,598.6934360922893,599.4334774224404,7757000
2014-08-12,612.7542724609375,620.894727771409,610.5341482853545,614.2343552446596,5855000
2014-08-13,614.2343139648438,614.9743553069701,604.6137765172016,613.4942726227174,4809000
2014-08-14,633.4754028320312,635.6955269073771,615.714410229264,619.4146170215072,9096000
2014-08-15,628.2950439453125,635.6954567126306,625.3348788383853,632.7352916057034,6447000
2014-08-18,638.6558837890625,639.3959253693511,626.0751769241563,633.4755927270422,5727000
2014-08-19,635.6954956054688,646.7961154355992,633.4753716394426,646.0560741135904,7047000
2014-08-20,629.0350952148438,637.1755493882124,627.5550126378677,637.1755493882124,5416000
2014-08-21,623.8547973632812,633.4753339774244,620.8946322512372,633.4753339774244,6652000
2014-08-22,606.833984375,624.5949790396342,604.6138600419207,624.5949790396342,9610000
2014-08-25,616.4544067382812,620.8946545659279,607.5739110829879,613.4942415198501,5244000
2014-08-26,634.2154541015625,638.6557023216434,619.4146267012926,620.1546680713061,9513000
2014-08-27,639.3958129882812,646.7962274904604,631.9953984861021,631.9953984861021,7680000
2014-08-28,644.575927734375,652.7163814715485,639.3956389925373,645.315968983209,8812000
2014-08-29,636.435546875,643.8359602107558,633.4753815406978,642.3558775436047,6032000
2014-09-01,644.575927734375,644.575927734375,634.9553914995337,641.6157627390393,5318000
2014-09-02,640.1357421875,648.2761967124277,640.1357421875,647.5361553919797,5340000
2014-09-03,641.6159057617188,647.5362370720921,633.4754502099553,643.0959885893121,6045000
2014-09-04,626.074951171875,642.3558600675975,625.334909858433,641.6158187541555,6466000
2014-09-05,621.6348266601562,634.9555729457311,618.6746608189175,629.7752827235631,7147000
2014-09-08,630.5151977539062,634.2154043134949,617.9344954513049,620.154619387058,4852000
2014-09-09,625.3347778320312,637.9154775043917,624.5947366748336,631.9951482468103,5553000
2014-09-10,621.6348266601562,626.0750754220145,612.7543291364398,625.3350339617049,5243000
2014-09-11,609.7941284179688,621.6347911056963,609.0540869999858,620.8947496877133,7478000
2014-09-12,605.3538208007812,614.2343169494479,599.4334900350034,609.0540275293923,7770000
2014-09-16,604.6138916015625,620.1547627443199,601.6537256696088,614.2344308804123,9376000
2014-09-17,609.7941284179688,615.7144597618325,608.3140455820028,612.0142526719176,4382000
2014-09-18,606.833984375,617.1945645960366,604.6138600419207,614.9744402629573,5002000
2014-09-19,606.833984375,613.4943573742378,605.3539014862805,611.2742330411585,6074000
2014-09-22,606.0938110351562,611.2741000183628,601.6535633352651,606.0938110351562,4187000
2014-09-24,628.2950439453125,632.7352916057034,606.8338469200899,606.8338469200899,9364000
2014-09-25,629.7752075195312,634.9554971230997,623.8548765440245,634.9554971230997,4611000
2014-09-26,633.1190795898438,636.8345671461221,621.2295194097528,621.2295194097528,5337000
2014-09-29,645.7516479492188,647.237842766133,627.9173101462484,637.5775764561907,7068000
2014-09-30,642.7792358398438,647.9809175171605,633.8620672501581,645.0085279872652,6648000
2014-10-01,628.6605224609375,642.7793758022588,628.6605224609375,640.5500831694185,6643000
2014-10-02,605.62451171875,619.743365366181,603.3952190375767,619.743365366181,8186000
2014-10-03,610.8262939453125,616.0279777137033,603.3953171333258,605.6246101769218,6669000
2014-10-06,622.7156372070312,628.660416559843,609.3398836632049,616.7708578542196,7829000
2014-10-07,609.3400268554688,623.4588811362662,609.3400268554688,621.9726859488138,4512000
2014-10-08,610.0830688476562,612.3123614256623,599.679703483628,603.3951911136381,5114000
2014-10-09,582.5882568359375,612.3121474908323,580.3589650368205,610.8259529580876,8615000
2014-10-10,567.7264404296875,578.129804521331,560.2954660785135,569.9557327350396,12275000
2014-10-14,543.9473876953125,551.3783629370517,537.2595099777471,543.9473876953125,12405000
2014-10-15,557.322998046875,558.8091927083333,543.94724609375,549.8920247395833,9551000
2014-10-16,544.6904907226562,548.4059783810645,539.4888080008847,542.4611981276113,10808000
2014-10-17,535.0302124023438,552.8645528157552,533.5440173678928,548.4059677124023,7812000
2014-10-20,568.4696044921875,569.2127020143995,553.6076540479472,555.0938490923713,8472000
2014-10-21,561.78173828125,575.9005914920222,558.8093481316138,570.6989087301587,5976000
2014-10-22,586.303955078125,587.7901501480314,575.9005895887793,581.8453698684054,7895000
2014-10-23,579.6161499023438,584.8178332989032,569.2127831092247,578.1299546461838,10142000
2014-10-24,584.0746459960938,590.0194261080132,579.6160609121541,588.5332310800334,4769000
2014-10-27,590.0193481445312,592.2486403919288,584.074568818138,585.5607636497364,3027000
2014-10-28,584.8177490234375,593.7349192753832,581.8453589394557,590.7625291914013,5927000
2014-10-29,590.7625732421875,595.9642562770243,587.0470853601612,588.5332805129717,3582000
2014-10-30,581.8453369140625,591.5056043213203,581.8453369140625,590.0194093355883,4027000
2014-10-31,599.6798706054688,605.6246524702069,588.5334046090845,590.7626978083614,8387000
2014-11-04,598.9366455078125,616.770987309534,598.1935479327408,616.770987309534,8593000
2014-11-05,595.9642944335938,598.1935873055398,590.0195134417374,595.9642944335938,6083000
2014-11-06,599.6798706054688,613.0556298011297,597.4505774061919,599.6798706054688,6563000
2014-11-07,596.7073364257812,607.8537997463127,594.4780437616749,607.1107021916106,4318000
2014-11-10,594.4780883789062,601.9090644836425,590.7626003265381,601.9090644836425,6529000
2014-11-11,610.8262939453125,612.3124893077098,598.9367310461337,602.652219452127,9484000
2014-11-12,593.7350463867188,620.4865628697249,590.7626556663847,614.5417814290569,13161000
2014-11-13,593.7350463867188,600.4229255074703,586.3040695858838,593.7350463867188,9937000
2014-11-14,593.7350463867188,598.9367301473033,587.7902649460508,598.1936324672198,7472000
2014-11-17,570.6989135742188,590.019449710846,567.726523399353,590.019449710846,8944000
2014-11-18,589.2763061523438,590.7625011237242,577.3867463813002,577.3867463813002,5967000
2014-11-19,606.3676147460938,613.7985904170018,595.2211512397317,595.2211512397317,7660000
2014-11-20,604.8812255859375,615.2845881881526,600.4226416135596,612.312198873234,4498000
2014-11-21,604.1383666992188,607.8538548093001,595.2211952350236,607.1107571872838,4631000
2014-11-25,598.9366455078125,607.1107188336015,597.4504503576691,607.1107188336015,3514000
2014-11-26,595.9642944335938,598.1935873055398,594.4780991856296,596.7073920575757,3053000
2014-11-27,595.9642944335938,602.652173049432,591.5057086897015,592.2488063136835,4263000
2014-11-28,601.9090576171875,604.8814480251735,595.9642768012153,599.6797648111979,3985000
2014-12-01,600.4227905273438,603.3951805794593,596.7073029621994,602.6520830664305,3804000
2014-12-02,604.1383666992188,604.1383666992188,594.4780976130073,595.9642928570398,3633000
2014-12-03,601.1658935546875,610.8261613126738,600.4227960348423,606.3675761936032,3782000
2014-12-04,598.9366455078125,604.8814261083863,595.9642552075256,602.6521333831712,3847000
2014-12-05,590.0193481445312,595.9641274709245,587.0469584813346,595.9641274709245,4737000
2014-12-08,590.7625732421875,594.4780611242138,588.5332805129717,590.7625732421875,3290000
2014-12-09,583.3316650390625,587.7902510138833,581.8454697141223,586.3040556889431,3502000
2014-12-10,587.7901611328125,592.2487464258554,569.9558199606412,578.8729905467269,7505000
2014-12-11,581.8453369140625,585.5608243783925,572.1850695068048,581.1022394211966,4552000
2014-12-12,596.7073364257812,603.3952144181001,580.3591902223352,580.3591902223352,8477000
2014-12-15,601.1658935546875,609.3399662729836,587.0470406776305,587.7901381974757,8144000
2014-12-16,586.303955078125,595.9642230325173,585.5608575431717,594.4780279626109,5847000
2014-12-17,588.533203125,592.2486905184659,582.5884232954545,584.0746182528409,3712000
2014-12-18,602.652099609375,604.8813922096563,595.221124275104,598.1935144088125,6891000
2014-12-19,607.8536987304688,611.569185886523,604.8813090056254,610.0829910241013,6255000
2014-12-22,608.596923828125,610.8262165894001,600.422850370116,607.8538262410333,3612000
2014-12-24,609.3400268554688,612.3124172303735,607.8538316680164,611.5693196366474,2504000
2014-12-25,607.8536987304688,611.569185886523,604.8813090056254,606.3675038680472,3318000
2014-12-26,618.2572631835938,623.4589468882634,609.3400911184458,610.8262864626371,5227000
2014-12-29,620.4863891601562,631.6328512408776,610.0830245514829,621.9725841042524,6529000
2014-12-30,611.5693359375,620.4865072998937,607.8538478698359,620.4865072998937,3710000
2015-01-05,611.5693359375,614.5417263916312,601.9090669615734,609.3400430969016,3600000
2015-01-06,594.4780883789062,603.3952597045898,594.4780883789062,603.3952597045898,5091000
2015-01-07,590.7625732421875,601.9090368882665,589.276378089377,593.7349635478085,4023000
2015-01-08,595.2212524414062,598.9367409085811,592.2488616676665,597.4505455217112,3456000
2015-01-09,590.7625732421875,598.9366465826455,588.5332805129717,597.4504514298349,3558000
2015-01-13,584.8177490234375,586.3039440654285,576.6436762924873,586.3039440654285,3791000
2015-01-14,579.6161499023438,584.0747356708233,577.3868570181039,579.6161499023438,3031000
2015-01-15,597.4505004882812,600.4228910379742,582.5885477398166,582.5885477398166,4741000
2015-01-16,590.7625732421875,591.5056708185928,580.3592071725137,590.7625732421875,4167000
2015-01-19,596.7073364257812,599.6797266445897,590.0194584334624,593.7349462069728,3035000
2015-01-20,605.62451171875,608.5969019603144,597.4504385544478,598.93663367523,3070000
2015-01-21,605.62451171875,607.8538043999233,600.4228287960123,604.1383165979678,2823000
2015-01-22,602.652099609375,604.8813922096563,595.221124275104,604.8813922096563,3104000
2015-01-23,606.3676147460938,609.340005014457,595.2211512397317,608.5969074473662,4432000
2015-01-26,604.8812255859375,606.3674202433969,599.67954428483,601.1657389422892,1691000
2015-01-27,610.8262939453125,610.8262939453125,604.1384148145245,607.8539032205179,2827000
2015-01-28,609.3400268554688,612.3124172303735,604.1383436993855,604.8814412931117,2469000
2015-01-29,604.8812255859375,610.8260042157747,602.6519335997485,604.1381282572079,2255000
2015-01-30,607.8536987304688,615.2846730425772,601.908919280782,611.569185886523,3851000
2015-02-02,598.9366455078125,601.9090358080995,592.9918649072387,601.1659382330276,3265000
2015-02-03,590.0193481445312,600.4227119657195,587.0469584813346,598.193419718322,3448000
2015-02-04,602.652099609375,607.8537823433646,596.7073193419582,596.7073193419582,3588000
2015-02-05,599.6798706054688,606.3677502032992,598.1936751392841,601.1660660716533,2284000
2015-02-06,595.9642944335938,604.8814659213782,595.2211968096117,601.90907542545,2978000
2015-02-09,598.9366455078125,601.9090358080995,595.2211576324539,600.4228406579559,3097000
2015-02-10,589.2763061523438,610.8261332373601,587.7901111809633,601.1658659233872,8314000
2015-02-12,604.1383666992188,607.1107571872838,596.7073904790561,599.6797809671211,4547000
2015-02-13,611.5693359375,616.0279216186968,603.3952621886391,605.6245550292375,5957000
2015-02-16,600.4227905273438,615.2847407879216,600.4227905273438,614.5416432748927,4353000
2015-02-17,603.395263671875,604.8814589025939,596.70738513364,599.6797755950778,5527000
2015-02-18,610.8262939453125,614.5417823513059,604.1384148145245,605.6246101769218,5296000
2015-02-19,612.3123168945312,616.0278042543282,607.853732062775,609.3399270066938,4916000
2015-02-20,632.3759765625,634.6052690768214,610.8261489240599,613.7985389431551,8981000
2015-02-23,638.32080078125,640.550093449869,630.1467276629802,637.5777032250436,5997000
2015-02-24,637.5776977539062,639.0638928535657,630.8898198054387,633.1191124549279,3574000
2015-02-25,638.32080078125,644.2655812309007,636.0915081126309,639.8069958936627,4812000
2015-02-26,639.0640258789062,639.8071235834166,634.6054396518441,635.3485373563544,2926000
2015-02-27,633.8621826171875,647.9810354539127,632.3759875817427,639.0638652412441,6919000
2015-03-02,630.1467895507812,633.1191800675302,624.2020085172834,631.6329848091558,3702000
2015-03-03,625.688232421875,636.8346973700081,624.9451347586662,630.1468184011283,3254000
2015-03-04,617.51416015625,622.7158438158093,610.0831834997368,622.7158438158093,4278000
2015-03-05,615.284912109375,619.7434984290081,613.7987166694973,618.2573029891304,2456000
2015-03-06,613.7986450195312,616.7710355523135,610.826254486749,616.7710355523135,2832000
2015-03-09,604.8812255859375,610.8260042157747,600.4226416135596,610.082906887045,3697000
2015-03-10,601.9090576171875,607.1107408311632,596.7073744032118,605.6245456271702,4908000
2015-03-11,613.055419921875,616.0278098366476,601.165860262784,602.6520552201704,3709000
2015-03-12,619.000244140625,621.2295367365696,613.7985614167542,616.7709515446803,3521000
2015-03-13,613.055419921875,624.2018821022726,610.8261274857954,623.4587846235795,5649000
2015-03-16,610.8262939453125,613.0555869889085,609.3400985829152,612.3124893077098,2615000
2015-03-17,613.055419921875,614.5416148792614,607.8537375710226,613.7985174005681,3338000
2015-03-18,611.5693359375,616.7710192322296,607.8538478698359,611.5693359375,2457000
2015-03-19,605.62451171875,608.5969019603144,601.9090239167945,606.3676092791411,3777000
2015-03-20,608.596923828125,610.0831190023084,604.1383383055746,605.624533479758,2909000
2015-03-23,612.3123168945312,613.79851183845,608.5968295347343,609.3399270066938,3076000
2015-03-24,627.9174194335938,629.4036145091762,608.5968834510217,608.5968834510217,6537000
2015-03-25,633.1190795898438,636.8345671461221,626.4312019885425,627.9173970110539,5999000
2015-03-26,625.688232421875,631.6330137275461,621.2296464426217,626.4313300850839,3400000
2015-03-27,612.6141967773438,630.5443683903392,606.6374729063452,621.5792825838415,6140000
2015-03-30,611.8670654296875,614.1083367316278,606.6374323918269,610.3728845617273,2991000
2015-03-31,607.3843994140625,620.0849342111585,607.3843994140625,618.5907536467943,3300000
2015-04-01,608.1314697265625,611.8669210148092,597.6722061194718,606.6372892112638,4698000
2015-04-02,614.1082153320312,619.3378473360752,606.6373124691112,608.8785833279871,3202000
2015-04-03,608.8785400390625,616.3494423708302,606.6372693395322,614.1081716712998,2186000
2015-04-06,603.64892578125,606.637286799969,601.4076550172107,606.637286799969,1886000
2015-04-07,613.361083984375,614.1081742206532,605.8901816215933,606.6372718578715,2774000
2015-04-08,614.8553466796875,619.3378886967934,613.3611660073188,616.349527352056,2055000
2015-04-09,617.0967407226562,617.8438312077927,612.6141978118379,616.3496502375199,2731000
2015-04-10,615.6023559570312,617.8436266704671,610.3727242923478,617.0965364326552,3109000
2015-04-13,620.8321533203125,623.0734246319381,615.6025202598526,617.8437915714783,2945000
2015-04-14,626.0616455078125,626.0616455078125,618.5907428167884,620.8320136240957,3643000
2015-04-15,652.2098388671875,655.1982000991105,632.7854908596883,633.5325811676689,13725000
2015-04-16,654.451171875,660.427894905822,642.4977258133562,652.2099007384418,9138000
2015-04-17,647.727294921875,657.4394688941753,647.727294921875,657.4394688941753,3755000
2015-04-20,646.9801025390625,651.4626436651992,640.2562908498575,641.0033810375469,3423000
2015-04-21,651.462646484375,656.6922778208321,647.7271955297628,647.7271955297628,3393000
2015-04-22,662.6690673828125,663.4161576504368,652.2098036360713,652.9568939036957,5816000
2015-04-23,664.163330078125,670.887143318511,661.1749686379535,664.163330078125,4562000
2015-04-24,664.910400390625,667.1516714031776,659.680768028002,664.1633100531075,3471000
2015-04-27,659.6806640625,664.163205381158,655.1981227438421,664.163205381158,2215000
2015-04-28,656.6924438476562,662.6691668860877,650.7157208092248,655.1982630880484,2996000
2015-04-30,646.2329711914062,651.4626021721459,641.7504303507723,646.9800613315119,3985000
2015-05-01,639.50927734375,642.4976384528329,635.7738259573963,641.7505481755622,2569000
2015-05-07,624.5673828125,630.5441041791267,623.0732024708433,629.7970140082984,3470000
2015-05-08,618.5908203125,629.7971757529439,617.8437299498038,624.56754321407,4975000
2015-05-11,626.0616455078125,628.3029163151197,623.8203747005052,627.5558260460173,4298000
2015-05-12,628.3029174804688,630.544188291933,620.832014775588,624.5674661280284,3220000
2015-05-13,669.3928833007812,670.8870638438633,623.073286465236,626.8087378229413,12239000
2015-05-14,681.3463745117188,685.0818261263663,668.6458390219169,672.3812906365646,9294000
2015-05-15,685.0819091796875,690.3115420741889,676.8639146311853,682.0935475256866,4853000
2015-05-18,687.3231811523438,690.3115428095279,681.3464578379755,681.3464578379755,4386000
2015-05-19,697.7823486328125,700.7707098689274,688.0701746154393,688.8172649244681,4602000
2015-05-20,694.0469360351562,700.0236588427787,687.323122876581,697.7823877899202,4031000
2015-05-21,693.2998657226562,694.7940464677482,691.0585946050184,691.0585946050184,2621000
2015-05-22,689.5643310546875,694.0468727516844,685.8288796405234,690.3114213375203,2024000
2015-05-25,688.070068359375,691.0584291340085,684.334617391083,688.8171585530333,1978000
2015-05-26,694.0469360351562,696.2882070880146,686.5760325256282,688.0702132275338,3029000
2015-05-27,703.7590942382812,711.9770879077304,690.3114682337281,691.0585585673144,5610000
2015-05-28,708.98876953125,714.965492562072,706.7474983946918,712.7242214255137,2979000
2015-05-29,711.22998046875,717.2067029936975,704.5061676281841,705.2532579438025,3212000
2015-06-01,726.1716918945312,729.9071429845237,712.7240679705585,713.471158188557,4255000
2015-06-02,722.4364013671875,730.6543955916333,718.700949446985,727.6660340554712,2701000
2015-06-03,718.7008056640625,735.8838810593571,718.7008056640625,733.6426103556231,4006000
2015-06-04,728.4130249023438,731.4013860301483,714.2183095452724,718.7008512369791,3629000
2015-06-05,728.4130249023438,732.1484763120994,720.1950318008815,723.1833929286859,2189000
2015-06-08,741.860595703125,745.5960468395959,732.8955129755948,744.8489566123018,5431000
2015-06-09,731.4014892578125,739.6194835191362,729.1602180956332,737.378212356957,3627000
2015-06-10,738.125244140625,750.8257797179435,732.1485215160046,739.6194247967802,6055000
2015-06-11,758.2965087890625,761.2848694148322,746.3430662859837,747.0901564424262,4289000
2015-06-12,745.5961303710938,757.549575346983,744.1019497491076,757.549575346983,4642000
2015-06-15,741.860595703125,744.1018663850075,735.8838738847716,741.860595703125,2163000
2015-06-16,737.3781127929688,745.5961059446635,733.6426613603802,738.1252030794865,2667000
2015-06-17,739.6193237304688,742.6076846344303,733.6426019225457,738.1251432784879,2944000
2015-06-18,728.4130249023438,739.6193791316106,727.6659346203927,739.6193791316106,2298000
2015-06-19,731.4014892578125,744.8491162308877,731.4014892578125,742.6078450687085,3278000
2015-06-22,743.3548583984375,750.8257614979193,732.1485037492148,735.8839552989557,3111000
2015-06-23,743.3548583984375,750.078671187971,738.1252262288002,749.3315808780229,3492000
2015-06-24,746.3430786132812,747.8372589508455,741.1134474318069,747.0901687820633,2975000
2015-06-25,761.2849731445312,765.0204244357213,746.3431679797711,747.0902582380091,5072000
2015-06-26,769.5029907226562,774.7326226984413,756.8024559243212,768.7559004404012,4797000
2015-06-29,756.8024291992188,768.7558732931847,747.0902558728714,747.0902558728714,4514000
2015-06-30,770.2500610351562,788.9273176072987,765.767519457842,768.0087902464992,7062000
2015-07-01,782.2035522460938,784.444823169435,767.2617460904855,770.2501073216072,3393000
2015-07-02,804.6162109375,811.3400232851671,797.8923985898329,797.8923985898329,6110000
2015-07-03,806.8576049804688,809.0988761054145,794.1570686057762,806.1105146054869,3324000
2015-07-06,788.92724609375,800.8806892163826,784.4447049227628,794.1568774599018,3588000
2015-07-07,791.1686401367188,801.6279045011324,786.6860982662558,800.1337238776448,3563000
2015-07-08,768.755859375,788.9272959183673,768.008769132653,788.9272959183673,3947000
2015-07-09,770.2500610351562,772.4913318238133,731.4013673650999,752.3198947258994,5583000
2015-07-10,772.4912719726562,782.2034446376897,760.5378286926152,768.7558209476434,4620000
2015-07-13,789.6743774414062,791.1685579096019,770.2500313548627,779.2151141640367,3496000
2015-07-14,782.2035522460938,789.6744553238979,773.9855588605092,789.6744553238979,5713000
2015-07-15,783.6976318359375,793.4098045850959,782.20345141299,786.6859926818324,2540000
2015-07-16,797.8924560546875,799.3866366840034,786.6861013348182,791.9157335374239,2646000
2015-07-17,799.3865966796875,808.3516800069364,794.1569647387923,800.1336869569582,2696000
2015-07-21,806.1103515625,809.0987124580051,795.6510884282321,799.3865395476136,2068000
2015-07-22,803.8692016601562,808.3517436768486,800.1337499795793,803.1221113240409,1988000
2015-07-23,808.3517456054688,811.3401069570601,801.6279325643881,807.6046552675709,2113000
2015-07-24,805.3631591796875,818.0636913745434,803.8689789214691,815.0753308581067,2741000
2015-07-27,802.3748168945312,811.3398986475428,797.8922760180255,802.3748168945314,3018000
2015-07-28,810.5928955078125,814.3283466391848,794.9040007560484,800.1336323399697,3323000
2015-07-29,812.8341064453125,821.0520983303295,808.3515654171215,820.3050081589643,2470000
2015-07-30,805.3631591796875,819.5578716327617,800.8806184050325,817.3166012454342,3223000
2015-07-31,812.8341064453125,812.8341064453125,797.892303018009,805.3632047316607,3017000
2015-08-03,806.8576049804688,814.3285087302879,801.6279723555954,809.8459664803964,2036000
2015-08-04,814.328369140625,814.328369140625,784.4447592639049,806.857466671445,5225000
2015-08-05,848.6947021484375,860.6481486575703,818.8110858756052,820.3052666892468,7611000
2015-08-06,827.0289916992188,895.0142114323975,819.5580884318364,858.4067854222243,15251000
2015-08-07,839.7294311523438,844.2119725997762,803.8690995728842,818.8109043976591,6948000
2015-08-10,870.360107421875,871.107197642838,843.4648594672076,850.1886714558744,5349000
2015-08-11,868.8660278320312,888.2903758317156,859.1538538321892,881.5665630625941,4755000
2015-08-12,867.3719482421875,883.0608465308059,861.3952250846186,873.3486713997564,4584000
2015-08-13,892.0257568359375,895.761208078969,867.3717786319291,868.8659591291417,6362000
2015-08-14,892.77294921875,901.7380332276413,884.5549555439331,892.0258588846758,4803000
2015-08-17,908.4616088867188,910.70287930338,893.5198061089766,896.508166664525,4062000
2015-08-18,912.9443359375,924.1506903066183,907.7147038985783,912.9443359375,4935000
2015-08-19,892.77294921875,913.6914785728295,891.2787685506015,905.4734848980127,3739000
2015-08-20,886.0491333007812,906.220572254509,883.0607719743031,886.0491333007812,3791000
2015-08-21,877.8311157226562,885.3020188351895,861.3951288750832,861.3951288750832,5944000
2015-08-24,827.0289916992188,885.3020371848005,826.2819013724804,860.648056402439,8024000
2015-08-25,806.8576049804688,853.9242986043295,787.433255230939,804.6163338555231,9191000
2015-08-26,822.5465087890625,828.5232318320348,809.0988819423748,821.7994184086909,6815000
2015-08-27,865.130615234375,874.095699330068,846.4533567016813,852.4300794321432,6865000
2015-08-28,881.5665893554688,902.485118594412,874.8427763858084,887.5433119951668,10616000
2015-08-31,886.7962646484375,902.4851623380897,877.8311802543506,882.313722451394,5985000
2015-09-01,861.3951416015625,893.5200254600769,861.3951416015625,881.5665803034204,5821000
2015-09-02,847.2005004882812,874.0957544720362,837.4883254385919,844.9592293229683,5666000
2015-09-03,840.4766845703125,868.1190288628472,838.2354134114584,865.1306673177083,4341000
2015-09-04,837.4881591796875,858.4066859031765,827.028895817943,845.7061518210581,5107000
2015-09-07,833.7526245117188,845.7060671570481,823.2933621970557,835.993895007718,3558000
2015-09-08,782.9505615234375,840.4765092689572,776.9738396797471,838.9823288080346,6947000
2015-09-09,820.3051147460938,820.3051147460938,789.6744137400921,808.3516704510687,6025000
2015-09-10,830.0172729492188,833.0056339679378,793.4098504699103,801.6278432713877,4571000
2015-09-11,831.511474609375,836.7411065251573,823.2934815988601,823.2934815988601,4898000
2015-09-14,830.7644653320312,849.4417239950716,829.2702846389881,836.7411881042042,2697000
2015-09-15,804.6162109375,833.0056408498723,803.8691206766481,831.5114603281685,4207000
2015-09-16,794.156982421875,815.8226009451434,788.1802600706286,812.8342397695203,3891000
2015-09-17,809.8457641601562,813.5812151018545,787.4330585099675,801.6277720884204,3668000
2015-09-18,794.156982421875,808.3516980060854,789.6744406584402,797.892433891404,6701000
2015-09-24,769.5029907226562,784.4447963677563,765.7675393113813,784.4447963677563,5970000
2015-09-25,790.421630859375,792.6629020243827,766.5147384326264,773.9856423159853,4713000
2015-09-28,797.17724609375,805.4342608837982,788.1695935955155,788.9202313037017,3666000
2015-09-29,767.9022827148438,794.9252369452781,766.4010074798197,785.9175855351334,4207000
2015-09-30,768.653076171875,776.9100916385651,754.3909585475922,773.1569027900696,5557000
2015-10-01,746.8845825195312,749.8871336050369,732.6224648633794,746.1339447481548,10687000
2015-10-02,749.886962890625,764.8997149004474,742.3805868857139,749.886962890625,5586000
2015-10-05,755.1416015625,758.8947904370651,746.1339482635437,758.8947904370651,2999000
2015-10-06,753.6401977539062,764.1491248142197,749.1363718709148,760.3959365783935,4329000
2015-10-07,746.8845825195312,757.3935113188011,735.625015948885,757.3935113188011,4570000
2015-10-08,746.1339721679688,753.6403501575861,740.8795075752366,746.1339721679688,3004000
2015-10-09,795.6759033203125,797.9278162542379,742.3806305507444,749.8870069971624,9494000
2015-10-13,784.4164428710938,810.6887639241926,782.164529637971,792.6734580592105,7460000
2015-10-14,773.9073486328125,792.673288221387,773.1567110492696,783.6656372188713,4065000
2015-10-15,790.4213256835938,795.6757884374258,773.9072998858359,778.4111251034062,4061000
2015-10-16,785.1669921875,802.4316583637069,783.6657168678298,796.4265570850263,3367000
2015-10-19,800.1796875,807.686063555347,779.9124721505628,785.1669353893058,3862000
2015-10-20,782.1644897460938,807.686171753164,773.1568372730102,803.1823455166221,4784000
2015-10-21,802.4318237304688,804.6837371740528,782.9152405527399,782.9152405527399,2788000
2015-10-22,779.1619873046875,798.6785688749397,775.4087985411774,797.9279311222377,4279000
2015-10-23,774.6581420898438,797.9279118619224,771.6555911515111,789.6708967815074,6256000
2015-10-26,785.1669921875,789.6708181465104,778.4112532489842,784.4163545276649,3265000
2015-10-27,776.9100341796875,785.1670490357035,773.9074833229545,785.1670490357035,2752000
2015-10-28,779.9125366210938,785.9176379617759,767.9023339397295,775.4087106155821,2664000
2015-10-29,776.9100341796875,792.6734261775363,776.9100341796875,791.922788463353,2597000
2015-10-30,797.9279174804688,800.9304684399438,773.1568720648004,776.9100607641441,5171000
2015-11-02,767.1517333984375,787.4189514040714,765.6504579906128,785.1670382923343,4841000
2015-11-04,728.11865234375,772.4062817131121,725.1161012000645,770.154368355348,10894000
2015-11-05,734.1236572265625,741.6300340898198,710.8538889504649,716.8589904410708,7761000
2015-11-06,743.1312255859375,747.6350511955492,731.8716615619081,735.6248495699178,5173000
2015-11-09,782.9151000976562,791.9227522560186,758.8946943420235,761.8972450614775,9932000
2015-11-10,797.17724609375,806.1848985919844,784.4164050545845,791.9227821364465,6089000
2015-11-11,806.9354248046875,813.6911632449128,798.6784111555232,803.18223678234,4827000
2015-11-12,805.4342651367188,821.1976570918642,803.9329897124192,812.1900045460668,3945000
2015-11-13,803.9329833984375,806.935534223455,792.6734178046219,797.9278817484025,3161000
2015-11-16,794.1747436523438,801.6811211915908,785.917728359172,791.9228303905696,2822000
2015-11-17,793.424072265625,800.1798117645754,787.4189704887802,798.6785363203643,4455000
2015-11-18,788.9202880859375,800.9304922813466,785.9177370370852,797.1773034702812,3900000
2015-11-19,788.1696166992188,798.678544921875,785.1670657784598,797.1772694614955,2637000
2015-11-20,797.17724609375,797.17724609375,781.4138542218396,791.1721444282604,3184000
2015-11-24,806.9354248046875,808.4367000136264,788.92012229742,790.421397506359,3760000
2015-11-25,795.6759033203125,803.9329174113724,793.4239903863871,803.1822797667305,2660000
2015-11-26,803.9329833984375,808.4368096359638,795.6759686296393,797.1772440421481,3295000
2015-11-27,791.9228515625,807.6862448163507,790.4215760145142,807.6862448163507,2397000
2015-11-30,775.4088134765625,791.9228443540886,775.4088134765625,789.6709310526078,2963000
2015-12-01,787.4188842773438,787.4188842773438,770.154218559156,770.154218559156,4859000
2015-12-02,791.9228515625,793.4241271104858,779.9126471786137,786.6683871445498,4755000
2015-12-03,784.4164428710938,794.174733547959,779.9126164048482,786.6683561042165,3186000
2015-12-04,768.653076171875,774.6581783294678,764.1492495536804,774.6581783294678,3513000
2015-12-07,767.9022827148438,782.164397447573,767.9022827148438,775.4086588899645,3694000
2015-12-08,757.3933715820312,768.6529360753221,752.889545784715,768.6529360753221,3750000
2015-12-09,754.3909301757812,764.149220814871,749.8871037269706,752.139016951376,2685000
2015-12-10,761.897216796875,773.1567815771243,754.3908402767087,756.6427532327585,4170000
2015-12-11,762.6477661132812,767.151591503714,752.1388402022715,752.1388402022715,3918000
2015-12-14,767.1517333984375,768.6530088062623,752.1389793201903,752.8896170241026,3353000
2015-12-15,757.3933715820312,777.6605876699548,755.1414586833731,767.9022984424361,3794000
2015-12-16,780.6631469726562,781.4137846139761,767.9023070702186,772.4061329181378,4214000
2015-12-17,797.17724609375,801.6810723428672,791.1721444282604,791.1721444282604,4087000
2015-12-18,777.6607055664062,800.9304757136637,776.9100678197206,794.9253737401779,4159000
2015-12-21,761.1465454101562,773.1567473101193,753.6401692226794,772.4061096913716,3792000
2015-12-22,755.1416015625,761.8973415367171,752.1390504628479,758.8947904370651,3797000
2015-12-24,740.8794555664062,759.6453992231035,739.3781800738705,756.6428482380319,4022000
2015-12-25,740.8794555664062,740.8794555664062,740.8794555664062,740.8794555664062,0
2015-12-28,736.3756103515625,739.3781612602336,729.6198708070528,735.6249726243948,1781000
2015-12-29,747.6351318359375,748.3857695185037,732.6223781846135,738.6274796451431,1884000
2015-12-30,743.1312255859375,752.138876805161,741.6299503827336,749.8869640003551,2131000
2016-01-04,727.367919921875,743.1313113752902,723.6147314805856,740.1287606222587,3075000
2016-01-05,734.8743286132812,740.8794303792733,722.1134873605481,728.8692268472892,3671000
2016-01-06,732.6226196289062,742.3809127182258,724.3656023994821,739.3783609984351,3182000
2016-01-07,729.619873046875,740.8794389889564,725.8666843995145,731.8717862352913,4554000
2016-01-08,719.1109008789062,735.6249299178791,716.8589878281373,720.6121762460856,4068000
2016-01-12,689.8361206054688,716.8590807162379,686.83356948205,709.352702907691,4153000
2016-01-13,715.3577270507812,715.3577270507812,695.8411468794063,695.8411468794063,2923000
2016-01-14,692.8385620117188,697.3423879836258,679.3270840959972,692.8385620117188,4369000
2016-01-15,683.0804443359375,705.5995798634959,680.8285307831817,703.3476663107401,2521000
2016-01-18,668.0675659179688,670.3194790615124,656.8080002002501,665.8156527744251,3187000
2016-01-19,665.0651245117188,671.8208650541628,657.5587461312252,668.0676758639161,3252000
2016-01-20,629.034423828125,661.3118465305229,626.7825106163298,661.3118465305229,4872000
2016-01-21,613.27099609375,644.0471415525551,613.27099609375,627.5331122819767,5828000
2016-01-22,645.5484008789062,647.0496762297875,626.031821317451,632.7875603964162,3817000
2016-01-25,646.2991333007812,656.057424512059,640.294031016918,653.8055111556102,2432000
2016-01-26,637.2914428710938,648.5510089995582,635.0395296454008,641.044631580582,2717000
2016-01-27,656.8079223632812,662.8130233677455,644.7977203543527,648.5509084821429,3007000
2016-01-28,658.3091430664062,664.3142435732834,643.2963917992134,650.8027674328099,2430000
2016-01-29,695.8410034179688,697.3422785062492,657.5584886668183,665.8155016523606,7419000
2016-02-01,734.1236572265625,734.8742949128883,722.1134542453509,724.3653673043281,5333000
2016-02-02,728.11865234375,744.6326836340206,724.365463414143,744.6326836340206,4401000
2016-02-03,701.84619140625,707.8512925091911,690.5866268382352,705.5993795955882,3805000
2016-02-04,692.0880737304688,705.599554562517,690.5867980824635,692.0880737304688,2767000
2016-02-05,680.0777587890625,687.5841358176393,668.8181932461972,681.5790341947778,3550000
2016-02-08,695.0905151367188,698.0930659580437,665.8156446288008,668.8181954501257,4296000
2016-02-09,668.0675659179688,678.5764939211728,649.3016230551044,672.5713922050562,7633000
2016-02-10,651.5535278320312,680.8283983221801,641.7952376686483,671.8207458636728,7168000
2016-02-12,625.28125,643.2965561224489,617.7748724489795,629.0344387755101,7090000
2016-02-15,675.5739135742188,681.5790150282118,642.5458555772569,647.0496816677518,6267000
2016-02-16,661.3118286132812,679.3271338195455,661.3118286132812,666.566292631775,4354000
2016-02-17,642.5459594726562,668.8182825819355,632.0370302289447,656.8080777319793,4475000
2016-02-18,648.5510864257812,659.810653898451,645.548535099736,654.5561890778719,3728000
2016-02-19,641.7952270507812,649.3016039753518,635.0394878186678,644.0471401281525,2574000
2016-02-22,649.3015747070312,656.0573136346189,638.7926474863394,640.2939228035812,2366000
2016-02-23,638.792724609375,657.5586683405552,636.5408113616334,653.8054795943192,2593000
2016-02-24,629.784912109375,634.28873746415,623.7798116363416,630.5355496685041,3272000
2016-02-25,654.5560302734375,664.3143197155874,632.0369007915532,632.0369007915532,6028000
2016-02-26,658.3091430664062,666.5661562633624,658.3091430664062,659.8104181931255,2617000
2016-02-29,644.047119140625,659.8105101685425,644.047119140625,656.0573218285621,3924000
2016-03-01,656.8079223632812,661.3117481166295,644.0470827287946,644.0470827287946,2776000
2016-03-02,684.5816040039062,690.5867057934142,674.0726758722674,675.5739513196443,4461000
2016-03-03,682.32958984375,684.5815026815181,677.0751265556243,683.0802274563393,4230000
2016-03-04,692.0880737304688,693.5893493784741,674.0727659544045,683.8310576664393,4512000
2016-03-07,690.5867309570312,691.3373687080715,681.5790779445482,686.8335422018299,3156000
2016-03-08,687.5841064453125,692.0879324700635,674.8232660418514,686.0828311037288,2782000
2016-03-09,681.5789794921875,688.3347182757003,674.0726030660621,682.3296171348001,2373000
2016-03-10,685.3322143554688,686.8334897428848,674.8232866435557,682.3296635806364,3140000
2016-03-11,705.5993041992188,707.1005793145363,682.3295399117977,684.581452584774,6980000
2016-03-14,711.6044311523438,719.1108070083811,702.5967801250989,703.3474177107026,4365000
2016-03-15,709.3526000976562,717.6096144903274,702.5968610491071,708.6019624255953,2944000
2016-03-16,708.6019897460938,715.3577290551137,702.596888138076,704.0981635400805,2723000
2016-03-17,707.851318359375,716.1083326774589,701.8462170371322,712.3551443510571,3188000
2016-03-18,701.84619140625,706.3500172334559,698.8436408547794,705.5993795955882,2949000
2016-03-22,728.11865234375,729.6199279155928,706.3501565520296,709.3527076957153,4946000
2016-03-23,742.380615234375,746.1338033801504,726.6172250221183,727.3678626512734,6097000
2016-03-24,741.6301879882812,748.3859285671219,739.3782744620011,741.6301879882812,3162000
2016-03-25,719.861572265625,744.6326169838374,713.8564705157554,744.6326169838374,4468000
2016-03-28,725.1159057617188,731.1210064305528,713.1057044240505,724.3652681781144,3166000
2016-03-29,747.8946533203125,749.4132211443132,725.116135960303,725.116135960303,3311000
2016-03-30,738.0237426757812,749.4129979639878,736.5051753040203,744.8572958487051,2245000
2016-03-31,724.3568115234375,745.6167598700373,722.8382437843946,742.5796243919516,3793000
2016-04-01,701.5782470703125,724.3567615855824,701.5782470703125,722.0789101340554,3332000
2016-04-04,706.1339721679688,717.5232297835811,697.0225660754788,697.7818499165196,3001000
2016-04-05,690.1888427734375,703.8559485709313,685.6331408409396,701.5780976046824,3043000
2016-04-06,690.9483032226562,697.022574020218,678.0404777778374,687.9111678238753,3146000
2016-04-07,720.5604248046875,722.8382765163989,693.2262042641514,693.2262042641514,5716000
2016-04-08,728.1531982421875,738.7831719391537,710.6896700257429,714.4860892032309,4881000
2016-04-11,720.5604248046875,727.3939799398215,711.4490179578421,727.3939799398215,2462000
2016-04-12,719.801025390625,722.0788767367978,712.9674713521064,716.0046064803369,1683000
2016-04-13,728.9124145507812,731.9495496114095,717.5231580734253,725.8752794901529,2072000
2016-04-14,737.2646484375,750.9317582952497,727.3939579846807,738.0239323184861,8897000
2016-04-15,764.5987548828125,765.3580386513158,745.6166606702303,747.1352282072369,9093000
2016-04-18,766.1172485351562,773.7100854879328,753.9687094107138,757.0058441918244,6910000
2016-04-19,766.8765869140625,769.913721911742,760.0430331692837,764.5987356658029,4685000
2016-04-20,763.839599609375,777.5067097415507,760.8024640244471,774.4695741566228,3634000
2016-04-21,775.2286987304688,776.7472662108419,768.3951450687898,775.2286987304688,3442000
2016-04-22,777.506591796875,777.506591796875,764.5987675189972,769.154470205307,3416000
2016-04-25,754.7280883789062,780.5437372771787,751.6909532144036,777.5066021126761,3487000
2016-04-26,762.3209228515625,766.1173417900662,755.4873687622556,756.2466525499564,2889000
2016-04-27,768.395263671875,769.9138313866415,760.8024250980421,766.8766959571084,2418000
2016-04-28,746.3759765625,770.6730582003433,744.8574089601349,770.6730582003433,3779000
2016-05-02,722.8380737304688,727.3937758758289,718.2823715851086,721.3195063486821,3136000
2016-05-06,713.7267456054688,727.3938535000415,706.8931916581823,723.597434640438,3053000
2016-05-09,734.9867553710938,737.2646068856736,717.5232270926484,717.5232270926484,3907000
2016-05-10,745.6166381835938,748.6537731660117,730.4309632715043,733.4680982539222,3141000
2016-05-11,770.673095703125,785.099488627617,739.5424583397476,756.246702778633,9269000
2016-05-12,767.6359252929688,773.7101957206085,760.0430872584192,766.1173576860589,4277000
2016-05-13,758.5244140625,770.6729532266642,758.5244140625,770.6729532266642,4154000
2016-05-16,756.2467651367188,772.9510109529916,752.4503456330203,758.5246168389377,2885000
2016-05-17,766.1172485351562,770.6729507068222,752.4501420201584,759.2836952776573,3033000
2016-05-18,761.5618286132812,772.1918042868465,750.931852939716,764.5989645200142,4046000
2016-05-19,756.2467651367188,767.6360236478139,753.20962953376,766.1174558463346,3395000
2016-05-20,744.8574829101562,756.2467410586296,740.3017796507669,753.20960555237,4261000
2016-05-23,745.6166381835938,747.1352056748027,738.0238007275491,742.5795032011758,2426000
2016-05-24,745.6166381835938,753.968759385243,744.8573544379893,744.8573544379893,2819000
2016-05-25,746.3759765625,754.7280983755087,744.8574089601349,753.9688145743261,1826000
2016-05-26,753.9688110351562,764.5987842018151,752.4502434399193,754.7280948327747,4236000
2016-05-27,757.0059204101562,768.3951769860362,754.7280690949802,757.0059204101562,3150000
2016-05-30,757.0059204101562,759.2837717253323,750.9316502363536,757.0059204101562,2766000
2016-05-31,753.2095336914062,757.0059527120283,748.6538308666599,753.9688174955306,7635000
2016-06-01,741.0610961914062,754.7282065719854,737.2646766412454,754.7282065719854,4528000
2016-06-02,731.1903686523438,744.0981944748669,730.4310847804306,740.3017751153013,2701000
2016-06-03,728.9124145507812,730.4309820810953,722.8381444295247,726.63456325531,5288000
2016-06-06,732.7088012695312,742.5794897840431,727.3938151463325,733.4680850014167,5256000
2016-06-07,731.1903686523438,734.2275041399962,728.1532331646912,731.9496525242569,2489000
2016-06-08,739.5422973632812,739.5422973632812,725.8751912518449,732.708744307563,2234000
2016-06-09,741.0610961914062,744.0982318315349,735.746108821181,736.5053927312132,2276000
2016-06-10,735.7460327148438,745.6167225242276,731.9496135573884,744.8574386927365,3538000
2016-06-13,709.9302368164062,728.9123287098931,709.9302368164062,728.9123287098931,2895000
2016-06-14,708.4118041992188,719.801061501457,701.5782498178758,711.4489394798156,3345000
2016-06-15,699.3003540039062,712.2081781277568,698.541070231915,704.6153404078448,3096000
2016-06-16,679.5590209960938,707.6525224227479,676.5218857067257,703.0968194886959,4482000
2016-06-17,679.5590209960938,693.2261297982499,678.0404533514097,684.1147239301458,2923000
2016-06-20,692.466796875,699.3003507915296,687.9110942639803,687.9110942639803,2511000
2016-06-21,705.3746948242188,706.1339786722534,689.4297340154905,690.9483017115598,2385000
2016-06-22,702.3375244140625,707.6525110853041,693.9854025021115,705.374659654772,2407000
2016-06-23,706.893310546875,709.1711622457372,701.5783232495301,702.3376071491508,2191000
2016-06-24,670.4475708007812,714.4860295849776,659.0583142186615,712.2081782685536,6525000
2016-06-27,700.8189086914062,702.3374762075306,673.4846934011672,673.4846934011672,4420000
2016-06-28,709.9302368164062,718.2823572495405,689.4295775714405,690.9481449229195,3476000
2016-06-29,721.3196411132812,723.5974926115337,711.4489512875206,719.0417896150287,3242000
2016-06-30,725.8753051757812,741.8202648083037,725.8753051757812,728.1531565518559,3376000
2016-07-01,723.5974731445312,728.1531760184738,717.5232026459413,725.8753245815026,2152000
2016-07-04,725.8753051757812,726.6345889678062,716.0046158794579,718.2824672555325,2241000
2016-07-05,725.8753051757812,728.1531565518559,720.5603186316072,722.0788862156569,1760000
2016-07-06,722.8380737304688,724.3566411122555,704.6152651490283,718.2823715851086,3271000
2016-07-07,713.7267456054688,723.597434640438,711.4488942897066,723.597434640438,2591000
2016-07-08,706.893310546875,722.8382724389097,706.893310546875,715.2454334427027,2467000
2016-07-11,706.893310546875,706.893310546875,706.893310546875,706.893310546875,0
2016-07-12,757.765380859375,776.7474795782972,755.4875290131043,760.0432327056457,5936000
2016-07-13,762.3209228515625,770.6730445162708,755.4873687622556,767.6359093654678,3304000
2016-07-14,766.8765869140625,771.4322894105817,760.0430331692837,760.8023169187036,3053000
2016-07-15,764.5987548828125,774.4694438733553,763.8394711143093,770.6730250308389,2892000
2016-07-19,772.9508666992188,772.9508666992188,759.2837590365607,766.8765966269262,2918000
2016-07-20,787.3773193359375,787.3773193359375,768.3952238842514,769.1545077023189,3480000
2016-07-21,800.2850952148438,804.8407978441503,791.9329737277818,794.9701088139861,4551000
2016-07-22,791.9330444335938,797.248031308987,784.3402060401748,791.1737605942518,2596000
2016-07-25,788.8958129882812,801.8036366849134,788.8958129882812,797.2479342037491,2808000
2016-07-26,787.3773193359375,794.2108736985444,782.0623326094654,790.4144546082073,2604000
2016-07-27,801.0444946289062,805.6001979158953,791.1738041737633,794.9702235795875,4076000
2016-07-28,788.1365966796875,796.4887186098191,783.5808938087067,794.2108671743287,2533000
2016-07-29,797.2481079101562,801.0445274716333,780.5438618396578,797.2481079101562,4653000
2016-08-01,792.6923217773438,793.4516056104638,778.2659289480627,785.0994834461432,2607000
2016-08-02,782.8215942382812,786.618013221008,779.7844590520997,784.3401618313719,1859000
2016-08-03,763.839599609375,776.7474258453187,762.321031816911,774.4695741566228,2860000
2016-08-04,750.1724243164062,760.802397940323,747.894572825567,760.0431141100432,2700000
2016-08-05,729.6717529296875,758.5245381652006,728.9124691077003,752.4502675893032,4907000
2016-08-08,723.5974731445312,738.7831493910062,715.2453512089701,737.2645817663588,4612000
2016-08-09,704.6154174804688,728.1532169868206,700.8189982052506,721.3196622914281,10177000
2016-08-10,747.1351928710938,750.1723278014641,712.967424904428,715.2452761022056,8884000
2016-08-12,753.9688110351562,761.561649011341,747.1352568565899,752.4502434399193,4308000
2016-08-15,741.0610961914062,752.450354841889,740.301812281374,750.1725031117924,1832000
2016-08-16,732.7088012695312,744.8573409796996,732.7088012695312,740.3016385883865,3239000
2016-08-17,721.3196411132812,732.7088986045436,716.0046542840255,729.6717632735403,3420000
2016-08-18,721.3196411132812,728.9124794407894,714.4860866185238,716.0046542840255,3197000
2016-08-19,709.9302368164062,722.0787756282378,704.61525108623,721.3194919524984,2468000
2016-08-22,714.486083984375,715.2453678143265,707.6525295148114,712.967516324472,2025000
2016-08-23,718.282470703125,727.3938762511561,714.4860517247787,714.4860517247787,2246000
2016-08-24,721.3196411132812,724.3567764442845,715.2453704512747,724.3567764442845,1930000
2016-08-25,707.6525268554688,719.8010680890391,707.6525268554688,719.041784261941,3106000
2016-08-26,700.8189086914062,706.1338949978416,700.059624933344,703.856043723655,2108000
2016-08-29,700.0597534179688,708.4118762895497,698.5411856231358,706.1340245973004,2512000
2016-08-30,695.5039672851562,701.5782377417952,692.4668320568368,701.5782377417952,2035000
2016-08-31,700.8189086914062,703.0967599655928,692.4667873527221,698.5410574172197,2406000
2016-09-01,701.5782470703125,703.8560985218395,693.2261250813801,700.0596794359611,1824000
2016-09-02,709.9302368164062,716.0045062223221,704.61525108623,704.61525108623,2931000
2016-09-05,705.3746948242188,716.7639525447389,703.0968432801146,716.7639525447389,1803000
2016-09-06,719.0418090820312,721.3196606419532,700.8189966026556,702.3375643092702,2642000
2016-09-07,718.282470703125,723.5974572728098,714.4860517247787,714.4860517247787,3877000
2016-09-08,713.7267456054688,726.6345697281208,709.9303267458652,725.1160021842794,3491000
2016-09-09,708.4118041992188,716.7639262208602,706.1339527387711,711.4489394798156,2888000
2016-09-12,696.2633056640625,703.0968604633825,692.4668863311068,702.3375765967915,2141000
2016-09-13,697.781982421875,698.5412664071,692.4669945252992,693.2262785105243,1580000
2016-09-14,698.5411376953125,700.8189892312754,690.1890153967815,692.4668669327446,1785000
2016-09-15,687.9111328125,693.9854033009105,685.633281379346,693.9854033009105,1965000
2016-09-16,681.8369140625,689.4297527491649,677.2812108505011,687.9111850118319,2927000
2016-09-20,675.7626342773438,686.392608299684,674.2440665598666,680.3183374297753,2961000
2016-09-21,697.0223999023438,697.781683562368,675.7624574216622,681.836726701857,2833000
2016-09-23,695.5039672851562,697.0225348993159,688.6704130214374,690.948264442677,2775000
2016-09-26,688.67041015625,696.2632481954589,686.3925587444872,693.9853967836962,1717000
2016-09-27,697.0223999023438,697.781683562368,677.2810247417109,683.3552940219056,2953000
2016-09-28,687.0977783203125,694.7321980794271,681.7536844889323,690.9149881998698,3023000
2016-09-29,692.44189453125,695.495662533593,689.3881265289072,693.2053365318358,2019000
2016-09-30,687.0977783203125,692.4418721516927,681.7536844889323,685.5708943684896,2112000
2016-10-03,693.205322265625,703.8935100538615,690.9149963110029,693.968764250499,2187000
2016-10-04,693.205322265625,697.0225321899952,690.9149963110029,696.2590902051212,1385000
2016-10-05,684.8074340820312,691.6784116815165,683.2805501710345,691.6784116815165,2019000
2016-10-06,681.7536010742188,686.3342523692303,680.2267173092149,684.8073686042264,2808000
2016-10-07,674.1192626953125,683.280566378601,671.8289367744903,683.280566378601,1980000
2016-10-11,683.2805786132812,683.2805786132812,671.82894880412,674.8827167532297,3001000
2016-10-12,683.2805786132812,690.151556498778,679.4633686768942,683.2805786132812,2818000
2016-10-13,677.9365234375,684.8075017155828,676.4096393757038,684.0440596846847,1561000
2016-10-14,678.6998901367188,679.4633320828792,672.5923545674344,674.1192384597555,2058000
2016-10-17,672.5924682617188,679.4634469386261,669.538699960871,677.1731207129903,2439000
2016-10-18,677.9365234375,679.4634074992962,668.775219066723,671.0655451594173,2397000
2016-10-19,684.8074340820312,687.0977599485263,676.4095725715492,676.4095725715492,2025000
2016-10-20,690.9149780273438,693.9687458860282,685.570884274646,687.0977682039883,2315000
2016-10-21,685.5709228515625,693.9687849354902,682.5171548210433,693.9687849354902,2429000
2016-10-24,694.7322387695312,696.259122810783,684.8074925013951,686.3343765426469,2723000
2016-10-25,701.603271484375,703.8935977242587,693.2054086048014,693.9688506847626,2434000
2016-10-26,704.6569213867188,705.4203633383836,697.7859438217345,700.0762696767292,2802000
2016-10-27,710.7645263671875,713.81829447188,706.1838742101487,706.9473162363219,2304000
2016-10-28,714.5816040039062,717.6353715423845,712.2912783500476,713.8181621192867,3314000
2016-10-31,713.0548706054688,713.0548706054688,706.1838921949236,710.0011024230042,1834000
2016-11-01,716.8720092773438,716.8720092773438,706.947263674995,710.0010315526408,1947000
2016-11-02,703.1300659179688,710.7644857433539,700.0762979878148,709.2376017782768,2227000
2016-11-04,695.4956665039062,702.3666445484015,690.1515724692989,699.3128765286258,2071000
2016-11-07,703.1300659179688,707.7107178131998,695.4956460925837,702.3666239354302,2183000
2016-11-08,713.8181762695312,726.0332466655874,699.3127801742146,703.1299896729821,5277000
2016-11-09,689.3881225585938,731.3774323489843,682.5171445928935,714.581708432828,7107000
2016-11-10,731.37744140625,732.9043254175366,717.6354853046712,725.2699053611038,6315000
2016-11-11,755.0440673828125,762.6784866687863,745.8827642396438,748.1730900254361,6990000
2016-11-14,751.226806640625,760.3881091606326,750.4633647639577,756.5708997772961,3895000
2016-11-15,756.5709838867188,758.0978678097999,750.463448194394,755.0440999636376,2379000
2016-11-16,764.2054443359375,771.0764223569399,760.3882343242695,763.4420023336039,4447000
2016-11-17,747.40966796875,759.624739151079,745.1193421220634,755.8075294066011,6134000
2016-11-18,759.624755859375,764.9688496191898,751.226894236809,755.8075460309359,4174000
2016-11-21,768.7860717773438,771.0763977111392,760.3882100200938,761.9150939759573,2671000
2016-11-22,778.7107543945312,779.4741963106044,768.0225675695083,768.7860094855814,3632000
2016-11-24,781.0010375976562,785.5816888445634,780.2375957231718,783.2913632211098,2671000
2016-11-25,776.4205322265625,784.8183944237034,773.366764154875,783.2915103878595,2451000
2016-11-28,784.054931640625,784.8183736383276,776.4205116635984,776.4205116635984,2834000
2016-11-29,793.2161254882812,794.7430092717043,783.2913808960313,784.8182646794544,2843000
2016-11-30,804.6678466796875,805.4312886594596,797.0334268819676,797.7968688617395,4518000
2016-12-01,803.904296875,813.06559940349,802.3774131202516,808.484948139245,3954000
2016-12-02,803.1409912109375,806.95820124521,798.5603391698105,801.6141071972286,2444000
2016-12-05,788.6356201171875,797.0334824804877,782.5280838529693,792.452830282324,3410000
2016-12-06,808.485107421875,809.2485494496577,796.2700349773519,797.7969190329173,5017000
2016-12-07,804.6678466796875,807.7216145987755,800.8506367808276,804.6678466796875,2809000
2016-12-08,814.5925903320312,816.1194742876677,805.4312865982128,810.011938465122,3223000
2016-12-09,819.17333984375,824.5174343254893,814.5926874308307,816.1195715684704,4662000
2016-12-12,821.463623046875,827.5711592777068,817.6464129026051,823.7539491334369,2938000
2016-12-13,831.3883056640625,832.1517476343693,822.2270020203813,823.7538859609948,3060000
2016-12-14,830.624755859375,835.968848957735,828.3344302457922,835.2054070865407,1971000
2016-12-15,826.0443115234375,836.7325003971233,822.9905432738129,833.6787321474987,2422000
2016-12-16,839.7863159179688,839.7863159179688,830.625010653409,835.205663285689,3307000
2016-12-19,835.20556640625,836.7324504398995,827.5711462380027,833.6786823726005,2010000
2016-12-20,842.0765380859375,843.6034221078522,833.6786759654069,836.7324440092362,3327000
2016-12-21,837.4957885742188,843.6033239512412,832.9151370414518,842.0764401069856,2173000
2016-12-22,836.7322998046875,838.2591835634553,829.0978810108492,835.2054160459198,1930000
2016-12-26,831.3883056640625,835.2055155155963,830.6248636937557,834.4420735452895,1372000
2016-12-27,823.7537841796875,831.3882029394622,822.9903423037101,828.3344354355523,2142000
2016-12-28,826.8076782226562,831.3883301795685,820.7001422801067,823.7539102513814,1827000
2016-12-29,819.17333984375,822.9905501878495,815.3561294996506,819.9367819125699,2757000
2016-12-30,816.119384765625,818.4097104478484,807.7215239308057,813.8290590834015,2281000
2017-01-04,840.5496826171875,843.6034507647522,822.2270737317992,823.7539578055816,3793000
2017-01-05,835.968994140625,847.4206241973459,833.6786681292808,845.8937401897831,2559000
2017-01-06,838.2593994140625,839.0228414900316,831.3884207303407,832.9153048822789,2336000
2017-01-10,826.8076782226562,835.205540143662,824.5173522442002,832.9152141652058,3108000
2017-01-11,826.0443115234375,828.3346377106559,819.9367750241884,827.5711956482497,1904000
2017-01-12,816.8828735351562,828.3345026034061,809.248454156323,828.3345026034061,2495000
2017-01-13,826.8076782226562,826.8076782226562,816.1194903231944,819.936700287288,2490000
2017-01-16,813.8291015625,822.226962835659,811.5387757607293,822.226962835659,1881000
2017-01-17,797.033447265625,811.5388452522599,794.7431212677352,811.5388452522599,2539000
2017-01-18,797.796875,799.3237589712919,786.345245215311,797.033433014354,2116000
2017-01-19,798.560302734375,806.1947224545888,796.2699768183107,803.9043965385247,1735000
2017-01-20,800.8506469726562,802.3775309516318,793.9796690672665,800.0872049831685,1293000
2017-01-23,787.8721313476562,794.743109237316,784.0549214089564,790.9258992986162,2668000
2017-01-24,790.1624755859375,793.9796856129227,783.2914975373642,784.0549395427612,2673000
2017-01-25,797.033447265625,806.9581932564804,790.9259112712524,803.1409832599976,2234000
2017-01-26,810.0120239257812,811.5389080425123,802.3776033421265,806.1948136339539,2349000
2017-01-27,810.0120239257812,816.1195603927052,806.9582556923193,812.3023501008778,1881000
2017-01-30,803.904296875,806.9580643844967,800.8505293655033,804.6677387523741,2008000
2017-01-31,793.2161254882812,797.033334946839,791.6892417048582,794.7430092717043,2565000
2017-02-01,798.560302734375,798.560302734375,781.001137377883,786.3452311820326,1728000
2017-02-02,783.2914428710938,798.5602819134153,781.0011170147455,796.269956057067,1715000
2017-02-03,788.6356201171875,791.6893882492967,784.0549679190239,787.108736051133,1788000
2017-02-06,787.8721313476562,793.979667249576,786.3452473721762,793.216225261836,1675000
2017-02-07,785.5817260742188,788.6354937168785,781.0010746102291,781.0010746102291,1790000
2017-02-08,775.6571044921875,793.2162712277391,773.366778396246,787.108734971895,2975000
2017-02-09,768.022705078125,776.4205676585021,765.7323789198404,773.3667994474558,2404000
2017-02-10,778.7107543945312,784.0548478070427,774.1301028980929,777.9473124784582,3545000
2017-02-13,782.528076171875,791.6893804782774,776.4205399676067,790.9259384527439,3145000
2017-02-14,773.3667602539062,792.4528106056808,773.3667602539062,783.291506436829,3972000
2017-02-15,803.904296875,811.5387156487417,789.3989012048908,791.6892268370133,3944000
2017-02-16,797.796875,804.6678528708134,787.108687200957,804.6678528708134,2922000
2017-02-17,792.4526977539062,793.9795815646074,788.6354882271534,790.1623720378545,2008000
2017-02-20,795.5065307617188,796.2699727298201,784.8183432082983,787.8721110807041,1698000
2017-02-21,803.1409912109375,807.7216432520646,796.270013149247,796.270013149247,2027000
2017-02-22,794.7431030273438,800.0871968997659,792.45277708202,799.3237549179913,1808000
2017-02-23,803.904296875,803.904296875,790.9257849596391,800.0870874881291,1917000
2017-02-24,797.796875,803.9044108851675,794.7431070574163,801.6140849282297,1611000
2017-02-27,784.054931640625,791.6893516176515,781.764605647517,789.3990256245435,2667000
2017-02-28,787.108642578125,797.0333878288676,785.5817586933953,788.6355264628546,2477000
2017-03-01,797.796875,798.560316985646,785.5818032296651,790.1624551435407,2053000
2017-03-02,806.9581909179688,809.2485169092213,802.3775389354638,804.6678649267163,1898000
2017-03-03,793.2161254882812,800.0871025136851,789.3989160297236,797.033334946839,2625000
2017-03-06,785.5817260742188,794.743029002198,784.0548422528889,794.743029002198,1517000
2017-03-07,789.3989868164062,789.3989868164062,780.2376832943589,782.5280091748707,1688000
2017-03-08,797.033447265625,797.033447265625,786.3452592754729,786.3452592754729,2392000
2017-03-09,795.5065307617188,803.9043924108347,793.2162048574144,800.8506245384289,1900000
2017-03-10,799.3237915039062,802.3775595707789,794.7431394035973,795.5065814203155,3079000
2017-03-13,803.904296875,804.6677387523741,798.5602037333808,800.8505293655033,1256000
2017-03-14,801.6141967773438,804.6679651460194,799.3238705008371,801.6141967773438,1257000
2017-03-15,797.796875,803.1409688995216,796.2699910287081,800.8506429425837,1670000
2017-03-16,794.7431030273438,797.7968709544422,791.6893351002454,793.9796610455692,2569000
2017-03-17,784.054931640625,787.8721416291382,782.5280476452197,787.8721416291382,2658000
2017-03-21,781.7645874023438,784.8183553218842,771.8398416638374,781.0011454224586,1734000
2017-03-22,773.3667602539062,780.2377383805451,771.8398762257642,771.8398762257642,2239000
2017-03-23,766.4956665039062,768.7859922006311,761.1515732115483,766.4956665039062,2172000
2017-03-24,783.2914428710938,784.8183267753259,766.4957199245401,769.5494877330044,2404000
2017-03-27,772.6033325195312,780.2377528013448,771.0764484631685,777.9474267168007,2023000
2017-03-28,782.528076171875,782.528076171875,774.8936559165396,777.1839819931403,2292000
2017-03-29,796.557373046875,800.4544247741102,791.8809109741928,797.3367833923221,2229000
2017-03-30,780.9691162109375,794.2190912364723,779.4102956196981,792.6602706452329,1943000
2017-03-31,777.8515625,792.6603597820641,777.8515625,789.5427182489981,2483000
2017-04-03,806.689697265625,810.5867489432367,782.5279768644323,783.3073871999546,4638000
2017-04-04,795.7780151367188,805.9103502951687,791.8809631526996,798.1162463271303,3531000
2017-04-05,798.8956298828125,806.6897335889863,797.3368091415778,799.6750402534299,2440000
2017-04-06,786.425048828125,798.1162041625372,782.5279970499877,796.5573834512822,2971000
2017-04-07,790.3220825195312,796.557365221855,785.6456204927885,787.9838515061599,2655000
2017-04-10,794.9983520507812,797.3365824979895,791.1013013054344,793.4395317526426,1488000
2017-04-11,794.2191772460938,794.2191772460938,787.2044838258633,788.7633045859145,1699000
2017-04-12,793.4398193359375,794.2192297675052,784.8663045886926,789.542767178099,2333000
2017-04-13,794.9983520507812,796.5571723489201,787.2042505600874,789.5424810072956,2714000
2017-04-14,783.3074951171875,798.895703975241,780.1898533455768,798.895703975241,4404000
2017-04-17,791.1015625,791.8809729064039,779.4104064039409,780.9692272167488,2550000
2017-04-18,808.24853515625,809.807355860505,796.557379874337,799.6750212828471,5233000
2017-04-19,798.1162719726562,802.0133240818977,789.542757332325,802.0133240818977,4170000
2017-04-20,803.5721435546875,807.4691956572805,794.9986289289827,798.1162706110572,2703000
2017-04-21,810.5868530273438,812.1456738985502,804.351569542518,808.2486217205341,2663000
2017-04-24,827.7337646484375,828.5131749729653,815.263199455994,816.8220201050494,3934000
2017-04-25,831.630859375,833.9690904697751,827.7338075503749,830.07203864515,2361000
2017-04-26,838.6455078125,839.4249181357458,830.8514045800418,834.7484561962709,2719000
2017-04-27,823.8369140625,833.1898402391793,823.0575035477767,830.0721981802861,3524000
2017-04-28,833.1895141601562,836.3071549989221,824.6160018535504,826.1748222729333,2357000
2017-05-01,835.5279541015625,837.866185316399,829.2926708619987,831.630902076835,1307000
2017-05-02,840.9837646484375,847.219047426183,838.6455336067828,840.9837646484375,1813000
2017-05-08,863.5867919921875,865.1456129163612,847.9985827504513,847.9985827504513,3244000
2017-05-09,867.4837036132812,872.9395759630503,863.5866519348748,865.1454726062374,2334000
2017-05-10,863.5867919921875,872.1603070751424,862.8073815301008,869.0426652267952,2347000
2017-05-11,843.3220825195312,878.3955517555561,810.586844565908,865.1455744886133,8723000
2017-05-12,865.1454467773438,868.2630880269918,837.866085842923,842.5425477173951,5919000
2017-05-15,885.4102783203125,885.4102783203125,859.6897332634725,860.4691437197404,3536000
2017-05-16,879.1748657226562,884.6307381163252,872.1601726450818,883.0719174324198,2992000
2017-05-17,872.9396362304688,878.3955089569092,869.0425842830114,870.6014050619943,1914000
2017-05-18,869.822021484375,869.822021484375,858.9102756951445,860.4690965221773,2014000
2017-05-19,866.7044067382812,873.7191006777098,862.8073545497098,869.8220484891383,1730000
2017-05-22,865.1454467773438,869.0424983394039,861.2483952152836,868.2630880269918,1532000
2017-05-23,862.02783203125,872.9395767405064,861.2484216948745,862.02783203125,1819000
2017-05-24,865.1454467773438,874.498370526288,862.8072158401077,868.2630880269918,2061000
2017-05-25,876.8366088867188,879.9542501627604,862.0278128255209,863.5866334635417,2368000
2017-05-26,874.4984741210938,883.0719885732614,874.4984741210938,879.9543469542913,2316000
2017-05-29,874.4984741210938,879.1749365495488,868.2631908831537,874.4984741210938,1866000
2017-05-30,879.1748657226562,882.2925070904671,872.1601726450818,874.49840367094,1527000
2017-05-31,869.822021484375,876.8367152060231,866.7043798303091,876.0573047925067,3770000
2017-06-01,876.0571899414062,879.1748311867493,872.1601383847274,878.3954208754135,2505000
2017-06-02,880.7335815429688,883.851222539581,869.0424278056727,878.3953507955096,3793000
2017-06-05,888.52783203125,890.8660631681744,881.513138620477,884.6307801363761,2555000
2017-06-06,879.1748657226562,889.3072001680414,877.6160450387508,888.5277898260888,3420000
2017-06-07,862.02783203125,875.2778077496328,860.4690113584991,875.2778077496328,2366000
2017-06-08,858.1307373046875,864.3660196829233,854.2336858182903,863.5866093856438,2372000
2017-06-09,857.3514404296875,863.5867236328126,851.8955676269532,862.0279028320313,3395000
2017-06-12,865.1454467773438,866.7042674021678,849.5572405291033,851.8954714663394,1931000
2017-06-13,890.8662109375,890.8662109375,873.7191797558507,873.7191797558507,3886000
2017-06-14,900.9986572265625,901.7780678296997,889.307498179505,890.0869087826422,3019000
2017-06-15,913.4691162109375,917.3661687544995,896.3220850192646,896.3220850192646,2292000
2017-06-16,911.9100952148438,921.2630192683293,909.5718642014724,914.2483262282152,2736000
2017-06-19,922.8217163085938,923.6011265419625,913.4687935081688,915.0276139749063,1534000
2017-06-20,939.9688110351562,953.218785983413,934.5129389976388,935.2923492887127,3714000
2017-06-21,946.9835815429688,950.8806333188658,932.1747847945602,935.2924262152778,2691000
2017-06-22,957.115966796875,968.0277123466766,949.3218628327311,958.6747875897038,2845000
2017-06-23,957.115966796875,961.013018778947,951.6600940219743,957.115966796875,2110000
2017-06-26,957.115966796875,959.4541979861182,950.8806836255599,957.115966796875,1741000
2017-06-27,943.08642578125,948.5422976659348,936.8511436273243,943.8658360504907,3178000
2017-06-28,936.0718383789062,946.2041730158136,935.2924280222211,939.189479805647,2944000
2017-06-29,936.0718383789062,943.0865315890729,933.7336073088507,943.0865315890729,1416000
2017-06-30,928.2777709960938,933.7336437055586,923.6013086736953,929.0571813831601,2005000
2017-07-03,932.1746826171875,943.0864263936428,928.2776312684534,932.1746826171875,2133400
2017-07-04,922.8217163085938,938.4099209759686,918.92466514175,936.8511005092312,1865100
2017-07-05,924.3807983398438,924.3807983398438,911.9102310772489,916.586693800722,2412200
2017-07-06,947.76318359375,955.5572887219881,932.1749733372739,933.7337943629215,3937600
2017-07-07,932.1746826171875,947.7628880121238,929.0570415382002,940.7481955844024,2067600
2017-07-10,933.7337036132812,940.748397546937,925.9395992425527,940.748397546937,1810600
2017-07-11,940.748291015625,942.3071117132482,932.1747771786972,934.5130082251321,1392600
2017-07-12,930.6159057617188,932.9541366807181,924.380623311054,932.174726374385,2394400
2017-07-13,932.1746826171875,938.4099647751619,929.836451807947,935.2923236961748,2125100
2017-07-14,943.08642578125,950.1011182044163,938.4099641658057,939.1893744350465,2325200
2017-07-17,943.08642578125,943.08642578125,943.08642578125,943.08642578125,0
2017-07-18,932.1746826171875,938.4099647751619,925.939400459213,936.8511442356684,2371500
2017-07-19,925.9395141601562,932.1747970837937,922.8218726983375,926.718924525611,2107700
2017-07-20,931.3955078125,936.0719706132322,925.1602240781904,926.7190450117678,1930300
2017-07-21,923.6011962890625,931.395299211333,918.9247345357002,927.4982477501977,2273900
2017-07-24,915.0277099609375,921.262992481966,911.9100687004232,915.807120276066,1941800
2017-07-25,908.79248046875,912.6895322717892,904.8954286657107,912.6895322717892,2277900
2017-07-26,908.0130615234375,912.6895236428714,907.2336511701984,911.9101132896325,1590200
2017-07-27,904.1160278320312,915.807183364342,902.5572070943898,906.4542589384934,2002200
2017-07-28,904.1160278320312,908.0130796761348,900.2189759879276,904.8954382008519,1742100
2017-07-31,908.79248046875,913.468942632397,893.204273256593,895.5425043384165,2374100
2017-08-01,923.6011962890625,924.3806065812895,904.1159389833861,907.2335801522943,1642100
2017-08-02,915.0277099609375,927.4982750029945,908.7924274399089,925.9394543727374,1985200
2017-08-03,918.145263671875,922.8217251167233,913.4688022270268,916.5864431902589,1817900
2017-08-04,918.9248657226562,921.2630969331465,906.4542992667084,914.2484033016758,1761000
2017-08-07,955.5570068359375,957.1158274017384,921.2629543883182,924.38059551992,4588700
2017-08-08,952.4395141601562,957.8953869908609,918.1454563671555,955.5571557777017,6238100
2017-08-09,894.7632446289062,941.5278741391279,893.9838341370693,935.2925902044317,5636400
2017-08-10,901.7778930664062,915.8072812039994,889.30732583299,914.2484602998223,3932100
2017-08-11,901.7778930664062,901.7778930664062,901.7778930664062,901.7778930664062,0
2017-08-14,894.7632446289062,908.7926334819728,893.2044236452323,903.3367600391135,2580500
2017-08-15,903.3364868164062,909.5717688651821,893.2041534871454,897.1012047676304,1733000
2017-08-16,898.6602172851562,916.5866570055019,896.3219860172851,911.9101944697596,1606300
2017-08-17,905.6749267578125,911.9102102466786,900.9984641411628,903.3366954494876,2447800
2017-08-18,890.0867309570312,897.101424983838,889.3073205096083,893.9837831941461,1815400
2017-08-21,897.8806762695312,900.2189071973165,886.1895216306051,889.3071628676521,1297500
2017-08-22,885.4102783203125,897.8808456205986,884.6308678640446,895.5426142517949,1781500
2017-08-23,891.6453857421875,900.9983093688538,890.0865651377432,894.7630269510763,1512100
2017-08-24,878.3955688476562,891.6455463724212,877.616158405023,886.9690837166218,1689000
2017-08-25,880.7335815429688,883.0718122904279,872.160068802285,879.1747610446625,1696400
2017-08-28,881.51318359375,887.7484669436616,874.4984898250995,885.4102356874447,1185500
2017-08-29,886.1895141601562,886.9689244628477,877.6160008305505,879.1748214359334,1809600
2017-08-30,887.7485961914062,891.6456488524748,880.733901401483,890.0868277880473,1816200
2017-08-31,885.4102783203125,889.307330601652,880.7338155827052,884.6308678640446,2115300
2017-09-01,889.3072509765625,890.8660717495275,876.0572744063595,885.4101990441499,1972900
2017-09-04,880.7335815429688,893.2041455294178,879.1747610446625,888.5276840344994,1487100
2017-09-05,873.7188720703125,881.5129744081387,869.8218209013994,881.5129744081387,1239300
2017-09-06,881.51318359375,882.2925940124888,869.8220273126657,870.6014377314046,1831400
2017-09-07,895.5426635742188,902.5573580669671,886.1897375838874,886.9691480830818,1999200
2017-09-08,908.79248046875,915.8071737142205,903.336607944495,911.1307115505734,4128300
2017-09-11,920.4837646484375,933.7337426323693,918.1455332395084,932.1749216930832,2419900
2017-09-12,914.2484130859375,931.3954421463728,911.9101818504236,929.0572109108589,2506300
2017-09-13,911.9100952148438,917.3659675793771,900.9983504857772,908.0130435258915,1759300
2017-09-14,913.4691162109375,916.5867582457871,906.4544216325259,912.6897057022251,1557400
2017-09-15,924.3807983398438,925.1602087937559,915.8072833468098,916.586693800722,3132000
2017-09-18,924.3807983398438,924.3807983398438,924.3807983398438,924.3807983398438,0
2017-09-19,934.5128173828125,934.5128173828125,924.3804849174443,927.4981256760192,2131900
2017-09-20,946.2040405273438,946.9834507748951,928.2776048336626,929.8364253287654,2098700
2017-09-21,948.5422973632812,952.4393487082413,943.0864254803371,948.5422973632812,1526700
2017-09-22,955.5570068359375,962.5716993820415,953.2187759872362,956.336417118838,1873300
2017-09-25,960.2335205078125,961.7923411579876,954.7776482322,961.7923411579876,1245800
2017-09-26,965.6895141601562,972.7042079676149,961.0130516218503,962.5718724679523,1993900
2017-09-27,976.6897583007812,977.4755103187224,964.1177260137238,973.5467502290169,1637300
2017-09-28,981.4046020507812,995.5481431531944,975.9043360665095,982.976106617716,2287300
2017-09-29,979.8328247070312,984.547337095357,973.5468081892636,975.9040643834264,2577100
2017-10-02,981.4046020507812,988.4763726019878,977.4758406334442,982.976106617716,1587300
2017-10-03,982.1900634765625,989.2618319335937,978.2613032226562,982.1900634765625,1551500
2017-10-04,981.4046020507812,988.4763726019878,977.4758406334442,985.3333634681183,1813400
2017-10-05,985.33349609375,987.6907532614383,980.6189817583731,981.4047341476027,1524400
2017-10-06,983.7617797851562,995.5480630892915,982.1902753446049,990.0477975473617,1557600
2017-10-09,983.7617797851562,983.7617797851562,983.7617797851562,983.7617797851562,0
2017-10-10,1004.1913452148438,1005.762849667449,979.0472739731574,979.0472739731574,2067200
2017-10-11,1008.9058227539062,1012.0488315475321,999.4767963730286,1004.1913095634675,1666400
2017-10-12,1004.9771118164062,1015.9776431419963,1004.1913595788641,1011.2631297167434,1521700
2017-10-13,1015.9777221679688,1021.477988258592,1001.8341807920806,1001.8341807920806,2655700
2017-10-16,1017.549072265625,1020.6920809830477,1011.2630548307794,1020.6920809830477,1476600
2017-10-17,1019.120361328125,1020.6918653548454,1012.8343452212438,1020.6918653548454,1454200
2017-10-18,1015.9777221679688,1032.4785204398383,1012.834712973327,1018.3349790639502,2165800
2017-10-19,1008.1200561523438,1019.9063389600485,1006.5485517779831,1019.1205867728681,1321400
2017-10-20,1008.9058227539062,1011.2630793491256,1001.0483007698416,1004.1913095634675,1601600
2017-10-23,1017.549072265625,1027.763850597249,1014.4060635482022,1021.4778331624035,1742700
2017-10-24,1029.33544921875,1029.33544921875,1014.4061564438215,1016.7634131977576,1417800
2017-10-25,1030.9066162109375,1037.1926321634432,1026.9778562406216,1034.0496241871904,2045700
2017-10-26,1033.26416015625,1036.4071690084363,1023.0493813866444,1029.335399091017,1696000
2017-10-27,1045.0501708984375,1048.978930939409,1031.6923867591343,1037.1926508164943,2268800
2017-10-30,1046.6220703125,1049.7650795326576,1040.3360518721847,1048.1935749225788,2055600
2017-10-31,1044.2646484375,1048.9791615229967,1042.6931440756678,1045.050400618416,1976800
2017-11-01,1063.12255859375,1066.2655668970574,1041.1215004705978,1045.050260849732,2298200
2017-11-02,1085.909423828125,1089.0524322907245,1067.8371251681779,1070.1943815151276,2178600
2017-11-03,1085.909423828125,1085.909423828125,1085.909423828125,1085.909423828125,0
2017-11-06,1085.123779296875,1096.910062200172,1082.7665227162156,1090.6240446517468,2084800
2017-11-07,1091.40966796875,1092.1954200695195,1076.4803780541306,1083.5521469610555,2187300
2017-11-08,1001.0482177734375,1089.8382088318351,992.4049443075758,1084.337943899014,10048400
2017-11-09,1056.0509033203125,1087.4809897286552,1040.3358601161412,1041.9073644365583,11066300
2017-11-10,1011.262939453125,1042.6930230414116,1010.4771873634178,1036.4070063237543,6838500
2017-11-13,997.1195068359375,1017.5490633195736,997.1195068359375,1016.7633111471262,2772600
2017-11-14,997.1195068359375,1004.9770285604129,982.9759677318816,986.1189764216718,2682100
2017-11-15,959.4033813476562,989.2619632405399,957.8318770375046,985.3332024651605,4476600
2017-11-16,967.2609252929688,971.975438332577,953.1173861741439,959.4034035602882,2796600
2017-11-17,979.8328247070312,990.0476015484037,971.1895519951007,982.9758329659151,3394000
2017-11-20,980.6185913085938,983.7615996140701,968.8323101630577,969.6180622394269,1965700
2017-11-21,979.8328247070312,989.2618494836827,977.4755685128683,988.4760974189617,1759600
2017-11-22,982.975830078125,990.8333507022506,978.2613177036495,982.9758300781249,1407300
2017-11-23,982.975830078125,982.9758300781249,982.9758300781249,982.9758300781249,0
2017-11-24,972.760986328125,978.2612503865231,968.832226286412,971.1894823114399,1625900
2017-11-27,963.3320922851562,976.6898782303826,956.2603232553304,975.9041261159576,1692800
2017-11-28,966.4752197265625,972.7612374158409,955.4746887703252,956.260440981485,2646300
2017-11-29,975.1185302734375,976.690034754136,968.0467601102941,971.9755213120404,1735500
2017-11-30,979.8328247070312,980.6185767717521,965.689287542054,976.6898164481474,4717800
2017-12-01,976.6897583007812,988.4760385698977,969.6179901393115,988.4760385698977,2172500
2017-12-04,967.2609252929688,976.6899513721853,965.6894209464326,975.9041991989174,2045500
2017-12-05,979.0471801757812,980.6186844778291,955.4746156450642,959.4033764001838,2238100
2017-12-06,971.18994140625,981.4047223433707,964.9039223680219,973.5471985455855,2859100
2017-12-07,989.2620849609375,992.405093967962,966.4752696600104,968.0467741635227,3178000
2017-12-08,996.3338012695312,998.6910578971406,983.7617659222817,989.2620313867034,3355600
2017-12-11,971.9755249023438,989.262074253881,962.5464979833234,988.4763220106292,3829400
2017-12-12,983.7617797851562,986.1190364459833,971.1897442607453,973.5470009215724,2243800
2017-12-13,975.1185302734375,983.7618049172794,970.4040168313419,982.9760526769302,2430700
2017-12-14,982.1900634765625,984.5473196289063,977.4755511718749,978.2613032226562,1518700
2017-12-15,968.046630859375,982.1901692972556,960.189109504997,980.61866502638,2737300
2017-12-18,944.4740600585938,968.8323760833994,931.9020259812746,966.475119693902,5877200
2017-12-19,918.5442504882812,938.9738061022207,909.1152248203091,938.9738061022207,5929600
2017-12-20,910.6866455078125,916.9726620428104,894.971604170318,915.401157909061,5668800
2017-12-21,923.2586669921875,925.6159231632314,905.9721217378657,908.3293779089096,4494600
2017-12-22,918.5442504882812,922.4730111832696,913.0439855152975,922.4730111832696,1955400
2017-12-25,913.0440673828125,925.6161027340389,913.0440673828126,924.8303505245873,2710800
2017-12-26,916.9727783203125,919.3300348198505,913.8297696542617,913.8297696542617,1404000
2017-12-27,924.8303833007812,925.6161355380801,915.4013564531947,919.3301176396891,1429800
2017-12-28,914.6156005859375,924.8303796302821,912.2583438833964,924.8303796302821,1524900
2017-12-29,914.6156005859375,919.3301139910196,910.6868394150357,917.758609522659,1116200
2018-01-01,914.6156005859375,914.6156005859375,914.6156005859375,914.6156005859375,0
2018-01-02,914.6156005859375,914.6156005859375,914.6156005859375,914.6156005859375,0
2018-01-03,914.6156005859375,914.6156005859375,914.6156005859375,914.6156005859375,0
2018-01-04,934.2593383789062,935.0450905558439,918.5442948401526,922.473055724841,3518100
2018-01-05,935.0451049804688,938.1881137367055,927.9733352789358,936.6166093585871,2669600
2018-01-08,935.0451049804688,935.0451049804688,935.0451049804688,935.0451049804688,0
2018-01-09,938.9739990234375,950.7602835300079,936.6167421221235,947.6172743282558,2607000
2018-01-10,940.5453491210938,942.9026056351817,931.9020752361046,937.4023404356432,2578700
2018-01-11,931.1162719726562,939.7595453833728,926.4017592031744,938.9737932551259,2339000
2018-01-12,920.1158447265625,930.3306235322374,916.9728358632779,929.5448713164162,2148900
2018-01-15,914.6156005859375,923.2588751619214,913.0440961175767,919.3301139910196,1912300
2018-01-16,915.4012451171875,918.5442536841135,910.6867322667986,916.1869972589191,2240500
2018-01-17,914.6156005859375,929.5448930353643,914.6156005859375,917.758609522659,2960900
2018-01-18,923.2586669921875,931.1161875623338,921.6871628781582,930.3304355053192,3322400
2018-01-19,938.9739990234375,941.3312559247515,925.6162099159911,927.1877145168671,2742400
2018-01-22,933.4735107421875,940.5452797629616,928.7589980616714,938.9737755361228,1857900
2018-01-23,925.6159057617188,940.5451945643271,924.0444016772336,938.1879384375994,3036500
2018-01-24,931.9021606445312,937.4024263481667,923.2588859673897,924.8303904541427,2101800
2018-01-25,920.1158447265625,929.5448713164162,920.1158447265624,929.5448713164162,1891700
2018-01-26,916.18701171875,920.1157724894136,913.8297552563519,919.3300203352809,2170900
2018-01-29,914.6156005859375,920.9016184593803,910.6868394150357,911.472591649216,1850600
2018-01-30,897.3290405273438,911.472580570682,895.757536078084,909.9010761214222,3650500
2018-01-31,877.6851806640625,894.9717285374818,877.6851806640625,891.0429676571592,3626400
2018-02-01,886.328369140625,887.899873341229,867.4703187333777,876.1135918366994,2611700
2018-02-02,882.3997802734375,887.1142937922626,878.4710190077499,880.042523514025,2270200
2018-02-05,863.541748046875,872.1850230500739,861.1844912278207,865.8990048659292,2760900
2018-02-06,816.3965454101562,828.9685807581471,798.3242445974195,821.8968108749023,5190400
2018-02-07,806.9674682617188,844.6835719389948,803.8244596219457,839.9690589793353,4440700
2018-02-08,797.5385131835938,847.0409036570582,760.6081583859298,808.5390443999191,7760100
2018-02-09,779.4662475585938,781.0377520899619,764.5369545105965,765.3227067762806,4646300
2018-02-12,779.4662475585938,779.4662475585938,779.4662475585938,779.4662475585938,0
2018-02-13,762.1796264648438,785.7521922317977,759.8223698881484,784.9664400395659,3772100
2018-02-14,756.6793823242188,765.3226566809856,748.036107967452,761.3938956097279,4304900
2018-02-15,751.1791381835938,762.9654217324995,749.6076337104063,759.0366605495309,3743400
2018-02-16,773.9658203125,777.1088287198603,752.7505135628172,754.3220177664974,3570200
2018-02-19,795.1812133789062,797.5384699403061,779.4661696362401,782.6091783847733,2407600
2018-02-20,795.9669799804688,796.7527321818314,785.7522013627529,792.8239711750177,2237000
2018-02-21,797.5385131835938,810.1105488593943,792.8239998051686,797.5385131835938,2622000
2018-02-22,788.8952026367188,792.038211412164,782.6091850858286,789.68095483058,2897100
2018-02-23,796.752685546875,797.5384377022467,788.8951639931583,793.6096769253884,1448400
2018-02-26,800.6814575195312,806.1817226840423,795.1811923550202,802.2529618522487,1538300
2018-02-27,799.1099243164062,810.1104542479989,795.1811636265518,809.3247021100279,2029400
2018-02-28,784.1806640625,799.895707430486,784.1806640625,793.6096900832916,2648100
2018-03-01,765.3225708007812,780.251861196279,762.9653144225447,778.6803569441214,3094200
2018-03-02,748.82177734375,757.4650507443599,746.4645209617655,753.5362901077191,3064000
2018-03-05,751.1791381835938,751.9648904201874,739.392854634688,741.7501113444691,2967400
2018-03-06,758.2508544921875,769.2513850236804,757.4651023113665,760.6081110346503,2142000
2018-03-07,751.9647827148438,761.3938082034311,751.1790305907948,756.6792954591375,2816100
2018-03-08,755.8936767578125,766.1084561734586,753.5364199695864,762.1796948597486,2013900
2018-03-09,772.3944091796875,788.8952053066188,766.8941438040438,767.6798960005643,4329000
2018-03-12,780.251708984375,788.8949806851082,777.1087010931992,784.1804688483446,2348100
2018-03-13,776.3231201171875,776.3231201171875,766.1083422209088,775.5373679713199,2090800
2018-03-14,759.8223266601562,773.1801131681424,759.8223266601562,770.8228567255566,2142000
2018-03-15,753.5362548828125,756.6792632452017,746.4644860674368,755.1077590640072,2636000
2018-03-16,759.8223266601562,763.7510873977992,751.1790530373416,754.322061627456,3641100
2018-03-19,755.1077270507812,769.2512640819093,754.3219749934964,759.0364873372057,2931600
2018-03-20,747.250244140625,747.250244140625,735.4639626873028,746.4644920437369,2660600
2018-03-21,747.250244140625,747.250244140625,747.250244140625,747.250244140625,0
2018-03-22,741.7500610351562,743.3215654017562,732.3210348355568,741.7500610351562,3496600
2018-03-23,719.7490234375,727.606545527429,714.2487579745497,726.0350411094432,5188000
2018-03-26,711.8916015625,711.8916015625,703.2483260468405,710.3200969232892,3997100
2018-03-27,737.8212890625,737.8212890625,710.3199630591055,715.0344760882588,3552600
2018-03-28,742.6175537109375,742.6175537109375,726.6300929206052,730.6269581181882,3205500
2018-03-29,749.0125122070312,756.2068693146762,739.4200360635048,751.4106312429129,2127300
2018-03-30,760.2036743164062,764.2005390604462,753.8086907259423,758.6049284187902,2440700
2018-04-02,752.2100219726562,763.4012444037054,752.2100219726562,761.0031253113377,1506100
2018-04-03,752.2100219726562,756.2068871266024,744.2162916647641,746.6144107571317,1981400
2018-04-04,759.4044189453125,761.8025381630346,746.6144497841283,754.6081805098684,1659200
2018-04-05,765.7993774414062,769.796242668136,757.006273942601,765.7993774414062,2060800
2018-04-06,771.39501953125,777.7900041491256,768.1975272223121,771.39501953125,3469700
2018-04-09,768.9968872070312,780.9874831614028,767.3981410797817,770.5956333342807,2612300
2018-04-10,774.5924072265625,777.7898991036587,760.2036937796295,761.8024397181775,1901300
2018-04-11,767.3980712890625,776.1911741892498,764.2005793253581,775.3918011983236,1922500
2018-04-12,765.7993774414062,770.5956157134818,764.2006313507144,770.5956157134818,1800900
2018-04-13,776.9905395507812,779.3886585000121,766.5986907707811,769.7961827030889,1992100
2018-04-16,777.7899169921875,782.5861549181413,773.7930520538926,776.9905440045285,1186100
2018-04-17,772.9937133789062,775.3918324483341,764.9999831474802,774.5924594251915,1616200
2018-04-18,790.5799560546875,792.1787021741105,768.9968834424766,768.9968834424766,2294200
2018-04-19,802.5704956054688,804.968614616242,796.1755115767398,797.7742575839221,2309400
2018-04-20,798.5736083984375,803.3698462867163,792.178624547399,800.9717273425769,1766300
2018-04-23,794.5767822265625,803.3698854503976,791.3792901451678,803.3698854503976,1641000
2018-04-24,809.7649536132812,810.564326716552,795.3762377544076,804.1693418903859,2214300
2018-04-25,825.7523193359375,838.5422874960294,797.7742639857363,804.1692480657823,5418000
2018-04-26,851.3322143554688,853.7303332691461,829.7491441323723,835.3447549309528,4324400
2018-04-27,866.5203857421875,866.5203857421875,857.7272821968332,859.3260282959885,2783100
2018-04-30,866.5203857421875,866.5203857421875,866.5203857421875,866.5203857421875,0
2018-05-01,851.3322143554688,864.9215548663071,848.9340954417913,863.3228089238556,2606200
2018-05-02,849.7335205078125,861.7241158113094,847.3354014471132,853.7303856089782,1877000
2018-05-03,849.7335205078125,849.7335205078125,849.7335205078125,849.7335205078125,0
2018-05-04,849.7335205078125,849.7335205078125,849.7335205078125,849.7335205078125,0
2018-05-07,836.9434814453125,852.1315675460393,829.749124871284,845.7365839246806,3066800
2018-05-08,841.7398071289062,854.5297757082628,837.7429419478573,837.7429419478573,2735400
2018-05-09,827.35107421875,840.9404155344203,824.9529551630435,839.3416694972826,2059200
2018-05-10,864.9216918945312,866.5204380902699,816.9593060223762,823.3542908053302,5541600
2018-05-11,884.1065673828125,888.1034325156462,871.3165989577446,873.7147180374449,5458900
2018-05-14,903.2913818359375,905.6895005487763,889.7020424631845,890.5014153674641,4608300
2018-05-15,900.093994140625,908.0877241063499,892.8996371714726,899.2946211440526,3544300
2018-05-16,882.5078125,891.3009157042572,879.3103204257246,889.7021696671195,2453900
2018-05-17,883.3070678710938,887.3039324315964,872.1158471016862,885.7051866073953,2449900
2018-05-18,887.3040161132812,889.7021350757495,876.9121672759185,885.7052701383024,1945800
2018-05-21,886.5048217773438,892.1004338174172,879.3104634401064,884.9060754801799,1368100
2018-05-22,884.1065673828125,886.5046864625127,879.310329223412,884.9059404093792,1242900
2018-05-23,878.510986328125,883.3072246520275,868.9185096803202,878.510986328125,2826500
2018-05-24,868.91845703125,882.507798125575,865.7209650090559,879.3103061033809,2044200
2018-05-25,867.3197631835938,875.313493719848,863.3228979154666,865.7210170763428,2118900
2018-05-28,872.1160278320312,879.3103855318371,868.1191624432502,869.7179085987625,1907100
2018-05-29,867.3197631835938,871.3166284517208,860.9247787545902,868.9185092908446,1543200
2018-05-30,849.7335205078125,858.526623730377,848.1347744673462,850.5328935280456,1934700
2018-05-31,851.3322143554688,858.5265710965008,843.3384846432108,856.1284521828235,6259700
2018-06-01,875.3134765625,885.705326055936,863.3228809931506,875.3134765625,3423800
2018-06-04,890.5015258789062,894.498390896316,885.7052878580145,888.1034068684603,1755300
2018-06-05,878.510986328125,900.8934318396697,877.7116132741413,897.6959396237347,1838200
2018-06-06,900.093994140625,900.8933671371975,886.5046531988927,886.5046531988927,2333500
2018-06-07,902.4920043945312,908.8869875966184,902.4920043945312,906.4888688958357,3074500
2018-06-08,892.1004028320312,904.890372765107,892.1004028320312,894.498522194483,2695400
2018-06-11,900.8936157226562,903.2917353740919,884.1067781626067,888.1036442483328,1814800
2018-06-12,895.2977905273438,905.689639881679,889.7021793365478,904.8902668544224,1963100
2018-06-13,899.2945556640625,901.6926744791667,888.9027074652778,890.5014533420139,1383200
2018-06-14,890.5015258789062,897.6958829102439,889.7021528754243,896.09713690328,1656500
2018-06-15,886.5048217773438,902.492284748982,884.106702331598,897.6960458574905,2446600
2018-06-18,885.7053833007812,892.8997411073761,877.7116524045649,888.1035025696463,1442800
2018-06-19,903.2913818359375,905.6895005487763,883.3070592289478,884.905805037507,4673200
2018-06-20,895.2977905273438,898.49528263637,881.7084490639822,891.3009253910609,3445200
2018-06-21,894.498291015625,900.8932743294097,890.5014264445097,897.6957826725173,2222600
2018-06-22,882.5078125,893.6990347599638,879.3103204257246,884.1065585371376,1640300
2018-06-25,884.1065673828125,900.0940279141473,881.7084483031123,891.3009246219132,1762600
2018-06-26,897.6959838867188,899.2947300735161,867.3198063375689,875.3135372715557,2107500
2018-06-27,913.6834106445312,918.479649020618,888.9028457014163,896.0972032655465,3519300
2018-06-28,906.4891357421875,919.2791059113895,902.4922700643119,911.2853745556382,2529600
2018-06-29,918.4796752929688,922.4765407207015,905.6897059242242,908.0878251808639,2818300
2018-07-02,877.7114868164062,914.482642001793,876.9121138775935,912.8838961241676,2749400
2018-07-03,877.7114868164062,885.7052162045338,868.918384489466,882.5077244492828,2508100
2018-07-04,904.8904418945312,910.4860541677307,875.313634164763,875.313634164763,2989100
2018-07-05,901.6927490234375,909.6864790679716,899.2946300100773,905.6896140457046,2427500
2018-07-06,896.8965454101562,904.8902757614054,888.9028150589071,904.0909027262804,2871600
2018-07-09,923.2756958007812,928.0719331815645,906.4888649680398,907.288237864837,2511400
2018-07-10,939.26318359375,948.056285738032,934.4669460605054,935.2663189827127,3540100
2018-07-11,944.8590698242188,948.0565624462973,929.6709798693455,934.4672188024633,2850500
2018-07-12,934.4669189453125,952.0531227235819,934.4669189453125,949.6550040265452,1635300
2018-07-13,932.868408203125,941.6615123078675,925.6740502992449,940.8621392074363,2162600
2018-07-16,932.868408203125,932.868408203125,932.868408203125,932.868408203125,0
2018-07-17,936.865234375,942.4608458431101,932.0689959737629,932.8683690406357,1671900
2018-07-18,939.26318359375,949.6550315824468,938.4638106715425,942.4606752825798,1851600
2018-07-19,937.6646118164062,945.6583425224285,935.2664926045995,942.4608502400196,1418800
2018-07-20,930.4702758789062,934.4671413251215,921.6771718972327,932.0690220573923,1594800
2018-07-23,928.8715209960938,935.2665056501115,914.4828055245536,922.4765363420759,2215200
2018-07-24,932.868408203125,936.8652737052806,927.2727965001071,931.2696620022627,1513200
2018-07-25,940.8621215820312,950.4545986075066,928.8715253001873,936.0658830692937,2336000
2018-07-26,953.652099609375,959.2477112583822,946.4577417749372,947.2571148676525,1758500
2018-07-27,952.0532836914062,957.6488949305665,948.8557915547433,951.2539106572406,1511000
2018-07-30,940.8621215820312,950.4545986075066,937.6646292402062,948.0564793511378,1587700
2018-07-31,933.667724609375,945.6583203877487,929.670859349917,944.0595742839656,2170100
2018-08-01,908.0877685546875,928.8714674828758,896.8965460548939,926.4733483757772,3730200
2018-08-02,897.6959838867188,912.8840726612938,895.2978646065227,906.4890879141043,2191600
2018-08-03,878.510986328125,897.6959396237347,873.7147480042227,897.6959396237347,2271200
2018-08-06,840.14111328125,880.909140662167,832.1473824222468,876.112902146765,3869600
2018-08-07,864.9216918945312,864.9216918945312,836.9436334691075,844.9373644478,3795700
2018-08-08,848.9341430664062,868.9184684681578,844.937277986056,861.7241113235273,2268400
2018-08-09,810.564208984375,848.9341123682507,791.3792572924372,839.3416365222818,6345400
2018-08-10,795.3761596679688,812.1629931885992,792.1786675688011,811.3636201638074,3800300
2018-08-13,782.586181640625,790.5799117901718,779.3886895808064,784.1849276705344,2464300
2018-08-14,796.175537109375,796.175537109375,776.9905844079443,781.786822583302,2533500
2018-08-15,780.9874267578125,796.9748868756798,776.1911887224524,796.1755138697864,2165600
2018-08-16,784.1849975585938,784.98437064479,767.3981627484709,770.5956550932561,1934600
2018-08-17,784.1849975585938,785.7837437309863,774.5925205242378,784.1849975585938,1655200
2018-08-20,784.1849975585938,786.5831168171827,776.1912666966305,782.5862513862011,1376000
2018-08-21,781.7868041992188,786.5830422617906,773.7930740949323,779.3886851679329,1856300
2018-08-22,787.3824462890625,790.5799384567339,773.7931045764594,780.1880889118021,1749000
2018-08-23,782.586181640625,788.9811657602625,778.5893165658516,787.382419730353,2333000
2018-08-24,792.9780883789062,796.1755806707566,784.1849845763176,788.9812230140932,1885900
2018-08-27,796.175537109375,798.5736561970539,792.1786719632437,797.7742831678277,1687100
2018-08-28,802.5704956054688,811.3635986449709,800.1723765946954,802.5704956054688,2006400
2018-08-29,790.5799560546875,800.1724327712257,789.780582994976,796.1755674726681,3488200
2018-08-30,784.1849975585938,792.9781015067533,781.7868783000048,792.1787284205569,2849700
2018-08-31,776.9905395507812,784.1848963984737,776.9905395507812,780.188031483089,2575600
2018-09-03,766.5986938476562,779.3886616282219,761.0030829436587,776.1911696830805,2057000
2018-09-04,764.2007446289062,771.3951031034461,757.8057593182041,765.000117792744,2778900
2018-09-05,757.8056640625,761.8025293792853,753.0094256823576,759.4044101892141,3199500
2018-09-06,755.407470703125,765.7993195064483,746.6143678695436,752.2099787636408,3596400
2018-09-07,748.2130126953125,751.4105042025574,740.2192839272002,749.0123855721237,3395400
2018-09-10,746.6143798828125,750.6112448714784,733.025038921348,737.021903910014,1942800
2018-09-11,738.6206665039062,751.4106347550562,733.8244284097251,745.0156506294812,2328200
2018-09-12,739.4199829101562,744.2162206371411,733.0249992741766,738.6206099556588,1776300
2018-09-13,761.8024291992188,765.7992939904003,746.6143429927286,747.4137159509648,2547500
2018-09-14,774.5924072265625,778.5892720729328,761.8024397181775,770.5955423801922,3821800
2018-09-17,774.5924072265625,774.5924072265625,774.5924072265625,774.5924072265625,0
2018-09-18,790.5799560546875,792.1787021741105,766.5987642633421,769.7962565021882,3237800
2018-09-19,800.1723022460938,803.3697939633608,790.5798270942925,799.372929316777,3007900
2018-09-20,798.5736083984375,804.1692192680962,791.3792515660191,803.3698462867163,4038300
2018-09-21,822.5547485351562,825.752240269015,805.767916932398,807.3666627993273,4386500
2018-09-24,822.5547485351562,822.5547485351562,822.5547485351562,822.5547485351562,0
2018-09-25,835.3449096679688,835.3449096679688,824.9530591170753,824.9530591170753,4188900
2018-09-26,841.0109252929688,841.0109252929688,824.0126294015805,840.201482631474,2943500
2018-09-27,825.63134765625,840.2013126148897,823.2030201631434,838.5824276194853,2148900
2018-09-28,839.3919677734375,849.1052788759266,832.9164270384447,837.7730825896894,2898400
2018-10-01,841.0109252929688,844.2486959389474,834.5353840010114,841.8203679544634,1914900
2018-10-02,818.3466186523438,828.0599316333804,812.6805194134057,817.537175903924,4462600
2018-10-03,817.5371704101562,831.2976970408222,814.2993994382348,824.0127123539991,2208100
2018-10-04,820.7748413085938,826.4409398186136,815.9181854428624,825.631497174325,1902600
2018-10-05,820.7748413085938,825.631497174325,809.442644288554,809.442644288554,1767900
2018-10-08,820.7748413085938,820.7748413085938,820.7748413085938,820.7748413085938,0
2018-10-09,818.3466186523438,824.0127178912818,810.2521911681465,814.2994049102451,2160300
2018-10-10,823.2031860351562,824.8220713567594,813.4898741055379,820.7748580527517,1628100
2018-10-11,798.1104125976562,809.442609125412,790.0159865064021,798.9198552067817,3188600
2018-10-12,805.3954467773438,807.8237747575769,786.7782655955558,788.3971509157113,2491900
2018-10-15,785.9688110351562,798.9198934003081,782.7310404438682,798.9198934003081,2242600
2018-10-16,790.0160522460938,790.8254949225754,780.302740128314,781.9216254812773,2471100
2018-10-17,804.5859985351562,809.4426544619279,797.301014644999,799.7293426083847,2094300
2018-10-18,801.34814453125,816.7275533656882,798.1103742503157,808.6331276633523,1889100
2018-10-19,802.1577758789062,805.395546921808,788.3972489465739,789.2066917072993,2138800
2018-10-22,802.1577758789062,807.0144324432589,790.0161344680248,795.6822337931028,1396200
2018-10-23,766.5421752929688,792.4443396112106,766.5421752929688,790.8254543413204,2127400
2018-10-24,773.8272094726562,778.6838655990537,762.4950118443957,773.0177667849234,2565100
2018-10-25,736.5928344726562,750.3533599518157,733.3550637716775,749.543917276571,2961100
2018-10-26,722.0228881835938,740.6400702780138,717.1662319850494,736.5928567792268,4327800
2018-10-29,733.3551025390625,740.6400870013711,724.4512326406854,726.0701180767539,2454400
2018-10-30,736.5928344726562,739.8306051736349,724.4511943439861,726.0700796944755,2677300
2018-10-31,741.4495239257812,743.0684093492,730.9267686735595,735.7834249438157,2306100
2018-11-01,753.5911254882812,756.8288961670709,737.4022720943332,741.4494854428202,2458200
2018-11-02,764.1139526367188,768.970609115342,751.9723114401608,757.6384106652212,2727100
2018-11-05,802.1577758789062,809.4427607254352,742.2590115852241,756.0195385175565,6612600
2018-11-06,768.1610717773438,794.8726791204969,768.1610717773438,794.8726791204969,3527500
2018-11-07,748.7344970703125,768.9705645586994,745.4967262721706,768.9705645586994,4025800
2018-11-08,744.6871948242188,762.4949320917544,743.0683096180792,758.4477190764054,3142300
2018-11-09,753.5911254882812,758.4477815064656,745.4966987913073,747.115584130702,2773400
2018-11-12,758.44775390625,764.1138523879401,740.6400158209378,744.6872290221451,2133700
2018-11-13,733.3551025390625,742.2589724374396,730.1173316669253,740.6400870013711,3724500
2018-11-14,736.5928344726562,739.8306051736349,730.1172930706988,733.3550637716775,2519100
2018-11-15,743.0684204101562,745.4967485814312,725.2606804874728,728.4984513825061,2399400
2018-11-16,741.4495239257812,749.5439510428749,737.4023103672345,742.2589666374906,1753600
2018-11-19,736.5928344726562,747.9250319260817,734.9739491221669,736.5928344726562,1976900
2018-11-20,751.1627807617188,752.7816660650844,729.3078291662807,729.3078291662807,2261700
2018-11-21,752.7817993164062,755.2101277012979,739.0212718020204,739.0212718020204,2663300
2018-11-22,768.1610717773438,769.7799570708681,754.4005467823861,758.4477600161971,1837100
2018-11-23,768.1610717773438,768.1610717773438,768.1610717773438,768.1610717773438,0
2018-11-26,771.3988647460938,785.9688328105531,768.1610940651028,777.0649634378279,2800500
2018-11-27,773.0176391601562,777.0648519306283,768.1609838355898,773.8270817142507,1782800
2018-11-28,768.1610717773438,773.8271703046793,760.0666453097216,773.8271703046793,2145600
2018-11-29,775.4461669921875,779.4933808073869,768.1611821248288,773.8272814661078,1676500
2018-11-30,785.1594848632812,788.3972559348824,771.3989578089763,775.4461716484777,3088200
2018-12-03,783.54052734375,791.6349542791193,781.1121992631391,791.6349542791193,1898500
2018-12-04,736.5928344726562,771.3988695081773,734.9739491221669,768.1610988071986,5554700
2018-12-05,753.5911254882812,755.210010827676,734.973944085241,735.7833867549384,3476700
2018-12-06,746.30615234375,751.1628084327549,740.6400535732442,748.7344803882525,2121600
2018-12-07,733.3551025390625,747.9250714636796,730.1173316669253,746.3061860276111,2425400
2018-12-10,719.5944213867188,726.8794042803976,717.1660937554924,726.0699617366554,2234600
2018-12-11,717.9755859375,724.4511267351324,710.6906025401635,722.0227989360203,2839400
2018-12-12,733.3551025390625,734.9739879751311,721.2134617685482,723.6417899226511,2801000
2018-12-13,752.7817993164062,755.2101277012979,737.4023862120926,739.8307145969842,2844100
2018-12-14,732.5455322265625,756.8288095379402,730.1172044954246,750.3532689215729,4331500
2018-12-17,738.211669921875,742.2588830245169,731.736128957648,735.7833420602899,1794400
2018-12-18,729.3078002929688,738.2116691089761,724.4511445751465,733.3550133911539,3457500
2018-12-19,741.4495239257812,748.7345083311656,733.3550968086876,739.0211957906532,3290500
2018-12-20,722.0228881835938,745.4967264765581,717.1662319850494,741.4495129777712,3073600
2018-12-21,705.0245361328125,726.8794873102935,704.2150934966095,719.5945035844665,3902800
2018-12-24,705.0245361328125,705.0245361328125,705.0245361328125,705.0245361328125,0
2018-12-25,682.3602294921875,696.930198805188,678.3130157941317,696.930198805188,2886600
2018-12-26,687.2168579101562,698.5490558026677,675.0752173110369,679.1224308440767,2529500
2018-12-27,728.4983520507812,732.5455651177301,707.4528441026476,712.3094997829861,2849500
2018-12-28,724.4512329101562,732.5456600935099,722.0229047551501,726.0701183468269,1634200
2018-12-31,724.4512329101562,724.4512329101562,724.4512329101562,724.4512329101562,0
2019-01-04,713.1190795898438,717.9757362045306,702.5963235913557,712.3096368207293,2236400
2019-01-07,736.5928344726562,747.115589250837,734.1645064469222,735.7833917974116,2030400
2019-01-08,732.5455322265625,744.6871708822514,730.1172044954246,743.8777283052054,1935000
2019-01-09,720.4039916992188,724.4512051357312,709.0717940769839,724.4512051357312,3479100
2019-01-10,726.8794555664062,729.3077833689666,715.5472591544578,717.9755869570182,2733400
2019-01-11,740.639892578125,743.8776626003245,730.9265825115267,732.5454675226264,3699300
2019-01-15,738.211669921875,742.2588830245169,729.3078010960629,731.736128957648,3142600
2019-01-16,727.68896484375,743.8778183441672,726.8795221687292,740.6400476440838,2421700
2019-01-17,728.4983520507812,742.2588764784072,726.070024210612,730.9266798909506,2436200
2019-01-18,757.63818359375,760.8759536091079,739.8304485092815,740.639891013121,4194200
2019-01-21,764.9232177734375,775.4459710338128,764.113775214947,767.3515454489087,2359800
2019-01-22,763.3043823242188,774.6365788804637,760.0666118795773,766.5421527688602,1663900
2019-01-23,751.9722290039062,763.3044262117154,749.5439010308044,756.0194422924095,2705000
2019-01-24,748.7344970703125,751.162825168919,743.0683981735642,744.6872835726351,1949200
2019-01-25,750.3533325195312,758.4477589760527,746.3061192912706,750.3533325195312,1893100
2019-01-28,745.49658203125,753.5910074604709,743.8776969454058,752.7815649175488,1799600
2019-01-29,751.1627807617188,752.7816660650844,739.8305836381583,743.8777968965727,1808500
2019-01-30,745.49658203125,747.1154671170941,739.8304842307953,745.49658203125,2841400
2019-01-31,748.7344970703125,761.6855802628801,745.4967262721706,758.4478094647382,2282800
2019-02-01,753.5911254882812,756.8288961670709,747.9250268003995,748.7344694700968,1856500
2019-02-04,768.9706420898438,768.9706420898438,759.2573287160773,761.6856570595189,1584100
2019-02-05,767.3516235351562,773.8271646620352,765.7327382534365,771.3988367394556,1394600
2019-02-06,768.9706420898438,774.6367415578742,766.5423137464021,772.2084132144325,1936500
2019-02-07,748.7344970703125,773.0177780563768,745.4967262721706,772.2083353568412,2166600
2019-02-08,730.9267578125,748.7344972054956,720.404002716639,737.402299409953,3919500
2019-02-12,724.4512329101562,743.0684154318698,724.4512329101562,731.7362173751745,2732400
2019-02-13,733.3551025390625,739.0212015653025,730.1173316669253,735.7834306931654,3202100
2019-02-14,749.5440063476562,762.4950906905964,747.9251208047888,747.9251208047888,2498800
2019-02-15,743.8778076171875,754.4005622407169,740.6400369637939,751.9722342506716,2519000
2019-02-18,756.8289184570312,760.0666892311789,751.9722622958096,756.0194757634943,1392000
2019-02-19,762.4949951171875,764.1138804571391,753.5911257474539,756.0194537573813,1315600
2019-02-20,764.9232177734375,769.77987312438,760.066562422495,760.8760049809854,1297300
2019-02-21,767.3516235351562,771.3988367394556,759.2571971265576,768.1610661760161,1647500
2019-02-22,768.1610717773438,769.7799570708681,760.8760879564837,767.3516291305815,1254400
2019-02-25,776.2554931640625,778.6838210884547,768.1610667494216,774.6366078811343,1465000
2019-02-26,773.8272094726562,777.0649802235879,765.7327825953272,773.0177667849234,1757100
2019-02-27,795.6821899414062,797.3010753736369,782.7311064835603,783.5405491996756,2881700
2019-02-28,791.6348876953125,800.5387565753211,785.9687893171251,792.4443303207678,2185700
2019-03-01,794.8726806640625,798.9198939057329,786.7782541807218,798.1104512573988,1709800
2019-03-04,804.5859985351562,804.5859985351562,794.8726866816131,802.9671132262324,1790100
2019-03-05,801.34814453125,803.7764722419508,794.8726039693813,797.3009316800822,1228200
2019-03-06,794.063232421875,798.9198882776662,792.4443471366112,795.6821177071388,1398400
2019-03-07,791.6348876953125,795.6821008225892,778.6838056880272,785.9687893171251,1657300
2019-03-08,777.0648803710938,785.9687487920125,775.445995203654,781.9215358734131,2831300
2019-03-11,780.302734375,781.921619716027,772.2083076698651,777.8744063634596,753500
2019-03-12,787.587646484375,794.8726298537063,785.1593186945979,790.0159742741521,792700
2019-03-13,777.8743896484375,788.3971441389991,776.2555043421972,781.9216029140382,731700
2019-03-14,790.0160522460938,791.6349375990571,785.1593961872038,789.2066095696122,1000500
2019-03-15,783.54052734375,792.4443969726562,781.9216419566761,790.0160688920454,2063100
2019-03-18,783.54052734375,790.8255115855824,780.3027565696023,789.2066261985085,846000
2019-03-19,785.1594848632812,789.2066987027827,781.9217137916801,786.7783703990818,651700
2019-03-20,781.9215698242188,785.9687829185469,777.0649141110248,783.54045506195,1515900
2019-03-22,794.8726806640625,797.3010086090648,786.7782541807218,790.8254674223921,2428700
2019-03-25,770.5894775390625,782.7311184666738,766.5422638965255,782.7311184666738,1306300
2019-03-26,801.34814453125,803.7764722419508,785.9687356968119,785.9687356968119,2059000
2019-03-27,812.949951171875,818.7508172862513,807.9777802166954,817.0934269678581,1214900
2019-03-28,803.0056762695312,815.4361046947562,800.5195905844862,812.9500190097111,1161300
2019-03-29,797.2047729492188,808.8065056116815,795.547382568867,804.663029660802,1999400
2019-04-01,814.6074829101562,819.5796547285295,808.8066157887207,816.2648735162807,1536800
2019-04-02,803.834228515625,822.0655202963917,803.834228515625,820.4081301345038,1341100
2019-04-03,804.6630249023438,813.7786719403723,796.3760730495904,812.949976755097,1611900
2019-04-04,798.0335083007812,802.176984460183,794.7187273732598,798.0335083007812,1322100
2019-04-05,796.3760375976562,803.0055987847335,792.2325618557329,799.6908181911948,1853800
2019-04-08,803.0056762695312,811.2926285530145,802.1769810411829,804.6630667262278,1123400
2019-04-09,801.34814453125,801.34814453125,793.0611937087965,799.6907543667593,1243000
2019-04-10,777.316162109375,793.0613722160681,777.316162109375,791.4039816785214,1439600
2019-04-11,774.0013427734375,775.6587332290551,767.3717809509669,772.3439523178198,982600
2019-04-12,769.0291748046875,777.3161271193932,768.200479573217,776.4874318879226,1394500
2019-04-15,783.9456787109375,788.0891548140609,778.9735073871896,781.4595930490635,1686000
2019-04-16,786.4318237304688,793.0613859958468,784.7744331641243,789.7466048631578,1621700
2019-04-17,779.8021850585938,790.5752226842704,778.1447946546435,784.7743562704445,1387400
2019-04-18,773.172607421875,778.9734737155011,770.6865218674637,776.4873881610898,1337900
2019-04-19,766.54296875,773.1725295608109,764.8855785472973,770.6864442567568,1091700
2019-04-22,772.3438720703125,774.8299574954315,761.57083522813,764.056920653249,1039900
2019-04-23,785.60302734375,787.2604176967958,775.6586852254746,776.4873804019976,1657900
2019-04-24,774.8299560546875,793.0612491383272,772.3438706341913,788.9177734375,1337000
2019-04-25,784.7743530273438,785.6030482258943,774.8300106447375,775.6587058432881,1127800
2019-04-26,786.4318237304688,787.260519013641,774.001394482885,779.8022614650907,1314900
2019-05-07,777.316162109375,790.5752864097482,773.1726857655084,789.7465911409748,2061000
2019-05-08,768.2003784179688,775.6586345191141,763.2282076838718,769.8577686626677,2001600
2019-05-09,751.62646484375,760.7421110546444,748.3116844034248,759.0847208344818,2574800
2019-05-10,812.949951171875,816.2647318086615,747.4830335953428,758.2560706648987,6499500
2019-05-13,821.2369384765625,831.1812808193665,803.8343393766555,803.8343393766555,4507100
2019-05-14,834.4959716796875,835.3246667856256,812.1212038193582,812.9498989252963,4036300
2019-05-15,790.5751953125,829.5238684568266,787.2604146193659,828.695173283543,4912000
2019-05-16,809.6351928710938,811.2925832352106,783.9456422272822,787.260422955516,2516700
2019-05-17,809.6351928710938,815.4360591455028,800.5195458684509,801.3482410505094,2449900
2019-05-20,812.949951171875,814.6073414902683,802.1769141023191,803.8343044207123,2060000
2019-05-21,793.8900146484375,802.1769667846426,789.746538580335,801.348271571022,2439300
2019-05-22,781.4595947265625,788.9178517281946,777.3161186145446,787.2604612833875,2847300
2019-05-23,744.9970703125,771.5153197563264,738.3675079515434,769.0292338709677,4319800
2019-05-24,735.0526123046875,738.3673929689702,718.478708983274,732.5665268064755,3930800
2019-05-27,733.395263671875,738.3674349510063,723.4509211136123,734.2239588850636,2397500
2019-05-28,727.59423828125,739.1959687322038,718.4785929269291,735.8811886033599,6015400
2019-05-29,726.7656860351562,729.2517716202252,708.5343917446506,718.4787340849264,3088800
2019-05-30,741.6821899414062,742.5108851256983,719.3074199655202,719.3074199655202,2823900
2019-05-31,733.395263671875,740.0248253773834,729.2517876059322,735.0526540982521,3743400
2019-06-03,749.1404418945312,749.1404418945312,724.2795865219251,724.2795865219251,3188700
2019-06-04,754.9412841796875,755.7699793324643,737.5386859713742,740.0247714297046,3817500
2019-06-05,768.2003784179688,769.0290735403182,753.2838662156781,755.7699515827265,4083400
2019-06-06,755.77001953125,776.487399452611,754.9413243343956,772.3439234683389,3418200
2019-06-07,764.8856811523438,770.6865476399563,757.427424239699,764.0569859398277,2086900
2019-06-10,769.0291748046875,775.6587366564521,763.2283081843935,773.1726509620404,1951100
2019-06-11,780.6309204101562,783.1170061439465,770.686577474995,771.5152727195917,1787100
2019-06-12,769.8577880859375,779.8021298050239,769.8577880859375,777.3160443752523,2383200
2019-06-13,758.256103515625,764.8856650764174,749.1404563695355,762.3995794911202,2784600
2019-06-14,759.9134521484375,765.7143181953721,754.9412812510649,763.2282327466858,2594400
2019-06-17,758.256103515625,767.3717506617145,757.427408320526,758.256103515625,1486600
2019-06-18,746.654296875,761.5708089102386,741.6821261965871,754.9412480056881,2293300
2019-06-19,756.5986938476562,763.2282552395305,752.4552179777347,757.4273890216405,2492200
2019-06-20,758.256103515625,762.3995794911202,754.9413227352288,758.256103515625,2139300
2019-06-21,741.6821899414062,753.2839225214952,736.7100188356538,752.4552273372032,5303700
2019-06-24,744.168212890625,749.1403835780902,742.51082266147,743.3395177760475,1620100
2019-06-25,743.3397216796875,769.8579726203229,739.1962449702132,767.3718865946383,4767900
2019-06-26,736.7100219726562,737.5387171604771,726.7656797188071,737.5387171604771,2974100
2019-06-27,744.9970703125,744.9970703125,730.0805550003475,730.0805550003475,3031700
2019-06-28,741.6821899414062,743.3395803099904,732.5665429141934,741.6821899414062,3283100
2019-07-01,750.7977905273438,755.7699613255381,743.3395343300523,751.6264856603761,2910700
2019-07-02,757.4273681640625,764.8856245245402,750.797806954749,751.6265021059132,3496800
2019-07-03,765.71435546875,765.71435546875,749.140451670725,754.1126228101326,3490800
2019-07-04,771.5151977539062,775.6586735742817,768.2004170976059,769.029112261681,1986800
2019-07-05,778.144775390625,783.116946479383,774.8299946647863,777.3160802091654,2051500
2019-07-08,762.3995361328125,774.0012682043988,762.3995361328125,769.8577924645466,2080700
2019-07-09,754.1126708984375,773.1726614815849,753.283975655692,767.3717947823661,2392900
2019-07-10,740.0247802734375,748.3117319002397,739.1960851107573,747.4830367375595,3001300
2019-07-11,740.853515625,744.168296455537,735.8813443791946,740.853515625,2475800
2019-07-12,742.5109252929688,746.6544014385768,735.8813634599958,743.3396205220903,2020900
2019-07-16,737.538818359375,751.6266384853407,734.2240371532655,744.1683807715941,2505600
2019-07-17,740.853515625,742.5109060402685,733.3952587562919,737.5387347944632,2593900
2019-07-18,718.4786987304688,735.881296969615,716.8213084219786,734.2239066611249,3770700
2019-07-19,729.2516479492188,731.737733112682,719.3073072953658,719.3073072953658,1984200
2019-07-22,734.2239379882812,740.8534995051054,730.0804620402661,730.9091572298692,2643000
2019-07-23,738.367431640625,740.8535172690447,729.2517843364197,733.3952603837859,2136400
2019-07-24,727.59423828125,734.2237985389379,725.108153184617,733.3951035067269,3125600
2019-07-25,730.9091186523438,735.8812895275298,726.7656429230221,735.8812895275298,2918700
2019-07-26,720.1360473632812,729.2516935324368,720.1360473632812,727.594303319863,2210200
2019-07-29,715.1640014648438,723.450953973127,712.6779157123588,720.1361729698137,1905200
2019-07-30,727.59423828125,727.59423828125,716.8212028625071,716.8212028625071,2685300
2019-07-31,730.0805053710938,736.7100672813875,716.8213815505064,718.4787720280798,4491400
2019-08-01,737.538818359375,737.538818359375,720.1362170273,720.9649123288273,2127800
2019-08-02,725.93701171875,733.3952686884633,721.7935356244649,725.108316499893,3542200
2019-08-05,719.3074951171875,720.9648856589322,702.7335896997408,714.3353234919535,3843100
2019-08-06,719.3074951171875,720.9648856589322,700.2475038871238,700.2475038871238,3024100
2019-08-07,703.562255859375,718.4787701178776,702.7335606227915,713.5065986983767,3910700
2019-08-08,712.6778564453125,715.9926371729651,705.2195998080941,706.0482949900072,3036500
2019-08-09,718.4786987304688,720.964784193204,714.3352229592434,720.964784193204,2298000
2019-08-13,707.7057495117188,713.5066163109951,702.7335779694819,710.1918352828372,2820900
2019-08-14,716.8213500976562,718.4787405025063,709.3630932758309,715.1639596928062,2898500
2019-08-15,707.7057495117188,711.0205305398767,701.0761874554029,704.3909684835609,2676500
2019-08-16,713.506591796875,715.9926774825784,700.2474681397903,701.9048585969258,2026300
2019-08-19,720.1360473632812,723.4508277884287,712.6777914066995,720.9647424695681,2678400
2019-08-20,725.1082763671875,728.4230570591518,719.30741015625,720.9648005022322,1862400
2019-08-21,718.4786987304688,722.6221745016941,714.3352229592434,718.4786987304688,2748200
2019-08-22,720.96484375,721.7935389727011,714.3352819683907,718.4787580818966,2875800
2019-08-23,720.96484375,726.765710308908,720.1361485272988,724.2796246408045,2499400
2019-08-26,715.1640014648438,717.6500872173287,700.2474869499339,701.9048774515906,2624600
2019-08-27,725.93701171875,729.2517925941781,720.9648404056079,721.7935356244649,2515400
2019-08-28,719.3074951171875,726.7657525550385,719.3074951171875,724.2796667424216,2267800
2019-08-29,731.73779296875,732.5664880910249,720.1360612569011,723.4508417460008,2120300
2019-08-30,734.2239379882812,736.7100235570904,729.2517668506631,735.8813283674873,2955400
2019-09-02,730.9091186523438,735.0525943816655,728.4230332147507,731.7378137982081,1729200
2019-09-03,735.0526123046875,735.8813074707582,728.4230509761221,730.9091364743341,1919300
2019-09-04,730.0805053710938,739.1961529977476,730.0805053710938,736.7100672813875,2266000
2019-09-05,739.1961059570312,744.1682770733341,732.5665444686274,737.5387155849303,3074100
2019-09-06,749.9691162109375,754.9412871471426,742.5108598066298,744.1682501186982,2894600
2019-09-09,764.8856811523438,765.7143763648598,748.3117769020221,749.1404721145382,2242600
2019-09-10,775.65869140625,781.4595576881344,769.8578251243657,769.8578251243657,2569700
2019-09-11,793.0611572265625,793.0611572265625,777.3159513882085,781.459426608828,3707100
2019-09-12,808.8064575195312,813.7786283649382,801.3482012514207,801.3482012514207,3635300
2019-09-13,822.8942260742188,824.5516162576512,802.1768487813129,817.0933604322051,4484600
2019-09-17,819.5795288085938,832.8386516204617,814.6073577541432,816.2647481056267,3578600
2019-09-18,812.1212768554688,814.607362396863,803.834325050821,812.1212768554688,3651900
2019-09-19,826.2091674804688,832.8387295063903,816.2648244415865,816.2648244415865,2984800
2019-09-20,823.7230224609375,832.8386695907869,822.8943272673148,828.6951936226735,2907000
2019-09-24,827.037841796875,836.9821845840117,824.5517561000908,825.3804513323521,3193800
2019-09-25,830.3525390625,832.00992936003,821.2368924260853,823.7229778723803,2490900
2019-09-26,833.6673583984375,847.7551765821089,831.1812728366131,839.468224709361,2942700
2019-09-27,837.88623046875,842.9489871483195,829.4483026694676,839.5738160286065,2786900
2019-09-30,825.2294921875,834.5112144922673,823.5419063139059,833.6674215554702,3179600
2019-10-01,826.9170532226562,839.5739468944315,825.2294673997528,831.1360177799146,2614400
2019-10-02,831.1361083984375,834.5112804122383,823.5419713673858,823.5419713673858,2619900
2019-10-03,820.1668090820312,821.0106020954902,809.1974999070659,810.0412929205247,2659300
2019-10-04,818.47900390625,820.1665894813144,806.665904880799,813.4162471810567,2801200
2019-10-07,821.8543701171875,824.3857490805874,814.2602332269876,821.8543701171875,1993700
2019-10-08,826.0731811523438,835.3549022888869,823.5418026605593,826.9169739829387,2354500
2019-10-09,822.697998046875,824.3855836838942,814.2600698617789,817.6352411358173,2533000
2019-10-10,821.0104370117188,822.6980226993071,810.8849228861887,822.6980226993071,2250400
2019-10-11,833.6674194335938,833.6674194335938,824.3856971524506,831.1360406296457,2649600
2019-10-15,850.5432739257812,853.074652717227,845.4805163428897,849.6994809952993,2249600
2019-10-16,850.5432739257812,862.3563749525282,848.0118951343354,854.7622385781908,2574500
2019-10-17,850.5432739257812,854.7622385781908,842.105344620962,848.8556880648174,1952200
2019-10-18,845.4804077148438,856.4497144017629,844.6366148927731,852.2307502914094,2020100
2019-10-21,851.3870849609375,858.9812214967635,848.8557061156622,849.6994990640874,1739500
2019-10-23,862.3563842773438,862.3563842773438,847.1681113644356,859.8250054585258,1813900
2019-10-24,870.7942504882812,874.1694220018018,858.1373573125795,863.2001145828602,2974800
2019-10-25,868.2628784179688,869.9504641874886,864.0439139941691,868.2628784179688,2097500
2019-10-28,860.6687622070312,869.9504841524011,860.6687622070312,869.9504841524011,1743200
2019-10-29,867.4190673828125,869.1066531170203,860.6687244459813,861.5125173130851,2064300
2019-10-30,857.29345703125,861.5124208945928,852.2307003952386,860.6686281219241,4275500
2019-10-31,855.60595703125,864.8876784586107,853.0745784601517,861.5125070304796,2329800
2019-11-01,849.6994018554688,852.2307804111455,844.6366447441154,847.1680232997921,1636100
2019-11-05,867.4190673828125,869.9504459841243,856.4497601104617,869.1066531170203,2878000
2019-11-06,880.0760498046875,881.7636357103532,874.1694991348573,877.5446709461888,3029100
2019-11-07,880.0760498046875,883.451221616019,874.1694991348573,877.5446709461888,2198900
2019-11-08,879.2321166992188,887.6700448825126,873.3255669709131,887.6700448825126,3148500
2019-11-11,871.6381225585938,881.7636380191001,869.1067436934671,880.9198450640579,1728400
2019-11-12,898.639404296875,904.5459543720657,872.481825392459,875.0132039961121,5747000
2019-11-13,891.0452880859375,897.7956311774976,878.3883947892623,886.8263236537124,3043000
2019-11-14,898.639404296875,900.3269900326438,890.201475618031,891.8890613537999,2726800
2019-11-15,914.6715087890625,915.5153016938494,892.7328932646016,896.1080648837494,3552000
2019-11-18,912.9839477539062,914.671533609274,901.1708467663326,914.671533609274,2749500
2019-11-19,909.608642578125,918.0465706168831,903.7020929509943,915.5151922052556,3498000
2019-11-20,891.88916015625,899.4832968084792,881.7636446199443,898.6395038471203,3776800
2019-11-21,907.0773315429688,907.9211244095203,889.3576813453851,889.3576813453851,3123400
2019-11-22,909.608642578125,913.8276065975041,903.7020929509943,903.7020929509943,2405600
2019-11-25,921.421875,921.421875,910.4525669642858,915.5153245192308,2040700
2019-11-26,885.138671875,917.2027991688512,883.4510862279552,917.2027991688512,5298200
2019-11-27,895.2642822265625,901.1708326276803,891.0453176543356,895.2642822265625,2658600
2019-11-28,885.9824829101562,892.7328256370907,880.0759330240886,890.2014471144903,2048300
2019-11-29,884.294921875,888.5138861969226,881.7635432818463,887.6700933325382,1795100
2019-12-02,898.639404296875,899.4831971647594,883.4511326749559,884.2949255428404,2161000
2019-12-03,891.0452880859375,891.8890809723825,876.7008090163722,879.2321876757073,2383400
2019-12-04,896.9517822265625,897.7955750602657,883.4510968873104,889.3576467232332,2170700
2019-12-05,927.3283081054688,927.3283081054688,902.858316353823,903.7021091728453,4534400
2019-12-06,925.6406860351562,931.5472355358364,918.0465509628533,919.7341365344762,3549900
2019-12-09,930.7035522460938,934.9225166715066,918.8904518549375,930.7035522460936,2613600
2019-12-10,927.3283081054688,940.828993209825,924.7969296484019,939.9852003908027,2685700
2019-12-11,934.0786743164062,942.5166027203486,931.5472957952236,940.8290170395601,2647000
2019-12-12,944.2041625976562,950.9545051363348,939.9851985109822,945.0479554149911,2947700
2019-12-13,950.11083984375,960.2363550108237,945.8918751908026,956.8611832884658,4033500
2019-12-16,944.2041625976562,952.6420907710044,941.6727841456518,946.7355410496607,1844900
2019-12-17,940.8289184570312,945.8916749689076,933.2347836892166,941.6727112090106,2227800
2019-12-18,950.11083984375,954.3298044966974,944.2042893296236,951.798425704929,2233400
2019-12-19,949.2670288085938,956.017372124566,947.5794429796008,953.4859933810765,1790900
2019-12-20,953.4859619140625,953.4859619140625,940.8290686143183,950.110790367464,2849000
2019-12-23,947.5795288085938,954.3298727359925,945.8919428267441,953.4860797450676,1207100
2019-12-24,948.4231567382812,948.4231567382812,941.6728139856956,945.0479853619885,1079400
2019-12-25,945.891845703125,953.4859818416871,942.5166740859863,953.4859818416871,1068800
2019-12-26,953.4859619140625,953.4859619140625,944.2042401609168,945.891825934216,1101600
2019-12-27,958.5487670898438,965.2991105200539,956.0173883035148,960.2363529473963,1669300
2019-12-30,941.6729125976562,949.2670489895728,939.9853267327859,947.5794631247024,1745200
2020-01-06,936.6099853515625,936.6099853515625,926.4844719964105,931.5472286739865,2291700
2020-01-07,954.329833984375,955.1736269410367,942.5167325911112,945.0481114610964,1788100
2020-01-08,934.0786743164062,943.3603955607427,924.7969530720699,943.3603955607427,2242500
2020-01-09,947.5795288085938,950.1109077813683,941.6729778721199,945.8919428267441,1399400
2020-01-10,951.79833984375,952.6421326982214,943.360411299036,950.1107541348073,1783300
2020-01-14,956.8612060546875,961.080170808015,951.7984483506945,954.329827202691,2370600
2020-01-15,949.2670288085938,962.7677154405383,948.4232358940973,960.2363366970486,1394600
2020-01-16,944.2041625976562,945.0479554149911,934.9224416069734,943.3603697803214,2052600
2020-01-17,952.6422729492188,956.0174448640078,946.7357220983378,950.1108940131269,2004200
2020-01-20,962.767822265625,966.986787306228,954.3298921844188,956.01747820066,1306600
2020-01-21,965.2990112304688,973.7369396503155,961.0800470205454,962.7676327045148,2051700
2020-01-22,976.2683715820312,978.7997502464617,963.6114782598787,966.1428569243092,1715600
2020-01-23,977.9559326171875,981.3311040843737,961.0800752812568,968.6742110824256,3093900
2020-01-24,983.8624877929688,988.0814521488563,977.9559376947262,985.5500735353238,1529600
2020-01-27,965.2990112304688,975.4245253342849,961.9238398625301,964.4552183884841,2134900
2020-01-28,956.8612060546875,958.5487919560186,948.4232765480325,954.329827202691,2169400
2020-01-29,961.9239501953125,964.455329011616,946.7356772974919,952.6422278688666,2307100
2020-01-30,963.611572265625,974.5808808816084,956.8612285019428,964.4553652360852,1858700
2020-01-31,956.0171508789062,979.6433470171316,956.0171508789062,966.1426635095743,3426300
2020-02-03,940.8289184570312,947.5792604728664,936.6099546971342,943.3602967129694,3126500
2020-02-04,943.3605346679688,945.8919135624266,923.953296477125,931.5474331604986,3030800
2020-02-05,957.7048950195312,959.3924807376274,947.5793807109546,951.798345006195,1818500
2020-02-06,981.3310546875,987.2376044577601,966.1427838496883,966.9865766740111,2887000
2020-02-07,983.018798828125,984.70638474886,974.5808692244501,978.7998340262876,2068000
2020-02-10,988.0816650390625,992.3006303039604,973.73718313841,974.5809761913896,2053400
2020-02-12,945.891845703125,982.1749405873662,942.5166740859863,982.1749405873662,4335800
2020-02-13,935.7662963867188,939.1414678795473,923.9531961618188,936.6100892599259,3302800
2020-02-14,939.1415405273438,939.1415405273438,924.7970605731975,931.547404081031,2381400
2020-02-17,923.1094970703125,928.1722548238974,918.8905322756584,923.9532900292434,2315400
2020-02-18,913.8276977539062,917.2028693060905,907.0773546495376,911.296319089768,2436200
2020-02-19,921.421875,923.9532537774726,913.8277386675825,917.2029103708792,2083800
2020-02-20,912.9839477539062,924.7970487414799,908.7649831154871,916.3591194646416,2088900
2020-02-21,897.7957153320312,905.38985202187,894.4205434698808,902.0146801597194,2491400
2020-02-25,878.3883666992188,886.8262952938318,862.3563023694539,865.7314738072992,3311700
2020-02-26,873.32568359375,874.1694765247585,860.6687896286231,864.8877542836655,2270000
2020-02-27,854.7621459960938,869.106624260589,851.386974639742,869.106624260589,2732700
2020-02-28,828.6046142578125,848.0118506406329,820.1666853957166,835.3549573474892,4725300
2020-03-02,821.8543701171875,831.1360929829873,808.3536823123877,812.5726472513876,4190700
2020-03-03,808.3536376953125,837.042597697025,806.6660518128589,832.8236329908908,3973500
2020-03-04,804.9783935546875,812.5725293429392,791.4777077089066,798.228050631797,2828400
2020-03-05,788.1026611328125,810.8850721077439,783.8836961374548,808.3536931105293,4445000
2020-03-06,760.25732421875,781.3521445355855,750.131810466669,779.6645589102386,4045700
2020-03-09,721.44287109375,737.4749348958334,712.1611499451755,734.099763569079,4066800
2020-03-10,721.44287109375,724.8180424205044,683.4721936677632,704.567014459978,4567000
2020-03-11,713.0050048828125,720.5991410294934,702.0356971153846,708.7860403568786,5369800
2020-03-12,681.7846069335938,699.5042563712243,672.5028857995968,695.2852922194076,4681200
2020-03-13,643.8140258789062,664.9088497936804,612.5936864850406,631.1571315300419,5456000
2020-03-16,639.5950927734375,669.127847716802,636.2199207799101,657.3147457394562,4118300
2020-03-17,629.4694213867188,652.2518267184096,605.8432232649652,623.5628718562804,5741500
2020-03-18,621.0316162109375,650.5643696992294,619.3440302973208,627.7819598654042,6136900
2020-03-19,635.3760986328125,657.3147155842775,633.688512713469,633.688512713469,5669100
2020-03-23,632.8446044921875,648.8766678059895,619.3439195963541,632.8446044921875,6138700
2020-03-24,663.2210693359375,674.1903745539619,645.5014224452826,658.1583130814647,4592300
2020-03-25,731.568359375,732.4121521770472,687.6911336685409,688.5349264705882,4678900
2020-03-26,704.5670776367188,718.911557061658,689.3788053044302,706.2546634514174,4233300
2020-03-27,740.8500366210938,745.0690003831728,717.2238395534506,740.8500366210938,5027600
2020-03-30,748.6212768554688,751.2116618964911,701.9943461170659,733.9424282896753,4137600
2020-03-31,729.6251831054688,756.3924975152552,727.0347978400056,748.6213417188657,4383500
2020-04-01,698.5404663085938,732.2154702468325,688.1789266352895,723.5808538524124,4098500
2020-04-02,685.5885620117188,706.3116419717708,683.8616386817145,690.7693320017318,3067500
2020-04-03,675.2271118164062,728.7617421650216,664.8655704586098,723.5809714861233,3805000
2020-04-06,689.9059448242188,699.4040241647274,667.4559391102893,673.5001714178857,3322300
2020-04-07,717.5366821289062,729.6251460877567,700.2674479019771,713.2193735721739,3392500
2020-04-08,730.4885864257812,738.2597416005236,710.6289676458841,716.6731994484616,2430800
2020-04-09,738.2597045898438,739.986627875434,728.7616265190973,734.8058580186632,1993500
2020-04-10,745.1673583984375,747.7577431900891,727.8981264540937,746.0308199956547,2407400
2020-04-13,710.6290283203125,739.9867281537155,706.3117195212827,733.9424958350737,2448700
2020-04-14,690.769287109375,695.0865951538086,669.182746887207,678.680824584961,4516100
2020-04-15,700.2674560546875,705.4482263830822,689.0424536764989,690.7693771192971,2621000
2020-04-16,683.861572265625,695.0865728204901,676.9538796164773,689.0423417524859,3537400
2020-04-17,699.404052734375,700.2675145278743,681.2713550708912,688.179049418885,3086900
2020-04-20,690.769287109375,700.267364807129,686.4519790649414,689.0423638916016,1936300
2020-04-21,682.9981689453125,685.5885539097068,670.9097057781388,672.6366290877351,2839800
2020-04-22,689.04248046875,689.9059422237234,673.5001688792294,676.0905541441495,1882900
2020-04-23,707.1751098632812,707.1751098632812,691.632799756396,693.3597231016055,1699300
2020-04-24,698.5404663085938,705.4481594241299,693.3596964719417,704.5846977846879,1857200
2020-04-27,712.3558349609375,714.0827581972064,701.9942955433238,707.1750652521306,1574400
2020-04-28,712.3558349609375,714.9462198153409,704.5846803977272,714.0827581972064,2325900
2020-04-30,721.8539428710938,730.488559412614,714.0827879837256,724.4443278335499,3241600
2020-05-01,706.3118286132812,723.5810664766866,701.9945191474299,721.8541426903461,2559400
2020-05-07,732.215576171875,735.6694232292896,714.0828791204489,715.8098026491562,3326700
2020-05-08,754.66552734375,754.66552734375,742.5770635190217,745.1674486243206,2641000
2020-05-11,755.5289916992188,757.2559151088169,743.4405278320312,746.8943746512276,2219100
2020-05-12,746.0308837890625,756.3924238416884,745.1674221180103,752.9385771574797,1704800
2020-05-13,742.5770263671875,752.075104611419,729.6251014886901,733.078948122956,2857700
2020-05-14,730.4885864257812,746.8943584613485,726.1712779953689,740.850126658771,2471500
2020-05-15,729.6251831054688,742.5771094327848,726.1713360848512,736.532877146704,1850500
2020-05-18,738.2597045898438,741.7135511610244,727.8981648763021,738.2597045898438,1421800
2020-05-19,750.3482666015625,765.027116466035,746.0309578178941,758.9828841688992,1916700
2020-05-20,756.3924560546875,758.1193794703375,746.8943772686127,748.6213006842627,1576800
2020-05-21,746.8944702148438,755.5290883676165,744.304084769012,754.6656265523393,2142700
2020-05-22,736.5328979492188,746.8944393037212,729.6252037128838,745.1675157446375,2617900
2020-05-25,744.3040161132812,755.5290186764746,731.3520900788274,755.5290186764746,3699900
2020-05-26,771.0712280273438,771.934689648875,739.9866096522212,743.440456138346,3484300
2020-05-27,785.7501831054688,790.9309535435268,776.252103969029,777.1155657087054,2875900
2020-05-28,796.9751586914062,808.2001609264964,787.4770798770991,798.7020821121894,3554800
2020-05-29,787.47705078125,808.2001310649672,783.1597423888089,790.9308974952029,7097200
2020-06-01,793.5213623046875,802.1559799576221,781.432897590579,782.2963593558725,2947900
2020-06-02,797.8385620117188,804.7462551893094,793.5212537757245,796.9751003645199,2298700
2020-06-03,801.29248046875,815.9713297876818,796.1117101208918,811.6540211644666,2866400
2020-06-04,798.7019653320312,812.517350678315,791.7942726588893,812.517350678315,2586300
2020-06-05,806.4732666015625,806.4732666015625,790.0674935122373,797.8386491861282,2479000
2020-06-08,815.9713745117188,815.9713745117188,807.336756792018,813.3809891958085,2809400
2020-06-09,831.5135498046875,833.2404730649256,814.2443172023056,814.2443172023056,2772900
2020-06-10,795.248291015625,820.2886823722516,790.067520390116,819.4252206013334,3819500
2020-06-11,766.7540283203125,783.1598014487877,766.7540283203125,777.9790309871639,3675200
2020-06-12,760.7098388671875,762.436762451449,735.6694468953959,750.3482973616186,3687800
2020-06-15,729.6251831054688,761.5732680461816,727.0347978400056,754.6655740049464,2821900
2020-06-16,769.3444213867188,773.6617301487094,747.757877576766,751.2117245863584,2616200
2020-06-17,758.119384765625,774.5251573288903,755.5289996240568,769.3443870457539,3000000
2020-06-18,770.2078247070312,772.7982097677051,752.0751292823142,752.9385909692055,1969400
2020-06-19,772.7982177734375,783.1597581234724,764.163600815075,783.1597581234724,3282700
2020-06-22,768.48095703125,780.5694215238764,766.7540335323033,769.3444187807232,1644500
2020-06-23,772.7982177734375,777.9789879484549,760.7097540317301,771.9347560776013,1680700
2020-06-24,764.1635131835938,769.3442827644994,761.5731283931409,766.7538979740466,1622200
2020-06-25,740.8500366210938,762.4365761496804,739.1231134588069,761.573114568537,2014400
2020-06-26,765.8905029296875,769.3443496170819,756.3924245393532,760.709732898596,1909000
2020-06-29,752.0751342773438,762.4366745888572,749.4847491994655,752.9385959699699,1896200
2020-06-30,764.1635131835938,772.7981291517699,762.4365899899585,768.4808211676818,2213900
2020-07-01,746.0308837890625,762.4366555390534,744.3039604469582,759.846270525897,1622300
2020-07-02,750.3482666015625,757.2559606554319,744.3040343044268,744.3040343044268,2155400
2020-07-03,742.5770263671875,753.802027928552,737.3962564157886,751.2116429528526,1118800
2020-07-06,751.2117309570312,752.075192716752,739.1232663209411,742.577113359824,1369400
2020-07-07,743.4406127929688,752.9386926312064,739.1233037755879,751.2117690242542,1610300
2020-07-08,731.3519897460938,746.030837238046,731.3519897460938,733.9423745976147,1874800
2020-07-09,734.8059692382812,740.8502016526971,723.5809661829373,731.3521221443292,2471000
2020-07-10,721.8539428710938,733.0789443750701,721.8539428710938,731.352021066766,1979400
2020-07-13,734.8059692382812,740.8502016526971,730.4886603708412,733.9425074647933,1721800
2020-07-14,720.1270751953125,728.7616924038894,717.5366900327394,721.8539986370279,2831500
2020-07-15,736.5328979492188,742.5771304060119,728.7617419333419,730.4886654924256,2190500
2020-07-16,749.4846801757812,762.4366043723674,747.7577569495697,749.4846801757812,2337600
2020-07-17,747.7578125,749.4847358545035,740.8501190819861,747.7578125,1858700
2020-07-20,733.9424438476562,752.0751395191866,731.3520587517233,752.0751395191866,2039600
2020-07-21,723.5808715820312,727.8981798850267,717.5366399578377,727.8981798850267,2056100
2020-07-22,728.76171875,735.6694127665877,727.0347952458532,733.9424892624407,2013000
2020-07-27,727.8983154296875,727.8983154296875,711.4925408233245,722.7175445013623,1577900
2020-07-28,720.9906616210938,730.4887421933477,720.1271997508888,726.1714328423232,1893300
2020-07-29,714.0828247070312,714.9462864055888,705.4482077214566,710.6289779128014,1446400
2020-07-30,704.584716796875,720.1270267262178,704.584716796875,718.4001034007352,2033000
2020-07-31,652.7771606445312,702.8579481013868,651.0502369391224,699.4041006905692,5094400
2020-08-03,638.961669921875,648.459748799092,626.873205896326,641.552055070207,4862000
2020-08-04,674.3636474609375,676.0905710139745,643.279023506272,643.279023506272,3814100
2020-08-05,672.6366577148438,680.4078129387636,670.0462726402038,680.4078129387636,2147000
2020-08-06,675.2271118164062,680.4078824953045,670.9098029173243,673.5001882567735,1881000
2020-08-07,667.4559326171875,671.7732413663284,659.6847768687338,670.0463178666721,2514900
2020-08-11,688.178955078125,689.9058784283837,669.1827982252784,671.7731832506665,2404200
2020-08-12,695.0867309570312,699.4040398449631,682.998266070822,687.3155749587539,3182200
2020-08-13,700.2674560546875,705.4482263830822,691.6328388406963,701.9943794974857,2829300
2020-08-14,689.04248046875,701.1309450383773,686.4520952038299,701.1309450383773,1792200
2020-08-17,687.3154907226562,695.0866457685154,685.588567379132,686.4520290508941,1110000
2020-08-18,690.769287109375,693.3596719360352,681.271209411621,685.5885174560547,2205600
2020-08-19,698.5404663085938,699.4039279480357,691.6327731930576,693.3596964719417,1624600
2020-08-20,685.5885620117188,693.3597169967383,682.9981770167122,687.315485341723,2416900
2020-08-21,691.6328125,695.9501209425717,682.9981956148564,685.5885806803994,1475800
2020-08-24,691.6328125,695.9501209425717,687.3155040574281,691.6328125,1057500
2020-08-25,702.8577880859375,707.1750963665636,695.0866331808104,704.5847113981879,2460100
2020-08-26,700.2674560546875,701.9943794974857,692.4963005620954,696.813609169091,1561200
2020-08-27,693.35986328125,697.6771725171233,689.0425540453767,693.35986328125,1502000
2020-08-28,693.35986328125,711.4925620719179,686.4521685038528,698.540634364298,2923700
2020-08-31,704.584716796875,713.2193334242877,700.2674084831687,704.584716796875,2628900
2020-09-01,695.0867309570312,697.6771162897903,687.3155749587539,696.813654512204,1641900
2020-09-02,687.3154907226562,699.4039541273261,685.588567379132,698.5404924555639,1717700
2020-09-03,695.9501953125,701.9944277779932,692.496348189361,697.6771188740695,1866500
2020-09-04,695.9501953125,697.6771188740695,687.3155775046527,689.042501066222,1479900
2020-09-07,689.04248046875,695.0867127535636,688.1790187137767,693.3597892436169,1177000
2020-09-08,685.5885620117188,694.2231786617405,680.4077920217057,693.3597169967383,1597100
2020-09-09,682.134765625,684.7251508109177,670.90976315269,673.5001483386076,1818300
2020-09-10,692.4962768554688,693.3597385473086,682.1347365533919,685.5885833207509,1696100
2020-09-11,703.7213745117188,703.7213745117188,683.8617528997315,689.0425237550326,2773000
2020-09-14,722.7174682617188,724.4443917223202,710.6290040375084,712.3559274981098,1943200
2020-09-15,711.4923706054688,723.5808332128432,708.038524146219,721.8539099832183,1743800
2020-09-16,698.5404663085938,709.76546762134,695.9500813902677,708.902005981898,2067100
2020-09-17,695.0867309570312,705.4482722880678,695.0867309570312,698.5405780673767,2268400
2020-09-18,709.7655639648438,709.7655639648438,696.8136376151203,698.5405611284168,3657600
2020-09-23,703.7213745117188,704.5848363209356,693.3598328011167,695.9502182287672,2481000
2020-09-24,694.2232666015625,700.2674990222229,690.7694195040423,697.6771136990827,1675100
2020-09-25,695.0867309570312,702.8578869553086,690.7694220690994,702.8578869553086,1754600
2020-09-28,712.3558349609375,712.3558349609375,696.813525834517,700.2673723070549,2544800
2020-09-29,710.603515625,716.7369615058569,700.9652435265104,715.8607549514488,2052500
2020-09-30,691.3269653320312,711.4797159057154,690.4507587853494,710.6035093590334,2501200
2020-10-02,673.8028564453125,692.2031945276942,670.2980301439064,688.6983682262882,2382800
2020-10-05,692.2031860351562,696.5842188581636,680.8125006953372,685.1935335183446,1856400
2020-10-06,699.2128295898438,702.7176558033267,692.2031771628779,701.841449249956,1692000
2020-10-07,693.079345703125,696.5841717243796,684.3172806499881,689.5745196818702,1831700
2020-10-08,696.5841674804688,700.9651999803459,691.3269284806162,698.3365804804197,1472200
2020-10-09,690.4508056640625,696.5842519072711,686.9459792393718,694.8318386949258,1442700
2020-10-12,687.8222045898438,695.7080642603006,684.3173780696408,692.2032377400975,2300400
2020-10-13,692.2031860351562,694.8318057289606,684.3173269537431,690.4507729059534,1403200
2020-10-14,684.3173217773438,687.8221480092379,679.0600824295025,683.4411152193702,1523100
2020-10-15,678.1838989257812,685.1935516278566,678.1838989257812,683.4411384523377,1272300
2020-10-16,672.9265747070312,677.3076070944469,669.4217487970989,672.9265747070312,1363600
2020-10-19,671.1741333007812,679.0599912638453,670.2979268604408,673.8027526218026,1497800
2020-10-20,651.021484375,666.7932027044078,651.021484375,666.7932027044078,2264300
2020-10-21,662.4122314453125,665.0408514113653,652.7739582364521,654.526371547154,1707900
2020-10-22,650.1452026367188,659.7834738348372,648.3927896916064,653.6500285269436,1866100
2020-10-23,655.4025268554688,659.7835597889946,646.6404609884171,654.5263202687636,1869000
2020-10-26,665.040771484375,669.4218042346014,656.278705983922,657.1549125339674,1594200
2020-10-27,653.6499633789062,661.535820845944,649.2689314527742,661.535820845944,1487100
2020-10-28,635.249755859375,640.5069952182112,629.1163099407328,640.5069952182112,2306800
2020-10-29,637.0021362304688,639.6307557747485,622.9828319943099,623.8590385090698,1476900
2020-10-30,634.37353515625,639.6307743978764,629.9925024548946,639.6307743978764,2497300
2020-11-02,648.392822265625,650.1452352987753,638.7545505832982,639.6307570998733,2008900
2020-11-04,649.26904296875,660.659727933114,648.3928364330296,660.659727933114,1948600
2020-11-05,651.8976440429688,653.6500570645896,631.7448942943286,646.6404049781061,2598100
2020-11-06,663.288330078125,671.1741886919997,645.7641998250701,651.8976454136393,2709000
2020-11-09,680.8124389648438,687.8220908460777,665.9169287172217,669.4217546578386,3739000
2020-11-10,714.9844970703125,719.3655295278512,695.7079542571423,698.3365737316655,5688200
2020-11-11,721.1179809570312,743.8993509508135,719.3655678805865,732.5086659539224,4591700
2020-11-12,703.5938110351562,719.3655278454088,694.8317461405715,707.9748434824486,4311100
2020-11-13,694.8317260742188,705.3462036440682,685.1934549685234,703.59379071576,2622900
2020-11-16,698.3366088867188,700.9652284935696,688.6983369949322,697.4604023511018,2809500
2020-11-17,703.5938110351562,707.0986369929901,694.8317461405715,702.7176045456978,3200800
2020-11-18,697.46044921875,704.4701019747173,693.0794162462704,700.0890690022378,1779800
2020-11-19,710.603515625,711.4797221794081,690.4507648736128,691.326971428021,2537000
2020-11-20,699.2128295898438,702.7176558033267,692.2031771628779,700.9652426965852,2012700
2020-11-24,719.3656005859375,726.3752532104046,712.3559479614704,716.7369808517624,2299800
2020-11-25,717.6131591796875,735.1372900509863,713.2321264618628,732.5086704202915,3096300
2020-11-26,707.0987548828125,713.2322013316101,701.8415150695573,713.2322013316101,1636300
2020-11-27,711.479736328125,714.108356043623,704.4700837534637,708.851116612627,2491000
2020-11-30,694.8317260742188,715.8606812139176,692.2031066817564,715.8606812139176,5936400
2020-12-01,707.0987548828125,710.6035814249825,693.0794487141321,701.8415150695573,3027200
2020-12-02,709.7273559570312,718.4894220799575,707.0987361201534,714.984595630787,3195200
2020-12-03,707.0987548828125,714.9846146026952,701.8415150695573,703.5939283406424,2012800
2020-12-04,717.6131591796875,727.2514311589018,707.0986806569082,707.9748872004732,2167200
2020-12-07,714.1083984375,729.0039110429448,714.1083984375,725.4990845475461,1611700
2020-12-08,717.6131591796875,721.1179853539472,711.4797133747329,711.4797133747329,2174500
2020-12-09,739.518310546875,739.518310546875,719.3655603779436,724.6227995524474,2850000
2020-12-10,729.0037841796875,740.3944683074951,729.0037841796875,740.3944683074951,2199700
2020-12-11,716.737060546875,735.1374007320637,712.3560271694491,730.7563673546379,2457300
2020-12-14,719.3656005859375,727.2514597884631,714.9845676956456,716.7369808517624,2361200
2020-12-15,713.2320556640625,718.4892944036011,707.0986104679342,707.9748169245239,1737900
2020-12-16,703.5938110351562,713.2320824191995,702.7176045456978,712.355875929741,1958800
2020-12-17,683.4411010742188,701.8414384108323,682.56489453438,700.9652318709935,2987700
2020-12-18,683.4411010742188,688.6983403132512,679.9362749148638,684.3173076140574,3245600
2020-12-21,670.2980346679688,686.0697531307444,666.7932083429074,683.4411333869485,2239400
2020-12-22,646.640380859375,662.4120974657012,645.7641743812458,659.7834780313135,3651800
2020-12-23,641.3831787109375,654.5262766353419,639.6307656543502,652.7738635787547,3102400
2020-12-24,648.392822265625,655.4024743982263,645.7642027158995,645.7642027158995,1818100
2020-12-25,652.77392578125,657.1549588401846,648.3928927223154,655.4025456166107,1799200
2020-12-28,648.392822265625,654.5262678816512,644.0117896827492,650.1452352987753,1644400
2020-12-29,664.1644897460938,665.9169026477985,655.40242523757,656.2786316884224,1905700
2020-12-30,657.1548461914062,665.9169108072916,651.0214009602864,665.9169108072916,1843400
2021-01-04,648.392822265625,665.9169525971283,646.6404092324747,665.0407460805532,1703000
2021-01-05,636.1259765625,642.2594226175103,634.3735634039256,638.7545963003615,3329800
2021-01-06,651.8976440429688,652.7738505537792,632.621100805139,633.4973073159495,2770300
2021-01-07,665.040771484375,672.0504238847373,658.0311190840126,662.4121518342391,3365600
2021-01-08,672.9265747070312,672.9265747070312,656.2786516348522,672.9265747070312,3606600
2021-01-12,669.4218139648438,672.9266402159686,664.1645745881565,672.9266402159686,2354000
2021-01-13,666.7931518554688,672.0503908976932,661.5359128132443,672.0503908976932,2767700
2021-01-14,682.5648193359375,683.4410257792442,665.9168969131098,665.9168969131098,3098400
2021-01-15,679.06005859375,689.5745369203629,676.4314390120968,683.4410912298388,2453500
2021-01-18,670.2980346679688,678.1838938993566,667.6694149241728,674.6790675742953,1596400
2021-01-19,673.8028564453125,679.936302472773,667.669410417852,674.679063020664,1900000
2021-01-20,666.7931518554688,670.2979778836184,663.2883258273191,666.7931518554688,2526500
2021-01-21,682.5648193359375,684.317232222551,672.0503420162569,672.9265484595635,2620300
2021-01-22,689.5745849609375,693.0794113139791,681.6887256665939,681.6887256665939,3005900
2021-01-25,678.1838989257812,696.5842372687288,677.3076923380219,693.9556175054506,3030200
2021-01-26,675.5552368164062,684.3173021447643,673.8028237507347,679.9362694805852,2013500
2021-01-27,679.936279296875,681.6886923878463,673.8028334784753,677.307659660418,1586300
2021-01-28,671.1741333007812,677.3075783831644,663.2882753377172,665.9168946587386,6666900
2021-01-29,645.7642211914062,682.5648959404416,640.506981941544,677.3076566905794,5771500
2021-02-01,645.7642211914062,668.5455912741425,644.0118081081189,648.3928408163374,4794200
2021-02-02,644.0118408203125,656.2787330264138,642.2594276480123,648.3928737510629,3149600
2021-02-03,662.4122314453125,662.4122314453125,644.8880983382936,647.5167183043465,3138100
2021-02-04,654.5262451171875,665.916929436496,654.5262451171875,662.4121034920934,2422400
2021-02-05,669.4218139648438,670.298020527625,655.4025089603444,659.7835417742505,3110500
2021-02-08,700.0890502929688,700.9652568640488,675.5552663027271,677.3076794448872,4793500
2021-02-09,693.9555053710938,704.4699827252012,689.5744731402156,693.9555053710938,2748100
2021-02-10,688.6983642578125,694.8318102499304,687.82215768751,687.82215768751,1705500
2021-02-12,695.7078857421875,697.4602985526212,683.4409960691515,690.4506473108863,3132300
2021-02-15,720.2417602539062,722.8703798168767,706.2224559180638,707.9748689600441,2709000
2021-02-16,725.4989624023438,733.3848206893258,720.2417235443558,725.4989624023438,3029600
2021-02-17,714.1083984375,721.9942580521473,714.1083984375,721.1180514282976,1951100
2021-02-18,703.5938110351562,724.6227667821597,700.9651915667808,718.4893213559503,2450400
2021-02-19,706.2224731445312,707.0986796868942,697.4604077209019,701.8414404327166,1902600
2021-02-22,715.8607177734375,721.9941633357558,712.355891737827,719.365543809048,2257100
2021-02-24,715.8607177734375,729.8800219158794,714.984511264535,729.0038154069767,3027500
2021-02-25,740.39453125,743.899357433432,728.1276396079882,735.1372919748521,3374800
2021-02-26,705.34619140625,736.8896235685171,700.9651591614908,736.8896235685171,4441200
2021-03-01,725.4989624023438,727.2513753550064,712.3558652573738,714.1082782100365,2632400
2021-03-02,733.3848876953125,741.270746702789,729.0038549133811,733.3848876953125,2649600
2021-03-03,741.270751953125,743.0231650783097,732.5086863272015,734.2610994523862,1614800
2021-03-04,743.0232543945312,748.2804944020397,732.5087743795143,741.2708410586952,2155400
2021-03-05,751.78515625,751.78515625,737.7658526369463,749.1565368225524,2426200
2021-03-08,751.78515625,762.2996339597902,743.8992979676573,761.4234274839744,2532900
2021-03-09,771.061767578125,777.1952134565875,760.5472889293325,768.4331479159268,2868000
2021-03-10,774.566650390625,776.3190636268029,761.4235511192909,763.1759643554688,2764500
2021-03-11,799.1004028320312,809.6148818166632,791.2145435935573,797.347989667926,3534700
2021-03-12,791.2145385742188,797.3479846096778,776.3190267738182,797.3479846096778,3331600
2021-03-15,806.9862060546875,813.9958582245437,793.8431082362073,795.5955212786713,2248100
2021-03-16,813.11962890625,825.386519859577,804.3575639395877,806.9861834295864,2788200
2021-03-17,796.4717407226562,799.9765668644501,791.2145015099654,794.7193276517593,2746000
2021-03-18,806.9862060546875,812.2434451820795,797.3479343211353,799.9765538848313,2221500
2021-03-19,811.3673095703125,819.2531689505855,795.5955908097665,801.7290369944233,4223300
2021-03-22,817.5006103515625,821.0054361194149,800.8526879542638,806.1099266060423,2565300
2021-03-23,812.2434692382812,822.7579478044726,809.6148495967334,811.3672626910986,2425600
2021-03-24,790.3382568359375,815.7482451377581,788.585843849605,812.2434191650932,2174800
2021-03-25,811.3673095703125,820.1293755483936,796.4717974075745,797.3480040053827,1914600
2021-03-26,822.7578735351562,828.0151123436876,816.6244282585363,822.7578735351562,2032200
2021-03-29,820.1292724609375,837.6534022143763,810.4910010965461,835.9009892390325,2848500
2021-03-30,818.3541259765625,819.2417117964937,800.6024095779386,807.7030961373881,2783400
2021-03-31,795.27685546875,808.590642111642,795.27685546875,805.0402990068708,2401300
2021-04-01,800.6024169921875,825.4548201804151,798.8272453358856,808.5906894455464,2448300
2021-04-02,799.71484375,810.3658738554384,797.0520862236403,806.8155304869589,1077600
2021-04-05,804.15283203125,805.9280038458885,796.1645588653766,803.2652461239308,987700
2021-04-06,801.4900512695312,808.5907383239678,792.6141924514855,807.7031524421633,2160500
2021-04-07,807.703125,813.9162259615385,799.7148523351649,807.703125,2643400
2021-04-08,802.3775024414062,809.4781883037195,796.1644023118821,809.4781883037195,2874500
2021-04-09,802.3775024414062,813.0285312348763,800.602330975828,807.7030168381413,3326500
2021-04-12,805.9279174804688,809.4782607292814,797.9396451706403,808.5906749170782,1948100
2021-04-13,806.8155517578125,818.3541680095743,805.9279658922924,808.5907234888527,1811600
2021-04-14,797.0520629882812,798.8272346207718,781.9631041121112,795.2768913557907,2101700
2021-04-15,805.0403442382812,811.2534450207156,801.490000934033,801.490000934033,1514000
2021-04-16,807.703125,810.3658825549451,799.7148523351649,807.703125,2169800
2021-04-19,806.8155517578125,815.691410413014,806.8155517578125,807.7031376233326,1616800
2021-04-20,797.9397583007812,804.1528598670833,794.3894145486087,803.2652739290401,2290200
2021-04-21,781.9630737304688,785.5134168575083,771.31204434935,780.187902166949,2857100
2021-04-22,784.6259155273438,790.8390166683973,779.3004002635835,789.9514307911039,2408300
2021-04-23,789.951416015625,791.7265877370085,779.3003856873245,784.6259008514747,2034100
2021-04-26,793.501708984375,797.9396380055404,788.1761941589765,794.389294788608,2234500
2021-04-27,796.16455078125,799.7148943744775,788.1762776964883,793.5017930863295,1996200
2021-04-28,797.9397583007812,801.4901020529538,791.7266567344793,797.9397583007812,1858200
2021-04-30,794.3892822265625,805.9278974991271,790.8389390657734,800.6023827579435,2833700
2021-05-06,811.2534790039062,813.9162365936346,804.152792097964,812.1410648671491,3107000
2021-05-07,829.0052490234375,833.4431786220641,813.028702468382,814.8038743078326,2745500
2021-05-10,829.8927001953125,845.8692441562918,803.2651269270137,830.7802859709225,6206800
2021-05-11,807.703125,830.7803571428572,803.2651957417582,826.3424278846154,4245900
2021-05-12,797.9397583007812,815.691477061644,789.951484858393,803.2652739290401,3464000
2021-05-13,791.7266235351562,805.927997948343,789.951451733508,799.7148966425738,3089200
2021-05-14,808.5906982421875,810.3658699178015,797.9396681885033,800.6024257019244,3310900
2021-05-17,789.0639038085938,810.3659664535952,779.3004584296348,807.70320862297,2926400
2021-05-18,794.3892822265625,801.4899685481407,787.2885959049843,796.1644538069571,3037700
2021-05-19,810.365966796875,810.365966796875,787.2887322550143,787.2887322550143,2492400
2021-05-20,803.2651977539062,808.5907128771365,798.8272684845476,804.152783607778,2238200
2021-05-21,810.365966796875,813.0287246286281,804.152865189451,805.9280370772864,1660500
2021-05-24,811.2534790039062,820.1293376363342,807.7031355509351,810.3658931406635,1362300
2021-05-25,806.8155517578125,816.5789962785341,805.9279658922924,816.5789962785341,1779900
2021-05-26,799.71484375,804.1527729605993,791.7265711709211,798.8272579078802,2505700
2021-05-27,787.2886352539062,797.0520794340562,781.9631202465517,795.276907764938,5206400
2021-05-28,797.0520629882812,800.6024062532625,792.6141339070548,794.3893055395454,2867700
2021-05-31,796.16455078125,799.7148943744775,791.7266212897157,794.3893789846363,2122800
2021-06-01,800.6024169921875,803.2651744766405,793.5017303669797,801.4900028203385,1846900
2021-06-02,833.443115234375,834.3307010865948,806.8155396677815,813.9162264855398,3222300
2021-06-03,826.3424072265625,844.0941238157475,823.6796497381847,826.3424072265625,2749600
2021-06-04,836.9934692382812,841.4313985555574,831.6679540575499,834.3307116479156,2200800
2021-06-07,845.8692626953125,845.8692626953125,834.3306473594897,836.9934047446795,1858300
2021-06-08,831.6680297851562,841.4314751721752,827.230100063784,836.9935454508029,2934700
2021-06-09,835.21826171875,840.5437766712606,832.5555042424946,832.5555042424946,1405400
2021-06-10,833.443115234375,838.7686303476937,826.3424284166167,835.2182869388146,1970700
2021-06-11,828.1175537109375,838.7685833406603,822.7920388960762,837.8809975381834,2922400
2021-06-14,783.73828125,832.55550148641,781.0755237825595,829.8927440189694,6552900
2021-06-15,766.8742065429688,789.9514396102339,763.3238629941586,784.625924287019,5824200
2021-06-16,776.6376342773438,783.7383212193081,772.199704938616,773.9748766741071,3407600
2021-06-17,770.424560546875,784.6259349348359,762.436287453647,781.0755913378456,3221800
2021-06-18,765.986572265625,768.6493297590165,754.4479564609285,762.436228941103,4210500
2021-06-21,744.6845092773438,753.5603675524014,736.6962368297917,752.6727817248957,3880100
2021-06-22,770.424560546875,771.3121464461225,755.3356002596666,757.9983579574092,2947000
2021-06-23,768.6493530273438,774.8624540333384,764.2114237373476,769.5369388853429,2800500
2021-06-24,765.0990600585938,768.6494037247589,757.1107868097221,762.4363023089699,1914700
2021-06-25,762.436279296875,773.9748958636496,759.7735216276194,771.3121381943939,1867300
2021-06-28,771.3121337890625,772.199719673745,764.2114467116028,771.3121337890625,1363900
2021-06-29,758.885986328125,763.3239160727339,756.2232284813597,759.7735722770468,1914800
2021-06-30,756.22314453125,762.4362454839716,752.6728011296949,752.6728011296949,2075100
2021-07-01,759.7735595703125,770.4245907792422,757.1108017680801,764.2114892406998,2438700
2021-07-02,773.0872192382812,775.7499765950148,762.4361898113475,762.4361898113475,3196400
2021-07-05,769.536865234375,772.199622553525,766.874107915225,767.7616936882749,1600100
2021-07-06,773.9749755859375,778.4129054918202,771.312217642408,775.7501475482906,1533500
2021-07-07,766.8742065429688,769.5369642045763,759.7735194453486,760.6611053325512,1941600
2021-07-08,769.536865234375,773.9747940996251,756.2230786386245,763.3237648230248,2733800
2021-07-09,770.424560546875,772.1997323453701,752.672842561924,756.2231861589141,2947200
2021-07-12,790.8389282226562,790.8389282226562,779.3003131082966,780.1878988863242,2480000
2021-07-13,794.3892822265625,796.1644538069571,785.5134243245898,790.8389390657734,1968600
2021-07-14,807.703125,807.703125,794.3893372252747,795.2769230769231,2401000
2021-07-15,803.2651977539062,819.2417431235972,800.602440192291,809.4782987310083,3077800
2021-07-16,797.0520629882812,805.9279211507343,789.9513764583188,789.9513764583188,2857300
2021-07-19,794.3892822265625,797.9396253873516,788.1761816951816,794.3892822265625,1516400
2021-07-20,787.2886352539062,790.8389785921426,780.1879485774335,783.73829191567,2018300
2021-07-21,795.27685546875,805.9278847830636,793.5016839163644,800.6023701259068,1865100
2021-07-26,790.8389282226562,808.5906437832098,789.063756666601,808.5906437832098,2371900
2021-07-27,798.8272705078125,803.2651997884115,797.052098795573,800.6024422200521,1694500
2021-07-28,782.8507080078125,787.2886371915303,778.4127788240947,778.4127788240947,3308400
2021-07-29,777.5252685546875,782.8507840927333,770.4245811706264,781.9631981697257,3005700
2021-07-30,712.7314453125,787.2886575245174,706.5183442948319,776.6376272085149,9253700
2021-08-02,734.9210815429688,743.7969400157099,718.0569504447606,722.4948796811311,7406200
2021-08-03,735.8087768554688,742.0218787107019,720.7198152070454,721.6074011863644,4651200
2021-08-04,740.2466430664062,741.1342289693636,727.8204404250038,729.5956122309184,2331100
2021-08-05,726.932861328125,738.4714781746032,723.3825176830549,730.4832049731953,2735500
2021-08-06,727.8203735351562,733.1458884634623,717.1693436785441,719.8321011426972,3038400
2021-08-10,724.27001953125,734.921049230239,718.9445046817555,726.9327769559972,2619900
2021-08-11,735.8087768554688,736.6963628347878,718.9446432484074,732.2584329381926,3619800
2021-08-12,747.347412109375,751.7853421100245,735.8087941076864,741.1343101084657,2923300
2021-08-13,742.021728515625,750.0100007125635,740.2465569163053,746.4596575139242,1984100
2021-08-16,729.5955810546875,739.3590255700178,721.6073082694172,736.6962679749278,2995900
2021-08-17,722.494873046875,734.9210747946099,721.6072872077511,731.3707314381143,2157700
2021-08-18,738.4714965820312,740.2466684488151,715.3942623138428,715.3942623138428,2710300
2021-08-19,734.9210815429688,737.5838390847911,726.9328089175017,734.0334956956946,2382000
2021-08-20,731.3707275390625,736.696242545415,730.4831417046705,732.2583133734546,2496900
2021-08-23,728.7080078125,741.1342101381699,726.045250171285,734.921108975335,1426300
2021-08-24,727.8203735351562,733.1458884634623,725.1576160710032,725.1576160710032,1780600
2021-08-25,720.7196044921875,729.5954616903671,719.8320187723695,726.9327045309133,1806100
2021-08-26,718.9445190429688,723.3824481728636,715.3941757390528,723.3824481728636,1575800
2021-08-27,702.968017578125,712.7314622667101,702.0804316973446,708.2935328628078,2379800
2021-08-30,709.1812133789062,712.7315573757969,702.0805253851249,707.4060413804609,2181900
2021-08-31,701.19287109375,708.2935583959652,696.7549415298655,702.0804570065269,4573700
2021-09-01,708.29345703125,711.8438001742638,688.7665697446743,690.5417413161811,3490100
2021-09-02,701.19287109375,710.068730221519,697.6425274426424,706.5183865704114,2239500
2021-09-03,722.494873046875,727.8203880816186,692.3169545166616,692.3169545166616,4057600
2021-09-06,723.382568359375,731.3708421203988,721.6073964124809,730.4832561469517,2096600
2021-09-07,726.932861328125,733.1459627069979,725.1576895055899,732.2583767957303,2049500
2021-09-08,734.0335693359375,734.9211552722567,723.3825381001077,726.0452959090651,2294600
2021-09-09,722.494873046875,730.4831455989903,719.8321155295032,726.0452164033707,2572600
2021-09-10,728.7080078125,731.370765453715,723.38249253007,729.5955936929049,3503400
2021-09-13,740.2466430664062,740.2466430664062,723.3825109102171,727.8204404250038,2056800
2021-09-14,750.8976440429688,755.3355733812842,747.3473005723165,752.672815778295,2594600
2021-09-15,749.1224975585938,751.7852552513376,735.8087090948748,737.5838808900372,2846300
2021-09-16,765.986572265625,768.6493297590165,751.7851989675369,756.2231281231894,3212700
2021-09-17,765.986572265625,773.0872589146691,758.8858856165809,767.761743927886,4047500
2021-09-21,750.8976440429688,765.9866037932412,750.0100581753057,750.0100581753057,2339500
2021-09-22,738.4714965820312,747.34735591595,736.6963247152476,741.1342543822069,3029000
2021-09-24,744.6845092773438,751.7851958973899,735.808651002286,750.0100242423783,3416400
2021-09-27,758.885986328125,761.5487441748904,750.0101268389072,750.8977127878289,2009700
2021-09-28,765.986572265625,767.761743927886,757.9982997854504,765.0989864344945,2238300
2021-09-29,764.6373291015625,768.2356224149817,758.3403158030791,764.6373291015625,2582500
2021-09-30,758.3402099609375,782.6286864365547,757.4406367581369,774.532527611349,3240900
2021-10-01,749.344482421875,757.4406412955807,743.9470431727378,752.9427752546331,2180800
2021-10-04,769.1351318359375,773.6329981039839,758.3402527926261,760.1393992998446,2592200
2021-10-05,779.0303955078125,792.5239935824281,769.1350902530943,769.1350902530943,4339000
2021-10-06,765.536865234375,779.9300377887229,748.444972826087,771.8338782269021,3376900
2021-10-07,770.0347290039062,771.8338755669995,758.3402763438002,768.235582440813,2076600
2021-10-08,777.2313232421875,783.5283362777144,769.1351636250813,776.3317499513979,2876500
2021-10-11,770.0347290039062,777.2313152562792,761.9385694699866,776.3317419747326,2987300
2021-10-12,759.2399291992188,765.5369428300179,757.4407824475618,763.737796078361,2866100
2021-10-13,763.7376098632812,764.6371830197751,753.8423051418489,758.3401709243182,2287400
2021-10-14,764.6373291015625,765.5369024299173,752.0433025045957,758.3403158030791,2149300
2021-10-15,768.2355346679688,771.8338275703948,764.6372417655426,767.3359614423622,1975200
2021-10-18,770.9343872070312,773.6331073489462,765.5369469232014,772.7335339683078,1249700
2021-10-19,769.1351318359375,773.6329981039839,765.5368388215004,770.0347050895468,1364500
2021-10-20,772.7335205078125,779.030534062591,770.0348004129074,773.6330938727808,1349900
2021-10-21,768.2355346679688,778.1308401496404,764.6372417655426,775.4321204728209,1767500
2021-10-22,770.9343872070312,777.2314008714994,759.2399332587332,762.8382267812865,1659200
2021-10-25,762.8381958007812,774.5326492741423,761.9386224566766,770.0347825536188,1328800
2021-10-26,765.536865234375,772.7334515115489,761.0389988111413,765.536865234375,1428100
2021-10-27,757.4407348632812,769.135188014377,755.6415882246512,767.336041375747,1816400
2021-10-28,756.5410766601562,761.0389427520716,744.8466248211764,751.143637349858,2158300
2021-10-29,749.344482421875,753.8423484628227,743.0474699645483,752.9427752546331,1778000
2021-11-01,792.5240478515625,792.5240478515625,770.0347161872162,771.8338627203639,3332600
2021-11-02,782.6287231445312,794.3231753294496,779.9300034095501,789.8253091044809,1850100
2021-11-04,794.3231811523438,801.519767165049,788.9257416428148,791.6244613975792,2291400
2021-11-05,788.026123046875,790.7248426463506,779.9299642484482,783.528257047749,1739800
2021-11-08,727.7547607421875,803.3189138971242,719.6586014755871,797.0219011342127,8752800
2021-11-09,710.662841796875,719.658573971519,697.169243534909,706.164975709553,7859300
2021-11-10,698.06884765625,707.0645802291398,688.1735418260712,704.3658604572729,3295100
2021-11-11,686.3743286132812,698.0687798216334,686.3743286132812,697.1692066517601,2095600
2021-11-12,696.2697143554688,698.9684341785519,683.6756885144138,684.5752617887748,2340500
2021-11-15,690.8721923828125,699.8679240544637,689.0730460484823,698.0687777201335,1411700
2021-11-16,689.072998046875,701.6670215098727,689.072998046875,697.1691559873735,1709800
2021-11-17,677.378662109375,687.2739679303619,676.4790888529217,686.3743946739086,2072200
2021-11-18,682.7760620117188,683.6756352159503,668.3828907440146,673.7803299694036,2760600
2021-11-19,679.1777954101562,686.374381321787,675.5795024543409,679.1777954101562,1478800
2021-11-22,671.9812622070312,677.3787020641158,667.4833956594608,675.5795554450876,1731800
2021-11-24,672.8807983398438,683.6756774575953,671.0816518202186,677.3786646389069,1971100
2021-11-25,678.2781982421875,680.9769178638408,674.6799054133165,676.4790518277521,1638600
2021-11-26,671.0816040039062,680.9769091567789,667.4833112210436,678.2781895696318,2556300
2021-11-29,652.1906127929688,669.2825047144396,652.1906127929688,666.5837849373653,2666600
2021-11-30,644.9939575195312,671.0815792323156,642.2952380320019,661.1862744447077,8232100
2021-12-01,653.98974609375,660.2867587796595,638.6970009993983,640.4961474810867,3216500
2021-12-02,649.4918212890625,659.387126045544,646.7931018100221,647.6926749697022,2501900
2021-12-03,657.5880126953125,658.487585900094,642.2952682140261,645.8935610331523,3227400
2021-12-06,659.3871459960938,667.483304678174,652.1905605009113,661.1862923698893,1734200
2021-12-07,663.8850708007812,666.5837906007845,646.7931787340945,652.1906183341008,2941900
2021-12-08,650.3915405273438,661.1864208680465,649.4919671656185,660.2868475063214,3345000
2021-12-09,642.2953491210938,651.2910823020615,639.5966291668035,650.3915089839647,2526600
2021-12-10,640.4961547851562,646.7931675428755,636.8978617807453,638.6970082829507,3004100
2021-12-13,643.1948852539062,645.8936050521744,638.6970189234594,644.994031786085,1902100
2021-12-14,640.4961547851562,648.592314045081,638.6970082829507,644.99402104067,1789800
2021-12-15,647.6927490234375,651.2910420735677,639.5965896606446,640.496162923177,1858500
2021-12-16,650.3915405273438,655.7889806976951,647.692820442168,655.7889806976951,1844700
2021-12-17,648.5923461914062,654.8893592612258,645.8936263043407,653.9897859655372,3483600
2021-12-20,637.79736328125,644.9939484804743,637.79736328125,638.696936431153,2297800
2021-12-21,647.6927490234375,652.1906153361002,642.2953094482422,643.1948827107748,2155400
2021-12-22,644.0944213867188,651.2910071005368,641.395701744037,647.6927142436277,1844500
2021-12-23,650.3915405273438,650.3915405273438,644.0945269952671,650.3915405273438,1161400
2021-12-24,644.9939575195312,653.0901159821195,642.2952380320019,653.0901159821195,1421500
2021-12-27,638.6970825195312,643.1949492978378,635.9983624525473,643.1949492978378,1359800
2021-12-28,639.5965576171875,644.0944237045095,635.9982647473299,643.1948504870451,1968600
2021-12-29,645.8936157226562,646.793189003607,642.2953225988531,642.2953225988531,1697500
2021-12-30,641.3956909179688,648.5922765103162,637.797398121795,644.0944105150991,2445500
2022-01-04,653.0901489257812,654.8892953415548,644.0944168469138,650.391429302121,2138000
2022-01-05,664.7845458984375,668.3828384337471,655.7888145601637,659.3871070954732,2552100
2022-01-06,656.6884765625,669.282502140411,654.8893300513698,665.6842091181506,2181100
2022-01-07,656.6884765625,663.8850626070206,654.8893300513698,662.9854893514555,2751400
2022-01-11,655.7888793945312,661.1863187311118,653.9897329490044,661.1863187311118,2407500
2022-01-12,659.3871459960938,663.8850119305828,655.7888532485025,656.6884264354003,2198400
2022-01-13,654.8892822265625,662.0858677455358,653.9897090366909,659.3871481759207,1623700
2022-01-14,650.3915405273438,656.6885540594204,645.8936737187175,652.1906872507942,2524300
2022-01-17,678.2781982421875,680.9769178638408,657.5880144761792,659.3871608906147,2995700
2022-01-18,677.378662109375,697.1692737513488,676.4790888529217,686.3743946739086,4230300
2022-01-19,675.5794677734375,685.4747728939539,671.9811750023406,672.8807481951148,2725500
2022-01-20,683.6756591796875,690.8722450657895,672.8807803505346,672.8807803505346,2314200
2022-01-21,696.2697143554688,698.9684341785519,683.6756885144138,687.2739816118581,3185300
2022-01-24,699.8679809570312,701.6671274376406,690.8722485539846,697.1692612361172,1794600
2022-01-25,692.67138671875,695.3701064072646,684.5752276532062,695.3701064072646,1892400
2022-01-26,684.5752563476562,698.968428623034,684.5752563476562,693.5709890197674,1855800
2022-01-27,685.4747924804688,696.2696711022083,679.1777799511206,687.2739389174253,2371600
2022-01-28,689.9727172851562,698.0688769403928,685.4748508100249,690.8722905801826,2525300
2022-01-31,686.3743286132812,697.1692066517601,648.5922554786052,684.5751822735348,6193100
2022-02-01,687.2739868164062,689.9727066599262,664.7846547870736,672.8808143176333,3166800
2022-02-02,689.072998046875,694.470436673874,681.8764132108763,686.3742787333755,2597500
2022-02-03,701.6671752929688,703.4663218962841,691.7718689747346,693.5710155780499,2062900
2022-02-04,702.566650390625,703.4662235665413,691.7717722796295,700.7675040387925,2168400
2022-02-07,704.3657836914062,705.2653568506545,691.7717594619303,692.6713326211785,1424200
2022-02-08,704.3657836914062,706.1649300099028,694.4704789396751,706.1649300099028,1743600
2022-02-09,693.5709228515625,706.1649473910202,693.5709228515625,706.1649473910202,1797000
2022-02-10,710.662841796875,715.160707884197,702.5666828396954,705.2654024920887,2596400
2022-02-14,711.5624389648438,714.2611587080733,696.2696937532099,699.8679867441825,2715800
2022-02-15,708.8637084960938,716.0602943691505,706.1649887936975,711.56242819849,2049000
2022-02-16,715.16064453125,717.8593639445754,709.763205704599,713.3614982556996,1596800
2022-02-17,701.6671752929688,715.1607748178335,698.9684553879958,711.5624816112029,2827500
2022-02-18,700.7675170898438,713.3615417872222,697.1692243191642,697.1692243191642,2499500
2022-02-21,701.6671752929688,704.3658951979418,690.8722956730769,695.3701621813652,1473600
2022-02-22,692.67138671875,694.4705331777598,686.374374112216,693.5709599482549,1481200
2022-02-24,662.9854736328125,683.675658020268,657.5880342273894,679.177791849082,3623300
2022-02-25,677.378662109375,678.2782353658283,665.6842097754815,665.6842097754815,2187600
2022-02-28,684.5752563476562,689.9726959509229,675.5795236755451,685.4748296148673,2562200
2022-03-01,690.8721923828125,693.5709118843079,687.2738997141521,689.0730460484823,1708600
2022-03-02,676.4791259765625,689.0731522580411,675.5795526707426,688.1735789522212,2440600
2022-03-03,689.9727172851562,692.6714371702351,683.6757042199723,684.5752775149986,1897700
2022-03-04,688.173583984375,695.370170483558,678.2782775479984,693.5710238587623,2006500
2022-03-07,696.2697143554688,699.868007452913,685.4748350631359,690.8722747093022,2843500
2022-03-08,677.378662109375,705.265433059429,677.378662109375,696.2697004948955,3275800
2022-03-09,660.286865234375,680.0774797236887,657.5881450767414,676.4791861801772,2965400
2022-03-10,684.5752563476562,688.1735494165007,668.3829375378562,671.9812306067006,2223000
2022-03-11,684.5752563476562,689.9726959509229,678.2782434771784,681.8765365460229,2114600
2022-03-14,667.4833374023438,685.4748020223531,667.4833374023438,682.7760823293517,2679900
2022-03-15,662.0859375,668.3829504925271,657.5880710767663,662.9855107846467,2360900
2022-03-16,666.583740234375,667.4833134330719,658.4875814461033,662.9854474395876,2143700
2022-03-17,687.2739868164062,689.9727066599262,679.1778272858464,689.9727066599262,2644300
2022-03-18,678.2781982421875,684.5752106927118,674.6799054133165,683.6756374854941,3443800
2022-03-22,701.6671752929688,705.2654684995994,681.8765626565004,687.2740024664463,2260800
2022-03-23,706.1650390625,709.7633322551752,696.2697327826434,703.4663191679937,2009500
2022-03-24,692.67138671875,701.6671190137987,681.8765079646915,698.9683993252842,2006800
2022-03-25,695.3701171875,699.8679834047542,689.0731044833441,699.8679834047542,1827900
2022-03-28,695.3701171875,700.7675566482051,691.7718242136966,698.9684101613034,1077100
2022-03-29,695.3701171875,698.0688369178525,689.9726777267949,694.4705439440492,2066200
2022-03-30,688.5214233398438,699.4793239765521,679.3898394759201,698.5661655901597,2119800
2022-03-31,671.17138671875,684.8687619579082,669.3450700201955,675.737178465136,3602000
2022-04-01,679.389892578125,685.782001782489,665.6925157116306,672.0846249159946,2375400
2022-04-04,681.2161254882812,685.781917214074,673.9108587270129,679.3898087979642,2025800
2022-04-05,671.17138671875,681.2161285607992,670.2582283694728,679.3898118622449,2041600
2022-04-06,659.3003540039062,677.5635217048455,659.3003540039062,666.6056210842819,2382200
2022-04-07,651.9951782226562,654.7346537614069,639.2109590418199,651.0820197097394,2868200
2022-04-08,658.38720703125,658.38720703125,650.1687814233703,653.8214150268724,2315000
2022-04-11,662.9530029296875,672.0845869920798,654.7345772735343,654.7345772735343,2077600
2022-04-12,657.4740600585938,668.4319610595703,652.9082679748535,664.7793273925781,2019800
2022-04-13,660.2135620117188,662.9530373727632,656.5609281969928,660.2135620117188,1639900
2022-04-14,667.5187377929688,669.3450544490371,660.2134711686955,661.1266294967296,1357200
2022-04-15,667.5187377929688,670.2582127770712,663.8661044808321,664.7792628088663,924100
2022-04-18,655.6476440429688,667.5187016649166,653.821327485746,662.0397519932484,1804400
2022-04-19,662.0398559570312,664.7793312230604,657.4740638469827,660.2135391130118,1571100
2022-04-20,669.3450317382812,669.3450317382812,661.1266070648235,667.5187151441795,1892700
2022-04-21,668.4319458007812,674.8240545721002,665.6924706130732,672.0845793843921,2098700
2022-04-22,665.6925048828125,670.2582970973722,660.2135542253408,665.6925048828125,2015500
2022-04-25,615.46875,662.9529859050444,612.729274851632,657.4740356083086,6849300
2022-04-26,626.4265747070312,629.1660495235343,614.5555171688513,621.8607833461929,4256600
2022-04-27,605.4240112304688,620.0345454381422,603.5976944545096,613.6424367222851,5162800
2022-04-28,623.6871337890625,625.5134504326616,610.9029172838694,612.7292339274684,3036800
2022-05-02,622.7739868164062,627.3397785086086,614.555561770442,617.2950367857634,2814500
2022-05-06,633.73193359375,639.2108840282781,621.8608743189391,623.6871911304485,3174200
2022-05-09,618.208251953125,630.9924698664836,617.2950935307423,629.1661530217181,2424400
2022-05-10,632.8187866210938,633.7319450433464,619.1214102873039,620.0345687095565,3023000
2022-05-11,620.0344848632812,624.6002763571198,614.5555350706749,623.6871180583521,2755700
2022-05-12,618.208251953125,647.4293214693731,612.7293014188284,622.7740440650388,6848200
2022-05-13,643.7767333984375,647.4293673467974,613.6425033244681,630.0793560920878,6048100
2022-05-16,643.7767333984375,653.8214767564273,634.6451485275377,651.0820012951574,3657500
2022-05-17,639.2108764648438,649.2556188092913,636.4714012799944,641.0371932547433,1928500
2022-05-18,635.558349609375,644.6899350922683,632.818873964507,637.3846667059536,2539300
2022-05-19,630.079345703125,633.7319795912591,620.0346025107564,620.0346025107564,2409500
2022-05-20,622.7739868164062,632.8187285392515,620.0345118010848,624.6003034932871,3074900
2022-05-23,627.33984375,630.0793190502184,623.6872100163756,629.1661606168122,1780200
2022-05-24,620.9476928710938,631.9055933335248,616.3819010117475,630.9924349616556,2321000
2022-05-25,623.6871337890625,624.600292110862,616.3818672146665,621.8608171454634,1965400
2022-05-26,628.2529296875,631.9055629996366,623.6871380473292,623.6871380473292,1852600
2022-05-27,629.1661376953125,634.6450880961424,625.5135040947591,633.7319296960042,1606900
2022-05-30,625.513427734375,630.9923774663549,623.6871111570483,628.2529026003649,3230600
2022-05-31,625.513427734375,629.1660608890282,620.0344780023951,625.513427734375,8832900
2022-06-01,645.60302734375,648.342502707302,625.5135413443688,626.4266997988861,3631200
2022-06-02,649.255615234375,649.255615234375,638.2977145553139,643.7766648948444,1626400
2022-06-03,648.342529296875,658.3872727085168,642.8635783450704,657.4741142165493,2546400
2022-06-06,657.4740600585938,662.039852142334,649.2556343078613,650.1687927246094,2254900
2022-06-07,664.7793579101562,667.5188332861596,655.6477733234783,659.3004071581495,2004700
2022-06-08,675.7371826171875,676.6503409720756,667.5187574231946,669.3450741329708,2039100
2022-06-09,673.910888671875,677.563522214812,670.258255128938,671.1714135146723,1808400
2022-06-10,672.08447265625,680.3028969142748,665.6923649000086,672.08447265625,2488800
2022-06-13,672.08447265625,672.9976309071417,660.2134153946587,660.2134153946587,2935700
2022-06-14,664.7793579101562,672.9977840381665,655.6477733234783,658.3872486994817,2832900
2022-06-15,653.8214111328125,671.1714206461133,651.0819359465019,663.8661534826183,3307900
2022-06-16,657.4740600585938,665.6924858093262,657.4740600585938,663.8661689758301,2113800
2022-06-17,666.6055908203125,667.5187491639019,643.7766322305757,643.7766322305757,4228700
2022-06-20,654.7345581054688,665.6924586595352,650.1687662079411,665.6924586595352,1773300
2022-06-21,662.9530029296875,668.4319533671229,661.126686117209,662.9530029296875,1970400
2022-06-22,667.5187377929688,671.1713711051053,662.0397878247638,665.6924211369004,1667200
2022-06-23,673.910888671875,674.8240470576093,665.6924632002668,672.0845719004066,1790900
2022-06-24,667.5187377929688,669.3450544490371,660.2134711686955,666.6055794649346,2151500
2022-06-27,667.5187377929688,678.4766377293786,667.5187377929688,676.6503210733104,1305900
2022-06-28,676.650390625,677.5635490468961,667.5188064060392,670.2582816717274,2169100
2022-06-29,677.5635375976562,678.4766960041221,670.2582703459295,675.7372207847245,2150200
2022-06-30,684.8687133789062,689.4345048014322,673.9108139648438,673.9108139648438,2911700
2022-07-01,676.650390625,690.3477669534414,672.9977569374157,690.3477669534414,1960000
2022-07-04,684.8687133789062,690.3476630859375,681.2160802408854,687.6081882324219,2035500
2022-07-05,680.302978515625,687.6082453990142,678.4766617947777,686.6950870385906,1537800
2022-07-06,670.2581787109375,678.4766032455403,662.0397541763347,673.9108118374277,2025000
2022-07-07,683.9556274414062,688.5214193468896,675.7372020115363,679.3898355359229,2729000
2022-07-08,682.1293334960938,690.347759200866,676.6503830262457,683.9556503193764,3156400
2022-07-11,696.7398071289062,699.4792821241706,685.7819071478488,693.087173801887,2283400
2022-07-12,691.2608642578125,700.3924476694085,689.4345475754933,696.7398143047701,1771100
2022-07-13,684.8687133789062,694.0002962239583,683.0423968098958,690.3476630859375,1316200
2022-07-14,681.2161254882812,683.955600523757,673.9108587270129,678.4766504528056,2054900
2022-07-15,669.3450317382812,679.3897730058407,665.6923985500778,675.7371398176373,1966300
2022-07-19,676.650390625,687.6082916877531,674.8240737812079,682.1293411563765,2436000
2022-07-20,694.9135131835938,696.7398299068095,684.8687712059071,690.3477213755543,2180200
2022-07-21,690.3477172851562,693.0871923537482,687.6082422165643,690.3477172851562,1282700
2022-07-22,695.82666015625,695.82666015625,685.7819183429708,690.3477100762796,1548000
2022-07-25,701.3055419921875,707.6976497968038,698.5660672187805,704.9581750233968,1682100
2022-07-26,704.9581909179688,710.4371405883157,701.3055578044042,701.3055578044042,1308800
2022-07-27,701.3055419921875,704.9581750233968,697.6529089609783,698.5660672187805,1219900
2022-07-28,706.7845458984375,707.6977042264716,698.5661209461301,705.8713875704034,1941100
2022-07-29,687.6082763671875,714.0898700121389,670.2582667377366,708.6109196028386,5542200
2022-08-01,687.6082763671875,694.0003851780378,677.563533950137,693.0872267764878,2204700
2022-08-02,678.4766845703125,683.9556349167754,672.0845758327725,681.2161597435439,2228600
2022-08-03,672.08447265625,680.3028969142748,671.1713144053583,676.6502639107082,1435600
2022-08-04,663.8660888671875,672.0845136262036,662.9529305606302,671.1713553196463,1399300
2022-08-05,660.2135620117188,665.6925127338077,656.5609281969928,662.0398789190817,1825600
2022-08-08,669.3450317382812,669.3450317382812,661.1266070648235,661.1266070648235,1667000
2022-08-09,662.0398559570312,671.1714401771283,658.3872222689924,665.69248964507,1916900
2022-08-10,677.5635375976562,678.4766960041221,663.8661615006686,671.1714287523954,2505600
2022-08-12,694.0003662109375,696.7398413407175,685.7819408215975,689.4345743279707,3538600
2022-08-15,687.6082763671875,694.0003851780378,683.0424843594373,694.0003851780378,1168000
2022-08-16,683.04248046875,687.608272450493,678.4766884870071,680.3030052797043,1135200
2022-08-17,692.174072265625,693.0872306723079,684.8688050121619,689.4345970455764,1586200
2022-08-18,688.5214233398438,693.0872152718056,685.7819481806666,692.1740568854132,1064600
2022-08-19,693.087158203125,695.8266331367341,686.6950500247035,694.000316514328,1477900
2022-08-22,699.479248046875,701.30556462141,690.3476651742004,692.1739817487353,1550300
2022-08-23,694.9135131835938,697.6529882684174,688.5214046523386,696.7398299068095,1504600
2022-08-24,704.0451049804688,704.9582633526873,695.8266796305022,697.6529963749392,1399200
2022-08-25,706.7845458984375,715.9161291787791,702.2187542582667,705.8713875704034,2087300
2022-08-26,713.1766357421875,714.089794046595,704.9582110025208,711.3503191333728,1567800
2022-08-29,702.21875,705.871383289987,696.7398000650195,699.4792750325097,1558700
2022-08-30,705.8714599609375,709.5240936476695,704.0451431175716,708.6109352259864,826900
2022-08-31,699.479248046875,699.479248046875,691.2608234614679,696.7397731850726,2552800
2022-09-01,695.82666015625,697.6529768495735,689.4345517296179,694.0003434629266,1676400
2022-09-02,696.7398071289062,698.5661237924157,689.4345404748678,696.7398071289062,1623800
2022-09-05,694.9135131835938,700.3924633532409,692.1740380987701,698.5661466300252,1186000
2022-09-06,695.82666015625,698.5661351962352,691.2608684229413,698.5661351962352,911000
2022-09-07,687.6082763671875,690.3477515718376,683.9556427609873,686.6951179656375,1404600
2022-09-08,692.174072265625,696.7398642990395,685.7819634188448,687.6082802322106,2348600
2022-09-09,692.174072265625,696.7398642990395,683.0424881987961,684.8688050121619,3765700
2022-09-12,699.479248046875,708.6108309195496,697.6529314723401,701.30556462141,2062400
2022-09-13,703.1319580078125,704.9582747818588,698.5661660726969,700.3924828467431,1374200
2022-09-14,687.6082763671875,696.739860382688,685.7819595640874,694.9135435795879,2265300
2022-09-15,693.087158203125,697.6529497591403,689.4345249583127,694.000316514328,1426000
2022-09-16,700.3925170898438,702.218833953181,687.6082990464829,689.4346159098202,2510500
2022-09-20,696.7398071289062,715.002973764002,692.1740154701323,704.0450737829445,2366700
2022-09-21,686.6951293945312,694.9135551452637,685.7819709777832,688.5214462280273,1440300
2022-09-22,679.389892578125,684.8688433247228,676.6504172048261,683.9556848669564,1753800
2022-09-26,663.8660888671875,674.8239885458756,663.8660888671875,672.9976719327609,2340300
2022-09-27,660.2135620117188,670.2583050022151,660.2135620117188,665.6925127338077,1865000
2022-09-28,653.8214111328125,657.47404471456,645.6029855738805,657.47404471456,2882700
2022-09-29,665.4057006835938,666.3324495703397,652.4312162691505,658.9184584763722,2805200
2022-09-30,657.0650024414062,670.0394876800236,653.3580066589442,662.6254961150994,2387300
2022-10-03,653.3580932617188,657.0650895355441,646.8708497825244,655.2115913986314,1817000
2022-10-04,682.0872192382812,683.9407171166462,664.4789893938148,666.3324872721797,2273000
2022-10-05,677.4534301757812,683.9406723252074,675.5999324188024,682.0871745682285,1607600
2022-10-06,681.1604614257812,688.5744528426604,679.3069635715614,681.1604614257812,1603000
2022-10-07,674.6732788085938,678.3802748460037,672.8197807898888,674.6732788085938,1292700
2022-10-11,675.6000366210938,681.1605307496624,670.039542492525,670.039542492525,2042400
2022-10-12,673.7464599609375,676.5267067008039,668.1859664812049,675.5999577875151,1445700
2022-10-13,672.8197631835938,677.4535081091007,667.2592692729855,668.186018258087,1519100
2022-10-14,683.9407348632812,685.79423278974,676.5267431574463,679.3069900471344,2375500
2022-10-17,676.5267944335938,683.0140376678885,674.6732963666524,681.1605396009471,1252200
2022-10-18,679.3070068359375,685.7942497388728,678.3802578498039,684.8675007527391,1318700
2022-10-19,687.6478271484375,688.5745762416295,683.0140816824777,683.9408307756696,1542300
2022-10-20,688.5745239257812,690.4280219713419,681.1605317435386,684.8675278346599,1724700
2022-10-21,676.5267944335938,685.7942847683005,676.5267944335938,683.0140376678885,1443400
2022-10-24,673.7464599609375,684.8674469204028,672.8197110476488,683.9406980071141,1689700
2022-10-25,684.8674926757812,686.7209906261894,674.6732539485369,677.453500874149,1636100
2022-10-26,685.7942504882812,690.4279954240129,682.087254539696,684.8675015011349,1751500
2022-10-27,681.1604614257812,684.8674571342209,679.3069635715614,684.8674571342209,1131800
2022-10-28,678.3802490234375,683.0139938938162,673.7465041530588,680.233746971589,4160200
2022-10-31,688.5745239257812,690.4280219713419,683.0140297890993,685.7942768574403,1611900
2022-11-01,686.7210083007812,691.3547532960632,686.7210083007812,689.5012552979504,980800
2022-11-02,689.5012817382812,693.208277876659,686.7210346344979,688.5745327036867,1656200
2022-11-04,687.6478271484375,690.4280744280134,681.1605834960938,682.0873325892858,1996100
2022-11-07,692.281494140625,695.0617411050451,685.7942512236446,692.281494140625,1637700
2022-11-08,682.0872192382812,703.4024448394775,674.6732277248217,700.6221980219302,4846800
2022-11-09,687.6478271484375,694.1350708007812,671.8930925641741,679.3070853097098,2359800
2022-11-10,692.281494140625,698.7687370576054,678.380259318524,685.7942512236446,2775400
2022-11-11,673.7464599609375,696.9151827931569,673.7464599609375,695.9884338798681,3210300
2022-11-14,658.9185180664062,675.5999995364418,658.9185180664062,675.5999995364418,2502700
2022-11-15,657.9918212890625,663.5523155534771,656.1383232009242,657.9918212890625,1631300
2022-11-16,660.77197265625,663.5522193855189,653.3579813781995,656.1382281074685,1349800
2022-11-17,666.3325805664062,670.0395768421582,664.4790824285303,664.4790824285303,1230700
2022-11-18,670.9662475585938,673.7464944407427,667.2592517157286,669.1127496371612,1346600
2022-11-21,674.6732788085938,681.160521874061,670.0395337618314,678.3802748460037,1445300
2022-11-22,688.5745239257812,695.9885161080239,675.6000376068566,676.5267866296371,2564400
2022-11-24,695.0616455078125,695.0616455078125,687.6476546223957,691.3546500651041,1624700
2022-11-25,692.281494140625,695.0617411050451,687.6477491999246,695.0617411050451,1150300
2022-11-28,683.0139770507812,694.134964465448,678.3802322946701,694.134964465448,1600200
2022-11-29,681.1604614257812,685.7942060613308,679.3069635715614,683.013959280001,1247600
2022-11-30,683.9407348632812,683.9407348632812,675.5999941942168,679.3069900471344,6750000
2022-12-01,670.03955078125,686.7210333733143,669.1128017483575,684.8675353075294,2163500
2022-12-02,658.9185180664062,667.259258801424,654.2847732136186,667.259258801424,2078000
2022-12-05,657.0650024414062,657.9917513870218,650.5777598220976,655.2115045501753,1800100
2022-12-06,662.62548828125,663.5522372159091,654.2847478693182,655.2114968039773,1363800
2022-12-07,661.6988525390625,670.0395943777902,660.7721034458706,663.5523507254464,2355600
2022-12-08,658.9185180664062,662.6255139486364,655.211522184176,657.9917690958487,1415300
2022-12-09,667.25927734375,674.6732693142361,662.6255323621962,671.8930223253038,2525600
2022-12-12,662.62548828125,668.1859818892045,659.8452414772727,667.2592329545455,901700
2022-12-13,662.62548828125,667.2592329545455,661.698739346591,666.3324840198864,1558000
2022-12-14,666.3325805664062,668.1860787042823,660.7720861527785,662.6255842906544,996300
2022-12-15,667.25927734375,668.1860263400607,663.552281358507,666.3325283474393,1019500
2022-12-16,662.62548828125,668.1859818892045,659.8452414772727,663.5522372159091,2761000
2022-12-19,665.4057006835938,665.4057006835938,660.771956249864,661.69870513661,1602700
2022-12-20,656.1382446289062,669.1127296921898,650.5777510303562,669.1127296921898,2023200
2022-12-21,648.7243041992188,656.1382962472098,645.9440571812221,656.1382962472098,1904900
2022-12-22,656.1382446289062,656.1382446289062,648.7242531641729,652.4312488965395,1613300
2022-12-23,654.2847900390625,656.1382880278417,650.577794061504,651.5045430558937,1321900
2022-12-26,657.9918212890625,660.7720684212698,653.358076068717,659.8453193772007,752100
2022-12-27,659.8453369140625,662.6255841201611,657.9918387766635,660.7720859827621,570000
2022-12-28,662.62548828125,662.62548828125,656.1382457386363,661.698739346591,1072500
2022-12-29,653.3580932617188,657.0650895355441,648.724347919437,655.2115913986314,1094700
2022-12-30,652.4312133789062,657.0649577921087,650.5777156136253,650.5777156136253,1262000
2023-01-04,646.8707885742188,656.1382783818723,642.2370436703919,656.1382783818723,1392300
2023-01-05,635.749755859375,642.2369982661032,632.9695091136342,642.2369982661032,1941500
2023-01-06,628.3358154296875,636.6765563424709,628.3358154296875,634.8230583618524,1913500
2023-01-10,632.9695434570312,637.6032882846815,630.189296560441,633.8962924225613,1884500
2023-01-11,633.896240234375,638.5299846805327,631.1159935666803,635.7497380128381,1494800
2023-01-12,623.7020263671875,630.1892688405461,621.8485285176565,626.482273141484,2588800
2023-01-13,623.7020263671875,629.2625199157806,620.921779592891,621.8485285176565,1549600
2023-01-16,618.1414794921875,620.921726026635,612.5809864232922,617.2147306473717,1751300
2023-01-17,625.5554809570312,629.2624763997395,616.2879923502604,618.1414900716145,1626200
2023-01-18,631.1160278320312,636.6765214693179,620.9217894970058,626.4822831342924,1539600
2023-01-19,625.5554809570312,631.1159741210937,625.5554809570312,628.3357275390624,1548300
2023-01-20,645.9440307617188,648.7242776660016,629.2625493360215,634.8230431445872,2998700
2023-01-23,653.3580932617188,655.2115913986314,645.944100714068,653.3580932617188,1703800
2023-01-24,662.62548828125,663.5522372159091,656.1382457386363,657.9917436079545,1555300
2023-01-25,664.47900390625,664.47900390625,659.8452591091352,663.552254946827,1656500
2023-01-26,665.4057006835938,669.1126962305776,661.69870513661,666.3324495703397,1188700
2023-01-27,667.25927734375,669.1127753363716,663.552281358507,667.25927734375,1123000
2023-01-30,671.8930053710938,671.8930053710938,665.4057625606142,665.4057625606142,1516100
2023-01-31,673.7464599609375,683.9406980071141,659.845226261606,671.89296213436,5124700
2023-02-01,672.8197631835938,694.1349898409253,670.966265213391,679.3070060793034,3861500
2023-02-02,655.2115478515625,667.2592849407708,652.4313008309759,666.3325359339087,2694400
2023-02-03,647.7975463867188,653.3580403471198,643.163801419718,645.0172994065183,1572600
2023-02-06,658.9185180664062,659.8452670369637,653.358024243061,656.1382711547336,1539400
2023-02-07,652.4312133789062,658.9184555573897,652.4312133789062,657.9917066747491,1162800
2023-02-08,654.2847900390625,657.991786016621,652.4312920502832,655.211539033452,1457800
2023-02-09,657.0650024414062,657.9917513870218,649.6510108764821,652.4312577133287,1491800
2023-02-10,658.9185180664062,659.8452670369637,652.4312752725035,657.9917690958487,1843100
2023-02-13,659.8453369140625,664.4790822575601,656.1383406392644,662.6255841201611,1118600
2023-02-14,666.3325805664062,667.2593296353442,658.9185880149024,665.4058314974683,1319700
2023-02-15,663.55224609375,667.2592418819833,659.8452503055167,666.3324929349249,1106100
2023-02-16,660.77197265625,664.4789682952753,657.0649770172248,663.5522193855189,1348400
2023-02-17,670.9662475585938,670.9662475585938,659.8452600299983,663.5522558728635,1578000
2023-02-20,679.3070068359375,682.0872537943384,670.0395169746014,672.8197639330023,1435200
2023-02-21,679.3070068359375,681.1605048082048,673.7465129191359,675.600010891403,1181000
2023-02-22,678.3802490234375,683.0139938938162,674.6732531271346,679.3069979975132,2240000
2023-02-24,684.8674926757812,686.7209906261894,680.2337477997611,681.1604967749652,2524600
2023-02-27,693.2083129882812,693.2083129882812,686.7210694175353,690.4280657436758,1316500
2023-02-28,681.1604614257812,692.2814485511001,681.1604614257812,689.5012017697703,2334800
2023-03-01,683.9407348632812,687.6477307161988,680.2337390103637,682.0872369368225,1474800
2023-03-02,683.9407348632812,687.6477307161988,683.0139859000519,686.7209817529694,1166800
2023-03-03,691.354736328125,693.2082342807473,683.0139955413246,683.0139955413246,2399800
2023-03-06,693.2083129882812,697.8420583959569,692.2815639067461,693.2083129882812,1342300
2023-03-07,698.768798828125,698.768798828125,691.3548062676143,694.1350534778059,1253300
2023-03-08,717.3037109375,717.3037109375,696.9152333656331,696.9152333656331,2649900
2023-03-09,730.2781372070312,732.1316350172013,721.0106481561805,721.0106481561805,2571700
2023-03-10,721.0106811523438,729.351421679813,721.0106811523438,722.8641790473368,2641900
2023-03-13,703.4024047851562,717.3036380813056,699.6954092395165,716.3768891948956,2196800
2023-03-14,692.281494140625,695.0617411050451,684.8675022355045,694.1349921169051,2504700
2023-03-15,702.4757690429688,704.3292671143223,695.9885257932316,699.6955219359386,1770100
2023-03-16,689.5012817382812,691.3547798074701,683.01403849612,683.9407875307145,2459500
2023-03-17,681.1604614257812,695.0616953324298,681.1604614257812,692.2814485511001,4137500
2023-03-20,670.9662475585938,682.0872350871892,670.9662475585938,676.5267413228916,2042100
2023-03-22,683.9407348632812,687.6477307161988,677.4534921206756,683.9407348632812,1878600
2023-03-23,688.5745239257812,689.5012729485616,681.1605317435386,683.9407788118796,1356100
2023-03-24,685.7942504882812,688.5744974497203,679.307007578257,681.1605055525496,1499500
2023-03-27,688.5745239257812,694.1350180624631,687.6477749030009,694.1350180624631,1237900
2023-03-28,687.6478271484375,696.9153180803571,683.9408307756696,695.0618198939733,1766400
2023-03-29,698.768798828125,700.6222969682526,686.7210609172953,694.1350534778059,2227500
2023-03-30,702.0582275390625,702.0582275390625,693.5996946771461,694.5395316618035,1444600
2023-03-31,704.8776245117188,707.6971350097656,699.238603515625,702.0581140136719,1964800
2023-04-03,718.035400390625,719.9150742136371,707.6971943640584,712.3963789215886,1704400
2023-04-04,726.4939575195312,728.3736314070333,718.9752619695232,724.6142836320292,2123800
2023-04-05,711.45654296875,723.6744228347919,711.45654296875,719.9150751837021,2222300
2023-04-06,713.336181640625,715.2158553735384,704.8776498425148,708.6369973083415,1845500
2023-04-07,711.45654296875,714.2760537070674,708.6370322304326,711.45654296875,941700
2023-04-10,716.15576171875,718.9752725916585,712.3964138882053,718.0354356340223,1095500
2023-04-11,721.794677734375,724.6141881942749,716.1556568145752,718.9751672744751,1605400
2023-04-12,732.1329345703125,732.1329345703125,724.614239478448,727.4337501378972,1755400
2023-04-13,726.4939575195312,733.0728161257883,723.6744466882782,733.0728161257883,1750700
2023-04-14,732.1329345703125,734.9524452297618,721.7947288189987,734.0126083432787,2428100
2023-04-17,733.0728149414062,734.0126518836388,723.6744455190805,729.313467172476,1649100
2023-04-18,721.794677734375,729.3133722941081,713.3361463546753,719.9150040944418,3325900
2023-04-19,719.9150390625,720.8548759281168,714.2760178687989,720.8548759281168,2360700
2023-04-20,717.0955810546875,718.0354179892283,710.5167225129013,715.2159071856057,2190800
2023-04-21,718.035400390625,722.7345849481552,714.2760527446007,718.035400390625,1542500
2023-04-24,719.9150390625,724.6142233905842,718.0353653312663,722.7345496593506,1241800
2023-04-25,714.2760620117188,725.5541050961143,713.3362250880191,722.7345943250153,2153300
2023-04-26,775.3653564453125,785.7035611979167,710.5166175426136,713.3361279296874,15462500
2023-04-27,756.5687255859375,774.425627183618,748.1101932501941,773.4857902574242,5105200
2023-04-28,779.124755859375,780.0645927180715,767.8467135550173,770.6662241311067,3188100
2023-05-01,770.666259765625,781.0044656893102,767.8467490591654,779.1247918850038,2763800
2023-05-02,766.9068603515625,775.3653918995577,763.1475129968981,775.3653918995577,1831800
2023-05-08,773.4857177734375,780.0645756402832,767.8466967447125,780.0645756402832,2879500
2023-05-09,787.583251953125,787.583251953125,774.4255365267004,777.24504697522,3154800
2023-05-10,794.1621704101562,794.1621704101562,784.7638015295627,790.4028228579189,2340600
2023-05-11,777.2450561523438,791.3426085613947,743.4109303706214,784.7637507705043,5877200
2023-05-12,793.222412109375,794.1622490905472,764.0874656930354,777.2451834294468,5150500
2023-05-15,806.3800659179688,807.319902824633,795.1020230379971,798.8613706646544,3004700
2023-05-16,814.8385620117188,822.3572569322421,806.38003022613,808.2597039562608,3183500
2023-05-17,827.0564575195312,827.0564575195312,812.9589042663574,815.7784149169922,2513800
2023-05-18,817.6580810546875,828.9361235519935,810.1393860564835,827.9962866772181,3153100
2023-05-19,816.71826171875,827.0564675632911,813.8987510338751,817.6580986137083,3012200
2023-05-22,827.9962768554688,830.8157874463501,815.7783976283166,816.7182344919437,2659900
2023-05-23,817.6580810546875,830.8157973015445,812.9588966808101,824.236939178116,2512200
2023-05-24,824.2369995117188,826.1166733988606,816.7183039631511,820.4776517374349,2110500
2023-05-25,823.297119140625,826.1166298226134,817.6580977766481,822.3572822466289,1847800
2023-05-26,812.9589233398438,825.1768031125813,812.0190864342485,823.2971293013909,1983700
2023-05-29,814.8385620117188,819.5377463370459,812.0190514165224,817.658072606915,1812200
2023-05-30,811.0792846679688,813.8987955069072,801.6809152048405,810.1394477216559,1855800
2023-05-31,795.1021118164062,805.4403189440428,790.4029267583896,798.8614598628195,5215800
2023-06-01,796.981689453125,801.6808739428251,789.462994269605,792.282504963425,2086200
2023-06-02,799.80126953125,800.7411065107227,786.6435518186324,786.6435518186324,2388600
2023-06-05,816.2483520507812,816.7182705033148,808.4477172113427,810.4213517667467,2946700
2023-06-06,828.9360961914062,828.9360961914062,806.3800119413,812.3949906865638,2306800
2023-06-07,816.624267578125,830.9097419068041,814.8385546054955,828.9361074533414,2330700
2023-06-08,815.6844482421875,824.2369408750159,810.5153454202804,819.5377564914639,1990400
2023-06-09,825.1768188476562,826.0226950240586,813.0528995890536,815.6844888653751,2942300
2023-06-12,821.6994018554688,821.6994018554688,816.0603803754635,819.631749173515,1710700
2023-06-13,820.6656494140625,825.0828946227384,819.0679151007419,822.3573444786565,2002300
2023-06-14,825.7407836914062,828.5602947543586,821.4175563401191,823.9551277693961,2063000
2023-06-15,833.3533935546875,837.8645992175082,820.4776165080029,822.7332480209594,2711800
2023-06-16,838.616455078125,838.7104731860566,823.7670435186894,827.8083307193516,3640300
2023-06-19,829.5000610351562,846.5111440821147,821.0415285676471,845.7592860020661,2977300
2023-06-20,824.6129150390625,829.5000210050832,816.9062410235113,828.5601841096036,1923100
2023-06-21,839.1803588867188,839.2743196278914,823.2970929384466,826.6804827039166,1712200
2023-06-22,850.5524291992188,854.4057377011818,839.5563255480022,840.9660809555147,2341800
2023-06-23,847.7328491210938,859.1988703046621,839.7442357978905,855.0635651685917,2420200
2023-06-26,839.4622802734375,847.3568753427394,838.2405038492336,845.947120077176,1533400
2023-06-27,843.7855224609375,847.262930319782,837.4886040186663,844.0674620466623,1424100
2023-06-28,856.7553100585938,856.9432889144954,843.4096717359765,843.9735509405882,2012900
2023-06-29,854.4996948242188,861.924371689336,848.9546343385356,854.5936555661089,5826600
2023-06-30,855.5335693359375,862.6763646174056,849.8005868511722,859.574856772993,2276200
2023-07-03,866.4356689453125,870.3829380707841,855.5335263881785,855.5335263881785,2144800
2023-07-04,858.1650390625,865.1198549754918,856.0034256937889,862.7702627566555,1576000
2023-07-05,858.1650390625,861.8304258691211,851.4922201062417,854.4997096189703,2051900
2023-07-06,853.7478637695312,860.9845620163836,848.3907819614896,854.2177822200069,2311000
2023-07-07,845.4772338867188,854.7816419393765,836.9247412281636,845.85319158377,2822000
2023-07-10,843.5975952148438,851.8682059892407,838.4284921623923,845.7592660181616,2743200
2023-07-11,840.68408203125,852.1501033426397,837.3006922371765,848.0147981604696,2178200
2023-07-12,835.4210815429688,848.2028410219958,833.9173080163749,841.0601032007327,2511700
2023-07-13,833.0714111328125,837.9585168878458,827.3383719000399,833.6352903005196,1735800
2023-07-14,836.642822265625,842.7517621332441,830.4398642898796,834.9511273133644,2082800
2023-07-18,843.2216796875,847.2629668922378,835.702984473814,840.2141901294071,1892800
2023-07-19,853.1839599609375,853.1839599609375,846.3231617932557,850.5524280098793,1422200
2023-07-20,858.4470825195312,862.3003910219119,853.935819324527,855.2516139835857,1662700
2023-07-21,871.228759765625,876.9617416041762,860.2326571503343,869.3490860660228,3197400
2023-07-24,890.8713989257812,892.8450334228481,875.9279696316784,878.74748026354,3928500
2023-07-25,900.269775390625,901.1155941695558,886.3601435974568,894.7247148220168,3715300
2023-07-26,895.4765625,899.4238888452934,883.5406227219114,897.1682574013856,2804400
2023-07-27,892.4690551757812,892.4690551757812,877.3377047451236,888.6157470128702,3050700
2023-07-28,901.867431640625,903.9350842137942,875.9279571425827,890.3074496874342,6272400
2023-07-31,920.6641845703125,925.5513478182276,904.1230784299286,904.1230784299286,4445200
2023-08-01,925.7393798828125,925.7393798828125,912.769641667733,920.6642374945625,3390800
2023-08-02,921.3221435546875,934.573878866031,915.0252245653054,921.9800408872668,3464600
2023-08-03,910.6080322265625,922.8259124212752,908.6343402387907,919.0665646690559,3408300
2023-08-04,912.2996826171875,914.4612959963591,905.2509059265681,907.4125193057397,2305800
2023-08-07,898.9539794921875,920.8521674154584,876.6798338701027,911.641777425428,3992100
2023-08-08,915.777099609375,917.2808157062797,906.9426097915572,909.9500993484585,2720000
2023-08-09,920.8521728515625,923.7657016268422,902.8072931006993,912.5816196966518,2769400
2023-08-10,937.957275390625,937.957275390625,910.2320853865934,915.1192489955163,2764700
2023-08-14,926.4912109375,942.1864987483706,923.9536398173797,934.1978850432722,2358400
2023-08-15,930.7205200195312,933.9159885944505,921.9800478580222,928.2769668950131,1710900
2023-08-16,933.3519287109375,938.5210312525838,921.7919472267824,924.8933972791526,2281800
2023-08-17,921.0401611328125,933.258040821309,911.2658344367785,933.258040821309,2317800
2023-08-18,910.2319946289062,917.8446502138657,904.5929734954282,912.5815867678554,1633900
2023-08-21,912.7696533203125,919.8184304144823,908.8223266749585,916.8109407150175,1724700
2023-08-22,909.1982421875,915.0251850910122,905.1568976173263,911.6417951881282,2102400
2023-08-23,917.4688110351562,918.5966268096341,903.1832784056531,907.8824629967336,1659500
2023-08-24,930.4384765625,931.8482318300189,913.0514949297664,915.401087042298,1991900
2023-08-25,910.6080322265625,924.7995470459526,910.2320745061028,921.9800362317882,1730400
2023-08-28,920.8521728515625,921.2281305525958,916.2470065109069,920.9461909583665,1498400
2023-08-29,916.8109130859375,926.0213034054688,914.8372785042855,921.1341399615053,1697200
2023-08-30,916.9049072265625,919.1605388561101,913.4275563953948,916.3410280007232,2007400
2023-08-31,920.7582397460938,926.9611404576953,911.3598705690653,912.8635866921526,4278800
2023-09-01,928.1829223632812,934.1039408696366,917.468815857163,921.5101031541136,1998900
2023-09-04,932.7881469726562,932.7881469726562,919.5364692908765,923.859696195588,2032200
2023-09-05,939.8369140625,942.1865063476563,928.0889526367188,936.0775664062501,2003900
2023-09-06,954.404296875,955.8140521141063,942.6563365491137,942.6563365491137,1589700
2023-09-07,960.5133666992188,970.3816547132518,953.9345080231967,955.3442634537728,2093500
2023-09-08,957.2238159179688,971.79128685241,952.5246317455683,962.3929185076092,2189700
2023-09-11,962.8629150390625,965.6824257712414,957.2238935747049,961.4531596729731,1672400
2023-09-12,966.6222534179688,973.6710301808612,957.2238844007791,973.2011117300017,1900600
2023-09-13,944.5360717773438,958.163706643783,940.7767242279812,953.4645222070798,2881800
2023-09-14,960.9832763671875,964.2727056750459,946.8857221906518,947.8255591357541,2038100
2023-09-15,991.9978637695312,997.1669668019637,977.9003100447155,978.3702285022094,4625300
2023-09-19,991.5278930664062,992.4677299318721,979.7799322480839,991.9978114991392,2551000
2023-09-20,987.7686157226562,993.8775557818354,984.4791864600213,991.0580449852912,2282400
2023-09-21,991.0579223632812,1002.3359641540441,988.2384119155905,990.1180855473843,2347200
2023-09-22,989.6482543945312,996.697031135233,980.719803856309,984.94906990073,3219500
2023-09-25,986.8287963867188,997.6369212995256,984.9491224888393,996.227165876116,2129500
2023-09-26,985.888916015625,988.2385082844896,978.370220755258,986.8287529231709,1366900
2023-09-27,992.4678344726562,994.8174268838131,976.0206875945582,986.8288126858798,2506000
2023-09-28,997.2278442382812,1004.3679004022785,989.135780585751,992.9438105398829,2538300
2023-09-29,989.6116943359375,997.7037572525853,982.4716388212481,994.8477350467097,2392700
2023-10-02,980.567626953125,997.2277565372801,980.567626953125,987.7076824891915,2592600
2023-10-03,955.3394775390625,980.5676750027249,952.9594589104152,980.5676750027249,2542700
2023-10-04,927.7312622070312,952.0074522391291,927.4456715925443,944.4865701240706,2747900
2023-10-05,961.051513671875,962.4795248363206,927.2552494466629,929.8256811638496,2579800
2023-10-06,973.4275512695312,983.4236288131304,965.3354884961416,965.3354884961416,2518200
2023-10-10,993.4197998046875,997.2278297033158,980.5676988968165,980.5676988968165,2045200
2023-10-11,988.1837158203125,996.7517827204886,988.1837158203125,992.4677492704005,2518100
2023-10-12,989.1358032226562,992.9438332639369,982.4717506504151,990.5638144881365,2461400
2023-10-13,983.899658203125,985.8036730230633,974.3795841034334,977.7116100383255,2230700
2023-10-16,971.0475463867188,980.5676203709022,964.3834945977902,977.235594476438,2016800
2023-10-17,976.7595825195312,981.9956231665658,969.6195270917569,971.0475381773118,2267300
2023-10-18,990.5637817382812,993.895807914239,979.615695731563,980.5677032104081,2986500
2023-10-19,985.3276977539062,989.1357275036798,971.5235899109771,972.4755973484205,2360100
2023-10-20,982.9476318359375,990.0876872730024,977.2355874862856,982.4716281401332,2434700
2023-10-23,973.903564453125,988.18367536886,973.4275607559339,982.9476346997571,2358700
2023-10-24,970.5715942382812,982.4716873505702,956.2914825035347,979.1396612791293,2308000
2023-10-25,991.9917602539062,997.7038049386697,974.3796224758859,975.8076336470767,1658400
2023-10-26,987.2317504882812,999.1318439126819,978.1876794857367,991.9917878580416,2493000
2023-10-27,1002.9397583007812,1005.3197767115568,983.8996110145775,991.039666246904,2623400
2023-10-30,998.1798095703125,1002.4638430877817,985.8037127420683,1000.5598281911288,2912900
2023-10-31,1019.5999145507812,1020.5519219406513,999.607759363511,1000.559766753381,3486900
2023-11-01,1052.4442138671875,1052.4442138671875,1033.880068982149,1034.35607269715,3243200
2023-11-02,1045.30419921875,1062.4403336321723,1041.9721730828069,1056.7282888276982,2900100
2023-11-06,1037.6881103515625,1043.4001549956995,1029.5960471057017,1040.544132673631,3965600
2023-11-07,949.6273803710938,1067.6762978307586,934.0144357872862,1038.1640684658423,10506300
2023-11-08,878.1317138671875,947.6282592006781,874.7044521104743,935.3473395911572,9753700
2023-11-09,884.1293334960938,886.8901202470945,858.8059003748971,873.9428421246542,5535800
2023-11-10,906.9774780273438,906.9774780273438,872.0387941933894,874.228399631861,4878200
2023-11-13,922.4000244140625,924.304039278696,901.5510384039569,906.9774923893468,4522500
2023-11-14,927.0648193359375,931.3488527507117,912.0231136341372,921.5431878891908,4050900
2023-11-15,908.310302734375,937.1561755235853,899.9326486301692,934.4905081262212,4017000
2023-11-16,913.5463256835938,930.1112785542581,900.4086344961308,902.5030625070999,3682900
2023-11-17,945.1529541015625,945.1529541015625,917.8303295510442,918.6871594706394,3291100
2023-11-20,930.5872802734375,953.9114627457641,929.8256859363421,947.2474106108136,3430100
2023-11-21,936.2041015625,946.5809473718066,918.687142138425,920.3055663416146,3782000
2023-11-22,940.2025146484375,959.1474857482659,934.680883175488,935.8233037127002,3265200
2023-11-24,958.6715087890625,961.0515274305448,946.771415581651,950.1034416797263,3344900
2023-11-27,937.4417724609375,964.3835723882088,937.4417724609375,961.0515462249722,3149600
2023-11-28,941.8209228515625,948.7705653511211,938.2984837993167,940.107321127906,3541300
2023-11-29,919.9247436523438,937.1561125430625,914.5935254277434,933.4432604219126,3912600
2023-11-30,924.9703979492188,937.5369076763408,910.023927747349,911.0711126804749,8980000
2023-12-01,931.348876953125,943.4393831924162,927.2552565382578,936.013736701693,2178400
2023-12-04,924.3992309570312,928.2072607447019,914.3079752620736,923.9232272335724,2380600
2023-12-05,926.1129150390625,944.3914712653847,925.160907507545,928.3977563570759,3117800
2023-12-06,932.4912719726562,937.6321353055328,923.4472014430593,924.3992088672273,2541800
2023-12-07,902.5982055664062,933.1576784056596,899.8374189305966,918.2111503913757,3864500
2023-12-08,906.8822631835938,906.8822631835938,890.3173686079161,901.9318709853434,4290300
2023-12-11,933.3480834960938,933.3480834960938,905.6446331354142,910.1190795619763,2318300
2023-12-12,926.5888671875,937.7273663069503,925.922450331376,933.4433326537713,1854900
2023-12-13,909.1670532226562,925.8271824701919,902.8838277202393,923.8279902028554,2429200
2023-12-14,885.4620971679688,913.2607260517937,880.8924730747466,909.4526962897882,3748300
2023-12-15,887.4613647460938,887.4613647460938,872.0388322918006,880.7973125342568,3563100
2023-12-18,867.6596069335938,882.6060773063846,864.4227583844985,875.3708439807779,2271900
2023-12-19,867.1835327148438,873.0859318978326,859.6626512829578,866.0411122547458,2456100
2023-12-20,869.0875854492188,875.7516373009528,868.6115817455235,868.6115817455235,2183000
2023-12-21,859.1867065429688,866.7075884908108,857.568282288961,862.613910052461,1508300
2023-12-22,869.1828002929688,869.2779777954288,859.4723126991792,861.1859144849248,1738400
2023-12-25,871.943603515625,883.3676923498635,870.2299437057527,881.5588550420741,1400200
2023-12-26,873.3717041015625,876.5133172316692,866.993242227754,875.7517228525413,1212500
2023-12-27,895.172607421875,896.8862092371227,881.1780860698244,881.5589122980681,2080900
2023-12-28,887.3660888671875,888.7940999906339,882.5108742898385,887.7469150758084,1520100
2023-12-29,891.650146484375,900.7894527865117,885.9381018352607,888.3181204390582,1768200
2024-01-04,920.6864013671875,925.160848099183,903.5502669002533,914.3079978003462,3559500
2024-01-05,915.9263305664062,925.1608143130924,911.0711158871197,920.3055996338059,2280100
2024-01-09,932.0153198242188,932.6817366791903,908.0247197867209,918.2112114100705,2639300
2024-01-10,939.6312866210938,944.2961460381762,926.9696000537665,932.96723494293,1997400
2024-01-11,950.5794067382812,964.383514297325,946.1049602531311,950.1034030293488,2540100
2024-01-12,948.9609985351562,961.5275082844144,941.53535217157,961.5275082844144,1998600
2024-01-15,954.387451171875,956.767469753351,949.2465877935178,951.5314288741038,217000
2024-01-16,943.6297607421875,962.0034922182947,942.5825177228305,961.527488511111,1756200
2024-01-17,935.0617065429688,960.5754939687237,934.6808803297502,948.1993974161039,1984700
2024-01-18,930.5872802734375,938.4889304694084,930.5872802734375,933.7288932301581,1192900
2024-01-19,955.8154907226562,956.2914944530958,932.5864854348356,939.6313638877109,2466300
2024-01-22,980.567626953125,982.9476454651472,962.0034825593523,963.90749736897,2423100
2024-01-23,971.0475463867188,988.1836795582491,967.2395167930454,985.327657362994,1875400
2024-01-24,956.29150390625,959.6235300522649,950.6746365891695,959.1475263171199,1675000
2024-01-25,962.9555053710938,969.1435536013578,956.2914534308094,961.0514905310125,1706200
2024-01-26,940.3929443359375,962.955532446476,939.8217631102219,962.955532446476,2355600
2024-01-29,949.1513671875,958.1954373863779,941.3448949736004,942.4873154620111,1737800
2024-01-30,937.917724609375,954.3874414034319,937.917724609375,949.1514005777772,1391900
2024-01-31,942.0112915039062,942.3921176938245,925.8271662329953,927.255177286311,2712800
2024-02-01,940.4882202148438,943.9154239277331,932.5865115832548,941.4402277024159,1553500
2024-02-02,940.5833129882812,949.9129739048352,937.1561095841336,942.3921502940885,1485800
2024-02-05,967.2395629882812,967.2395629882812,943.4393768911286,946.0098086108057,3377500
2024-02-06,970.0956420898438,987.2317770825986,958.1955483448751,962.9555858428625,2970500
2024-02-07,997.7037353515625,999.1317464231535,963.9074733239094,965.8114880860306,3024100
2024-02-08,836.6241455078125,992.4677785696173,828.341668971946,990.0877599159732,15152600
2024-02-09,849.5714721679688,864.7083557691357,837.3857303154042,845.9537973709066,10564600
2024-02-13,851.9514770507812,856.5211011188138,830.8169003669677,851.3802377260756,5875900
2024-02-14,841.1937255859375,849.0001979816714,830.1504628545526,844.525751526294,4337200
2024-02-15,829.9601440429688,847.2866925224791,824.5336895595607,845.3826774831028,3919900
2024-02-16,827.3895263671875,843.1928825096669,825.9615154082479,833.0063927147154,4411200
2024-02-19,870.8963623046875,870.8963623046875,838.7185236430836,838.7185236430836,4383600
2024-02-20,850.5234985351562,868.9924086242319,847.5722405090677,868.8019955086899,4723400
2024-02-21,838.813720703125,859.6627065971863,835.0056909950532,856.8066843161325,3710400
2024-02-22,859.7578125,873.8475677312591,841.7649084912983,844.2401043530508,3960000
2024-02-26,862.6138916015625,877.1796514701556,858.0442676513408,869.1827659778269,4516700
2024-02-27,837.3857421875,865.1843717606541,836.5289703333569,859.0915588539141,4380800
2024-02-28,840.0513916015625,846.9057987117767,836.1481262186607,837.766550494209,2869800
2024-02-29,827.1040649414062,842.526597327225,820.8208389833693,840.3369918028135,6737600
2024-03-01,829.2935791015625,833.0064310078501,825.1047816263306,828.2463942592339,3304700
2024-03-04,822.5344848632812,833.1969805475092,815.013602326443,825.4856848883599,4814800
2024-03-05,872.229248046875,877.6557021998502,849.4762464694539,851.0946707755588,9891600
2024-03-06,871.657958984375,877.4652390331428,860.6146963007601,869.7539441695503,5154600
2024-03-07,889.1749877929688,890.1269952745457,862.7091914263117,871.3724362662927,6126200
2024-03-08,923.2567749023438,932.7768490054941,890.3173417478117,891.0789360548795,8038100
2024-03-11,900.2182006835938,917.7351606013409,885.7477342625842,917.6399831009088,5032500
2024-03-12,905.8350219726562,915.8310994615821,888.1277079489269,896.9813649607916,4301000
2024-03-13,893.4590454101562,920.0200781005221,892.4118603947207,910.8807711688386,3222400
2024-03-14,898.3141479492188,901.6461738067543,880.7020112736736,893.4589335134633,3898700
2024-03-15,912.4039306640625,917.259145242907,898.4094100287933,903.2646246076379,5316800
2024-03-18,925.3512573242188,928.112102219099,909.0719528914402,915.1647658127364,3217600
2024-03-19,951.6265869140625,953.911427947923,932.9672648592461,933.9192722723677,4218700
2024-03-21,976.7595825195312,978.6635973002711,953.9114051506534,955.8154199313932,5638100
2024-03-22,979.1395874023438,985.803639042418,969.619513630809,980.0915947794972,3282200
2024-03-25,971.99951171875,984.3756073625734,967.7154786112726,982.471592648139,2497700
2024-03-26,962.4795532226562,971.047620462027,957.2435121319296,964.3835681647386,2726200
2024-03-27,964.383544921875,980.0916678154692,959.1475039573436,966.2875598180683,3600300
2024-03-28,933.7225341796875,959.1136549141787,931.7104310233848,953.5563647138072,2901700
2024-03-29,962.9462280273438,966.7788498304377,939.2797766970054,939.5672116360039,1197100
2024-04-01,942.0584716796875,963.4253270070816,936.2136882123256,959.1136273834796,2665400
2024-04-02,922.2246704101562,938.9923916903409,915.3259391015033,938.9923916903409,3717600
2024-04-03,839.6316528320312,903.5406363689995,827.4630662875613,900.6661698694162,14161000
2024-04-04,866.8433227539062,868.5679910177731,847.9676470498944,854.004015214015,7394600
2024-04-05,867.9931030273438,872.2089521978234,851.1295309019107,853.0458419288119,4759300
2024-04-08,873.5504150390625,877.7662643144132,863.8730090237792,875.7541610785837,4110900
2024-04-09,858.50732421875,886.198041439256,851.0337230479013,881.5030561174665,4583500
2024-04-10,854.962158203125,867.034952835403,852.8542043643616,858.986423080551,4587200
2024-04-11,843.4642944335938,844.1350149953182,827.0798583976631,844.1350149953182,6349100
2024-04-12,846.3387451171875,854.866352496568,837.4279106248506,843.4642786047452,4109100
2024-04-15,847.3927001953125,851.7043997041466,838.2902234544407,845.0931037314674,4506400
2024-04-16,854.6746826171875,862.9147962992803,833.7869049848847,843.1768169317545,6467600
2024-04-17,847.7759399414062,857.2617023949185,842.3144421191163,855.4411836270991,4588000
2024-04-18,850.5546264648438,855.8244815749343,844.0391809340566,854.2913977269337,4641700
2024-04-19,852.66259765625,857.4533751271107,834.1701498337916,850.8420788248549,5268600
2024-04-22,886.9645385742188,886.9645385742188,861.9566454845283,865.1186053500485,5523700
2024-04-23,889.072509765625,902.8699138446923,881.6947007366251,891.5636906673374,4870200
2024-04-24,920.7874145507812,934.0099484537158,883.706785848184,885.9105317518115,7976700
2024-04-25,906.4151611328125,920.5000595823797,901.145305544831,920.2126246101792,4043600
2024-04-26,911.6849365234375,915.0384806935185,894.0548523511156,906.0317958156904,3091500
2024-04-30,936.5969848632812,944.4538715220511,917.1464402498225,920.7874193898857,4181900
2024-05-01,944.3579711914062,949.5320339210816,931.3270806975694,933.2433915632023,3264900
2024-05-02,961.0299682617188,962.9462792652316,941.8668582265898,945.4120452793228,3124500
2024-05-07,966.2998657226562,967.7370990380593,950.1070136433125,967.7370990380593,3900200
2024-05-08,946.6575927734375,972.5277901468006,945.4120023739166,967.7370128554371,3202600
2024-05-09,965.3416748046875,975.4023076438431,951.0651343357031,955.7601197197774,3008300
2024-05-10,998.3980102539062,999.3561657339964,964.8625684507521,972.527812291473,4122600
2024-05-13,909.5769653320312,1005.5841539989087,903.9238832138778,986.9001225525259,9781600
2024-05-14,873.6461791992188,916.8590276344721,870.1009921286555,895.2046780971654,9982100
2024-05-15,859.4654541015625,876.7122525116273,841.2605002242719,876.7122525116273,9347700
2024-05-16,843.8475952148438,860.7111093151956,831.1999303989933,860.4236743496207,7641500
2024-05-17,842.9851684570312,843.1768112467302,828.8044792368427,829.4751997602045,5410000
2024-05-20,865.022705078125,871.8256436771236,836.4696851395821,839.7274369736001,6018600
2024-05-21,868.280517578125,875.5624759167343,863.2023051724234,869.047030274636,4377800
2024-05-22,856.9742431640625,873.9335475530528,843.2725736792927,871.921444535054,4745700
2024-05-23,854.8663330078125,859.5612597824002,827.1756161767607,852.75837925051,6161700
2024-05-24,846.3387451171875,853.9081969924206,841.8354025514604,847.9676211704723,5229700
2024-05-27,860.4236450195312,862.2441638747359,837.1404779028761,850.8420899524987,5829600
2024-05-28,857.2617797851562,860.9985513305718,848.7341720225165,858.5073703002947,4559500
2024-05-29,836.3739013671875,851.2253105877262,835.7989730183377,848.4466364378684,6971000
2024-05-30,821.5225219726562,830.1459211879836,811.0786039749589,828.8044801397986,8744600
2024-05-31,833.307861328125,845.8596751555917,814.1447510686817,814.4321860263391,54764300
2024-06-03,831.7747802734375,847.8718397315545,831.7747802734375,841.7396210350174,7073400
2024-06-04,822.2890625,828.612865412944,809.7371903505549,827.8463527085221,7873600
2024-06-05,802.1677856445312,816.923345059895,794.7899766962645,814.4321641854427,7824300
2024-06-06,803.1259765625,808.5874747771522,797.28119274356,800.0598671717153,5681900
2024-06-07,792.8735961914062,801.401202672819,786.7413782181246,800.9221249711927,6974100
2024-06-10,808.6832885742188,810.8870346549043,790.8616186402897,793.1611568840239,4946400
2024-06-11,824.3970336914062,828.0380129751068,813.4740373591328,814.4321928801684,4644900
2024-06-12,826.4090576171875,827.654647978812,818.4563792517134,824.8760323230599,3889100
2024-06-13,812.32421875,835.224158523295,807.9167268557819,830.720815990664,4442000
2024-06-14,823.4388427734375,827.654691796065,815.4861055057673,816.348468830098,5585100
2024-06-17,801.0180053710938,821.1392710562528,798.622616599051,819.5103949950295,4063600
2024-06-18,807.6292724609375,810.5037388830581,798.9100225584704,801.9761317716328,4012300
2024-06-19,825.2593383789062,825.450981179303,808.0125390042951,810.5995706067212,3373700
2024-06-20,817.306640625,824.6844496633355,807.9167284312869,824.1095212752487,2783300
2024-06-21,826.5049438476562,832.5413705231729,817.2108819121805,817.2108819121805,4748400
2024-06-24,834.3617553710938,841.2604863173098,827.2714401195346,836.4697090603776,3240700
2024-06-25,847.488525390625,849.5964791511432,835.5115818435556,841.2605147461489,3323900
2024-06-26,863.5855712890625,870.7717377956527,849.5965238820361,849.8839588460651,5194800
2024-06-27,867.3223266601562,867.3223266601562,854.674663000242,858.507284807418,4455700
2024-06-28,865.6935424804688,873.3587869075233,860.136251967089,871.0591901869374,3514100
2024-07-01,870.3884887695312,875.370850637127,861.7650891786093,871.9215141932267,3757800
2024-07-02,891.4678955078125,893.0009209066004,868.472163638973,870.388474628043,5855200
2024-07-03,896.83349609375,898.5581641976968,883.9941897443854,891.0845634264823,3937800
2024-07-04,907.7565307617188,912.6431003474894,897.0251776230787,897.0251776230787,3179100
2024-07-05,889.2640991210938,909.9602930787684,888.4017942569225,908.3314170271058,3182800
2024-07-08,877.67041015625,889.1682757914847,872.6879900180812,889.1682757914847,3067900
2024-07-09,889.7431640625,893.3842017071483,873.3587285862625,877.6704282885535,3464500
2024-07-10,886.86865234375,897.2167778861935,882.46116070987,882.46116070987,4260800
2024-07-11,895.2046508789062,901.3368693270102,888.3059197450817,889.0724909119716,3304600
2024-07-12,897.9833374023438,903.3489847567325,887.4436270067321,893.0009171554569,3940100
2024-07-16,891.8511352539062,900.4745348269093,884.0900990306719,898.7498666085429,2580100
2024-07-17,906.9899291992188,914.0803029499982,897.1209397210446,900.6661265964343,3313700
2024-07-18,905.4569702148438,910.0561050339862,897.7917260225487,899.2289593086041,1947400
2024-07-19,877.0955200195312,904.9778201488554,875.2750012768441,904.0196647013711,3191800
2024-07-22,877.7662353515625,889.9348219698021,872.9754578232139,886.1980505863928,2131900
2024-07-23,873.4545288085938,875.7541253968524,865.7892848226257,869.1428290664867,2125500
2024-07-24,861.4776000976562,872.8796741180112,860.6152952229056,866.2683776723984,1786400
2024-07-25,849.5006103515625,862.627351894732,846.051274076222,848.7340976771723,2752000
2024-07-26,844.9973754882812,854.9621577958776,841.5479805316284,854.1956450770119,2083300
2024-07-29,864.35205078125,875.466689639396,851.0337244565673,852.7583926555916,2500000
2024-07-30,865.21435546875,872.5921639945618,819.4145374956519,849.97966070092,13378600
2024-07-31,910.91845703125,918.6794932866343,825.1635387000374,839.3442285825957,10609500
2024-08-01,870.1968383789062,909.8644410623493,862.9148214769597,906.5108968062501,4841300
2024-08-02,843.56005859375,872.3047213107405,842.4102603888372,850.4587308608949,5229400
2024-08-05,772.6566162109375,825.5467528629797,763.9373660991101,814.2405296940626,8320000
2024-08-06,849.3090209960938,867.0348969614222,820.1810716930328,830.1459118443873,7289900
2024-08-07,835.7031860351562,858.8905593674846,827.3672220152029,834.9366733797832,4520200
2024-08-08,810.2162475585938,842.2186638670565,808.4915793970794,823.1513464917056,3277600
2024-08-09,860.8069458007812,866.9391060631613,835.2241816242464,842.2187052503413,7637700
2024-08-13,848.4466552734375,865.9808884010367,836.4697120877594,849.8838884557189,5072900
2024-08-14,872.3048095703125,872.5922445303318,840.5898267416196,848.9257914692108,3611000
2024-08-15,861.7650756835938,870.10098170601,855.2495715319913,867.6098008112233,2881800
2024-08-16,878.5328369140625,880.2575051876598,865.1186593709256,869.2387164915116,2507400
2024-08-19,867.60986328125,879.586807832344,864.543753779935,876.7123411400814,2315700
2024-08-20,879.7783813476562,885.7189570733378,870.1009758238863,876.7122720878364,2514800
2024-08-21,878.6286010742188,887.3477928069143,873.9336156912774,875.7541345494394,2164600
2024-08-22,889.6473999023438,890.1264776621189,868.280543512609,873.8378338297657,2651900
2024-08-23,931.6145629882812,935.1597499661492,889.8390073863596,891.0845978161052,6078500
2024-08-26,948.5739135742188,952.2148926573608,928.7400836850695,932.2852706138534,4571800
2024-08-27,964.383544921875,967.7370892907041,951.1610102495831,957.6764561842166,4660200
2024-08-28,952.119140625,969.6533747367525,941.6752221884302,962.4672084220039,2712900
2024-08-29,946.6575927734375,959.592691460119,943.6873342452593,953.6521159225946,6581800
2024-08-30,932.860107421875,952.0232161074613,929.219128467847,940.908636462288,3881500
2024-09-02,947.8074340820312,956.2391908016837,940.5254171796086,948.5739467872413,2160900
2024-09-03,958.155517578125,959.5927508544922,942.441743697375,942.825029296875,2357000
2024-09-04,948.9572143554688,961.0299500564316,943.8789435074233,949.5320842531643,2590800
2024-09-05,951.0650634765625,958.0596449523522,933.0517529552483,938.992328361524,2960300
2024-09-06,961.0299682617188,982.1093893003606,951.4484132441543,958.1555017564493,4354900
2024-09-09,960.5509033203125,969.6533807083853,934.5849122689103,936.8844504150888,3965900
2024-09-10,962.4672241210938,971.0906238394509,953.3647466406055,960.0718353104389,2993300
2024-09-11,950.298583984375,958.1554705390288,940.3338021794705,956.7182373332203,2749300
2024-09-12,965.3416748046875,968.695219084406,950.8735500189417,964.862597050442,2390800
2024-09-13,957.5806274414062,970.1324410641884,952.4065643632624,962.4671970854096,3601500
2024-09-17,957.8680419921875,965.8207207545477,945.3161701555846,963.4253320622,3308300
2024-09-18,948.5739135742188,971.5696448123816,938.8007161017658,964.8625565345842,3638600
2024-09-19,962.4672241210938,979.7140235578082,962.4672241210938,967.7370795045342,3762800
2024-09-20,944.1664428710938,972.0487442267766,942.8250017931476,972.0487442267766,7536000
2024-09-24,962.4672241210938,978.7558680335462,956.5266481744354,957.1973687376532,3291200
2024-09-25,958.155517578125,965.341683959961,951.0651433555782,963.9044506835937,3162000
2024-09-26,963.9044189453125,965.8207299173708,945.6994647107589,963.9044189453125,5167300
2024-09-27,976.0933837890625,979.9938568511567,961.5640978261634,973.265517012446,4183100
2024-09-30,959.02880859375,967.8048729326862,941.0866088053267,945.5721885106802,4552300
2024-10-01,956.5910034179688,964.4894374377578,952.0079357388651,963.904390294253,2096300
2024-10-02,938.1612548828125,949.2776268622193,933.3832111149235,945.8647129495149,3189200
2024-10-03,945.8646850585938,954.6407491467662,939.0388574344596,951.7153944507088,2103000
2024-10-04,950.7402954101562,951.6179256432866,943.3294205038135,944.0119556668095,2414600
2024-10-07,952.4955444335938,957.273647914692,940.2090776486236,952.8856155605602,2721400
2024-10-08,947.1323852539062,951.2278939842007,936.21104847862,943.9145067931382,1989000
2024-10-09,960.3939819335938,961.3691001771991,945.3771371754722,954.3482369199411,2806600
2024-10-10,961.5640869140625,965.2695838941975,956.3959720687361,961.4665988952147,2138500
2024-10-11,960.2964477539062,968.5849529398183,957.078569408557,961.4666015658046,2228100
2024-10-15,977.0684814453125,978.0435996902679,955.3233564861059,963.4168260159369,2238900
2024-10-16,977.5560913085938,1000.4713712544809,968.4875030630953,973.753106149273,2661000
2024-10-17,977.5560913085938,986.8197151165056,974.8257719842982,984.8694785253663,1520500
2024-10-18,973.7530517578125,981.9440687896665,968.2924134142393,979.0187140663606,1433900
2024-10-21,954.9332885742188,967.8048613539634,943.3294171303502,960.4914744923466,3473700
2024-10-22,939.3314208984375,949.375127211538,932.018033847661,945.7672372130186,2643100
2024-10-23,936.6986083984375,937.1861675449111,921.4867868350609,933.1882063504268,2037500
2024-10-24,958.6387939453125,959.5164242374951,927.3375197661157,927.3375197661157,3064300
2024-10-25,957.5661010742188,962.4416922202178,951.7153916990198,955.6158646158191,1704000
2024-10-28,952.6905517578125,958.6387494105003,941.769215207955,954.5433002812379,2046700
2024-10-29,973.070556640625,974.6307220839857,957.663640184079,961.1741017063856,2987900
2024-10-30,983.4067993164062,987.7948316385915,973.85065194028,979.9938852880399,3659300
2024-10-31,991.6953125,998.5211406096362,980.9690111848574,986.3321618424287,2888100
2024-11-01,978.5311889648438,984.8694577523589,970.8277307857268,980.9689846523496,1875600
2024-11-05,971.705322265625,977.5560316821767,965.5620892815446,970.2426449114871,2058300
2024-11-06,964.4894409179688,990.720145748822,964.0018817911239,980.9689632119241,3690900
2024-11-07,1031.1875,1035.5755319148936,968.0973403425645,984.8693853427897,6282600
2024-11-08,1005.346923828125,1029.7248802740057,1005.346923828125,1027.2870846294177,2064200
2024-11-11,1008.2722778320312,1018.5110195314861,1002.4215682894857,1016.0732238887588,2587800
2024-11-12,1205.24609375,1215.9723939370954,981.9440262186488,1023.8741087682039,16523800
2024-11-13,1170.62939453125,1203.295854103759,1164.2911262559871,1185.7437265722615,6676200
2024-11-14,1199.3953857421875,1199.3953857421875,1162.8284532500477,1163.3160123499429,5175200
2024-11-15,1170.141845703125,1201.8331873575846,1170.141845703125,1199.8829509480795,4517600
2024-11-18,1166.2413330078125,1181.3556646646864,1157.4652694651115,1161.3657421507564,3488400
2024-11-19,1170.62939453125,1173.5547491198329,1155.5150624902385,1165.2662444521814,2838300
2024-11-20,1141.863525390625,1160.3907730271937,1136.9879339073175,1155.0276223955555,3947700
2024-11-21,1119.92333984375,1146.2515332924058,1114.560189326431,1131.1372000163256,2554700
2024-11-22,1136.9879150390625,1136.9879150390625,1112.6099580270757,1121.3860225513909,3164400
2024-11-25,1125.2864990234375,1151.1271335330746,1121.3860258899074,1150.1520152496919,4393500
2024-11-26,1142.35107421875,1150.1520205215668,1127.2367407570423,1129.1869773327464,2841300
2024-11-27,1132.1123046875,1153.077347366898,1129.6745090271047,1144.7888421215546,2945600
2024-11-28,1166.72900390625,1176.967745687291,1156.4902621252088,1165.2663265089584,3581300
2024-11-29,1158.4405517578125,1169.1668531629773,1150.1520461265486,1159.9032292221532,2084500
2024-12-02,1160.87841796875,1166.7291281811083,1138.9382546724066,1152.5899118345758,1889600
2024-12-03,1169.654296875,1176.9676834748852,1158.4404374218425,1160.8782329551375,2337600
2024-12-04,1165.266357421875,1176.4802177652655,1162.3410025496862,1169.6543897301583,1841600
2024-12-05,1157.9530029296875,1175.0175734991776,1157.4654437705592,1168.1917452713815,2226900
2024-12-06,1162.341064453125,1167.216656166435,1147.7142893131947,1153.0774401978358,1583700
2024-12-09,1164.77880859375,1174.0424324377354,1155.5151847497646,1162.3410128453327,1872600
2024-12-10,1154.052490234375,1175.0175333607283,1147.7142213822217,1175.0175333607283,1950800
2024-12-11,1168.67919921875,1171.604553910161,1154.0524257616942,1154.0524257616942,1866000
2024-12-12,1203.2958984375,1211.096844294469,1172.092115009623,1177.94282440235,3512200
2024-12-13,1184.7686767578125,1199.395450544946,1177.9428489904835,1190.1318271464281,2694600
2024-12-16,1198.4202880859375,1216.9475341995526,1184.768633054853,1188.669105920877,3304300
2024-12-17,1176.9676513671875,1197.4451332882404,1175.5049740871123,1197.4451332882404,2340400
2024-12-18,1175.5050048828125,1189.6442189606232,1174.0423275644184,1174.5298866705498,3488600
2024-12-19,1184.7686767578125,1193.5447410300926,1147.714183163741,1154.54001093107,5038800
2024-12-20,1190.619384765625,1194.5198577705903,1177.4552883738675,1187.694030011901,3391200
2024-12-23,1199.8829345703125,1207.6838801018546,1190.6193117516063,1190.6193117516063,3488800
2024-12-24,1206.7088623046875,1215.9724858940972,1193.544765625,1196.4701204427083,3061100
2024-12-25,1202.32080078125,1216.947574513382,1182.8184358050742,1216.947574513382,2622700
2024-12-26,1204.758544921875,1204.758544921875,1191.1068900219104,1200.3705129897435,1448700
2024-12-27,1217.4351806640625,1217.9227398072999,1199.3954923642746,1202.3208472236997,3884600
2024-12-30,1221.3355712890625,1232.5494308258483,1212.0719481934568,1218.8977757375872,2374000
2025-01-06,1212.072021484375,1236.4499784732,1206.221311807057,1228.1614730969995,2608000
2025-01-07,1233.524658203125,1233.524658203125,1203.2959906898468,1218.897883599926,2251500
2025-01-08,1249.614013671875,1255.9522821766486,1225.236057884285,1233.5245628520654,3705800
2025-01-09,1254.0020751953125,1259.8527847218847,1240.837978760525,1249.6140430503833,2786700
2025-01-10,1233.524658203125,1264.7284440232831,1231.574421589365,1258.8777341820035,3157800
2025-01-14,1230.1116943359375,1249.1265005504051,1225.2361029988945,1234.4997265392763,2566400
2025-01-15,1222.310791015625,1234.0122106344422,1212.5596079999439,1230.1117374281698,2221300
2025-01-16,1230.1116943359375,1236.4499630740934,1215.972479458513,1226.2112212663033,2078800
2025-01-17,1235.96240234375,1240.35043454142,1211.584445690027,1223.7734240168886,2740800
2025-01-20,1249.12646484375,1251.5642604425864,1236.449927729801,1238.4001642088701,2274100
2025-01-21,1257.4150390625,1263.265748821612,1244.7385012510906,1262.7781896750193,1881200
2025-01-22,1262.7781982421875,1272.0418220902964,1255.9523701435812,1262.2906390922872,2410400
2025-01-23,1275.9422607421875,1280.817852109181,1264.2408414614033,1264.7284005981026,1764800
2025-01-24,1280.330322265625,1289.5939460748584,1271.0666984563916,1275.9422899349356,2200600
2025-01-27,1300.3201904296875,1309.0962547070533,1290.081448772761,1290.081448772761,2510600
2025-01-28,1307.6336669921875,1318.8475276710915,1298.8576021130452,1303.7331937125687,2660600
2025-01-29,1332.9866943359375,1346.1507911710034,1312.5092103702793,1318.359920074753,4293900
2025-01-30,1344.2005615234375,1349.563712113484,1329.0862280423978,1337.8622926442918,3097300
2025-01-31,1315.922119140625,1344.2005492666556,1304.2206997781298,1340.7876352859278,6113700
2025-02-03,1272.529296875,1293.9818980483717,1249.6140183488985,1258.3900824652778,4788000
2025-02-04,1298.3699951171875,1303.7331456790685,1269.6040057398259,1284.2307799995012,3767900
2025-02-05,1296.9073486328125,1306.6585317052397,1283.743251485036,1301.7829401690262,3707300
2025-02-06,1272.041748046875,1296.4197041228979,1264.7283612240683,1293.0067902722546,2498000
2025-02-07,1286.6685791015625,1294.4695253939556,1267.6537725138548,1276.4298370927968,2650800
2025-02-10,1302.2705078125,1311.046572634898,1289.106410578903,1290.0815288925028,2686100
2025-02-12,1341.2752685546875,1354.926925232089,1314.9470735339848,1316.4097510351348,5919300
2025-02-13,1419.772216796875,1420.7473350776422,1353.4641737047134,1355.4144102662474,6777000
2025-02-14,1416.3592529296875,1438.2994134742094,1411.4836616975715,1429.5233492564007,4195400
2025-02-17,1410.02099609375,1452.4386401671097,1408.07075958463,1444.6376941306298,2832600
2025-02-18,1437.3243408203125,1437.3243408203125,1411.9712656090994,1418.3095344119026,1851800
2025-02-19,1439.7620849609375,1453.9012994763007,1428.0606660516714,1439.274525839718,2816700
2025-02-20,1381.2550048828125,1430.4984766417833,1365.6531128403662,1428.5482401364775,4064900
2025-02-21,1369.0660400390625,1395.3942331167368,1355.9019435002253,1388.0808461507163,3471800
2025-02-25,1325.185791015625,1352.0015446969567,1319.3350811215162,1347.1259531185326,4100200
2025-02-26,1319.8226318359375,1322.7479867642774,1298.8575881828363,1318.3599543717678,3234200
2025-02-27,1336.88720703125,1337.862325344183,1318.8475182419882,1319.8226365549212,2850900
2025-02-28,1344.2005615234375,1352.489066980782,1325.1857548860005,1343.713002378888,4235200
2025-03-03,1390.5186767578125,1401.2449779109231,1356.3895367251873,1356.8770958685107,2709900
2025-03-04,1370.5286865234375,1386.1305783657535,1362.2401814822072,1377.3545142044509,1990500
2025-03-05,1363.702880859375,1370.5287086505912,1346.150752253391,1370.5287086505912,2676800
2025-03-06,1351.513916015625,1373.9416361226665,1346.6383246880073,1365.1655717329545,2611600
2025-03-07,1328.5987548828125,1352.0015953357943,1318.360012184633,1341.7628526376147,2732900
2025-03-10,1312.50927734375,1339.32503152425,1312.50927734375,1331.036525686641,2121700
2025-03-11,1279.8427734375,1309.5838816964285,1261.8030848214287,1300.3202578125001,2716500
2025-03-12,1287.6436767578125,1295.9321820606838,1278.3800531840152,1286.6685584868865,2669700
2025-03-13,1305.683349609375,1305.683349609375,1281.3053931192821,1286.1809844173006,2324900
2025-03-14,1326.160888671875,1334.9369533763213,1305.1958452112533,1305.6834043615004,3362100
2025-03-17,1358.3397216796875,1364.1904311772312,1339.8124749374665,1351.5138939325534,1764000
2025-03-18,1364.677978515625,1370.5286879626372,1357.3645917068595,1364.677978515625,1610600
2025-03-19,1353.95166015625,1371.9913473819545,1352.4889828136252,1357.3645739557076,2473200
2025-03-21,1344.6881103515625,1380.7674867714375,1344.6881103515625,1350.538820041272,4317100
2025-03-24,1344.6881103515625,1354.926852308554,1342.250314647517,1343.7129920699442,1802700
2025-03-25,1348.1009521484375,1352.001425066046,1342.2502427720246,1351.026306836644,1508700
2025-03-26,1362.727783203125,1377.3545572625503,1360.7775466618682,1374.4292024506653,2349000
2025-03-27,1366.628173828125,1374.4291195224703,1350.5387233335377,1350.5387233335377,2475800
2025-03-28,1376.029296875,1379.4928729548724,1360.6906028069939,1360.6906028069939,1749500
2025-03-31,1309.7265625,1325.0652566584813,1299.8306307848507,1324.0756634869663,2677600
2025-04-01,1324.570556640625,1338.4248620518829,1319.127793800488,1328.0341329934395,1681900
2025-04-02,1309.2318115234375,1338.4248111001127,1305.7682353024761,1335.9508280851403,1458000
2025-04-03,1305.2734375,1311.7057933330175,1247.8770316053829,1249.856218015542,2260400
2025-04-04,1266.1845703125,1297.3567578582943,1241.93953555466,1275.5857062390094,2381600
2025-04-07,1194.43896484375,1219.6735908615758,1154.3604411683798,1175.6366944775268,2971800
2025-04-08,1242.434326171875,1261.7313945592518,1227.095630787037,1230.064410538941,1970000
2025-04-09,1240.9498291015625,1254.8041334137013,1214.7256102250144,1230.5591008674585,1715800
2025-04-10,1311.2110595703125,1317.148619085348,1253.3198542987177,1296.367160782724,2560500
2025-04-11,1320.6121826171875,1330.0133184245035,1250.8458589944735,1252.8250454802244,2441300
2025-04-14,1335.9508056640625,1349.310313720703,1321.601704418041,1332.4872295012296,1773500
2025-04-15,1319.127685546875,1349.8050735828488,1315.169312897072,1348.815480420398,1402300
2025-04-16,1357.721923828125,1362.669890022834,1330.508109757226,1332.9820928545805,1736300
2025-04-17,1367.6177978515625,1374.0501536301697,1356.7322726877658,1368.6073910482712,1354500
2025-04-18,1400.2744140625,1405.2223801899293,1369.5970240724382,1370.586617297924,1302800
2025-04-21,1394.3367919921875,1408.6858931163085,1387.9044363158573,1401.2639442590046,1024100
2025-04-22,1404.7275390625,1409.180708436069,1376.5241330298961,1380.4825058064018,1152300
2025-04-23,1434.4154052734375,1438.8685748655248,1399.7796417794254,1412.1495573130012,2592600
2025-04-24,1398.7900390625,1443.8165312997435,1398.2952424445082,1443.8165312997435,1917900
2025-04-25,1456.68115234375,1461.1343216274097,1388.89401991471,1405.2223072881284,3382900
2025-04-28,1509.129638671875,1521.0047571401128,1439.858114273822,1452.722825947746,4182300
2025-04-30,1509.6243896484375,1519.5203214062115,1482.9053739024473,1504.1816271816617,3015900
2025-05-01,1496.264892578125,1511.6035869134166,1483.4001812001384,1504.1816380415014,2132400
2025-05-02,1512.098388671875,1527.9318796527323,1487.3585590142854,1489.3377453868925,2388600
2025-05-07,1529.416259765625,1541.7861745162365,1513.0879722948175,1521.0047177352092,2248400
2025-05-08,1535.3538818359375,1535.3538818359375,1504.181695385514,1519.0255936952396,1723200
2025-05-09,1558.114501953125,1562.5676713775704,1534.8590616254664,1543.765400474357,2313600
2025-05-12,1546.2393798828125,1583.349125,1528.4267022265624,1563.5572609375,2727800
2025-05-13,1502.2025146484375,1552.1769724809449,1460.639599223382,1546.7342097467113,3957000
2025-05-14,1507.1505126953125,1531.395547206826,1483.8950714291668,1514.5724620355718,3308700
2025-05-15,1532.8798828125,1541.2914251003672,1477.957459638779,1490.822171373164,4022400
2025-05-16,1527.931884765625,1582.8543067892597,1519.5203426538972,1532.8798507137,4100800
2025-05-19,1569.494873046875,1569.494873046875,1514.0776518043624,1526.942363878517,2615200
2025-05-20,1544.7550048828125,1548.7133777332488,1522.9839542054121,1545.249801489117,2456900
2025-05-21,1557.6197509765625,1558.1145475937722,1529.4163437956017,1545.2498355463165,2131300
2025-05-22,1561.578125,1579.3908032319391,1555.1457689717997,1577.4116167617237,2379700
2025-05-23,1569.0,1569.4947965941342,1555.6404919583726,1561.5780510879847,2348600
2025-05-26,1566.03125,1573.947995655608,1554.1561315165877,1571.4740126382305,1337900
2025-05-27,1542.281005859375,1563.5572597098574,1539.3122262523311,1557.6197004957692,1758300
2025-05-28,1559.1041259765625,1566.5260751640105,1546.7342106641493,1551.187380176618,2802500
2025-05-29,1583.34912109375,1583.34912109375,1556.1353080749514,1559.104087677002,2371500
2025-05-30,1571.96875,1571.96875,1554.1560729461755,1561.5780217186025,3782200
2025-06-02,1582.8543701171875,1582.8543701171875,1557.1249461577959,1563.5573021476437,2580100
2025-06-03,1538.3226318359375,1582.35952930567,1532.3850726265352,1582.35952930567,2454300
2025-06-04,1593.2451171875,1606.1098293138587,1557.6197605298912,1558.6093537703805,3628200
2025-06-05,1562.0728759765625,1575.4323842601757,1549.7029608991427,1571.4740114354015,2005500
2025-06-06,1624.417236328125,1624.417236328125,1562.0728647846147,1565.5364409814765,3020200
2025-06-09,1600.1722412109375,1632.3340209507985,1591.2659022060527,1624.417275168679,1869200
2025-06-10,1612.5421142578125,1616.5004870451899,1598.19301290357,1608.0889448720131,1773600
2025-06-11,1586.31787109375,1607.5941245114143,1557.619668809459,1598.1929892803532,2384900
2025-06-12,1573.947998046875,1611.5525399681458,1566.5260489834661,1593.2450656117376,2112700
2025-06-13,1568.5052490234375,1582.3595540621302,1556.6301304188435,1573.9480117172095,2098400
2025-06-16,1584.3387451171875,1590.276304436802,1574.4428129178295,1580.3803722374444,1579800
2025-06-17,1577.41162109375,1584.338773758528,1564.5469090020194,1578.4012143315754,1482000
2025-06-18,1580.38037109375,1603.1410151358014,1577.411591436091,1585.328337189848,2133600
2025-06-19,1597.2034912109375,1597.2034912109375,1576.9168297674282,1586.3179655583228,1213900
2025-06-20,1574.9376220703125,1591.2659103292883,1568.5052660895037,1589.2867238736549,3391700
2025-06-23,1576.916748046875,1602.1513743883843,1575.4323582620802,1581.8647139961904,1490000
2025-06-24,1565.5364990234375,1586.317956975076,1545.2498376896951,1584.3387705034913,2042000
2025-06-25,1554.1561279296875,1565.536449783359,1549.208161906352,1556.1353143390218,1341500
2025-06-26,1561.083251953125,1561.083251953125,1536.838218880002,1546.7341507465828,1464200
2025-06-27,1560.09375,1572.9584621788772,1550.6926141769743,1568.5052925784967,1323900
2025-06-30,1594.234619140625,1599.1825850597454,1579.8855179751754,1583.3490941185598,2313400
2025-07-01,1599.6773681640625,1612.0472828575676,1583.8438773563762,1586.3178602950773,2084400
2025-07-02,1593.7398681640625,1613.531732407019,1578.4011733757714,1581.3699530122149,1729300
2025-07-03,1564.546875,1613.0369425996205,1529.4163158206832,1596.7086545303605,3295300
2025-07-04,1581.86474609375,1586.317915538493,1565.536458129692,1568.5052377595207,2004000
2025-07-07,1587.80224609375,1592.2554153722929,1566.031196287541,1582.3594836421978,1310200
2025-07-08,1588.7918701171875,1593.2450394822,1572.4635824454756,1588.2970735210752,2401100
2025-07-09,1604.6253662109375,1615.0160947617946,1591.2658580741213,1593.2450444647607,2148100
2025-07-10,1617.4901123046875,1620.9536885622992,1600.667027624859,1616.0057224799966,1916300
2025-07-11,1594.7294921875,1648.6623232915763,1586.3179497217266,1622.4381026629887,2206500
2025-07-14,1614.5213623046875,1615.510955539321,1589.2867348215311,1608.583802896886,1353200
2025-07-15,1605.1202392578125,1633.8184432889323,1600.6670696667766,1620.953731137051,1646400
2025-07-16,1609.07861328125,1611.552596389001,1597.2034943640451,1599.182680850246,1385500
2025-07-17,1646.1883544921875,1646.683151112113,1615.01616743688,1616.5005572966566,1718400
2025-07-18,1644.2091064453125,1657.5686146830565,1632.82878461316,1648.6622758578937,1742400
2025-07-22,1663.5062255859375,1678.350124089084,1645.6935473821618,1647.672733849248,2421200
2025-07-23,1653.115478515625,1691.7096142008147,1631.839224227636,1687.2564446986776,2946500
2025-07-24,1663.5062255859375,1678.8449207058554,1655.0946831008212,1667.9593951368815,1900200
2025-07-25,1668.948974609375,1671.9177542855257,1648.6623134890121,1663.5062118697654,1664700
2025-07-28,1632.333984375,1682.8032376051456,1632.333984375,1676.865678401599,2133800
2025-07-29,1659.052978515625,1769.3926189000522,1596.2138111218032,1614.02648849328,13172600
2025-07-30,1618.9744873046875,1641.240334471164,1598.1930299493097,1632.3339956045734,5434900
2025-07-31,1663.0113525390625,1674.3916742017816,1620.9536420464055,1628.8703875509057,3980100
2025-08-01,1721.8922119140625,1742.6736696440598,1673.4021438774023,1678.8449066162111,3897800
2025-08-04,1694.18359375,1698.6367632429176,1644.703932717582,1657.5686445860106,3006900
2025-08-05,1713.4805908203125,1713.4805908203125,1678.350032937482,1697.1523033536448,2721500
2025-08-06,1757.022705078125,1767.4134335508484,1711.0066218417787,1716.9441809690493,3100600
2025-08-07,1788.1949462890625,1793.6377089922114,1755.0435734607927,1775.3302344452563,3492300
2025-08-08,1807.491943359375,1835.6953489907696,1774.8353684177603,1801.059587689057,3961000
2025-08-12,1851.5289306640625,1874.2895749212903,1813.42959136392,1835.6954390068604,3314500
2025-08-13,1874.28955078125,1884.185482939546,1855.4872796804877,1865.3832118387836,2911600
2025-08-14,1808.9764404296875,1851.034153076439,1792.6481519903605,1841.6330173083416,3398600
2025-08-15,1852.023681640625,1855.982054457383,1804.5232078395297,1812.9347500751403,2066900
2025-08-18,1854.0029296875,1878.2479639961969,1826.294319048989,1839.6538277496998,2188200
2025-08-19,1888.143798828125,1888.143798828125,1850.5392577613175,1869.3415282947212,2167200
2025-08-20,1893.091796875,1899.5241526929233,1861.9196109881402,1883.6906614488041,2408900
2025-08-21,1880.22705078125,1895.0709485505756,1847.5704756887335,1893.0917621813323,1933900
2025-08-22,1925.7484130859375,1929.706785980256,1886.6594807545425,1895.0710231549692,1884200
2025-08-25,1885.175048828125,1942.0766579134884,1881.2166760221867,1929.706742894931,2671800
2025-08-26,1868.3519287109375,1906.4512662402653,1855.487217337398,1897.050131005756,2439600
2025-08-27,1900.0189208984375,1928.2223267555237,1886.6594128608704,1898.0397345225015,2288600
2025-08-28,1939.6026611328125,1939.6026611328125,1893.5865775906311,1908.9252721046917,1606800
2025-08-29,1967.80615234375,1974.733305004754,1918.8212870980794,1934.1599822760168,1985300
2025-09-01,1982.6500244140625,1989.0823803704845,1939.6027191672385,1950.4882446319527,1797500
2025-09-02,2007.8846435546875,2010.3586266049028,1958.4049825503828,1995.5147283036115,2511900
2025-09-03,1980.6707763671875,2011.8429619557792,1957.4153363249047,2007.8845891826247,2021800
2025-09-04,2041.53076171875,2052.416286866063,1993.5354917510526,1995.5146781414733,2336000
2025-09-05,2036.582763671875,2064.7861692912375,2014.316917130273,2058.353813623664,2321300
2025-09-08,2083.09375,2091.505292458432,2039.0568512470309,2044.9944106294536,2194800
2025-09-09,2107.338623046875,2132.573248493081,2088.0415565291883,2101.8958606957326,2870100
2025-09-10,2118.224365234375,2139.005823617894,2093.9793304536033,2101.8960765044676,2265000
2025-09-11,2158.302734375,2161.766310519114,2131.583718406121,2139.005667286365,2659400
2025-09-12,2123.172119140625,2186.0112846337174,2122.677322561939,2162.2610488568007,4216300
2025-09-16,2092.98974609375,2127.6255102135046,2088.53657642121,2120.6983573895536,3127000
2025-09-17,2072.702880859375,2093.979133873687,2057.364186825801,2078.145643258385,2381200
2025-09-18,2087.546875,2097.9376036975586,2051.4267228608674,2073.197773465276,2152500
2025-09-19,2110.80224609375,2121.6877710384433,2085.0728234972016,2090.0207893811535,4623500
2025-09-22,2067.26025390625,2119.708695005834,2044.499609655487,2110.8023559511876,2217400
2025-09-24,2092.0,2095.958372753075,2057.364238410596,2091.010406811731,2269200
2025-09-25,2075.671875,2115.2556056317044,2068.2499255065554,2093.979350417163,2886300
2025-09-26,2092.0,2107.833491012299,2081.1144749290443,2088.041627246925,2613700
2025-09-29,2076.0,2097.5,2053.5,2096.0,2100500
2025-09-30,2079.5,2090.0,2052.5,2062.0,1946900
2025-10-01,2038.5,2066.0,2011.5,2051.5,2350700
2025-10-02,1979.0,2039.5,1979.0,2023.0,2359600
2025-10-03,1975.5,2019.0,1967.5,1979.0,2421900
2025-10-06,2056.0,2079.5,2025.0,2049.0,2617600
2025-10-07,2046.5,2077.5,2040.0,2075.0,1963200
2025-10-08,2029.5,2090.5,2020.0,2055.5,2550500
2025-10-09,2015.5,2044.0,1998.0,2042.0,2245800
2025-10-10,1992.5,2035.0,1950.0,1994.5,3502700
2025-10-14,1973.0,2004.0,1949.5,1952.5,2530900
2025-10-15,1986.0,1999.5,1969.5,1986.0,2571000
2025-10-16,1985.0,2016.5,1970.5,2004.0,2280700
2025-10-17,1956.0,1984.5,1941.5,1968.0,2441700
2025-10-20,1992.0,1993.5,1953.0,1982.5,1764200
2025-10-21,1971.0,2002.5,1959.5,1999.5,1577600
2025-10-22,2052.0,2057.0,1980.0,1984.0,2704100
2025-10-23,2036.0,2059.0,2015.5,2028.0,2080200
2025-10-24,2074.0,2085.0,2037.0,2051.0,2170300
2025-10-27,2117.0,2128.0,2079.0,2098.0,1978700
2025-10-28,2044.0,2105.0,2031.0,2100.0,1956300
2025-10-29,2040.5,2077.0,2027.0,2065.0,2608700
2025-10-30,2069.0,2076.5,2030.0,2048.5,2152500
2025-10-31,2073.5,2088.0,2053.5,2077.0,1745600
2025-11-04,2104.5,2131.0,2060.5,2066.5,2350700
2025-11-05,2186.5,2197.5,2024.0,2109.0,4461800
2025-11-06,2216.0,2216.0,2153.0,2161.5,3274200
2025-11-07,2187.5,2258.0,2064.5,2200.0,7200300
2025-11-10,2271.0,2280.5,2151.5,2176.0,4288400
2025-11-11,2312.5,2344.5,2214.0,2240.0,4417700
2025-11-12,2361.5,2366.0,2295.0,2309.5,3283900
2025-11-13,2515.0,2516.0,2358.0,2366.0,4465400
2025-11-14,2507.0,2529.0,2472.0,2493.5,3109000
2025-11-17,2502.5,2520.0,2456.0,2519.0,2688000
2025-11-18,2432.0,2526.0,2421.5,2500.0,3174400
2025-11-19,2485.0,2527.5,2425.0,2482.0,3276400
2025-11-20,2539.5,2559.0,2484.5,2529.0,2605900
2025-11-21,2572.0,2572.0,2491.5,2501.0,3372900
2025-11-25,2574.0,2590.0,2512.5,2548.0,3612300
2025-11-26,2651.5,2668.0,2569.0,2581.0,2592500
2025-11-27,2687.0,2694.0,2652.5,2677.0,2875900
2025-11-28,2771.0,2789.5,2647.0,2664.0,3338400
2025-12-01,2769.5,2780.0,2686.0,2759.5,3335500
2025-12-02,2716.5,2769.0,2678.0,2742.0,3255700
2025-12-03,2720.0,2744.5,2703.0,2720.5,2160200
2025-12-04,2679.0,2751.5,2672.0,2734.0,3194600
2025-12-05,2645.5,2693.0,2645.5,2684.0,2188900
2025-12-08,2700.0,2700.0,2622.0,2664.0,2600300
2025-12-09,2691.0,2757.5,2681.0,2719.5,2497600
2025-12-10,2704.0,2747.5,2700.0,2722.0,2203500
2025-12-11,2645.0,2717.5,2643.0,2717.0,1997700
2025-12-12,2672.0,2686.5,2657.0,2676.5,2580600
2025-12-15,2702.5,2720.0,2654.5,2665.0,1973300
2025-12-16,2659.0,2693.5,2658.5,2690.0,1775100
2025-12-17,2664.0,2673.5,2574.5,2656.5,2413000
2025-12-18,2637.0,2672.0,2611.0,2634.5,1523800
2025-12-19,2700.0,2719.0,2614.0,2640.0,3308200
2025-12-22,2657.5,2726.0,2657.5,2715.0,1648900
2025-12-23,2668.0,2669.5,2615.5,2648.0,1677100
2025-12-24,2666.0,2705.0,2665.0,2681.0,1550300
2025-12-25,2679.5,2689.0,2633.5,2686.0,1115200
2025-12-26,2669.5,2722.5,2660.5,2698.5,1391300
2025-12-29,2699.0,2714.0,2667.0,2670.0,1286500
2025-12-30,2668.5,2717.0,2668.5,2700.0,1298900
2026-01-05,2728.0,2773.0,2680.5,2710.0,2088400
2026-01-06,2776.0,2785.0,2706.0,2745.5,2444400
2026-01-07,2730.0,2759.5,2707.0,2727.0,1791500
2026-01-08,2763.0,2825.0,2737.5,2738.5,2420600
2026-01-09,2795.0,2796.0,2718.5,2757.5,2027900
2026-01-13,2839.0,2920.0,2835.5,2920.0,2747800
2026-01-14,2895.5,2909.0,2842.0,2870.0,2153000
2026-01-15,2906.5,2943.5,2885.0,2908.0,2304400
2026-01-16,2918.5,2943.5,2874.5,2886.0,2432900
2026-01-19,2847.5,2918.0,2822.5,2883.5,1905600
2026-01-20,2780.0,2847.5,2780.0,2845.0,2216000
2026-01-21,2794.5,2815.0,2712.5,2730.0,2190200
2026-01-22,2778.5,2818.0,2736.5,2805.5,2700500
2026-01-23,2805.0,2848.0,2780.0,2795.0,1879800
2026-01-26,2709.0,2750.0,2709.0,2722.0,2061000
2026-01-27,2735.5,2741.5,2661.5,2700.0,2428200
2026-01-28,2712.0,2737.0,2683.0,2691.0,1513400
2026-01-29,2752.5,2755.5,2666.5,2697.0,2163600
2026-01-30,2738.5,2759.5,2718.0,2740.0,1939200
2026-02-02,2730.0,2833.0,2730.0,2800.0,2246700
2026-02-03,2905.5,2906.5,2805.5,2815.0,2725400
2026-02-04,2939.0,2963.0,2882.0,2900.0,3469800
2026-02-05,3170.0,3253.0,2867.0,2942.5,11150900
2026-02-06,3319.0,3414.0,3199.0,3204.0,8508100
2026-02-09,3443.0,3582.0,3391.0,3426.0,6282600
2026-02-10,3518.0,3537.0,3445.0,3450.0,3253800
2026-02-12,3460.0,3552.0,3409.0,3540.0,5240300
2026-02-13,3320.0,3459.0,3304.0,3409.0,4697100
2026-02-16,3220.0,3356.0,3212.0,3350.0,3222700
2026-02-17,3271.0,3334.0,3245.0,3280.0,2969200
2026-02-18,3407.0,3421.0,3278.0,3278.0,3142200
2026-02-19,3483.0,3493.0,3377.0,3414.0,2870300
