Price,Close,High,Low,Open,Volume
Ticker,3289.T,3289.T,3289.T,3289.T,3289.T
Date,,,,,
2013-10-01,778.4238891601562,805.2404059159128,767.9952437551398,798.5362767269737,25721300
2013-10-02,758.3115844726562,787.3628141332,755.3319711741389,774.6994576145014,7012000
2013-10-08,700.209228515625,702.4439388193982,675.627415174119,678.6070289124834,3815900
2013-10-09,712.1275024414062,713.6173089318694,692.7600180653847,696.4845342915427,4753500
2013-10-10,712.8722534179688,736.7091521738465,711.3824472457264,736.7091521738465,4295100
2013-10-11,715.8519897460938,723.3010218974579,711.3825704552753,715.1070865309573,4078500
2013-10-15,708.4030151367188,728.5154035790861,707.6581118610754,722.5561773739402,2370200
2013-10-16,727.025634765625,727.025634765625,709.892858536517,709.892858536517,3258600
2013-10-17,747.1380615234375,762.7810319042871,735.9645112514021,737.4543179543401,4916000
2013-10-18,765.760498046875,769.485014087959,744.1583050085876,747.1379178414549,3567800
2013-10-21,786.617919921875,791.8322432546904,765.7606265906131,769.48514325691,4101100
2013-10-22,776.189208984375,782.1484351569998,764.2707566391255,779.9137253422655,2736800
2013-10-23,763.5259399414062,781.4036204863758,756.0769063810023,776.9342003501334,3630700
2013-10-24,758.3115844726562,762.0361010958028,747.1380346032163,752.3523578756216,1697600
2013-10-25,734.4746704101562,759.8013831829203,734.4746704101562,759.8013831829203,2586000
2013-10-28,747.8828125,750.8624252988047,730.0051357071713,741.1786837026892,1742600
2013-10-29,738.1992797851562,744.9034104794715,730.7502456803616,730.7502456803616,1118700
2013-10-30,730.750244140625,750.1177327722827,730.750244140625,741.9237952742737,2953200
2013-10-31,719.5764770507812,734.4745407578368,715.8519611240174,730.7500248310729,2250900
2013-11-01,705.4234008789062,728.5154023860299,700.9539812323662,719.5765630929498,2388800
2013-11-05,708.4030151367188,715.1071446175079,700.9539823802863,715.1071446175079,1603500
2013-11-06,710.6376342773438,712.8723438190964,700.2089897491647,700.9538929297489,1587500
2013-11-07,702.4439086914062,718.8317835495303,702.4439086914062,707.6582325099002,1505200
2013-11-08,694.9949340820312,702.4439687452899,690.525513284076,691.2704167504019,1442700
2013-11-11,690.5252685546875,703.9335261965261,682.3313333291195,703.1886229942018,1627400
2013-11-12,697.9744262695312,697.9744262695312,679.3518428578575,679.3518428578575,3030200
2013-11-13,706.1683959960938,721.8113667934756,701.6989757682704,702.4438791395743,3837500
2013-11-14,719.5764770507812,725.5357025336035,702.4437037876675,706.1682197144313,4048200
2013-11-15,740.433837890625,744.1583541778012,727.0255792567908,730.0051922865317,3594500
2013-11-18,748.627685546875,762.0359426014459,741.1786538498911,744.9031696983831,4217200
2013-11-19,744.1583251953125,752.3522607079736,738.1990993679226,744.1583251953125,2159100
2013-11-20,744.1583251953125,752.3522607079736,737.4541961394989,747.1379381090075,2455800
2013-11-21,741.1786499023438,748.6276815596538,735.9643277422268,747.8827783939228,2202100
2013-11-22,736.7094116210938,753.8421886355377,731.4950881819151,746.3931551509969,4337300
2013-11-25,724.0460205078125,742.6686033398037,720.3215039414143,742.6686033398037,2640500
2013-11-26,727.7704467773438,727.7704467773438,707.6580598142033,717.341801685345,2632000
2013-11-27,708.4030151367188,727.0255970277997,706.9132085854322,717.3418544444376,4089700
2013-11-28,706.9132690429688,721.0664324906152,699.4642356494707,710.6377857397177,4831100
2013-11-29,698.7193603515625,703.1887805670309,692.7601333976046,694.2499401360941,3586300
2013-12-02,695.7396850585938,706.9132346045026,692.7600718463514,703.9336213922602,1624300
2013-12-03,718.83154296875,721.0662524287565,697.2293515220207,704.6783830553755,5271300
2013-12-04,697.9744262695312,713.6173963353372,693.5050062507296,707.6581696436016,2345300
2013-12-05,681.5865478515625,700.2091311261954,678.6069345276213,694.2499044783128,3252700
2013-12-06,678.60693359375,686.8008702233124,677.8620302637898,679.3518369237103,2916600
2013-12-09,682.3312377929688,689.7802687732413,679.3516254008598,689.0353656752142,1834100
2013-12-10,686.80078125,690.5252974172994,679.3517489154013,681.5864586157809,2234600
2013-12-11,674.1376342773438,683.8213793001122,664.4538892545752,681.5866689102426,3029300
2013-12-12,681.5865478515625,686.0559678374744,668.1782878938269,670.4129978867828,3222800
2013-12-13,668.9232177734375,677.8620581000313,661.4741841679426,670.4130244945364,8485700
2013-12-16,647.321044921875,667.4334364211738,647.321044921875,663.7089194768593,4019000
2013-12-17,648.0660400390625,654.7701714877425,644.3415225675736,652.5354610048491,2711800
2013-12-18,662.2188720703125,663.7086783066911,643.5962941155793,645.086100351958,5373000
2013-12-19,705.4234008789062,705.4234008789062,673.3925600787024,673.3925600787024,8537900
2013-12-20,714.3623657226562,718.8317861547063,697.9744908051397,700.9541044265063,6691000
2013-12-24,698.7193603515625,718.0868479519256,697.9744569823177,715.1072344749466,3559100
2013-12-25,705.4234008789062,707.6581107021763,694.9947550369794,698.7192714090962,3578400
2013-12-26,715.8519897460938,718.8316026066394,702.4437318736383,708.4029575947296,2358000
2013-12-27,734.4746704101562,735.9644770438483,718.0867974395443,722.5562173406203,4057700
2013-12-30,737.4542846679688,741.1788012572009,730.7501548073508,738.9440913036616,3359400
2014-01-06,719.5764770507812,729.2602184603674,707.6580260851368,727.7704120896618,3401500
2014-01-07,706.9132690429688,715.1072057758166,700.9540423281703,711.3826890790676,2981500
2014-01-08,710.6376342773438,718.086666083186,706.1682151938385,712.8723438190964,2848100
2014-01-09,703.93359375,718.0867559523809,702.4437872023809,710.6377232142858,3074100
2014-01-10,696.4846801757812,711.3827482009317,691.2703563669786,698.7193903795538,3515800
2014-01-14,669.6680297851562,680.8415786692244,668.9231265262183,678.6068688924108,4469600
2014-01-15,684.5660400390625,686.8007496365784,677.1170080473426,678.6068144456865,3135300
2014-01-16,674.1376342773438,686.0560896899818,670.4131169608943,685.3111862266919,3763700
2014-01-17,692.7601318359375,697.2295520413306,677.862064484627,689.0356149981098,4810100
2014-01-20,683.0762939453125,697.2294559790757,681.5864874154427,697.2294559790757,1642100
2014-01-21,702.4439086914062,711.3827495231103,689.7805508464922,693.5050678597023,4908800
2014-01-22,690.5252685546875,703.9335261965261,681.5864301267951,700.2090101849043,3016200
2014-01-23,679.3517456054688,697.9743263512327,679.3517456054688,697.2294231214021,2364100
2014-01-24,673.3925170898438,675.6272267704517,670.4129041823666,674.1374203167131,4043500
2014-01-27,659.239501953125,665.1987290894244,651.7904680327507,654.025178208863,3749000
2014-01-28,671.9027709960938,680.0967072277534,657.7496084141361,657.7496084141361,2850600
2014-01-29,684.5660400390625,690.5252656324384,671.1577824539665,679.3517176448585,4459900
2014-01-30,671.9027709960938,690.5253533407748,665.1986413520085,690.5253533407748,4261600
2014-01-31,660.7290649414062,683.0761584568991,654.7698400039415,680.8414491053499,3104700
2014-02-03,645.0863037109375,664.4537908893259,642.1066902988778,649.5557238290271,2941900
2014-02-04,613.8001098632812,627.9532677363424,601.8816611280719,614.5450129092318,4849900
2014-02-05,639.126953125,643.5963723776224,624.9737921583625,625.7186953671329,4483600
2014-02-06,636.1473999023438,657.0046917024206,634.6575933451954,646.5760458023822,2297800
2014-02-07,645.0863037109375,655.5149506531467,640.6168835928479,648.0659171229972,2027000
2014-02-10,661.4740600585938,662.9638665001671,651.7903181883665,659.9842536170204,1531400
2014-02-12,659.239501953125,672.6477630097987,657.7496951690501,669.668149441649,1650200
2014-02-13,633.1679077148438,661.4742377068014,627.2086803481158,660.7293342859605,3428300
2014-02-14,613.0552978515625,636.1472957050236,605.6062662859299,631.677876765644,4648000
2014-02-17,623.4840698242188,629.4432962980463,610.0758102581065,614.5452301134773,2445500
2014-02-18,655.5148315429688,659.239347631281,622.7390899658203,629.4432189247825,3693800
2014-02-19,650.3007202148438,661.4742721085696,640.6169752402814,648.0660098360986,2298800
2014-02-20,628.6983642578125,661.4741083660397,627.9534609826255,644.3413330367391,3297500
2014-02-21,623.4840698242188,640.6168459364733,613.8003268042488,640.6168459364733,3794400
2014-02-24,621.2493896484375,632.4229398219705,614.5452595443177,618.2697762688287,2575700
2014-02-25,626.4638061523438,629.4434199747092,617.5249646852473,627.9536130635264,1975600
2014-02-26,623.4840698242188,626.4636830611325,616.0350367319342,618.2697466596195,1894000
2014-02-27,604.8615112304688,619.0146746705906,603.3717045525611,618.2697713316368,3655800
2014-02-28,596.6674194335938,604.861354032557,592.9429037067922,603.3715477418364,3566100
2014-03-03,587.7286987304688,600.3920547233939,583.2592789682599,591.4532151989762,3948600
2014-03-04,590.7081909179688,594.4327066236307,575.8101280953214,578.7897406598508,8038800
2014-03-05,598.1573486328125,612.3105113028292,597.4124453343906,602.6267684233441,5806300
2014-03-06,598.9022216796875,608.5859640700306,582.5143499421836,594.4328021149137,6236900
2014-03-07,604.1165161132812,607.0961290164294,598.9021935327721,602.6267096617072,2852900
2014-03-10,587.7286987304688,605.6063777793044,583.2592789682599,602.6267646044984,4405300
2014-03-11,606.3511962890625,607.8410026681511,591.4531324981764,592.9429388772651,6116600
2014-03-12,593.6879272460938,609.3308964708967,592.9430239496746,601.8818635067048,3275800
2014-03-13,585.493896484375,595.9225409510178,584.7489933081862,595.177637774829,1608000
2014-03-14,566.1264038085938,571.3407259489361,558.6773721795333,566.1264038085938,5212300
2014-03-17,559.42236328125,565.3815895212633,554.95294360124,559.42236328125,2394300
2014-03-18,563.8919677734375,577.3002312079446,563.1470642492983,573.5757135872482,2209000
2014-03-19,567.6162719726562,575.8102076573009,559.4223362880116,566.126465484539,2748400
2014-03-20,543.7793579101562,566.8713580405876,543.7793579101562,565.3815515805597,4108000
2014-03-24,547.5037841796875,554.2079121492347,542.2894624255953,543.7792686410502,3331900
2014-03-25,543.7793579101562,548.2487772902398,540.0548417600867,547.5038740602258,2574800
2014-03-26,553.4632568359375,560.1673878070324,544.5244155411444,544.5244155411444,3224100
2014-03-27,562.0817260742188,563.5806106770833,545.5939954427083,550.8400915527343,2341600
2014-03-28,573.3233032226562,574.8221876755259,552.3389208824806,561.3322275996987,2448000
2014-03-31,577.0706787109375,589.8112001889713,574.0729089514002,586.8134304294339,2603500
2014-04-01,579.31884765625,583.8155010662597,570.3255408362306,582.3166165962565,2197600
2014-04-02,600.3032836914062,610.0460336139884,582.3166684497162,584.5649953549274,3809000
2014-04-03,599.5538940429688,604.7999906158448,592.8089127349854,597.3055669403076,2345400
2014-04-04,610.0460205078125,618.2898856498099,601.802155365815,604.0504822227234,2973600
2014-04-07,604.800048828125,610.0461459059402,592.8089697931189,601.8022790693735,2795200
2014-04-08,596.5560913085938,606.2988415435332,593.5583220055355,598.0549759601229,2807300
2014-04-09,583.8156127929688,588.3122670635179,577.8200737655699,582.316728036119,4245400
2014-04-10,567.3280639648438,596.5563261770352,565.829178723193,592.8091130729081,3912000
2014-04-11,553.8379516601562,559.8334910556654,546.3435274157698,548.5918546890857,3838200
2014-04-14,553.08837890625,559.0839168889736,551.589494410569,552.3389366584095,2128000
2014-04-15,549.3411254882812,562.0816427233436,547.0927989173879,560.5827583427481,1731400
2014-04-16,574.822265625,576.3211502811278,554.587322767275,554.587322767275,2655300
2014-04-17,576.3211059570312,582.3166441204335,565.8289141710775,572.5738946049049,3366500
2014-04-18,580.81787109375,582.316755922379,575.5717741935483,580.0684286794354,2032100
2014-04-21,574.822265625,590.5605545143416,574.0728232969361,583.8155735617665,2221500
2014-04-22,557.5850219726562,573.3233088831747,556.835579738822,572.5738666493405,2620100
2014-04-23,563.5806884765625,564.3301308814515,551.5896099983378,557.5851492374502,3577800
2014-04-24,565.8289794921875,566.5784218491308,557.5851135658113,562.8312100644143,2757700
2014-04-25,559.83349609375,568.8268052679468,555.3368415066517,559.83349609375,2318700
2014-04-28,556.0863037109375,558.3346310844319,550.8402065061173,550.8402065061173,1140100
2014-04-30,556.0863037109375,562.0818433735891,551.5896489639488,559.8335160000947,2549300
2014-05-01,571.074951171875,572.5738355581528,555.3366651159572,556.0861073090961,2218500
2014-05-02,572.5738525390625,589.8110234924635,571.074968108332,574.8221791851582,2855200
2014-05-07,565.07958984375,573.3234565390833,561.3323777095077,562.8312625632046,3122400
2014-05-08,560.5828247070312,578.5694394035136,559.8333824280112,567.3278052182121,2457600
2014-05-09,557.5850219726562,565.8288865448326,554.5872530373193,555.3366952711536,1634800
2014-05-12,549.3411254882812,567.3277380554282,549.3411254882812,566.5782958651305,1413100
2014-05-13,589.8111572265625,594.3078115383279,564.3301161265586,568.0773280530298,4688000
2014-05-14,608.5471801757812,612.294391876371,590.5605640129503,594.3077757135401,4603800
2014-05-15,616.0415649414062,617.5404495276384,595.8066230272725,599.5538344928528,3776800
2014-05-16,619.788818359375,621.2877030470639,599.5538750755744,599.5538750755744,3840500
2014-05-19,586.8134155273438,621.2877668865491,584.5650882647868,620.5383244656969,3579700
2014-05-20,586.8134155273438,594.3078397358667,580.0684337396731,588.3123003690483,3052900
2014-05-21,571.8244018554688,579.3188238981354,564.3299798128021,577.8199394896021,3170300
2014-05-22,583.0661010742188,586.8133125207112,566.5783707096522,574.0727936026369,2910400
2014-05-23,598.8043212890625,604.7998589239968,587.5626882235607,589.8110148366611,2900800
2014-05-26,611.5450439453125,613.7933713127585,604.8000618429745,610.0461590336819,2808100
2014-05-27,608.5471801757812,614.5427188967249,607.0482954955453,609.2966225158992,2596000
2014-05-28,612.29443359375,613.7933183761093,586.0639499024633,598.8044705525168,3901300
2014-05-29,607.0482788085938,613.7932596842448,603.3010672110098,608.5471634476273,2994300
2014-05-30,600.3032836914062,610.7954759157254,598.054956786195,607.7977067087771,4272400
2014-06-02,600.3032836914062,600.3032836914062,600.3032836914062,600.3032836914062,0
2014-06-03,618.2901000976562,628.0328531901042,616.7912150065105,627.2834106445313,1943900
2014-06-04,615.2921752929688,621.2877141508784,612.294405864014,621.2877141508784,1860800
2014-06-05,608.5471801757812,619.7888152775506,605.5494108153094,618.2899305973147,1843100
2014-06-06,607.7977294921875,612.2943834711679,603.301075513207,607.7977294921875,1989200
2014-06-09,609.296630859375,617.5404967135609,607.7977461586139,615.2921696624193,1678100
2014-06-10,603.3010864257812,615.2921639199583,602.5516440823951,610.7955098596418,2424600
2014-06-11,601.8021240234375,608.5471042428783,596.5560282972058,605.5493352564602,1657000
2014-06-12,598.8043212890625,601.0526479021629,588.3121304279275,594.3076680628618,2428200
2014-06-13,601.8021240234375,603.3010085166466,588.312163584556,588.312163584556,3217100
2014-06-16,595.0572509765625,605.5494443187184,592.8089238318147,597.3055781213102,1949600
2014-06-17,592.808837890625,600.3032606199628,588.3121842530222,595.0571647094263,1724100
2014-06-18,586.0639038085938,591.3100001342461,581.5672498151774,589.0616731375379,3461400
2014-06-19,597.3055419921875,598.8044266646898,581.5672529309128,584.5650222759175,2863100
2014-06-20,605.5492553710938,611.5447925529858,592.8087388595733,595.0570653027827,3952500
2014-06-23,609.296630859375,614.5427273120388,605.5494191074723,610.0460732097556,2414000
2014-06-24,608.5471801757812,613.043834216489,593.5583333734221,601.0527567746017,2501500
2014-06-25,605.5492553710938,610.0459082575128,602.5514867801478,604.0503710756208,1603200
2014-06-26,610.0460205078125,612.2943473647208,604.7999245083595,607.7976936509041,1373900
2014-06-27,600.3032836914062,613.0438028209368,598.054956786195,610.7954759157254,1941700
2014-06-30,598.8043212890625,604.7998589239968,594.3076680628618,604.05041671963,1797800
2014-07-01,605.5492553710938,610.0459082575128,599.5537181892017,601.0526024846747,2654100
2014-07-02,607.7977294921875,612.2943834711679,604.7999601728671,612.2943834711679,1998300
2014-07-03,606.2988891601562,607.7977739294026,601.0527924677939,607.0483315447794,1452900
2014-07-04,608.5471801757812,610.0460648560171,603.3010837949555,608.5471801757812,1791100
2014-07-07,603.3010864257812,610.0460675162558,602.5516440823951,606.2988557993255,1028700
2014-07-08,586.8134155273438,599.5539366818326,585.3145306856392,599.5539366818326,4278000
2014-07-09,606.2988891601562,607.0483315447794,589.8111566984462,593.5583686215621,4688200
2014-07-10,605.5492553710938,620.5380983258239,603.3009289278842,610.7953504052493,3908600
2014-07-11,591.3099975585938,600.303305506253,587.5627859137358,595.8066515324233,3243300
2014-07-14,589.0615844726562,592.0593533503798,578.5693934006242,588.3121422532255,2239600
2014-07-15,600.3032836914062,603.3010528983547,593.5583029757724,595.8066298809838,2001700
2014-07-16,601.052734375,608.5471574968827,600.3032920628117,602.5516189993765,2000400
2014-07-17,594.3076782226562,606.2987536975144,592.0593515711204,603.3009848287999,1574800
2014-07-18,589.0615844726562,589.8110266920871,580.8177200589168,583.0660467172094,1876100
2014-07-22,587.5628051757812,593.5583440041056,585.3144781151597,590.5605745899434,1456800
2014-07-23,589.0615844726562,590.560468911518,586.8132578143637,586.8132578143637,892300
2014-07-24,582.3167114257812,586.8133655680653,578.5694996405446,586.0639232110179,2703500
2014-07-25,592.0594482421875,592.0594482421875,580.0683708094343,589.0616788839992,1782100
2014-07-28,586.8134155273438,593.5583973150143,584.5650882647868,592.0595124733097,1651700
2014-07-29,592.0594482421875,593.5583329212816,587.562794204905,593.5583329212816,1920200
2014-07-30,589.0615844726562,590.560468911518,586.0638155949329,589.0615844726562,1315300
2014-07-31,592.0594482421875,597.3055446190169,590.5605635630933,592.8088905817345,1670900
2014-08-01,583.8156127929688,593.558363712492,583.8156127929688,592.8089213340671,1550600
2014-08-04,571.8244018554688,580.8177083066688,570.3255174469355,580.8177083066688,2473300
2014-08-05,564.3301391601562,574.0728905666397,563.5806967442729,571.8245633189896,2299700
2014-08-06,555.3367309570312,565.8289229049374,554.5872886750379,562.8311537769642,2584600
2014-08-07,553.08837890625,558.334474641133,543.3456296843242,554.5872634019308,3804800
2014-08-08,539.5985107421875,553.0884735107422,538.0996259901259,548.5918192545573,4058300
2014-08-11,556.835693359375,558.3345781328861,547.8423847183084,550.8401542653306,1996000
2014-08-12,556.835693359375,563.580674840175,553.0884814255973,556.0862509726195,1698300
2014-08-13,563.5806884765625,565.0795732863406,558.3345916423392,559.8334764521173,2031100
2014-08-14,563.5806884765625,568.0773429058968,560.5829188570063,565.8290156912296,1698900
2014-08-15,570.3255004882812,573.3232692162092,562.8310786684616,562.8310786684616,2132900
2014-08-18,565.8289794921875,573.3234030616205,562.8312100644143,571.0750759907907,1645600
2014-08-19,571.074951171875,574.0727199444308,565.8288558199024,568.8266245924582,2069500
2014-08-20,568.8267211914062,575.5717020750988,566.5783942301754,571.0750481526371,1409400
2014-08-21,582.3167114257812,584.5650384969233,568.8267489989291,572.5739607841658,2710600
2014-08-22,585.3143310546875,589.8109840461448,584.5648888894447,586.8132153851733,2399100
2014-08-25,598.054931640625,600.303258451304,586.8132975872298,587.5627398574561,3250400
2014-08-26,603.3010864257812,605.5494134559394,595.0572206485346,598.0549900220788,3500600
2014-08-27,601.052734375,606.2988305603179,598.0549651262469,603.3010613115648,2156400
2014-08-28,606.2988891601562,610.0461010832721,598.0550229293012,598.0550229293012,2919900
2014-08-29,598.054931640625,609.2965656940202,595.806604829946,605.5493543428885,3143500
2014-09-01,604.800048828125,608.5472610265645,597.3056244312462,597.3056244312462,1447600
2014-09-02,611.5450439453125,618.2900260476505,601.0528495638979,603.3011769313439,3041800
2014-09-03,619.788818359375,624.2854724224418,613.7932796086193,616.0416066401526,3662000
2014-09-04,619.039306640625,623.5359601997578,615.2920953413476,619.7887489004804,3685200
2014-09-05,595.8067626953125,614.5428244152909,594.3078777577142,607.7978421960987,7318600
2014-09-08,590.5604858398438,598.0549082489788,585.3143901534492,597.3054660080653,2657300
2014-09-09,586.0639038085938,596.5560964598985,584.5650191441216,595.0572117954264,2187600
2014-09-10,587.5628051757812,589.8111322364028,580.8178239939165,583.0661510545381,2922100
2014-09-11,588.3123168945312,593.5584139878582,584.5651046850119,591.3100866621467,2521800
2014-09-12,590.5604858398438,593.5582548034978,586.8132746352762,590.5604858398438,4061100
2014-09-16,577.0706787109375,588.3123153092025,574.0729089514002,587.5628728693182,2550200
2014-09-17,564.3301391601562,577.0706602301731,563.5806967442729,575.5717753984063,3151200
2014-09-18,572.5738525390625,580.0682746927151,572.5738525390625,575.5716214005236,2898600
2014-09-19,568.8267211914062,579.3189136771502,568.8267211914062,573.323375113868,3551800
2014-09-22,565.07958984375,574.8223413927802,563.580704990053,571.0751292585378,2446900
2014-09-24,560.5828247070312,568.8266897762524,558.334497869971,566.5783629391921,2668800
2014-09-25,562.0817260742188,565.0794952799479,558.3345145670572,564.3300529785156,2951500
2014-09-26,571.889892578125,573.398836885719,556.8004495021851,558.3093938097791,3850000
2014-09-29,571.1355590820312,577.9258101147107,567.3631973972094,577.1713377777463,2133700
2014-09-30,567.3629760742188,568.8719201595225,560.5727276903517,568.1174481168706,2261900
2014-10-01,556.0458374023438,567.3629168610075,556.0458374023438,566.6084448970965,3001400
2014-10-02,539.4475708007812,554.5370133406632,538.6930986737871,554.5370133406632,4778000
2014-10-03,535.6751708984375,545.4833078303808,531.1483384683099,540.2020033285652,3541800
2014-10-06,540.9566040039062,543.2200207570608,537.1842427486489,541.7110762549578,2233300
2014-10-07,540.2020263671875,547.7467474058354,537.9386100555931,539.4475542633227,2602100
2014-10-08,533.4117431640625,539.4475196072202,530.3938549424837,534.920687274852,3285900
2014-10-09,528.1304321289062,541.7109289550781,528.1304321289062,534.9206805419922,2669500
2014-10-10,519.0768432617188,525.1126205089481,516.8134267940078,520.5857875735261,3630500
2014-10-14,500.969482421875,514.5499804393355,499.46053819771276,511.53209199101093,4088000
2014-10-15,504.74188232421875,509.2687153495481,500.96952146977765,502.4784658115541,2723400
2014-10-16,485.12554931640625,493.4247422285065,483.61660515056985,491.1613259797519,4275100
2014-10-17,475.3173828125,488.8978794642857,473.80843874007934,482.86210317460313,5710900
2014-10-20,513.7955322265625,519.0768372567915,490.4068956641198,490.4068956641198,7771700
2014-10-21,494.1793212890625,513.7955996913764,493.42484904281963,512.2866551988907,3398400
2014-10-22,500.969482421875,508.5142035426864,495.68817763730704,502.4784266460373,2867900
2014-10-23,497.1971130371094,501.723945629253,489.65239205020333,500.2150014318718,2515300
2014-10-24,498.7060546875,505.49630354103635,497.95158259266265,504.74183144619894,1946700
2014-10-27,504.74188232421875,507.0052988368834,498.70610495711304,502.4784658115541,1656200
2014-10-28,501.7240905761719,507.0053967927631,495.6883120429247,502.47856289282777,1720300
2014-10-29,515.304443359375,516.0589154579978,504.7418339786558,507.759722373147,2630800
2014-10-30,519.8313598632812,528.885026508215,515.3045265408143,520.5858320836924,6939600
2014-10-31,584.7158813476562,588.4882418724799,527.3760013703377,527.3760013703377,9773700
2014-11-04,626.2119140625,645.0737187029367,610.3679981645331,642.8103021460844,16432100
2014-11-05,611.8768310546875,623.1939117770307,605.8410546694379,620.1760235844058,7192600
2014-11-06,596.0327758789062,616.4035163203373,586.9791134604925,612.6311569793315,6712300
2014-11-07,597.5419921875,605.8411865234375,587.7338534268466,603.5777698863636,2978900
2014-11-10,604.3320922851562,605.8410363358058,581.6979315254125,586.2247636773612,3253700
2014-11-11,615.6492919921875,618.6671806784237,599.8053763894474,608.104570276597,5194700
2014-11-12,634.5111694335938,648.0916700873448,617.158307487134,620.9306687798427,9826800
2014-11-13,642.0557861328125,643.5647304010447,629.2297598528386,634.5110647916513,4990600
2014-11-14,667.707763671875,669.2167077705685,641.3012419447386,648.0914903888595,8274800
2014-11-17,646.582763671875,659.4087928228923,643.5648744598709,657.1453759138892,4158100
2014-11-18,650.3550415039062,663.9355412104843,645.8282082683802,652.6184581216693,4959900
2014-11-19,649.6005859375,660.917669316202,643.5648081355255,656.3908359647212,3630000
2014-11-20,640.5466918945312,654.1271871290443,640.5466918945312,654.1271871290443,2747800
2014-11-21,647.3370971679688,648.0915693091902,637.5289593320905,640.546847896976,3167000
2014-11-25,648.8460693359375,661.6720962879269,645.8281806413518,660.9176241142804,2938700
2014-11-26,637.529052734375,648.8461365107248,636.0201082308616,643.5648307484282,2991100
2014-11-27,630.7386474609375,645.0736167214134,630.7386474609375,639.7923122570274,2523500
2014-11-28,639.7922973632812,644.319129655946,633.0020489242842,633.7565209730616,2700300
2014-12-01,651.109375,654.1272631807648,637.5288781865585,639.0378222769409,1942300
2014-12-02,646.582763671875,649.6006528838791,636.7746237328618,647.337235974876,1954600
2014-12-03,650.3550415039062,661.6721245927214,649.6005692979852,651.8639859157482,2842200
2014-12-04,645.8281860351562,657.1452687343703,645.0737138552086,654.8818521945276,1890000
2014-12-05,641.3013305664062,645.8281634880515,637.5289697983685,641.3013305664062,1757200
2014-12-08,640.5466918945312,646.5824675543148,633.0019723198018,645.8279955968419,2072000
2014-12-09,628.475341796875,638.2834803843413,626.9663973988033,633.756647190126,2026700
2014-12-10,605.8411865234375,626.2119362571023,600.5598810369319,624.7029918323864,3376700
2014-12-11,606.5955200195312,611.122352258483,598.296327581453,599.0507996212784,3279300
2014-12-12,595.278564453125,605.0867030309331,594.5240922548321,602.0688142377614,6200400
2014-12-15,582.4523315429688,593.0149385916754,580.9433876788678,583.9612754070697,2912800
2014-12-16,569.6265258789062,578.6801925153922,567.3631092197847,574.1533591971493,3348200
2014-12-17,571.1355590820312,577.1713377777463,560.57294636453,565.8542527232806,2931300
2014-12-18,592.2606201171875,595.2785086273387,586.2248430968849,590.7516758621118,3414300
2014-12-19,610.3681030273438,611.8770476578193,600.559962929253,611.1225753425815,4275800
2014-12-22,618.6671752929688,619.4216474579601,607.3500928180974,609.6135093130716,2579800
2014-12-24,626.9663696289062,631.4932026226168,623.1940088008142,626.2118974632879,3349100
2014-12-25,622.4395751953125,626.2119362571023,619.4216863458807,625.4574640447444,2133100
2014-12-26,647.3370971679688,651.1094578740758,623.1939886488836,625.4574050725479,4886800
2014-12-29,641.3013305664062,650.3549964096967,631.4931925695082,648.091579948874,2729900
2014-12-30,634.5111694335938,648.0916700873448,634.5111694335938,648.0916700873448,2483400
2015-01-05,629.9841918945312,639.0378569277461,620.9305268613165,626.9663035501263,2332000
2015-01-06,605.0867309570312,622.4395923186419,602.8233142576908,618.6672311530743,3328500
2015-01-07,596.0327758789062,605.08643829732,594.523832142504,602.8230226927166,3782600
2015-01-08,604.3320922851562,616.4036446903528,597.5418440572331,603.5776202598314,2759300
2015-01-09,608.8589477539062,612.6313080249961,600.5597551575084,607.3500036454702,3293200
2015-01-13,610.3681030273438,611.1225753425815,597.5420736683019,603.577852190204,2614200
2015-01-14,604.3320922851562,611.1223405130793,600.5597321585323,605.8410363358058,2390600
2015-01-15,605.0867309570312,608.1046198894853,595.2785919265557,603.5777864908042,3088300
2015-01-16,615.6492919921875,617.1582363353057,593.0151268454159,593.769599016975,6713900
2015-01-19,609.6134643554688,622.4394902144328,605.8411038087146,619.4216017770295,3914300
2015-01-20,625.4573974609375,631.4931745172554,611.8768990842224,616.4037318764607,4964100
2015-01-21,620.1760864257812,629.9842240456537,614.1403094289367,628.4752797964426,2964000
2015-01-22,606.5955200195312,617.1581285770853,603.5776318602301,614.8947124576094,3402300
2015-01-23,610.3681030273438,616.4038815492457,608.1046860816305,615.649409234008,2519600
2015-01-26,596.7874145507812,602.823191183406,593.0150541553907,602.823191183406,2656100
2015-01-27,599.8053588867188,605.841136083063,595.2785259894605,602.8232474848909,3781400
2015-01-28,580.9435424804688,593.015096609933,579.4345982142856,592.2606244768415,6962900
2015-01-29,559.0638427734375,577.1711737134679,555.2914821609312,576.4167015909666,6562800
2015-01-30,555.2916259765625,565.0997661093007,554.5371536586596,564.3452937913978,3967900
2015-02-02,557.554931640625,557.554931640625,547.7467934656207,553.7825708040849,3564400
2015-02-03,552.2735595703125,559.8182803294699,549.2556712666496,557.5548641017226,3524800
2015-02-04,560.5729370117188,563.5908263092247,555.2916307410834,558.3095200385893,4200900
2015-02-05,562.0819091796875,574.9079393220428,553.0282408439074,563.5908539023176,4428300
2015-02-06,566.6085815429688,574.9077751474597,563.5906929595176,572.6443587098712,4348900
2015-02-09,579.4345703125,583.2069307963054,573.3987935384115,577.9256261189779,4067800
2015-02-10,569.6265258789062,580.1891369548065,564.3452203409562,577.1712480759778,2810900
2015-02-12,580.9435424804688,583.9614310128349,577.9256539481026,579.4345982142856,3376400
2015-02-13,587.7338256835938,588.4882978603378,578.6801595626655,580.1891039161535,3336200
2015-02-16,599.8053588867188,605.841136083063,593.0151095408313,593.0151095408313,3717900
2015-02-17,603.5777587890625,611.1224807739258,598.2964533996582,599.0509255981445,3187800
2015-02-18,609.6134643554688,611.1224085741704,599.805326933908,604.3321595900129,2762300
2015-02-19,619.4216918945312,621.6851085518804,608.8590808269022,609.6135530460186,3425800
2015-02-20,620.1760864257812,629.2297519210482,615.6492536781478,623.9484470488092,2787200
2015-02-23,631.4932250976562,637.5290026374188,620.9306144030718,623.1940309804827,3936500
2015-02-24,628.475341796875,632.2477027920544,620.9306198065163,632.2477027920544,2740500
2015-02-25,623.9483642578125,629.9841404537768,621.6849481843259,627.7207243802902,2213500
2015-02-26,631.4932250976562,633.0021694825969,620.1761422106015,621.6850865955421,2335100
2015-02-27,616.40380859375,633.0021975644507,614.1403919159271,632.2477253385098,4444400
2015-03-02,599.0509033203125,616.4037632401704,597.5419589794553,615.6492910697418,5489000
2015-03-03,588.4884033203125,594.5241818159054,583.2070971366686,593.7697095039563,7623700
2015-03-04,587.7338256835938,592.2606587440579,581.6980482696416,588.4882978603378,3516400
2015-03-05,586.9793701171875,592.260675503846,582.4525369286231,587.7338423152815,2664400
2015-03-06,598.2962646484375,599.0507366089021,586.9791852414683,589.2426011228621,2923100
2015-03-09,586.2249145507812,596.0330534042693,584.7159701117831,594.524108965271,2689000
2015-03-10,587.7338256835938,596.787491804522,583.9614647998736,593.0151309208019,3821100
2015-03-11,583.2069091796875,587.7337415924665,580.943492973298,583.2069091796875,2513400
2015-03-12,593.0150756835938,594.5240198965291,582.4524661930462,586.9792988318524,3281200
2015-03-13,623.9483642578125,629.9841404537768,591.5060672045042,598.2963154249641,10777100
2015-03-16,620.1760864257812,635.2655289178928,617.158197927359,628.4752797964426,4511100
2015-03-17,622.4395751953125,628.4753528941761,617.1582697088069,625.4574640447444,3344100
2015-03-18,620.9304809570312,623.1938970480047,612.6312886234622,622.4394250176803,2932700
2015-03-19,620.1760864257812,623.1939749242035,613.3858373043312,618.6671421765701,3124900
2015-03-20,629.9841918945312,633.0020802389362,614.1402780864054,617.9126385169116,4630100
2015-03-23,628.475341796875,636.7745359862695,625.4574530007316,632.2477027920544,1865900
2015-03-24,633.756591796875,636.0200081961495,623.9484540666853,626.2118704659598,3716000
2015-03-25,639.7922973632812,640.5467694120588,632.2475768755068,636.019937119394,3409300
2015-03-26,631.4932250976562,639.7924192148297,627.7208641353046,635.2655860600078,2852900
2015-03-27,628.4570922851562,638.3241722364932,622.3850430843335,631.4931168855676,3603200
2015-03-30,631.4931640625,632.2521702693058,622.3850895808292,626.9391268216647,2890100
2015-03-31,622.3850708007812,643.6372439500763,622.3850708007812,634.5291697432356,4441200
2015-04-01,630.7342529296875,637.5653098206227,617.072139147817,623.1441897175372,4405800
2015-04-02,637.565185546875,641.3602164132254,628.4571114676339,631.4931361607142,2951900
2015-04-03,642.1192016601562,642.1192016601562,632.2521217292083,636.0471524718806,1817500
2015-04-06,639.8422241210938,641.3602365152126,630.7341497563807,633.7701745446184,1819500
2015-04-07,677.7924194335938,678.5514255023884,645.1551584754252,645.1551584754252,9668700
2015-04-08,690.6956176757812,697.526673235212,676.2745003836495,685.3825744628906,7114300
2015-04-09,689.1776733398438,698.2857483179033,680.0695983617842,689.1776733398438,3613300
2015-04-10,686.1416015625,696.0086821159431,683.864582973244,692.2136511338496,3389900
2015-04-13,677.7924194335938,689.177510465513,673.9973890896207,688.4185043967184,2035500
2015-04-14,672.4794311523438,682.346510841938,667.9253943725311,673.2384372823125,2687100
2015-04-15,672.4794311523438,679.3104863220628,670.2024127624373,675.5154556722189,1683500
2015-04-16,671.720458984375,677.7925083311264,669.4434404793432,673.2384713210629,2619400
2015-04-17,674.7562866210938,682.3463460881477,659.576167686986,665.6482152606291,3256400
2015-04-20,657.2994995117188,671.7206201707519,655.0224804602925,667.9255884183748,2418800
2015-04-21,656.540283203125,662.6123320651192,652.7452526643787,660.3353137418713,2390000
2015-04-22,685.3826293945312,687.6596480968386,653.5043675622275,657.2993987327399,4734200
2015-04-23,684.62353515625,692.9726026581556,678.5514860639552,685.3825412927869,2486400
2015-04-24,677.033447265625,687.6595327608254,675.5154350520249,686.1415205472254,1986700
2015-04-27,680.8285522460938,685.3825893848636,675.5155089175289,681.5875584358888,2024400
2015-04-28,689.9365234375,697.5265842013888,686.1414930555555,686.9004991319443,3304100
2015-04-30,677.033447265625,703.5986610036259,670.2023923044247,697.5266121492257,6408700
2015-05-01,669.4435424804688,686.9006870122723,666.4075173445029,677.7926116043749,2719500
2015-05-07,666.4074096679688,677.0334959269113,658.8173480544383,672.4794589587931,3034200
2015-05-08,672.4794311523438,679.3104863220628,664.8893698526559,667.1663882425622,3164600
2015-05-11,686.900634765625,696.0087094807493,680.0695787292817,683.1056036343232,3137100
2015-05-12,681.587646484375,694.4907533777318,674.7565898937744,686.9006904992866,1784000
2015-05-13,692.9725341796875,696.7675644873528,684.6234675028238,689.9365099335553,2608600
2015-05-14,677.033447265625,687.6595327608254,673.9974228384249,683.8645022268253,2798400
2015-05-15,672.4794311523438,682.346510841938,667.1663882425622,680.8284985820004,2015300
2015-05-18,680.0695190429688,680.8285252026149,670.2024389675685,673.9974697657993,1440900
2015-05-19,678.5516967773438,685.3827541274512,673.2386521717045,682.3467286385145,2053700
2015-05-20,708.15283203125,711.9478632854367,680.8286070011053,686.1416507569668,5693900
2015-05-21,718.7788696289062,730.9229687989829,711.1888076476084,711.9478138457382,5225100
2015-05-22,714.9839477539062,718.0199730097614,702.0808404165215,714.2249414399424,2678700
2015-05-25,716.5018920898438,724.8509607476702,714.2248733649819,724.0919545060497,3277500
2015-05-26,715.742919921875,719.5379513106442,707.3938508665827,717.2609324773827,1676600
2015-05-27,708.15283203125,712.7068695362741,705.1168070279006,712.7068695362741,1867800
2015-05-28,712.706787109375,717.2608240877097,704.3577193157614,717.2608240877097,1794300
2015-05-29,709.6708984375,724.0920182987968,707.3938795120321,712.7069236714573,4204300
2015-06-01,709.6708984375,710.4299047459893,699.803816427139,705.8758668950535,2024900
2015-06-02,708.911865234375,713.4659029125402,703.5988212765157,710.4298777937634,1521300
2015-06-03,699.044677734375,704.3577208876221,696.0086530753766,702.0807023933734,1798000
2015-06-04,699.8037109375,708.9117852664045,696.0086799671232,707.3937728782538,1960300
2015-06-05,708.911865234375,710.4298777937634,699.8037898780447,702.8398149968215,3209300
2015-06-08,714.9839477539062,717.2609666957976,706.6348783003043,713.4659351259786,2717500
2015-06-09,695.2495727539062,707.3936700945858,695.2495727539062,705.8756579270008,3292000
2015-06-10,692.9725341796875,711.188679656481,691.4545220566214,702.8396129796173,2964200
2015-06-11,702.8396606445312,707.3936973225736,699.0446300794961,704.3576728705453,1969400
2015-06-12,705.8758544921875,708.1528733776462,699.8038041309644,708.1528733776462,3201400
2015-06-15,728.6460571289062,729.4050634384156,699.8038173675537,702.0808362960815,3449000
2015-06-16,725.60986328125,736.9949552783407,724.8508571481105,727.1278755475288,3323800
2015-06-17,719.5379638671875,727.8870330681781,714.9839261211927,722.573989031184,2557000
2015-06-18,707.3937377929688,720.2968424522826,705.116719323678,718.0198239829919,2128100
2015-06-19,708.911865234375,716.5019280313169,707.3938526749866,710.4298777937634,1794900
2015-06-22,719.5379638671875,719.5379638671875,705.875850629203,707.3938632112013,1473000
2015-06-23,739.2720947265625,739.2720947265625,716.5019070039784,721.0559445484953,3215600
2015-06-24,725.60986328125,740.7899859440377,723.3328448818319,740.0309798108982,2616700
2015-06-25,732.44091796875,738.5129670296309,727.8868811730894,727.8868811730894,2371700
2015-06-26,733.1998901367188,739.271938916319,728.6458535520187,735.4769084290689,2686200
2015-06-29,709.6708984375,718.7789741393717,703.5988479695856,710.4299047459893,3827600
2015-06-30,716.5018920898438,721.0559295395673,711.1888483984995,714.2248733649819,3210000
2015-07-01,727.8870239257812,740.0311244292354,721.0559673925883,724.8509987999178,2386800
2015-07-02,759.76513671875,764.3191735022789,738.5129650622814,740.0309773234577,4998400
2015-07-03,759.0060424804688,765.0780908203125,749.1389639282227,752.933994140625,3328000
2015-07-06,745.3440551757812,762.0421908314505,737.7539935141135,750.6570983389488,3960200
2015-07-07,763.5602416992188,771.1503037439426,751.4161424276606,753.6931610410777,3256900
2015-07-08,725.60986328125,761.283151538801,724.0918510149712,759.0061331393828,4404800
2015-07-09,708.911865234375,711.9478903531518,689.1777019623261,707.3938526749866,5944100
2015-07-10,720.2969970703125,727.887060263888,698.2858138089435,711.1889212380219,4458300
2015-07-13,734.7180786132812,736.9950974519588,724.0919906994528,731.6820534950446,2312800
2015-07-14,746.1031494140625,752.9342057159206,740.7901056237283,747.6211619255865,3210200
2015-07-15,731.6820068359375,747.6211376902473,728.6459819113071,743.8261065344593,3700800
2015-07-16,743.8261108398438,746.1031295464963,733.9590297776825,743.0671046042929,2175700
2015-07-17,747.6212768554688,761.2833915594265,744.5852513657003,746.8622704830266,2180400
2015-07-21,743.067138671875,749.1391888346687,740.0311135904782,747.6211762939703,2031500
2015-07-22,733.1998901367188,739.271938916319,727.8868474545686,739.271938916319,2151800
2015-07-23,719.5379638671875,740.7901400151635,717.2609449941901,740.7901400151635,3834400
2015-07-24,722.5738525390625,730.1639140153131,720.2968340961874,721.8148463914374,1773100
2015-07-27,714.9839477539062,718.0199730097614,705.8758719863405,713.4659351259786,1912200
2015-07-28,706.634765625,712.7068151685016,692.2136479591837,705.8757594320623,3258300
2015-07-29,695.2495727539062,713.4657187649256,689.1775240835664,712.7067126811331,3535600
2015-07-30,708.15283203125,708.15283203125,698.2857507703644,700.5627695228765,2061200
2015-07-31,710.429931640625,714.2249633267394,697.5268239078358,704.3578809428418,2198800
2015-08-03,700.5626831054688,719.5378370357361,693.7316276905726,714.2247939352612,2492400
2015-08-04,706.634765625,710.4297965896885,694.4906665379968,694.4906665379968,2009700
2015-08-05,737.7540893554688,742.3081269440828,702.0807949113257,705.1168199704017,3751800
2015-08-06,721.81494140625,736.9950663569598,712.7068664358242,726.3689788914629,3152400
2015-08-07,727.1279907226562,727.8869969760202,714.2248844154692,714.2248844154692,2072900
2015-08-10,724.8509521484375,725.6099583810537,719.5379085201243,721.8149272179729,1401700
2015-08-11,741.5491333007812,753.6932337437828,738.513108190031,743.8261521338441,3539400
2015-08-12,721.81494140625,742.3081100897082,717.2609039210371,735.4770538618887,2927000
2015-08-13,711.9476928710938,718.7787474935243,705.8756443178221,714.9837171477295,3307300
2015-08-14,714.2247924804688,721.8148540371157,699.0446693671751,705.8757247681573,4397200
2015-08-17,706.634765625,718.7788647120033,700.5627160814985,716.5018461331902,2928300
2015-08-18,702.0806274414062,711.1887004460515,699.803609190245,705.116651776288,1948600
2015-08-19,698.2855834960938,711.1886866693911,698.2855834960938,702.0806138411813,2052600
2015-08-20,702.8396606445312,711.1887278876088,696.0086056274678,696.0086056274678,2038500
2015-08-21,677.7924194335938,689.9365165343077,671.7203708832368,684.6234740527453,3272800
2015-08-24,623.9031372070312,655.0223934424184,618.5900934595261,645.9143184466953,6223700
2015-08-25,601.891845703125,634.5291084587799,590.5067540441755,604.1688640349148,5013200
2015-08-26,609.4819946289062,617.0720568285191,590.5068391298743,604.1689510891773,4499600
2015-08-27,617.8310546875,633.0111788812961,616.3130422681204,626.1801229940879,3557100
2015-08-28,638.32421875,642.8782559824614,634.5291877229489,636.0472001337693,3119700
2015-08-31,633.0112915039062,636.0473168828219,625.4212280566172,633.7702978486352,2000900
2015-09-01,614.7949829101562,636.0471551589025,614.7949829101562,630.7341120967159,2483600
2015-09-02,610.9999389648438,626.1800616720449,606.4459021526834,610.2409328294837,3674900
2015-09-03,613.2769165039062,627.6980321147655,610.99989824956,620.1079712669448,2221900
2015-09-04,597.3377685546875,622.38496850679,588.229695844832,620.8669563884807,3238600
2015-09-07,589.7478637695312,595.8199138469524,579.8807823937218,592.0248825485642,3159000
2015-09-08,586.7117919921875,605.6869469725299,584.4347733945464,593.5428477851108,2951200
2015-09-09,622.3850708007812,623.9030831685881,594.3018419963557,604.1689223870999,6178300
2015-09-10,620.8671875,626.1802318918093,605.6870606662592,626.1802318918093,6510800
2015-09-11,624.6619873046875,633.7700600235894,608.7228600466092,608.7228600466092,6189200
2015-09-14,626.18017578125,642.8783138020833,625.4211695075758,630.7342134232955,3356000
2015-09-15,617.0720825195312,639.0832638148158,615.5540700164081,637.5652513116928,3066100
2015-09-16,610.240966796875,630.7341335922924,607.2049420864428,627.6981088818602,2161100
2015-09-17,611.7589721679688,613.2769845058546,603.409904309597,612.5179783369117,2610000
2015-09-18,601.891845703125,609.4819068090912,595.0607907077554,607.2048884773013,3196600
2015-09-24,593.5429077148438,604.9280018525966,593.5429077148438,595.0609202665441,2280900
2015-09-25,624.6619873046875,625.4209933645959,605.6868358069752,616.312920645694,5032100
2015-09-28,625.044189453125,637.269992669812,619.6954005458243,629.6288656593827,2474300
2015-09-29,596.77197265625,616.6389013234235,589.8949588868438,615.1106760413332,4010300
2015-09-30,605.9412841796875,610.5259597220306,595.2437079142202,606.705396770078,3851900
2015-10-01,624.280029296875,631.9211557264573,597.536086793337,603.6489879370027,4581700
2015-10-02,612.05419921875,619.695325301381,605.941298352645,616.6388748683286,2635700
2015-10-05,617.403076171875,623.515977916151,605.9413854013575,621.987752480082,2920300
2015-10-06,623.5160522460938,636.5059700012207,621.2237138187185,625.044277864344,3522100
2015-10-07,628.1005859375,631.9211491123024,615.1106711431722,624.2800227626977,3259600
2015-10-08,629.6288452148438,635.7417466246966,623.5159438049909,632.6852959197702,3412900
2015-10-09,645.67529296875,645.67529296875,627.336586422892,634.2136013775888,3998800
2015-10-13,642.6187744140625,654.8445774944727,639.5623236439599,644.9111124916394,3213000
2015-10-14,634.2135620117188,642.6188019901873,627.3365474838808,642.6188019901873,2583700
2015-10-15,631.9212036132812,637.2699925193186,617.4030622968938,626.5724147072438,3035500
2015-10-16,664.778076171875,670.8909780217314,641.8546942349138,641.8546942349138,4945900
2015-10-19,667.0703735351562,676.239725748698,651.7881198459202,665.5421481662327,5919300
2015-10-20,654.8445434570312,680.0602609997175,651.7880928457965,674.7114724300567,4681800
2015-10-21,652.5523071289062,659.4293220752296,641.0906155517006,654.8446454443473,4587000
2015-10-22,644.9111938476562,654.8446601036036,639.562404325223,648.7317577922514,2653200
2015-10-23,664.778076171875,671.6550907529634,657.1369488595546,664.778076171875,3187600
2015-10-26,668.5985107421875,673.947298828125,666.3061729910714,671.6549610770089,2200400
2015-10-27,659.4292602539062,671.6550634567596,658.6651475537279,664.7780491551546,2461800
2015-10-28,656.3728637695312,661.721653113404,652.5522999524793,661.721653113404,2215100
2015-10-29,652.5523071289062,659.4293220752296,646.4394049543965,657.1369837597884,5472000
2015-10-30,653.3163452148438,658.6651340060764,638.0340915256077,652.552232530382,3960100
2015-11-02,630.39306640625,644.1470969460228,625.8083895596591,643.3829841382576,2809100
2015-11-04,608.233642578125,631.9211336835546,605.1771921129083,630.3929084509462,5043400
2015-11-05,615.874755859375,618.9312062606622,605.9412920551915,612.0541928577659,2843100
2015-11-06,612.8182983398438,619.6953116628595,605.1771724253819,617.4029738885209,3149300
2015-11-09,619.6953735351562,627.3365002125317,615.8748101964685,621.2235988706313,3029700
2015-11-10,618.93115234375,620.4593774112655,608.233576871142,620.4593774112655,3306000
2015-11-11,638.0341186523438,642.6187949540373,618.167188011672,619.6954134455698,3967900
2015-11-12,642.6187744140625,644.1469997991137,631.1570840261779,632.6853094112291,2804300
2015-11-13,633.4492797851562,634.9775048268574,622.7517044932476,625.0440420557995,3535000
2015-11-16,637.2698974609375,643.3827981560064,621.2235331363814,621.9876457232651,2816500
2015-11-17,642.6187744140625,647.2034505692163,637.269985566383,644.1469997991137,2029800
2015-11-18,651.0239868164062,658.6651134222327,647.2034235134931,647.2034235134931,2465700
2015-11-19,651.0239868164062,660.1933387433979,645.6751981923278,657.1368881010674,2291900
2015-11-20,645.67529296875,648.7317440597263,634.9777141503329,647.9676312869823,2408400
2015-11-24,649.4956665039062,651.0238916015625,638.7980908203125,641.8545410156249,2233200
2015-11-25,647.9674682617188,654.8444814861946,647.2033556812215,651.023918583708,1434100
2015-11-26,653.3163452148438,659.4292466905382,643.3828803168403,649.4957817925348,2293300
2015-11-27,642.6187744140625,653.3163521094214,641.0905490290112,653.3163521094214,2067500
2015-11-30,633.4492797851562,642.6186300353636,631.1569422226044,638.7980674311106,2422800
2015-12-01,644.9111938476562,644.9111938476562,631.1571636471139,638.7982915363041,2324500
2015-12-02,643.3828125,652.5521637470308,638.0340242725653,639.5622494804038,2092600
2015-12-03,635.7418212890625,638.7982723529523,628.8648063953107,637.2700468210074,3044000
2015-12-04,617.403076171875,627.3365415063234,611.290174427599,626.572428788289,3510000
2015-12-07,613.58251953125,625.0442104315846,613.58251953125,621.9877595248287,2496700
2015-12-08,615.874755859375,620.4594314613058,608.2336298561569,612.0541928577659,2947700
2015-12-09,606.7055053710938,611.2901817340995,603.6490544624232,610.5260690069318,4099300
2015-12-10,596.77197265625,604.4130990667013,596.0078600152049,601.3566485025208,3043600
2015-12-11,596.77197265625,603.6489864256562,589.8949588868438,589.8949588868438,4548800
2015-12-14,589.1310424804688,589.1310424804688,580.7258006292559,586.8387037937744,3099100
2015-12-15,573.8485717773438,586.8384861850866,573.8485717773438,586.8384861850866,3793900
2015-12-16,589.8948974609375,597.5360230757165,586.074334653548,586.8384472150259,3048500
2015-12-17,603.6489868164062,613.5824511564231,596.0078604010088,604.413099457946,4617600
2015-12-18,585.3102416992188,618.1670829434307,585.3102416992188,599.0642682665633,4860900
2015-12-21,587.6026611328125,590.6591119059351,577.6691961201642,581.4897595865674,2865700
2015-12-22,584.5462646484375,589.8950539981618,583.0180391199449,586.0744901769302,2450500
2015-12-24,576.9051513671875,585.3103919831333,575.3769258006519,584.5462791998655,2914800
2015-12-25,576.9051513671875,576.9051513671875,576.9051513671875,576.9051513671875,0
2015-12-28,579.1973266601562,582.2537769327693,570.0279758423173,570.0279758423173,1403300
2015-12-29,580.7255249023438,582.2537499678763,573.8485121074476,579.1972998368113,1641500
2015-12-30,582.2537841796875,589.1307973786602,579.1973338690331,583.7820093350148,2004400
2016-01-04,568.499755859375,581.4896696357317,564.679192983976,580.7255570606519,2610300
2016-01-05,573.0845947265625,574.6128203125,561.6229028320313,566.9716923828125,2637300
2016-01-06,573.8485717773438,579.961472675105,570.028008716243,573.0844591651236,3411600
2016-01-07,562.386962890625,577.6692173170006,560.0946247266686,573.0845409890879,4141600
2016-01-08,553.9817504882812,570.028118433459,551.6894122103987,553.9817504882812,4412700
2016-01-12,540.99169921875,572.3203145689884,540.227586649232,553.2175003310381,4329600
2016-01-13,555.510009765625,556.2741225713548,543.2842048739468,547.8688817083262,3289600
2016-01-14,544.8123779296875,546.3406033937259,529.5301232893036,537.9353633415147,3564800
2016-01-15,541.7559204101562,557.0381748646035,537.171244073822,556.2740621418811,2508200
2016-01-18,528.0018920898438,533.3506811558769,520.3607648526536,527.2377793661248,2478300
2016-01-19,528.765869140625,529.5299816682849,519.5965188087066,521.1247438640264,2024500
2016-01-20,502.02197265625,530.2941385440449,500.49374747312595,528.0018007693589,3400000
2016-01-21,482.1551513671875,511.9555489952704,482.15515136718756,504.3144213983261,4459400
2016-01-22,514.247802734375,517.3042532706862,498.2014374187407,512.7195774662193,4773700
2016-01-25,526.4736328125,530.2941961855951,512.7196046693578,528.765970836357,4778000
2016-01-26,518.83251953125,524.9454210868465,510.4272798923049,519.5966322256995,1805400
2016-01-27,534.1146850585938,537.1711353307459,524.9453342421372,525.7094468101752,2569800
2016-01-28,520.3607788085938,531.0583572275664,520.3607788085938,529.5301317391417,2308100
2016-01-29,596.77197265625,596.77197265625,519.5965959106915,527.2377223211428,10725100
2016-02-01,622.751708984375,630.3928342479869,608.2335709835122,621.2234839316526,9166400
2016-02-02,589.1310424804688,608.9979777651538,584.5463651070799,602.8850746006353,7021400
2016-02-03,564.6793823242188,572.3205106371311,557.0382540113064,565.44349515551,6351000
2016-02-04,557.80224609375,568.4998234160959,540.9917674443493,544.8123307737586,4424800
2016-02-05,540.2276000976562,552.4534015142934,531.8223616237182,540.2276000976562,4253000
2016-02-08,547.8687133789062,553.9816139465928,532.5864619596899,533.3505745306508,3301900
2016-02-09,505.07843017578125,524.1812452353796,497.4373041519419,517.3042318139242,5492300
2016-02-10,490.560302734375,516.5401318511488,482.91917652355914,515.7760192300672,6209400
2016-02-12,462.2882995605469,479.86289607276603,461.5241866687113,467.6370898033962,6155000
2016-02-15,502.02197265625,508.1348733887462,481.3909326840754,489.0320585996956,4833500
2016-02-16,527.2377319335938,550.9252242378567,496.6732257345448,498.2014510444973,8248500
2016-02-17,516.5402221679688,533.3507027710683,506.60675635704627,521.8890114507732,4016900
2016-02-18,528.0018920898438,537.171244774472,524.9454411949677,531.0583429847198,3555000
2016-02-19,536.4070434570312,540.227606444617,521.8889041042056,525.7094670917913,3051500
2016-02-22,540.2276000976562,549.3969511601342,528.0017986810191,534.8788119778775,3763300
2016-02-23,530.2942504882812,543.2841672869856,527.2377994768215,541.7559417812556,2651900
2016-02-24,528.765869140625,537.1711069448835,517.304181225727,519.5965188087066,2566500
2016-02-25,559.3305053710938,563.9151816446273,538.6994621401927,539.4635748524483,5064800
2016-02-26,557.80224609375,567.735710750214,551.6893447666952,558.5663587596318,3540100
2016-02-29,545.5764770507812,564.6792948746881,545.5764770507812,563.1510694487756,3129000
2016-03-01,556.2739868164062,562.3868877704327,539.4635091928335,541.7558470505935,3458400
2016-03-02,580.7255249023438,585.3102000989412,568.4997243780839,569.2638369108502,4183700
2016-03-03,590.6590576171875,593.715508109385,577.6691430253477,578.433255648397,3449600
2016-03-04,592.951416015625,599.0643172116623,582.2538389225596,585.3102895205783,3417200
2016-03-07,586.8385620117188,593.7155764102936,579.1974349021912,589.8950128555298,2849200
2016-03-08,589.1310424804688,593.7157198538576,578.4334619425614,584.5463651070799,4189400
2016-03-09,592.1873168945312,597.536105563256,586.8385282258064,590.6590915606099,4820500
2016-03-10,586.074462890625,599.0643792780313,579.9615610612573,598.3002665493603,3142100
2016-03-11,593.715576171875,596.0079143038128,573.8486456950812,574.6127584057272,4467500
2016-03-14,612.8182983398438,615.8747487056286,602.1207220595971,603.6489472424895,3789400
2016-03-15,603.6489868164062,618.9312396472013,596.7719730425484,615.1106764395026,4717300
2016-03-16,593.715576171875,602.884928699626,590.6591253292913,599.0643651463964,3052400
2016-03-17,589.8948974609375,597.5360230757165,581.4896592846806,593.715460268327,3497100
2016-03-18,582.2537841796875,589.1307973786602,576.1408835583785,584.5461219126785,4428000
2016-03-22,582.2537841796875,587.6025722233329,573.8485458253875,584.5461219126785,4809100
2016-03-23,579.1973266601562,586.8384523416887,578.433214092003,581.489664364616,3422600
2016-03-24,565.4432983398438,580.725549646326,563.1509606438715,576.1408742543814,3753700
2016-03-25,568.499755859375,570.7920935846145,559.3304049584174,561.6227426836567,3117900
2016-03-28,573.0845947265625,576.9051586914063,565.443466796875,571.556369140625,2605900
2016-03-29,586.5733642578125,586.5733642578125,573.4698856870073,576.553057115432,2746600
2016-03-30,576.5531005859375,594.2813376360399,575.0115147554939,588.1149943142651,2899400
2016-03-31,588.8856811523438,599.6767800216276,587.344095599589,595.0520233633631,4923800
2016-04-01,571.928466796875,586.5735353536683,570.386880633002,586.5735353536683,4384700
2016-04-04,571.1575317382812,576.5530819706266,564.2203957252657,570.3867388479462,3388200
2016-04-05,559.5955200195312,575.7821672928235,558.053934564932,568.8450327471268,3873700
2016-04-06,571.928466796875,577.3240183704304,550.3462605026533,552.6586397484627,4419000
2016-04-07,575.0115356445312,586.5734297928797,565.7620203258524,571.9283638716383,3819700
2016-04-08,575.0115356445312,585.0318439064332,560.3664697232898,567.3036062122989,4082300
2016-04-11,575.7822875976562,579.6362520394076,558.8248440539502,578.0946662627072,2783400
2016-04-12,581.1778564453125,583.4902351844848,571.1575485755658,574.2407202277956,1770100
2016-04-13,588.8856811523438,591.198059481476,581.9485461649471,585.8025100468341,2653900
2016-04-14,605.0724487304688,605.8432416587877,595.0521406623209,598.9061053039162,4589600
2016-04-15,600.4475708007812,602.759949122222,595.8228141578998,597.3643997055269,2732000
2016-04-18,575.0115356445312,581.1778791903171,574.240742701308,577.3239144742009,3161700
2016-04-19,590.4273071289062,595.8228569329563,585.8025501540062,588.8857214706062,2236400
2016-04-20,598.13525390625,605.0723895829977,593.5104967884182,598.13525390625,3023100
2016-04-21,618.1758422851562,620.4882207475696,610.4679140771119,611.2387068979164,4065700
2016-04-22,628.1961669921875,629.7377526780579,608.1555530758723,610.4679316046779,4873900
2016-04-25,630.5086059570312,635.9041563747564,625.1130555393061,632.820984707485,3212700
2016-04-26,618.1758422851562,628.1961489556139,613.5510853603297,624.3421848515917,3135300
2016-04-27,616.6343383789062,619.7175100708007,605.8432374572753,618.1759242248535,3187200
2016-04-28,584.260986328125,627.4253863734746,579.6362291804089,624.3422149416639,5047800
2016-05-02,567.3036499023438,573.4699939230214,564.220477892005,567.3036499023438,2856200
2016-05-06,554.2001342773438,571.9283722305829,553.4293413228551,569.6159933671169,4004100
2016-05-09,568.84521484375,572.6991797139651,566.532835921621,567.303628895664,2520900
2016-05-10,576.5531005859375,580.4070651620467,566.5327926880535,570.3867572641627,2811900
2016-05-11,575.0115356445312,584.26105096321,571.9283638716383,581.9486721335403,2119600
2016-05-12,570.38671875,571.1575116131756,559.5956186655405,564.9911687077703,2365000
2016-05-13,551.8877563476562,573.4699591098552,551.8877563476562,571.9283731982695,4304900
2016-05-16,547.2630615234375,554.9709919674295,543.4090963014414,553.4294058786311,2392900
2016-05-17,560.366455078125,562.6788338473608,550.3461470781035,552.6585258473393,2917200
2016-05-18,559.5955200195312,571.9282036563253,554.1999709284338,561.1371054741305,4432800
2016-05-19,564.2203979492188,569.6159482028315,559.5956405889792,566.5327766293385,3219700
2016-05-20,564.9912719726562,566.5328579807672,555.7417559239907,560.3665139483235,3044200
2016-05-23,564.9912719726562,564.9912719726562,553.4293769118243,559.595720944268,2100700
2016-05-24,554.2001342773438,563.4496497312076,552.6585483683665,561.9080638222304,2193100
2016-05-25,555.7416381835938,566.532737954149,553.4292596613319,565.761945113395,1793300
2016-05-26,550.34619140625,558.0541212578781,548.8046054359244,554.9709493172269,2589100
2016-05-27,551.8877563476562,552.6585493034491,547.2629986128994,550.3461704360707,2311600
2016-05-30,559.5955200195312,559.5955200195312,549.575214564636,554.1999709284338,1773100
2016-05-31,564.2203979492188,568.8451553094583,555.741676122113,556.5124690154862,4123100
2016-06-01,555.7416381835938,563.4495665911331,552.6584668205779,562.6787737503793,3528200
2016-06-02,549.5753784179688,554.2001361606165,544.1798277182131,552.6585502464005,4364800
2016-06-03,558.0540161132812,560.3663946330877,550.3460877139265,551.116880553862,4046500
2016-06-06,552.658447265625,554.2000328925863,541.0965550634153,545.7213119442991,2556800
2016-06-07,558.0540161132812,561.1371874730231,552.658466233733,554.2000519136038,2087900
2016-06-08,556.512451171875,560.3664155151705,548.804522485284,558.0540369091932,3239800
2016-06-09,547.2630615234375,555.7417850118287,542.6383032570423,554.2001989230304,2798200
2016-06-10,545.7212524414062,546.4920451708433,537.2425324175991,541.0964960647842,4979300
2016-06-13,512.577392578125,534.1595985814145,511.03580643503284,533.3888055098683,5297900
2016-06-14,509.4940490722656,514.889598759869,504.869292197177,511.0356346972952,2779000
2016-06-15,513.3480834960938,517.2020480869053,501.0153968054969,501.78618972365916,3217000
2016-06-16,490.2242736816406,513.3480601760576,487.9118950321989,507.952509994027,4589300
2016-06-17,489.4535217285156,502.557001837783,487.9119358333077,497.16145120455525,4082700
2016-06-20,503.32781982421875,507.95257773990835,496.3906829506843,497.1614759366326,3143400
2016-06-21,507.95245361328125,511.03562480365014,494.07818325662106,494.07818325662106,3286700
2016-06-22,498.7030944824219,508.72340395424794,497.93230144612755,507.9526109179536,2812800
2016-06-23,502.55694580078125,506.41091010906945,496.39060290752013,501.01536007746597,2185500
2016-06-24,467.8712463378906,510.26485185450343,457.0801467518437,509.49405902692865,6137000
2016-06-27,474.0376892089844,475.5792751901518,467.87134528431466,471.7253102372332,3771200
2016-06-28,472.4959716796875,476.3499355596197,460.93408003989094,467.10042224778243,2425200
2016-06-29,484.82879638671875,487.1411753837937,472.49610840231895,478.6624523945189,2231500
2016-06-30,488.68267822265625,496.39060690124705,487.9118853547972,494.07822829766985,2927500
2016-07-01,479.43310546875,489.4534115316017,477.12072714655346,487.9118259834707,3540000
2016-07-04,489.4535217285156,491.76590057132756,475.57924867164434,476.3500416192483,2418900
2016-07-05,487.91192626953125,488.68271920202653,480.9747898770734,485.5995474720453,1717200
2016-07-06,464.7882080078125,474.0377245850824,453.99710533433097,472.49613848887077,5612500
2016-07-07,457.8509521484375,466.3296734845197,454.7677807534985,457.08015929970276,3066400
2016-07-08,439.35198974609375,458.6218138577645,438.5811967816269,456.309434964364,5785200
2016-07-11,439.35198974609375,439.35198974609375,439.35198974609375,439.35198974609375,0
2016-07-12,482.51641845703125,487.9119694621418,467.87135144315965,467.87135144315965,5550600
2016-07-13,489.4535217285156,499.4738300473672,487.14114288570374,497.9322441521592,4551300
2016-07-14,490.2242736816406,495.6198238636713,483.28713773331555,487.1411021490517,2896200
2016-07-15,491.765869140625,499.47379812402033,487.9119046489273,489.45349044560635,3608600
2016-07-19,490.2242736816406,496.3906167468185,482.5163448501683,494.84903098052405,3258000
2016-07-20,494.07830810546875,494.849101097833,481.74562022764115,486.3703781818265,2746700
2016-07-21,499.47381591796875,504.86936639856407,494.84905836317273,499.47381591796875,3150600
2016-07-22,489.4535217285156,492.5366935189315,485.59955699049584,487.9119358333077,2365300
2016-07-25,496.390625,500.24458947981367,491.76586762422363,494.0782463121118,2640000
2016-07-26,487.1411437988281,490.995108544072,482.51638610453546,490.22431559502326,2501400
2016-07-27,494.07830810546875,499.4738590520183,489.4535501512834,493.3075151131045,3911400
2016-07-28,483.2872009277344,487.91195883134907,479.43323600805553,484.05799391167017,2653700
2016-07-29,474.8085021972656,496.39070684259593,462.4758138285055,487.1411905660258,6647000
2016-08-01,464.7882080078125,466.32979410402413,452.4555192381193,460.93424276728337,3920800
2016-08-02,447.83062744140625,455.53855562456295,445.5182489864592,451.6845915329846,3586900
2016-08-03,427.019287109375,438.581181164683,424.7069082983134,437.03959529064196,6169400
2016-08-04,436.268798828125,437.8103846897085,420.08214728149846,427.79007658941583,4858700
2016-08-05,438.58111572265625,443.20587265470533,433.95635879060717,439.3519085446644,2801200
2016-08-08,450.9139404296875,451.68473349025106,443.2060098240518,443.9768028846154,3452300
2016-08-09,448.6014404296875,453.9969904004913,446.2890618707716,450.9138189886034,2805100
2016-08-10,441.66436767578125,448.6015043408459,439.35198878742636,444.7475395269211,3243200
2016-08-12,455.5386657714844,464.0173888230687,450.91390774334747,451.68470074803696,4566500
2016-08-15,457.0801086425781,458.62169416919727,454.7677303526494,455.538523115959,1907600
2016-08-16,440.89349365234375,463.24648546338915,440.89349365234375,460.93410700017756,3269400
2016-08-17,443.9767150878906,444.74750799602936,438.58116473091974,440.12275054719714,2133200
2016-08-18,433.9564208984375,441.664350221678,433.9564208984375,438.5811784923818,2955600
2016-08-19,434.7271423339844,437.8103135562112,430.1023855006441,437.8103135562112,2514400
2016-08-22,433.9564208984375,436.26879969540965,430.1024562368173,435.49800676308564,2053600
2016-08-23,434.7271423339844,439.35189916732463,430.1023855006441,432.41476391731425,3257200
2016-08-24,438.58111572265625,440.12270136667263,434.72715161261533,434.72715161261533,1627400
2016-08-25,433.1855773925781,442.4350915006047,432.4147845502426,440.122712973598,2916700
2016-08-26,424.7069091796875,433.956424443129,423.9361162410674,432.4148385658888,3573400
2016-08-29,443.205810546875,444.7473959748641,432.41471255095104,435.4978834069293,3262300
2016-08-30,437.81024169921875,443.2057904525542,437.81024169921875,442.43499777350627,1797100
2016-08-31,443.9767150878906,444.74750799602936,438.58116473091974,443.20592217975195,2121900
2016-09-01,444.74749755859375,447.0598762287424,438.5811544381973,439.35194732824687,3302400
2016-09-02,447.83062744140625,448.6014202597219,443.2058705315122,444.7474561681435,2261000
2016-09-05,448.6014404296875,456.3093689594072,447.05985472374357,450.14302613563143,3019500
2016-09-06,450.1429748535156,450.91376761867576,446.289011027715,446.289011027715,1659700
2016-09-07,443.9767150878906,445.51830090416803,440.8935434553359,445.51830090416803,2579100
2016-09-08,443.9767150878906,447.83067962858416,443.20592217975195,446.28909381230676,2068600
2016-09-09,442.4351501464844,447.05990781352085,440.12277131296617,440.89356425747224,3232700
2016-09-12,436.268798828125,439.35197055129197,432.4148341741663,437.8103846897085,3274200
2016-09-13,431.6440124511719,445.5182842799595,430.1024266924177,440.893527003697,6294500
2016-09-14,437.0396728515625,441.6644312944362,430.102535187252,431.64412133487656,3432800
2016-09-15,420.08209228515625,433.18557039313356,416.9989209656321,431.64398473337155,6994600
2016-09-16,416.2280578613281,420.0820213600441,410.0617162633825,414.68647246184173,5966100
2016-09-20,417.7697448730469,423.1652950835844,413.144987549729,413.144987549729,3472900
2016-09-21,427.7900085449219,430.102386969489,419.3112876548423,422.3944588875985,5060900
2016-09-23,429.33160400390625,432.41477530734545,423.1652613970279,428.5608111780465,4041500
2016-09-26,426.2485046386719,430.1024694184067,425.4777116827249,429.3316764624597,2759500
2016-09-27,431.6440124511719,432.414805330549,418.5405335017613,422.39449789864676,3460300
2016-09-28,420.3363342285156,428.13478198785725,417.9967999007131,425.79524766005477,5719300
2016-09-29,426.57501220703125,429.6943907240845,421.89594443145137,421.89594443145137,3301300
2016-09-30,425.0153503417969,427.3548843803756,415.6572141874821,421.1161269441657,4778400
2016-10-03,422.6758728027344,427.3549415053477,421.8960280189655,425.01540715404104,2578600
2016-10-04,418.7766418457031,421.1161761576903,416.43710753371596,416.43710753371596,3658900
2016-10-05,413.317626953125,420.3362281655365,411.7579377948113,418.7765390072229,4829200
2016-10-06,416.43707275390625,421.1161409870962,415.6572280483746,417.2169174594379,2856700
2016-10-07,415.65716552734375,419.5563884685008,414.09747635088087,417.2168547038066,2362100
2016-10-11,414.0974426269531,419.5563543000015,414.0974426269531,417.9966652505591,2598900
2016-10-12,415.65716552734375,417.996699292038,411.75794258618663,412.53778717441804,3064000
2016-10-13,414.0974426269531,421.1160433494439,413.31759810223195,417.2168207258379,3320500
2016-10-14,414.87738037109375,417.99675917087643,413.3176909712024,414.87738037109375,4091900
2016-10-17,418.7766418457031,423.45571046967746,414.8774179923912,415.65726276305355,3585900
2016-10-18,419.556396484375,422.6757748968982,417.21686267498256,418.7765518812442,2456200
2016-10-19,425.0153503417969,425.79519502132314,417.9967482260608,421.1161269441657,2997600
2016-10-20,443.7315673828125,444.51141196520757,425.7951419877252,426.57498657012025,6113100
2016-10-21,444.5115051269531,451.530107839484,443.7316603811164,446.07119461862663,4460300
2016-10-24,451.53009033203125,451.53009033203125,440.61226431364014,445.2913326072363,3661400
2016-10-25,451.53009033203125,458.5486927724255,449.9704009008325,456.2091586256274,4538500
2016-10-26,456.2092590332031,457.7689488076756,447.63096527360443,450.75034482254944,3934400
2016-10-27,457.7688293457031,462.4478974480442,455.42929529453255,456.2091399782561,4979300
2016-10-28,459.3284606933594,463.227683619449,456.9889269377056,463.227683619449,4743000
2016-10-31,462.4479675292969,462.4479675292969,456.2092091140618,459.3285883216794,3863500
2016-11-01,471.0261535644531,473.36568743977324,460.8881734380659,464.78739656359943,6497300
2016-11-02,467.12701416015625,469.4665484547814,461.6681008060309,465.5673246304061,6726700
2016-11-04,460.1083679199219,464.7874360682601,456.2091444629734,464.0075913768704,5424700
2016-11-07,472.58587646484375,474.92541050674896,466.34711901976334,467.90680838103344,5271700
2016-11-08,473.36572265625,474.145567339374,464.7874311418863,472.58587797312606,4366600
2016-11-09,458.5487060546875,486.6231166294643,445.29134550548736,478.8246692475819,10848600
2016-11-10,493.6416931152344,496.76107190269244,478.0447991779442,481.16417796540225,7739400
2016-11-11,498.3208312988281,509.2386585886303,495.2014520731704,503.7797449437292,7562700
2016-11-14,507.67889404296875,513.1378068821405,500.66029182117654,503.7796705864175,4711200
2016-11-15,504.55950927734375,512.3579560977046,502.9998199132716,506.899043323452,4746600
2016-11-16,502.9997863769531,510.798232677371,499.1005632267442,510.01838804732927,4234200
2016-11-17,499.8804931640625,502.2200274534419,493.6417350590508,499.10064840093605,3929400
2016-11-18,497.54095458984375,508.45878117958955,497.54095458984375,508.45878117958955,4233900
2016-11-21,508.45867919921875,508.45867919921875,498.3206993992343,498.3206993992343,3461400
2016-11-22,510.0185546875,513.9177791117164,507.6790200329702,508.45886491781346,3701900
2016-11-24,516.2572021484375,519.3765810133827,513.1378232834923,515.4773574322012,3839100
2016-11-25,511.5780334472656,517.8167899527201,506.8989660681748,517.0369453895383,4354500
2016-11-28,513.9176635742188,514.6975082837396,502.21999293140647,506.8990611885314,3657500
2016-11-29,507.67889404296875,516.2571856473814,507.6788940429687,510.01842811689943,3320800
2016-11-30,510.7982177734375,514.697440809876,504.559460915136,505.3393055224237,4316700
2016-12-01,518.5967407226562,525.6153432286771,514.6975171082001,518.5967407226562,5529700
2016-12-02,522.4959106445312,526.3951338582964,514.6974642170009,514.6974642170009,4312600
2016-12-05,516.2572021484375,522.495959878328,513.1378232834923,520.9362704458554,3765800
2016-12-06,527.9548950195312,527.9548950195312,518.596758032479,526.3952055216893,4998600
2016-12-07,538.0928955078125,540.4324298361073,526.3952238663383,531.8541372990262,4699300
2016-12-08,551.3502807617188,551.3502807617188,539.6526086097729,547.4510567110701,4995300
2016-12-09,550.5703125,553.6896910410765,542.7718661473089,549.7904678647309,5583800
2016-12-12,553.6896362304688,557.5888590208242,549.0105688820423,554.4694807885398,5017700
2016-12-13,559.9284057617188,560.7082503379886,548.2307371176718,553.6896491515604,4222700
2016-12-14,553.6896362304688,558.3687035788953,552.1299471143266,557.5888590208242,2883100
2016-12-15,553.6896362304688,558.3687035788953,551.3501025562555,555.2493253466109,4611300
2016-12-16,552.9098510742188,559.9284528509013,549.7904725068042,559.9284528509013,3567800
2016-12-19,551.3502807617188,554.4696600022377,549.0107463313295,554.4696600022377,2359200
2016-12-20,552.130126953125,553.6898165772864,548.2309028927216,551.3502821410443,2712900
2016-12-21,550.5703125,558.3687588526913,548.2307785941927,554.4695356763457,3324300
2016-12-22,549.7904663085938,552.1300002077793,544.3315538771609,552.1300002077793,2541000
2016-12-26,550.5703125,552.1300017705382,546.6710893236544,547.4509339589235,2057100
2016-12-27,546.671142578125,551.3502108455555,544.3316084444098,549.0106767118402,2436100
2016-12-28,548.2307739257812,550.5703078116666,545.1113954112676,545.891240039896,1509800
2016-12-29,541.2122802734375,549.7905729002499,535.7533667836477,549.0107281159942,2772000
2016-12-30,538.0928955078125,541.9921193883039,533.4138268512228,534.9735164034194,2141400
2017-01-04,552.9098510742188,553.6896957160724,534.9734243115854,538.0928028789999,3034900
2017-01-05,552.9098510742188,559.1486082090477,549.0106278649506,555.2493849997796,2919000
2017-01-06,552.130126953125,553.6898165772864,543.5518340202375,545.1115236443989,1830300
2017-01-10,548.2307739257812,556.809064840694,548.2307739257812,550.5703078116666,2645200
2017-01-11,545.8914794921875,552.1302392578125,545.1116345214843,550.5705493164062,2139000
2017-01-12,545.1114501953125,548.2308290233258,539.6525372462894,545.1114501953125,2804000
2017-01-13,546.671142578125,547.4509872893634,537.3130060432641,540.4323848882177,3022300
2017-01-16,535.7532348632812,545.1113699700635,534.9733902710494,543.5516807855997,2749400
2017-01-17,521.7161865234375,538.0929278044423,520.1564968776275,535.7533933357273,4132100
2017-01-18,534.1935424804688,535.7532316555942,518.5966507292142,519.376495316777,3410100
2017-01-19,541.9918823242188,545.8911044992132,538.8725045842233,540.432193454221,2965100
2017-01-20,541.2122802734375,544.3316594104601,536.5332115679034,542.7719698419488,2367800
2017-01-23,528.734619140625,537.3129094216677,527.1749299986172,537.3129094216677,2676200
2017-01-24,522.4959106445312,528.7346677865555,521.7160660017781,527.1749785010494,2251700
2017-01-25,515.4773559570312,528.7347160951092,512.3579771010129,526.3951819530955,4740200
2017-01-26,527.175048828125,527.175048828125,520.1564461070406,520.1564461070406,3102200
2017-01-27,528.734619140625,530.2943082826328,525.6152408566095,528.734619140625,2243700
2017-01-30,522.4959106445312,526.3951338582964,517.816842788013,526.3951338582964,2367700
2017-01-31,515.4773559570312,519.3765795270542,513.9176665290221,517.0370453850404,2972500
2017-02-01,514.6974487304688,516.257137969046,508.4586917761601,511.5780702533144,2477500
2017-02-02,505.33935546875,516.2571810498649,502.9998214156539,513.1378023124036,2931300
2017-02-03,502.22003173828125,510.79832420586064,497.54096311960166,506.8991003569609,4061800
2017-02-06,507.67889404296875,510.01842811689943,502.9998258951073,507.6788940429687,1969900
2017-02-07,509.2384948730469,510.7981839844498,502.99973842743526,503.7795829831367,2084800
2017-02-08,517.8167724609375,518.5966169977763,510.79817162938866,512.3578607030662,2084500
2017-02-09,518.5967407226562,519.3765854455474,513.917672385309,513.917672385309,1565200
2017-02-10,510.0185546875,510.79839957234327,496.7611916451644,506.11933026328364,5250400
2017-02-13,517.8167724609375,519.376461534615,510.0183270925499,513.1377052399049,2891200
2017-02-14,510.0185546875,522.4960728449923,509.23870980265673,519.3766933056193,2880000
2017-02-15,516.2572021484375,517.8168915809101,512.3579785672559,517.0370468646738,1957200
2017-02-16,514.6974487304688,520.9362056847775,513.9176041111801,517.8168272076232,2916000
2017-02-17,506.8990173339844,513.1377744704026,505.3393280498798,512.3579298283504,2193700
2017-02-20,510.7982177734375,512.3579069880129,502.21992709327293,505.3393055224237,2124500
2017-02-21,513.1378173828125,514.6975067973499,508.4587491392002,510.79828326100636,1599100
2017-02-22,509.2384948730469,513.9175622072556,506.89896120594256,513.1377176515541,2550200
2017-02-23,506.1191101074219,511.57802192676235,503.7795764705617,509.23848828990214,2336000
2017-02-24,506.8990173339844,510.7982405442458,503.77963876577525,504.55948340782754,2409800
2017-02-27,496.76116943359375,505.33946278331047,495.2014797336453,502.9999282333877,3347800
2017-02-28,499.1006164550781,508.4587530136108,498.320771741867,500.6603058815002,3347200
2017-03-01,502.22003173828125,503.7797212778412,495.9812735800418,501.44018696850134,3198300
2017-03-02,505.33935546875,510.79826825930746,504.55951078438466,510.0184235749421,2665600
2017-03-03,497.54095458984375,505.3394021539479,495.9812650770229,505.3394021539479,2660300
2017-03-06,495.98126220703125,499.8804859665205,495.20141745513337,499.8804859665205,2156000
2017-03-07,497.54095458984375,499.10064410266455,492.08204129497085,495.2014203206125,2452700
2017-03-08,499.1006164550781,500.6603058815002,495.2013928890228,495.9812376022339,2196200
2017-03-09,499.8804931640625,501.44018269031545,493.6417350590508,500.66033792718895,2290000
2017-03-10,502.9997863769531,502.9997863769531,498.3207185967024,502.9997863769531,2769800
2017-03-13,505.33935546875,505.33935546875,499.8804426781925,500.6602873625579,1604200
2017-03-14,496.76116943359375,505.33946278331047,496.76116943359375,504.5596179333362,2669100
2017-03-15,495.98126220703125,498.3207964627248,494.42157270323554,495.98126220703125,1499000
2017-03-16,492.8617248535156,495.98110285891767,490.52219134946415,493.64156935486614,2711300
2017-03-17,486.6230773925781,492.86183479504706,485.0633880419609,491.3021454444298,3668100
2017-03-21,487.40289306640625,489.74242695312495,481.94398066406245,484.2835145507812,2204300
2017-03-22,475.70526123046875,485.0633975169698,474.925416539927,480.3843293737193,2878000
2017-03-23,481.16412353515625,481.9439681438032,474.1455220573339,475.70521127462774,2661000
2017-03-24,488.18267822265625,491.3020563582643,478.82454381583216,484.2834555531462,2870200
2017-03-27,479.6044921875,487.402939214939,476.48511337652434,485.8432498094512,2141100
2017-03-28,483.5037841796875,485.06347380607355,479.60456011372224,481.9440945533014,2206700
2017-03-29,486.26202392578125,489.414451957715,483.1095958938475,488.62634494973156,2232800
2017-03-30,480.7452392578125,487.83820180423925,479.95713230820957,483.1095601066214,2238700
2017-03-31,476.0166320800781,488.6263441881597,476.0166320800781,486.26202316789437,3931100
2017-04-03,475.2286071777344,479.95725003522426,472.86428574898946,479.1691428923093,3090100
2017-04-04,475.2286071777344,477.59292860647935,468.9237500344145,474.4405000348194,3905700
2017-04-05,479.16912841796875,479.9572355370773,475.22859282242626,475.22859282242626,2585600
2017-04-06,465.7713317871094,474.4405105513365,464.98322462672513,471.28808190979936,4674700
2017-04-07,476.8049011230469,479.1692229467975,468.9238283772114,470.5000429263785,4609000
2017-04-10,479.16912841796875,480.7453426561858,474.4404857033178,479.9572355370773,3223000
2017-04-11,483.8977966308594,484.68590379149595,476.0167250244936,476.8048321851302,2333200
2017-04-12,481.5334777832031,483.1096921130991,477.5929419584633,478.3810491234113,2735100
2017-04-13,475.2286071777344,477.59292860647935,472.86428574898946,475.2286071777344,3034300
2017-04-14,477.5929260253906,481.5334617186694,473.6523903321118,479.16914030270215,2818400
2017-04-17,487.0501708984375,487.8382779710887,473.65235066336726,473.65235066336726,1996100
2017-04-18,486.26202392578125,492.5668799896488,483.1095958938475,490.2025589656985,2595400
2017-04-19,479.9572448730469,487.05020908299343,479.1691377386084,483.1096734108009,2941000
2017-04-20,473.65240478515625,477.5929405986767,472.0761904597481,476.8048334359726,3297200
2017-04-21,475.2286071777344,477.59292860647935,472.86428574898946,476.0167143206494,2264500
2017-04-24,476.8049011230469,480.7454374959646,473.65247202471267,479.9573302213811,2181000
2017-04-25,482.3215637207031,483.1096708509657,476.0167066786024,476.80481380886505,1980800
2017-04-26,486.26202392578125,487.0501309337647,483.1095958938475,485.47391691779785,2010500
2017-04-27,482.3215637207031,487.0502065022787,480.745349460178,485.4739922417535,1982300
2017-04-28,479.16912841796875,485.4739853708368,476.80480706064327,485.4739853708368,2375100
2017-05-01,478.3810119628906,478.3810119628907,473.6523693405227,478.3810119628907,1529300
2017-05-02,485.4739990234375,486.26210616470934,476.01671332817574,477.59292761071936,2604600
2017-05-08,498.8717346191406,499.6598416248581,491.77877156768363,494.93119959055343,4003000
2017-05-09,498.08355712890625,498.87166402309754,494.931129552141,497.2954502347149,2156500
2017-05-10,494.93121337890625,498.8717485172733,493.3549993235594,498.8717485172733,1856200
2017-05-11,498.08355712890625,498.87166402309754,489.41438129280186,495.7192364463323,2431900
2017-05-12,504.3885803222656,508.3291161060333,495.7194015979767,500.4480445384979,4295600
2017-05-15,531.972412109375,535.9129484953703,511.48162290219904,512.2697301793982,7606400
2017-05-16,526.45556640625,534.3366377596369,520.9388164588792,534.3366377596369,3720100
2017-05-17,524.09130859375,524.09130859375,516.9983435150376,520.1507724389098,2397400
2017-05-18,516.9982299804688,516.9982299804688,510.6933735172923,513.0576946909835,2841900
2017-05-19,513.0577392578125,514.6339535105247,506.75288224696385,511.48152500510037,2403800
2017-05-22,520.1506958007812,520.1506958007812,509.90530330773555,512.2696246522845,2282700
2017-05-23,517.7863159179688,520.1506369952198,513.8457807892171,516.9982088922185,1511900
2017-05-24,526.45556640625,527.2436735415887,517.7863879175243,523.3031378648952,2436400
2017-05-25,532.7604370117188,533.5485441670616,525.6674726136338,527.2436869243193,2719900
2017-05-26,524.8792724609375,532.7603426180086,524.0911654452304,532.7603426180086,2382100
2017-05-29,527.2435913085938,528.0316983210131,523.3030562464966,527.2435913085938,1344300
2017-05-30,526.45556640625,527.2436735415887,522.5150307295565,525.6674592709113,1535800
2017-05-31,523.3031005859375,524.8793147443289,520.1506722691547,524.0912076651332,1761700
2017-06-01,531.972412109375,532.7605193865741,523.3032320601851,525.6675538917824,1933200
2017-06-02,541.4295043945312,543.0057183811238,531.9722204749761,533.5484344615686,3089700
2017-06-05,533.5485229492188,539.8533799412332,532.760415825217,539.0652728172314,1842000
2017-06-06,524.8792724609375,533.5484496337158,524.0911654452304,533.5484496337158,2521400
2017-06-07,527.2435913085938,530.3960193582714,519.3625211843995,521.7268422216578,2533600
2017-06-08,520.9388427734375,531.9723432255224,520.1507355982885,531.9723432255224,2655100
2017-06-09,522.5149536132812,529.6079167845022,520.9387395752321,520.9387395752321,2452900
2017-06-12,520.9388427734375,527.2437001746289,517.7864140728418,521.7269499485864,1688800
2017-06-13,535.912841796875,538.2771631577435,522.5150207519531,523.3031278722426,2615400
2017-06-14,539.0651245117188,540.6413383260805,530.3959485327291,535.9126968829953,2175700
2017-06-15,542.2176513671875,546.9462936756222,535.9127949559411,538.2771161101584,2458500
2017-06-16,544.58203125,547.7344597955861,541.4296027044139,547.7344597955861,2611000
2017-06-19,539.0651245117188,541.4294452332614,535.1245899758144,539.8532314188997,1272100
2017-06-20,535.1246948242188,542.2176583785898,534.336587762622,540.6414442553963,1847100
2017-06-21,537.4890747070312,538.2771818546955,531.1842175257171,534.3366461163741,1596100
2017-06-22,531.972412109375,535.1248412181712,530.3961975549768,535.1248412181712,1342900
2017-06-23,531.1842041015625,537.4890611235395,529.6079898460682,536.7009539957924,2085800
2017-06-26,517.7863159179688,525.6673861754721,513.8457807892171,523.303065098221,5597700
2017-06-27,516.9982299804688,520.150658212057,513.0576946909835,519.36255115416,2506200
2017-06-28,516.9982299804688,519.36255115416,514.6339088067776,514.6339088067776,2077800
2017-06-29,524.09130859375,524.8794158247181,516.9983435150376,520.1507724389098,2035600
2017-06-30,523.3031005859375,528.0317430611117,520.1506722691547,527.243635981916,3368600
2017-07-03,523.3031005859375,526.4555289027203,520.1506722691547,524.0912076651332,1592100
2017-07-04,528.8198852539062,535.1247423061138,526.4555638593284,526.4555638593284,1863300
2017-07-05,528.8198852539062,529.6079923854322,520.9388139386468,528.8198852539062,1889200
2017-07-06,525.6674194335938,528.819847736044,523.303098206756,526.4555265092063,1545200
2017-07-07,515.4221801757812,521.7270386488796,513.8459655575067,520.1508240306049,2148800
2017-07-10,521.7269287109375,521.7269287109375,515.4220715663945,517.7863929955981,1536100
2017-07-11,520.1506958007812,523.30312426018,518.574481571082,521.7269100304806,1427700
2017-07-12,516.2101440429688,518.5744653133945,514.6339298626849,516.2101440429688,1659800
2017-07-13,513.8456420898438,520.9386034070349,512.2694284638013,519.3623897809924,1447700
2017-07-14,517.7863159179688,519.3625299694694,513.8457807892171,514.6338878149675,1396100
2017-07-17,517.7863159179688,517.7863159179688,517.7863159179688,517.7863159179688,0
2017-07-18,509.90521240234375,515.421961222771,506.75278450495676,513.8457472740774,1477500
2017-07-19,510.69342041015625,512.2696346706814,508.3290990193685,509.9053132798937,952600
2017-07-20,514.6339111328125,515.4220181942716,507.5409475796803,512.269589948435,1127100
2017-07-21,513.0577392578125,515.4220606368808,510.69341787874424,513.8458463841686,836800
2017-07-24,513.8456420898438,513.8456420898438,507.5407875856739,509.11700121171634,1220700
2017-07-25,511.48138427734375,515.421918824935,509.9051704583073,513.8457050058985,1084700
2017-07-26,516.2101440429688,516.9982511331107,513.057715682401,515.4220369528268,1026400
2017-07-27,520.9388427734375,526.4555929994799,517.7864140728418,518.5745212479907,2040600
2017-07-28,523.3031005859375,523.3031005859375,518.5744581107633,520.1506722691547,1375500
2017-07-31,521.7269287109375,526.4555715693448,520.1507144248018,525.6674644262769,1427600
2017-08-01,529.6079711914062,530.3960782913935,521.7269001915341,521.7269001915341,1705000
2017-08-02,530.3960571289062,540.641449019955,530.3960571289062,535.9128066087017,2245600
2017-08-03,525.6674194335938,529.6079548116567,524.0912052823686,528.0317406604315,1370100
2017-08-04,526.45556640625,528.0317806769274,521.7269235942179,527.2436735415887,1759300
2017-08-07,524.8792724609375,531.1841285865944,524.0911654452304,527.2435935080589,1408200
2017-08-08,516.9982299804688,524.8793005594393,514.6339088067776,524.8793005594393,1846800
2017-08-09,515.4221801757812,520.9389313397422,510.6935363209576,513.8459655575067,2118300
2017-08-10,519.3626098632812,523.3031455982075,516.2101812753402,520.9388241572518,1663000
2017-08-11,519.3626098632812,519.3626098632812,519.3626098632812,519.3626098632812,0
2017-08-14,515.4221801757812,517.7865021031931,509.117321702683,512.2697509392322,1618500
2017-08-15,520.1506958007812,524.0912313750296,517.7863744562322,520.1506958007812,1357200
2017-08-16,520.1506958007812,523.30312426018,518.574481571082,520.1506958007812,1274100
2017-08-17,516.9982299804688,520.938765269954,513.8458017488805,514.6339088067776,1476200
2017-08-18,507.5408935546875,513.0576423976732,506.7527865771181,511.4814284425344,1925000
2017-08-21,509.90521240234375,513.8457472740774,508.3289984536503,512.269533325384,1142600
2017-08-22,515.4221801757812,516.9983947940558,509.117321702683,509.117321702683,1614200
2017-08-23,510.69342041015625,518.5744917127821,509.1172061496311,518.5744917127821,1404800
2017-08-24,516.2101440429688,525.667429124672,516.2101440429688,524.0912149443881,2305800
2017-08-25,516.9982299804688,520.938765269954,515.4220158646747,516.9982299804688,1233100
2017-08-28,515.4221801757812,517.7865021031931,513.0578582483694,516.9983947940558,859300
2017-08-29,509.1171569824219,511.4814781448789,505.9647287658124,510.6933710907266,1548000
2017-08-30,516.9982299804688,516.9982299804688,507.5409452857041,512.2695876330864,1842600
2017-08-31,516.9982299804688,521.7268723278511,516.2101229225717,519.36255115416,1340500
2017-09-01,521.7269287109375,521.7269287109375,514.6339644233266,518.5745001386659,1550300
2017-09-04,510.69342041015625,513.8458489312067,508.3290990193685,510.69342041015625,1938100
2017-09-05,501.23614501953125,510.6934307746168,501.23614501953125,509.1172164821025,2101800
2017-09-06,495.7193908691406,497.29560514853375,493.3550694500509,497.29560514853375,2123300
2017-09-07,494.1432189941406,497.2956478234493,490.9907901648319,496.5075406161221,2564700
2017-09-08,489.41455078125,493.3550866168478,488.62644361413044,490.9907651154891,2459400
2017-09-11,492.5669250488281,497.2955675292969,490.9907108886719,494.1431392089844,1501500
2017-09-12,498.8717346191406,500.4479486305755,496.5074136019883,498.8717346191406,1444100
2017-09-13,507.5408935546875,507.5408935546875,501.23603773413237,505.17657262197935,1249300
2017-09-14,502.8123474121094,509.9053115605561,502.0242402845042,507.54099017774047,1461200
2017-09-15,505.96466064453125,507.5408745406201,500.4479120082201,501.23601895626456,1909500
2017-09-18,505.96466064453125,505.9646606445312,505.9646606445312,505.9646606445312,0
2017-09-19,517.7863159179688,519.3625299694694,509.9052456604654,512.2695667377164,2229000
2017-09-20,521.7269287109375,523.3031429970732,517.7863929955981,518.5745001386659,2168500
2017-09-21,531.1842041015625,541.4295967622751,524.0912399518384,524.8793470795855,3765700
2017-09-22,531.972412109375,536.7010557725694,529.6080902777777,533.5486266637731,2064600
2017-09-25,535.1246948242188,535.9128018858155,529.6079453930413,535.1246948242188,1949900
2017-09-26,536.7009887695312,537.4890959483412,531.184238517862,535.9128815907213,1886200
2017-09-27,532.7193603515625,537.4971124623388,529.5341922777117,537.4971124623388,2437700
2017-09-28,536.700927734375,538.2935120896699,527.9417137802532,531.9231746684903,2627400
2017-09-29,540.682373046875,541.4786652015832,535.1083279639175,540.682373046875,3114400
2017-10-02,533.5156860351562,537.4971463787022,529.5342256916103,536.700854309993,2147000
2017-10-03,535.1083374023438,535.1083374023438,526.3491235460554,527.1454157148089,2945500
2017-10-04,539.8861694335938,542.2750462894945,537.4972925776929,538.2935848629932,2153900
2017-10-05,543.0712280273438,545.4601043969654,539.8860595345147,540.6823516577219,2314400
2017-10-06,551.8304443359375,552.6267364634065,544.6638151887175,545.4601073161865,3029900
2017-10-09,551.8304443359375,551.8304443359375,551.8304443359375,551.8304443359375,0
2017-10-10,555.0156860351562,556.6082705001065,551.0342248727807,553.4231015702061,2430600
2017-10-11,554.2193603515625,555.8119447203889,549.4416072450836,554.2193603515625,1064600
2017-10-12,550.2379150390625,555.8119604880834,548.6453306250565,554.2193760740774,1482400
2017-10-13,551.8304443359375,553.4230285908753,546.2563994436554,546.2563994436554,2635100
2017-10-16,556.6082153320312,561.3859682533362,551.0341702571754,551.8304624107262,1796600
2017-10-17,555.8118896484375,557.4044738594646,548.6452606988158,556.608181753951,2203400
2017-10-18,560.5897827148438,561.3860750198364,554.2194442749023,555.015736579895,2263200
2017-10-19,564.5712280273438,567.7563971558478,561.3860588988397,564.5712280273438,2270800
2017-10-20,573.3304443359375,573.3304443359375,565.3675214979384,566.9601060655382,3281100
2017-10-23,573.3304443359375,578.904490322537,570.1452752007378,577.3119057549371,2238400
2017-10-24,588.4598999023438,588.4598999023438,574.9229333281355,575.7192254795596,3403500
2017-10-25,582.0896606445312,592.4414603550359,579.7007837882609,591.6451680696124,3221900
2017-10-26,579.7007446289062,585.2747902503381,578.10816016564,580.4970368605394,2501700
2017-10-27,588.4598999023438,590.0524842051917,583.6821469937996,585.2747312966477,1984100
2017-10-30,582.0896606445312,590.0525834987656,580.4970760736844,589.2562912133421,2030800
2017-10-31,589.256103515625,590.8486875791808,582.8857672614021,582.8857672614021,2165000
2017-11-01,596.4229125976562,599.6080816903005,589.2562821392064,593.2377435050118,2693200
2017-11-02,603.5894165039062,603.5894165039062,594.8302033356438,600.4042480790835,2087100
2017-11-03,603.5894165039062,603.5894165039062,603.5894165039062,603.5894165039062,0
2017-11-06,603.5894165039062,608.3671691411403,600.4042480790835,606.7745849287289,1870200
2017-11-07,621.1079711914062,621.1079711914062,601.9969566932092,604.3858335054838,3543500
2017-11-08,617.1264038085938,617.1264038085938,611.5523588709677,617.1264038085938,2175000
2017-11-09,631.459716796875,646.5892686495114,622.7005025664014,626.681963580253,6002600
2017-11-10,631.459716796875,644.9966842439707,623.4967947691716,628.2745479857937,4459600
2017-11-13,613.1448974609375,631.4596151773031,611.5523133116883,630.6633231026785,2365700
2017-11-14,622.7005615234375,629.8671920269041,618.7191001326227,621.9042692452746,3033100
2017-11-15,613.1448974609375,625.885570654931,609.9597291624391,625.885570654931,3425600
2017-11-16,620.3115844726562,625.0893373697498,609.1634943794378,609.9597865289534,3211100
2017-11-17,624.2930908203125,633.0523051047811,620.3116297819176,632.2560128971022,4366100
2017-11-20,625.8857421875,629.0709113589377,620.3116961374841,624.2931576017811,1908600
2017-11-21,632.2560424804688,639.4226726849073,627.478289010843,628.2745812557806,2833400
2017-11-22,626.681884765625,632.2559294839978,624.293008457751,632.2559294839978,2636200
2017-11-23,626.681884765625,626.681884765625,626.681884765625,626.681884765625,0
2017-11-24,621.1079711914062,622.7005557329227,614.7376330253405,621.9042634621645,1913900
2017-11-27,621.904052734375,629.8669727437781,618.7188847306138,625.0892207381362,1919400
2017-11-28,622.7005615234375,624.2931460797635,616.3302232981338,619.5153924107857,1624400
2017-11-29,620.3115844726562,626.681921668781,617.9227080241094,626.681921668781,1490600
2017-11-30,644.99658203125,644.99658203125,625.8855721932871,625.8855721932871,4817100
2017-12-01,633.8484497070312,645.7928300407065,630.6632816180512,644.9965380184615,2345500
2017-12-04,636.2373657226562,641.8114102283616,633.8484895059254,641.8114102283616,1554400
2017-12-05,652.959716796875,655.3485938095465,631.4598236828316,633.0524083579459,2982900
2017-12-06,632.2560424804688,650.570764114034,629.0708735007183,648.9781796241588,2701600
2017-12-07,636.2373657226562,646.5891626618234,635.4410736504126,640.2188260838744,1958900
2017-12-08,652.959716796875,652.959716796875,637.0338700457318,637.8301623832889,3470000
2017-12-11,651.3670654296875,655.3485267098201,648.1818964055815,654.5522344537936,1879800
2017-12-12,660.126220703125,660.9225128873265,649.7744223085042,650.5707144927059,2065400
2017-12-13,652.1632690429688,662.5150669642858,650.5706847473815,660.9224826686985,2764400
2017-12-14,648.9782104492188,652.9596718630177,641.8115799043808,642.6078721871405,2319500
2017-12-15,642.6077880859375,648.9781255142987,640.218911550302,644.9966646215729,2303300
2017-12-18,644.200439453125,650.5707775441325,642.6078549303732,650.5707775441325,1788400
2017-12-19,638.6264038085938,644.2004497271225,634.6449424382159,641.8115729048959,1949000
2017-12-20,637.0338134765625,641.015274810791,631.4597676086426,640.2189825439452,2084900
2017-12-21,641.8115844726562,644.2004613379391,637.0338307420906,638.6264153189458,1864200
2017-12-22,643.4041137695312,644.200405989543,639.4226526694723,641.8115293295077,1247400
2017-12-25,643.4041137695312,647.3855748695902,641.8115293295077,644.200405989543,1189000
2017-12-26,651.3670654296875,651.3670654296875,642.6078506133958,643.4041428694225,1469800
2017-12-27,651.3670654296875,656.9411112218731,650.570773173661,652.163357685714,2250600
2017-12-28,648.1818237304688,654.5521610644291,647.3855315637237,651.3669923974489,1995300
2017-12-29,648.9782104492188,652.9596718630177,647.3856258836992,650.5707950147383,1284300
2018-01-01,648.9782104492188,648.9782104492188,648.9782104492188,648.9782104492188,0
2018-01-02,648.9782104492188,648.9782104492188,648.9782104492188,648.9782104492188,0
2018-01-03,648.9782104492188,648.9782104492188,648.9782104492188,648.9782104492188,0
2018-01-04,662.5150756835938,664.1076600001409,655.3484462591318,657.7373227339524,3652600
2018-01-05,657.7373657226562,667.2928722464721,652.1633202504304,664.9039956155182,3369100
2018-01-08,657.7373657226562,657.7373657226562,657.7373657226562,657.7373657226562,0
2018-01-09,679.2371826171875,680.0334747421783,664.9039243673524,664.9039243673524,4126500
2018-01-10,687.2001953125,689.5890720053592,676.052104079157,676.84839631011,3247900
2018-01-11,708.7001342773438,708.7001342773438,691.9779962775413,691.9779962775413,4669800
2018-01-12,676.8482666015625,698.3481527171416,673.6630982881434,696.755568560432,6170400
2018-01-15,700.737060546875,702.3296447753906,674.4594207763672,677.6445892333985,3675500
2018-01-16,701.5333251953125,707.107369776887,694.3666964475738,703.9222014445587,3091100
2018-01-17,695.1632080078125,702.3298390182023,688.7928693319104,695.9595003423002,2270200
2018-01-18,687.2001953125,699.9408710077491,684.8113186196408,699.9408710077491,2631900
2018-01-19,695.1632080078125,698.3483773457635,688.7928693319104,688.7928693319104,1770300
2018-01-22,696.7557373046875,699.940906389509,689.5891068638393,695.1631527622768,1766000
2018-01-23,706.3112182617188,708.700094986392,703.1260492954877,703.9223415370456,2110700
2018-01-24,717.459228515625,727.8110264853287,707.9037226974368,708.7000148489525,4227400
2018-01-25,704.7183837890625,715.8664712162341,702.3295079118114,708.699843584481,2811800
2018-01-26,699.9407348632812,708.6999477000231,699.1444427872138,707.9036556239556,2686700
2018-01-29,698.34814453125,706.3110652214581,696.7555603932084,701.5333128073332,2038400
2018-01-30,693.5704956054688,702.3297096716686,691.977911229796,696.7556643568141,2708900
2018-01-31,684.8113403320312,695.9594319188317,684.8113403320312,688.7928016130314,2591200
2018-02-01,696.7557373046875,702.329783203125,690.3853991350446,690.3853991350446,2442600
2018-02-02,688.792724609375,692.7741854452673,676.848342101698,688.792724609375,2502400
2018-02-05,665.7002563476562,678.4409311102908,664.1076720023269,676.8483467649614,2435700
2018-02-06,637.8300170898438,648.181815120016,618.7190053418334,641.0151857145121,4614000
2018-02-07,629.07080078125,660.9224868967563,627.4782164754747,647.3855202976661,5004000
2018-02-08,631.459716796875,638.626346621808,626.681963580253,633.0523012024157,2882600
2018-02-09,617.9226684570312,621.9041289496668,609.9597474717602,609.9597474717602,3473300
2018-02-12,617.9226684570312,617.9226684570312,617.9226684570312,617.9226684570312,0
2018-02-13,618.7191162109375,632.2560852914858,617.126531613226,627.478331498351,2705400
2018-02-14,614.737548828125,623.4967626067642,609.9597958579583,619.5153017982918,2765300
2018-02-15,620.3115844726562,625.8856295192654,617.9227080241094,621.9041687716874,2197200
2018-02-16,630.6634521484375,637.0337900489267,625.0894064855094,629.0708676733151,2223700
2018-02-19,646.5892333984375,647.3855255577952,634.6448510080722,638.6263118048606,1931700
2018-02-20,644.200439453125,645.7930239758768,637.8301013621176,643.4041471917491,1491600
2018-02-21,649.7745361328125,655.3485823986578,644.9967821906595,645.7930745143516,2295700
2018-02-22,641.0151977539062,648.181827294012,637.8300290694148,647.3855351228891,2338200
2018-02-23,649.7745361328125,651.3671207801968,644.2004898669672,647.3856591617359,1458200
2018-02-26,650.57080078125,655.3485545201576,647.3856316219783,655.3485545201576,1429800
2018-02-27,647.385498046875,652.9595429255074,644.9966216703183,652.9595429255074,1784900
2018-02-28,630.6634521484375,644.9967124245383,630.6634521484375,644.2004201869771,2453700
2018-03-01,621.904052734375,629.0706807428378,618.7188847306138,628.2743887418975,2504300
2018-03-02,618.7191162109375,622.7005777052165,609.1636086246682,609.959900923524,2162400
2018-03-05,606.7747192382812,612.3487652155358,603.5895501084215,612.3487652155358,1571200
2018-03-06,608.3672485351562,618.7190472667754,605.9783719047826,613.9412940060281,1473700
2018-03-07,606.7747192382812,611.5524729330708,599.6080886960968,601.9969655434916,1829600
2018-03-08,606.7747192382812,613.1450574980007,603.5895501084215,612.3487652155358,1476700
2018-03-09,609.9598388671875,624.2930987883485,607.5709622136607,612.3487155207143,2941100
2018-03-12,617.1264038085938,619.5152802104335,610.7560667370212,617.9226959425404,1171400
2018-03-13,619.5153198242188,620.3116120090829,611.5523979755784,612.3486901604425,1042400
2018-03-14,616.3301391601562,621.1078921769016,614.7375548212411,614.7375548212411,1407300
2018-03-15,619.5153198242188,620.3116120090829,608.3672292361223,615.5338588998986,1512400
2018-03-16,621.1079711914062,625.0894325451974,616.330217566857,618.7190943791317,2137700
2018-03-19,612.3487548828125,619.5153853040679,609.1635858066991,617.1265084969828,1354000
2018-03-20,614.737548828125,614.737548828125,604.3857507260971,605.1820428877915,1107500
2018-03-21,614.737548828125,614.737548828125,614.737548828125,614.737548828125,0
2018-03-22,621.1079711914062,621.1079711914062,609.1635871300331,615.5339252960988,1394500
2018-03-23,598.8116455078125,612.3486108982817,596.4227692624355,605.1819821621509,2610000
2018-03-26,591.6450805664062,594.8302492370195,585.2747432251798,593.237664901713,2209100
2018-03-27,611.5523681640625,614.7375367482504,590.8487723668417,591.6450645128887,2390600
2018-03-28,603.10888671875,609.5420481770833,597.4798704427084,603.9130319010417,2141700
2018-03-29,608.7379150390625,613.5627862282757,603.1088986516471,611.1503506336691,1895500
2018-03-30,623.2125244140625,625.6249599924396,615.9752176789315,617.5835080645162,2084800
2018-04-02,614.3670043945312,624.0167479190527,614.3670043945312,619.191876156792,1333700
2018-04-03,603.10888671875,603.9130319010417,597.4798704427084,602.3047415364583,1951600
2018-04-04,607.9337158203125,610.3461512005518,599.0881194261016,604.7171353133267,1292800
2018-04-05,624.82080078125,627.2332363055019,611.9544779852397,615.9752038589929,1831000
2018-04-06,613.562744140625,624.0166310001638,612.7585989975836,619.1917601419151,2105900
2018-04-09,614.3670043945312,618.3877308630819,607.9338420448503,613.5628591008211,2088000
2018-04-10,629.6456298828125,639.2953713369552,628.0373396404555,635.2746457310625,4712100
2018-04-11,604.71728515625,628.8416449364196,603.1089945042387,628.0374996104139,4003200
2018-04-12,608.7379150390625,613.5627862282757,604.7171890480515,607.1296246426581,3107600
2018-04-13,611.1502685546875,618.3875743665193,606.3253980134663,614.3668489155017,5157900
2018-04-16,624.0166625976562,630.4498240677352,617.5835011275774,618.3876463113372,2854300
2018-04-17,625.6250610351562,633.6665142618292,623.2126250671544,624.820915712489,2334500
2018-04-18,644.924560546875,647.3369965588957,632.8623804867714,633.6665258241117,3776400
2018-04-19,648.9451293945312,657.7907259538123,648.1409842527784,648.9451293945312,3298000
2018-04-20,658.5947875976562,659.3989326374581,648.9450471200349,651.3574822394403,2595800
2018-04-23,661.0072021484375,662.6154921779957,657.790622089321,661.0072021484375,1401300
2018-04-24,670.6570434570312,677.8943496813877,667.4404629128728,673.06947886515,2486400
2018-04-25,677.0901489257812,677.8942939957643,661.0072475261189,665.8321179460177,1715000
2018-04-26,676.2860717773438,679.5026523803275,673.8736363251058,677.0902169280897,1442900
2018-04-27,693.173095703125,694.7813859483758,679.5026286184926,681.9150639863689,3051800
2018-04-30,693.173095703125,693.173095703125,693.173095703125,693.173095703125,0
2018-05-01,702.0186767578125,706.0394022833441,688.3482099710052,691.5647903914304,2046900
2018-05-02,695.585693359375,704.4312917720376,692.3691121184069,703.6271464617955,1932000
2018-05-03,695.585693359375,695.585693359375,695.585693359375,695.585693359375,0
2018-05-04,695.585693359375,695.585693359375,695.585693359375,695.585693359375,0
2018-05-07,695.585693359375,700.4105652208274,691.5649668081647,695.585693359375,2143600
2018-05-08,686.739990234375,699.6063132364242,682.7192642962347,697.998022861168,2735800
2018-05-09,681.9151000976562,685.1316807584942,676.2860839411898,677.8943742716087,1972400
2018-05-10,682.7191772460938,685.9357575864758,669.8528558845654,669.8528558845654,1904200
2018-05-11,691.5648193359375,693.1731096134629,685.9358033645984,689.956529058412,1596600
2018-05-14,675.4819946289062,690.7607540312267,675.4819946289062,690.7607540312267,2054200
2018-05-15,665.028076171875,673.0695281207489,664.2239309769876,670.6570925360868,2013400
2018-05-16,661.8114624023438,669.048768795565,659.3990269379367,665.0280430215532,1182600
2018-05-17,657.7908325195312,661.8115588796751,656.1825419754738,661.0074136076463,1553000
2018-05-18,659.3989868164062,662.6155672399009,656.9865514987853,660.2031319222799,1294100
2018-05-21,649.7493286132812,656.1824902827196,649.7493286132812,656.1824902827196,997000
2018-05-22,648.9451293945312,652.9658551032953,646.5326939692727,652.1617099615426,1272300
2018-05-23,644.924560546875,654.574304594958,640.0996885228336,652.1618685829372,1877400
2018-05-24,624.0166625976562,635.2746951702944,621.6042270463766,633.6664048027747,3606500
2018-05-25,620.800048828125,625.6249196739394,613.5627425594033,619.1917585461869,2471800
2018-05-28,633.6664428710938,634.4705881031637,625.6249905503946,628.0374262466044,2306800
2018-05-29,642.511962890625,644.9243982957212,634.4705115403043,637.6870920804325,2984100
2018-05-30,637.6871337890625,639.2954241643187,628.8415367251537,632.058117475666,2605200
2018-05-31,646.5327758789062,652.9659378279501,643.3161949043844,648.9452116097978,2885400
2018-06-01,634.4705200195312,641.7078263315411,632.8622297279735,640.0995360399834,2105600
2018-06-04,643.3162231445312,648.9452400970458,640.0996420288086,643.3162231445312,1285700
2018-06-05,637.6871337890625,645.7285856653432,632.058117475666,644.9244404777152,1837600
2018-06-06,648.9451293945312,652.9658551032953,641.7078231187558,641.7078231187558,1654200
2018-06-07,656.986572265625,657.7907173969171,651.3575563465805,652.9658466091646,2073900
2018-06-08,650.553466796875,664.2239351968093,650.553466796875,659.3990639968325,2598200
2018-06-11,650.553466796875,652.9659023968634,641.7078695969175,646.5327407968944,1050000
2018-06-12,648.1409912109375,655.3782975644094,647.3368460605517,655.3782975644094,1584900
2018-06-13,658.5947875976562,661.0072227170616,644.924321921026,644.924321921026,1179700
2018-06-14,640.0995483398438,656.9865967256939,639.2954031786128,655.3783064032319,2098400
2018-06-15,644.120361328125,644.9245065981976,632.8623275471091,641.7079255179073,2769000
2018-06-18,643.3162231445312,644.1203684234619,633.6664797973632,641.7079325866699,1469200
2018-06-19,637.6871337890625,644.9244404777152,636.8829886014344,640.0995693519467,2108000
2018-06-20,644.120361328125,644.9245065981976,629.6457464668188,636.8830538974719,2079600
2018-06-21,640.0995483398438,642.5119838235366,631.2539515663032,634.470532211227,2002300
2018-06-22,634.4705200195312,638.4912457484256,632.0580845821946,636.078810311089,1538600
2018-06-25,625.6250610351562,636.0789502298311,624.820915712489,635.2748049071638,1395900
2018-06-26,630.449951171875,632.05824186364,614.3670442542251,615.9753349459901,1600900
2018-06-27,629.6456298828125,636.078790852241,619.9958884286698,632.8622103675268,1635500
2018-06-28,627.2332763671875,630.4498572716346,623.2125502366287,630.4498572716346,2135400
2018-06-29,628.8414306640625,629.6455757160626,620.7999801440617,628.0372856120624,2234300
2018-07-02,615.1709594726562,624.8207000134038,613.5626693825317,624.0165549683416,1876500
2018-07-03,600.6964111328125,609.5420075484228,595.0673952319695,609.5420075484228,2906500
2018-07-04,601.5006103515625,605.5213363565863,593.4591583415149,594.2633035425197,1563500
2018-07-05,595.0674438476562,604.7171861803209,591.8508630701014,603.1088957915435,1674200
2018-07-06,593.459228515625,598.2841002921748,590.2426473312585,594.2633738117166,2334000
2018-07-09,594.2632446289062,598.2839702353265,589.438373901202,593.4590995076222,1219300
2018-07-10,598.283935546875,603.9129510694935,598.283935546875,600.6963707708544,1946200
2018-07-11,587.0260009765625,594.2633078379174,586.2218557697453,594.2633078379174,2016100
2018-07-12,584.613525390625,588.6342511498452,581.3969447832488,587.0259608461572,2634500
2018-07-13,587.830078125,591.8508036935705,585.4176427838577,587.0259330112859,1812100
2018-07-16,587.830078125,587.830078125,587.830078125,587.830078125,0
2018-07-17,594.2632446289062,599.0881153566105,587.0259385373498,587.830083658634,2085200
2018-07-18,592.6549682617188,603.1088550831602,591.8508231216078,599.8922745227167,1974600
2018-07-19,595.8715209960938,599.0881014063291,591.8507954832996,594.2632307909761,2026500
2018-07-20,588.63427734375,599.892309970543,587.8301321561219,595.8715840324027,2158900
2018-07-23,590.2424926757812,592.6549279319493,584.6134770780558,585.4176221634451,1649700
2018-07-24,598.283935546875,601.5005158455141,590.2424848002772,594.2632101735761,1421500
2018-07-25,599.8922729492188,605.5212889152301,599.0881278112171,603.1088535012252,1156400
2018-07-26,617.58349609375,619.1917864481609,607.1296087900798,609.542044321696,1866100
2018-07-27,621.6041870117188,624.0166224076245,616.7793162199072,622.4083321436873,1558900
2018-07-30,621.6041870117188,628.8414931994361,619.191751615813,622.4083321436873,1737900
2018-07-31,609.5420532226562,617.5835051121371,603.9130369000195,617.5835051121371,2771700
2018-08-01,597.4798583984375,608.7378907235764,595.8715680662748,607.1296003914136,1697700
2018-08-02,589.4382934570312,596.6755985608693,586.221713410881,589.4382934570312,2257300
2018-08-03,578.9845581054688,581.3969937642415,563.7057989332411,579.7887033250596,3848100
2018-08-06,601.5006103515625,603.108900753572,579.7886899244339,580.5928351254387,3186000
2018-08-07,606.3253784179688,607.1295234821836,596.675637647391,603.1087981611095,1549200
2018-08-08,599.0882568359375,608.7380005702076,598.2841115247484,603.9131287030726,1958800
2018-08-09,585.4176025390625,591.8507630065247,583.0051673637641,591.8507630065247,2071200
2018-08-10,572.5514526367188,586.221922713719,571.7473073380717,586.221922713719,1969700
2018-08-13,560.4891357421875,572.5513122646163,557.2725553362066,566.9222965541495,2570500
2018-08-14,575.76806640625,577.3763570945356,564.5100315882507,566.1183222765363,1703600
2018-08-15,570.1389770507812,578.9845747201164,567.7265413227808,578.9845747201164,1517300
2018-08-16,574.1597900390625,576.5722261316636,566.9224817612592,567.7266271254596,2240900
2018-08-17,579.7886352539062,582.2010706294426,576.5720547531911,580.5927803790851,1506300
2018-08-20,584.613525390625,586.2218156943131,578.9845093277166,583.8093802387809,1097000
2018-08-21,583.809326171875,588.6341966361053,580.5927458623881,583.0051810945033,1320600
2018-08-22,587.0260009765625,587.0260009765625,576.5721132879388,585.417710562928,2703200
2018-08-23,599.8922729492188,608.7378694672367,592.654966707204,607.1295791912335,2731800
2018-08-24,597.4798583984375,604.7171648931696,595.0674229001935,604.7171648931696,1940300
2018-08-27,607.1295776367188,608.7378679086041,596.675690869464,599.8922714132348,1911000
2018-08-28,609.5420532226562,617.5835051121371,609.5420532226562,615.1710695452929,1706900
2018-08-29,616.7794189453125,619.9960000089126,610.3462568181124,611.1504020840124,1760800
2018-08-30,607.1295776367188,617.5834644039735,604.7171422288908,616.7793192680309,2204000
2018-08-31,608.7379150390625,614.3669314264779,605.5213342462538,605.5213342462538,2047000
2018-09-03,595.0674438476562,607.1296217634871,594.2632986532675,606.3254765690984,1455900
2018-09-04,595.8715209960938,598.2839563037702,591.0466503807407,593.4590856884173,1708100
2018-09-05,588.63427734375,593.4591484695184,587.0259869684938,591.0467129066342,2084100
2018-09-06,583.809326171875,587.025906481362,580.5927458623881,584.6134712492468,1870100
2018-09-07,579.7886352539062,583.8093608798001,575.7679096280123,578.9844901287274,2327700
2018-09-10,583.809326171875,589.4383417134771,576.5720204755295,577.3761655529012,1880500
2018-09-11,584.613525390625,591.0466866053774,583.0052350869369,587.0259608461572,1685700
2018-09-12,581.39697265625,584.6135534178337,574.9638111330827,583.0052630370419,2374100
2018-09-13,594.2632446289062,595.8715348714743,582.2010678096457,583.0052129309297,1680100
2018-09-14,599.8922729492188,606.3254340532318,596.6756923972122,598.2839826732154,2687300
2018-09-17,599.8922729492188,599.8922729492188,599.8922729492188,599.8922729492188,0
2018-09-18,622.4083251953125,625.624905687278,598.2839715055718,598.2839715055718,2742600
2018-09-19,633.6664428710938,635.2747333352336,627.2332810145344,632.8622976390238,2867100
2018-09-20,638.4913330078125,640.9037687748446,629.6457351953617,636.8830424964578,2453900
2018-09-21,646.5327758789062,650.5535020970586,640.903759173493,643.3161949043844,3172700
2018-09-24,646.5327758789062,646.5327758789062,646.5327758789062,646.5327758789062,0
2018-09-25,645.728515625,652.1616764282379,640.9036450225716,651.3575313278332,2455300
2018-09-26,649.38134765625,649.38134765625,638.0171740722657,642.8875341796875,2052800
2018-09-27,641.2640991210938,651.8165463218206,639.6406457055973,646.9461860753313,2133600
2018-09-28,642.8875732421875,650.1931138472123,642.0758465082959,646.9462069116457,2001100
2018-10-01,638.8287963867188,644.5108822503871,633.958437075003,640.452249490624,1951800
2018-10-02,633.95849609375,642.0757623689581,632.3350428387084,638.8288558588749,2226800
2018-10-03,631.5234375,637.2055249839332,628.2765303663239,633.958617850257,1592600
2018-10-04,560.0914306640625,566.5852443529212,553.5976169752038,558.4679772418478,11684500
2018-10-05,547.91552734375,560.0914279513888,543.8568938078704,558.467974537037,6216500
2018-10-08,547.91552734375,547.91552734375,547.91552734375,547.91552734375,0
2018-10-09,547.1036987304688,554.409237734288,543.856792506549,544.668519062529,3833400
2018-10-10,551.1624755859375,552.785929122273,547.1038417450984,547.1038417450984,2887500
2018-10-11,535.7395629882812,541.4216492623995,532.4926565459281,535.7395629882812,4739100
2018-10-12,527.6223754882812,531.6810091458834,520.3168349045974,530.0575556828426,5459300
2018-10-15,521.9402465820312,527.6223332477765,519.5050665824261,527.6223332477765,3342400
2018-10-16,525.1871337890625,529.2457669713582,523.5636805161442,523.5636805161442,3175700
2018-10-17,529.2457885742188,533.3044219221806,526.8106085654417,530.0575152438112,4026100
2018-10-18,538.9865112304688,542.2334179246283,529.2457911479904,529.2457911479904,5508500
2018-10-19,533.304443359375,534.1161700615963,525.1871763371623,532.4927166571538,6799800
2018-10-22,526.8107299804688,534.1162716905216,521.1286419837611,528.4341836938138,18168300
2018-10-23,520.3167114257812,528.433976814639,517.8815318091239,523.5636175813244,21712100
2018-10-24,523.5636596679688,527.6222926886506,516.2581202307413,519.5050266472869,12515700
2018-10-25,508.95263671875,515.4464502654007,507.3291833320873,513.8229968787381,10888000
2018-10-26,517.881591796875,525.1871314930692,508.95259883485994,512.1995053665017,13407100
2018-10-29,533.304443359375,535.7396234660389,521.128542826056,522.7519962304985,17277400
2018-10-30,511.3876647949219,527.6221938360305,504.8938531784784,525.1870144798643,44201000
2018-10-31,516.2581176757812,518.6932974761387,508.95257827470886,513.0112112753046,8310800
2018-11-01,524.3753662109375,525.1870927840195,513.8229207608722,513.8229207608722,5615700
2018-11-02,522.751953125,528.4340395720109,518.6933199485636,527.6223129367236,4897500
2018-11-05,517.881591796875,521.9402249614274,513.8229586323228,515.4464118981437,4146900
2018-11-06,524.3753662109375,524.3753662109375,517.881553626282,517.881553626282,3803600
2018-11-07,525.1871337890625,533.3044001536539,521.940227243226,527.6223136984399,6067700
2018-11-08,522.751953125,532.4926727484471,520.3167732191382,531.68094611316,4655300
2018-11-09,514.6347045898438,534.1161445112258,513.0112512630619,528.4340578674894,5868400
2018-11-12,511.3876647949219,516.2580235072545,509.76421189081105,510.5759383428665,3655800
2018-11-13,504.08233642578125,509.76442395393013,501.6471560565746,505.70579000525237,5454900
2018-11-14,495.96502685546875,504.0822940707792,492.71811996934457,503.27056734924815,4884800
2018-11-15,495.1532897949219,495.96501649950375,488.6594761582672,488.6594761582672,4067600
2018-11-16,494.34161376953125,498.40024770852574,491.09470661833564,492.71816019393344,3003000
2018-11-19,492.7181091308594,498.4001960565859,489.4712023161585,495.15328924188503,2690400
2018-11-20,497.5885314941406,500.83543871433073,491.90644385880785,492.7181706638554,2648300
2018-11-21,489.47119140625,495.1532782053275,487.0360113495025,491.094644777415,3129100
2018-11-22,504.08233642578125,504.8940632155168,491.9064345797479,494.34161494895454,3760000
2018-11-23,504.08233642578125,504.08233642578125,504.08233642578125,504.08233642578125,0
2018-11-26,504.89404296875,511.38785702622584,500.0236824256431,504.89404296875,2755500
2018-11-27,509.7643127441406,516.2581256453399,504.89395306824116,508.1408595188408,2716100
2018-11-28,510.5760498046875,519.5050427265501,509.7643231754273,513.0112296924682,3172700
2018-11-29,517.881591796875,519.5050450626959,512.1995053665017,512.1995053665017,2622800
2018-11-30,517.0698852539062,517.8816119183551,511.38779860276446,515.4464319250086,5340700
2018-12-03,518.6934204101562,520.3168739951645,514.6347864476355,520.3168739951645,2644200
2018-12-04,500.83538818359375,517.0699226465952,500.0236614604437,515.446469200295,3458200
2018-12-05,498.4001770019531,500.02363034723635,492.7180902934618,495.1532703113867,3674400
2018-12-06,495.1532897949219,500.83537672699475,491.9063829765945,495.96501649950375,2967300
2018-12-07,497.5885314941406,499.2119851042357,487.8478098335701,491.90644385880785,4399400
2018-12-10,489.47119140625,499.21191163324005,488.65946472066753,489.47119140625,3334400
2018-12-11,489.47119140625,495.1532782053275,487.0360113495025,493.5298248341625,3233300
2018-12-12,497.5885314941406,500.02371190928324,487.8478098335701,489.47126344366524,5073800
2018-12-13,492.7181091308594,500.02364946393635,491.90638242718416,498.4001960565859,3026100
2018-12-14,478.9187316894531,495.9649916309421,478.9187316894531,488.6594516560183,5854200
2018-12-17,477.2952880859375,482.9773748488653,474.04838136426446,474.8601080446827,4133900
2018-12-18,461.87249755859375,470.80149136025375,458.6255907216265,470.80149136025375,5107600
2018-12-19,457.00213623046875,461.87249647448795,449.6965958644399,461.87249647448795,4174800
2018-12-20,444.8262023925781,452.94346885959595,441.579295805771,452.13174221289415,5712900
2018-12-21,427.7799377441406,440.7675639375111,426.96821110705497,439.1441106633398,6443700
2018-12-24,427.7799377441406,427.7799377441406,427.7799377441406,427.7799377441406,0
2018-12-25,410.7337341308594,416.4158213619187,406.67510039438844,414.7923678673303,5003500
2018-12-26,420.4744567871094,424.53309053988073,412.3571892815667,418.8510032860009,5881000
2018-12-27,439.1441345214844,444.0144946085988,432.65032107199846,436.70895447792714,4918000
2018-12-28,439.955810546875,442.3909903100496,435.8971776082507,436.70890419597555,3773700
2018-12-31,439.955810546875,439.955810546875,439.955810546875,439.955810546875,0
2019-01-04,431.0268249511719,432.65027815249454,423.7212855452198,428.59164514918785,4070600
2019-01-07,445.637939453125,450.5082994471482,442.3910327904428,443.20275945611337,4108500
2019-01-08,452.1317443847656,457.0021042883717,448.0731111317605,454.56692433656866,3399800
2019-01-09,455.3786315917969,463.49589775207846,454.5669049757687,460.24899128796585,2763500
2019-01-10,449.69659423828125,453.7552277602874,448.0731408294788,450.50832094268253,3435400
2019-01-11,457.81378173828125,458.625508301647,452.131695794721,457.0020551749155,3983900
2019-01-15,457.00213623046875,458.6255896451418,449.6965958644399,453.7552294011226,3224000
2019-01-16,454.56695556640625,458.6255890982492,451.3200487409319,458.6255890982492,2919000
2019-01-17,458.62554931640625,462.6841824961974,456.1903694085315,458.62554931640625,2467800
2019-01-18,464.3076171875,465.93107039444925,455.3786245492788,456.19035115275346,2728000
2019-01-21,468.36627197265625,473.2366318198589,466.7428186902554,469.9897252550572,2187200
2019-01-22,468.36627197265625,476.48353838466073,464.30763876665407,474.04835846105937,2663900
2019-01-23,470.801513671875,474.86014741042567,467.5546066810345,467.5546066810345,3421500
2019-01-24,474.86016845703125,478.91880237546746,470.8015345385951,475.6718952407185,3418600
2019-01-25,477.2952880859375,479.73046812719224,472.4249280034279,478.918741446774,2307500
2019-01-28,469.9897766113281,478.1070439103148,468.3663231515308,477.29531718041613,2299100
2019-01-29,478.10699462890625,478.9187212751353,469.1780015203868,470.8014548128449,3877700
2019-01-30,474.0484313964844,480.5422455252033,469.989797566035,479.73051875911347,2561000
2019-01-31,480.5421142578125,485.412473523939,478.1069346247493,481.3538408021669,2922100
2019-02-01,474.0484313964844,483.78915258956283,470.80152433212487,480.5422455252033,3010200
2019-02-04,487.0360412597656,489.47122146606443,478.9187739054362,478.9187739054362,3016500
2019-02-05,492.7181091308594,500.83537616761157,489.4712023161585,493.5298358345346,4376300
2019-02-06,498.4001770019531,502.4588103651612,491.9063636208202,493.5298169661034,3752600
2019-02-07,491.9063415527344,495.1532480976369,487.0359817353805,493.5297948251856,2767600
2019-02-08,484.60089111328125,488.6595250422032,480.5422571843593,480.5422571843593,4091100
2019-02-12,495.1532897949219,495.1532897949219,479.73048240786693,483.7891159307761,4092200
2019-02-13,493.5298156738281,499.21190236744127,491.0946356622796,495.1532690148604,3891700
2019-02-14,500.83538818359375,501.6471149067438,495.1533011215432,495.9650278446933,3305000
2019-02-15,492.7181091308594,495.15328924188503,484.6008420941072,494.3415625382098,3820500
2019-02-18,501.6470947265625,502.4588214170586,496.7767345835862,500.8353680360664,2188500
2019-02-19,504.89404296875,507.32922324030346,493.5298683681672,497.5885021540896,2390300
2019-02-20,504.08233642578125,504.8940632155168,499.2119756873679,503.27060963604566,2842500
2019-02-21,500.02362060546875,503.270527232777,497.5884406349876,500.02362060546875,2417600
2019-02-22,500.83538818359375,501.6471149067438,492.71812095209305,495.1533011215432,2414900
2019-02-25,500.83538818359375,506.5174752456442,500.0236614604437,506.5174752456442,1621400
2019-02-26,504.08233642578125,504.8940632155168,498.40024889763237,501.6471560565746,2032400
2019-02-27,504.89404296875,508.95267675467244,504.0823162115655,506.517496483119,2049500
2019-02-28,499.21197509765625,506.51751619664634,496.7767947313262,504.0823358303163,3446200
2019-03-01,505.7056579589844,506.5173845367677,499.2118453367181,500.0235719145014,1996900
2019-03-04,513.01123046875,513.01123046875,506.51741742484177,510.5760505772844,2786900
2019-03-05,505.7056579589844,513.0111971590339,505.7056579589844,512.1994705812506,2353600
2019-03-06,506.51739501953125,507.32912161411383,502.45876204661835,506.51739501953125,1662800
2019-03-07,508.95263671875,509.76436341208137,500.8353697854366,501.64709647876793,2391900
2019-03-08,507.3291320800781,517.8815780273437,504.0822256347656,517.0698514160156,5774800
2019-03-11,515.4464721679688,517.8816523514395,508.1409316175566,511.38783852885086,2715600
2019-03-12,522.751953125,527.6223129367236,518.6933199485636,521.9402264897127,2697300
2019-03-13,517.881591796875,525.9988581259796,515.4464118981437,524.3754048601587,2393100
2019-03-14,525.9988403320312,530.8691999647352,524.37538712113,524.37538712113,2969300
2019-03-15,532.49267578125,535.7395823408917,530.8692225014291,530.8692225014291,5113600
2019-03-18,531.6810302734375,535.7396640923187,529.2458499821088,535.7396640923187,1767100
2019-03-19,528.4338989257812,531.6808046027446,525.9987196680588,530.0573517642629,1373500
2019-03-20,534.1160888671875,534.1160888671875,526.8105496577579,531.6809091307109,2965000
2019-03-22,538.1748046875,538.9865313914028,531.6809910562783,537.3630779835973,3093800
2019-03-25,528.4338989257812,531.6808046027446,525.186993248818,531.6808046027446,1785100
2019-03-26,540.6100463867188,543.0452267758482,534.9279588120836,536.5514124048365,3202300
2019-03-27,543.0747680664062,548.8259380761866,537.3235980566259,546.3611509291379,2443800
2019-03-28,539.788330078125,545.5394995005707,535.6803519192351,544.7179038687927,1881000
2019-03-29,543.8963012695312,546.3610881332905,540.609918784519,545.5394925120374,2748500
2019-04-01,548.00439453125,552.9339692946495,545.5396071495502,550.4691819129497,2300600
2019-04-02,534.0371704101562,553.7554659329928,534.0371704101562,553.7554659329928,2237200
2019-04-03,519.2484130859375,529.1075601698477,519.2484130859375,529.1075601698477,2442600
2019-04-04,505.28143310546875,513.4973913673463,503.63824145309326,510.2110080625953,2565100
2019-04-05,512.6756591796875,515.1404460026667,502.81651188777045,502.81651188777045,2558200
2019-04-08,516.78369140625,517.6052871000596,510.21092585577304,513.4973086310115,1247200
2019-04-09,511.85406494140625,515.9620429906952,511.03246933154844,514.3188517709796,1250300
2019-04-10,513.4971923828125,517.605169921875,506.92442832031253,507.74602382812503,1445700
2019-04-11,513.4971923828125,514.318787890625,510.2108103515625,514.318787890625,1466800
2019-04-12,515.1405639648438,517.6053513522354,506.1030102110746,511.854180781655,2553500
2019-04-15,520.8916625976562,524.178045326979,518.4268755506642,520.8916625976562,1904500
2019-04-16,529.92919921875,530.7507948764535,523.3564339571221,525.8212209302326,2439500
2019-04-17,519.2484130859375,525.8211778085443,519.2484130859375,524.9995822182185,2026300
2019-04-18,506.1028747558594,515.9620216666877,504.45968360405465,515.1404260907855,2561200
2019-04-19,501.9951171875,506.1030968698854,497.06554156863746,503.63830906045416,1791400
2019-04-22,507.7461242675781,509.38931560824994,496.24378488287573,498.7085718938834,1540700
2019-04-23,511.03253173828125,516.7837017096124,507.7461488975206,507.7461488975206,2085500
2019-04-24,505.28143310546875,514.3189871935341,502.8166456269055,514.3189871935341,2880300
2019-04-25,517.6051635742188,520.8915455651662,506.92442210363964,510.21080409458705,2590000
2019-04-26,514.31884765625,517.605230069389,509.38927403654156,516.7836344661042,1971200
2019-05-07,505.28143310546875,516.7837746720973,501.9950498007177,513.4973913673463,3946500
2019-05-08,491.3143005371094,498.7086629197749,488.84951307622083,495.4222796385902,2713900
2019-05-09,492.9574279785156,495.4222151184082,485.5630665588379,489.6710451253255,2318700
2019-05-10,490.49273681640625,497.88709968298525,487.20635332014893,491.3143326904706,2691300
2019-05-13,511.03253173828125,515.140510289232,502.8165746363796,506.92455318733045,4518000
2019-05-14,516.78369140625,517.6052871000596,502.81656461148646,502.81656461148646,4392500
2019-05-15,529.1075439453125,529.929139510445,515.1404193380604,519.2483971637228,3582400
2019-05-16,527.4644165039062,529.1076078325789,512.6756945458528,516.7836728675344,2595300
2019-05-17,524.1779174804688,529.929085854079,520.8915355526915,525.8211084443574,2649000
2019-05-20,529.1075439453125,532.3939262058424,521.7131838591202,521.7131838591202,2476700
2019-05-21,515.9620971679688,528.2860326098788,515.1405014718414,525.8212455214968,2638700
2019-05-22,533.2156372070312,533.2156372070312,512.67574363203,515.9621266040302,3734900
2019-05-23,524.9996948242188,532.3940567231514,520.8917159914785,529.9292694235072,2690300
2019-05-24,520.8916625976562,523.3564496446484,514.3188971390108,523.3564496446484,2672000
2019-05-27,521.7133178710938,528.2860840804934,519.2485305425689,527.4644883043185,1525600
2019-05-28,523.3565063476562,527.4644852043882,520.0701232622706,520.0701232622706,2420200
2019-05-29,512.6756591796875,519.2484240409656,509.38927674904846,515.9620416103265,2452900
2019-05-30,497.8869934082031,508.56773749121743,497.8869934082031,505.28135469644377,2946800
2019-05-31,497.8869934082031,504.4597589977504,496.24380201081635,497.06539770950974,3136900
2019-06-03,496.2437744140625,501.9949439850864,492.95739180204885,492.95739180204885,2571400
2019-06-04,487.20623779296875,501.9949600193995,487.20623779296875,501.9949600193995,3076800
2019-06-05,503.6382141113281,503.6382141113282,492.95746895072904,496.24385207706723,2996400
2019-06-06,494.6006164550781,501.9949778306524,492.1358293298867,497.0654035802695,2775000
2019-06-07,503.6382141113281,506.1030014560818,498.70863942182086,499.5302352034054,1488300
2019-06-10,508.5677185058594,511.0325055099265,505.2813358337698,509.38931417388176,1922700
2019-06-11,507.7461242675781,510.2109112785858,506.10293292690636,507.7461242675782,1525300
2019-06-12,500.351806640625,506.1029768318965,499.5302108990148,502.8165938654557,2393100
2019-06-13,497.8869934082031,505.28135469644377,497.06539770950974,499.53018480558995,2081600
2019-06-14,498.70855712890625,501.99493971295175,497.06536583688353,499.5301527749176,2346700
2019-06-17,493.7790222167969,498.7085964818564,493.7790222167969,495.42221363848336,1519100
2019-06-18,491.3143005371094,498.7086629197749,490.4927047168132,495.4222796385902,1446400
2019-06-19,505.28143310546875,505.28143310546875,497.88707066977895,498.7086664959667,2250700
2019-06-20,519.2484130859375,521.713199856915,506.1028836407239,506.92447923104976,3323900
2019-06-21,511.03253173828125,520.070084550373,511.03253173828125,519.2484888401829,3051600
2019-06-24,499.53021240234375,510.2109570754202,499.53021240234375,508.5677655872546,1866200
2019-06-25,495.4222106933594,501.99497634103244,493.7790192814411,501.1733806350733,1953000
2019-06-26,488.02783203125,494.6005974458123,488.02783203125,492.13581041535144,1971600
2019-06-27,487.20623779296875,488.0278334722149,483.098259396738,486.38464211372263,2760300
2019-06-28,488.84942626953125,489.6710219439338,484.74144789751836,488.84942626953125,2769200
2019-07-01,502.81658935546875,504.45978082395067,497.065419215782,500.35180215274585,2609700
2019-07-02,510.2109375,511.85412892512073,506.102958937198,506.102958937198,1944400
2019-07-03,511.03253173828125,511.03253173828125,503.6381703465698,504.4597660567599,1456300
2019-07-04,518.4268188476562,519.2484144401247,510.2108629229707,512.6756497003763,1559200
2019-07-05,527.4644165039062,529.1076078325789,519.2484598605432,519.2484598605432,2200400
2019-07-08,524.1779174804688,528.2858948901903,522.5347265165801,522.5347265165801,1745700
2019-07-09,524.1779174804688,532.3938722999119,522.5347265165801,525.8211084443574,2253000
2019-07-10,525.8212890625,528.2860763549804,518.4269271850586,521.7133102416992,2074700
2019-07-11,531.5724487304688,533.2156402257716,529.1076614875144,531.5724487304688,1907800
2019-07-12,532.3939819335938,533.2155775847258,529.1075993290654,533.2155775847258,1721700
2019-07-16,534.8587646484375,536.50195593768,529.1075951360888,532.3939777145738,2120700
2019-07-17,534.0371704101562,537.3235529972957,533.2155747633714,535.6803617037259,2921200
2019-07-18,532.3939819335938,535.6803645381221,529.9291949801975,532.3939819335938,2821900
2019-07-19,534.8587646484375,535.6803602930588,526.642808202225,534.0371690038163,2073000
2019-07-22,524.9996948242188,534.0372482562476,521.7133117580265,533.2156524896996,2128300
2019-07-23,527.4644165039062,528.2860121682426,515.9620772031981,520.8916511892158,2162100
2019-07-24,525.8212890625,528.2860763549804,520.891714477539,525.8212890625,1641000
2019-07-25,527.4644165039062,530.7507991612515,525.8212251752336,530.7507991612515,1478000
2019-07-26,527.4644165039062,529.9292034969152,523.3564381822248,526.6428208395699,926000
2019-07-29,527.4644165039062,529.9292034969152,525.8212251752336,528.2860121682426,1187800
2019-07-30,530.7507934570312,534.8587717345624,527.4644108350063,533.21558042355,1739200
2019-07-31,520.070068359375,529.9292165747187,519.2484726747631,529.9292165747187,2120800
2019-08-01,517.6051635742188,520.8915455651662,515.1403770810082,517.6051635742188,1488400
2019-08-02,512.6756591796875,512.6756591796875,506.9244899260692,509.38927674904846,2127600
2019-08-05,497.06536865234375,515.1404729669745,494.6005817003487,514.3188773163095,3109300
2019-08-06,497.06536865234375,497.0653686523438,478.16866868704807,483.09824259103823,2645800
2019-08-07,493.7790222167969,501.1733836143862,492.9574265059536,493.7790222167969,2309300
2019-08-08,494.6006164550781,497.0654035802695,488.8494464962981,492.1358293298867,2029300
2019-08-09,496.2437744140625,503.63813529109325,492.95739180204885,501.173348332083,2040800
2019-08-13,486.384521484375,492.9572852882179,483.9197350579339,489.67090338629646,2284400
2019-08-14,495.4222106933594,496.2438063993185,490.49263645760453,492.9574235754819,2365500
2019-08-15,490.49273681640625,491.3143326904706,483.09837394982725,484.74156569795593,1584300
2019-08-16,502.81658935546875,502.81658935546875,491.3142490760953,491.3142490760953,1852200
2019-08-19,515.1405639648438,517.6053513522354,508.5677975984662,510.21098919006056,2389600
2019-08-20,524.9996948242188,525.8212905907668,513.4973540925457,516.7837371587381,2109100
2019-08-21,530.7507934570312,535.6803673900687,523.3564325574752,524.1780282129813,3288100
2019-08-22,524.9996948242188,532.3940567231514,522.5349075245746,529.9292694235072,2653800
2019-08-23,531.5724487304688,534.037235973423,525.8212784969088,525.8212784969088,1954300
2019-08-26,528.2860107421875,530.7507977285429,515.1404801482917,515.9620758104102,3038300
2019-08-27,534.8587646484375,535.6803602930588,527.4644038468463,529.92919078071,3712100
2019-08-28,539.788330078125,542.2531169734589,532.3939693921233,536.5019475510131,3901100
2019-08-29,538.9667358398438,545.5395009110613,537.3235445720393,544.7179052771592,2280500
2019-08-30,541.4315185546875,542.2531141822363,537.3235404169433,542.2531141822363,1752500
2019-09-02,540.6099853515625,543.8963682412376,537.3236024618874,538.1451981843061,2214200
2019-09-03,534.0371704101562,541.43153123122,534.0371704101562,538.1451486440806,1859600
2019-09-04,529.92919921875,533.2155818495639,525.8212209302326,532.3939861918604,1743700
2019-09-05,538.9667358398438,542.2531183754526,533.2155664025283,534.8587576703327,2203200
2019-09-06,543.0747680664062,544.7179594977721,537.3235980566259,542.2531723507233,2739600
2019-09-09,548.00439453125,548.8259903251499,543.8964155617504,545.5396071495502,1437200
2019-09-10,536.5020751953125,551.2908000858417,532.3940960590543,551.2908000858417,3262300
2019-09-11,541.4315185546875,543.0747098097852,528.285988513906,534.0371579067479,2767100
2019-09-12,541.4315185546875,544.7179010648829,538.1451360444921,538.966731672041,2718300
2019-09-13,552.933837890625,556.2202202852201,543.8962863054885,547.1826687000836,4399600
2019-09-17,559.5066528320312,566.079418210381,553.7554831259752,554.5770787982689,3541000
2019-09-18,551.290771484375,565.2578998230254,551.290771484375,563.6147082537724,3505800
2019-09-19,560.3281860351562,563.6145683579431,552.9338258088858,557.0418037123694,2041500
2019-09-20,562.7931518554688,566.9011310660926,560.3283643290944,565.257939381843,2370400
2019-09-24,561.1498413085938,565.2578196490666,558.68505430431,559.5066499724046,1899100
2019-09-25,569.3658447265625,570.1874404620987,558.6851001645924,562.7930788422732,2597900
2019-09-26,573.473876953125,580.0466434511551,571.0090895163637,571.0090895163637,4201300
2019-09-27,572.6426391601562,575.1360033364704,566.8247894154232,574.3048819443657,2436400
2019-09-30,572.6426391601562,572.6426391601562,564.331425239109,570.9803963759467,2754800
2019-10-01,573.473876953125,576.7983631963316,569.3182691491169,571.8116338315217,2589700
2019-10-02,570.1493530273438,572.6427175449561,566.8248670038607,566.8248670038607,2074400
2019-10-03,565.16259765625,566.8248405905331,561.0069903205423,561.8381117876838,2045600
2019-10-04,579.2916259765625,580.1227473911631,564.3314405137531,564.3314405137531,2158700
2019-10-07,582.6160888671875,587.6028171599166,576.7982391923368,582.6160888671875,2366300
2019-10-08,585.9406127929688,587.6028556661403,582.6161270466257,585.109491356383,3930400
2019-10-09,590.9273681640625,591.7584896382735,583.447274896163,584.278396370374,2526100
2019-10-10,588.4338989257812,591.7583842304467,582.6160496426168,590.0961415781139,2664300
2019-10-11,592.589599609375,594.2518425255304,584.2783850285983,591.7584781512974,3222100
2019-10-15,604.2254028320312,605.0565244315251,595.0830652375988,595.9141868370926,3225100
2019-10-16,604.2254028320312,614.1988620259574,602.5631596330435,606.7187676305127,2641900
2019-10-17,595.9140625,606.7186410390516,595.0829410739191,605.0563981868897,2141500
2019-10-18,599.2385864257812,602.5630723421517,595.9141005094108,598.4074649466886,1912700
2019-10-21,605.8876342773438,609.2121206108271,597.5764184436352,600.9009047771186,3010900
2019-10-23,609.2119750976562,610.8742178673633,598.40739709456,609.2119750976562,2249800
2019-10-24,593.4207153320312,607.5497799827939,591.7584724319415,607.5497799827939,4426000
2019-10-25,600.0697021484375,600.9008236195573,588.4340015527614,593.4207303794798,2943400
2019-10-28,603.3941040039062,606.7185894254154,595.0828904501335,597.5762545162653,2100200
2019-10-29,601.73193359375,610.8742696013899,600.06969068327,605.8875408699499,4049000
2019-10-30,593.4207153320312,601.7319298324799,592.5895938819864,598.4074440323004,2383400
2019-10-31,599.2385864257812,601.7319508630592,591.7584931139477,600.0697079048739,4370300
2019-11-01,609.2119750976562,609.2119750976562,596.7451543248529,596.7451543248529,1661800
2019-11-05,616.6920776367188,622.5099274257444,610.0431064492609,613.3675920429898,4681600
2019-11-06,610.0431518554688,617.5232449981107,608.3809089348816,617.5232449981107,1789300
2019-11-07,610.0431518554688,610.0431518554688,601.7319372525332,610.0431518554688,1665300
2019-11-08,609.2119750976562,612.5364606370705,600.9007612491207,610.8742178673633,5830100
2019-11-11,585.9406127929688,606.718648707613,585.109491356383,600.9007986515127,3429800
2019-11-12,589.2650756835938,592.5895613009906,585.9405900661969,588.4339542792445,2705500
2019-11-13,588.4338989257812,592.5895055566131,585.9405349472822,591.7583842304467,3309900
2019-11-14,585.1095581054688,590.9274088252674,580.1228289170699,590.0962872938677,2325400
2019-11-15,577.6293334960938,589.2650323003315,575.1359694666141,585.9405469276923,4053100
2019-11-18,579.2916259765625,580.9538688057636,574.3048974889595,577.6293831473615,3222800
2019-11-19,582.6160888671875,583.447210249309,575.1359964280938,581.784967485066,2320200
2019-11-20,581.7850341796875,582.616155657087,575.9671838378906,581.7850341796875,3286300
2019-11-21,595.9140625,596.7451839260808,581.7849982566248,582.6161196827057,5175600
2019-11-22,581.7850341796875,595.0829778180804,580.9539127022879,595.0829778180804,3188200
2019-11-25,595.9140625,596.7451839260808,585.9406053870292,586.7717268131101,1711600
2019-11-26,610.0431518554688,612.5365162363494,600.0696943319462,600.0696943319462,7182600
2019-11-27,616.6920776367188,619.1854418320155,610.8742278476931,615.0298348398543,2341000
2019-11-28,622.5099487304688,623.3410701573453,612.5364916079512,615.0298558885806,2813300
2019-11-29,624.1722412109375,629.1589701686814,620.016633746151,623.3411197179802,3058900
2019-12-02,618.354248046875,625.8343397571194,617.5231267457367,625.8343397571194,1566400
2019-12-03,614.1988525390625,616.6922172990315,607.5498798458115,614.1988525390625,2628600
2019-12-04,614.1988525390625,620.0167036456571,610.8743661924369,612.5366093657497,2732800
2019-12-05,617.5232543945312,624.1722261780525,615.861011448651,621.678861759232,1997900
2019-12-06,625.0033569335938,626.6655999041618,617.5232635660375,625.8344784188778,2123900
2019-12-09,623.3411254882812,628.3278544921875,618.354396484375,627.4967329915364,2252700
2019-12-10,625.83447265625,626.6655941338811,619.1855008352009,622.5099867457254,3390200
2019-12-11,622.5099487304688,626.6655558648511,620.0165844498393,620.8477058767158,1621700
2019-12-12,616.6920776367188,628.3277772147701,615.0298348398543,626.6655344179056,1898200
2019-12-13,623.3411254882812,625.8344899902344,619.185517985026,625.0033684895833,4528000
2019-12-16,635.807861328125,642.4568324269812,627.4966474545547,627.4966474545547,3059400
2019-12-17,636.6390380859375,637.4701595455797,626.6655805702309,636.6390380859375,2681200
2019-12-18,640.7945556640625,646.6124050669788,633.3144635745988,646.6124050669788,3405100
2019-12-19,644.1190795898438,647.4435651619203,635.8078656596522,640.7945940177672,2943400
2019-12-20,645.78125,649.9368564993565,640.7945222007722,649.1057351994853,3277700
2019-12-23,634.9767456054688,645.7813237374991,633.3145028159257,644.1190809479559,3097500
2019-12-24,637.4701538085938,638.3012752607561,634.145667999944,634.145667999944,902500
2019-12-25,629.9900512695312,637.4701442265574,627.4966869505225,636.6390227868878,865200
2019-12-26,636.6390380859375,640.7946453841486,629.9900664087997,629.9900664087997,3406100
2019-12-27,634.1456909179688,638.3012983289647,633.3145694357696,634.9768124001679,1394800
2019-12-30,627.4967041015625,634.9767972630381,624.1722182520177,634.9767972630381,1419100
2020-01-06,624.1722412109375,626.6656056898095,617.523269267279,620.016633746151,2385900
2020-01-07,627.4967041015625,628.3278255639486,620.0166109400869,620.0166109400869,2295200
2020-01-08,601.73193359375,606.7186623251899,598.4074477727901,603.3941765042299,4398900
2020-01-09,605.056396484375,614.19873214554,601.7319107894059,613.3676107217977,3364600
2020-01-10,610.8742065429688,610.8742065429688,605.8874783262914,605.8874783262914,1776700
2020-01-14,613.3676147460938,620.847707608851,611.7053718877032,619.1854647504605,1759100
2020-01-15,615.8609619140625,617.5232047262463,608.3808692592359,609.2119906653277,2562900
2020-01-16,623.3411254882812,625.0033684895833,619.185517985026,622.5100039876302,2419200
2020-01-17,626.6655883789062,630.821195728899,625.0033454389092,625.8344669089078,1908200
2020-01-20,636.6390380859375,639.1324024648642,626.6655805702309,627.4967020298732,1619300
2020-01-21,639.9635009765625,641.6257438362419,634.1456509676847,640.7946224064021,1571000
2020-01-22,639.9635009765625,644.1191081257609,637.4701366870434,643.2879866959212,1368500
2020-01-23,635.807861328125,641.6257110396242,630.8211330039828,635.807861328125,1905100
2020-01-24,635.807861328125,636.638982715482,629.1588902292688,636.638982715482,1271300
2020-01-27,639.1323852539062,642.4568710029513,631.6522923185549,634.9767780676,1849300
2020-01-28,635.807861328125,643.2879538143383,633.3144971660539,639.9634682649101,1953000
2020-01-29,642.4568481445312,647.4435765906725,634.9767554753194,643.2879695522214,2256700
2020-01-30,639.9635009765625,651.5992009943182,637.4701366870434,647.4435938451197,2821300
2020-01-31,644.9503784179688,653.2615946346951,644.9503784179688,646.612621661314,3461200
2020-02-03,640.7945556640625,644.9501623804313,629.15885685823,633.3144635745988,3101900
2020-02-04,647.443603515625,650.7680892846398,633.3145389973123,637.4701462085808,2435700
2020-02-05,663.23486328125,664.8971060463659,654.9236494556704,656.5858922207864,2707800
2020-02-06,665.728271484375,673.2083644224017,663.2349071716994,669.0527572346091,3254700
2020-02-07,664.8970947265625,667.3904588317871,661.5726092529297,664.8970947265625,1843500
2020-02-10,664.8970947265625,670.71494430542,663.2348519897462,664.8970947265625,2166600
2020-02-12,651.5992431640625,670.715037287498,642.4569068441585,663.2349439348493,3518100
2020-02-13,650.7680053710938,654.0924907114313,644.1190346904184,653.2613693763469,1805300
2020-02-14,649.1058959960938,651.5992605133642,643.2880454557959,649.9370175018506,2274600
2020-02-17,649.93701171875,651.5992547154732,640.7946752367727,646.6125257253037,1566200
2020-02-18,647.443603515625,655.754817938162,644.950239188864,647.443603515625,1736900
2020-02-19,654.092529296875,656.5858934492137,646.6124368398586,649.1058009921974,1680300
2020-02-20,649.93701171875,663.2349556925352,649.1058902203885,656.5859837056425,1859300
2020-02-21,645.78125,651.5990990990991,641.6256435006435,649.1057351994853,1915700
2020-02-25,623.3411254882812,632.4834619954427,620.016639485677,625.0033684895833,3552800
2020-02-26,615.0299682617188,624.1723056277714,607.5498740531303,624.1723056277714,3357600
2020-02-27,591.7584228515625,615.0298215030284,589.265058710334,610.0430932205714,3678400
2020-02-28,565.99365234375,579.2915942490364,561.0069241292676,579.2915942490364,6108100
2020-03-02,592.589599609375,598.4074498159187,557.6824983701131,557.6824983701131,5601800
2020-03-03,589.2650756835938,612.5364750053718,589.2650756835938,602.5630181531812,6151800
2020-03-04,608.380859375,610.8742235527664,579.2916106343921,581.7849748121585,5923200
2020-03-05,609.2119750976562,610.8742178673633,601.7318826339742,609.2119750976562,4429000
2020-03-06,589.2650756835938,601.731896748832,586.771711470546,601.731896748832,3855500
2020-03-09,529.4244384765625,565.1626658776491,525.2688306392268,563.5004227427148,5968400
2020-03-10,526.9309692382812,527.7620906408654,485.3748991090793,512.8019053943526,8392600
2020-03-11,509.4774475097656,526.0998764660386,507.81520461413834,523.6065121225977,4454200
2020-03-12,475.4014892578125,495.3484048910074,468.75251738008086,492.8550404368581,6648400
2020-03-13,428.8586730957031,444.6499808259712,400.600543473118,417.22297266287393,8387200
2020-03-16,396.4449157714844,422.2096796895473,393.95155152134924,416.39182977256536,10090300
2020-03-17,392.2893371582031,394.78270158929337,364.03120693918,387.3026082960225,11132700
2020-03-18,374.004638671875,399.76940266927085,373.1735172526042,389.79594563802084,8127500
2020-03-19,358.21331787109375,381.4847167119073,353.2265895480623,378.16023116321963,8682800
2020-03-23,368.1867980957031,371.51128385728964,353.226612168564,360.70670513213355,7548500
2020-03-24,420.5474548339844,421.37857628622544,381.4847465786538,387.3025967443413,7688200
2020-03-25,503.65960693359375,503.65960693359375,447.1433474096922,462.10353375425433,9327100
2020-03-26,448.8055419921875,488.69936794704864,446.31217787000867,487.0371251989294,7272400
2020-03-27,457.11676025390625,474.57030928178267,434.67648293235084,469.58358098810373,5201000
2020-03-30,441.0923767089844,441.0923767089844,414.1039330097731,421.6944328001763,8111100
2020-03-31,436.8753967285156,443.6225071027012,426.7547311672373,441.93572950915484,5563700
2020-04-01,403.9832763671875,432.65849848928434,398.07955416557934,428.4415540595642,6877200
2020-04-02,383.7419738769531,397.2361971341647,371.934528526893,393.8626413198618,7524100
2020-04-03,366.8741760253906,382.8985653230514,360.12706474216503,378.6816207710354,7280000
2020-04-06,385.4287109375,391.3324329868709,361.8138227400164,361.8138227400164,7096500
2020-04-07,405.6700134277344,414.94729024209005,389.6456262029382,412.41712383817486,6193200
2020-04-08,408.2002258300781,414.9473370008232,387.95889231784287,398.92294797030365,5021500
2020-04-09,414.9473571777344,424.2246354886187,410.7304124909688,414.9473571777344,4587600
2020-04-10,420.0076904296875,428.4415797957455,405.6700785073889,421.6944683028991,4232000
2020-04-13,415.7907409667969,429.2849637973623,413.26057418606587,415.7907409667969,3338200
2020-04-14,430.1283874511719,433.5019434311811,414.94738554113053,414.94738554113053,3619600
2020-04-15,420.0076904296875,427.59819085913966,416.6341346832643,425.0680240493223,5071600
2020-04-16,405.6700134277344,412.41712383817486,403.1398470238192,409.04356863295465,6237600
2020-04-17,413.26055908203125,419.16428135463167,404.8266701211735,412.41717018594545,4218800
2020-04-20,423.3811950683594,424.22458390315694,403.1398630332187,404.8266407028138,3345100
2020-04-21,414.10394287109375,422.53783172793885,410.73038732835573,417.47749841383177,3617600
2020-04-22,409.8869934082031,411.5737711588542,403.9832712809245,405.67004903157556,3063400
2020-04-23,423.3811950683594,424.22458390315694,409.88697371159896,409.88697371159896,2685300
2020-04-24,417.47747802734375,424.22458878334123,414.103922649345,424.22458878334123,2395300
2020-04-27,431.8151550292969,431.8151550292969,420.00770938396454,420.85109835863113,2703500
2020-04-28,425.06805419921875,439.4056671384781,424.22466520279175,434.345333159916,3181500
2020-04-30,451.2130432128906,453.7432098103461,439.4055990914318,446.9960988837982,4596600
2020-05-01,430.9717712402344,450.369717890969,430.12838225541987,442.7792170276381,4095600
2020-05-07,423.3811950683594,431.8150834163347,421.69441739876436,422.53780623356187,2875300
2020-05-08,446.1526794433594,448.6828458674238,429.2849032829299,431.81506970699434,3189700
2020-05-11,468.0808410644531,473.14117448136614,452.0564519108953,453.74322971653294,2825900
2020-05-12,459.64697265625,463.02052841886467,450.36969430905964,463.02052841886467,2908400
2020-05-13,452.05645751953125,455.4300131726621,445.30934621326963,451.21306860624856,2755700
2020-05-14,435.1886901855469,448.68291313703673,433.5019123166107,446.15274633363236,2932800
2020-05-15,425.06805419921875,439.4056671384781,421.69449821351066,432.65855516706193,3823200
2020-05-18,432.65850830078125,433.50189720585104,420.8510636298048,425.9113970602233,4114600
2020-05-19,441.93572998046875,451.21300675486793,439.4055635874508,444.4658963734867,5054700
2020-05-20,443.62255859375,443.62255859375,434.3452807524358,438.56222522576047,2238500
2020-05-21,430.1283874511719,454.5866683062385,428.4416094611673,448.6829453412224,4491400
2020-05-22,414.9473571777344,429.2849691127374,412.41719036567497,427.5981912380311,5794600
2020-05-25,453.7431945800781,456.2733610926065,425.06797410475724,425.06797410475724,5705100
2020-05-26,466.3940124511719,472.297734127769,452.8997914760928,458.8035131526899,5438100
2020-05-27,463.0205078125,468.9242301343351,450.3696742657104,467.23745232809654,5737100
2020-05-28,467.2374267578125,470.6109821856667,459.64692704514044,469.7675933287032,4940700
2020-05-29,460.4903869628906,468.0808878468943,457.9602200015561,461.3337759500022,3666500
2020-06-01,463.0205078125,467.23745232809654,457.96017439378414,463.8638967156193,2156300
2020-06-02,485.7920837402344,487.47886180877686,462.17719078063965,464.70735788345337,4255500
2020-06-03,490.0089111328125,503.50313243767476,485.791966975043,502.6597436061209,4613400
2020-06-04,483.26177978515625,504.34649967107055,478.2014470125368,503.503110875634,3758100
2020-06-05,506.0332946777344,508.5634611511231,486.6353517150879,487.4787405395508,4372600
2020-06-08,516.1541137695312,526.274782666973,510.2503902460235,522.9012263678258,3311700
2020-06-09,520.3709106445312,522.9010771468547,511.09363346934515,516.1539664739921,3922400
2020-06-10,508.5635070800781,514.4672293844903,502.65978477566597,503.5031736762963,3874400
2020-06-11,478.2015380859375,497.5994840753142,475.67137121775795,495.0693172071346,5464200
2020-06-12,468.9241943359375,468.9241943359375,445.3093068513939,452.8998063999972,7846300
2020-06-15,439.4056091308594,465.55066456858805,436.87544247559526,463.02049791332394,6028400
2020-06-16,470.6110534667969,473.984609405627,448.68293986440136,453.7432737726465,5937400
2020-06-17,463.86383056640625,466.39399691495026,457.1167203036221,465.55060813210224,3040800
2020-06-18,453.7431945800781,457.9601387676253,446.1526950424932,457.11674993011593,3628400
2020-06-19,448.6828918457031,453.743225212384,446.9961140568095,452.0564474234904,5732200
2020-06-22,445.3092956542969,447.8394621068781,436.8754074790261,445.3092956542969,2804700
2020-06-23,446.9961242675781,456.27340231841464,443.62256861272846,449.52629100871536,2699500
2020-06-24,442.7791442871094,446.9960885184152,436.87542236328125,440.2489777483259,3322800
2020-06-25,421.6944274902344,430.12831604003907,413.2605389404297,429.2849271850586,4866200
2020-06-26,432.65850830078125,432.65850830078125,425.0680081551535,429.2849526805023,3507100
2020-06-29,417.47747802734375,424.22458878334123,415.7907003383444,421.69442224984215,3737500
2020-06-30,425.06805419921875,432.65855516706193,423.3812762063647,427.59822118849985,4317400
2020-07-01,414.9473571777344,425.91141336332487,412.41719036567497,421.6944686765593,3845600
2020-07-02,408.2002258300781,418.3208925861958,405.67005914104874,409.04361472642125,6361200
2020-07-03,398.9229736328125,414.10397474357495,392.1758620280292,409.04364103998745,5281200
2020-07-06,403.1399230957031,404.8267010166056,393.019255570288,394.7060334911905,5118300
2020-07-07,390.4890441894531,403.1398771545542,387.11548873209284,397.2361551041737,6410500
2020-07-08,391.3324279785156,398.07953880573143,385.42870600470184,387.9588725649077,6550600
2020-07-09,384.5853271484375,393.01921590169275,383.741938273112,390.4890492757162,4862000
2020-07-10,365.1874084472656,382.05518712843264,365.1874084472656,381.21179819437424,7718800
2020-07-13,374.4646911621094,376.151469050227,366.03080172152136,374.4646911621094,6873100
2020-07-14,374.4646911621094,377.8382469383446,366.87419066558016,369.40435749775656,4205500
2020-07-15,384.5853271484375,388.8022715250651,378.6816050211589,381.21177164713544,5458300
2020-07-16,392.17584228515625,401.4531202746976,387.95889774445567,393.8626201014365,7180900
2020-07-17,382.0552062988281,389.6457070862221,380.3684283460739,388.802318109845,3125000
2020-07-20,382.8985595703125,387.11550405897236,376.9948372861888,384.58533736577647,2786100
2020-07-21,378.6816101074219,382.0551656540359,375.3080545608079,378.6816101074219,2297600
2020-07-22,378.6816101074219,385.4287212006499,376.9948323341149,379.5249989940754,2747400
2020-07-27,374.4646911621094,376.9948579942858,367.71757960963896,375.3080801061682,3353100
2020-07-28,366.8741760253906,372.777898398213,366.8741760253906,371.0911205774066,2468400
2020-07-29,366.8741760253906,371.9345094878098,360.97045365256827,364.34400929418103,2968500
2020-07-30,356.7535400390625,369.4043747922208,355.9101510555186,367.717596825133,3562000
2020-07-31,339.8857116699219,360.12704437483035,339.0423228072173,354.22332233589873,6483000
2020-08-03,345.7894287109375,350.00637296350993,336.5121513552782,339.88570675733615,5392300
2020-08-04,364.3440246582031,366.03080255013924,350.84980152271413,350.84980152271413,4205800
2020-08-05,371.09112548828125,373.62129225297406,357.5969027432528,364.34401411576704,6453200
2020-08-06,364.3440246582031,373.6213030638518,362.657246766267,367.71758044207536,4679000
2020-08-07,372.77789306640625,376.9948375581077,364.34400408300337,371.09111526972566,4623300
2020-08-11,393.01922607421875,395.5493927656837,376.15144813111925,376.15144813111925,5368800
2020-08-12,395.54937744140625,398.9229328993287,390.4890442545226,398.0795440348481,4597600
2020-08-13,387.9588928222656,395.549392899223,380.36839274530826,394.7060040017833,5258200
2020-08-14,379.5249938964844,387.9588826497396,379.5249938964844,387.11549377441406,2863300
2020-08-17,378.6816101074219,387.1154989739569,378.6816101074219,382.0551656540359,2246100
2020-08-18,376.99481201171875,379.52497853528735,372.7778678057711,376.1514231705292,2893900
2020-08-19,391.3324279785156,391.3324279785156,373.6212620570742,377.83820632408407,3569200
2020-08-20,374.4646911621094,383.74196954675625,372.77791327399177,382.05519165863865,5148000
2020-08-21,381.2117919921875,384.5853476735343,376.1514584701673,376.994847390504,3394200
2020-08-24,372.77789306640625,382.89855984648966,371.934504168066,382.89855984648966,2543000
2020-08-25,385.4287109375,388.8022663942834,380.36837775232493,382.89854434491247,4381300
2020-08-26,380.3683776855469,382.89854427769023,377.8382110934036,381.21176654959464,2399700
2020-08-27,365.1874084472656,376.9948535240825,364.3440195132073,374.46468672190747,4162700
2020-08-28,371.93450927734375,380.36839837660324,366.87417581778806,368.56095363763995,6979100
2020-08-31,384.5853271484375,389.6456604003906,380.36838277180993,380.36838277180993,5592400
2020-09-01,379.5249938964844,382.05516052246094,375.3080495198568,378.6816050211589,3584100
2020-09-02,384.5853271484375,387.11549377441406,380.36838277180993,382.05516052246094,2823700
2020-09-03,390.4890441894531,396.39276623983363,385.4287110034127,394.70598851115346,3543500
2020-09-04,385.4287109375,387.1154886658917,378.68160002393324,381.2117666165208,3258400
2020-09-07,394.70599365234375,397.2361602783203,389.6456604003906,392.1758270263672,3545400
2020-09-08,406.513427734375,408.20020544281635,396.39276148372664,396.39276148372664,3715000
2020-09-09,394.70599365234375,400.60971577962243,393.01921590169275,397.2361602783203,4388900
2020-09-10,408.2002258300781,408.2002258300781,395.5493923849311,398.92294797030365,3378200
2020-09-11,408.2002258300781,410.7303925191075,400.6097257629899,408.2002258300781,3977500
2020-09-14,409.8869934082031,414.10393778483075,406.51343790690106,409.0436045328776,2679800
2020-09-15,410.73040771484375,412.4171855699355,403.1399073669308,410.73040771484375,3062000
2020-09-16,406.513427734375,411.5737608596992,405.67003888015427,411.5737608596992,2588400
2020-09-17,405.6700134277344,412.41712383817486,403.1398470238192,406.51340222903946,3370800
2020-09-18,409.8869934082031,411.5737711588542,404.82666015625,409.0436045328776,4062600
2020-09-23,399.7663269042969,405.67004903157556,396.3927714029948,403.139882405599,4335200
2020-09-24,384.5853271484375,398.07954915364587,383.741938273112,397.2361602783203,5171600
2020-09-25,380.3683776855469,387.95887746197684,375.3080445012602,387.1154885979291,4763000
2020-09-28,394.70599365234375,394.70599365234375,380.36838277180993,384.5853271484375,4309800
2020-09-29,393.847900390625,400.7123518135553,388.6995618234273,400.7123518135553,4187100
2020-09-30,386.9834899902344,396.42211169731326,386.125433471409,393.8479421408372,4319300
2020-10-02,387.8415832519531,398.99631905344734,382.6932436512635,388.69963985206806,5209600
2020-10-05,409.2929992675781,409.2929992675781,392.98992382505406,392.98992382505406,4635500
2020-10-06,411.86712646484375,415.29935251871746,406.7187873840332,413.5832394917806,3558800
2020-10-07,420.44775390625,423.021923828125,405.002734375,406.71884765625,4277200
2020-10-08,422.1637878417969,429.02823967662283,419.5896184037371,429.02823967662283,4295500
2020-10-09,420.44775390625,427.31220703125,416.157470703125,427.31220703125,4220900
2020-10-12,423.8799133300781,428.1701958536619,416.1574047876273,421.3057438159278,3207300
2020-10-13,424.7379455566406,430.74434074633047,419.58960682262074,429.0282278349905,3052700
2020-10-14,418.7315979003906,423.87993721883805,417.0154847942415,418.7315979003906,2084000
2020-10-15,416.157470703125,419.589697265625,413.58330078125,417.01552734374997,2424500
2020-10-16,408.4349060058594,416.1574147328609,408.4349060058594,416.1574147328609,1989500
2020-10-19,414.4412536621094,414.4412536621094,406.71874582989614,408.43485868149907,2060600
2020-10-20,405.002685546875,411.00908130710405,402.42851593534823,410.1510247699285,2447800
2020-10-21,414.4412536621094,417.01542293951377,402.4284637008888,403.2865201266903,2815900
2020-10-22,412.72515869140625,415.2993280803339,408.43487637652674,411.8671022284303,2320500
2020-10-23,419.5896301269531,421.30574313360734,415.2993476103176,418.731573623626,2180600
2020-10-26,417.01544189453125,426.45406300737045,412.7251595705134,419.5896112889419,2871300
2020-10-27,407.57684326171875,411.8671258223684,403.28656070106905,411.8671258223684,2634200
2020-10-28,394.70599365234375,402.4285022238027,389.5576546047045,401.5704457158628,3201400
2020-10-29,401.5704345703125,402.4284910544371,384.4093048878205,387.8415308243189,2912400
2020-10-30,389.55767822265625,401.5704700621214,386.125451982809,398.1382438222742,3891700
2020-11-02,404.14459228515625,405.0026487443604,389.55763247868566,389.55763247868566,3041800
2020-11-04,413.583251953125,417.8735346497342,405.00268655990664,411.0090823351595,4089000
2020-11-05,420.44775390625,421.30581054687497,408.43496093749997,413.58330078125,3134100
2020-11-06,405.002685546875,417.01547706733317,404.14462900969943,413.5832509186308,5005100
2020-11-09,411.0090637207031,414.4412897225462,405.8607247179386,412.7251767216246,3243000
2020-11-10,443.615234375,448.7635736520793,430.74438618230175,430.74438618230175,14076400
2020-11-11,447.9055480957031,460.776397178913,438.46692543468254,456.48611415117637,6901200
2020-11-12,420.44775390625,441.04111328125,417.873583984375,439.325,5826200
2020-11-13,401.5704345703125,416.15739480043067,399.8543216020633,416.15739480043067,5562900
2020-11-16,420.44775390625,426.454150390625,409.293017578125,412.72524414062497,4322300
2020-11-17,430.7443542480469,435.03463666087606,425.5960153526519,434.1765801783102,4315700
2020-11-18,417.01544189453125,427.312119472174,416.1573854297277,427.312119472174,2814200
2020-11-19,416.157470703125,417.01552734374997,411.009130859375,413.58330078125,3002700
2020-11-20,422.1637878417969,422.1637878417969,410.15099713085147,412.72516656891116,2532300
2020-11-24,447.0474853515625,448.76359853909247,434.1766364450876,435.0346930388526,5191400
2020-11-25,442.7572326660156,462.4925356724466,441.8991760135621,461.6344790199931,4420200
2020-11-26,437.60888671875,441.04111328125,432.460546875,436.750830078125,2737300
2020-11-27,453.911865234375,455.6279781464142,441.0410183940808,441.8990748501004,4565400
2020-11-30,434.1766357421875,450.47971099732894,432.46052255743575,449.62165440495306,7545300
2020-12-01,444.4732666015625,446.1893796000241,429.0282496154078,429.0282496154078,3239000
2020-12-02,463.3504638671875,465.9246331108941,441.89905350296584,446.18933557581016,5901700
2020-12-03,477.9375,482.2277827648115,466.7827648114901,467.6408213644524,6221900
2020-12-04,468.4988098144531,476.2213176685375,467.6407533862215,476.2213176685375,3429000
2020-12-07,464.2085876464844,481.36971842823976,464.2085876464844,480.51166188915204,3066300
2020-12-08,459.0602722167969,465.06666830187646,456.48610246604846,458.2022156332141,2604000
2020-12-09,458.2021484375,465.066600099485,455.6279790642556,456.48603552200376,3242500
2020-12-10,455.62799072265625,468.4988379182115,455.62799072265625,458.20216016176727,3267000
2020-12-11,447.9055480957031,460.776397178913,447.0474914901558,456.48611415117637,2964200
2020-12-14,459.0602722167969,461.6344419675453,448.7635932138033,449.6216497973861,2476100
2020-12-15,450.47967529296875,458.2021840122768,449.6216187686012,453.0538448660714,2155400
2020-12-16,453.911865234375,465.0665991626299,453.05380877835535,460.7763168825319,3061000
2020-12-17,441.04107666015625,454.76998177020005,441.04107666015625,452.1958120620668,3749400
2020-12-18,441.8990783691406,450.4796429976676,440.1829654434352,446.1893606834041,6550500
2020-12-21,450.47967529296875,451.3377318173363,441.0410535249256,444.4732796223958,4552800
2020-12-22,454.76995849609375,461.63441069980837,442.7571671395932,446.1893932414505,5719600
2020-12-23,457.3441467285156,459.9183164099144,451.3377508052518,458.2022032889819,4671400
2020-12-24,463.3504638671875,469.35685876916955,454.76989972149886,459.0601817943432,4133000
2020-12-25,459.9183044433594,469.35692636290594,458.2021913670782,467.6408132866248,1432500
2020-12-28,466.7826843261719,466.7826843261719,458.20212027605845,460.7762894910925,2299100
2020-12-29,476.22137451171875,477.9374875730222,467.64080920520126,471.93109185846004,3541000
2020-12-30,471.9310302734375,476.2213123668324,466.78269176136365,475.36325594815344,3356100
2021-01-04,456.4861145019531,470.21502020125996,453.9119446833331,470.21502020125996,4277300
2021-01-05,461.6344299316406,464.20859961527435,453.9119208807396,455.62803400316204,3427900
2021-01-06,469.3569641113281,471.07307732562913,457.344171611221,459.91834143267255,3126100
2021-01-07,465.0666198730469,477.9374672865076,465.0666198730469,476.2213542980462,3514600
2021-01-08,475.36334228515625,477.9375120087221,462.49249366732715,465.9247199654149,4448300
2021-01-12,476.22137451171875,481.36971369562923,468.49886573585303,475.363317981067,3144000
2021-01-13,477.9375,481.3697262118492,471.9311041292639,474.5052737881508,2693100
2021-01-14,474.50531005859375,482.2278196255509,471.07308358439053,473.6472534400429,2947800
2021-01-15,478.7955322265625,483.94387128276213,471.07302364226314,475.36330618909614,3473100
2021-01-18,465.9246520996094,479.65355529223143,465.0665956500705,476.2213294940759,2522600
2021-01-19,473.64715576171875,478.7954944113026,466.7827042289402,467.64076067053753,3095400
2021-01-20,482.227783203125,484.8019528643517,467.64082178950736,468.4988783432496,4563300
2021-01-21,499.388916015625,501.96308568580866,485.66001110797896,488.2341807781626,6726100
2021-01-22,484.8018798828125,497.67272625138276,484.8018798828125,491.6663312793833,4909400
2021-01-25,487.3760986328125,493.38249421455487,483.08581607442505,491.6663811911999,2014700
2021-01-26,486.5180358886719,490.80831839209935,483.0858098859299,486.5180358886719,2361800
2021-01-27,497.6727294921875,500.24689878266435,489.950221620757,491.6663344810749,2486100
2021-01-28,492.5244140625,495.0985834739765,482.2277364165941,483.9438493575784,4028000
2021-01-29,507.1113586425781,507.1113586425781,495.0985684209265,498.53079419854123,3868100
2021-02-01,513.1178588867188,516.5500853675665,501.963122823964,504.5372926845997,4322700
2021-02-02,529.4208984375,530.278954998987,515.6919934537075,517.4081065766815,4018500
2021-02-03,550.8722534179688,551.7303098874671,524.2725028635185,525.9886158025153,4731300
2021-02-04,557.7367553710938,560.3109250112681,550.8723029972957,552.5884160907452,4149100
2021-02-05,568.033447265625,570.6076169662244,557.7367684632269,557.7367684632269,4748600
2021-02-08,560.3109130859375,582.6203828259595,556.878686972088,572.3237044844109,6004500
2021-02-09,564.6011352539062,580.904207548472,553.4464015786771,558.5947401980136,5114100
2021-02-10,584.3365478515625,586.0526610611118,553.4465100796737,553.4465100796737,4628900
2021-02-12,594.63330078125,596.3494142034181,580.9043934039051,589.4849605147457,3174500
2021-02-15,593.7750854492188,601.497593785986,586.0525771124514,597.2073113766709,3413000
2021-02-16,601.4976196289062,606.6459587412792,592.917054441618,592.917054441618,5062800
2021-02-17,588.6267700195312,602.3556742765466,585.1945439552775,600.6395612444197,4821200
2021-02-18,580.0462646484375,597.207396738628,579.188208043928,589.4848872980423,3971800
2021-02-19,573.1817016601562,579.1880967374333,567.1753065828791,573.1817016601562,4785800
2021-02-22,581.7623901367188,592.0590696081651,580.9043335140982,585.1946166272008,3379800
2021-02-24,596.3492431640625,604.9298078139051,577.4720009344087,586.0525655842514,5033600
2021-02-25,599.781494140625,607.5040026488734,596.349268136959,602.3556636433744,3067100
2021-02-26,571.4656372070312,592.0589935027801,569.7495241823855,591.2009369904572,3916900
2021-03-01,580.0462646484375,585.1946042754946,568.0334721853042,579.188208043928,3116100
2021-03-02,572.32373046875,585.1945789800412,568.8915041990723,580.0462395755247,2129500
2021-03-03,575.755859375,578.3300286419523,567.1752951518256,573.1816901080476,2470800
2021-03-04,581.7623901367188,589.4848997403035,574.039880533134,579.1882202688572,3070200
2021-03-05,574.039794921875,581.7623033737387,565.4592299753597,580.9042468790873,2320400
2021-03-08,576.614013671875,588.6268056233724,574.0398439679827,581.7623530796595,2601200
2021-03-09,596.3492431640625,596.3492431640625,580.9042267943457,585.1945091192671,3578800
2021-03-10,600.6395263671875,603.2136957659039,586.0525664411272,595.4911875697544,2563800
2021-03-11,597.207275390625,602.3556139715787,592.0589368096713,600.6395011112608,3784700
2021-03-12,584.3365478515625,593.775170504084,572.3237553847168,593.775170504084,5051100
2021-03-15,590.3428344726562,595.491173145383,583.4783829090208,590.3428344726562,3399500
2021-03-16,592.0590209960938,597.2073603091033,585.1945685787477,590.3429078917572,3879000
2021-03-17,604.9298706054688,604.9298706054688,584.3365133082614,588.6267960785129,3227300
2021-03-18,597.207275390625,605.7878396922144,594.6331061001482,605.7878396922144,2225700
2021-03-19,601.4976196289062,601.4976196289062,590.3428848854315,596.3492805165333,3390500
2021-03-22,582.6204833984375,596.349390223732,580.0463133686948,593.7752201939893,3317400
2021-03-23,578.3300170898438,592.0589195726886,578.3300170898438,582.6202991157328,2874200
2021-03-24,564.6011352539062,575.7558689291354,562.8850223807941,569.7494738732428,2852000
2021-03-25,580.9042358398438,588.6267441449525,573.181727534735,573.181727534735,3188800
2021-03-26,585.194580078125,592.059032630361,581.7623538020069,587.7687497852135,2173200
2021-03-29,574.039794921875,584.3364728576934,568.8914559539658,583.4784163630418,4256400
2021-03-30,587.0664672851562,587.9349088048089,574.9082860100199,578.3820520886303,2718300
2021-03-31,568.8291015625,588.8032532204198,568.8291015625,580.1188394561069,3125200
2021-04-01,567.0923461914062,574.9083203349326,562.7501383338916,571.4345540489209,2597900
2021-04-02,558.4078369140625,562.7500440440319,553.1971883580993,558.4078369140625,2960600
2021-04-05,562.75,569.6975308641976,560.144675925926,567.0922067901234,1723700
2021-04-06,554.93408203125,568.8291451181044,552.3287577024648,567.9607036751761,2114000
2021-04-07,565.35546875,567.0923519105223,556.6710529473886,556.6710529473886,3055700
2021-04-08,551.4603271484375,564.4869490495817,550.5918856883612,564.4869490495817,2448000
2021-04-09,556.6710205078125,566.2238773339996,556.6710205078125,562.7501112153861,2845300
2021-04-12,555.8025512695312,563.618524646759,553.1972268104554,558.4078757286072,1921700
2021-04-13,549.7234497070312,561.0131888005405,547.9865667695683,560.1447473318091,3084700
2021-04-14,531.4862060546875,542.7759457257838,529.749323028365,542.7759457257838,3402700
2021-04-15,540.1705932617188,544.5128006030509,532.3546200473209,536.696827388653,2271300
2021-04-16,541.0390625,544.5128285513644,534.9599719101124,541.0390625,2424600
2021-04-19,524.53857421875,544.5127252237686,524.53857421875,543.6442838757243,3746800
2021-04-20,509.77508544921875,516.7226164263801,507.1697613327832,515.8541750542349,4163900
2021-04-21,493.2746887207031,499.3537781943738,489.8009233071771,495.0115714274662,3989700
2021-04-22,500.2222900390625,503.6960559421115,492.40631675720215,501.95917299058704,3531800
2021-04-23,501.95916748046875,503.69605041292715,490.66942841948935,503.69605041292715,4165200
2021-04-26,512.3804321289062,514.1173149496822,501.09069379386256,505.43290084580246,2984100
2021-04-27,513.2489013671875,515.8542257396098,504.5644867924466,508.03825262234295,3168700
2021-04-28,541.0390625,541.9075040128411,528.0124398073837,539.3021794743178,5377500
2021-04-30,527.14404296875,534.0915756602657,523.6702766229922,534.0915756602657,4279300
2021-05-06,543.6443481445312,548.8549968487919,531.4861678345897,534.09149218672,4958000
2021-05-07,551.4603271484375,554.0656515286663,541.0390296275222,547.1181198480562,3963200
2021-05-10,558.4078369140625,561.8816026180381,552.3287469321054,554.0656297840932,2710900
2021-05-11,542.7760009765625,554.9341833984375,540.170676171875,554.065741796875,3594000
2021-05-12,523.6702270507812,534.0915251015431,514.1173705042496,516.7226950169401,11850700
2021-05-13,523.6702270507812,529.7493175803924,519.3280195296305,521.0649025380908,4465400
2021-05-14,531.4862060546875,534.9599721073325,524.5386739493974,528.8808815152037,3138900
2021-05-17,554.0656127929688,557.5393783904169,538.4336676044525,540.1705504031764,4456900
2021-05-18,553.197265625,557.53947336146,545.381291699372,556.671031814168,4512300
2021-05-19,538.4337158203125,548.855013545867,533.2230669575354,547.118130591608,4316100
2021-05-20,535.828369140625,538.4336934638371,528.0123961709886,532.3546033763422,3323200
2021-05-21,540.1705932617188,546.2496835395838,530.6177371107881,531.4861785790545,3760800
2021-05-24,544.5128173828125,549.7234663529829,537.5652854225852,539.302168412642,5573400
2021-05-25,549.7234497070312,550.5918911757627,539.3021520822534,540.1705935509849,4871600
2021-05-26,546.2496948242188,550.5919022552539,543.6443703655976,545.3812533380117,4758900
2021-05-27,555.8025512695312,557.5394342422486,541.0390460014344,543.6443704605102,39668900
2021-05-28,575.7766723632812,577.513555236172,554.0656364521469,555.8025193250377,5510000
2021-05-31,564.4869384765625,572.3029114708534,560.144731257512,572.3029114708534,3696400
2021-06-01,574.039794921875,574.9082363665374,557.5394074732885,568.8291462539003,3323300
2021-06-02,607.908935546875,609.6458182198661,577.5134887695312,577.5134887695312,6965900
2021-06-03,606.1722412109375,611.3828908488539,600.0931499667017,602.69847478566,4773700
2021-06-04,599.224609375,600.9614923007247,588.8033118206522,600.0930508378623,4074000
2021-06-07,613.988037109375,614.8564784631365,598.3560927416681,601.8298581567141,3966000
2021-06-08,628.7515869140625,634.8306768427897,618.3302898933874,618.3302898933874,4275800
2021-06-09,638.304443359375,647.8572989742772,633.9622362616922,635.6991191007653,4521800
2021-06-10,634.8306884765625,647.8573099911295,631.3569227393447,640.9097785166938,2675500
2021-06-11,633.0938110351562,641.7782254526481,632.2253695934071,635.6991353604038,3285000
2021-06-14,617.4619140625,637.4360688071379,614.8565895305908,633.9623027645921,3477200
2021-06-15,633.0938110351562,636.567576802153,620.9356308506677,623.5409551759152,3039000
2021-06-16,633.9622802734375,645.2520195111836,633.0938387936109,633.0938387936109,2705100
2021-06-17,632.225341796875,640.0413144289791,629.6200175861736,636.5675488147107,2010200
2021-06-18,620.0671997070312,634.8307044619606,618.3303167946866,630.488497181099,4721400
2021-06-21,604.4352416992188,606.1721245776648,597.4877101854346,601.8299173815496,4557800
2021-06-22,623.5409545898438,627.8831617945084,617.4618645033132,623.5409545898438,2877800
2021-06-23,614.8565673828125,621.8040992176466,613.119684424104,621.8040992176466,2815700
2021-06-24,609.6459350585938,618.3303500879184,608.7774935556613,611.3828180644587,3400600
2021-06-25,601.8298950195312,615.7249575308048,600.0930122056221,613.9880747168955,4781900
2021-06-28,599.224609375,601.829933763587,592.2770776721014,599.224609375,3230400
2021-06-29,586.1979370117188,586.1979370117188,578.3819645182292,584.4610542353878,5211300
2021-06-30,580.1189575195312,595.7509054766444,580.1189575195312,594.0140223702984,4704600
2021-07-01,574.039794921875,577.5135607005247,569.6975876985628,577.5135607005247,3883700
2021-07-02,574.039794921875,580.1188850345121,573.1713534772125,574.039794921875,2755000
2021-07-05,586.1979370117188,589.6717025643808,574.0397575774017,574.0397575774017,3966900
2021-07-06,583.5926513671875,589.6717414855957,582.7242099217007,588.8033000401089,1647700
2021-07-07,575.7766723632812,578.3819966726173,570.566023744609,574.9082309268359,2988200
2021-07-08,565.35546875,574.9083261328725,562.7501440092166,572.3030013920891,3430800
2021-07-09,563.6185302734375,566.2238547585227,552.3287908380681,556.6709983132102,4219700
2021-07-12,568.8291015625,576.6450739503816,568.8291015625,576.6450739503816,2605500
2021-07-13,572.3029174804688,575.7766832921864,569.6975931216806,573.1713589333981,1951500
2021-07-14,560.144775390625,568.8291905129603,558.407892366158,567.0923074884932,3502600
2021-07-15,559.2763671875,562.750133443323,557.5394840595885,559.2763671875,1858700
2021-07-16,562.75,565.355324074074,552.3287037037037,555.8024691358024,2100300
2021-07-19,548.85498046875,560.1447189910502,547.9865390439577,556.670953291881,2522000
2021-07-20,534.9598999023438,544.5127552577427,534.0914585063983,538.4336654861252,2863500
2021-07-21,540.1705932617188,552.3287738174488,536.696827388653,547.1181250078502,2442700
2021-07-26,539.3021240234375,554.065628223757,537.565241176341,554.065628223757,2812700
2021-07-27,551.4603271484375,552.3287686085138,542.7759125476747,547.9865613081324,2807300
2021-07-28,541.0390625,550.591919141252,538.4337379614767,544.5128285513644,2970000
2021-07-29,541.0390625,545.3812700642054,535.8284134229534,545.3812700642054,2420600
2021-07-30,534.0914916992188,538.433698948806,530.6177258995491,534.0914916992188,2544900
2021-08-02,537.565185546875,539.3020682142317,529.7492135437702,536.6967442131967,1707800
2021-08-03,531.4862060546875,541.0390626994613,529.749323028365,534.9599721073325,1909000
2021-08-04,532.3546142578125,537.5652630107437,529.7492898813468,536.6968215519219,1838100
2021-08-05,538.4337158203125,541.0390402517012,528.8808595718876,530.6177425261467,2261600
2021-08-06,538.4337158203125,546.2496891144783,534.9599499117944,541.0390402517012,1743000
2021-08-10,538.4337158203125,546.2496891144783,535.8283913889239,539.302157297442,2182400
2021-08-11,549.7234497070312,556.6709814568832,538.433710613522,542.7759179571793,4454800
2021-08-12,556.6710205078125,573.1714095712266,549.7234882705854,558.4079035671192,3704600
2021-08-13,544.5128173828125,561.8816472833806,542.7759343927556,560.1447642933239,2480800
2021-08-16,530.6177368164062,540.1705929620372,528.0124124130524,539.3021514942525,2687700
2021-08-17,517.5911254882812,528.0124233169043,516.7226840025627,527.1439818311858,3053300
2021-08-18,519.3280639648438,523.6702718575264,515.8542976506976,516.7227392292342,2017500
2021-08-19,508.90667724609375,517.5910915335697,508.90667724609375,511.5120015323365,2078400
2021-08-20,506.3013916015625,509.7751575816761,503.69606711647725,508.9067160866477,2403600
2021-08-23,509.77508544921875,514.1172923099446,503.69599584420246,503.69599584420246,1934100
2021-08-24,520.1964111328125,521.9332939746583,514.1173211863522,515.8542040281981,2020800
2021-08-25,528.0123901367188,533.2230387235943,524.538624412135,528.0123901367188,2352800
2021-08-26,534.9598999023438,536.6967826942345,528.8808101307262,534.0914585063983,2087000
2021-08-27,539.3021240234375,546.2496554118231,533.2230340586,534.9599169056964,2486200
2021-08-30,558.4078369140625,561.0131611920442,551.4603055061115,552.3287469321054,3282100
2021-08-31,553.197265625,556.671031814168,547.986616341248,553.197265625,3225200
2021-09-01,564.4869384765625,566.2238213641826,554.9340825946514,555.8025240384616,3036500
2021-09-02,564.4869384765625,566.2238213641826,559.276289813702,562.7500555889422,2181300
2021-09-03,573.17138671875,573.17138671875,561.0132057883523,562.7500887784091,3037400
2021-09-06,582.7242431640625,593.1455411044034,579.2504771839489,590.5402166193181,2914700
2021-09-07,591.4086303710938,592.2770718253831,585.3295401910678,587.0664230996466,2839300
2021-09-08,598.3561401367188,599.2245815592685,583.5926359533745,590.5401673337718,2813100
2021-09-09,600.9614868164062,606.1721355460282,595.7508380867841,600.9614868164062,2184200
2021-09-10,599.224609375,604.4352581521739,595.7508435235508,599.224609375,3360700
2021-09-13,612.2512817382812,612.2512817382812,596.6193341194315,600.0931002569537,3538400
2021-09-14,613.1196899414062,615.7250144029136,606.1721580440532,615.7250144029136,2442400
2021-09-15,595.750732421875,605.3035867318467,591.4085259173423,605.3035867318467,2773100
2021-09-16,576.6452026367188,595.7509171819112,574.9083194962467,595.7509171819112,3650700
2021-09-17,581.8557739257812,586.1979811938841,569.6975935750933,571.4344764823344,3091800
2021-09-21,576.6452026367188,580.1189689176629,566.2239037938865,567.0923453641225,2720200
2021-09-22,575.7766723632812,580.9873209819535,573.1713480539452,573.1713480539452,2563900
2021-09-24,590.5402221679688,591.408663671157,583.5926901424632,586.1980146520278,2097400
2021-09-27,605.3037109375,606.1721524166069,591.4086472717898,594.8824131882174,2476100
2021-09-28,604.4352416992188,608.7774488953338,595.7508273069885,607.9090074561108,2930200
2021-09-29,605.3138427734375,606.1923824581594,595.6499062414958,600.0426046651056,2459500
2021-09-30,606.1923828125,613.2207002943841,601.7996843863225,607.0709224977355,2997700
2021-10-01,585.9859619140625,601.7996760286849,583.3503428949588,601.7996760286849,2043800
2021-10-04,600.921142578125,608.8279997173108,595.6499044853344,598.2855235317297,2171100
2021-10-05,597.4070434570312,602.6782820757697,588.6216457591337,600.0426627664004,1977500
2021-10-06,583.3504028320312,604.4353571512613,578.0791642522237,592.1358004650438,3122700
2021-10-07,568.4151611328125,585.9859543672117,567.5366214710925,584.2288750437717,2712500
2021-10-08,583.3504028320312,594.7714197549475,571.0508461458137,571.0508461458137,3749900
2021-10-11,593.0142211914062,595.6498399522569,587.7429836697048,590.3786024305556,2222000
2021-10-12,592.1356811523438,595.6498394974615,585.9859040483876,593.0142207386232,2334200
2021-10-13,596.5283203125,602.678096810567,590.378543814433,591.2570833141568,1712700
2021-10-14,597.4070434570312,599.1641229966107,589.5001855289235,598.285583226821,1342200
2021-10-15,599.1640014648438,603.5566994227971,596.5283826900717,601.7996202396158,1367900
2021-10-18,599.1640014648438,601.7996202396158,597.4069222816623,600.921080648025,1470300
2021-10-19,589.5000610351562,600.9210756304723,588.6215214509011,597.4069172934519,1340500
2021-10-20,593.0142211914062,597.4069191261574,589.5000628436053,593.8927607783564,1385200
2021-10-21,591.2572021484375,602.6782179403093,590.3786624721397,600.9211385877136,1720600
2021-10-22,582.4717407226562,592.1356760890955,578.0790428288202,582.4717407226562,1883500
2021-10-25,590.3787231445312,597.4070412772043,585.1074845450265,585.1074845450265,2374300
2021-10-26,591.2572021484375,605.3138369692027,590.3786624721397,597.4069798825223,2118800
2021-10-27,585.9859619140625,590.3786602792354,583.3503428949588,588.6215809331662,1697800
2021-10-28,588.6215209960938,591.2571397468225,581.5932043274836,585.1073626617887,6874600
2021-10-29,578.9576416015625,588.621577956065,578.0791019329713,585.9859589502917,1871900
2021-11-01,589.5000610351562,592.1356797879215,584.2288235296257,588.6215214509011,2154300
2021-11-02,573.6864624023438,584.2289395062153,573.6864624023438,580.7147804715914,2316100
2021-11-04,578.9576416015625,579.8361812701536,569.29370524706,578.0791019329713,2216600
2021-11-05,556.9940795898438,572.8077916286721,551.7228422435676,564.0223960515452,4728400
2021-11-08,563.1438598632812,577.200492870789,556.1155433595274,563.1438598632812,3425300
2021-11-09,555.2369384765625,571.929188209244,554.3583990169477,566.657951451555,1752000
2021-11-10,553.47998046875,558.7512183779762,549.9658218625992,551.7229011656746,1819800
2021-11-11,549.9658813476562,564.0225172926442,547.330262107971,555.2371198270267,1670100
2021-11-12,573.6864624023438,573.6864624023438,550.8444286772888,550.8444286772888,2585800
2021-11-15,573.6864624023438,578.9577009542795,571.0508431263759,576.3220816783116,1779700
2021-11-16,574.56494140625,590.3786553899083,571.9293224089736,579.8361794008027,2949700
2021-11-17,564.0223999023438,578.9575724854276,563.1438603386329,578.0790329217168,2367000
2021-11-18,576.322021484375,578.0791008181689,565.779545481612,572.8078628167873,3136900
2021-11-19,568.4151611328125,584.2288750437717,567.5366214710925,574.5649387648522,1826200
2021-11-22,564.9010620117188,567.5366812746039,554.3585849601781,556.9942042230633,1594900
2021-11-24,556.9940795898438,576.3219498595229,554.3584609167057,565.7794751669707,2110100
2021-11-25,566.6580810546875,569.2937000363372,564.0224620730378,566.6580810546875,2143200
2021-11-26,542.0589599609375,562.265371758509,541.1804203175649,561.3868321151363,2725500
2021-11-29,515.7026977539062,528.8807905414848,513.9456187155624,527.123711503141,3643700
2021-11-30,514.8242797851562,528.8809154106896,513.0672003319646,523.6096770511145,5557200
2021-12-01,515.7026977539062,519.2168558305939,506.03876304301536,509.55292111970294,3960100
2021-12-02,509.552978515625,520.0954539331897,507.7958992793642,508.6744388974946,2945600
2021-12-03,532.39501953125,534.1520988036303,519.2169249883973,520.0954646245874,2674000
2021-12-06,526.2452392578125,530.6379374152233,520.9740014689196,526.2452392578125,1786500
2021-12-07,547.3302001953125,550.8443587840464,528.8808676044594,531.5164865460098,2935700
2021-12-08,537.666259765625,544.6945768867442,522.7310858832466,530.6379426445058,4545000
2021-12-09,536.7877807617188,542.9375589373849,532.3950820648143,532.3950820648143,2500700
2021-12-10,529.7594604492188,544.6946359511038,528.8809207138137,536.7877783324587,2092900
2021-12-13,533.2735595703125,540.3018766651437,532.3950199334587,535.0306388440204,2139100
2021-12-14,522.7311401367188,535.0306963752298,522.7311401367188,528.8809182559743,2688800
2021-12-15,546.4517211914062,546.4517211914062,528.8809262977919,531.5165455318341,3598700
2021-12-16,547.3302001953125,555.2370570199639,546.451660548129,552.6014380784135,2015100
2021-12-17,545.5731201171875,561.3868337437726,539.4233425957377,559.6297544519299,4467900
2021-12-20,523.6095581054688,541.1803486459207,520.0953999973783,536.7876510108077,3854700
2021-12-21,535.0306396484375,541.1804171156609,530.6379414575637,535.0306396484375,2185500
2021-12-22,538.5447387695312,544.6945155580903,535.0305806046404,543.8159760168676,1173400
2021-12-23,562.2653198242188,568.4150967597961,543.8159890174866,545.5730681419373,3972800
2021-12-24,564.0223999023438,565.7794790297653,555.2370042652356,562.2653207749221,2031600
2021-12-27,558.7512817382812,562.2654407429245,553.4800432313164,561.3869009917637,1239300
2021-12-28,571.05078125,572.8078605769231,565.7795432692308,566.6580829326923,2236800
2021-12-29,564.9010620117188,571.0508402917841,560.5083632402435,568.4152210288989,1567200
2021-12-30,564.9010620117188,568.4152210288989,556.9942042230633,561.3869029945386,1546500
2022-01-04,564.0223999023438,567.536558157187,555.2370042652356,556.9940833926572,1966400
2022-01-05,578.9576416015625,580.7147209387448,567.5366259098777,570.172244915651,2506800
2022-01-06,564.9010620117188,581.5933173433248,564.9010620117188,576.3220788175545,1983800
2022-01-07,573.6864624023438,577.2006214369676,566.6581443330961,573.6864624023438,2057500
2022-01-11,570.1721801757812,576.3219571576464,564.900942762754,565.7794823315918,2584800
2022-01-12,580.7147216796875,584.2288803585359,574.5649439917029,575.443483661415,2280500
2022-01-13,575.4435424804688,578.9577015185174,571.9293834424201,577.200621999493,1423000
2022-01-14,554.3585205078125,575.4434721594566,551.7229015513569,571.9293135508493,3769200
2022-01-17,564.0223999023438,576.3219537942952,558.7511625200789,558.7511625200789,2324000
2022-01-18,560.5082397460938,572.8077935963215,556.115541942441,568.4150957926688,2528900
2022-01-19,562.2653198242188,566.6580176353455,552.60138463974,552.60138463974,3174000
2022-01-20,565.7796630859375,567.5367427849621,554.3586450422773,556.115724741302,1802500
2022-01-21,569.293701171875,569.293701171875,557.8726855619454,563.1439235357591,1962400
2022-01-24,582.4717407226562,582.4717407226562,571.0507261986826,574.5648845137514,2533200
2022-01-25,572.8078002929688,581.5931960029836,565.7794837249569,581.5931960029836,2970000
2022-01-26,564.9010620117188,573.6864595546692,564.0225222574237,567.5366812746039,2086500
2022-01-27,552.6014404296875,573.686392051806,549.0872818260011,564.0224558916683,3041100
2022-01-28,568.4151611328125,568.4151611328125,556.115605868733,556.115605868733,3189400
2022-01-31,549.9658813476562,570.1722955185764,548.2088018545327,570.1722955185764,4258100
2022-02-01,549.0872192382812,552.6013774414063,545.5730610351562,551.722837890625,2199200
2022-02-02,570.1721801757812,581.5931945706736,556.1155470743752,557.8726262120509,4118800
2022-02-03,574.56494140625,575.4434810720088,568.4151637459385,571.0507827432149,1849200
2022-02-04,570.1721801757812,573.6863384511328,565.7794823315918,570.1721801757812,1781000
2022-02-07,571.05078125,576.3220192307692,566.6580829326923,571.05078125,1928200
2022-02-08,575.4435424804688,578.0791617590053,562.2654460877862,566.658144885347,1912500
2022-02-09,582.4717407226562,584.2288198801907,573.6863449349842,576.3219636712859,1989700
2022-02-10,581.59326171875,601.7996741349604,570.1722460052398,600.0425947944203,4186300
2022-02-14,584.2288208007812,587.7429791213874,576.3219645794173,586.8644395412359,2431200
2022-02-15,573.6864624023438,587.7430985408391,571.0508431263759,583.3503997475593,2137000
2022-02-16,586.8644409179688,589.5000596646063,576.3219659314184,582.4717430069061,1818800
2022-02-17,584.2288208007812,587.7429791213874,579.8361229000235,585.9858999610843,1800300
2022-02-18,590.3787231445312,591.2572629111154,575.4435471126012,575.4435471126012,1993100
2022-02-21,583.3504028320312,589.50018117514,580.7147835421274,585.1074823586338,2081400
2022-02-22,571.9293823242188,577.2006208709857,566.6581437774518,574.5650015976023,1342400
2022-02-24,557.8726196289062,574.5648712398499,552.6013822780819,570.1721734474963,2373100
2022-02-25,556.9940795898438,565.7794751669707,550.8443026858549,564.900935609258,2073600
2022-02-28,561.3869018554688,564.9010608655186,554.358583835369,556.9942030929063,2888800
2022-03-01,564.9010620117188,569.293760783194,562.2654427488336,564.9010620117188,1495100
2022-03-02,535.9092407226562,553.4800355004483,535.0307009837667,551.7229560226691,3545300
2022-03-03,549.0872192382812,553.4799169921876,537.666205078125,537.666205078125,2176000
2022-03-04,533.2735595703125,548.2087333968287,531.5164802966048,545.5731144862671,2415700
2022-03-07,517.4598388671875,524.4881558636857,511.3100614952515,520.9739973654366,3523700
2022-03-08,511.31005859375,524.4881528874034,509.55297935459623,509.55297935459623,3116500
2022-03-09,516.5812377929688,524.4880934734733,513.9456192328005,518.3383168330809,2290400
2022-03-10,544.694580078125,546.4516593686996,529.7594061082409,533.2735646893901,3310400
2022-03-11,531.5164794921875,542.0589551184788,528.8808605856146,540.3018758474302,2396600
2022-03-14,550.8442993164062,555.2369970781001,541.1803642406798,541.1803642406798,2270300
2022-03-15,555.2369384765625,559.6296357746365,548.208622799644,549.9657017188736,1671500
2022-03-16,556.1156005859375,564.0224574663063,554.3585212791888,559.6297591994347,1937900
2022-03-17,569.293701171875,575.4434788079909,560.5083045488523,573.6863994833864,2809200
2022-03-18,582.4717407226562,583.3502803014235,570.1721866199154,571.0507261986826,3051200
2022-03-22,598.2855224609375,599.1640621414969,586.8645066136655,590.3786653359031,3186900
2022-03-23,616.7349243164062,620.2490834293202,601.7997480865217,606.1924469776643,3438800
2022-03-24,607.0709228515625,609.7065419088052,602.6782244228248,606.1923831658149,2436600
2022-03-25,611.4635620117188,615.8562600146764,603.5567056063948,615.8562600146764,2856300
2022-03-28,614.0991821289062,619.3704197437467,608.8279445140658,618.4918801412732,2165300
2022-03-29,611.4635620117188,614.977720414085,604.4352452069863,613.2206412129018,2178900
2022-03-30,611.4635620117188,613.2436597177208,598.1128292167031,612.3536108647198,2976700
2022-03-31,599.8930053710938,610.5735930038135,593.6626625853405,594.5527115547338,2940500
2022-04-01,596.332763671875,601.6730570778918,589.2123724638526,592.7725680678639,3041800
2022-04-04,596.332763671875,597.2228125728778,583.8720790578359,597.2228125728778,2165600
2022-04-05,592.7725219726562,599.8929126269824,588.3222778137024,599.0028637951916,2744900
2022-04-06,589.21240234375,595.4427449667202,584.7621576130571,591.8825491821658,3448000
2022-04-07,567.8511962890625,582.982027538144,565.1810495980482,580.3118808471297,3988000
2022-04-08,565.1810302734375,570.5213234728716,560.7307859405757,567.8511768731545,3872600
2022-04-11,583.8720703125,583.8720703125,565.1810436713987,567.8511903344131,2344900
2022-04-12,588.3223266601562,590.992473377222,582.0919843203362,582.9820332260248,2536200
2022-04-13,599.0028686523438,600.7829663303596,589.2123314232564,597.2227709743279,2993000
2022-04-14,610.5735473632812,614.133742974729,600.7830094318001,601.6730583346621,1762300
2022-04-15,612.3536376953125,614.1337354793105,600.7830020993255,604.3431976673215,1697800
2022-04-18,611.4635620117188,616.803855129725,604.3431711877104,606.1232688937124,1758900
2022-04-19,615.0237426757812,616.8038403390975,607.9033520225161,615.0237426757812,1886400
2022-04-20,605.2332763671875,622.1442061480354,601.6730806238511,622.1442061480354,2183400
2022-04-21,613.2437744140625,616.803970491938,604.3432842193736,604.3432842193736,2241200
2022-04-22,602.5631713867188,610.5736123652719,600.7830733914847,608.7935143700379,1589000
2022-04-25,590.1024780273438,592.7726249867435,586.5422820814774,592.7726249867435,1648900
2022-04-26,593.6626586914062,597.2228545456276,590.1024628371849,596.3328055820722,1685100
2022-04-27,589.21240234375,593.662647074443,581.2019618285027,581.2019618285027,2186300
2022-04-28,602.5631713867188,605.2333183795698,589.2124364224635,591.8825834153146,1762600
2022-05-02,600.7830200195312,605.2332646122685,590.1024329969619,593.6626286711517,1830100
2022-05-06,606.1232299804688,607.0132787763284,593.6625468384327,600.7829372053104,1870900
2022-05-09,599.0028686523438,602.5630640083755,591.8824779402802,597.2227709743279,1764700
2022-05-10,577.6416625976562,587.4321992518538,568.7411747302039,587.4321992518538,3212700
2022-05-11,567.8511962890625,570.521342980077,563.4009518040385,569.6312940830721,3077600
2022-05-12,570.5213623046875,586.5422429934307,568.7412644503827,579.4218515762115,4119000
2022-05-13,590.1024780273438,596.3328209326098,573.1915472844787,573.1915472844787,3526100
2022-05-16,582.9820556640625,592.772594003459,580.3119088442271,592.772594003459,2073900
2022-05-17,590.9924926757812,592.7725905452867,578.5318075892437,581.2019543935018,1560500
2022-05-18,597.2228393554688,602.5631330009722,588.3223499462963,594.5526925327171,1891500
2022-05-19,593.6626586914062,595.4427566185169,581.2019732016316,581.2019732016316,3391100
2022-05-20,594.5526733398438,597.2228200763999,580.3118907448775,582.0919885692482,2994500
2022-05-23,599.0028686523438,602.5630640083755,595.442673296312,600.7829663303596,1644600
2022-05-24,595.4427490234375,606.1233364498669,593.6626511190326,602.5631406410571,2060900
2022-05-25,600.7830200195312,600.7830200195312,588.322335159867,597.2228243453415,2543900
2022-05-26,607.9034423828125,613.2437361665561,600.7830506711543,602.5631485990689,3067200
2022-05-27,605.2332763671875,612.3536678538603,599.8929827521829,611.4636189180262,2860400
2022-05-30,607.0133666992188,614.1337580974501,606.1233177744399,614.1337580974501,3424100
2022-05-31,590.9924926757812,605.2332756318242,588.3223458715232,599.8929820233082,6748300
2022-06-01,602.5631713867188,607.0134163748038,591.8825834153146,593.6626814105485,3553400
2022-06-02,596.332763671875,603.4531548798974,594.5526658698694,600.783008176889,3065000
2022-06-03,595.4427490234375,600.7830427366522,584.7621615970081,600.7830427366522,3180100
2022-06-06,609.6835327148438,612.3536795734489,591.882553657476,591.882553657476,2854700
2022-06-07,599.0028686523438,615.0237477544866,599.0028686523438,613.2436500764708,2346900
2022-06-08,623.92431640625,626.5944632667617,608.7934841966834,609.6835331501873,4365600
2022-06-09,618.5841064453125,627.4845971855328,618.5841064453125,623.0343518154226,2776100
2022-06-10,619.4739990234375,627.484438665982,615.0237547775795,617.6939013250943,3232000
2022-06-13,612.3536376953125,623.9242732912995,610.5735399113145,611.4635888033135,3504600
2022-06-14,593.6626586914062,604.3432462540702,592.7726097278509,603.4531972905149,3386000
2022-06-15,598.1128540039062,607.0133429027738,597.2228051140195,601.6730495634533,4207100
2022-06-16,618.5841064453125,624.8144499634667,615.9139592232464,615.9139592232464,4613200
2022-06-17,610.5735473632812,617.6939385861767,602.5631072375239,602.5631072375239,6303600
2022-06-20,605.2332763671875,615.9138635971967,605.2332763671875,614.1337657255285,2930600
2022-06-21,636.3849487304688,639.0550953684987,618.5839711436024,622.1441666609757,4975700
2022-06-22,637.2750244140625,654.1859538328714,637.2750244140625,642.615317914739,3965400
2022-06-23,647.9556884765625,651.515884567093,631.934806069175,631.934806069175,3176500
2022-06-24,632.8248291015625,646.1755638927347,631.0447311294062,646.1755638927347,3018300
2022-06-27,630.1546020507812,643.5053351450774,628.3745043048751,642.6152862721244,3027900
2022-06-28,650.6257934570312,652.4058913871463,639.9452058763413,641.7253038064563,3273300
2022-06-29,648.8456420898438,656.8560821156443,644.3953976310656,646.1754954145769,3105000
2022-06-30,635.4949340820312,646.1755212094603,632.824787300174,643.5053744276031,4288600
2022-07-01,639.0551147460938,649.7357016220731,635.4949191207673,638.1650658397622,2981600
2022-07-04,637.2750244140625,650.6257581657537,634.6048776637242,645.2854646650773,1606700
2022-07-05,626.5944213867188,639.9451547969471,624.8143235986882,639.9451547969471,2314900
2022-07-06,609.6835327148438,624.8143649136063,607.0133858562386,615.9138753849224,3263600
2022-07-07,616.8038940429688,624.814334225345,607.9034049514396,619.4740407704275,3282700
2022-07-08,618.5841064453125,628.3746462595549,611.4637138531363,618.5841064453125,3957100
2022-07-11,628.3746337890625,632.8248790708548,623.0343394509118,624.8144375636288,2468200
2022-07-12,620.3640747070312,629.2645635837462,617.6939280440167,629.2645635837462,2346200
2022-07-13,623.0343017578125,629.2646447753906,622.1442527553013,624.8143997628348,2044000
2022-07-14,622.1442260742188,623.9243240029003,617.6939812525147,621.254177109878,1613000
2022-07-15,614.1337280273438,622.1441679581352,607.9033858589504,619.474021314538,2289500
2022-07-19,619.4739990234375,626.5943898168103,618.583950174266,620.3640478726091,2577800
2022-07-20,621.2540893554688,625.7043335485595,618.5839428396143,625.7043335485595,2127300
2022-07-21,628.3746337890625,630.1547319017794,619.474143225478,622.1442903945534,2190900
2022-07-22,632.8248291015625,633.7148780876406,617.693996338234,622.1442412686247,2233600
2022-07-25,631.0447387695312,639.0551797412178,629.2646407758231,637.2750817475097,1622800
2022-07-26,639.9451904296875,646.1755330347053,637.2750435989656,642.6153372604094,1676600
2022-07-27,642.615234375,645.2853807782202,638.164990369633,643.5052831760735,1406100
2022-07-28,640.835205078125,642.6153028700087,633.7148139105902,642.6153028700087,2031300
2022-07-29,639.0551147460938,641.7252614650886,633.7148213081041,640.835212558757,2009600
2022-08-01,648.8456420898438,649.7356909815993,635.4949087135095,640.8352020640432,2077300
2022-08-02,644.3954467773438,646.1755446966182,638.1651040598832,642.6153488580693,1987400
2022-08-03,629.2645874023438,639.0551255373165,626.5944406382603,636.384978773233,2491000
2022-08-04,632.8248291015625,638.1651230180314,628.3745841711718,634.6049270737188,2661400
2022-08-05,637.2750244140625,654.1859538328714,631.934730913386,641.7252689979596,3230300
2022-08-08,636.3849487304688,642.6152908858719,631.9347043337522,638.1650464891553,1869200
2022-08-09,634.6048583984375,642.6152984062719,632.8247606189187,637.2750050677156,1846300
2022-08-10,638.1651000976562,646.1755406846562,634.6049042812119,646.1755406846562,1817300
2022-08-12,661.306396484375,663.0864944560692,643.5054167674335,648.845710682516,3761200
2022-08-15,667.5366821289062,671.096877766927,657.7461441243489,664.8665354003906,2332500
2022-08-16,671.0968627929688,676.4371561308438,663.0864227861562,667.5366672343854,2377300
2022-08-17,671.9868774414062,675.5470728185792,665.7565355313534,674.657023974286,1940800
2022-08-18,665.756591796875,670.2068363944477,661.3063471993023,665.756591796875,1804000
2022-08-19,671.0968627929688,671.9869116826146,666.6466183447395,671.9869116826146,1320400
2022-08-22,667.5366821289062,671.096877766927,656.8560952148438,658.6361930338542,2613300
2022-08-23,663.08642578125,664.8665235685822,656.8560835255872,664.8665235685822,2563600
2022-08-24,663.9765625,668.4268075569705,663.9765625,667.5367585455764,1594500
2022-08-25,663.9765625,669.3168565683646,657.7462194202412,669.3168565683646,1230000
2022-08-26,663.9765625,666.6467095341823,657.7462194202412,662.1964644772117,1354900
2022-08-29,656.8560180664062,659.5261644813104,650.62567643163,653.2958228465342,1902600
2022-08-30,667.5366821289062,671.096877766927,660.4162908528646,663.0864375813802,2342700
2022-08-31,668.4267578125,670.206855702813,657.7461704706225,659.5262683609354,4352700
2022-09-01,663.9765625,671.0969545911528,659.5263174430295,663.9765625,2200600
2022-09-02,664.8665161132812,667.5366627643386,661.3063205785381,661.3063205785381,1718800
2022-09-05,655.966064453125,663.9765048602867,653.2959176507378,663.0864559261576,1639600
2022-09-06,659.5261840820312,663.97642823913,653.295842262093,657.7460864191917,1174800
2022-09-07,667.5366821289062,667.5366821289062,655.0759973958333,657.7461441243489,2009500
2022-09-08,674.6570434570312,679.9973366770078,671.0968479770469,672.8769457170391,3220100
2022-09-09,684.4475708007812,684.4475708007812,671.0968379503108,673.7669845204049,2703400
2022-09-12,695.128173828125,696.018222706266,683.5575384122919,686.2276850467149,2123400
2022-09-13,689.7879028320312,699.5784408077117,687.1177561113911,696.0182451801916,1544600
2022-09-14,689.7879028320312,696.0182451801916,679.1073159494708,679.9973648563508,2895000
2022-09-15,696.0182495117188,697.798347336557,689.7879071247852,693.3481027744615,1321700
2022-09-16,707.5889282226562,707.5889282226562,694.2381937278892,695.128242694207,3359200
2022-09-20,707.5889282226562,713.819270986881,701.3585854584317,712.0391730542453,3384400
2022-09-21,701.3585815429688,710.2590711564582,700.4685325816198,704.0287284270155,2026400
2022-09-22,697.7984008789062,697.7984008789062,691.568058013916,697.7984008789062,2059500
2022-09-26,681.7774658203125,696.0182483961937,680.88741690932,693.348101663216,2727800
2022-09-27,672.8770141601562,682.6675527259786,671.9869651996269,680.88745480492,2337400
2022-09-28,647.9556884765625,664.8666199065827,642.6153943407667,660.4163747934195,4104800
2022-09-29,678.5961303710938,680.398510531442,657.8687585270895,661.473518847786,3555300
2022-09-30,676.7936401367188,681.2995898047395,665.0781709998647,667.7817408006772,3402600
2022-10-03,678.5961303710938,679.4973204512679,665.9794692486564,674.9913700503973,1854500
2022-10-04,707.4342041015625,710.13777430832,694.8175431366939,696.6199232745322,4164900
2022-10-05,713.742431640625,721.8531410910866,706.5329121291036,720.9519511521464,3857100
2022-10-06,720.9520263671875,725.4579765319825,708.3353659057617,711.9401260375977,2987800
2022-10-07,717.3472290039062,719.1496089762779,711.9400890867914,713.742469059163,2284800
2022-10-11,708.3353881835938,731.766329777453,706.5330080609891,718.2484788579188,3340500
2022-10-12,708.3353881835938,711.0389583675005,702.0270577544777,704.7306279383846,1911700
2022-10-13,698.4222412109375,703.8293811428932,696.619861233619,702.9281911542339,1365300
2022-10-14,713.742431640625,720.0507612132062,706.5329121291036,711.0388618238045,1850800
2022-10-17,711.0388793945312,718.2483990842096,707.434119549692,709.2364994721116,1625500
2022-10-18,710.1376953125,718.2484050305361,708.3353153751586,718.2484050305361,2126300
2022-10-19,710.1376953125,711.9400752498414,703.8293655318051,706.5329354378172,1298800
2022-10-20,705.6317749023438,710.1377249336487,703.8293948898219,706.5329649086048,1871000
2022-10-21,691.2127685546875,700.2246690573562,688.5091984038869,698.4222889568225,2036200
2022-10-24,677.69482421875,698.4221925126745,677.69482421875,697.5210025868518,2193700
2022-10-25,677.69482421875,680.3983939962185,672.2876846638131,678.5960141445728,2206100
2022-10-26,681.2996826171875,687.6080130117911,677.6949223916997,681.2996826171875,2228800
2022-10-27,682.2008056640625,684.9043755676189,673.1889059855412,683.1019956319146,1809700
2022-10-28,676.7936401367188,685.8055394727603,674.0900703359063,674.9912602695105,4164400
2022-10-31,680.3984375,685.8055774006623,673.1889176324503,683.1020074503311,2210200
2022-11-01,682.2008056640625,686.7067555033232,676.7936658569497,686.7067555033232,1791600
2022-11-02,678.5961303710938,683.1020807719642,677.6949402909197,680.398510531442,2195700
2022-11-04,664.1771240234375,674.9914055543483,663.2759338958616,666.8806944061652,2826800
2022-11-07,662.3745727539062,665.9793323335193,658.7698131742932,660.5721929640997,2728300
2022-11-08,676.7936401367188,683.1019696719478,663.2757911326564,664.1769810662606,2734300
2022-11-09,668.6829833984375,678.5960734488186,667.7817933938574,674.9913134304983,2271200
2022-11-10,681.2996826171875,684.9044428426753,668.6830218279804,680.3984925608156,4839500
2022-11-11,672.2877807617188,690.3115818545261,669.5842105977976,689.4103917998858,3869000
2022-11-14,650.6591186523438,664.176967377808,649.7579287373128,661.4733976327151,4225000
2022-11-15,643.4496459960938,649.7579758588006,642.5484560157071,644.3508359764804,4399600
2022-11-16,633.5365600585938,641.6472699313211,630.832990101018,639.844889959604,6502400
2022-11-17,647.9556274414062,651.5603875384378,631.7342070047647,631.7342070047647,4085600
2022-11-18,647.0543823242188,652.4615220093793,643.4496225341117,648.8567622192722,2515000
2022-11-21,651.5604248046875,656.9675652594982,649.758044653084,649.758044653084,2809200
2022-11-22,664.1771240234375,667.781884533741,657.8687931304062,661.4735536407098,4111400
2022-11-24,666.8806762695312,671.3866267848659,662.3747257541966,663.2759158572635,2142300
2022-11-25,669.5842895507812,672.2878600334897,665.97952890717,672.2878600334897,1426000
2022-11-28,660.572265625,672.2877355474079,656.0663156548432,672.2877355474079,2156400
2022-11-29,663.27587890625,667.7818291705587,655.1651684304942,659.671118694803,1426500
2022-11-30,668.6829833984375,670.4853634075977,663.2758433709569,665.9794133846972,2572900
2022-12-01,654.2639770507812,674.0901581735322,654.2639770507812,674.0901581735322,2222100
2022-12-02,638.9437866210938,646.1533074856477,636.2402162968859,645.2521173775784,2377800
2022-12-05,631.7341918945312,639.8449019188547,629.0306218864234,638.9437119161521,2029900
2022-12-06,633.5365600585938,638.0425099878868,630.832990101018,634.4377500444524,2005200
2022-12-07,634.437744140625,638.0425040505149,627.2282243208451,630.8329842307351,1647800
2022-12-08,630.8330688476562,633.5366391427176,624.5247381591796,633.5366391427176,2767800
2022-12-09,629.931884765625,636.2402155143509,622.7223639099383,622.7223639099383,2677600
2022-12-12,626.3270874023438,632.635417779058,625.4258973485274,628.1294675099764,1814700
2022-12-13,621.821044921875,629.0305642832881,621.821044921875,625.4258046025816,3056100
2022-12-14,630.8330688476562,633.5366391427176,622.7223579624721,626.3271183558873,2319100
2022-12-15,636.2401733398438,636.2401733398438,630.8330330565024,633.5366031981731,1335600
2022-12-16,639.8449096679688,643.4496697224362,635.3389595998844,636.2401496135013,3754100
2022-12-19,625.4259033203125,637.1413741317881,625.4259033203125,633.5366138821033,2015800
2022-12-20,598.39013671875,639.8448751058924,592.9829969291227,634.437735316265,5024800
2022-12-21,574.9592895507812,597.4890422761254,570.4533390057125,597.4890422761254,5957000
2022-12-22,583.9711303710938,585.7735104031033,574.959230211046,578.5639902750651,3240100
2022-12-23,572.2556762695312,581.2675766832247,570.4532961867926,577.6628165177473,3394800
2022-12-26,568.65087890625,577.6627787304378,565.0461189765748,572.2556388359251,3213600
2022-12-27,568.65087890625,575.8603987656002,567.7496889238312,572.2556388359251,2503300
2022-12-28,558.7377319335938,564.1448712748866,554.2317824825163,563.2436813846712,3941300
2022-12-29,564.1449584960938,565.0461485256402,556.0342482301754,556.935438259722,2882900
2022-12-30,565.9473876953125,569.5521481264929,560.540247048542,560.540247048542,2307700
2023-01-04,558.7377319335938,566.8484409455331,558.7377319335938,565.0460611651021,2394200
2023-01-05,565.9473876953125,565.9473876953125,554.2319162939764,559.6390569407469,2712000
2023-01-06,564.1449584960938,569.5520986733726,558.7378183188149,558.7378183188149,3247300
2023-01-10,569.5521240234375,573.1568843020668,565.0461736751508,565.9473637448082,2912600
2023-01-11,574.0579833984375,579.4651229594903,572.2556035447532,577.662743105806,3484100
2023-01-12,564.1449584960938,577.6628089392909,564.1449584960938,577.6628089392909,2032300
2023-01-13,552.429443359375,565.0461027509431,552.429443359375,561.4413429247808,4174300
2023-01-16,546.1211547851562,553.3306749803398,544.3187747363603,551.5282949315439,2694900
2023-01-17,546.1211547851562,547.9235348339521,537.1092545411768,542.5163946875645,4572800
2023-01-18,567.7496337890625,576.7615327380953,545.2198864164807,549.725835890997,5577200
2023-01-19,554.2318725585938,558.737822741997,551.5283024485518,556.034252631955,3181900
2023-01-20,564.1449584960938,567.7497186142797,560.5401983779078,562.3425784370008,3930300
2023-01-23,564.1449584960938,569.5520986733726,563.2437684665473,569.5520986733726,2340300
2023-01-24,571.3544921875,572.255682238269,564.1449717813485,567.7497319844243,2397500
2023-01-25,574.9592895507812,574.9592895507812,568.6509587876849,571.3545291147262,2509000
2023-01-26,590.2794799804688,591.1806700262405,576.7616292938932,580.36638947698,3996000
2023-01-27,583.06982421875,594.7852920933153,582.1686343822449,592.9829124203052,3063200
2023-01-30,584.872314453125,589.3782644874326,583.069934439402,583.9711244462635,3342000
2023-01-31,592.0818481445312,595.6866082550002,588.4770880340623,590.2794680892968,3855200
2023-02-01,582.1688232421875,595.6866751750556,580.3664429844717,593.8842949173398,3179400
2023-02-02,573.1567993164062,583.9710785487913,570.45322950831,578.5639389325987,3420500
2023-02-03,572.2556762695312,575.8604364350086,570.4532961867926,572.2556762695312,2321200
2023-02-06,587.5758666992188,590.2794366380189,577.6627769236185,579.4651568828185,3326700
2023-02-07,580.3663330078125,590.2794225467658,579.4651430497258,587.5758526725058,1797000
2023-02-08,582.1688232421875,590.2795344019084,577.6628725978982,587.5759640153348,2026500
2023-02-09,583.06982421875,585.7733937282651,578.5638750362249,578.5638750362249,1650400
2023-02-10,578.56396484375,580.3663447965342,574.0580149617894,578.56396484375,3771200
2023-02-13,567.7496337890625,580.3662923177084,565.947253999256,577.6627226329986,3599200
2023-02-14,572.2556762695312,574.0580563522699,567.7497260626845,574.0580563522699,2155300
2023-02-15,571.3544921875,581.2675827459582,569.5521120859621,581.2675827459582,3102500
2023-02-16,574.9592895507812,575.860479659795,569.5521488966987,573.1569093327537,2537200
2023-02-17,572.2556762695312,573.1568663109006,568.6509161040539,572.2556762695312,1892100
2023-02-20,575.8604125976562,578.5639826098518,571.3544625773303,573.1568425854607,1861500
2023-02-21,579.4651489257812,581.2675288602316,574.9591990896554,574.9591990896554,1689300
2023-02-22,567.7496337890625,578.5639125279018,567.7496337890625,576.7615327380953,3987900
2023-02-24,583.06982421875,583.971014055255,570.4531665076796,572.2555461806897,3347000
2023-02-27,584.872314453125,585.7735044599865,579.4651744119559,582.1687444325405,2127500
2023-02-28,592.9830322265625,598.3901723380509,590.2794621708183,592.0818422079811,3132400
2023-03-01,589.3782348632812,595.6865645942338,587.575854940152,590.2794248248459,2701400
2023-03-02,587.5758666992188,590.2794366380189,583.9711067808187,589.3782466584188,2085000
2023-03-03,590.2794799804688,592.0818600720122,587.5759098431537,590.2794799804688,2999100
2023-03-06,586.6747436523438,592.0818841468354,583.9711734050979,591.1806940644201,2939000
2023-03-07,586.6747436523438,587.575933734759,584.8723634875132,587.575933734759,2605900
2023-03-08,598.39013671875,600.1925166486258,589.3782370693713,590.2794270343092,3055700
2023-03-09,606.5009155273438,610.1056757979371,602.8961552567503,605.5997254596954,3215600
2023-03-10,599.2913818359375,604.698522123179,595.6866216444431,599.2913818359375,3808600
2023-03-13,588.4769897460938,597.4888885170906,585.7734201147947,594.7853188857915,2772500
2023-03-14,576.7615966796875,582.1687366485595,569.5520767211914,579.4651666641236,3980900
2023-03-15,583.06982421875,588.4769632377801,578.5638750362249,582.1686343822449,2511300
2023-03-16,580.3663330078125,583.9710928401591,573.1568133431192,574.0580033012059,3069400
2023-03-17,579.4651489257812,587.5758586308077,577.662768991331,583.0699087946819,4184700
2023-03-20,564.1449584960938,579.4651889983838,563.2437684665473,576.7616189097444,3593400
2023-03-22,566.8485717773438,574.9592826612803,561.4414311880528,573.15690246485,2837200
2023-03-23,564.1449584960938,565.0461485256402,558.7378183188149,562.3425784370008,2433600
2023-03-24,561.4413452148438,562.3425351750602,556.034205453545,559.6389652944108,3030600
2023-03-27,565.0460815429688,568.6508412338329,563.2437016975366,566.8484613884009,2660900
2023-03-28,565.0460815429688,571.3544110019811,561.4413218521045,571.3544110019811,1819600
2023-03-29,575.8604125976562,575.8604125976562,564.1449425448088,565.046132548874,2839300
2023-03-30,584.6205444335938,584.6205444335938,575.3994001996253,579.0878578932128,3036000
2023-03-31,585.5426025390625,590.1531742125984,583.6983738696481,589.2310598778913,2736900
2023-04-03,596.6079711914062,596.6079711914062,586.4647135668229,590.1531708848531,2381100
2023-04-04,596.6079711914062,598.4521998504214,590.1531708848531,596.6079711914062,2154000
2023-04-05,581.8541870117188,591.0753310214131,580.0099582097798,588.3089878185049,2711700
2023-04-06,582.7763061523438,584.6205349692816,576.3215052930615,577.2436197015304,2150000
2023-04-07,582.7763061523438,584.6205349692816,580.932077335406,580.932077335406,1591900
2023-04-10,584.6205444335938,587.3868877037843,583.698430010197,585.5426588569906,1167700
2023-04-11,594.7638549804688,596.60808398816,586.4648244458575,588.3090534535489,2834500
2023-04-12,595.6859130859375,598.4522563355625,592.9195698363123,596.6080275024792,2007800
2023-04-13,597.5300903320312,598.4522046689634,591.9974043104384,596.6079759950991,2255900
2023-04-14,602.140625,603.98485356049,598.45216787902,601.2185107197549,2640400
2023-04-17,605.8291625976562,605.8291625976562,597.5301329730308,603.9849337921839,2067900
2023-04-18,607.6734008789062,611.361858547367,603.0628287933303,607.6734008789062,2971100
2023-04-19,605.8291625976562,612.2839634168093,603.0628193894478,612.2839634168093,2124200
2023-04-20,606.7512817382812,607.6733961482179,601.2185952786617,603.0628240985349,1918500
2023-04-21,604.9070434570312,605.829157852545,598.4522426884349,603.9849290615175,2710300
2023-04-24,604.9070434570312,608.5955010390863,601.2185858749762,607.6733866435726,2322700
2023-04-25,611.36181640625,611.36181640625,601.2185585171569,603.0627872242648,2758100
2023-04-26,605.8291625976562,607.6733914031286,603.0628193894478,607.6733914031286,2571900
2023-04-27,611.36181640625,611.36181640625,601.2185585171569,601.2185585171569,2027000
2023-04-28,633.4925537109375,634.4146680540393,612.2839238195961,618.7387242213086,5090100
2023-05-01,628.8820190429688,635.3368198249347,620.5829894661554,633.4925910300873,3203900
2023-05-02,615.0503540039062,628.8820711104408,613.2061250563684,628.8820711104408,2518300
2023-05-08,624.271484375,625.193598827548,612.283996491876,615.05033984952,3291300
2023-05-09,625.1935424804688,627.0377712193492,619.6608562638274,623.3493137415883,2790500
2023-05-10,626.1156616210938,629.8041191269617,622.4272041152258,628.8820047504947,2252500
2023-05-11,669.4550170898438,681.4425036217556,662.0781023009749,666.688674044018,11437700
2023-05-12,688.8193969726562,690.6636256124759,671.2992248943691,674.0655678540987,6741900
2023-05-15,695.2742309570312,696.1963453216957,687.8973160397153,691.5857734983733,4308600
2023-05-16,686.0531005859375,696.1963587935253,679.5982999083816,696.1963587935253,4831900
2023-05-17,686.0531005859375,688.8194437334614,676.8319567608577,686.0531005859375,3469300
2023-05-18,681.4425048828125,689.7415340356479,678.6761618318674,689.7415340356479,3182500
2023-05-19,679.5983276367188,685.1310141575061,677.7540987964562,684.2088997373748,2679100
2023-05-22,695.2742309570312,697.1184596863602,679.5982867577349,679.5982867577349,3927600
2023-05-23,691.5858154296875,703.5733028971355,686.9752433268229,697.118501953125,3642300
2023-05-24,686.9752197265625,698.0405923932991,686.0531053376678,695.2742492266149,2745800
2023-05-25,682.3646850585938,684.2089139371304,677.7541128622519,682.3646850585938,2914100
2023-05-26,680.5203857421875,686.9751861489563,679.5982713983634,682.3646144298357,2096600
2023-05-29,689.7415161132812,696.1963163977638,686.0530588078626,686.9751731342172,2439700
2023-05-30,698.04052734375,698.04052734375,686.053041405218,690.663612920038,3055800
2023-05-31,686.0531005859375,697.1184731760333,686.0531005859375,693.4300156460014,4991200
2023-06-01,698.962646484375,703.5732180311057,689.7415033909135,692.507846318952,4052900
2023-06-02,715.5607299804688,715.5607299804688,698.0405574680603,698.9626718108187,3013200
2023-06-05,725.3350830078125,729.7612766554746,719.2491511643624,729.3924084243727,3986000
2023-06-06,737.0460815429688,737.0460815429688,717.1284315865388,720.0792091345212,3097100
2023-06-07,729.7613525390625,748.0192062493296,727.4560665584379,742.3020857611016,6431100
2023-06-08,719.2492065429688,731.6055615781878,711.5034233445635,729.3924645839593,4313400
2023-06-09,734.8330688476562,736.8616757260819,714.6387387497789,717.9583284430232,4578000
2023-06-12,736.67724609375,746.2672024679129,734.5563378639287,736.0317547316913,4554600
2023-06-13,742.302001953125,753.3673734108114,736.0316360500474,739.0746019446332,4658600
2023-06-14,756.3182373046875,763.3262841873594,750.6933057317834,751.5232311990402,4066600
2023-06-15,779.5554809570312,785.0881669644441,761.8508744770315,765.2627087712146,7192600
2023-06-16,794.1248779296875,794.1248779296875,766.9225050002105,775.3137229506447,9391900
2023-06-19,796.061279296875,802.2394564823855,790.8974616297749,801.2251532453666,4653700
2023-06-20,795.5081176757812,798.5510839912931,790.2520542500441,795.9691748836284,4558200
2023-06-21,805.005859375,805.005859375,787.4856860323597,790.8052753110386,3959900
2023-06-22,807.3111572265625,816.6244901543104,802.3317169538401,805.8357966990726,4280900
2023-06-23,782.137451171875,809.5242603124897,775.7748392518444,806.850106019979,4851600
2023-06-26,772.7318725585938,785.6414742481168,766.1848827857515,782.8751310289333,3783600
2023-06-27,761.2055053710938,769.8734040199212,752.9064750278595,768.8590443202405,4310400
2023-06-28,771.3486938476562,773.1007337162346,761.2976243979316,764.5250247905996,3169100
2023-06-29,764.2484130859375,779.8321691547023,761.0210126453031,770.8876481058077,3560400
2023-06-30,759.0845947265625,759.0845947265625,749.771205402513,754.3817774595483,4621500
2023-07-03,762.0353393554688,765.7237968426077,758.531259717571,762.5885854659817,3871900
2023-07-04,760.0067138671875,764.15622874434,758.4391081017615,762.1275657703414,2754100
2023-07-05,760.2833251953125,761.0210054613573,747.0971004900479,753.8285243749763,2733000
2023-07-06,759.1768188476562,761.9431622101143,753.1830748956635,756.2260413380876,2576300
2023-07-07,752.3532104492188,760.0989381446119,748.941375690836,754.3818172361597,2679000
2023-07-10,756.5948486328125,760.5599292097096,751.6154084692889,754.3817516087141,2656900
2023-07-11,752.9985961914062,763.3262887230767,751.6154245920235,760.4677565969109,2265700
2023-07-12,738.705810546875,757.2403434350415,735.2017871437785,757.0559093019531,3430000
2023-07-13,736.67724609375,741.9332533585457,730.9601253291421,737.8759836053456,2719400
2023-07-14,734.0030517578125,745.8061046504026,727.7326851850048,736.4005266504932,2925400
2023-07-18,721.3701171875,733.8186621625621,721.2779282557999,733.8186621625621,3760500
2023-07-19,741.287841796875,741.656653814468,726.6261992735913,728.7470512893026,4329600
2023-07-20,748.5724487304688,751.1543577599285,739.7201731204934,740.5500423006436,3482700
2023-07-21,744.4228515625,745.9904571044113,732.435365848832,745.9904571044113,2747300
2023-07-24,756.9638061523438,765.2628365491742,752.0765543379778,752.4454226459532,4142400
2023-07-25,764.3406372070312,764.3406372070312,754.2895678852442,757.148099969806,2773300
2023-07-26,767.1069946289062,767.1991835566789,751.7076728372945,760.7443827334856,3153700
2023-07-27,777.4345703125,781.123027638203,768.6744841639553,770.887581071934,3212200
2023-07-28,760.0067138671875,777.342453653234,745.068449053159,756.6870681966269,6294900
2023-07-31,778.5411376953125,780.661989452878,766.2770280454487,768.0290678303122,3139300
2023-08-01,784.1660766601562,787.7622889063427,777.7112761203712,781.9529796768151,2896400
2023-08-02,764.3406372070312,777.9879188660352,762.0353512416118,777.9879188660352,2205700
2023-08-03,756.410400390625,764.2483724727884,754.3817375366098,762.1275206950702,2777400
2023-08-04,750.6932983398438,752.8142064505278,743.3163832596089,748.2958234513256,2306400
2023-08-07,768.7667846679688,772.7318653220532,750.8777428388853,754.2895773668729,3443700
2023-08-08,788.868896484375,807.7722423381795,786.1947421193262,788.4078392684286,5267300
2023-08-09,796.9834594726562,797.7211397315722,780.016588392006,789.4221101856269,2932500
2023-08-10,824.3703002929688,825.3846036532532,797.6289818270895,797.6289818270895,4787800
2023-08-14,808.7864990234375,833.3147752650343,806.9422702660871,826.2144832929564,2924600
2023-08-15,805.7435302734375,812.3827650351113,804.2681697847967,808.878741663543,2204100
2023-08-16,793.7560424804688,800.4874661594573,790.3442080378213,799.8420311222873,2160500
2023-08-17,800.6718139648438,803.8070250133337,792.0961624610658,797.8132822240474,2615500
2023-08-18,796.1536254882812,800.1187063014892,790.1598816623116,793.2028480407549,2442000
2023-08-21,803.4382934570312,806.7579391815318,796.7990582894284,801.9629328781855,2017200
2023-08-22,809.8008422851562,810.5385225169474,796.8912412439307,803.5304758928398,2303700
2023-08-23,820.6818237304688,822.2494294815142,806.6656734621635,807.5877878708493,2557500
2023-08-24,819.02197265625,821.1428243939141,809.9852633296423,814.9646470248458,2454200
2023-08-25,817.3621826171875,818.6531089387694,811.6450623890579,814.7802174112368,2998500
2023-08-28,826.6755981445312,826.86003228941,819.114248455697,820.6818542650673,2244800
2023-08-29,834.4213256835938,835.8966861802893,818.3765129454018,829.9029427051962,3291200
2023-08-30,829.6263427734375,837.0032580253406,824.3702794001771,829.9029658391045,3127500
2023-08-31,835.8966674804688,840.9682964613211,832.3926441681588,834.4213070167784,3060300
2023-09-01,851.7571411132812,854.7079186524913,836.9110644834496,840.9683906350385,2675000
2023-09-04,865.3121337890625,866.0498140172479,853.9700821903103,858.4884650452111,2929100
2023-09-05,871.4902954101562,871.4902954101562,861.254848100535,870.0149348852835,3327700
2023-09-06,884.5842895507812,885.2297808556006,871.951311630209,873.2422942398476,2759800
2023-09-07,889.9326171875,894.9120576405633,881.0803411391636,882.1868897155553,3212500
2023-09-08,881.3568725585938,892.5144898115891,879.143831917348,882.4634210199129,3984900
2023-09-11,856.275390625,886.5207873095087,847.7919833554085,884.3998792107155,5249300
2023-09-12,875.27099609375,877.2996590215868,862.6380176100441,866.7875323927755,2982600
2023-09-13,867.89404296875,873.8877862816814,863.8367172905158,867.89404296875,2525400
2023-09-14,884.9532470703125,885.0454360025599,873.79562847981,873.79562847981,3028900
2023-09-15,901.55126953125,907.360579055509,891.7768230205537,897.2173205498071,5993700
2023-09-19,905.4241333007812,905.4241333007812,886.9818456790637,896.295178415473,3668100
2023-09-20,895.5575561523438,917.13500029801,893.6210820578436,915.6596397053042,3940800
2023-09-21,893.5287475585938,909.2046904982183,888.9181761057631,900.3524158213392,3389400
2023-09-22,886.7051391601562,898.7848709509481,865.5887542493906,872.5046118955484,3678300
2023-09-25,892.9756469726562,896.848482598851,885.0454290130313,891.8690983874296,1919100
2023-09-26,885.8753662109375,890.2093153961098,879.7893770525892,888.9183326494117,2079200
2023-09-27,890.3014526367188,890.5780757002644,872.5046559842579,878.7750226440113,4301800
2023-09-28,878.0440063476562,887.6815194676258,868.4064361181901,884.406632487379,3420900
2023-09-29,859.8917846679688,876.4533680034953,852.4998737949232,864.570194813061,5201100
2023-10-02,858.3011474609375,876.172709181846,857.7397610653073,864.1023876902874,2643100
2023-10-03,846.6051025390625,860.9210263996589,842.2073855075068,860.8274810389981,2513400
2023-10-04,800.8502807617188,831.9148787975388,797.1075526022705,823.400195078594,4380400
2023-10-05,830.2305908203125,832.1955571999601,797.2945744407602,801.3180525521601,3293900
2023-10-06,836.40625,843.423865732936,826.0201444495528,829.5757249990065,2627000
2023-10-10,863.8216552734375,868.780758574689,846.8857763871656,846.8857763871656,3481300
2023-10-11,866.7222290039062,883.0031187195707,864.6637171729203,877.8568676968546,3767500
2023-10-12,887.0265502929688,889.4593006883697,868.9678988238828,874.2076952645147,3548600
2023-10-13,866.25439453125,881.6931477157682,859.5174726288334,875.7983624672154,2890400
2023-10-16,836.499755859375,853.6227260171466,830.0435268461904,852.8741917962195,3381700
2023-10-17,850.815673828125,855.2133908704749,846.2308660639942,848.0086276874123,2809300
2023-10-18,843.9851684570312,856.242579877963,839.4939062552126,851.3770791398663,1776700
2023-10-19,832.476318359375,841.5524455251137,827.9850560111278,832.56986371912,2377400
2023-10-20,827.6107788085938,835.0026898972643,817.1311283559912,828.1721651985812,2342000
2023-10-23,824.8036499023438,830.6048894914514,823.5872747730538,826.6750138272498,2264300
2023-10-24,823.7744140625,826.7685506237686,798.0431603613251,823.4001184375943,2699700
2023-10-25,827.1428833007812,836.406157891953,823.5873031428808,830.604918103012,2459800
2023-10-26,804.8737182617188,824.1487458258472,795.8911362331002,821.8095406792539,3646800
2023-10-27,820.4059448242188,821.9030702509491,801.5051574942772,805.1543400430935,3106300
2023-10-30,805.2479248046875,811.984846780932,798.6046052962857,808.4292665213719,2106100
2023-10-31,815.7275390625,822.4644607430453,800.1016385684633,808.8970720277163,3126100
2023-11-01,822.7451782226562,832.6634417732772,816.850392994083,828.5464180942273,2898200
2023-11-02,841.8331909179688,849.1314998251438,831.0728468430495,835.0027230575294,4341200
2023-11-06,865.505859375,867.0029277474172,852.0320155852551,864.5701773648649,4443800
2023-11-07,854.3712158203125,868.1257527140797,850.1606467983122,863.6344905125121,4441600
2023-11-08,819.2831420898438,888.430065217558,817.8796190800214,885.0616328377832,6557100
2023-11-09,841.0845947265625,844.1723339857319,821.4352722106674,823.4001816184575,4591400
2023-11-10,856.1490478515625,860.7339125909604,828.172132624417,828.733576101822,3681500
2023-11-13,854.3712158203125,868.7807415394014,851.5641698056456,866.9093775296235,2522900
2023-11-14,864.1959228515625,867.5644125140831,856.0555346635135,857.9268987728582,2382600
2023-11-15,896.1962280273438,900.5939449466453,877.9504286232299,878.2311218075474,5321700
2023-11-16,893.295654296875,914.1613523503202,884.5938227537206,887.026573211979,3086300
2023-11-17,895.260498046875,901.3424308557661,893.0148955831355,895.4476458628938,2158900
2023-11-20,896.8512573242188,911.7286249687025,896.8512573242188,900.126144544495,2734600
2023-11-21,889.5529174804688,901.0617950293489,883.2838364565995,901.0617950293489,2876600
2023-11-22,894.5120239257812,904.6173784645492,884.9680557632507,887.7751018634361,2882200
2023-11-24,890.3949584960938,908.5472119388771,889.2721857961249,907.6115299492387,2834200
2023-11-27,884.5938110351562,900.9682465051676,880.5703326320688,899.0968824514521,2201400
2023-11-28,876.9212036132812,885.1551939959954,865.599416866238,884.4066597992938,3516400
2023-11-29,875.0498046875,881.0381351319176,863.0730866891686,871.8684630914528,2510300
2023-11-30,855.2134399414062,876.6405828887723,851.657859381056,874.8627640538456,7150900
2023-12-01,878.7925415039062,883.0031104832174,866.1608345659728,866.1608345659728,4104800
2023-12-04,892.0791625976562,897.1318106842484,878.9796157583925,878.9796157583925,3635700
2023-12-05,880.5703125,901.4360669094837,877.1083347673747,891.1435648493606,2867300
2023-12-06,905.2723388671875,906.4887140504842,879.5410837572674,884.8744826019503,3523000
2023-12-07,886.3715209960938,899.8453642418967,882.9094862764574,896.3833295222603,2864000
2023-12-08,851.4705810546875,875.7983119419644,846.7921712686727,874.8626299847614,4888400
2023-12-11,857.5525512695312,863.6344842572584,847.1665039342882,852.5934481014377,2472200
2023-12-12,869.3421630859375,882.441711684599,868.3129356826997,870.1842997682228,2850800
2023-12-13,867.5643310546875,873.6462638389985,862.7923187582234,871.3070589219558,1840400
2023-12-14,850.2542114257812,874.9561809898438,842.4880625527179,873.9269536740685,2713100
2023-12-15,864.1959228515625,866.0672869609072,845.0144407307797,850.5349876971467,4204800
2023-12-18,843.517333984375,846.0436868391728,829.4821038016066,845.2015501844076,2687700
2023-12-19,851.6577758789062,856.1490380994959,829.9499418516425,843.0494899755693,2771400
2023-12-20,850.44140625,859.8917717573975,847.8214509204857,851.7513268052592,2433800
2023-12-21,837.4354248046875,843.985199076903,835.4705153668226,843.3302102277815,1607000
2023-12-22,834.2540283203125,843.9851437304037,831.9148233764921,840.6167114551006,2355700
2023-12-25,836.1253662109375,841.8330603616315,832.1019452548871,838.1838779192288,1387200
2023-12-26,832.8505249023438,839.213208186474,829.6692403697756,832.7569795461935,1826400
2023-12-27,843.3302001953125,843.5173480227636,832.8505500625365,838.3710968701012,2212100
2023-12-28,837.9967651367188,840.5231179247942,832.9441166700641,839.9617315761091,1200800
2023-12-29,843.4237670898438,847.3535857530713,838.0903683346824,838.5582093288282,1540600
2024-01-04,860.2660522460938,860.2660522460938,834.6283426439495,844.9208446272269,2564800
2024-01-05,891.9856567382812,902.5588521245322,869.2485951125648,869.4357429381486,4109200
2024-01-09,893.8570556640625,912.1028557354288,891.0500094992368,911.7286171791523,2601000
2024-01-10,911.3543090820312,914.8163440599924,892.1728272173684,892.6406682384578,2851300
2024-01-11,925.3895263671875,926.2316630368014,916.0327060803605,916.9683881090432,3301900
2024-01-12,933.8106689453125,940.3604431763918,922.9567802061806,937.5533970773578,3408300
2024-01-15,951.1207275390625,952.0564095140148,935.5884295986517,935.6819749523487,669100
2024-01-16,940.3604125976562,960.477575653228,938.9568895937791,954.3956426364272,2624900
2024-01-17,940.3604125976562,964.6881446648592,938.9568895937791,945.9745046131646,2827300
2024-01-18,936.6177368164062,953.4600138021158,931.6586333480695,940.3604650354528,2005300
2024-01-19,937.5534057617188,940.828292907593,932.3136091721198,940.3604518867538,1656500
2024-01-22,967.0272827148438,971.7056924038368,951.588530741167,952.5242126789657,2660000
2024-01-23,952.9921264648438,969.36656162747,946.9101934044397,963.7524695717124,2075300
2024-01-24,932.5006713867188,951.1207662907099,932.5006713867188,941.2961051534227,2982600
2024-01-25,930.5357666015625,939.4247457697021,922.5824694511218,932.8749716458098,2571400
2024-01-26,918.1847534179688,935.21417757816,913.7870365087081,934.0913477339554,2930500
2024-01-29,929.0386352539062,933.7170450253338,917.4361561769679,917.6233039897238,1926800
2024-01-30,921.9274291992188,941.2960573072612,920.8982018809512,935.6819655141761,2802900
2024-01-31,929.506591796875,929.506591796875,913.7870873228719,916.0327471361585,2701200
2024-02-01,913.5064086914062,934.0914145732999,909.6701349844906,931.0036751129163,3454500
2024-02-02,925.8573608398438,929.225793275502,916.1262449664997,921.7403370989293,2373000
2024-02-05,952.0564575195312,958.6062316744567,917.061927047987,925.8573608998291,3382200
2024-02-06,921.6468505859375,946.9102667948921,921.6468505859375,943.6353795085462,3309000
2024-02-07,931.0035400390625,935.401256624965,915.3776400557041,916.0326288424545,2402100
2024-02-08,923.5181274414062,931.8457200260647,914.816296325104,931.0035833882464,2862300
2024-02-09,905.833740234375,949.249408782985,904.804512856724,940.828270607483,5605500
2024-02-13,927.5415649414062,931.7521339857267,898.2547294550322,916.9683696520121,4349100
2024-02-14,889.646484375,925.4830955751248,884.313085252172,921.1789809760709,4090800
2024-02-15,899.4711303710938,908.3601097188867,888.3365484011367,906.3015978164453,2078200
2024-02-16,925.2959594726562,939.4247349331305,907.5180013414516,908.5472287052487,3352200
2024-02-19,919.02685546875,936.1498243421647,915.5648207084539,927.2608455003351,2789000
2024-02-20,914.8163452148438,924.8281545006944,909.9507871674725,921.178971687791,2046100
2024-02-21,919.02685546875,919.7753896335312,906.1144555204124,907.7986716685441,2065100
2024-02-22,944.1032104492188,945.9745745928248,915.4713618958477,925.7638646856807,3947600
2024-02-26,930.8164672851562,954.395665743061,929.6000920742462,952.5243016925845,2594100
2024-02-27,913.6934814453125,935.6820086485535,906.8630142040777,927.7287115750408,2678100
2024-02-28,919.1204223632812,920.5239453711991,906.2080221123358,907.6115451202537,2301300
2024-02-29,919.4011840820312,926.0445610804551,911.3543410805621,921.9275371065163,1783600
2024-03-01,945.974609375,947.3781325343101,920.3368968211342,925.2960576716328,2598800
2024-03-04,947.8458251953125,956.2669628327832,937.5533236384039,954.3955989133452,2154200
2024-03-05,938.9569091796875,945.0388423233526,933.4363624054844,938.4890681686363,2107900
2024-03-06,960.009765625,977.3198832312987,943.6353300514742,946.9102171661793,4505200
2024-03-07,945.0388793945312,983.4018438055964,938.0212639534827,963.7525205706606,3680800
2024-03-08,946.91015625,958.1383399209486,931.5649490559055,948.7815201951581,3160500
2024-03-11,921.459716796875,939.4248244634958,911.82220262916,935.027107190023,3254600
2024-03-12,938.489013671875,940.3603776074121,912.1963732213762,918.8396923487351,3292400
2024-03-13,942.2317504882812,955.7991391497312,935.6819766517193,944.1031144415847,2344400
2024-03-14,967.0272827148438,968.898646590441,945.038757176577,954.3955765545628,3359200
2024-03-15,1004.9224853515625,1009.6008954323426,973.1092968022579,973.1092968022579,5218500
2024-03-18,1034.8643798828125,1034.8643798828125,1010.0688047771213,1011.4723278963113,4580200
2024-03-19,1095.2158203125,1107.379686749119,1032.9929650790261,1039.5427393141285,6666400
2024-03-21,1108.7833251953125,1113.461735850145,1085.8591129866331,1112.0582126536954,5160300
2024-03-22,1117.2044677734375,1141.0643621856843,1104.104917900047,1127.9648123122938,4456900
2024-03-25,1098.49072265625,1108.7832251683612,1091.4731073070832,1098.0228816329723,3990800
2024-03-26,1115.80078125,1120.4791912342766,1098.490664308176,1098.490664308176,2678500
2024-03-27,1149.4853515625,1157.4386486632582,1128.4325062957876,1130.3038703194954,4376800
2024-03-28,1155.17822265625,1169.8848037249743,1147.5877292014245,1152.3317876106905,4036700
2024-03-29,1183.1680908203125,1201.669917420951,1168.935916512129,1173.679974614857,2976300
2024-04-01,1145.6900634765625,1194.5538632852938,1135.2531353620761,1191.7074283449792,4083100
2024-04-02,1141.8948974609375,1158.0246965941622,1125.2906924708532,1152.806232168707,3219400
2024-04-03,1132.8812255859375,1143.3181547998784,1121.495484625275,1133.3556314592984,3893300
2024-04-04,1130.9835205078125,1147.587724877684,1129.0858971512557,1144.2668840037097,3382700
2024-04-05,1117.7001953125,1119.5978187340831,1093.0310908319184,1102.5192079398344,3710500
2024-04-08,1128.1370849609375,1135.7275783837192,1112.956098115374,1119.597779860308,2488400
2024-04-09,1132.4066162109375,1149.4852245827824,1129.5601814822967,1141.4203261849666,2658200
2024-04-10,1117.225830078125,1139.522906092423,1110.5841478611,1138.099688474489,4029000
2024-04-11,1098.24951171875,1104.891193431088,1087.3381774770519,1094.4542650259855,4149300
2024-04-12,1167.038330078125,1188.8609980389356,1105.3655727975738,1111.5328485256289,8246200
2024-04-15,1159.9222412109375,1173.2056043004698,1124.8162101886023,1138.5739791027609,4822900
2024-04-16,1107.26318359375,1145.6900550038158,1102.5191253949765,1145.2156491839385,3560700
2024-04-17,1093.50537109375,1122.9185307500677,1084.9660666773996,1112.9560089309923,3531400
2024-04-18,1092.556640625,1099.6727281670646,1072.1571896710811,1082.1197122299718,2419600
2024-04-19,1066.46435546875,1090.1846480725924,1048.9113389419067,1081.6453427352092,3882200
2024-04-22,1078.7989501953125,1098.7239967688406,1065.041179942162,1091.6079087068663,2980900
2024-04-23,1089.23583984375,1102.993609597874,1082.1197520398928,1091.133463258112,1888000
2024-04-24,1093.50537109375,1100.1470523064668,1086.3892840801248,1091.133342089208,2310600
2024-04-25,1066.46435546875,1100.6215768182828,1065.0411379125194,1094.9287065933609,2610600
2024-04-26,1091.1334228515625,1093.5054520316746,1060.2970435101054,1065.9899135423743,2759800
2024-04-30,1101.095947265625,1113.9049048598395,1094.9286713869292,1110.5840640020801,2275100
2024-05-01,1091.60791015625,1095.8775629991037,1073.580487041979,1073.580487041979,1720400
2024-05-02,1100.1470947265625,1113.9048634833846,1085.440514331339,1090.1845725233466,2181600
2024-05-07,1100.62158203125,1107.7376698461073,1093.505494216393,1097.775146905307,2204700
2024-05-08,1087.3382568359375,1103.468056457413,1084.0174157373983,1100.1472153588738,2020800
2024-05-09,1095.403076171875,1101.5703520446486,1077.8500602262884,1080.6964952444916,1782300
2024-05-10,1109.1607666015625,1124.3417522864427,1099.6726505485124,1099.6726505485124,2518400
2024-05-13,1087.8126220703125,1121.9698435221496,1083.542969388833,1119.597814254661,3988600
2024-05-14,1085.9149169921875,1090.1845693525763,1072.6315540932005,1087.8125402634714,2880300
2024-05-15,1064.0921630859375,1080.2219595838965,1061.245728409827,1076.9011191284344,3056000
2024-05-16,1047.488037109375,1065.9898638517961,1034.6790801338527,1063.617834782255,2786100
2024-05-17,1043.69287109375,1055.553017356179,1026.1398546253552,1034.2047540838068,2084700
2024-05-20,1053.1810302734375,1068.8364239666914,1046.0649422310494,1046.539348100542,2271500
2024-05-21,1041.3206787109375,1051.7576057868557,1039.423055606225,1048.436765353609,1420100
2024-05-22,1024.716552734375,1039.8975387008102,1024.716552734375,1038.4743212664569,1582800
2024-05-23,1009.5355224609375,1022.8188845985815,997.2009719045539,1022.8188845985815,2442100
2024-05-24,987.238525390625,997.6754535783202,979.6480321632102,987.238525390625,2586900
2024-05-27,991.5082397460938,993.405863171445,978.2248757686341,992.4570514587693,2148300
2024-05-28,978.6992797851562,990.085020315861,971.1087860980199,984.8665559059547,2710100
2024-05-29,973.4807739257812,980.122455619232,963.5182513856051,973.9551797610278,3002100
2024-05-30,977.2759399414062,977.2759399414062,955.9276791174435,963.0437660587644,2928300
2024-05-31,1030.4095458984375,1031.3583576349922,991.0338588314161,995.3035116459124,6179300
2024-06-03,1039.4232177734375,1057.4506400807813,1037.0511885224712,1048.4369289271094,2548900
2024-06-04,1072.1572265625,1078.798908496958,1043.2184695623616,1046.0649046771293,5604600
2024-06-05,1074.0548095703125,1103.9423771511117,1070.2595628933855,1075.9524329087758,4111100
2024-06-06,1067.887451171875,1095.4029874526252,1067.887451171875,1088.2869004834656,2847300
2024-06-07,1078.324462890625,1085.4405504152,1069.7851578611348,1072.157187035993,2330900
2024-06-10,1077.3756103515625,1092.0821906778058,1076.901204534587,1078.3244219855137,3022300
2024-06-11,1056.0274658203125,1071.6828595184572,1054.1298423417495,1071.6828595184572,2259100
2024-06-12,1036.5767822265625,1060.7714805760154,1036.5767822265625,1043.2184641264123,2281800
2024-06-13,1029.93505859375,1040.3719868706098,1023.7677827937874,1036.576740224479,1534000
2024-06-14,1038.474365234375,1046.5392643705031,1015.2284794890646,1018.5493203098233,3700500
2024-06-17,997.2010498046875,1022.3445586722652,987.7129332508846,1016.1772829122933,3069000
2024-06-18,994.3546142578125,1014.2796590091617,984.3920918821378,1014.2796590091617,2279400
2024-06-19,1007.6380615234375,1009.0612791244592,991.9826679121976,1000.0475676513212,1517200
2024-06-20,999.5730590820312,999.5730590820312,987.7129136254338,992.4569718080727,1577900
2024-06-21,990.5593872070312,1000.9963156163008,978.2248354506219,998.149880595591,4212400
2024-06-24,992.4570922851562,1004.7916450573427,969.2112043683433,1004.7916450573427,3710800
2024-06-25,1005.7403564453125,1014.7540671870394,990.0849641044184,995.3034282180498,2272100
2024-06-26,1016.17724609375,1023.7677390617705,1005.2659124522204,1011.9075937992384,2339100
2024-06-27,1012.382080078125,1018.0749502566338,1005.7403982031983,1012.3820800781251,2054400
2024-06-28,1018.5492553710938,1024.242124986582,1011.9075741530243,1018.0748495698031,2190700
2024-07-01,1030.4095458984375,1043.2185043419263,1019.498210928058,1034.2047928446564,2150500
2024-07-02,1050.33447265625,1050.8088784704578,1030.409428459519,1034.204674973182,2382700
2024-07-03,1035.6279296875,1050.8089162885078,1030.4094655434037,1050.8089162885078,2334300
2024-07-04,1049.3857421875,1058.8738592054701,1043.692871976718,1049.8601480383984,1738900
2024-07-05,1031.3582763671875,1051.2833212648056,1030.4094647053962,1049.3856979412228,1577800
2024-07-08,1032.781494140625,1038.9487699439453,1019.9725367029599,1025.6654066752556,1593900
2024-07-09,1029.460693359375,1036.1023752520161,1015.7029237246184,1026.1398524130545,1976300
2024-07-10,1020.4469604492188,1029.9350772362873,1002.893944393142,1023.7678013246928,2432900
2024-07-11,1027.088623046875,1035.6279279959945,1024.242188063835,1029.460652199408,2357800
2024-07-12,1036.5767822265625,1049.860146026262,1019.9725774769379,1020.9213891769165,4039800
2024-07-16,1037.9998779296875,1046.539182227098,1025.6653272778722,1036.1022547524851,1766100
2024-07-17,1069.78515625,1076.9012437638582,1041.3208061945677,1042.7440236973393,2783700
2024-07-18,1055.0784912109375,1075.4779404564727,1053.1808680253064,1053.655273821714,2043500
2024-07-19,1039.8975830078125,1053.1809462944086,1032.307089701186,1051.757728799416,1444600
2024-07-22,1037.9998779296875,1048.911211198601,1036.5766605467857,1045.1159648441962,1463300
2024-07-23,1038.474365234375,1055.078569338168,1032.7814952559318,1047.01367020204,1557300
2024-07-24,1004.317138671875,1035.6279233446874,1004.317138671875,1031.3582708893039,1976300
2024-07-25,990.5593872070312,991.5081988806012,966.8390953677824,986.7641405127515,3839800
2024-07-26,982.9688720703125,994.8290177275316,960.1973924084521,979.1736254600024,4755200
2024-07-29,1025.6654052734375,1025.6654052734375,999.0986787723679,1011.4332303621502,2192400
2024-07-30,1029.93505859375,1033.2558994091144,1020.9213478091893,1027.088623609152,1759400
2024-07-31,1038.94873046875,1040.3719479077483,1007.6379468107878,1009.5355700627854,2272900
2024-08-01,956.4021606445312,1001.4707148415702,941.3160319700172,982.9688873291016,4447400
2024-08-02,905.9253540039062,938.0900921801594,904.5970524372507,931.0688627890247,4153800
2024-08-05,784.0979614257812,866.9292059063176,780.777120690163,848.9966427696318,5142600
2024-08-06,901.5608520507812,926.4197291562947,873.3811341310812,890.8392918614381,5721900
2024-08-07,901.3711547851562,930.7843187834087,865.4111666035888,874.8044260125412,4396300
2024-08-08,894.0652465820312,919.1138984373853,879.643297268672,887.1389328064649,2917100
2024-08-09,884.4822998046875,914.8442749421263,872.2426054130588,914.8442749421263,3706900
2024-08-13,915.0339965820312,919.0189592624139,887.8030901044951,889.226307607737,3469300
2024-08-14,942.0750732421875,949.7604241393084,921.296075763505,927.9377570511924,3495600
2024-08-15,952.1325073242188,982.9688864851925,949.76047815799,973.9551756535233,3989700
2024-08-16,982.0201416015625,982.0201416015625,968.7367773673385,980.5969240050385,3510900
2024-08-19,964.467041015625,982.9688681674251,957.8253594739532,982.0200565186148,1684100
2024-08-20,976.3272094726562,984.392108676269,966.8390927625235,982.9688911697491,1598500
2024-08-21,964.467041015625,969.6855050840815,959.2485769471687,961.6206060691943,1186800
2024-08-22,971.1087036132812,971.1087036132812,958.299746604215,960.1973698648175,1195000
2024-08-23,975.852783203125,983.9176822378615,972.5319424241158,973.955159900834,1064200
2024-08-26,982.0201416015625,982.4945474670706,967.3135597708145,969.6855890983545,1330400
2024-08-27,985.3409423828125,990.5594066900878,975.8528254604936,978.2248546910733,1060400
2024-08-28,979.1736450195312,991.0337909136632,978.2248333480007,984.8665150487146,1406200
2024-08-29,984.8665161132812,985.3409219495593,970.1599351886609,974.4295877151636,1256100
2024-08-30,990.5593872070312,995.303445574881,976.327212103482,980.1224587977617,1645400
2024-09-02,994.8290405273438,1006.2147806192161,985.8153296212781,1006.2147806192161,1082900
2024-09-03,990.5593872070312,996.7266630852359,987.7129521863214,991.9826047173862,1139200
2024-09-04,958.774169921875,973.9551562838245,953.5557058599549,965.8902572790389,2222200
2024-09-05,963.5182495117188,975.3783953698148,945.016421973089,951.1836978192989,1690100
2024-09-06,958.2998046875,971.108762472927,954.9789637801671,967.3135157216893,1453000
2024-09-09,944.7318115234375,946.9140668287446,923.1937745735155,930.594494174973,2115900
2024-09-10,946.62939453125,954.9789254668192,943.213637845653,946.9140264439995,1803800
2024-09-11,900.612060546875,938.4696119294007,888.1825927604908,936.5719885645361,3134900
2024-09-12,917.5957641601562,925.0913996912332,908.5820530862417,919.5883034598593,2298000
2024-09-13,906.0203247070312,910.4796934136791,899.6632746702168,908.4872119877672,2249100
2024-09-17,906.304931640625,908.6769608493206,888.1825937396683,906.1151577217554,2373900
2024-09-18,915.7930297851562,926.9889958395296,904.6919217328469,913.1363687078102,2708500
2024-09-19,936.76171875,944.9215335844939,929.2661415552416,937.8054462984701,2307100
2024-09-20,930.2150268554688,950.709336697779,928.3174034289262,948.8117132712365,3237300
2024-09-24,958.2998046875,966.8391098777846,953.5557462484529,958.2998046875,1991700
2024-09-25,954.0301513671875,960.1974273332609,949.7604987752906,960.1974273332609,1826700
2024-09-26,983.9176635742188,986.2896926570882,955.4533145797863,967.3134599941332,3038100
2024-09-27,1020.0911865234375,1021.5381243766623,992.117054694426,1001.280994431516,3189900
2024-09-30,951.1204223632812,971.3775510343045,948.0336100286776,958.5480479845327,4153300
2024-10-01,961.2489624023438,968.9659636057745,957.2940228360042,962.3100265173968,3074300
2024-10-02,951.0239868164062,960.5737407557465,942.8246728010286,951.1204257838148,3768600
2024-10-03,965.1074829101562,990.6700499237686,965.1074829101562,984.8822989018186,3363300
2024-10-04,968.483642578125,970.8952054331502,958.6444543544129,963.6605168680745,2319300
2024-10-07,975.236083984375,987.293899068257,969.9306453474669,987.293899068257,1722400
2024-10-08,962.6959228515625,969.9306116505471,959.7056083650681,964.5287342310578,2389000
2024-10-09,961.5383911132812,974.7537681769867,959.4162038902836,971.8598925663673,2014000
2024-10-10,963.6605224609375,969.930585920393,961.056022787185,966.5543979037631,2061400
2024-10-11,949.8663940429688,964.239273407896,948.805271055622,962.6958967230872,2350600
2024-10-15,943.789306640625,962.2136241644316,943.6928087962824,961.7313115708655,2498200
2024-10-16,949.4805908203125,959.1268430055763,932.7925863150161,935.6864619705954,2472800
2024-10-17,963.7569580078125,977.6475836345383,956.3293914984021,963.9498948118594,2008200
2024-10-18,952.7603149414062,968.483693812758,952.6638170964726,963.6605678475551,1742100
2024-10-21,950.3487548828125,960.9596320389063,947.7442550783795,952.7603178728339,1333400
2024-10-22,936.168701171875,946.4902019759755,930.0915745468958,944.8503274578584,2334700
2024-10-23,943.789306640625,955.171872073576,937.2298082672864,937.2298082672864,1510100
2024-10-24,940.2201538085938,942.0529062842,927.1012163267593,932.6960893471555,1937900
2024-10-25,930.1880493164062,939.7378621490066,930.0916103488239,936.6510497977383,1544300
2024-10-28,937.1333618164062,946.2008620534692,927.9694226118197,929.8986729706801,1620300
2024-10-29,934.8182373046875,941.5706135568655,927.9694220850406,930.8632976216884,1810700
2024-10-30,934.1430053710938,944.36800826357,929.9950701849318,931.9243204571761,3587600
2024-10-31,933.9501342773438,941.9565116952423,928.4517588393966,937.6156982772919,1729100
2024-11-01,925.46142578125,931.8279284500544,915.5257392776825,919.4807378607086,1888100
2024-11-05,914.4646606445312,941.2812285802056,914.4646606445312,939.9307886685957,2123900
2024-11-06,947.7442016601562,954.9788902224475,916.2974455931486,942.4387633811426,5935500
2024-11-07,950.6381225585938,964.4322509686583,943.3069946818745,946.2973092135773,2675400
2024-11-08,939.3519897460938,962.6959309080519,935.6864258324753,957.6798681902351,2485700
2024-11-11,927.7764282226562,943.499805896361,923.2426783854905,934.7217408587351,2401900
2024-11-12,929.7057495117188,935.8793742991548,922.6639973759569,931.9243756810616,1935100
2024-11-13,925.654296875,933.3712982958039,918.805481664456,925.0755453188591,3035700
2024-11-14,932.599609375,938.5802972477803,925.1719837366784,929.3199190987355,2006500
2024-11-15,923.2427368164062,937.5192365903504,920.2524223069186,937.5192365903504,2145600
2024-11-18,917.937255859375,923.24269410733,912.7283154506468,919.7700671681778,2405400
2024-11-19,930.6703491210938,933.5642246213932,921.6029078791175,923.1462845955248,1534200
2024-11-20,929.2234497070312,943.2105152021963,928.7411371037497,929.5128254937902,2043900
2024-11-21,925.8472290039062,934.7217923681634,922.6639777091314,929.8986665045506,2758600
2024-11-22,930.7669067382812,933.4678456034752,918.3232177374271,924.1109691097217,2084200
2024-11-25,942.4387817382812,947.0689707331268,931.4420313589816,940.509531417425,3558500
2024-11-26,954.8824462890625,958.1621364279379,945.1396970835882,947.261884159358,3150500
2024-11-27,941.8600463867188,945.3326734735491,933.5642345387708,940.413108621198,2730900
2024-11-28,947.6478271484375,951.5063279774197,933.7572006136817,934.5288890042681,2031400
2024-11-29,947.0689697265625,950.4451577844727,941.1847798046238,943.8857184757424,2962000
2024-12-02,960.57373046875,965.1074805333214,942.9211016704866,945.3326645903599,2420500
2024-12-03,966.554443359375,968.9660063418086,953.3390664404292,959.802067008561,2422200
2024-12-04,954.9789428710938,968.0013830011542,953.3390682646912,965.589820014106,1440500
2024-12-05,954.6895751953125,958.644514977238,947.6478229885413,954.9789509810058,2172100
2024-12-06,941.1847534179688,954.2071927048164,937.2297550496692,946.87600637326,2046700
2024-12-09,935.0111694335938,946.6831693652545,930.9597319273648,944.3680453971099,2199000
2024-12-10,931.3455810546875,947.2618960079784,931.2491420902378,947.2618960079784,1989400
2024-12-11,928.4517211914062,938.966159038954,922.2780965857924,936.1687225103997,2748500
2024-12-12,922.6640014648438,931.827940841651,916.6833134647702,927.6800642673587,3121000
2024-12-13,897.7766723632812,917.6479276439719,896.1367977719119,908.1946125966148,4194000
2024-12-16,887.7445678710938,895.654506358354,883.6931302189801,893.2429433363875,3928800
2024-12-17,882.0532836914062,894.2075373476541,881.4744732606979,884.561285596331,4627400
2024-12-18,880.9921875,887.3587491753688,876.2655593235513,883.2108136951535,3090700
2024-12-19,868.2590942382812,874.915031479115,862.0855284597576,867.6803426851862,3056500
2024-12-20,903.4679565429688,905.3007680094445,877.8089492686142,882.7285143349741,5655000
2024-12-23,910.7991333007812,911.570821692083,895.9438815450087,906.6512566809903,2858000
2024-12-24,912.535400390625,915.6222126745554,906.6512104712946,906.7476494367733,1237700
2024-12-25,912.9212646484375,912.9212646484375,898.2589506070723,911.570765889294,1452100
2024-12-26,916.3938598632812,916.3938598632812,908.6768589381168,912.535359400699,1624000
2024-12-27,932.599609375,935.204109128184,915.5257319664032,916.3939181761473,2023300
2024-12-30,933.3712768554688,938.3873394389777,929.8022108811703,936.0722743915446,1915900
2025-01-06,930.7669067382812,949.4806008497366,923.1463438810059,943.4034736840374,2341200
2025-01-07,928.7411499023438,931.0562739804191,914.850582062045,927.969461501669,1976100
2025-01-08,919.38427734375,930.959780030488,919.38427734375,926.0402149390449,2288000
2025-01-09,915.9115600585938,918.5160596823107,905.1077468377224,911.5707469777473,2040800
2025-01-10,911.474365234375,920.3488698781567,907.7123034443878,909.9309296053332,2053100
2025-01-14,903.75732421875,913.8858882672264,897.9695733339064,906.7476386255006,2336700
2025-01-15,906.0723876953125,914.561077203336,900.0917000160073,912.5353879475286,2053000
2025-01-16,910.1238403320312,916.1045281115423,905.879466068882,906.8440912308662,1727500
2025-01-17,906.7476806640625,910.7026204016456,893.725240569419,907.5193690426094,2099300
2025-01-20,916.2974853515625,918.1302378745722,907.4229218882061,911.5707984020214,1778400
2025-01-21,917.0691528320312,919.3842178940502,911.5707776361592,916.297464478025,1489200
2025-01-22,926.3295288085938,935.39702885749,923.4356533303563,926.0401530359795,2805000
2025-01-23,940.8954467773438,943.4998877252148,918.8055060730418,919.2878186746549,2499400
2025-01-24,932.599609375,961.2489889079271,932.599609375,945.332673486973,3461300
2025-01-27,949.4805908203125,950.8310896766698,931.4420874586589,941.3777743103213,3938200
2025-01-28,965.1074829101562,968.4836710062937,944.753915366718,945.3326669184938,3796300
2025-01-29,977.165283203125,986.8115347648537,962.9852816321743,968.0013442194827,3103200
2025-01-30,970.4129638671875,974.2714647175541,958.9339002869268,966.0721504105252,2068400
2025-01-31,965.5897827148438,973.7890965540807,951.2168443168214,973.7890965540807,2458600
2025-02-03,957.1975708007812,963.0818198256084,942.9211296664631,945.7185662869932,2516200
2025-02-04,961.5383911132812,973.7891429734469,953.6284526690447,971.8598925663673,2256300
2025-02-05,959.6090698242188,967.5190076841839,956.9081312290234,964.6251322873219,2457100
2025-02-06,969.4483032226562,975.2360542866721,963.2746785372867,964.6251773359764,1855500
2025-02-07,958.0657348632812,969.4483001444945,951.4097976103774,966.0721120345386,2136700
2025-02-10,959.2233276367188,977.647645506299,952.0850775675551,964.6252052356181,3098500
2025-02-12,963.274658203125,981.5060972203394,954.9789054035734,977.1652840139595,2511600
2025-02-13,964.5287475585938,978.1299391382024,956.4258724413488,976.6830013584122,2052900
2025-02-14,964.6251831054688,970.8952467956543,960.573745561216,966.5544334716797,1677500
2025-02-17,964.6251831054688,969.4483090209961,961.5383707443215,965.5898082885742,975300
2025-02-18,962.8888549804688,967.036731429846,958.4515438797006,964.6251685085746,1081700
2025-02-19,940.4130859375,962.6959034386164,938.2908988240492,961.7312782848702,1997800
2025-02-20,931.2492065429688,934.7218337681577,919.6737039576046,934.4324579787337,2302900
2025-02-21,940.509521484375,943.8857095102164,931.4420215216967,936.7474598480188,1738700
2025-02-25,928.2588500976562,938.966225511398,927.0048490697545,933.7572257018963,2141600
2025-02-26,945.1397705078125,945.1397705078125,929.8987039404306,934.7218299982128,2181900
2025-02-27,949.191162109375,954.8824741317914,941.4741607914126,945.3326614503939,2163800
2025-02-28,940.4130859375,947.1654620137228,932.5031479015726,945.1397138652278,2585600
2025-03-03,947.3583374023438,951.6991505825571,942.5352116465513,948.2265235888052,2715000
2025-03-04,962.5029907226562,964.1428653002775,949.6734876319392,953.0496757545516,3194300
2025-03-05,964.6251831054688,968.9659964294434,956.6188058609031,964.142870513916,2311500
2025-03-06,966.0721435546875,968.4837065690526,961.8277690989847,964.6252057460683,1533100
2025-03-07,946.3937377929688,951.4098004895785,935.2041092879572,946.2972988256688,2358400
2025-03-10,953.7249145507812,962.8888536388442,948.8052908726135,953.8213535170785,1622300
2025-03-11,932.6961059570312,942.4387966814147,920.9276670380004,940.5095463299687,2914900
2025-03-12,940.0272216796875,943.6927855251889,927.4870945562027,929.1269691090987,2219700
2025-03-13,937.3262939453125,956.9081732147185,936.168731960569,954.2072345010157,2318900
2025-03-14,935.6864013671875,943.3069636503907,927.2941507343548,929.6092746592905,2775100
2025-03-17,971.3775634765625,974.2714390380617,946.4902454228792,948.419495797212,2466500
2025-03-18,983.4353637695312,990.6700525662663,979.0945504914902,983.9176763559802,2253200
2025-03-19,989.2230834960938,998.3870223485685,984.3999577842649,984.8822703554478,2288800
2025-03-21,983.4353637695312,995.0108658443074,974.7537372134491,975.2360497998981,3146500
2025-03-24,1005.6217041015625,1006.1040166694769,974.7536997550397,983.9176385454136,2680400
2025-03-25,1022.502685546875,1029.7373743597068,1011.4094960338665,1012.8564337964328,3266400
2025-03-26,1018.1618041992188,1027.8080553048485,1009.480178204152,1022.0203046414707,3086900
2025-03-27,1023.9496459960938,1027.3258341835515,1017.1972696211784,1025.3965837907185,3155600
2025-03-28,1007.7354125976562,1031.3196640870212,1002.3306882980102,1021.9842312058142,2666900
2025-03-31,981.006591796875,990.5385721955176,969.1162222130505,987.5905407306501,3294500
2025-04-01,980.5152587890625,1001.348026588035,980.4170150641503,995.943302205077,2513300
2025-04-02,970.9832763671875,979.7291270693796,961.353052209017,979.0412410628273,2372500
2025-04-03,967.2491455078125,970.8850631040771,929.61262115026,933.5433299077664,3028100
2025-04-04,977.7637939453125,997.4173375422032,945.3354470104429,945.3354470104429,4496900
2025-04-07,916.2482299804688,944.9423557593259,895.2189142602708,913.8897807486848,3845500
2025-04-08,951.1332397460938,963.4167041504091,932.5606175756274,935.3121016066233,3103100
2025-04-09,922.0459594726562,948.1852076953854,914.5776371106499,928.5316646607861,2804700
2025-04-10,984.6425170898438,987.5905485781367,949.0695918022047,963.514958090411,3953200
2025-04-11,975.2088623046875,975.6018971919418,942.387420337253,946.1215816443739,2940500
2025-04-14,975.2088623046875,980.7118305490914,969.5092866498733,975.4053497593869,2201100
2025-04-15,960.9600219726562,984.151179035164,958.4050253613891,982.5789195650412,1667600
2025-04-16,962.0409545898438,964.49764752802,953.9829897570545,960.9600336881881,1828800
2025-04-17,980.9083251953125,980.9083251953125,960.4686528445048,962.1391559866865,1378100
2025-04-18,983.6598510742188,986.1165440089695,977.5672406004658,982.6771739003184,1436000
2025-04-21,975.2088623046875,982.4806374863743,971.081606132457,981.6945077340102,1291700
2025-04-22,991.521240234375,993.4865945262172,974.0295990325503,975.6018584748828,1635700
2025-04-23,1001.3480224609375,1004.2960539304005,989.5558965830854,1004.2960539304005,2185700
2025-04-24,982.0875854492188,997.9086638589926,982.0875854492188,996.9259866912338,2010900
2025-04-25,977.66552734375,995.4519598916397,973.439967587001,982.0875745495865,3131500
2025-04-28,978.9429931640625,981.3996860499501,967.9369970397153,978.8446894619148,2524100
2025-04-30,978.45166015625,980.6135619037075,966.9543253892823,979.7291284686122,2188800
2025-05-01,987.0991821289062,991.5212292365022,969.6075411210975,980.7117807512677,1722000
2025-05-02,995.4519653320312,998.3999968187006,983.6598393853536,987.5905480342461,2044700
2025-05-07,1002.822021484375,1014.1228085956639,995.9432815035905,997.4172972137586,3014300
2025-05-08,1009.7008056640625,1013.6315143965746,1001.3480496074741,1012.1574986218825,1673700
2025-05-09,1015.5968627929688,1024.9322959778099,1009.2094611401828,1022.9669416231064,2211200
2025-05-12,1070.1353759765625,1110.425137606534,1057.8519120649858,1104.0377363725142,5184100
2025-05-13,1047.5338134765625,1067.1873559432897,1041.6377507365444,1063.2566474499442,3070100
2025-05-14,1043.11181640625,1049.9905565992258,1022.4755958273228,1038.689769139337,2517100
2025-05-15,1019.5275268554688,1036.2330381388836,1009.2094169451243,1032.3023296016095,3369800
2025-05-16,1021.0015869140625,1027.8803271531372,1001.3480433738496,1022.9669412680838,3110000
2025-05-19,1036.724365234375,1042.129089413322,1012.1574371482524,1012.1574371482524,2700700
2025-05-20,1023.9495849609375,1042.6204507135842,1017.0708449468045,1041.637773568708,2840000
2025-05-21,1023.9495849609375,1046.5511592930886,1022.4755692436233,1031.8110021199466,2316200
2025-05-22,1023.9495849609375,1027.8802935404422,1016.0881678019284,1017.0708449468045,2188400
2025-05-23,1030.3370361328125,1030.3370361328125,1018.5449098251408,1023.4582957866708,1631600
2025-05-26,1029.845703125,1039.1811365025644,1025.9149943344466,1037.2157821072876,1329500
2025-05-27,1031.81103515625,1034.759066685268,1020.5102476283482,1029.8456808035714,1359600
2025-05-28,1033.2850341796875,1043.6031443640782,1028.8629869578058,1042.62046720366,1632200
2025-05-29,1031.3197021484375,1035.7417494658914,1023.9496232860142,1032.7937179209223,2557300
2025-05-30,1037.70703125,1044.585771040483,1018.5448275479404,1029.3542757901278,2315200
2025-06-02,1043.6031494140625,1046.0598423269957,1030.8283462668094,1034.267716344916,1911200
2025-06-03,1040.163818359375,1046.0598815716153,1028.8630305359145,1040.163818359375,1665500
2025-06-04,1039.6724853515625,1042.6205169735424,1029.8457132782964,1030.3370518819597,2116100
2025-06-05,1022.4755859375,1035.250389029463,1022.4755859375,1029.8456646444017,2176000
2025-06-06,1017.5621948242188,1023.45825775898,1009.7007775778703,1022.9669191810832,2470600
2025-06-09,1021.0015869140625,1024.9322956221051,1013.6315080864827,1017.07087820602,1590300
2025-06-10,1025.423583984375,1027.8802768065705,1019.0361826466668,1026.406261113253,2007500
2025-06-11,1036.2330322265625,1042.620433563189,1028.3716151968683,1032.7936622760712,3654100
2025-06-12,1023.458251953125,1030.8283305797677,1013.6314804509346,1029.8456534295487,2922300
2025-06-13,1021.0015869140625,1025.4236342106103,1014.6141852634933,1016.5795396175146,2179500
2025-06-16,1018.5448608398438,1029.3543094353463,1015.5968294047068,1022.9669079925493,1471500
2025-06-17,1039.18115234375,1042.1291839816047,1016.0882378472222,1016.0882378472222,1864700
2025-06-18,1047.5338134765625,1058.8346003949307,1044.0944435448853,1044.5857821065533,1834400
2025-06-19,1053.429931640625,1057.8519789282955,1048.5165457654355,1051.955915878068,1737300
2025-06-20,1033.7763671875,1046.5511702040756,1032.302351454818,1046.5511702040756,2470800
2025-06-23,1028.863037109375,1036.7244547759224,1023.4583124636238,1032.7937459426487,1627500
2025-06-24,1019.5275268554688,1039.6724081089985,1019.0361882883095,1038.1983924075207,1615200
2025-06-25,1013.6314697265625,1018.0535168557623,1006.7527297478074,1013.6314697265625,2518900
2025-06-26,1016.5795288085938,1017.562205975156,1007.2440957262529,1010.1921272259395,2568200
2025-06-27,1012.6488037109375,1025.9149452442684,1008.718095108469,1020.5102209158745,2326200
2025-06-30,1010.6834716796875,1023.4582749191975,1007.7354401628776,1022.4755977469274,2698900
2025-07-01,1000.3653564453125,1012.6488210382067,996.4346477755863,1007.7354352010491,2177600
2025-07-02,1016.0881958007812,1019.5275659026214,1002.8220539793978,1004.2960697373293,2215600
2025-07-03,1022.4755859375,1022.96692451796,1012.6488143282976,1014.122830069678,2164900
2025-07-04,1013.14013671875,1025.4236010339628,1013.14013671875,1021.0015538804862,1651800
2025-07-07,1019.5275268554688,1026.4062667956985,1017.0708340196725,1017.0708340196725,1526600
2025-07-08,1010.6834716796875,1021.0015819885225,1010.6834716796875,1017.0708732994425,1787900
2025-07-09,1030.3370361328125,1032.7937291135775,1012.157508075152,1012.157508075152,2249500
2025-07-10,1033.2850341796875,1041.1464514630327,1026.4062940567605,1031.8110184390603,2327100
2025-07-11,1033.7763671875,1043.603138738712,1032.7936900323787,1040.6551072733484,1667400
2025-07-14,1043.6031494140625,1047.042519492169,1032.3023620145693,1033.7763777623293,1637700
2025-07-15,1031.3197021484375,1046.5511984641123,1028.8630091942964,1046.5511984641123,1592900
2025-07-16,1015.1055297851562,1029.8456875264703,1015.1055297851562,1028.863010343716,1854100
2025-07-17,1020.0189208984375,1021.9842752739644,1008.7181332391581,1015.1055349596204,1678700
2025-07-18,988.5732421875,1019.5275733295539,984.1511948814923,1016.5795417922154,3323200
2025-07-22,993.4866333007812,1003.8047437356558,989.0645859715494,1002.3307279592452,3833700
2025-07-23,1011.6661376953125,1020.5102321482098,1006.7527518881473,1011.6661376953125,4307100
2025-07-24,1017.5621948242188,1029.3543206937413,1013.6314862010445,1021.9842420252896,3472800
2025-07-25,1020.51025390625,1029.35434854771,1014.6141908119432,1022.9669468622111,2070200
2025-07-28,1020.0189208984375,1031.8110471515986,1020.0189208984375,1026.8976612127815,2250200
2025-07-29,1011.1748046875,1021.9842535228377,1008.2267731869533,1020.5102377725643,2069500
2025-07-30,1053.9212646484375,1057.851973327779,1031.8110283271417,1032.793705496977,4153900
2025-07-31,1052.447265625,1061.7826988868464,1045.5685253267975,1058.3433287377452,2606100
2025-08-01,1089.297607421875,1090.771623128806,1061.2913089901895,1062.7653246971204,3745000
2025-08-04,1094.2110595703125,1095.68507536677,1077.9968858092795,1079.4709016057373,3608200
2025-08-05,1095.1937255859375,1107.4771904310019,1092.245694023122,1100.5984501177657,2284300
2025-08-06,1114.35595703125,1122.7087133229304,1097.6504444478892,1101.581153291033,3343900
2025-08-07,1120.251953125,1144.818881921601,1116.3212445175438,1129.5873860677082,4303600
2025-08-08,1143.836181640625,1143.836181640625,1123.199961868758,1126.639331830736,3131000
2025-08-12,1158.0850830078125,1171.842563841168,1151.2063425911347,1159.5590988113863,3463900
2025-08-13,1154.6456298828125,1165.946416898687,1153.6629527509974,1157.593661278258,2235300
2025-08-14,1143.836181640625,1150.7149215645807,1141.8708273766376,1145.8015359046124,2005100
2025-08-15,1156.6109619140625,1157.5936390269885,1146.784190784801,1150.7148992365057,1563200
2025-08-18,1172.3338623046875,1175.2818938109021,1157.1023661892452,1161.5244134485672,2146000
2025-08-19,1191.49609375,1203.2882200386598,1176.7559358891754,1177.247274484536,3289500
2025-08-20,1194.444091796875,1202.7968476835663,1189.039367399604,1194.935430378445,2032200
2025-08-21,1185.108642578125,1187.5653354524577,1172.825178206461,1184.125965428392,2569000
2025-08-22,1191.0047607421875,1191.9874379375192,1176.7559414098757,1183.6346817771987,1657800
2025-08-25,1184.6173095703125,1193.4614039594728,1178.7212466442056,1191.004711073595,1572800
2025-08-26,1172.3338623046875,1186.5826812513917,1170.3685079672111,1183.1433111608078,2094700
2025-08-27,1177.2471923828125,1180.6865623104752,1169.8771139663927,1171.8424682107714,2150500
2025-08-28,1187.5653076171875,1191.0046775606384,1173.8078278433848,1175.2818435334352,1786100
2025-08-29,1168.89453125,1187.5653980795503,1168.89453125,1180.6866576686632,2446600
2025-09-01,1183.143310546875,1187.0740192197882,1164.4724443505372,1168.8944916075648,2492800
2025-09-02,1199.357421875,1203.7794689036257,1179.212540966817,1182.160572319234,2097300
2025-09-03,1194.9354248046875,1212.1322750794259,1193.952747646131,1198.8661334389135,3070800
2025-09-04,1198.8660888671875,1200.8314431112321,1185.1086091588754,1195.4267189401096,2978000
2025-09-05,1202.3055419921875,1216.0630226524986,1196.9008174470653,1203.2882191822098,2364200
2025-09-08,1225.3984375,1241.1212723035285,1212.623634222133,1215.5716657477947,2707400
2025-09-09,1228.346435546875,1240.6298999023438,1224.415726953125,1228.346435546875,2335500
2025-09-10,1234.2425537109375,1254.8787747522829,1232.76853792227,1247.5086958089453,2836500
2025-09-11,1235.2252197265625,1235.2252197265625,1219.502384789709,1223.4330935239223,1864500
2025-09-12,1240.1385498046875,1251.9306754763643,1238.6645340957277,1246.034612640526,2803800
2025-09-16,1228.346435546875,1241.1212384765624,1224.415726953125,1235.2251755859374,3169700
2025-09-17,1218.0283203125,1231.2944617600342,1209.1842260141439,1229.8204460436416,2457600
2025-09-18,1222.9417724609375,1226.3811426526718,1214.0976776821924,1219.0110636703841,2062000
2025-09-19,1219.5023193359375,1235.7164919943123,1213.606256551074,1228.3464135132328,3781600
2025-09-22,1221.4676513671875,1230.8030839399858,1218.519620028409,1226.3810369318182,2325800
2025-09-24,1216.06298828125,1226.8724370659722,1210.6582638888888,1224.9070827414773,3271300
2025-09-25,1219.5023193359375,1225.8897206862064,1214.5889336818846,1224.4157049899904,2485600
2025-09-26,1248.0,1251.9307086614174,1225.8897637795276,1228.3464566929133,3328400
2025-09-29,1230.0,1245.0,1230.0,1244.0,2238400
2025-09-30,1225.0,1233.5,1220.0,1229.5,2066400
2025-10-01,1203.0,1216.0,1186.5,1209.0,2336900
2025-10-02,1183.0,1200.5,1179.5,1193.0,2425300
2025-10-03,1186.0,1191.5,1177.0,1177.0,2337900
2025-10-06,1232.0,1239.0,1221.0,1231.5,3094100
2025-10-07,1240.5,1259.5,1232.5,1235.5,3457600
2025-10-08,1244.0,1262.5,1244.0,1256.0,2197900
2025-10-09,1240.0,1243.0,1232.0,1235.5,1761500
2025-10-10,1212.5,1240.0,1212.5,1231.5,3385700
2025-10-14,1201.0,1209.5,1186.5,1194.5,3387300
2025-10-15,1208.0,1212.0,1197.5,1206.0,2658200
2025-10-16,1227.5,1231.0,1218.0,1221.0,1575400
2025-10-17,1219.5,1229.0,1213.0,1215.0,1824000
2025-10-20,1230.5,1232.0,1221.0,1227.0,1686400
2025-10-21,1231.0,1237.0,1228.5,1232.0,1545900
2025-10-22,1243.0,1245.0,1228.0,1231.0,1396500
2025-10-23,1266.0,1269.0,1240.0,1243.0,2375300
2025-10-24,1259.0,1270.0,1253.0,1254.0,2856700
2025-10-27,1255.5,1269.0,1255.0,1260.0,2487100
2025-10-28,1238.5,1257.0,1238.5,1255.5,2057600
2025-10-29,1213.5,1240.0,1210.5,1235.0,2732100
2025-10-30,1238.5,1238.5,1202.5,1205.0,7214500
2025-10-31,1239.0,1254.0,1235.5,1247.0,2416800
2025-11-04,1242.5,1254.0,1235.0,1242.0,2078000
2025-11-05,1252.0,1259.0,1232.0,1258.0,3354300
2025-11-06,1260.5,1265.5,1250.5,1252.0,2278900
2025-11-07,1260.5,1268.0,1251.5,1251.5,1947600
2025-11-10,1331.5,1347.5,1311.0,1311.0,4396500
2025-11-11,1348.5,1352.5,1329.5,1332.0,2930300
2025-11-12,1356.0,1363.5,1348.0,1356.0,2982800
2025-11-13,1354.0,1378.0,1344.5,1360.0,1895500
2025-11-14,1375.5,1375.5,1347.5,1361.5,1923200
2025-11-17,1376.0,1378.5,1358.0,1366.5,2246400
2025-11-18,1344.5,1373.0,1339.5,1364.0,2213700
2025-11-19,1359.0,1378.0,1349.5,1369.5,3531200
2025-11-20,1366.5,1393.0,1362.0,1378.0,2250300
2025-11-21,1406.5,1412.5,1364.5,1367.0,3592600
2025-11-25,1417.0,1417.0,1398.5,1410.0,2464600
2025-11-26,1445.5,1462.5,1417.0,1425.0,3144700
2025-11-27,1455.5,1458.5,1445.5,1452.0,1960800
2025-11-28,1452.0,1461.5,1441.0,1450.0,1984000
2025-12-01,1402.5,1451.0,1388.0,1451.0,2952600
2025-12-02,1412.5,1415.5,1389.5,1403.0,1928800
2025-12-03,1421.0,1424.5,1405.0,1410.0,2131400
2025-12-04,1436.5,1446.0,1427.0,1430.0,3363300
2025-12-05,1404.0,1430.0,1401.0,1428.0,1755700
2025-12-08,1451.0,1457.0,1408.5,1414.0,2206600
2025-12-09,1428.0,1458.0,1411.5,1455.0,2491800
2025-12-10,1445.0,1452.5,1426.0,1441.0,1762400
2025-12-11,1423.5,1449.0,1418.5,1449.0,1527900
2025-12-12,1446.0,1466.5,1423.5,1438.5,2481700
2025-12-15,1466.5,1471.5,1435.5,1440.0,1573600
2025-12-16,1442.0,1461.0,1440.0,1457.0,1885600
2025-12-17,1422.0,1446.0,1420.0,1446.0,1570700
2025-12-18,1430.0,1439.0,1423.0,1433.0,1595200
2025-12-19,1437.5,1446.0,1410.5,1415.0,3111800
2025-12-22,1435.5,1450.0,1431.0,1449.0,1406800
2025-12-23,1442.0,1447.5,1427.0,1432.5,1063300
2025-12-24,1440.0,1447.5,1432.0,1441.5,1316300
2025-12-25,1444.0,1451.0,1436.0,1450.0,635000
2025-12-26,1437.5,1452.5,1428.0,1438.5,1002600
2025-12-29,1435.5,1449.0,1433.0,1445.0,1348600
2025-12-30,1429.0,1443.0,1428.0,1436.0,1091300
2026-01-05,1426.5,1453.5,1426.5,1447.0,1992300
2026-01-06,1468.0,1473.0,1443.0,1454.0,2105300
2026-01-07,1451.0,1453.0,1432.5,1441.0,1678700
2026-01-08,1465.5,1479.0,1459.0,1464.0,2281700
2026-01-09,1467.0,1471.0,1446.0,1458.5,2380600
2026-01-13,1487.0,1497.5,1472.0,1490.0,2853300
2026-01-14,1488.5,1517.0,1483.5,1515.0,2231700
2026-01-15,1501.0,1511.0,1487.5,1498.0,1419400
2026-01-16,1495.0,1496.5,1479.0,1481.0,1976900
2026-01-19,1483.0,1503.0,1480.0,1491.5,1535400
2026-01-20,1478.0,1483.0,1468.5,1478.0,1153500
2026-01-21,1453.0,1470.5,1442.5,1450.0,2514500
2026-01-22,1468.5,1480.5,1453.5,1462.5,2084200
2026-01-23,1452.0,1486.0,1452.0,1476.5,1639800
2026-01-26,1438.0,1447.0,1421.0,1430.0,1935800
2026-01-27,1436.0,1448.0,1418.5,1435.0,2017800
2026-01-28,1416.5,1420.0,1401.0,1410.0,2420900
2026-01-29,1409.5,1413.0,1372.5,1400.0,2391000
2026-01-30,1426.5,1431.0,1414.0,1425.0,1912900
2026-02-02,1422.0,1457.0,1419.0,1456.5,1369900
2026-02-03,1456.0,1458.0,1424.0,1426.0,1734200
2026-02-04,1482.5,1486.0,1450.5,1458.0,1546000
2026-02-05,1494.0,1514.0,1489.5,1509.5,1827700
2026-02-06,1512.5,1512.5,1490.0,1498.0,1837700
2026-02-09,1494.0,1536.5,1488.0,1495.0,4561900
2026-02-10,1562.5,1563.5,1510.5,1525.0,3241500
2026-02-12,1582.0,1598.0,1551.0,1556.5,2450500
2026-02-13,1543.0,1582.0,1539.0,1576.0,2677500
2026-02-16,1541.0,1560.5,1528.0,1551.0,1706100
2026-02-17,1512.5,1539.5,1512.5,1539.0,1127700
2026-02-18,1543.0,1552.0,1528.0,1533.5,1150500
2026-02-19,1559.0,1559.0,1517.0,1530.0,1556600
