Price,Close,High,Low,Open,Volume
Ticker,3436.T,3436.T,3436.T,3436.T,3436.T
Date,,,,,
2011-02-21,1226.8927001953125,1231.5994496845528,1184.5319547921495,1213.5569099757981,5751200
2011-02-22,1163.3514404296875,1211.2033877433835,1150.8001099867508,1199.4365154531304,3975000
2011-02-23,1157.0760498046875,1179.0408832925052,1130.4044662837657,1139.8179663499734,2981600
2011-02-24,1143.7403564453125,1158.6450661657932,1132.7579387565372,1148.447106883359,1696700
2011-02-25,1187.669677734375,1192.3764267874835,1153.9379761870975,1158.644725240206,2099600
2011-02-28,1176.68701171875,1180.6093017578125,1141.3864013671875,1174.3336376953125,2033200
2011-03-01,1201.00537109375,1226.8924888247059,1186.1006669456237,1193.1607899631572,2253100
2011-03-02,1156.2916259765625,1172.7652515840982,1153.9382508897716,1169.6274181350439,1826100
2011-03-03,1176.68701171875,1190.807255859375,1141.3864013671875,1148.4465234375,1538900
2011-03-04,1170.41162109375,1200.2210323548509,1158.644748227526,1200.2210323548509,1817200
2011-03-07,1148.447021484375,1157.8605216604763,1139.817979656282,1157.076063312468,1398300
2011-03-08,1140.6021728515625,1146.0933800110956,1124.1285513729636,1133.5420493607344,1115300
2011-03-09,1171.1956787109375,1173.5490524792783,1149.23085687309,1151.5842306414308,1374500
2011-03-10,1137.4642333984375,1170.4114732623923,1125.6973620184538,1166.4891828023976,1667200
2011-03-11,1088.0433349609375,1123.3439478471971,1080.9832123836854,1113.9304510775278,3361000
2011-03-14,1088.0433349609375,1153.9378123486222,982.9259543662974,1027.6400640222264,5201200
2011-03-15,1035.48486328125,1071.5699418501422,911.5404629794034,1040.9760708895597,3825600
2011-03-16,986.8485717773438,1080.9835706750237,931.1520307628832,1036.2694461986257,5397000
2011-03-17,986.0640258789062,990.7707754057745,887.2222858146722,892.7134935960186,2704000
2011-03-18,1061.3721923828125,1095.8883612407901,1017.4425229272045,1026.8560235248349,2593700
2011-03-22,1157.8604736328125,1187.6698896206492,1129.6199742759147,1146.0935989007717,3075800
2011-03-23,1128.0509033203125,1146.0934421077723,1107.6549899084014,1139.8177764425689,3141600
2011-03-24,1123.343994140625,1132.757491298228,1099.0257931501505,1117.8527874653566,2142400
2011-03-25,1182.1785888671875,1192.3765461699568,1121.7753033046304,1122.5597615586896,3302000
2011-03-28,1229.24609375,1253.5642998165283,1174.3340155352585,1176.6873903158903,3726600
2011-03-29,1243.3663330078125,1252.7798320589757,1190.0231717178874,1201.005587277578,2440700
2011-03-30,1246.504150390625,1263.7622317679652,1224.5393195467373,1236.3061932131056,4026300
2011-03-31,1315.53662109375,1321.8122877417823,1270.0380378955165,1275.5292462125446,5124700
2011-04-01,1270.8221435546875,1317.8896303530091,1255.1329812885801,1306.907216766734,5905800
2011-04-04,1302.2008056640625,1312.3987637807088,1260.6245148808123,1272.3913896307888,3532400
2011-04-05,1308.476318359375,1317.1053588281718,1287.295946299601,1302.9851107883226,3797200
2011-04-06,1257.4864501953125,1307.6917732224492,1251.9952429892196,1307.6917732224492,4362700
2011-04-07,1251.2108154296875,1288.0803504298099,1250.4263572381956,1260.624313727591,2840200
2011-04-08,1278.666748046875,1288.0802455785085,1230.0303441334356,1250.4262554519748,2440000
2011-04-11,1315.53662109375,1320.243371079774,1281.020454529573,1291.2184128326253,1711600
2011-04-12,1260.6243896484375,1294.356093914077,1249.6419743061363,1293.5716356753414,3631400
2011-04-13,1256.7020263671875,1290.4337286978923,1251.2108190110262,1261.4087755296114,3520800
2011-04-14,1233.168212890625,1264.5465389183762,1221.4013406302183,1243.366168849644,3402200
2011-04-15,1180.609619140625,1226.1081958251143,1175.1184116097384,1224.5392793877181,3891500
2011-04-18,1206.4967041015625,1220.6169516138043,1197.8676639551923,1209.6345368820607,2934600
2011-04-19,1204.143310546875,1211.2034341917752,1189.2386050743078,1200.2210196330416,1936000
2011-04-20,1226.8927001953125,1235.5217409255863,1215.9102847204183,1231.5994496845528,1802100
2011-04-21,1257.4864501953125,1284.9424862257779,1242.5817449216313,1242.5817449216313,2836500
2011-04-22,1254.3486328125,1261.4087564493434,1240.2283855388134,1240.2283855388134,1574600
2011-04-25,1270.8221435546875,1283.3734733675733,1259.8397299684125,1266.8998529881605,1408200
2011-04-26,1259.8399658203125,1274.7446727633921,1251.9953832186916,1274.7446727633921,1020400
2011-04-27,1252.7796630859375,1270.037742351993,1245.719539749824,1269.253284203536,1257200
2011-04-28,1214.34130859375,1266.1155504330184,1202.5744354484616,1253.5642190780443,3349700
2011-05-02,1214.34130859375,1226.892639948724,1190.0231040934875,1223.7548071099807,3647300
2011-05-06,1193.9454345703125,1200.2211004550447,1153.1536063195529,1186.100852214397,3826200
2011-05-09,1175.9027099609375,1208.0654925549325,1171.1959612886455,1199.4364533223973,1398600
2011-05-10,1204.143310546875,1210.4189760090085,1171.1960668706738,1179.0406486983406,2103600
2011-05-11,1200.2213134765625,1222.1861479715583,1197.8679383520987,1212.772647473703,1186700
2011-05-12,1178.25634765625,1195.5144299787783,1176.6874310814746,1183.7475556679635,1047000
2011-05-13,1168.8426513671875,1183.7473563175074,1150.0156556404677,1176.6872329199875,1110300
2011-05-16,1131.97314453125,1157.0758060870367,1131.1886863576317,1145.3089334827616,1477300
2011-05-17,1141.386474609375,1147.662139074581,1119.4216489811533,1132.7574359697164,1316000
2011-05-18,1167.273681640625,1173.5493465956822,1132.757524387811,1142.1710218203966,1222000
2011-05-19,1128.8349609375,1172.7646050045605,1123.3437554291174,1162.5666519175643,1429700
2011-05-20,1135.8953857421875,1150.0156322500322,1134.326469463538,1135.8953857421875,1012400
2011-05-23,1108.439697265625,1124.1288649551595,1101.3795718053343,1123.3444065706828,660900
2011-05-24,1113.14599609375,1121.7750348231589,1076.2764669771846,1085.6899637729034,876900
2011-05-25,1102.947998046875,1120.990532865565,1097.4567917977083,1102.1635400112798,1077000
2011-05-26,1122.559814453125,1125.697647617215,1102.1638988865413,1113.930773251878,1831800
2011-05-27,1145.3089599609375,1157.8602910290026,1122.5596724000695,1128.8353379341022,1265400
2011-05-30,1130.404296875,1140.602253751735,1123.3441728834143,1139.0333373091603,838800
2011-05-31,1145.3089599609375,1156.2913746454944,1130.4042543176104,1134.3265452763806,1001100
2011-06-01,1134.3265380859375,1152.3690763819102,1124.128581657779,1152.3690763819102,1327100
2011-06-02,1105.3013916015625,1112.3615140461432,1097.4568111075841,1106.0858496509604,1356500
2011-06-03,1077.8455810546875,1111.577284100795,1073.13883179244,1102.1637855763,1787200
2011-06-06,1055.8807373046875,1077.8455669068653,1050.389529904143,1068.432068505932,1742600
2011-06-07,1075.4925537109375,1081.7682214204106,1037.0540889904153,1050.3898828730455,1843400
2011-06-08,1071.56982421875,1072.3542823623948,1046.4671636221176,1061.371868351368,1567100
2011-06-09,1074.7076416015625,1098.241385578239,1061.3718533481124,1098.241385578239,2738700
2011-06-10,1060.5872802734375,1088.8277699848604,1055.0960739406607,1071.5696929389908,1894400
2011-06-13,1043.329345703125,1058.234050641741,1032.3469315378288,1058.234050641741,1810200
2011-06-14,1040.9755859375,1046.46679098766,1027.6398022442538,1034.6999230230313,1372200
2011-06-15,1047.251708984375,1054.3118328651685,1039.4071268946045,1052.7429164472144,877800
2011-06-16,1048.8206787109375,1066.0787601856125,1033.915971982809,1033.915971982809,1321200
2011-06-17,1029.993408203125,1048.8204011938903,1022.9332858315879,1045.6825690287628,970300
2011-06-20,1023.7182006835938,1040.976285292819,1022.9337422922653,1029.9938678142212,790700
2011-06-21,1034.7003173828125,1039.4070663625675,1025.2868194233026,1030.77802656635,1169000
2011-06-22,1063.7254638671875,1073.9234218541148,1037.0538814398392,1041.7606312799594,2234400
2011-06-23,1052.7427978515625,1068.4319602636574,1046.4671328867246,1055.8806303339816,778700
2011-06-24,1065.29443359375,1065.29443359375,1049.6052666777891,1063.725516902154,742800
2011-06-27,1034.7003173828125,1052.74285513854,1033.1314010562276,1047.2516479954927,1282400
2011-06-28,1031.5626220703125,1042.5450378185894,1023.7180393929716,1039.4072047476532,1153200
2011-06-29,1067.6474609375,1071.569751389144,1041.7603439566494,1042.5448020469782,1750800
2011-06-30,1060.5872802734375,1080.983189509465,1056.66499003574,1077.845357319307,1388700
2011-07-01,1061.3721923828125,1081.7681103443447,1056.6654420839973,1077.0613600455295,1070400
2011-07-04,1075.4925537109375,1088.0438891298834,1072.354719856201,1083.3371383477788,1272900
2011-07-05,1091.9656982421875,1095.8879888249542,1079.4143683773348,1082.552200843548,1144400
2011-07-06,1100.5947265625,1103.732558997461,1081.7677319527352,1102.1636427799804,903800
2011-07-07,1095.88818359375,1103.7327661534762,1092.7503505698594,1098.2415583616678,576100
2011-07-08,1103.7327880859375,1116.284120430909,1098.2415801850125,1110.0084542584232,1083100
2011-07-11,1085.690185546875,1098.2415171716943,1082.55235264067,1087.2591019999775,1144400
2011-07-12,1068.4322509765625,1084.1214176575693,1066.8633343084618,1073.1390009808645,885100
2011-07-13,1066.07861328125,1072.3542784072617,1053.5272830292265,1066.8630714220014,975900
2011-07-14,1037.838134765625,1058.2340467111324,1029.2090950963718,1057.4495885593822,1443500
2011-07-15,1021.3645629882812,1033.9158940234674,1017.4422720397855,1033.9158940234674,1487700
2011-07-19,1011.1664428710938,1019.7954815612272,996.261739679045,1019.7954815612272,1356500
2011-07-20,1018.2268676757812,1043.3295331346603,1014.3045761978315,1039.4072416567105,1635400
2011-07-21,1011.9507446289062,1037.8378567008085,1008.8129128626151,1034.7000249345174,1082700
2011-07-22,1036.269287109375,1046.4672437576883,1015.8733738127485,1016.6578320164649,2117700
2011-07-25,1036.269287109375,1044.1138691465392,1026.0713304610617,1028.424705072211,1273900
2011-07-26,1025.2869873046875,1035.4849450973124,1021.3646958459856,1033.9160285138319,971500
2011-07-27,1008.0289306640625,1025.2870135236806,1001.7532641696558,1025.2870135236806,931500
2011-07-28,983.7107543945312,995.4776294470975,976.6506293629916,992.3397960997464,1725700
2011-07-29,955.4700927734375,979.7882971051095,951.5478017522,979.003838900862,1258600
2011-08-01,978.21923828125,988.4171934517843,966.4523669306336,968.0212831107158,1781200
2011-08-02,962.5301513671875,965.6679839714816,945.2720720435705,958.60786061182,1380800
2011-08-03,943.7035522460938,952.3325955334645,937.4278844007332,938.9968013620734,1470200
2011-08-04,951.5477905273438,977.4349109621355,945.2721249673942,950.76333233235,1235000
2011-08-05,907.6184692382812,913.8941371327551,887.2225485812412,902.1272598306166,1676100
2011-08-08,891.1443481445312,905.2645930975256,886.4375998268665,887.2220578798106,1305600
2011-08-09,880.9465942382812,883.299968933486,829.1723509437785,853.4905561275601,2147000
2011-08-10,855.0595703125,900.5581529529817,815.8366542431194,900.5581529529817,4437400
2011-08-11,825.2499389648438,838.5857269519182,807.2074022764489,831.5256038999377,4290400
2011-08-12,801.7163696289062,846.4304920054695,797.7940781923656,840.1548257070045,3643900
2011-08-15,826.0345458984375,829.9568371895033,803.2852564102565,811.9142972506011,2732200
2011-08-16,823.6810913085938,836.2324222237723,816.6209676688057,828.3878404017858,2140700
2011-08-17,781.3203735351562,815.052076408662,779.751457122435,809.5608689641377,4084000
2011-08-18,767.2001342773438,789.9494225125615,763.2778432023061,784.4582150075089,3027700
2011-08-19,734.2527465820312,749.9419078337841,727.9770820813301,749.9419078337841,2589600
2011-08-22,735.8218383789062,768.7690848734842,731.1150888796808,733.4684636292935,2677200
2011-08-23,756.2177734375,760.1400647935036,733.4684835726789,740.5286080134854,2297500
2011-08-24,717.7791748046875,764.846661677126,713.0724261174437,758.5709967608009,2848000
2011-08-25,717.7791748046875,733.4683370955004,706.0123030865778,716.2102585756062,4145900
2011-08-26,719.3482666015625,727.9773079675573,687.9699343615816,706.0124753995707,6007700
2011-08-29,729.5460815429688,757.7865750220515,720.9170418688046,721.7015000210014,5853100
2011-08-30,747.5886840820312,764.8467649317738,744.4508512002599,754.6488080660168,2675100
2011-08-31,713.85693359375,745.2352603451237,709.150184581044,745.2352603451237,3045400
2011-09-01,726.6624755859375,738.9596628875003,706.012416771497,711.5036244574976,3234400
2011-09-02,691.8922729492188,716.2104820891573,687.9699811524545,714.6415653704515,4536200
2011-09-05,662.8671264648438,677.77183108358,660.5137520513591,673.8495403944388,2253900
2011-09-06,665.2206420898438,669.9273919159511,641.6868929593069,643.2558095680093,3927600
2011-09-07,674.6340942382812,687.969884473224,664.4361369997956,680.1253019820812,3217300
2011-09-08,687.9697875976562,725.6237782529442,678.5562899338343,704.4434085093447,6291500
2011-09-09,694.2454833984375,709.1501886917373,667.5739055051641,692.6765670517743,4296600
2011-09-12,640.1179809570312,657.3760637769511,636.9801477170457,651.1003972969803,2658700
2011-09-13,646.3934326171875,650.315722863651,632.2731877299188,649.5312648143583,4429800
2011-09-14,625.9976196289062,657.3759464273477,622.8597869490621,645.6090738779321,2928800
2011-09-15,636.9800415039062,647.9624560125943,627.5665433536022,644.8246232958263,3027600
2011-09-16,658.9449462890625,662.8672376360213,640.1179478236608,644.0402391706194,1951800
2011-09-20,639.3333740234375,653.4536203208877,633.0577090023486,651.1002459379794,1671500
2011-09-21,600.1106567382812,627.5666998570262,596.972823238996,622.8599496080984,3363500
2011-09-22,601.679443359375,611.8774000264831,594.6193195129156,603.2483597696994,3343800
2011-09-26,560.8875732421875,601.6793967507102,557.7497406646089,598.5415641731316,2237400
2011-09-27,571.8701782226562,580.4992206924082,561.672218940222,572.6546366289973,2469900
2011-09-28,554.6119995117188,571.0856232595916,551.4741664168859,568.7322484384669,2112500
2011-09-29,578.9302368164062,579.7146951318756,535.0005711501207,548.3363625131002,3374700
2011-09-30,575.7923583984375,583.6369409379257,563.2410263352563,567.1633176050004,2679300
2011-10-03,535.784912109375,563.2409471369418,529.5092469602168,552.258533125915,3149300
2011-10-04,545.198486328125,545.9829445818345,519.3113639557105,526.3714882390963,2905000
2011-10-05,526.3713989257812,562.4564724735993,522.4491083227575,555.3963493881566,3092400
2011-10-06,556.1807861328125,563.2409089469103,537.3537919618851,537.3537919618851,2918600
2011-10-07,578.1458129882812,585.9903966109173,572.6546044524359,578.1458129882812,2351500
2011-10-11,615.0151977539062,618.1530303955078,600.8949508666992,611.8773651123047,3131100
2011-10-12,618.9375,619.7219581749049,600.8949619771863,615.7996673003802,2260600
2011-10-13,630.704345703125,644.0401341072956,628.3509712788596,629.9198875617031,2308900
2011-10-14,585.205810546875,630.7043856296079,581.283519591467,623.6442619098735,3024300
2011-10-17,613.4463500976562,616.5841830904831,597.7571851335218,599.3261016299352,1801200
2011-10-18,591.4815063476562,598.541630428729,581.2835493416621,589.9125898851956,1701600
2011-10-19,578.1458129882812,602.4640222184531,573.4390628146996,597.7572720448715,1367600
2011-10-20,562.4564208984375,571.0854594338389,556.9652145577274,571.0854594338389,1667000
2011-10-21,577.3611450195312,582.8523515618366,558.5341511601987,571.0854803997537,1335300
2011-10-24,589.9125366210938,593.8348274230957,583.6368713378906,589.1280784606934,985000
2011-10-25,585.205810546875,604.0328071328335,584.4213523557934,596.972683413099,992200
2011-10-26,593.0504150390625,597.7571643647694,571.0855848524305,573.4389595152841,1088700
2011-10-27,626.7822265625,626.7822265625,599.3261840973091,604.032934234199,2135300
2011-10-28,636.1956176757812,671.4962376454608,633.0577847895876,662.0827389868797,3340000
2011-10-31,633.0578002929688,662.8672134418322,632.2733420522092,633.8422585337283,1531300
2011-11-01,608.739501953125,624.4286643745972,606.3861275899042,618.1529994060083,1195500
2011-11-02,593.0504150390625,603.2483719114274,588.3436657133557,593.0504150390625,1555100
2011-11-04,602.4639892578125,614.2308640480042,594.6194060643513,611.8774890899658,1186300
2011-11-07,584.4213256835938,596.9726561680736,565.5943299568739,596.1881980127937,2628400
2011-11-08,549.9050903320312,578.9300380385722,545.9828001014176,577.3611219463268,2145300
2011-11-09,572.6544799804688,573.4389381722228,556.9653161453874,556.9653161453874,1956400
2011-11-10,555.3964233398438,560.8876309152377,545.1984664141122,553.8275068897312,2416300
2011-11-11,535.784912109375,552.258533125915,529.5092469602168,548.3362424076912,1662600
2011-11-14,544.4138793945312,559.3185821445256,538.9226731182175,549.1206276313716,1122100
2011-11-15,519.3112182617188,534.2159209006503,517.7423021944628,533.4314628670223,1771600
2011-11-16,512.251220703125,540.4917167908931,509.11338780448415,532.6471345442908,2476700
2011-11-17,523.2335205078125,524.8024366112842,498.91532090400113,505.1909853178879,1974700
2011-11-18,507.54443359375,513.820098924121,499.69985193078634,507.54443359375,1742600
2011-11-21,491.0708312988281,501.26878785934696,490.28637310186514,500.48432966238397,897300
2011-11-22,494.2087707519531,509.897938077412,473.02839486258375,478.5196034264943,2726400
2011-11-24,473.8128356933594,484.01079407748796,468.3216273326747,478.5195857168033,2935700
2011-11-25,492.6397705078125,500.48435284073946,478.51952230854397,479.30398054183667,2889800
2011-11-28,516.1735229492188,539.7072701961436,509.8978570167054,524.0181053648604,3625000
2011-11-29,509.1134338378906,513.8201836114305,497.3465594040411,510.6823504290706,3262000
2011-11-30,494.9931945800781,505.1911526300639,490.28644471085397,501.2688610723771,2669200
2011-12-01,502.8376770019531,509.89780039199616,500.48430253860545,505.1910514653008,2834400
2011-12-02,508.3288879394531,509.1133460998535,493.4241828918457,494.9930992126465,2470300
2011-12-05,516.9580688476562,526.371569342606,507.54456835270656,513.0357769747606,2925500
2011-12-06,493.4242858886719,512.2512856682079,492.6398275645245,509.1134523716185,2703200
2011-12-07,526.3713989257812,526.3713989257812,498.1309065840106,498.1309065840106,4934500
2011-12-08,502.8376770019531,518.5268400909376,491.07080468521474,505.97550961975,5683700
2011-12-09,487.1485900878906,494.9931728590322,483.22629870231987,494.20871458191806,3899700
2011-12-12,507.54443359375,508.3288917600464,491.8552702678227,496.5620192656009,3224600
2011-12-13,502.8376770019531,511.4667167008946,491.07080468521474,491.85526283966396,2483200
2011-12-14,494.2087707519531,500.4844376821367,489.5020205543155,498.9155209495908,2184100
2011-12-15,453.4169006347656,488.71752438660724,451.0635257179762,486.3641494698178,7305500
2011-12-16,447.9256896972656,451.8479812007443,434.5898985854381,445.5723147951784,4578500
2011-12-19,444.0033264160156,456.5546571980938,430.66753746005753,452.6323663286944,4088000
2011-12-20,451.84808349609375,464.39941914876306,450.27916653951013,453.4170004526774,3485700
2011-12-21,447.9256896972656,465.1837723125718,444.7878564944827,457.33918930561447,1962400
2011-12-22,447.9256896972656,451.06352290004855,437.72773178822104,441.6500232916997,2159200
2011-12-26,459.6924743652344,464.39922324952005,454.2012673335677,461.26139065999627,1657700
2011-12-27,450.279052734375,454.20134413450023,446.3567613342498,451.8479692944251,1078100
2011-12-28,447.9256896972656,451.06352290004855,444.7878564944827,447.1412313965699,915600
2011-12-29,440.865478515625,444.7877692497498,434.5898133410254,443.21885295609985,1293400
2011-12-30,446.356689453125,447.1411476068212,433.02090084029,436.9431916087709,1322900
2012-01-04,455.77008056640625,462.0457443263568,449.4944168064557,451.8477907164372,2319500
2012-01-05,442.43438720703125,450.27896854048925,439.296554673648,448.71005227379766,2066900
2012-01-06,431.4520263671875,444.7878162730824,428.31419344815345,438.51215043501423,2165200
2012-01-10,427.52978515625,429.09870179902526,419.6852019423739,429.09870179902526,2341200
2012-01-11,433.8053894042969,440.08105507379844,425.9608073174199,427.5297237347953,2180500
2012-01-12,447.9256896972656,454.2013561028315,435.37435688613385,441.6500232916997,3505400
2012-01-13,451.84808349609375,453.4170004526774,439.2967478434245,448.71024958292645,2600700
2012-01-16,438.5121765136719,446.3567592777805,436.9432599608502,445.5723010013697,2188800
2012-01-17,418.900634765625,436.94317146901335,417.33171853054773,436.94317146901335,3799900
2012-01-18,435.3742980957031,437.7276726800043,407.918261278857,413.4094686422262,4724500
2012-01-19,476.1661682128906,476.9506264801277,442.4344627216974,443.2189209889345,5598700
2012-01-20,505.9753723144531,509.1132040807443,482.44163406726926,484.0105499504149,7961900
2012-01-23,519.3112182617188,533.4314628670223,509.89772185818305,516.1733861272069,5365500
2012-01-24,513.8201904296875,527.1559816316794,511.46681551168894,521.6647734896827,3384300
2012-01-25,545.9828491210938,547.5517653542004,519.3112731582818,521.6646475079416,5665800
2012-01-26,537.3538208007812,552.2585253193431,531.86261387289,548.3362346565636,4335500
2012-01-27,519.3112182617188,536.5692950015342,515.3889280935789,536.5692950015342,3979800
2012-01-30,517.742431640625,531.0782215465199,509.11339111328124,509.8978493430398,3060200
2012-01-31,512.251220703125,524.0180940730284,509.11338780448415,519.311344725067,3254700
2012-02-01,529.5091552734375,536.56927734375,500.48420898437496,505.97541503906245,3422700
2012-02-02,451.0635070800781,502.83775311013926,451.0635070800781,494.20871210512905,10256300
2012-02-03,529.5091552734375,529.5091552734375,455.77010253906246,473.81263671874996,16373700
2012-02-06,545.9828491210938,569.5165926176927,524.0180218576015,537.3538098390076,9605400
2012-02-07,561.6719970703125,564.0253713597133,538.922712272772,546.7672932374411,3383500
2012-02-08,585.205810546875,585.9902687379566,560.1031484322638,560.1031484322638,4548400
2012-02-09,573.4389038085938,582.0679434007887,561.6720316374187,581.2834852560437,3677900
2012-02-10,560.8875732421875,578.9301105632649,560.1031150977929,574.2233616968969,2866700
2012-02-13,555.3964233398438,558.5342562400689,545.9829246391685,550.6896739895061,2911700
2012-02-14,560.1032104492188,564.0255018389191,541.2762117786567,555.3964607815783,2298000
2012-02-15,572.6544799804688,578.1456873227472,559.3186907206497,567.9477308299444,3193100
2012-02-16,600.1106567382812,615.0153658598856,562.4566547468597,564.0255714965023,6152100
2012-02-17,596.9727172851562,629.9199631800005,593.8348843427901,626.7821302376344,3813700
2012-02-20,612.661865234375,615.7996980908891,601.6794502365757,607.1706577354754,2747600
2012-02-21,596.1883544921875,607.9552299097965,582.8525623522307,607.9552299097965,2919900
2012-02-22,608.739501953125,611.8773344374194,585.9902164419901,588.343590805211,3180100
2012-02-23,633.0578002929688,635.4111750152474,600.110554181067,603.2483871441053,3896200
2012-02-24,669.142822265625,672.2806549608918,625.2131645318912,627.5665390533412,5551600
2012-02-27,669.92724609375,705.2278621057158,667.5738716929523,691.1076157009295,4559100
2012-02-28,675.4183959960938,675.4183959960938,633.0576603587081,646.393447503811,5889100
2012-02-29,685.6165161132812,725.6238871908297,682.4786830875911,686.4009743697037,8893400
2012-03-01,684.0474853515625,710.7190616152701,672.2806134705149,688.7542341039815,7032000
2012-03-02,694.2454833984375,704.4434396517479,669.9272800251589,698.1677742650953,4218900
2012-03-05,657.3759155273438,693.4609896493697,651.884708595731,693.4609896493697,4180000
2012-03-06,660.5137329101562,667.573855946013,640.9022800327764,654.2380679893947,5351600
2012-03-07,666.0049438476562,673.8495250472753,644.8245746086849,648.7468652084943,2999400
2012-03-08,695.8143920898438,699.7366829133491,662.8671491723991,690.3231849369363,6744800
2012-03-09,703.6589965820312,716.2103276247431,671.4962107850822,706.0123711525397,7035100
2012-03-12,765.6311645507812,784.4581604003906,706.796802520752,715.4258422851562,12571900
2012-03-13,743.6663818359375,760.9244624270668,741.3130072098744,755.433254966253,6204500
2012-03-14,769.5536499023438,778.9671502069597,757.002316162856,764.8468997500358,5108300
2012-03-15,749.1575317382812,775.0446506360438,724.8393291373527,770.3379017455416,8055300
2012-03-16,788.3804931640625,791.5183259726756,742.8819174391713,749.1575830563977,5413800
2012-03-19,780.5360107421875,796.2251767872566,769.5535945106392,784.4583022534548,3489300
2012-03-21,810.345458984375,835.4481256712095,775.044833956014,780.5360422937591,6087300
2012-03-22,784.4581298828125,814.2675388183594,778.9669229736328,799.3628343505859,4015600
2012-03-23,767.2001342773438,782.8892985774938,761.7089267722912,768.7690507073587,2601600
2012-03-26,790.73388671875,797.7940107073103,772.6913476368738,773.475805857825,2608000
2012-03-27,793.0873413085938,809.5609656087722,780.5360085084577,801.7163826086872,2543600
2012-03-28,809.5609130859375,813.4832043315089,782.889332616052,794.6562063527662,2433600
2012-03-29,804.0697631835938,807.2075964057736,786.0272221560595,799.363013350324,2286900
2012-03-30,789.9495239257812,817.4055649758333,786.8116906629182,807.992065187244,2742900
2012-04-02,773.4757690429688,792.3027654496941,773.4757690429688,785.2426417971722,2828100
2012-04-03,775.8289794921875,788.3803077751753,763.2776512091996,769.5533153506935,2822700
2012-04-04,736.6063842773438,771.1225513787315,734.2530092477036,767.9847180058781,4377400
2012-04-05,728.76171875,732.6840100242196,699.736763320775,707.5813458692141,5308100
2012-04-06,706.796875,724.0549562985572,701.3056673140954,718.5637486126526,3124900
2012-04-09,691.8922729492188,709.1503568549815,684.0476893556902,689.5388978711602,2745800
2012-04-10,684.8319702148438,717.7792127681353,683.2630539027823,696.5988425553049,2958200
2012-04-11,682.4785766601562,685.6164091965247,666.7894139783135,671.4961627828663,2836600
2012-04-12,660.5137329101562,680.9096439026314,651.100235529014,677.7718114422506,3629000
2012-04-13,654.2381591796875,684.8320299326945,652.6692427308153,671.4962401172812,2929600
2012-04-16,619.7219848632812,644.8246475412876,618.1530684459059,644.8246475412876,3777100
2012-04-17,600.1106567382812,641.6869506038092,596.972823238996,627.5666998570262,4876100
2012-04-18,622.85986328125,630.704445942223,606.3862396932069,626.7821546117365,3955000
2012-04-19,645.609130859375,652.6692550121506,619.7220089658642,619.7220089658642,4644700
2012-04-20,683.2631225585938,685.6164972631584,636.9800867021563,636.9800867021563,7495800
2012-04-23,663.6516723632812,686.4009613686419,657.3760064307679,669.1428800542303,4473900
2012-04-24,676.9874877929688,694.2455697529286,663.6516971875453,664.4361554584525,3881000
2012-04-25,681.6941528320312,708.3657307333996,677.7718619641829,694.2454836091457,3806800
2012-04-26,669.92724609375,687.9697831665325,666.7894135593531,679.3407436969409,2790900
2012-04-27,673.0651245117188,691.892121001557,663.6516262667997,674.634040885872,3430800
2012-05-01,641.6869506835938,666.0051603060771,640.9024923086749,665.2207019311583,2900100
2012-05-02,647.1781005859375,654.2382253196023,636.9801426373106,647.962558889678,1860600
2012-05-07,607.170654296875,629.9199423777657,602.4639050387597,625.9976513293362,2732200
2012-05-08,610.3084106445312,634.6266120969483,607.9550363104264,618.9374498695825,3185100
2012-05-09,590.6969604492188,606.3861227453467,581.283463071542,600.1104578268955,3286700
2012-05-10,595.4036865234375,609.5239320536376,580.4989829082263,591.4813960983819,2200900
2012-05-11,554.6119995117188,598.5416628393797,553.0430829643022,587.5592470074644,3678900
2012-05-14,558.5343627929688,575.0079886618624,547.5519455470396,550.6897790458764,3278100
2012-05-15,544.4138793945312,551.4740017497918,527.1558025261168,547.5517115524248,3687700
2012-05-16,548.3362426757812,568.7321544205171,538.1382868034134,545.9828682436964,4039600
2012-05-17,575.7923583984375,578.145733160284,545.9829447483821,548.3363195102287,3973800
2012-05-18,531.8627319335938,554.6120228275086,528.724898706847,553.0431062141352,4526400
2012-05-21,537.3538208007812,541.2761114635607,523.2335744147753,529.5092394752224,2570500
2012-05-22,564.8098754882812,570.301082611084,549.1207122802734,549.1207122802734,3923800
2012-05-23,535.00048828125,567.9477324276027,532.6471136993677,565.5943578457203,3437100
2012-05-24,536.5693359375,542.0605425918311,523.2335483484101,535.7848778440241,2678600
2012-05-25,503.62225341796875,533.4316702869451,502.8377950793115,532.6472119482878,4100900
2012-05-28,503.62225341796875,512.2512951431987,493.4242950154242,502.8377950793115,2755900
2012-05-29,520.095703125,520.880161199095,481.6572574943439,493.4241286057692,3932700
2012-05-30,526.3713989257812,527.155857046386,506.75994591066274,514.6045271167102,3735400
2012-05-31,518.5267944335938,522.4490848604742,498.9153422991916,508.32883932370464,3452700
2012-06-01,492.6397705078125,509.11339340695906,487.9330211080563,505.9755604737883,3010600
2012-06-04,478.5194091796875,489.50182184938524,471.4592867491675,474.59711894050974,2481700
2012-06-05,514.6045532226562,516.173469543457,490.28635025024414,490.28635025024414,3454100
2012-06-06,538.1383056640625,541.2761383501503,506.7599788031842,514.6045605184038,4060000
2012-06-07,542.8450927734375,553.8275079451544,538.1383434141302,549.1207585858472,2294700
2012-06-08,541.2761840820312,551.4741411734318,530.2937687528306,538.1383511308311,3875900
2012-06-11,619.7219848632812,619.7219848632812,575.7923251767702,584.4213654723349,8777900
2012-06-12,624.4287109375,636.1955836310459,600.1105073708386,607.9550891665358,11581500
2012-06-13,604.0327758789062,628.3509785441609,589.9125291700486,618.1530225877638,7644900
2012-06-14,610.3084106445312,614.2307012013728,589.9124997489557,604.8172038649533,3996700
2012-06-15,599.3261108398438,612.6619012642906,596.972736059059,609.5240682232443,2677800
2012-06-18,622.85986328125,628.351071143931,612.6619058219852,615.7997388863744,2908300
2012-06-19,606.3861694335938,618.9375002368764,605.6017112583886,614.2307511856454,2330200
2012-06-20,616.5841064453125,623.6442298015565,605.6016923355995,622.8597716508627,3113700
2012-06-21,619.7219848632812,633.0577744109721,614.2307774024673,621.2909012806566,3103800
2012-06-22,619.7219848632812,625.2131923240951,596.1882386026504,607.9551117329657,2337000
2012-06-25,604.0327758789062,640.1178508015422,603.2483177284141,635.4111018985897,3300000
2012-06-26,587.5591430664062,603.2483057651087,582.8523942567955,596.1881825506925,2437100
2012-06-27,575.7923583984375,588.3436904616187,566.3788593510516,588.3436904616187,2875500
2012-06-28,559.318603515625,592.2658424323939,553.8273970294969,582.8523455990313,3747400
2012-06-29,560.8875732421875,578.9301105632649,553.8274499426356,564.0254058197662,3294500
2012-07-02,562.4564208984375,567.9476272391474,560.8875048010917,565.5942530931289,2573700
2012-07-03,564.8098754882812,571.8699989318848,556.180835723877,563.2409591674805,2428100
2012-07-04,588.343505859375,599.32591796875,570.3009716796874,571.8698876953125,3853500
2012-07-05,567.9476928710938,585.9902300755622,564.0254021744702,584.4213137969127,1979400
2012-07-06,559.318603515625,571.0854745573282,552.2584808906031,567.9476422795407,2678400
2012-07-09,544.4138793945312,556.1807499866321,531.8625507629571,554.6118339076853,2950900
2012-07-10,532.1900024414062,542.8450647127997,524.018068248772,535.7849410387894,2338800
2012-07-11,518.5267944335938,520.880168689722,512.251129750585,520.095710604346,1952100
2012-07-12,505.9753723144531,524.0179049706275,502.83754054816194,524.0179049706275,2639600
2012-07-13,511.9327087402344,518.5268689499725,503.6221631859036,505.1910795821214,2782300
2012-07-17,478.5194091796875,509.89773109310966,478.5194091796875,509.89773109310966,3225200
2012-07-18,460.4768371582031,484.0105767063225,451.8477993238927,480.088286781636,3382900
2012-07-19,471.1502380371094,478.51952023545556,455.7702315685241,464.39927209736015,3366100
2012-07-20,462.3726501464844,477.7350855855856,459.6925454074765,471.45941943667805,2952400
2012-07-23,429.09869384765625,453.41690136004627,427.52977723395367,449.49460982578984,3294600
2012-07-24,427.52978515625,437.727743334289,422.0385769065367,433.80545172735094,3536200
2012-07-25,413.4094543457031,425.17632686028674,408.70270533986974,424.39186869264785,2773700
2012-07-26,426.7452392578125,429.88307189941406,410.2716178894043,416.5472831726074,3552100
2012-07-27,448.710205078125,454.2014138815286,434.5899538693728,442.4345378742351,3615200
2012-07-30,446.356689453125,468.321517756618,440.08102422355563,458.1235617585677,2504000
2012-07-31,471.45941162109375,471.4594116210938,430.66758232941845,438.51216488550983,3809300
2012-08-01,458.1236267089844,465.9682093581108,448.71012753003265,458.908084973897,2597700
2012-08-02,462.8302917480469,467.53704047768804,451.063419923944,451.84787804555083,1828900
2012-08-03,438.5121765136719,452.63242548906743,430.66759374956325,452.63242548906743,2512800
2012-08-06,442.17193603515625,454.2012842533059,440.08103707444667,451.06345154689274,2768800
2012-08-07,458.9079895019531,461.2613638070913,434.5897883488581,435.37424645057087,2169000
2012-08-08,465.96807861328125,498.91531649502843,462.83024643406725,470.67482688210225,4935200
2012-08-09,481.3011169433594,485.57963168958935,450.2790122614286,450.2790122614286,3790200
2012-08-10,479.06109619140625,491.07076460441516,475.3816027959674,476.9505189768122,2456500
2012-08-13,484.828125,493.4243218298088,480.0885293479221,480.0885293479221,1629300
2012-08-14,477.73504638671875,491.85529406317346,469.89046434424387,489.501919450431,2112900
2012-08-15,465.96807861328125,481.6572395093513,462.04578838926375,478.5194073301373,1738300
2012-08-16,489.5018310546875,489.50183105468744,465.18363111447064,465.18363111447064,2206800
2012-08-17,504.4065856933594,508.32887640637153,487.9329646987085,495.77754612473274,2362300
2012-08-20,508.3288879394531,518.5268440246582,502.8376808166504,509.8978042602539,2390100
2012-08-21,503.28668212890625,509.897791204737,498.13091910001236,505.97550050316215,1306800
2012-08-22,508.4217529296875,509.8978789445482,498.1310048150586,502.05329619155515,1749200
2012-08-23,513.0357666015625,514.6046833189985,493.4243076336129,500.48443286207475,1975500
2012-08-24,505.1909484863281,512.251070437224,498.1308265354322,501.2686585136082,2140600
2012-08-27,509.8978576660156,518.5268983342097,506.7600246957632,517.7424400916466,1824300
2012-08-28,476.9505920410156,513.0356697283294,474.5972174092343,509.89783688595423,3478600
2012-08-29,496.56201171875,500.4843024906201,476.9505578593997,481.65730678564375,2615700
2012-08-30,488.7175598144531,496.5621434390832,483.2263512772121,496.5621434390832,1790400
2012-08-31,462.8302917480469,484.0106610314321,462.8302917480469,474.5971635721498,3069700
2012-09-03,465.18377685546875,473.8128182473914,447.92569407162335,465.18377685546875,3003100
2012-09-04,469.1060791015625,473.02837073284644,452.6324542501698,459.69257918648094,2838000
2012-09-05,461.2613830566406,469.89042253559137,459.6924667877405,467.5370481322412,2623800
2012-09-06,469.89056396484375,480.08852278211083,457.3392300358997,463.6148970003717,2873800
2012-09-07,488.7175598144531,492.6398516267681,473.028392565193,489.5020181769161,2791100
2012-09-10,455.77008056640625,497.34635297607844,454.20116462641863,497.34635297607844,6441500
2012-09-11,422.0384826660156,444.0033107601577,418.9006500811382,443.2188526139384,6011200
2012-09-12,431.4520263671875,431.4520263671875,413.40948708274146,422.0385276100852,4275300
2012-09-13,432.2364807128906,436.1587718264377,420.4696073722493,427.52973137663406,2667300
2012-09-14,450.279052734375,456.5547189745754,435.37434541389916,439.2966368140244,4179300
2012-09-18,464.3992614746094,469.89046895826186,453.41684650730446,462.04588683875835,4041400
2012-09-19,469.89056396484375,476.9506892998748,454.9858549242227,462.0459802592537,3846500
2012-09-20,449.49444580078125,467.53698027446006,448.7099877801865,463.6146901714864,3499800
2012-09-21,451.0635070800781,458.90808981190554,448.71013226052986,451.0635070800781,2485700
2012-09-24,443.2188720703125,451.84791205752214,439.2965811670354,445.5722466122788,1999400
2012-09-25,443.2188720703125,445.5722466122788,429.09862481851496,438.51212298638,2256300
2012-09-26,429.09869384765625,440.8655684504256,427.52977723395367,431.45206876821015,2188600
2012-09-27,418.900634765625,427.52967405854986,417.33171853054773,423.60738347085675,2935900
2012-09-28,412.6249694824219,424.3918412357229,411.8405113655351,422.82292500194944,3334700
2012-10-01,411.0561218261719,417.3317878082508,405.56491409185276,407.9182888351324,2076300
2012-10-02,416.54736328125,420.4696548375706,411.0561551024011,416.54736328125,1835100
2012-10-03,400.0736389160156,415.7628012264476,397.7202645694508,410.2715944177964,2761400
2012-10-04,401.6426086425781,407.9182744026184,376.539945602417,399.289233982563,5067600
2012-10-05,425.1763610839844,425.96081931476664,406.34936354521017,407.1338217759924,4170400
2012-10-09,406.34930419921875,418.9006340586541,405.564846083004,412.6249691289364,2282100
2012-10-10,393.7980651855469,403.21156475173524,391.44469029399977,392.22914859118214,2589800
2012-10-11,400.8581848144531,407.9183094002263,387.522393930215,390.6602270794475,3202300
2012-10-12,406.34930419921875,411.84051101272166,400.0736392695011,400.8580973857158,2379500
2012-10-15,423.60748291015625,423.6074829101563,402.42710876464844,404.7804836697049,3047000
2012-10-16,421.25408935546875,425.9608389572058,413.40950668590693,422.0385476224249,2534000
2012-10-17,421.25408935546875,429.09867202503057,418.9007145546002,425.9608389572058,2535600
2012-10-18,449.49444580078125,450.278903821376,425.17624716234457,429.0985372653182,3789400
2012-10-19,450.279052734375,452.63242757445016,439.2966368140244,444.7878447741997,1971000
2012-10-22,449.49444580078125,454.20119392434964,433.0208273682919,434.58974340948134,1967900
2012-10-23,439.2965087890625,459.6924181256975,439.29650878906244,454.2012117658342,2014600
2012-10-24,433.8053894042969,442.43442969986154,429.0986401521707,433.0209311956092,1953700
2012-10-25,436.9432067871094,440.0810395108947,429.09862497764595,433.805374063324,2380000
2012-10-26,427.52978515625,446.35678486955277,427.52978515625006,439.2966599770642,2223900
2012-10-29,420.46954345703125,425.9607501812835,417.3317110431728,423.6073758708897,1887200
2012-10-30,421.25408935546875,433.8054216267676,418.9007145546002,422.0385476224249,1988400
2012-10-31,428.3142395019531,431.4520727583777,424.39194793142246,425.1764062455286,1323500
2012-11-01,431.4520263671875,433.0209428267046,424.3919022993608,427.5297352183949,1233500
2012-11-02,440.865478515625,442.4343948092749,436.15872963467524,439.2965622219751,1292200
2012-11-05,438.5121765136719,440.0810930664936,435.37434340802844,436.1588016844393,870900
2012-11-06,431.4520263671875,434.5898592862216,429.09865167791196,433.8054010564631,1154600
2012-11-07,437.72772216796875,442.4344718686996,429.8831393334173,439.296638734879,2187000
2012-11-08,416.54736328125,429.09869626147594,415.76290496998587,425.96086301641947,3050500
2012-11-09,411.8405456542969,413.40946201869417,405.5648801967076,409.4871711077009,2329500
2012-11-12,406.34930419921875,414.9783434775805,404.7803879667893,407.91822043164814,1782900
2012-11-13,405.5649108886719,408.70274385492854,397.72032847303024,407.91828561336433,1832400
2012-11-14,411.0561218261719,411.0561218261719,403.2115393485731,405.56491409185276,993900
2012-11-15,444.0033264160156,445.5722427637754,414.19391580857996,416.5472903302196,4063200
2012-11-16,464.3992614746094,472.24384359411295,445.5722643878009,445.5722643878009,4498800
2012-11-19,460.4768371582031,484.0105767063225,459.6923791732658,476.1659968569494,3231500
2012-11-20,437.72772216796875,461.261470671623,436.9432638845136,461.261470671623,4196400
2012-11-21,444.0033264160156,455.7701990242139,439.2965773727363,442.43441006825583,3963500
2012-11-22,451.84808349609375,457.3392928441366,445.57241566975915,451.84808349609375,3229900
2012-11-26,464.3992614746094,476.95059286581505,462.8303450507087,462.8303450507087,3103200
2012-11-27,452.6324462890625,466.75269591333137,448.7101547267656,462.0459460385751,2624500
2012-11-28,438.5121765136719,447.92567583060224,436.1588016844393,447.14121755419137,2763100
2012-11-29,456.55462646484375,456.55462646484375,445.5722127698131,447.14112901196034,1773600
2012-11-30,451.84808349609375,462.8305021921794,451.06362501780194,458.1237513224284,2019200
2012-12-03,454.9856872558594,457.3390615002862,451.06339684848126,456.5546034188106,1713300
2012-12-04,453.4169006347656,454.2013589403621,444.78785927320433,449.49460910678323,2096100
2012-12-05,458.9079895019531,462.8302800105168,447.9255760779747,450.27895038311294,1872400
2012-12-06,460.4768371582031,464.39912708288966,458.12346320339117,462.04575312807776,2557000
2012-12-07,454.9856872558594,463.6147261520912,451.8478549299569,461.26135190766433,3002800
2012-12-10,533.4315185546875,533.4315185546875,533.4315185546875,533.4315185546875,510300
2012-12-11,562.4564208984375,598.5414911373888,555.3962984603818,556.9652145577274,23769900
2012-12-12,580.4989013671875,596.1880608635979,556.1807041477513,562.4563679463154,10517900
2012-12-13,559.318603515625,585.205719807372,557.7496873767312,578.930055251797,6635000
2012-12-14,565.5942993164062,574.2233385570171,545.1983883840531,556.9652600757953,5487300
2012-12-17,564.0254516601562,582.067990447616,560.1031606194041,581.2835322394656,2983500
2012-12-18,567.9476928710938,570.3010672890679,553.8274463632489,561.672027756496,2598000
2012-12-19,578.1458129882812,580.4991880750721,562.456645743009,569.5167710033815,3146600
2012-12-20,574.2235107421875,582.068094222272,564.0255522180776,579.7147191782466,3844600
2012-12-21,566.3788452148438,596.1882581208882,556.9653464024087,584.4213846053443,4549500
2012-12-25,589.128173828125,593.8349235524508,573.439008080372,575.7923829425349,2775100
2012-12-26,633.0578002929688,633.8422585337283,587.559222328914,593.050430014231,4779100
2012-12-27,668.3582763671875,670.711650579748,636.9799535330473,643.2556180998753,5994100
2012-12-28,658.9449462890625,675.4185699462892,644.0402391706194,672.2807368687221,4267500
2013-01-04,687.9697875976562,689.53870387496,669.1427922700124,674.6339992405751,4249700
2013-01-07,666.7894287109375,696.5988384650735,662.8671379538143,696.5988384650735,3656300
2013-01-08,641.6869506835938,663.6517851813206,634.6268253093244,663.6517851813206,3411700
2013-01-09,643.2557373046875,658.1604434129669,624.428740115282,627.566572980183,3015600
2013-01-10,666.0049438476562,676.9873575271229,644.8245746086849,644.8245746086849,3694100
2013-01-11,669.92724609375,677.7718274297424,658.9448322233607,676.202911162544,3103300
2013-01-15,680.125244140625,691.8921168766219,675.4184950462262,679.3407859582252,3061500
2013-01-16,665.2206420898438,686.401016307327,662.0828088724388,673.0652251333561,4003600
2013-01-17,658.9449462890625,676.2030282156809,647.9625305175782,671.4962785993304,3630100
2013-01-18,735.8218383789062,736.6062966287772,687.1854268869104,691.1077181362648,6731100
2013-01-21,755.4331665039062,766.415580139477,717.779176896235,736.6061717000706,5385900
2013-01-22,743.6663818359375,756.2177131749406,722.4860102013697,752.2954221315022,4010900
2013-01-23,702.8746337890625,727.977299281529,701.3057171957834,720.1327163151332,3862500
2013-01-24,690.3231201171875,709.1501143022017,671.4961259321733,691.1075782082297,5752500
2013-01-25,720.132568359375,727.9771497140523,701.3055731081496,713.8569032756332,3567800
2013-01-28,692.6765747070312,736.6062328990967,692.6765747070312,735.8217747170955,3338800
2013-01-29,724.9124145507812,726.4848926734511,691.8903739747153,694.24909115872,3231200
2013-01-30,741.4232788085938,742.2095177044671,714.6911563488989,722.5535453076327,2424200
2013-01-31,746.1407470703125,750.8581806661206,729.6297294849842,741.4233134745044,2690200
2013-02-01,742.9957885742188,759.5068060980902,735.9196382068452,757.1480893089658,2504000
2013-02-04,745.3545532226562,761.8655718067024,739.8508803613075,758.7206158859317,2503600
2013-02-05,706.0426025390625,729.6297718889198,702.8976466257482,723.3398600622912,2939100
2013-02-06,732.7747802734375,739.0646925504627,718.6224776501308,723.3399118578997,2604200
2013-02-07,742.9957885742188,745.3545053633433,723.3398153315146,725.698532120639,1636000
2013-02-08,715.4774780273438,750.8582324352893,713.118761066814,728.8435408036787,2274900
2013-02-12,709.9736938476562,738.2782929379282,709.9736938476562,732.7746208925976,2172500
2013-02-13,683.24169921875,706.0426304930236,673.8068311052574,703.6839134646505,2843700
2013-02-14,705.2564697265625,721.7674907569503,683.2417750193789,684.028014116064,2199100
2013-02-15,703.6838989257812,706.0426159054207,678.52425114296,695.8215089936496,2525800
2013-02-18,732.7747802734375,740.637170619719,714.69128247699,715.4775215116182,2329000
2013-02-19,734.3472290039062,741.4233800328518,722.5536439556636,733.56099000069,1815300
2013-02-20,728.0572509765625,742.995790683425,726.4847731126822,740.6370738876046,2118700
2013-02-21,716.2637329101562,735.9197080174602,716.2637329101562,721.7674059402013,2402100
2013-02-22,713.118896484375,722.5537661181264,690.3179615361425,713.118896484375,2310100
2013-02-25,739.85107421875,750.0721836394129,724.9125296808581,731.2024431704967,2318500
2013-02-26,721.7673950195312,732.7747409130753,717.0499610651552,719.4086780423432,1934300
2013-02-27,709.1875610351562,723.3398626966117,707.6150830727723,711.5462779787322,2234200
2013-02-28,728.8438110351562,730.4162895918664,713.9052647464098,720.9814182516055,1700400
2013-03-01,730.416015625,734.3472105422497,718.6224308732508,728.8435376581001,1307400
2013-03-04,743.7821655273438,746.9271218297849,731.2023403175789,733.5610575444099,1546800
2013-03-05,793.3152465820312,807.4675502871617,751.6445745613696,754.7895309402875,5349700
2013-03-06,812.9711303710938,855.4280365993714,806.6812183372748,825.5509544387315,6187300
2013-03-07,798.032470703125,821.6196373248922,786.2388873922414,809.8260540140086,4108900
2013-03-08,817.6885375976562,849.1380967360276,808.2536698561448,837.3445120591383,4422500
2013-03-11,816.9022827148438,912.0371972562259,812.1848489359322,888.4500283616684,9931000
2013-03-12,812.1849365234375,854.6418451122717,811.3986974754962,818.4748489069685,4796800
2013-03-13,809.0398559570312,825.5508734255421,788.5976438531607,809.0398559570312,3643800
2013-03-14,775.2315673828125,816.902229726919,773.6590895585066,809.8260795175424,4352600
2013-03-15,772.0866088867188,790.9563427087975,755.5755917923999,770.5141310682122,4183600
2013-03-18,779.1629028320312,787.8115324295615,756.3619702567246,787.8115324295615,3977300
2013-03-19,836.5582885742188,838.9170055532815,792.5289049650494,794.887621944112,4564800
2013-03-21,863.2905883789062,875.8704148033712,854.6419577120867,860.14563177279,4602600
2013-03-22,846.7793579101562,857.0004643658963,842.0619241613531,847.5655968682901,2673200
2013-03-25,851.4967651367188,866.4353048759594,837.3444643311224,860.1453934068055,2028600
2013-03-26,824.7647705078125,839.7033125856472,821.6198142809001,834.1996391885501,2181300
2013-03-27,848.351806640625,858.5729127447289,828.6958333635021,829.482072294587,2023300
2013-03-28,833.4133911132812,852.2831282705631,822.4060444382002,849.1381720776827,1841900
2013-03-29,857.000732421875,867.2218420746129,841.2759483407397,844.4209051569668,2616600
2013-04-01,846.7793579101562,869.5802876960379,846.7793579101562,857.0004643658963,2464000
2013-04-02,818.4749145507812,828.6960229937785,803.5363714417851,820.8336318837805,2830100
2013-04-03,796.4601440429688,819.2610761034289,775.2316900556439,819.2610761034289,4044700
2013-04-04,792.5289306640625,792.5289306640625,749.2857846456861,772.8729552011641,3605000
2013-04-05,811.3986206054688,862.504153880038,808.2536647116491,857.0004810658536,3288900
2013-04-08,821.6196899414062,846.7793359491814,816.1160173772055,845.2068580736955,2107100
2013-04-09,847.5656127929688,857.0004804678441,837.3445061451871,838.1307451180934,2504700
2013-04-10,850.7106323242188,859.3592616731711,844.4207200704352,848.35191522905,1799200
2013-04-11,827.1234130859375,864.0766454196248,823.9784571426449,860.9316894763322,3040000
2013-04-12,819.2611694335938,831.0547563256321,804.3226260370119,814.5437346767784,2789600
2013-04-15,809.826171875,825.5509519114078,800.3913038531553,802.7500208586165,2415100
2013-04-16,796.4601440429688,805.1087734452123,769.7280167996707,786.2390365675901,2957800
2013-04-17,795.6738891601562,806.6812354528857,787.8114989510639,802.7500403483396,2211000
2013-04-18,778.3766479492188,791.742711600872,771.3004966042258,783.8803212175466,1728100
2013-04-19,774.4453735351562,783.8802410300008,764.224267082408,778.3765683246747,1927200
2013-04-22,809.826171875,815.3298448877426,786.2390018203884,787.0252408222087,3770800
2013-04-23,816.1161499023438,824.7647796219254,791.7427388744318,798.0326513977639,2597200
2013-04-24,814.5435180664062,833.4132520756666,800.391217559461,821.6196683198789,2476200
2013-04-25,823.9786376953125,833.413507592587,805.8951370588696,811.3988111656131,2623400
2013-04-26,822.4058837890625,831.8407505246922,815.3297337373401,823.9783615783341,1809200
2013-04-30,804.3224487304688,815.3297940698886,782.3077580516289,814.5435551170729,3561100
2013-05-01,786.2389526367188,804.3224485473633,783.8802357788086,794.1013421630859,2374200
2013-05-02,782.307861328125,790.1702518942368,775.2317098186244,778.3766660450691,1456100
2013-05-07,832.6270751953125,839.7032259760092,801.1775161699937,809.8261449019565,3669400
2013-05-08,866.4353637695312,879.0151875629182,837.3445212473238,840.4894771956705,3473600
2013-05-09,871.1529541015625,902.6025192315828,857.7868889213039,859.3593671778049,2984300
2013-05-10,900.2435913085938,910.4646975854599,893.1674408092249,901.8160691973425,2798900
2013-05-13,919.1133422851562,937.9830772850227,914.3959085351897,923.8307760351229,1713300
2013-05-14,945.8458251953125,967.0742851124144,918.3274512286991,926.1898437905887,2948700
2013-05-15,972.5779418945312,990.6614444519882,970.2192241696456,977.2953773443027,2077300
2013-05-16,982.798828125,985.943784375,943.4868749999999,985.943784375,2149600
2013-05-17,999.3097534179688,1004.813426332151,964.7152379573938,976.5088227734989,2150400
2013-05-20,1051.20166015625,1055.9190946820072,1014.2484230378179,1018.9658575635751,2672500
2013-05-21,1095.2308349609375,1097.5895517627198,1025.2555698413944,1051.2014546610003,3219000
2013-05-22,1094.444580078125,1118.0317477522224,1069.2849345590876,1100.7344914578844,2755900
2013-05-23,1048.0567626953125,1113.3146106350807,1035.4769365864415,1095.2311106035786,3972600
2013-05-24,1085.7958984375,1100.7344372284576,1020.5380710875271,1061.422493041727,3748900
2013-05-27,1021.3244018554688,1059.0638716699896,1015.0344902197153,1052.773960034236,2381500
2013-05-28,1051.20166015625,1059.0640510325122,993.0199676719101,999.3098803729198,2102300
2013-05-29,1077.1474609375,1099.9483925923814,1068.4988316890967,1080.2924170278284,2194000
2013-05-30,1036.2633056640625,1071.6440710319553,1026.828434899291,1033.9045879728696,2701800
2013-05-31,985.1575927734375,1058.277829108577,979.6539190707925,1039.4080906995086,3554100
2013-06-03,970.2189331054688,993.019864272453,945.8455239269683,974.9363671400172,2406300
2013-06-04,991.4474487304688,996.951122117553,944.2731054126034,954.4942131314742,1673800
2013-06-05,964.7152709960938,1007.9584168027646,959.9978369080933,992.2336365094297,1852700
2013-06-06,953.7078247070312,979.6537094682284,915.1821170313144,942.7004796568265,3079500
2013-06-07,923.0443725585938,943.486581831612,884.5186704671363,920.6856561040147,2177900
2013-06-10,886.0913696289062,932.4794714994524,853.0693310091955,875.870262437091,5853800
2013-06-11,881.3739624023438,923.8308704930901,872.725332976451,897.0987431766943,2897800
2013-06-12,883.7326049804688,891.5949947044943,838.1307445811207,875.8702152564432,1856200
2013-06-13,850.7106323242188,883.7326716565822,835.772090721483,863.2904568317857,1989900
2013-06-14,849.1382446289062,896.3125915527344,847.565766398112,873.5116572062175,2527200
2013-06-17,861.7177734375,862.5040122818772,822.4058312186359,838.1306081061815,1900000
2013-06-18,868.7940673828125,875.8702181578761,842.8481812075793,845.2068981326005,1651100
2013-06-19,871.1529541015625,896.3126062055787,861.7180845625564,887.6639757948232,1330500
2013-06-20,843.6343383789062,867.2215053419698,843.6343383789062,864.8627886456634,1523000
2013-06-21,845.2069091796875,853.0692990325218,798.8188090479651,822.4059786064681,2076000
2013-06-24,838.917236328125,857.0007381421333,827.1236481885544,853.8557813049144,1630000
2013-06-25,791.7427368164062,831.0546899850461,775.2317164855775,829.4822118583005,2829900
2013-06-26,807.4673461914062,832.6269908633877,793.3150460634166,812.1847795674028,2042600
2013-06-27,845.2069091796875,845.2069091796875,801.9637649890989,819.2610226653344,1809100
2013-06-28,857.7866821289062,882.9463281675177,849.1380538031336,849.1380538031336,2520100
2013-07-01,855.4280395507812,858.5729955785415,820.8335232454189,854.6418005438412,1852900
2013-07-02,885.3051147460938,885.3051147460938,864.0766617282034,868.794095732179,1098600
2013-07-03,864.0767822265625,901.8162595212622,860.1455866750313,897.0988248594247,907100
2013-07-04,853.8556518554688,875.0841072883396,849.1382173148309,857.7868473060005,580200
2013-07-05,899.4575805664062,900.2438197102581,864.0768190930773,864.8630582369291,1347600
2013-07-08,893.1673583984375,944.2728850673622,892.3811195266079,923.0444355279627,1667600
2013-07-09,902.6024780273438,915.1823035050768,885.3052179954608,906.5336734891353,1474200
2013-07-10,879.8013916015625,901.816082365498,870.3665241313045,901.0298434096431,1619400
2013-07-11,849.9243774414062,884.5188941920277,839.7032702196317,871.9390699190744,2060500
2013-07-12,860.1455688476562,863.2905252236989,843.6345478734326,850.7106997195284,1551400
2013-07-16,852.2832641601562,875.8704393675406,847.5658291186794,871.9392434996432,2283700
2013-07-17,832.6270751953125,848.3518547079718,823.9784464633499,848.3518547079718,2068500
2013-07-18,822.4058837890625,832.6269894193281,799.6049558446239,831.8407505246922,11226900
2013-07-19,800.3914184570312,844.420808863312,794.8877446562462,833.4134612617419,2758700
2013-07-22,781.5215454101562,811.3986266230194,778.3765894930128,809.0399096851618,2159400
2013-07-23,755.57568359375,773.6591807036941,752.4307275746294,773.6591807036941,2690600
2013-07-24,746.9270629882812,765.7967993164062,739.0646728515625,750.8582580566406,2414100
2013-07-25,753.2171020507812,774.4455589979327,742.9959931503009,754.003341196972,2577000
2013-07-26,720.9813232421875,737.4923459118559,716.2638881937108,735.1336283876176,2720400
2013-07-29,687.1728515625,712.3324983016304,684.8141346807065,691.8902853260869,2679800
2013-07-30,702.897705078125,706.0426612529711,681.6692508979131,684.0279680290478,2265400
2013-07-31,680.0966796875,697.3939362807081,676.9517239432803,689.5315469201589,2136200
2013-08-01,665.158203125,676.9517882867907,651.7921399416371,673.8068322436466,3360300
2013-08-02,702.897705078125,702.897705078125,676.9518166356438,676.9518166356438,3279700
2013-08-05,690.3178100585938,698.1801996947964,685.6003762768721,696.6077217675559,1690800
2013-08-06,705.2564697265625,705.2564697265625,684.8142532127491,694.2491223729706,1781400
2013-08-07,670.6617431640625,690.3177145346388,670.6617431640625,687.9589979701697,2297800
2013-08-08,665.158203125,681.6692223515071,662.7994860926418,668.3031591681441,1768700
2013-08-09,653.36474609375,670.6620077231873,639.2124411242103,662.0133769084687,2355500
2013-08-12,629.7775268554688,644.7160699394311,627.418809526422,641.5711135007022,2033800
2013-08-13,643.1435546875,647.0747500095507,630.5637296569377,637.639881236629,1709200
2013-08-14,639.9984741210938,650.2195799731505,628.2048904456436,646.2883854146671,1324500
2013-08-15,640.7847900390625,654.1508531441718,631.3499219648677,631.3499219648677,1524000
2013-08-16,630.5635986328125,640.784704346312,622.7012096224282,628.9911208307357,1487700
2013-08-19,650.2196655273438,650.2196655273438,628.9912121183495,628.9912121183495,1309600
2013-08-20,633.7086791992188,662.0132852180424,633.7086791992188,650.2196993768658,1726300
2013-08-21,631.3499145507812,643.9297385019798,621.9150465873823,634.4948705385809,1213300
2013-08-22,628.9912719726562,632.9224674224853,618.7701638031006,632.1362283325195,1050600
2013-08-23,635.2811279296875,646.288474205697,632.1361718508276,640.7848010676922,1143400
2013-08-26,649.4334106445312,654.9370836160952,636.8535867095283,639.2123036973413,1309200
2013-08-27,638.426025390625,650.219609603506,632.1361138104218,642.357220128252,917200
2013-08-28,623.487548828125,626.6325049382291,614.0526804978128,618.7701146629689,942500
2013-08-29,634.494873046875,637.6398290471072,624.2737660461198,627.4187220463522,1077800
2013-08-30,644.7160034179688,673.0206084460747,641.5710473037348,669.8756523318407,4084900
2013-09-02,631.3499145507812,644.7159774989298,620.3425685934825,644.7159774989298,1779200
2013-09-03,672.2344360351562,673.806914248104,642.3573499891493,642.3573499891493,2905000
2013-09-04,686.3866577148438,688.7453747516645,656.5095752484473,667.5169214202775,2350500
2013-09-05,680.8829345703125,699.7526694775729,670.6618281622132,693.4627578418194,2180200
2013-09-06,694.2490234375,698.1802183607022,681.6691996832532,692.6765454682192,2616800
2013-09-09,577.0994262695312,617.1976152882589,576.3131872691641,613.2664202864229,8162700
2013-09-10,580.2445068359375,587.320659358327,570.0233976369304,584.9619418508638,3592100
2013-09-11,583.3892822265625,599.1140607232354,580.2443265272279,584.9617600762298,3591200
2013-09-12,587.3204956054688,588.8929735053496,576.3131503063033,580.2443450560053,2162800
2013-09-13,597.541748046875,599.9004654733758,590.4655957673725,591.2518349095395,3075600
2013-09-17,607.7627563476562,617.1976244927686,600.6866052388219,603.8315612871927,2263900
2013-09-18,617.9837646484375,625.059914625328,611.6938535578682,613.2663313305105,2395700
2013-09-19,632.1361694335938,632.1361694335938,617.1976281161333,621.1288231996755,1838000
2013-09-20,633.7086791992188,642.3573088160815,629.7774839188265,639.2123525917677,1423300
2013-09-24,619.5563354492188,628.991203501745,614.8389014229557,628.2049644973678,2263300
2013-09-25,632.1361694335938,636.8536035338445,620.342584182967,625.8462572999262,1401900
2013-09-26,636.8535766601562,636.8535766601562,618.770080038942,621.9150359730662,1579300
2013-09-27,628.9912719726562,639.9986192321777,626.6325547027587,635.2811846923828,1025200
2013-09-30,626.63232421875,630.5635182226317,616.4112198086574,619.5561750117629,1585400
2013-10-01,619.5563354492188,625.8462474842362,616.4113794317101,622.7012914667275,1284800
2013-10-02,614.0526123046875,623.4874795872179,609.3351786634223,616.4113291253201,1669300
2013-10-03,603.0452880859375,618.7700674362878,598.3278542808324,614.8388725987003,1620800
2013-10-04,598.3279418945312,606.1903327210034,586.534355654823,593.610507398648,1422100
2013-10-07,583.3892822265625,598.3278217984017,581.8168043768952,596.7553439487344,1459300
2013-10-08,581.0306396484375,584.9618347746109,570.8095323203864,576.3132054970293,1092200
2013-10-09,607.7627563476562,611.6939514081197,578.6719129002264,581.0306299365045,1465700
2013-10-10,607.7627563476562,608.5489953597489,592.8242151178949,607.7627563476562,1073300
2013-10-11,630.5635986328125,632.1360764348893,618.7700151172362,623.4874485234667,1486300
2013-10-15,627.418701171875,647.8609144932644,618.7700724589795,647.0746755193649,1414800
2013-10-16,616.411376953125,621.9150499616351,609.3352259421835,621.1288109604193,1465100
2013-10-17,647.0747680664062,647.0747680664062,632.136225425748,638.4261381165514,2485300
2013-10-18,691.8903198242188,694.2490368236195,658.8682818326083,659.6545208324086,4603000
2013-10-21,700.5390014648438,700.5390014648438,680.8830249927662,688.7454155815973,2252200
2013-10-22,703.6838989257812,717.8362008036181,700.5389429529286,706.0426159054207,2456800
2013-10-23,685.6005249023438,709.9739380582757,678.5243726957829,709.1876989242134,2130500
2013-10-24,691.1041259765625,692.6766040788982,673.0206277997013,680.0967792602122,1637700
2013-10-25,691.8903198242188,705.256382820823,685.6004078258168,689.531602824818,2700300
2013-10-28,695.0352172851562,698.9664119530587,679.3104386135464,692.6765004844148,2201600
2013-10-29,673.8069458007812,686.3867720934446,673.0207066574898,685.6005329501531,1426200
2013-10-30,702.897705078125,704.4701831655481,687.172924203894,687.9591632476055,2341100
2013-10-31,699.7527465820312,702.8977027464449,681.6692486366529,696.6077904176176,2375500
2013-11-01,678.5243530273438,702.8977654767616,676.1656356935291,702.8977654767616,1668800
2013-11-05,657.2958374023438,683.2417257208573,649.4334470027942,676.1655743612627,2092300
2013-11-06,673.8069458007812,683.2418155202788,657.2959237916606,662.0133586514094,1652200
2013-11-07,658.08203125,682.4554398148148,654.1508363201912,677.7380058990442,1815000
2013-11-08,661.2269897460938,663.5857067130834,640.7847760321836,647.0746879441559,1998600
2013-11-11,675.3793334960938,677.7380506095842,658.0820746638306,666.7307040799622,1383800
2013-11-12,684.8143310546875,687.1730486128552,666.7308297754018,671.4482648917373,1093600
2013-11-13,691.8903198242188,694.2490368236195,677.7380178278142,683.2416908264161,777000
2013-11-14,701.3250122070312,706.0424450245673,692.6763853748818,696.6075793894952,1385600
2013-11-15,715.4774780273438,719.4086729615599,702.1114152510088,707.6150881589114,1540500
2013-11-18,703.6838989257812,719.4086787900445,698.1802259732891,717.8362008036181,1416200
2013-11-19,694.2490234375,702.1114132839043,687.1728725757362,698.9664573453426,1529600
2013-11-20,683.24169921875,698.1802403984465,680.0967431809191,691.8903283227847,1520200
2013-11-21,696.6078491210938,702.897761979975,682.455545188611,682.455545188611,1796400
2013-11-22,715.4774780273438,718.6224339747167,703.6838932246952,706.0426101852249,1655200
2013-11-25,724.9124145507812,739.0647176548096,716.2637848760972,716.2637848760972,2131200
2013-11-26,716.2637329101562,726.4848399659543,712.3325378886955,723.3398839487857,1610600
2013-11-27,717.8363037109375,725.698694770203,709.1876735457455,714.6913472872313,908300
2013-11-28,757.9344482421875,789.3840104099131,753.2170139170287,788.5977713557199,4996400
2013-11-29,781.5215454101562,799.6050419337313,765.010526845153,772.8729166380117,4065300
2013-12-02,774.4453735351562,787.8114358195194,762.6517891666006,776.8040904088674,1790400
2013-12-03,757.9344482421875,772.8729902718571,754.0032529712217,768.9417950008915,2152800
2013-12-04,755.57568359375,765.7967906558923,745.3545765316078,747.7132935459483,1582400
2013-12-05,736.7059326171875,756.3619073401647,732.774737672592,754.7894293623266,1564300
2013-12-06,754.0030517578125,760.2929625128307,735.1333194927577,735.919558337135,1985000
2013-12-09,731.2022705078125,765.010547531292,712.3325344947076,757.9343965263777,4664700
2013-12-10,746.9270629882812,750.8582580566406,726.4848486328125,739.0646728515625,2666300
2013-12-11,734.3472290039062,742.2096190360679,731.2022729910415,738.2784240199871,1758500
2013-12-12,734.3472290039062,737.4921850167709,724.9123609653121,729.6297949846091,1168600
2013-12-13,724.9124145507812,740.6371957774793,720.9812192441067,730.4160879801256,2206400
2013-12-16,698.966552734375,722.5537254925654,697.3940745504957,722.5537254925654,2123600
2013-12-17,695.0352172851562,709.9737570231856,691.8902615508342,704.4700844881221,1142900
2013-12-18,713.905029296875,714.6912683159245,693.4628148015901,697.3940098968371,1864300
2013-12-19,728.0572509765625,742.2095517514849,724.9122952488019,725.6985341807421,1497500
2013-12-20,713.118896484375,721.7675269819805,709.1877008036453,718.6225704373967,1122200
2013-12-24,700.5390014648438,714.6913045247396,698.1802842881945,708.4013920536747,1522300
2013-12-25,702.111328125,705.2562836821108,692.6764614536675,692.6764614536675,938400
2013-12-26,717.8538208007812,720.2151820534154,700.5371716147974,703.6856532849764,1220600
2013-12-27,714.7053833007812,728.0864312260162,708.408419571259,723.3637084288745,850300
2013-12-30,730.4478149414062,741.4675018047465,717.0667666073504,721.0023690585432,1355000
2014-01-06,709.9825439453125,730.4476727064856,709.9825439453125,719.4279879889309,1417500
2014-01-07,720.2152099609375,725.7250530972507,710.7697645844006,717.0667281687586,1742600
2014-01-08,725.7250366210938,731.2348796323168,717.8538323193466,728.086397911618,1179200
2014-01-09,721.0023193359375,736.7447280550629,718.6409580280688,725.7250419516752,2360400
2014-01-10,703.6856689453125,711.5568732959312,696.6015850297556,709.9826324258074,3791100
2014-01-14,677.710693359375,687.9432589966245,672.9879707575675,678.4978137930095,4104300
2014-01-15,691.87890625,695.0273881897042,669.8395326720705,683.2205809158135,4068200
2014-01-16,713.131103515625,724.1507894419151,697.3886950494964,699.7500563194158,3295900
2014-01-17,730.4478149414062,736.7447788633149,713.1311641561574,717.0667666073504,2389600
2014-01-20,719.4281616210938,733.5963311059731,713.1311974055918,728.0864874174089,1569800
2014-01-21,698.17578125,724.1507539458851,697.3886608652763,718.6409112528186,3223400
2014-01-22,691.87890625,697.3887496444823,683.2205809158135,694.2402677047781,2163500
2014-01-23,707.62109375,710.7695747010567,697.3885306590656,697.3885306590656,2575800
2014-01-24,681.6463623046875,695.027410987343,677.7107597509653,687.943326390643,2848700
2014-01-27,646.225830078125,659.606876498744,644.6515893227581,654.0970338549597,2438900
2014-01-28,651.7357177734375,658.8198016622792,642.2902725883152,652.522838205531,1459100
2014-01-29,679.284912109375,681.6462733333937,661.968263133238,663.5425039492504,2000600
2014-01-30,643.077392578125,655.6713194829598,636.7804291257077,654.0970786198554,2174200
2014-01-31,625.7608032226562,648.5872979314072,621.8252006866646,646.2259364098123,1914200
2014-02-03,606.8698120117188,626.5478214803218,606.0826916329746,620.2508584503688,1491400
2014-02-04,567.5140380859375,588.7662974872139,567.5140380859375,580.895090301556,2235300
2014-02-05,580.89501953125,594.2760701166582,569.8753308138549,589.5533463806318,2260000
2014-02-06,581.6819458007812,589.5531493975442,575.3849829233709,580.1077050814287,1237700
2014-02-07,606.8698120117188,611.5925342841834,599.7857286030217,600.5728489817658,1468300
2014-02-10,618.6765747070312,627.3348982716335,612.3796121145933,625.760657623524,1249700
2014-02-12,628.9091186523438,640.7159231326756,618.6765547693894,618.6765547693894,2340700
2014-02-13,619.4638671875,632.8449164151843,616.3153850162802,628.1221931583545,1228900
2014-02-14,610.0184326171875,636.7805315965222,607.6570709425403,626.5479643397177,1798000
2014-02-17,570.6622314453125,602.934164533944,565.152389210668,598.2114426185344,5076000
2014-02-18,603.721435546875,611.5926407039399,574.597976465735,574.597976465735,3455300
2014-02-19,597.4244995117188,605.2957050388824,587.9790528791224,596.6373789590024,1613100
2014-02-20,602.1470947265625,627.3349470549939,597.4243724149816,602.934215111826,2873100
2014-02-21,628.1221923828125,631.2706745501448,595.8502501676554,595.8502501676554,2272000
2014-02-24,622.6121826171875,630.483385937253,610.8053776370891,628.1220249412335,1911100
2014-02-25,619.4638671875,629.6964342439645,613.1669028450603,624.9737109871347,1739500
2014-02-26,618.6765747070312,627.3348982716335,613.1667324386481,619.463695031086,1150400
2014-02-27,616.315185546875,624.1863884274226,602.1470203618893,613.9538246827107,1366000
2014-02-28,613.9539794921875,618.6767024113582,606.8698951134314,612.3797385191306,1445000
2014-03-03,592.7015380859375,608.4439428159757,586.4045761939221,602.1469809239604,1352000
2014-03-04,590.3402709960938,597.4243542480469,582.4690673828126,587.1917895507812,1247100
2014-03-05,587.9788818359375,604.5084086345381,586.4046411884517,600.5728070158237,1775600
2014-03-06,599.7857055664062,601.359946263431,586.4046596416964,587.978900338721,2218500
2014-03-07,591.12744140625,610.0183316775549,585.6175984104527,603.7213682537866,3312900
2014-03-10,572.2366333007812,588.7661646616016,565.9396689728496,587.1919235796187,3122100
2014-03-11,571.4494018554688,574.5978834083915,566.7266795260847,569.8751610790074,1254100
2014-03-12,581.6819458007812,584.0433068798102,559.642575729845,568.3008996862843,3222200
2014-03-13,581.6819458007812,598.9985937136597,573.8107422040183,576.9592236427235,3878100
2014-03-14,556.4942016601562,573.8108529140791,554.9199606370723,573.0237324025371,2933500
2014-03-17,553.3456420898438,553.3456420898438,541.538836070857,550.9842808860463,2398400
2014-03-18,561.2168579101562,569.8751825062457,551.7714128962406,551.7714128962406,2109700
2014-03-19,554.9200439453125,569.0882152800864,544.6874757590869,565.1526121315381,1947400
2014-03-20,533.667724609375,562.7911845069368,533.667724609375,558.8555818180771,2478200
2014-03-24,553.3456420898438,562.0039665037673,531.3062708544019,532.8805116569334,3262400
2014-03-25,553.3456420898438,564.3653277075647,537.6032340645281,550.1971604847806,1945700
2014-03-26,591.12744140625,595.8501639740763,559.6426242874085,564.3653468552347,4467100
2014-03-27,595.8502197265625,599.7858222346639,569.0881226714724,582.4691711990175,2786300
2014-03-28,632.0576171875,635.2060984686333,599.7856840558842,602.1470450167341,3732200
2014-03-31,627.3348999023438,643.0773064243599,621.8250576196381,637.5674641416542,2813500
2014-04-01,625.7608032226562,635.9933698162342,615.5282366290782,627.3350442370529,2574900
2014-04-02,642.290283203125,658.8198125502643,634.4190787521063,635.2061991972082,2571200
2014-04-03,627.3348999023438,644.6515470765615,622.612177945739,642.2901860982591,2680600
2014-04-04,627.3348999023438,636.7803438155535,623.3992982718397,627.3348999023438,1865700
2014-04-07,621.8251342773438,630.4834589318384,615.5281708922568,615.5281708922568,1854600
2014-04-08,598.998779296875,624.9737592138223,595.0631762791558,620.2510355925592,2982300
2014-04-09,587.9788818359375,598.998566368338,580.8947989222515,587.1917615121946,2487600
2014-04-10,594.2760620117188,621.0381628175445,591.1275795639746,605.2957505788235,2572500
2014-04-11,597.4244995117188,602.9343433807333,573.0237623775115,575.3851240356606,2203400
2014-04-14,610.8055419921875,620.2509885178399,591.9146489408828,595.8502516599045,2069500
2014-04-15,617.8895874023438,628.9092743114302,608.4441414802698,616.3153464153314,1999400
2014-04-16,627.3348999023438,628.1220202284446,614.7409746847309,620.2508169674365,1567500
2014-04-17,619.4638671875,634.4191575007942,617.1025055590852,629.6964342439645,1657400
2014-04-18,661.1810913085938,664.3295726957775,623.3993146623884,631.2705181303478,5015100
2014-04-21,658.0325927734375,662.7553147311417,647.0129082054613,658.0325927734375,1819900
2014-04-22,634.4191284179688,667.4781897002947,633.6320079112467,663.5425871666845,1950700
2014-04-23,650.9485473632812,657.2455103365656,643.8644640183362,643.8644640183362,1877100
2014-04-24,638.3546142578125,657.2455029658119,633.6318920808127,657.2455029658119,1692500
2014-04-25,624.1865844726562,630.483548754852,616.3153791199115,628.1221871490286,2103900
2014-04-28,621.8251342773438,622.6122547004796,608.4440870840339,617.1024117385284,1240800
2014-04-30,617.1024169921875,637.5675481679488,614.7410557026766,633.631946018764,1623700
2014-05-01,621.0380249023438,625.7607475251752,609.231218345265,621.8251453394823,1478800
2014-05-02,624.9735717773438,628.1220532472548,617.889488470044,621.8250903074327,1343200
2014-05-07,598.2114868164062,619.4637370059364,596.6372460616262,619.4637370059364,1454200
2014-05-08,588.76611328125,604.5085227272727,568.3009810014205,598.9986794211648,2970700
2014-05-09,580.89501953125,587.9791051352896,576.9594164178947,583.2563813992632,1897700
2014-05-12,584.8304443359375,592.7016481628007,580.8948424225059,587.1918054839965,1286500
2014-05-13,591.9146118164062,603.7214192329569,589.5532503330961,595.063093794153,1620800
2014-05-14,591.12744140625,597.4244048300184,582.4691166985687,587.1918392663948,1337600
2014-05-15,575.385009765625,579.320611747606,562.0039630268896,576.9592505584174,3941500
2014-05-16,612.3795776367188,623.3992615530607,589.5530895242961,590.3402098040348,7781000
2014-05-19,598.2114868164062,623.3993388928865,595.0630053068462,621.8250981381065,3463600
2014-05-20,606.082763671875,614.7410888671875,598.9986794211648,602.1471613103693,2478700
2014-05-21,610.0184326171875,615.5282765246976,599.785865360383,602.1472270350303,2117400
2014-05-22,624.1865844726562,629.6964282195776,609.2312943024413,612.3797764435392,2780500
2014-05-23,632.0576171875,633.6318578280666,623.3992936643835,624.1864139846668,2407800
2014-05-26,634.4191284179688,639.1418514583011,629.6964053776364,636.7804899381349,1184000
2014-05-27,630.4833984375,636.7803612183989,627.3349170470506,632.8447594803371,2120200
2014-05-28,635.2064208984375,643.0776280966833,632.8450587389638,632.8450587389638,2035300
2014-05-29,628.9091186523438,637.5674419379204,623.3992765615221,628.1219983536549,2144000
2014-05-30,626.5476684570312,635.2059905085731,613.9537454729704,626.5476684570312,10227400
2014-06-02,642.290283203125,644.6516445384306,629.6963560814951,633.6319583070044,2774700
2014-06-03,644.6514892578125,657.2454133458772,640.7158879802922,653.3098120683569,2271200
2014-06-04,644.6514892578125,651.7355715573489,641.5030082357963,650.9484513018448,1595900
2014-06-05,646.225830078125,652.5227930995927,639.1417466789738,639.9288670566573,1726100
2014-06-06,719.4281616210938,722.5766437288447,665.9039657893275,667.478206843203,11183400
2014-06-09,686.3690795898438,734.3834303409681,684.7948385816101,723.363743283333,6264000
2014-06-10,672.9879760742188,691.0917461908351,671.4137351945129,686.3690235517178,2511400
2014-06-11,687.9432373046875,690.3045985311337,678.4977923989023,680.8591536253485,2342400
2014-06-12,684.7947998046875,688.7304021024156,673.7751133710489,673.7751133710489,1292600
2014-06-13,682.4334106445312,688.73037406455,665.9038816669821,672.9879655145032,2176400
2014-06-16,687.1561279296875,704.4727772016842,682.4334054009611,687.1561279296875,2326900
2014-06-17,687.9432373046875,705.259886298627,683.2205148517949,698.1758026192881,1942500
2014-06-18,692.666015625,696.6016179865056,685.5819313742898,691.0917746803977,1098200
2014-06-19,697.388671875,704.472755449351,694.2401902863995,698.17579227215,1995300
2014-06-20,691.0916748046875,705.2598412585421,686.3689526534026,702.8984801828997,1963600
2014-06-23,703.6856689453125,706.83415068556,693.4531032895081,693.4531032895081,2219100
2014-06-24,699.7501831054688,706.834268198775,695.0274597099313,704.4729065010063,1712100
2014-06-25,710.7695922851562,715.4923138285792,700.5370289410731,702.1112694555475,2575000
2014-06-26,722.5765991210938,734.383406296275,718.6409967293666,724.1508400777846,2431400
2014-06-27,717.8538208007812,724.9379045586837,706.0470145376105,710.7697370428788,3299100
2014-06-30,730.4478149414062,741.4675018047465,715.4925256268732,716.2796461171117,2318400
2014-07-01,761.1454467773438,768.2295305632756,735.9575933162528,738.31895457823,3975100
2014-07-02,731.23486328125,742.2545490572861,718.6409366800659,738.318946994416,4070700
2014-07-03,732.8091430664062,734.3833839752492,717.0667339779765,731.2349021575633,2590300
2014-07-04,748.551513671875,756.4227178114321,739.8931891183622,744.6159116020965,2066800
2014-07-07,744.6158447265625,751.6999278159273,737.5317616371977,747.7643260996135,1214500
2014-07-08,735.95751953125,741.4673619234626,731.234797480782,738.3188805564839,2535600
2014-07-09,758.7841796875,770.5909874627205,717.8539127334026,719.4281537700986,5491000
2014-07-10,754.848388671875,765.0809528561653,750.1256667406641,755.6355089937435,2886400
2014-07-11,753.2744140625,759.5713788613506,742.2547256645115,750.913052262931,2452500
2014-07-14,757.2098999023438,764.2939842049644,744.6159722532402,747.7644541655161,1717900
2014-07-15,750.1256713867188,762.7195966146174,746.977190079744,757.2097543274118,1470000
2014-07-16,774.5264892578125,784.7590546646738,755.6355992759146,761.9325626032139,2654600
2014-07-17,752.487060546875,780.0362730145953,748.551458765772,771.3779490961689,3716400
2014-07-18,735.1705932617188,742.2546782074955,716.2797000729809,728.8736288654728,2441400
2014-07-22,738.3189086914062,745.4029920370594,724.1507420001,739.8931494348848,1679100
2014-07-23,745.4031372070312,750.1258603572342,739.1061730067606,739.1061730067606,1634400
2014-07-24,751.699951171875,757.9969141136289,743.8287474946826,752.4870715395942,2851500
2014-07-25,746.9771728515625,761.9324587147655,735.9574885313076,755.6354962460484,2175800
2014-07-28,750.912841796875,757.209804830811,746.190119521423,751.699962176117,1599000
2014-07-29,736.7448120117188,748.5516198965219,733.5963299091045,747.7644993708683,2194100
2014-07-30,745.4031372070312,754.0614629824033,739.8932935317945,740.6804140568283,3356000
2014-07-31,754.0611572265625,761.1452390794216,750.9126764030696,754.8482774324357,2372000
2014-08-01,751.699951171875,763.5067566876636,748.551469700998,751.699951171875,2094400
2014-08-04,752.487060546875,757.996903040419,741.4673755597869,743.041616272228,1465300
2014-08-05,757.2098999023438,762.7197432488265,749.338695121654,749.338695121654,2383500
2014-08-06,733.59619140625,758.7840434717007,726.5121080128421,747.7643581930661,2253200
2014-08-07,752.487060546875,755.6355419717573,734.3832923538016,735.9575330662428,2403400
2014-08-08,731.23486328125,752.4871144207482,728.873502043528,741.4674286447121,3047700
2014-08-11,646.225830078125,682.4333674515644,636.7803855459234,681.646247073881,9751400
2014-08-12,669.0523681640625,669.8394885971967,649.3743573357077,651.7357186351103,4796900
2014-08-13,668.2651977539062,676.1364014965907,664.329595882564,669.0523181281748,3289500
2014-08-14,659.6069946289062,666.6910792967585,653.3100304797043,661.968356184857,2884800
2014-08-15,667.4782104492188,674.5622952299299,654.884281950177,658.8198846061275,2995100
2014-08-18,670.6265869140625,673.775068542767,654.88417877054,662.7553828423013,1380900
2014-08-19,680.0721435546875,682.4335051642524,673.7751792625145,673.7751792625145,1440200
2014-08-20,680.859130859375,691.8788162143244,679.2848900943823,685.5818531543533,1388300
2014-08-21,695.02734375,704.4727889651756,687.1561394040205,691.0917415770102,4038500
2014-08-22,704.47265625,710.7696185405027,696.6014533868715,702.1112953910614,2943100
2014-08-25,707.62109375,717.8536568409344,699.7498913723581,711.5566949388209,3109600
2014-08-26,702.8984375,712.3438812290034,698.1757156354984,702.8984375,1448800
2014-08-27,706.834228515625,708.4084695590897,696.6016617331048,702.1115053852311,2281200
2014-08-28,703.6856689453125,707.6212711206218,698.1758258998794,699.7500667700032,2204800
2014-08-29,705.2598266601562,706.8340673446655,691.0916604995728,692.665901184082,2715900
2014-09-01,721.0023193359375,725.7250419516752,698.9629471291621,706.0470310527685,2349700
2014-09-02,733.59619140625,741.4673951767033,728.0863487669327,728.873469143978,3138600
2014-09-03,751.699951171875,759.5711548490674,739.1060252883672,743.0416271269634,3558100
2014-09-04,748.551513671875,752.4871157416535,738.3189482904509,746.1901524300079,1941700
2014-09-05,771.3780517578125,774.5265336017219,752.4871606943558,756.4227629992427,2799100
2014-09-08,773.7392578125,777.6748593273143,763.5066938739826,769.8036562976856,2239500
2014-09-09,797.35302734375,806.0113524185588,782.3977385781714,783.1848590395175,2941300
2014-09-10,780.823486328125,787.1204499275453,770.5909204790669,786.3333294776178,3348700
2014-09-11,796.5658569335938,800.5014589935423,785.5461711657377,792.6302548736452,1772600
2014-09-12,839.0703735351562,839.8574939606114,813.0953994951373,816.2438811969578,4950500
2014-09-16,876.8521118164062,876.8521118164062,846.1544166989557,846.1544166989557,4466500
2014-09-17,905.1885375976562,913.8468627398946,872.1294779636548,886.2976463782269,5434300
2014-09-18,930.3764038085938,937.4604881015526,909.9112714067127,924.8665604696258,4946700
2014-09-19,987.0488891601562,990.1973704652924,940.6087899093993,940.6087899093993,7314900
2014-09-22,978.3909301757812,983.9007745130543,952.4159497286365,976.0295683169498,4111000
2014-09-24,983.9006958007812,990.1976602539062,950.8416324218749,954.7772352050781,4418500
2014-09-25,998.8558349609375,1031.1277728911175,980.7520649025438,1013.8111232700453,4933900
2014-09-26,1016.9597778320312,1020.8953806874184,971.3067847095407,975.2423875649279,4136700
2014-09-29,1050.8060302734375,1050.8060302734375,1009.8757579331987,1015.3856022866923,4036100
2014-09-30,1042.147705078125,1075.9938918744688,1029.5537751073923,1060.2514794110532,5361500
2014-10-01,970.5196533203125,1019.3211281831343,960.2870860103659,1018.5340076208307,6296100
2014-10-02,939.0346069335938,971.306542293424,926.4406809395138,932.7376439365538,5811900
2014-10-03,932.7377319335938,954.7771045024889,916.9953229558116,932.7377319335939,4272900
2014-10-06,958.7127075195312,967.3710324642889,940.6089371804925,956.3513461709609,3119500
2014-10-07,952.4157104492188,974.4550822612667,931.1634590590295,951.6285900273599,3556000
2014-10-08,931.1635131835938,935.8862359892587,919.3567061694315,929.5892722483721,2475400
2014-10-09,913.8466186523438,967.3707961444707,909.9110173661579,958.7124733148619,3152600
2014-10-10,887.0847778320312,896.5302235587254,877.639332105337,890.2332597409293,4143400
2014-10-14,846.9415283203125,850.8771302177117,831.1991207307157,850.0900098382319,6539700
2014-10-15,846.1544799804688,860.322648017351,832.7734323900798,860.322648017351,4361000
2014-10-16,841.4318237304688,858.7484749204316,814.6697264368897,829.6250161009486,4020800
2014-10-17,884.7234497070312,895.7431368030263,860.3227139944707,861.1098345013276,7700600
2014-10-20,931.1635131835938,941.3960792625344,921.718067572264,927.2279108455397,4472600
2014-10-21,911.4853515625,928.0148786633742,905.1883888574049,928.0148786633742,2473800
2014-10-22,961.8609619140625,961.8609619140625,931.9503919036416,940.608714801395,2591000
2014-10-23,971.3062744140625,980.751716304637,955.5638712631053,958.7123518932967,2230300
2014-10-24,1006.7269287109375,1026.4049374816752,998.068604851813,999.642845553472,4225800
2014-10-27,1017.7467651367188,1021.6823674767679,1007.5141990525908,1009.0884399886105,1486200
2014-10-28,1043.7216796875,1070.4837740384617,1023.2565487132354,1023.2565487132354,3008300
2014-10-29,1105.1170654296875,1109.0526675145509,1060.251201662243,1067.3352854149973,5257400
2014-10-30,1112.2010498046875,1116.136651537896,1090.1616800987206,1096.458642871854,3405900
2014-10-31,1157.06689453125,1158.6411352040816,1106.691193000638,1117.7108777104593,5277800
2014-11-04,1204.294189453125,1253.0956533394608,1201.9328282973345,1244.4373291015625,4858500
2014-11-05,1212.16552734375,1219.2496115944602,1185.4034312855113,1192.4875155362215,2627700
2014-11-06,1209.8040771484375,1242.86313455913,1201.9328730030345,1220.0366425374614,3687800
2014-11-07,1208.2298583984375,1219.2495444033743,1190.126088533184,1218.4624239744503,2116300
2014-11-10,1197.99755859375,1197.99755859375,1197.99755859375,1197.99755859375,7102800
2014-11-11,1230.26904296875,1239.7144866767635,1163.3638167036547,1180.6804635016795,4592400
2014-11-12,1227.907958984375,1265.6897423377402,1223.1852360652042,1231.843561417017,2796500
2014-11-13,1193.274658203125,1229.4822006024283,1183.042091872887,1211.3784294027766,3475500
2014-11-14,1197.99755859375,1204.2945234221008,1175.1710610909781,1198.784679197294,2669200
2014-11-17,1176.744873046875,1239.71449836042,1170.4479105155203,1200.3584825394544,2620400
2014-11-18,1227.120849609375,1228.6950905966867,1183.8292224583065,1183.8292224583065,2086000
2014-11-19,1223.185302734375,1242.0761954406973,1220.8239411460845,1231.0565080286758,980200
2014-11-20,1208.2298583984375,1231.8434712661594,1190.126088533184,1212.952580971982,2215900
2014-11-21,1179.1063232421875,1226.3335458019546,1155.492711962304,1226.3335458019546,3703200
2014-11-25,1174.3836669921875,1192.4874366576166,1169.660944470771,1188.5518345564362,3378400
2014-11-26,1150.77001953125,1174.383631423136,1150.77001953125,1173.5965110267398,2333800
2014-11-27,1180.6805419921875,1194.8487084960939,1151.5570886230469,1157.0669311523438,3696600
2014-11-28,1190.9130859375,1197.9971690660113,1174.3835586376406,1180.6805214185395,2216200
2014-12-01,1183.0418701171875,1216.1009243719593,1177.5320277413923,1192.4873141899793,1532900
2014-12-02,1164.9378662109375,1175.1704285492767,1143.6856213543865,1168.8734671102986,2845500
2014-12-03,1164.9378662109375,1178.3189092687658,1153.1310635128536,1164.9378662109375,1648500
2014-12-04,1256.244384765625,1257.818625849291,1177.5323305823151,1180.6808127496474,5029700
2014-12-05,1421.5391845703125,1445.9399125446644,1268.8378546663032,1271.1992154380148,12617500
2014-12-08,1369.589599609375,1422.3266703989314,1357.7827927161907,1417.6039476416577,5301000
2014-12-09,1342.040283203125,1386.9061460433468,1338.1046811995968,1345.9758852066532,2964300
2014-12-10,1316.065185546875,1334.9560733776914,1305.8326213051828,1310.555343262887,2525200
2014-12-11,1304.2586669921875,1322.3624384712582,1253.0958345513352,1263.3284010395057,3166100
2014-12-12,1309.7684326171875,1321.5752394015972,1290.8775417621318,1306.6199508080115,1749200
2014-12-15,1270.412841796875,1296.387825551086,1268.0514796374011,1283.0067733140684,2079600
2014-12-16,1236.5662841796875,1255.4571758539794,1233.4178022339722,1244.4374890439758,1843100
2014-12-17,1260.966796875,1274.3478427844102,1218.4622981039327,1226.3335015800562,2079500
2014-12-18,1336.5303955078125,1336.5303955078125,1275.135006314874,1289.3031730517062,3335500
2014-12-19,1379.8221435546875,1391.6289502593768,1363.2926141681226,1380.6092640016668,3633100
2014-12-22,1379.8221435546875,1391.6289502593768,1343.6146029936403,1369.5895777439569,2698000
2014-12-24,1404.2225341796875,1412.8808569801229,1385.331648069647,1388.480129087987,2218800
2014-12-25,1398.7130126953125,1404.222855739132,1388.480447042505,1396.3516513908185,819200
2014-12-26,1458.66943359375,1466.558397539633,1383.7242761078624,1397.9244112104516,2019700
2014-12-29,1435.0023193359375,1485.49168076392,1408.1798460773218,1464.1914814114898,2062100
2014-12-30,1379.7794189453125,1425.535397389468,1374.257145684811,1422.3798126691815,2734700
2015-01-05,1402.6575927734375,1427.1133775743242,1336.3903049258736,1355.3238157394633,2283500
2015-01-06,1367.1571044921875,1393.9795750938806,1349.8013882205037,1357.690350162178,2224600
2015-01-07,1423.95751953125,1452.3577803086046,1353.7457637205678,1356.901348251385,3102400
2015-01-08,1455.5135498046875,1458.6691347365133,1377.412822741997,1432.6355590489497,4414000
2015-01-09,1411.335205078125,1459.4578699801739,1402.6573474728375,1455.5133892504978,3033700
2015-01-13,1394.7681884765625,1402.6571488186244,1345.0677383215718,1379.7791638266447,2655600
2015-01-14,1322.97900390625,1378.9906373453339,1320.6123151693873,1370.312778643504,3602200
2015-01-15,1330.8677978515625,1340.3345516003585,1290.6340944191797,1326.9233171228975,3592800
2015-01-16,1327.7122802734375,1355.3236467675374,1290.634159552789,1291.4230557383346,2692800
2015-01-19,1337.1788330078125,1352.956754341238,1319.8231195410444,1332.4454566077848,1442900
2015-01-20,1356.901611328125,1362.4238853277163,1322.190174759266,1325.3457599018896,1257100
2015-01-21,1381.3572998046875,1397.9241206475765,1330.0790448147934,1350.590346810751,2618400
2015-01-22,1427.902099609375,1450.7800890506303,1389.24618641553,1396.3462521041954,3136900
2015-01-23,1444.468994140625,1479.969324417156,1432.6355507151147,1446.0467865973599,2447900
2015-01-26,1518.6251220703125,1542.2920070895902,1422.3797896585836,1428.6909589970576,4113500
2015-01-27,1477.602783203125,1549.3923471494595,1453.146997682945,1517.8364948653564,2742300
2015-01-28,1435.7911376953125,1468.924779334435,1423.9576942527688,1461.0358170394059,3113200
2015-01-29,1465.76904296875,1474.4469005966596,1404.23514342539,1426.3242355691602,3144500
2015-01-30,1584.103271484375,1592.7811280512715,1553.3363254744693,1568.3253504536542,4990700
2015-02-02,1589.625732421875,1614.8704090657957,1540.714171424279,1568.325536503567,2770900
2015-02-03,1592.78173828125,1609.3485617106242,1562.8036768376207,1568.3259513140788,2927800
2015-02-04,1677.9822998046875,1694.549120818274,1613.292808227826,1616.448393182795,4548000
2015-02-05,1635.3818359375,1689.81567418144,1618.8150156023878,1666.1487879884226,2718700
2015-02-06,1628.281982421875,1676.4046572899636,1602.2484042145486,1671.6712794340858,2151500
2015-02-09,1613.2926025390625,1674.0376051774526,1605.4036411574534,1666.1486437958436,1773900
2015-02-10,1620.392822265625,1633.0151616795736,1588.0480775173824,1606.9815866383049,1446700
2015-02-12,1635.3818359375,1675.6155424656295,1625.1261852538591,1664.570995575555,2228300
2015-02-13,1695.337646484375,1729.2601773353886,1659.0484274344535,1714.2711520756384,3425100
2015-02-16,1685.082275390625,1713.4825384590065,1658.2598047149315,1689.0267563723446,2044500
2015-02-17,1674.8267822265625,1681.1379523903931,1635.381968702621,1662.2044418989012,1319900
2015-02-18,1664.571044921875,1688.237931816499,1653.526497704384,1674.8266959095454,1714900
2015-02-19,1666.1488037109375,1692.971274982799,1662.9932188554244,1679.5600393468683,1646000
2015-02-20,1754.50537109375,1767.916608192938,1651.1599558000084,1660.6267113994352,2942100
2015-02-23,1825.506103515625,1856.27306031645,1769.4944642115586,1775.8056348373689,3697200
2015-02-24,1819.1942138671875,1849.1722624911915,1785.2716851610778,1827.8720700478202,2420000
2015-02-25,1805.783203125,1820.7722292758847,1767.916189691186,1793.1608653137287,2321500
2015-02-26,1813.672119140625,1819.1943917956855,1779.7495871166811,1789.2163402396422,1648800
2015-02-27,1896.5062255859375,1900.4507060884039,1797.8942130242726,1818.405511637099,4788100
2015-03-02,1905.184326171875,1939.1068628283513,1876.7840629245923,1915.4399767889493,2380500
2015-03-03,1920.9617919921875,1924.1173760447414,1881.5169913352638,1924.1173760447414,2062000
2015-03-04,1676.404296875,1738.7270919117648,1660.6263740808824,1728.4714420955881,12691200
2015-03-05,1634.5931396484375,1680.349125217747,1597.5150134112384,1666.1489917652027,6669900
2015-03-06,1726.8935546875,1729.260242976245,1618.0258934052365,1619.6036855977331,6618500
2015-03-09,1743.460693359375,1760.816410668835,1696.9158151203692,1697.7047113617082,3501400
2015-03-10,1804.99462890625,1849.172819124235,1762.39423119605,1762.39423119605,5940300
2015-03-11,1807.361328125,1833.3949046540813,1767.9165152021499,1782.116647854376,3942100
2015-03-12,1794.73828125,1820.7718475274726,1775.0158825549452,1785.2715298763737,2932800
2015-03-13,1789.2164306640625,1808.9388340003068,1769.4940273278185,1790.0053267975125,2544700
2015-03-16,1767.1275634765625,1799.472309058053,1756.083016204834,1798.6834128243581,1649800
2015-03-17,1787.638916015625,1813.6724924624546,1774.2276796642282,1797.1056710871994,1686100
2015-03-18,1797.8946533203125,1804.9947199635255,1769.4943867474597,1787.6390015023378,1679500
2015-03-19,1765.5494384765625,1791.5830092851982,1737.1491794125964,1790.794113200088,2091600
2015-03-20,1756.871826171875,1763.9718919264985,1737.9383174928785,1763.9718919264985,1566500
2015-03-23,1759.23828125,1781.3273717769057,1721.3712689181614,1770.2828265134528,1745400
2015-03-24,1724.527099609375,1737.9383350592193,1702.4380059272787,1730.0493730298992,2121600
2015-03-25,1746.616455078125,1753.7165219686865,1707.9605353406234,1707.9605353406234,1578200
2015-03-26,1656.681884765625,1718.215783342634,1621.970454799107,1711.9046142578125,3319100
2015-03-27,1603.8260498046875,1667.7266450010377,1585.6814363538722,1656.68209768315,3686600
2015-03-30,1593.570068359375,1620.392534856513,1582.5255233311418,1603.036821240718,2318800
2015-03-31,1592.78173828125,1639.3266231542534,1592.78173828125,1611.7152507719632,1379100
2015-04-01,1560.4366455078125,1595.9369736412057,1560.4366455078125,1591.9924927374952,2996100
2015-04-02,1537.5587158203125,1543.8698855106986,1497.325009044101,1538.3476120316107,3183600
2015-04-03,1587.25927734375,1590.414862388171,1451.569120433648,1451.569120433648,6677400
2015-04-06,1635.3818359375,1650.3708638597443,1571.481243216353,1577.7924128678244,3700600
2015-04-07,1644.8486328125,1677.1933781100122,1628.2818120503598,1632.2262931842026,3014900
2015-04-08,1642.48193359375,1664.571027801543,1629.8595940464397,1652.7375844759397,2287600
2015-04-09,1637.7484130859375,1685.082182250271,1630.6483477112874,1664.5708822790598,2988900
2015-04-10,1626.7039794921875,1650.3708657117636,1605.4037818945692,1642.4819036385716,1804100
2015-04-13,1644.8486328125,1655.8931799872603,1610.1371988346823,1623.5484346897483,2434600
2015-04-14,1654.315673828125,1674.8269792737765,1626.7043011128249,1629.0709902027077,2467400
2015-04-15,1688.2376708984375,1745.8270867748795,1653.526242150993,1667.7263720931294,5799100
2015-04-16,1648.7930908203125,1688.2379016054874,1636.95964758476,1683.5045243112663,2662700
2015-04-17,1598.303466796875,1640.9038553492103,1587.2589216166398,1621.97034932595,4756100
2015-04-20,1550.1810302734375,1597.5148021901837,1550.1810302734375,1576.214604827648,9497300
2015-04-21,1534.4029541015625,1546.236395906973,1517.047239453627,1542.2919153051696,16461000
2015-04-22,1547.025390625,1558.8588331845997,1528.0918825296405,1528.0918825296405,4983100
2015-04-23,1541.5032958984375,1563.5923912337273,1539.9255033744882,1547.8144659942345,4227500
2015-04-24,1521.7808837890625,1542.2921865254625,1518.6252987526932,1541.5032902663702,4174000
2015-04-27,1506.0025634765625,1520.2026924145289,1501.269187163907,1516.2582121539826,5794300
2015-04-28,1503.6363525390625,1513.8920044713855,1491.0140116992802,1500.4807673291168,19290900
2015-04-30,1439.735595703125,1483.9137838452482,1430.2688411012414,1472.0803405928937,7454100
2015-05-01,1438.1580810546875,1450.7804229619146,1413.702293609435,1420.8023609322502,3244800
2015-05-07,1431.057861328125,1452.3580610281576,1420.8022096207017,1446.835787031853,3471300
2015-05-08,1472.8692626953125,1487.0693948477042,1439.735621006398,1439.735621006398,4861700
2015-05-11,1492.591552734375,1495.7471374124605,1468.1357714792136,1491.8026565648538,5199900
2015-05-12,1479.1802978515625,1491.802636393229,1470.5024401041667,1488.6470517578125,2370700
2015-05-13,1461.0357666015625,1475.2358982423984,1448.413427365264,1472.080313433324,2090300
2015-05-14,1470.50244140625,1487.069260756857,1463.4023759702757,1483.913676118646,2180800
2015-05-15,1385.3016357421875,1429.4798200255375,1365.5792320442633,1400.2906625526098,8271200
2015-05-18,1363.212646484375,1385.3017402931496,1353.7458919949001,1384.5128440856934,5681400
2015-05-19,1345.068115234375,1368.735002892458,1323.7679163421005,1367.9461066371884,6091100
2015-05-20,1400.29052734375,1420.801825209067,1366.3679962588028,1366.3679962588028,4963200
2015-05-21,1356.1126708984375,1390.0352100773978,1352.9570858585341,1381.3573512176638,3122200
2015-05-22,1404.2352294921875,1407.3908142775633,1358.4792501042398,1371.8904854420866,3519100
2015-05-25,1421.5906982421875,1431.0574509496826,1396.3460243555337,1396.3460243555337,2533300
2015-05-26,1421.5906982421875,1442.8908918340517,1413.7017376526082,1429.4796588317668,1378500
2015-05-27,1431.8465576171875,1439.7355193671447,1421.5909073422436,1433.424349967179,1786500
2015-05-28,1476.8135986328125,1491.802625542013,1450.7800255799905,1454.7245063455696,4958200
2015-05-29,1484.702392578125,1494.1691453469548,1474.4467437452263,1481.5468083218486,2438900
2015-06-01,1472.080078125,1484.7024153436496,1456.3021566016882,1484.7024153436496,1775500
2015-06-02,1490.2249755859375,1501.2695227845627,1444.46899433449,1470.5025698741065,3533300
2015-06-03,1457.091552734375,1475.2361687132004,1452.3581746529421,1472.0805833255786,1816600
2015-06-04,1441.313232421875,1470.5023892908457,1432.6353749743432,1467.3468047644706,1612400
2015-06-05,1412.1240234375,1465.7689584060754,1405.8128546176677,1458.668893483764,2254000
2015-06-08,1404.2352294921875,1417.6464648300343,1384.5128245835895,1397.1351637250923,1529500
2015-06-09,1345.068115234375,1385.301824253116,1341.9125302132973,1385.301824253116,2250000
2015-06-10,1329.290283203125,1357.6905503813518,1319.034631166543,1345.068209413251,2392100
2015-06-11,1331.6568603515625,1341.9125115272557,1325.3456903972897,1334.812445328699,1612600
2015-06-12,1319.0341796875,1345.0677490234375,1302.467362837358,1342.7010609019887,2298200
2015-06-15,1326.134521484375,1330.0790025119907,1303.2565315242043,1303.2565315242043,1072100
2015-06-16,1322.97900390625,1352.1681649942234,1317.4567301869038,1322.97900390625,1862600
2015-06-17,1281.956298828125,1332.4456545973558,1274.0673369891826,1327.7122774939903,2576000
2015-06-18,1210.1666259765625,1267.7560416847039,1162.0439635355128,1263.0226650511581,8377400
2015-06-19,1254.3448486328125,1259.078225420106,1212.5333536783853,1235.411341483638,5625500
2015-06-22,1238.5672607421875,1250.400705908514,1209.3780959985818,1222.789333853752,2750700
2015-06-23,1265.3895263671875,1301.6787521856977,1228.3114043352311,1249.61160209827,2549400
2015-06-24,1254.3448486328125,1293.7896551935928,1251.18926410795,1293.7896551935928,1801800
2015-06-25,1287.4786376953125,1296.9453923842486,1236.2003831302418,1237.7781755783978,2542000
2015-06-26,1297.7972412109375,1320.816274847095,1276.3657271358945,1276.3657271358945,1686100
2015-06-29,1246.203125,1262.078324044586,1224.771606289809,1235.0904856687898,2407600
2015-06-30,1216.8338623046875,1254.934335488396,1204.1337045767848,1238.2653784705235,2216200
2015-07-01,1229.5341796875,1254.140738480471,1214.4527404272917,1214.4527404272917,1500500
2015-07-02,1196.1962890625,1242.2343678718066,1193.0212491446168,1231.9154881386862,2590600
2015-07-03,1200.1650390625,1204.9275987413196,1166.033361364294,1191.433679651331,2431300
2015-07-06,1143.8079833984375,1176.352138373688,1124.7577463397542,1161.2707007022304,3368100
2015-07-07,1143.8079833984375,1156.5081414375595,1132.6953451142056,1154.9206216826692,2021100
2015-07-08,1082.688720703125,1143.01448519978,1082.688720703125,1131.9018443714488,2791800
2015-07-09,1089.832275390625,1091.4197950925777,1025.5377274615348,1038.2378850771577,4199100
2015-07-10,1066.813232421875,1083.4821891784668,1044.5879567464192,1081.8946694873628,2834300
2015-07-13,1075.5447998046875,1102.5326397997867,1072.369759805264,1077.926079804255,2517500
2015-07-14,1102.5325927734375,1130.3141915834235,1083.4823535894473,1087.4511534194453,2509700
2015-07-15,1098.563720703125,1120.7889982896043,1090.6261215650966,1103.3262801859419,1477600
2015-07-16,1066.813232421875,1103.3261853172664,1058.875633966355,1098.5636262439546,2425000
2015-07-17,1104.119873046875,1120.7888287147287,1046.175408106241,1059.6693245992653,3023000
2015-07-21,1139.0455322265625,1161.270810904154,1109.6764139740308,1109.6764139740308,3727600
2015-07-22,1103.326416015625,1108.8827360962791,1089.8324958197504,1103.326416015625,2229000
2015-07-23,1042.206787109375,1102.5325417326137,1031.8879080290842,1095.3887023693355,4514400
2015-07-24,1027.1253662109375,1062.0508037018813,1017.6002468952255,1042.2068051274814,3262600
2015-07-27,973.1497192382812,1015.2189974761515,971.5621993047768,1012.0439576091425,5579000
2015-07-28,982.6746215820312,998.549817407266,963.6243865917495,973.1495040868904,3547900
2015-07-29,959.656005859375,985.8500903865539,949.3371240759408,973.149928191558,2942700
2015-07-30,968.38720703125,977.9123271004098,955.6870469390368,958.0683269563268,3225500
2015-07-31,984.2622680664062,987.4373076408141,967.5933103007656,968.3870701943674,3486700
2015-08-03,942.9866943359375,985.0559660529449,939.811654961069,984.2622062092278,3377600
2015-08-04,905.6799926757812,927.9052685696655,896.1548744355451,919.1739101827824,5052100
2015-08-05,938.2242431640625,963.6245610839018,929.4928838791178,936.6367232940726,4848000
2015-08-06,979.4998779296875,985.8499581755849,951.718276853886,952.5120368846231,3788100
2015-08-07,944.5744018554688,1057.2883220768776,931.0804818289621,1055.7008020737592,10293500
2015-08-10,1004.9002075195312,1023.1566883828402,954.0995651172801,954.8933251548152,9394800
2015-08-11,1091.4197998046875,1108.8825166015627,1011.2500545099432,1023.9502121803978,9411300
2015-08-12,1065.2259521484375,1123.964193921153,1041.413151429769,1085.069952747328,7888600
2015-08-13,1085.06982421875,1100.9450228174148,1063.6383061105523,1067.6071057602185,3188700
2015-08-14,1051.7318115234375,1098.5636431308963,1039.8254136571345,1089.8322846956073,3011900
2015-08-17,1035.0631103515625,1056.4946318082282,1020.7754293804519,1044.5882309989695,2568700
2015-08-18,1014.42529296875,1046.1756933746576,994.5812927150577,1016.8065729991931,3089400
2015-08-19,963.6244506835938,1023.9501988318253,958.068131775204,1013.6313208591015,4343500
2015-08-20,937.4305419921875,984.2623810925592,929.4929421446668,984.2623810925592,4370900
2015-08-21,889.8050537109375,919.1741768039835,886.6300133765541,912.8240961352168,5563000
2015-08-24,835.8292846679688,867.5796848452895,834.2417646591027,854.0857647699282,4629500
2015-08-25,827.0977783203125,896.9486463550413,794.553623895041,826.3040184562815,6228300
2015-08-26,870.7545166015625,880.2796343766024,827.891486613883,833.4478053159896,3744700
2015-08-27,845.354248046875,889.0110401995305,842.972968474912,881.0734416263205,4533100
2015-08-28,874.7233276367188,892.9798036218772,848.5292533971437,861.2294106042104,4737800
2015-08-31,886.6300048828125,931.8743292143437,866.7860029830182,900.9176862506645,5898600
2015-09-01,835.8292846679688,871.5484848674546,835.0355246635357,864.4046448275574,3466400
2015-09-02,822.3352661132812,846.9418233039297,809.6351075632692,809.6351075632692,5352700
2015-09-03,811.22265625,841.3855338796478,810.4288963123777,833.4479345034247,2588400
2015-09-04,793.760009765625,823.1291301269531,770.7409694824219,817.5728100585937,4428000
2015-09-07,820.7476806640625,831.0665586608061,787.4097671361219,809.6350428214157,3707800
2015-09-08,845.354248046875,873.1358430531103,823.1289720418868,823.1289720418868,5329000
2015-09-09,915.2052001953125,916.7927200568828,863.6108046942758,873.1359238636979,4225800
2015-09-10,902.5051879882812,908.855268466651,877.1048660748029,886.6299867923573,2825900
2015-09-11,914.4114379882812,922.349037276374,896.154959625668,908.8551184866163,3141800
2015-09-14,916.7929077148438,933.4618696732954,900.123945756392,920.7617081811418,2918600
2015-09-15,918.3803100585938,936.6367898609685,910.4427101445177,924.7303899898545,2311600
2015-09-16,974.7369995117188,979.4995581412549,935.0490109322513,948.5429270492702,3989000
2015-09-17,989.0247802734375,1019.1876547922101,978.7059021485943,979.4996620043515,4900100
2015-09-18,945.3680419921875,968.3870791187815,942.9867622894363,965.2120395151132,3399800
2015-09-24,875.5171508789062,904.886266547555,874.7233909959698,900.1237072499363,4110100
2015-09-25,874.7233276367188,886.6297250183438,843.7666944444937,880.2796464148105,3534500
2015-09-28,842.1792602539062,862.8170178096099,830.2728616640773,859.6419781856555,3451600
2015-09-29,810.4288940429688,842.9730513943514,810.4288940429688,842.1792914589518,3949300
2015-09-30,846.1480102539062,853.2918489896334,821.5414546086238,829.4790532038762,2573600
2015-10-01,892.9798583984375,908.0612960069445,835.0353875868057,846.1480258246528,3116500
2015-10-02,877.8985595703125,893.7737595625424,846.9419195854642,848.5294395846872,3126100
2015-10-05,925.5242309570312,935.8431117481474,890.5987882794075,892.1863084011177,2904600
2015-10-06,903.299072265625,966.0061256127115,898.5365112519222,949.3371620647517,2900800
2015-10-07,942.193115234375,952.511995182182,879.4860755515481,900.123835447162,3226600
2015-10-08,981.0872192382812,992.1998576438929,950.1305836797918,950.924343565907,3802900
2015-10-09,1000.93115234375,1026.3314670741227,981.8809162959705,988.2309949785637,3516600
2015-10-13,1005.6941528320312,1012.8379944859288,989.0251889729368,990.6127093404696,2544100
2015-10-14,927.9054565429688,982.6748975194143,923.1428964580605,981.0873774911115,5299500
2015-10-15,957.2742919921875,962.8306104365867,915.2050237703087,924.7301411035643,3693700
2015-10-16,938.2242431640625,969.1808806288666,920.761524594173,958.068241538937,3440400
2015-10-19,884.2486572265625,936.6368182471668,878.6923371183167,920.7616179378928,4442100
2015-10-20,914.4114379882812,919.1739975611368,891.3924000528124,896.9487195544773,2331900
2015-10-21,947.74951171875,950.9245519590138,896.9488678745289,900.9176681748587,2245600
2015-10-22,967.593505859375,983.4687069399226,934.2555835902251,947.7495045086906,3093600
2015-10-23,969.1807250976562,1000.1373575946329,963.6244064443526,989.8184800956407,3269900
2015-10-26,982.6746215820312,996.1685380334808,976.3245432519374,981.0871019995078,1750800
2015-10-27,927.1116333007812,972.3559510217954,919.1740337006033,972.3559510217954,4068700
2015-10-28,960.4494018554688,980.2933977615734,953.305563329271,954.8930830017594,4012300
2015-10-29,965.2122192382812,983.4687003587422,947.749498166536,975.5310998715853,2707800
2015-10-30,974.7369995117188,982.6745972276123,950.130446592449,955.6867649935745,2410800
2015-11-02,955.6868286132812,981.8809028194592,950.9242696667034,973.9433045751629,2792100
2015-11-04,990.612548828125,1004.9002298208384,970.7685474493566,977.9123879457131,3971600
2015-11-05,989.818359375,1013.631150699178,966.7993277616279,992.9933982182237,3988700
2015-11-06,845.354248046875,909.6487964898768,834.2416100443809,894.5673592007776,12061000
2015-11-09,861.2295532226562,869.1671527915287,835.8292346022645,849.3231538693476,4738700
2015-11-10,899.330078125,910.4427181018314,845.354398237533,845.354398237533,6154900
2015-11-11,909.6489868164062,919.1741070972063,890.5987462548061,891.392506278206,3797900
2015-11-12,972.356201171875,980.2938028140943,904.8865872130101,912.0304286910076,7330300
2015-11-13,992.2001953125,996.1689960937499,955.6872281249999,958.86226875,5781500
2015-11-16,943.7805786132812,981.0872961867248,934.2554592328277,968.3871370127865,4474600
2015-11-17,990.612548828125,996.1688692141802,962.0371868426984,968.3872672839043,3941300
2015-11-18,1046.1756591796875,1051.7319790691092,983.4686204276426,1004.1063800169233,9774900
2015-11-19,1083.4820556640625,1096.9759713756296,1060.4630229796246,1065.22558146606,7319600
2015-11-20,1096.9761962890625,1100.9449958414832,1056.4944408543722,1085.0697976318006,4501200
2015-11-24,1102.5325927734375,1119.201552059429,1079.5135537594492,1100.1513128754389,5211200
2015-11-25,1093.0074462890625,1111.2639250578704,1087.4511266637733,1094.5949661820023,3206800
2015-11-26,1027.1253662109375,1091.419921591993,1011.2501673514175,1060.4632838159293,8049400
2015-11-27,1031.09423828125,1046.9694382547873,1011.2502383143284,1013.631518310359,4115900
2015-11-30,1036.6505126953125,1069.9884311740284,1029.5066730213018,1038.2380326228704,3692400
2015-12-01,1038.2381591796875,1039.8256793007574,1000.9314363345459,1002.5189564556157,4121200
2015-12-02,1016.0126342773438,1025.537752723694,998.549917125702,1017.6001540184021,3431000
2015-12-03,1001.72509765625,1032.6817369657538,1000.1375776916601,1005.6938975677249,3394600
2015-12-04,990.612548828125,996.1688692141802,974.7373477251102,981.0874281663162,2953200
2015-12-07,1000.1376342773438,1017.6003548758371,993.7875540597098,1008.0752345493862,2611700
2015-12-08,942.193115234375,1000.1375949412911,935.8430352664939,992.1999949814395,5606100
2015-12-09,945.3680419921875,962.0369999114452,927.1115642710956,935.049163280266,2956900
2015-12-10,909.6489868164062,923.1429072142063,904.0926666526061,921.5553871674063,3288500
2015-12-11,892.9798583984375,901.7112170138889,884.2484997829862,893.7736182725695,4349400
2015-12-14,858.054443359375,859.6419631435737,833.4478867042958,852.4981241146796,7654600
2015-12-15,833.4480590820312,860.4359009951637,825.5104585193453,850.9107803199405,4395000
2015-12-16,835.8292846679688,855.6732847787943,828.6854446280715,852.4982447610621,4218800
2015-12-17,823.1289672851562,855.6731212472502,815.1913687578162,846.1480030144422,5238200
2015-12-18,784.2348022460938,820.7477586259727,781.059762560887,810.4288796490504,8965100
2015-12-21,738.1965942382812,780.2658625120757,724.7026779995169,777.8845831758232,14258500
2015-12-22,728.6715698242188,756.453165623617,727.8778099442359,745.3405273038577,6296800
2015-12-24,727.0841064453125,746.9281049836671,727.0841064453125,733.4341859775859,4973300
2015-12-25,727.0841064453125,727.0841064453125,727.0841064453125,727.0841064453125,0
2015-12-28,748.7520751953125,772.8277046228145,738.3193024433949,739.1218234243116,6093600
2015-12-29,741.5294799804688,748.7521697205383,729.4916637470196,747.1471275560784,3594300
2015-12-30,741.5294799804688,761.5925070362174,737.516874569319,741.5294799804688,3438000
2016-01-04,706.218505859375,739.1218680641867,700.6008586536755,734.3067418878728,7955500
2016-01-05,697.390869140625,717.4538975969147,690.9707000346124,710.2312073526504,8047000
2016-01-06,700.600830078125,710.2310820379619,689.3655361249821,702.2058720714311,5912700
2016-01-07,686.155517578125,715.8487972861842,679.7353489925987,702.2059390419408,5723200
2016-01-08,690.1681518554688,722.2689961278162,677.3278141465298,679.7353774669558,7143700
2016-01-12,629.1765747070312,668.5001106262207,624.3614478597835,666.0925472025968,11466300
2016-01-13,655.6597290039062,672.5126718546799,642.8193915937931,645.2269548581893,9117400
2016-01-14,663.6848754882812,666.0924385190731,618.7436989135005,625.966388005876,9366300
2016-01-15,651.647216796875,687.7606709297067,646.8320895791641,674.1178104795258,6842500
2016-01-18,642.016845703125,646.8319720458984,614.7311297607422,625.1639035034179,5466500
2016-01-19,669.3026733398438,669.3026733398438,624.3614866407655,640.4119104618649,7240200
2016-01-20,643.621826171875,670.9075395008572,639.609221270554,661.2772877376871,5690100
2016-01-21,636.3991088867188,684.5503655490178,633.9915460536038,649.2394439966652,7502500
2016-01-22,690.9706420898438,692.5756842317481,667.69753103223,674.1176995998476,8170500
2016-01-25,671.7101440429688,707.0210715673303,665.2899754021757,702.2059450867356,5528700
2016-01-26,630.781494140625,660.4747705823593,626.7688892160663,659.6722495974475,7315700
2016-01-27,642.8192138671875,646.8318181984433,629.1763591409176,642.0166930009362,6679100
2016-01-28,624.361328125,650.0419997188303,623.5588071376927,637.2016639219152,4965500
2016-01-29,640.4118041992188,643.6218884307938,600.2857513045309,621.9538198676623,8232900
2016-02-01,674.9203491210938,676.5253915684685,654.0547973052217,658.869924647346,6064600
2016-02-02,642.016845703125,669.3025616455078,638.8067614746093,664.4874353027343,4078900
2016-02-03,590.6554565429688,625.1638595746911,588.2478935407555,625.1638595746911,5758200
2016-02-04,568.9874877929688,600.2858122272787,568.1849666536275,578.6177414650641,8073900
2016-02-05,560.9622192382812,583.4328088501151,551.3319665474953,561.7647402958468,6080000
2016-02-08,583.4328002929688,591.4580107509188,537.6891006826535,545.7143111406035,7559900
2016-02-09,512.8109741210938,544.9118175715535,510.4034108623093,543.3067753990305,6163300
2016-02-10,538.4915771484375,576.2100631782089,528.8613253961555,565.77729044657,10143300
2016-02-12,492.7479553222656,510.4034195194804,490.34039202264546,498.3656030213794,8954800
2016-02-15,528.0588989257812,531.2689834177313,509.60091309706854,526.4538566798062,5687800
2016-02-16,570.5923461914062,587.4452846865111,523.2436142289689,525.6511768711267,8446700
2016-02-17,568.1849365234375,586.6429217494814,557.7521622652388,558.5546833620233,7741800
2016-02-18,619.5462646484375,633.1891228077943,592.260548329724,592.260548329724,9280500
2016-02-19,621.1513671875,625.9664940649225,602.6933808240472,609.9160711401809,6997000
2016-02-22,612.3236694335938,622.7564449285304,598.6808091709842,613.9287118174302,5317700
2016-02-23,614.7311401367188,644.4244197516778,607.5084505006477,612.3235769246951,4575500
2016-02-24,588.2479248046875,597.8781773253645,577.012630197231,594.6680931518056,4629000
2016-02-25,589.0504760742188,601.8908134273353,578.6177019748117,589.8529971587885,4511900
2016-02-26,567.3823852539062,588.2479326606978,567.3823852539062,577.0126379031946,6213900
2016-02-29,576.210205078125,598.6807980338178,569.7900356622127,573.8026415471579,3999500
2016-03-01,575.40771484375,583.4329270451971,558.5547692207114,574.6051936236054,3581700
2016-03-02,637.2017211914062,646.0294528451915,605.1008788140055,611.5210472894856,8048100
2016-03-03,676.5252685546875,678.9328317879782,629.9790460444005,634.794172510982,8027600
2016-03-04,666.8948974609375,702.2058186261376,662.8822927830738,674.117585881092,6420400
2016-03-07,662.8825073242188,682.1430160116053,661.2774649336033,666.0925921054499,3363500
2016-03-08,651.647216796875,672.5127680736223,639.6093987525977,660.474950029345,3280100
2016-03-09,636.3991088867188,643.6217973860636,617.9411271661708,642.819276441692,4526400
2016-03-10,641.2142944335938,658.8697568585488,628.3739581245355,652.4495887040197,2847000
2016-03-11,661.27734375,663.6849068947208,632.3865860133495,633.9916281098301,4326200
2016-03-14,686.155517578125,692.5756861636513,674.920222553454,676.5252646998355,3908100
2016-03-15,669.3026733398438,688.563181925163,662.882503811404,683.7480547788332,3199000
2016-03-16,646.029541015625,660.4749220569682,638.0043293259899,659.6724008880046,3803900
2016-03-17,645.22705078125,675.7228566639459,638.0043599142957,654.8573052705224,3797500
2016-03-18,606.705810546875,641.2142098240121,596.2730386723917,634.7940425166378,6737500
2016-03-22,612.3236694335938,627.5715720800397,601.0883727467389,624.3614873123669,3833400
2016-03-23,601.8908081054688,621.1513139648437,598.6807237955729,616.3361874999999,3887800
2016-03-24,589.0504760742188,602.693334511905,587.4454339050792,601.8908134273353,3657300
2016-03-25,593.8655395507812,599.4831865465319,574.6050355653505,584.2352875580659,3351600
2016-03-28,588.2479248046875,597.0756562819748,580.22271437079,593.8655721084158,3082000
2016-03-29,591.4580688476562,592.26058997228,571.3950407320641,581.827815352172,3035300
2016-03-30,568.1849365234375,583.4328373623433,568.1849365234375,579.4202318784207,3707200
2016-03-31,568.1849365234375,589.8530061366195,568.1849365234375,571.3950209105756,4054000
2016-04-01,545.7142944335938,574.6050511977252,539.2941262637868,568.9874040491441,5802500
2016-04-04,541.7017211914062,556.9496214916088,538.4916369176794,545.7143265335649,5380400
2016-04-05,509.6007995605469,538.491553551381,507.1932367279773,537.6890326071912,5699300
2016-04-06,499.16815185546875,516.0210958891743,482.3152078217632,506.39084215562826,8620400
2016-04-07,503.9832763671875,510.40344549288415,485.52529013080965,499.16814952291503,6578900
2016-04-08,508.7981262207031,524.848540297066,476.6972980679774,482.31494299470444,8356400
2016-04-11,502.37811279296875,504.7856756338296,486.3276938538963,504.7856756338296,5574800
2016-04-12,543.3068237304688,547.3194295187292,501.5757235325598,502.3782446902119,6277500
2016-04-13,578.61767578125,583.4328020706918,549.7269180445995,560.1596916717233,6619700
2016-04-14,554.5420532226562,595.470627338945,548.1218847338266,585.8403746057005,11251900
2016-04-15,552.93701171875,567.3823908347696,544.109280036738,545.7143221607402,5811300
2016-04-18,520.0335693359375,533.6764253216026,517.6260065149378,528.8612996796031,5073500
2016-04-19,541.7017211914062,550.5294529441551,533.6765105070891,539.2941579861111,5586000
2016-04-20,548.9243774414062,557.7521086575692,542.5042092841968,547.3193354021039,5993200
2016-04-21,566.579833984375,569.7899180296123,554.5420188147353,563.3697499391378,5742800
2016-04-22,591.4580688476562,596.2731955953983,563.3698294858273,564.172350610451,7370100
2016-04-25,602.693359375,609.9160494340879,589.0505003745006,601.0883171396472,6323500
2016-04-26,577.815185546875,593.0630862765842,576.2101433648004,591.4580440945095,4049000
2016-04-27,601.8908081054688,615.533666422526,597.075681640625,599.4832448730468,6995900
2016-04-28,581.8277587890625,629.1765005387931,580.2227166958513,609.9159954202586,7479800
2016-05-02,546.5169677734375,564.1724351611257,535.2816703449087,557.7522652019663,6361400
2016-05-06,539.2941284179688,554.5420278821673,534.4790022713797,547.3193386622837,4915500
2016-05-09,550.529541015625,556.9497105901513,542.5043290474672,547.3194562283619,2913600
2016-05-10,574.6051025390625,577.8151869107891,531.2689635207533,556.1471174016345,5678400
2016-05-11,558.5545654296875,596.2730490147383,557.752044502346,581.8276723225912,5765000
2016-05-12,564.1723022460938,564.9748233019203,540.096670571296,552.1344864086949,4661300
2016-05-13,525.6513061523438,551.3319806513895,520.0336586056775,521.6387007618678,8005500
2016-05-16,535.2813720703125,546.5166632382051,524.8486017001266,527.2561640932463,4962200
2016-05-17,550.529541015625,552.1345834092566,533.6765958824936,544.1093714410988,4477500
2016-05-18,553.7396850585938,560.9623766028362,544.911950948964,546.5169935143512,4254400
2016-05-19,554.5420532226562,576.2101218724562,552.9370111004489,571.3949955058339,3270900
2016-05-20,558.5545654296875,560.1596072843705,541.7016259555159,549.726835228931,2965600
2016-05-23,570.5923461914062,572.1973879528448,546.5167197698279,558.5545329806171,4332100
2016-05-24,582.6303100585938,586.6429154997686,562.5672828527192,566.5798882938942,4170200
2016-05-25,608.3109130859375,611.5209970600058,592.2604932155962,594.6680561961474,5170000
2016-05-26,591.4580688476562,616.3362237109905,588.2479843491615,603.4958857170116,4623400
2016-05-27,601.0883178710938,602.6933601083998,585.8404166166869,597.8782333964818,2861100
2016-05-30,609.9158325195312,611.5208741840563,589.0502908807052,593.0628950420179,3603800
2016-05-31,629.1765747070312,633.991701554279,603.4958981883769,605.1009404707928,5525700
2016-06-01,633.9916381835938,658.8697910743424,626.7689486346667,627.5714696956586,7135100
2016-06-02,603.495849609375,626.7689608310131,599.483244226334,625.1639186777967,6139200
2016-06-03,593.8655395507812,608.3109175398544,584.2352875580659,601.8907495447107,4210900
2016-06-06,579.4203491210938,582.6304341577758,562.5674026785135,569.7900940110479,3974200
2016-06-07,591.4580688476562,597.075716720022,581.827815352172,581.827815352172,3054800
2016-06-08,605.1009521484375,608.3110367752197,590.6555713279178,600.2858252082643,3858900
2016-06-09,600.2857055664062,606.7058735403785,590.6554536054479,594.6680585891805,3124700
2016-06-10,609.113525390625,611.5210887320899,591.4580608865489,600.2857931385869,3499400
2016-06-13,559.3572387695312,586.6429577338987,557.7521964775096,585.0379154418771,5190100
2016-06-14,540.0968017578125,562.56739677894,532.0715892502669,551.3320992683762,5796800
2016-06-15,552.1343383789062,556.9494634229084,527.2561923182288,534.4788798842319,5319400
2016-06-16,516.0210571289062,569.7899697690877,511.2059306238154,560.159716758906,7382000
2016-06-17,543.3068237304688,548.9244718340334,532.0715275233395,532.0715275233395,7565100
2016-06-20,567.3823852539062,581.8277642278388,557.7521326046178,563.3697799833694,5043500
2016-06-21,570.5923461914062,575.4074714757219,547.3192406505472,553.7394076963014,3661500
2016-06-22,572.197509765625,575.4075939718838,557.7521308374605,570.5924676624957,4412500
2016-06-23,594.668212890625,599.4833401205086,561.7648434864203,567.3824919212846,4913700
2016-06-24,526.4537963867188,613.9285887741461,521.6386702002549,606.7058994944503,10827600
2016-06-27,514.4161376953125,536.8867334136725,502.3783185604768,534.4791695867053,4398600
2016-06-28,507.1365051269531,511.9894860372589,486.91575133401244,504.71001467180025,5667300
2016-06-29,522.504150390625,527.3571301156153,507.94521121565407,523.31298034479,5298100
2016-06-30,523.3131713867188,541.107436874366,523.3131713867188,530.5926436316654,4831500
2016-07-01,530.5926513671875,544.3427658081055,527.3573303222656,529.783821105957,4105200
2016-07-04,535.445556640625,540.298537516522,520.8866140129343,524.9307647428484,4526100
2016-07-05,533.8279418945312,541.1074138294567,525.7396397446141,533.0191116795396,2919100
2016-07-06,499.85711669921875,517.6513829894823,490.95998355408705,511.1807407021137,6527000
2016-07-07,480.4450988769531,500.6658521966902,477.2097783457952,494.19521113437435,8101400
2016-07-08,482.8716735839844,491.7688065980946,478.0186919399242,481.2540130359643,5954100
2016-07-11,482.8716735839844,482.8716735839844,482.8716735839844,482.8716735839844,0
2016-07-12,550.8133544921875,556.4751657718429,529.7837697391818,530.5925999219897,6966100
2016-07-13,574.2694702148438,582.3577726122359,571.0341492558869,577.5047911738006,7204100
2016-07-14,570.2254028320312,574.2695546251663,549.1958135077294,566.1812510388963,5967600
2016-07-15,557.2839965820312,573.4606002564008,552.4310154797204,567.7987889703714,7407000
2016-07-19,573.4606323242188,575.078292782115,549.1957254557751,549.1957254557751,5283000
2016-07-20,552.4309692382812,559.7104402824167,545.9603283101608,556.4751198183565,5655000
2016-07-21,579.9313354492188,600.1520933100702,570.2253716760101,571.0342019904441,8470200
2016-07-22,554.0487670898438,570.2253734282333,550.8134458221658,551.6222761390853,5747600
2016-07-25,554.0487670898438,566.181221843636,553.2399367729242,558.0929186744412,3768300
2016-07-26,542.72509765625,554.8575514041543,540.2986069066692,550.8134001548528,4677600
2016-07-27,609.0491333007812,623.6080767262979,589.6372087334257,594.4901898752646,11650700
2016-07-28,633.3140869140625,651.1083524467692,613.9021608783825,615.5198213813558,16961100
2016-07-29,628.4611206054688,639.7847444001619,610.6668546423796,630.8876114186173,7505600
2016-08-01,626.8433837890625,631.6963648248488,603.3873087827621,609.8579501638105,4793000
2016-08-02,618.7551879882812,628.4611517214307,614.7110364328023,624.4170001659518,2657000
2016-08-03,595.2988891601562,614.710809458857,595.2988891601562,600.9606992472774,3676700
2016-08-04,635.7406616210938,637.3583223376869,600.9609562143418,606.6227687224177,5906000
2016-08-05,643.828857421875,662.4319525483864,631.696404078498,660.005461879711,6382800
2016-08-08,651.1083984375,671.3291561529503,596.9167677600932,619.5640164013976,13412900
2016-08-09,689.9321899414062,693.9763411133957,648.6818479871135,657.5789805654904,8295400
2016-08-10,662.4319458007812,680.2262105231465,650.2994925809867,671.3290781619639,5570800
2016-08-12,651.1083984375,666.4761743012423,648.6819075116459,664.0496833753882,3567300
2016-08-15,651.9170532226562,668.9024851304425,650.2993930409623,651.9170532226562,2968600
2016-08-16,633.3140869140625,657.5789944586626,632.5052566625758,651.9171826982559,4311100
2016-08-17,638.1670532226562,639.7847136870989,623.6081090426717,629.2699206682213,3798000
2016-08-18,660.8143310546875,679.4174272777693,615.5198359028362,626.0346294202303,9978900
2016-08-19,736.8442993164062,763.5356954497119,676.9908655629331,678.6085259346486,20451300
2016-08-22,740.0796508789062,778.0946711972763,720.6677256099514,752.2121041720031,10709500
2016-08-23,695.5940551757812,721.476624670694,691.5499036922012,715.8148125936818,8246600
2016-08-24,685.0791625976562,712.579388723182,672.9467098952184,688.3144833183063,7709300
2016-08-25,676.990966796875,689.1234213989695,666.4761728083931,685.8881001717443,5354400
2016-08-26,685.0791625976562,699.6381058405817,674.5643702555435,680.2261815166811,6829000
2016-08-29,692.358642578125,708.5352463766793,689.9321520083419,707.7264161867516,5385800
2016-08-30,710.15283203125,714.196982555346,685.0790987818551,691.5497396204087,4093700
2016-08-31,731.1824951171875,753.8297405411712,723.0941931800505,723.9030233737642,6090000
2016-09-01,740.0796508789062,756.256255269702,719.8588953904116,727.9471975858095,6444200
2016-09-02,721.4765625,748.9767902186098,709.3441090947309,744.1238088565021,5561700
2016-09-05,701.2559204101562,739.2709472374657,698.0205989780447,739.2709472374657,4787800
2016-09-06,688.3145751953125,703.6823506697085,677.7997814496732,701.2558598053301,5978900
2016-09-07,666.4761352539062,679.4174194335938,654.3436813354492,678.6085891723633,5688100
2016-09-08,654.3436279296875,662.4319298818468,647.0641561727441,654.3436279296875,5086100
2016-09-09,664.0496215820312,672.9467541489038,650.2995076150464,651.1083378483985,3520100
2016-09-12,630.887451171875,649.4905426807893,624.4168106470353,639.7845818935297,5323500
2016-09-13,631.696533203125,651.1084625205065,630.0788724266765,642.21132825004,4630500
2016-09-14,638.1670532226562,660.8142997248544,619.5639578815649,623.6081090426717,6890900
2016-09-15,631.696533203125,651.1084625205065,627.6523812620038,630.8877028149008,4265500
2016-09-16,650.2994995117188,660.8142924142714,636.549385716073,640.5935368324393,4757600
2016-09-20,665.6671752929688,681.843777365702,655.9612140493289,659.1965344638755,6022700
2016-09-21,683.4616088867188,691.5499119504669,648.6819057126017,666.4761724528477,6435600
2016-09-23,658.3878784179688,681.8439576245057,655.1525571481017,681.8439576245057,3491700
2016-09-26,647.064208984375,673.7556076049805,646.2553787231445,662.4319839477539,3986100
2016-09-27,653.534912109375,653.534912109375,624.41701998569,634.9318143636874,4890600
2016-09-28,647.8729248046875,649.4905850414033,635.7404730293188,647.0640946863296,3121400
2016-09-29,679.41748046875,685.0792928059896,655.9614007859003,657.579061453683,6011800
2016-09-30,664.0496215820312,676.182075082312,656.7701494818629,669.7114332154956,4441800
2016-10-03,682.6527099609375,699.6381446874537,676.990898385432,685.8880308612263,6112000
2016-10-04,714.1970825195312,715.814742955589,686.6968551065481,688.3145155426059,6909600
2016-10-05,738.4619750976562,753.8297489496338,720.6677106374717,727.9471824620927,10347500
2016-10-06,756.2562866210938,770.0064009232954,745.7414933311748,750.5944748495989,8124200
2016-10-07,761.918212890625,762.7270432652434,741.6974535251625,748.1680965221105,4160100
2016-10-11,772.4329223632812,795.8890006339988,764.3446195113097,784.5653766412386,6804600
2016-10-12,740.0796508789062,747.3591228547643,730.3736882444289,736.8443300007472,5755900
2016-10-13,741.6974487304688,755.4475650100957,731.182653928401,748.9769220549771,4080800
2016-10-14,735.2266845703125,736.0355148063635,716.6235891411407,729.5648729179559,5035300
2016-10-17,744.1239013671875,750.5945439877717,733.609107108738,743.3150710396144,2824300
2016-10-18,734.4179077148438,740.8885500735648,727.9472653561227,739.2708894838845,3110600
2016-10-19,733.609130859375,739.2709433356877,725.5208273217854,732.800300505616,2616700
2016-10-20,736.0355224609375,740.8885039277129,730.3737107496995,735.2266922164749,2378100
2016-10-21,748.1680297851562,761.9181449271537,739.2708964579814,742.5062176678632,4633600
2016-10-24,732.8001708984375,752.2120959553498,722.2853781592768,751.4032657446451,4134300
2016-10-25,743.3150024414062,748.167983958978,735.22669991212,736.8443604179772,3312700
2016-10-26,741.6974487304688,745.7416005774178,731.9914842977909,735.2268057753502,2409600
2016-10-27,753.8297729492188,755.4474334061913,742.5061497504107,747.3591311213285,3812200
2016-10-28,816.9185180664062,824.1979900095723,791.8447813732789,792.6536115891863,11638200
2016-10-31,891.330810546875,912.3603940987975,854.9334543993166,858.1687749457661,16096000
2016-11-01,912.360595703125,916.4047472798231,874.3455708821614,895.3751590809923,7963200
2016-11-02,889.7133178710938,910.7429053844105,880.8161846923828,896.1839601828835,6708600
2016-11-04,879.1985473632812,889.7133413979848,855.7424683627889,863.0219411560452,7701200
2016-11-07,898.6105346679688,917.2136330454335,884.0515881116921,913.9783115884832,5307800
2016-11-08,896.1839599609375,921.2576989129133,892.1398085170705,905.8899234262185,5230100
2016-11-09,817.7273559570312,918.0223036708511,784.5653167935909,905.889850318373,11549600
2016-11-10,922.8751831054688,944.7135967284728,896.1837886773527,928.5369940447661,8084900
2016-11-11,964.1256103515625,1021.5525552634425,944.713685310927,971.4050822418008,14152300
2016-11-14,1034.493896484375,1065.229446184458,1003.7583467842919,1011.03781908168,10302700
2016-11-15,1009.4199829101562,1053.90563920828,990.008060161884,1034.4937164600078,8406800
2016-11-16,1021.5526733398438,1049.8617339628797,1003.7584066625068,1049.8617339628797,10157400
2016-11-17,1012.6553955078125,1015.8907162602336,986.7728294884434,1000.5229426862333,6262500
2016-11-18,1061.9940185546875,1066.0381694250405,1040.1556038547815,1047.4350754214167,7533700
2016-11-21,1073.317626953125,1078.1706079340736,1045.8174013944165,1067.655815808685,5053100
2016-11-22,1035.3026123046875,1070.0823094367981,1024.787820148468,1066.038158607483,6543500
2016-11-24,1028.83203125,1061.185239779874,1022.3613895440251,1059.5675793533806,6552900
2016-11-25,1038.5382080078125,1063.6119497899326,1027.214582686855,1039.347038387881,6300700
2016-11-28,1027.214599609375,1030.4499211829477,985.9642495463213,1026.4057692159818,6452900
2016-11-29,1013.4642333984375,1017.5083843697003,993.2434785421239,1011.0377428156798,5166700
2016-11-30,1013.4642333984375,1036.1114788375087,1008.6112522329222,1028.8320070892357,4527800
2016-12-01,1069.2735595703125,1098.3914477280518,1042.5821620923848,1049.0528039052158,9208700
2016-12-02,1040.96435546875,1044.1996759208673,1004.5670003824301,1020.7436026430167,7875900
2016-12-05,1080.59716796875,1085.4501492620227,1021.5525622339305,1028.0232039582943,6150800
2016-12-06,1140.4508056640625,1146.9214485330785,1117.8035556225068,1120.2300466983877,9642400
2016-12-07,1168.7596435546875,1192.2157194460965,1137.2152656317583,1172.8037945704477,8124000
2016-12-08,1226.9957275390625,1231.8487099815372,1176.8482423001556,1197.069002477134,8653400
2016-12-09,1299.7900390625,1301.407699347581,1243.980759227209,1245.59841951229,11333000
2016-12-12,1252.8780517578125,1286.848922108896,1226.1866536248185,1286.0400918624416,9736400
2016-12-13,1193.0250244140625,1211.6281264896716,1171.1866002383474,1205.1574822894597,9792500
2016-12-14,1222.1424560546875,1226.9954373494115,1184.9362661284692,1214.054153896814,6216300
2016-12-15,1229.4217529296875,1269.8632579602693,1222.1422820241828,1254.4954860486482,8281100
2016-12-16,1287.65771484375,1289.2753752895335,1250.451524590727,1261.7751477112122,7240400
2016-12-19,1261.77490234375,1277.9515036558494,1247.2159611628606,1259.348412146935,5220100
2016-12-20,1218.9071044921875,1229.4218970325978,1177.6567645259622,1222.1424252738523,8652800
2016-12-21,1210.0098876953125,1239.936602832162,1205.9657370011437,1207.5833972788114,5443300
2016-12-22,1250.4515380859375,1253.686859012421,1180.8921381665386,1190.5981009459895,5797700
2016-12-26,1259.3486328125,1276.334067166426,1240.7455380439146,1249.6426703245425,4361800
2016-12-27,1269.8636474609375,1282.8049330401573,1256.1135315330164,1267.4371564148337,3791700
2016-12-28,1294.205810546875,1312.868339476391,1266.6177243032425,1270.674795809659,5630300
2016-12-29,1228.4815673828125,1266.6180493293066,1214.6875207213145,1265.8066348198067,7870600
2016-12-30,1225.235595703125,1232.5383244192365,1188.7219521225684,1196.0246808386796,4739400
2017-01-04,1287.71484375,1293.3947453922497,1252.0126048558602,1257.6925064981097,6201000
2017-01-05,1217.12158203125,1281.2233186848957,1209.0074381510417,1277.9776611328125,9012800
2017-01-06,1183.0421142578125,1206.5731302478512,1165.1909986791622,1174.9279708129716,7278300
2017-01-10,1191.15625,1202.5160507493188,1170.8708915190734,1176.5507918937328,5320100
2017-01-11,1243.0867919921875,1246.3324494125327,1211.4416321438223,1214.6872895641675,7294600
2017-01-12,1247.143798828125,1260.937842146328,1227.6698553200736,1232.5383411970865,7598600
2017-01-13,1239.02978515625,1265.8064602775048,1230.915641180112,1247.9553435300015,5581700
2017-01-16,1249.578125,1253.6351968344156,1223.6128652597401,1234.972666396104,3975000
2017-01-17,1252.8238525390625,1279.6005281438481,1235.7841498814716,1253.6352669513287,6715500
2017-01-18,1276.35498046875,1284.4691252905475,1237.407085324122,1245.5212301459194,6690800
2017-01-19,1303.1314697265625,1320.982585750214,1283.657524973488,1298.2629835382938,6690200
2017-01-20,1372.101806640625,1377.7817076734366,1291.771777748004,1295.0174354810395,10900700
2017-01-23,1381.0274658203125,1398.8785846499522,1348.5708861300584,1356.685031052622,7041500
2017-01-24,1354.2506103515625,1372.1017268451121,1348.5707096490694,1363.987582984408,5875900
2017-01-25,1394.0098876953125,1411.049589465744,1363.1761416345314,1400.5012026554768,6999500
2017-01-26,1443.506103515625,1466.2257049200307,1424.8435737905777,1433.7691314851656,8794500
2017-01-27,1428.0894775390625,1447.5634249600498,1415.9182604009454,1421.5981617320667,6237900
2017-01-30,1455.6773681640625,1474.3398985251401,1414.2952356242813,1414.2952356242813,7354600
2017-01-31,1437.014892578125,1449.1861084949358,1417.5409471112278,1419.97519029459,5191900
2017-02-01,1444.317626953125,1444.317626953125,1404.558321492056,1420.7866094353494,4780100
2017-02-02,1422.4093017578125,1480.0197184291214,1417.5408158419273,1466.22567500078,5096400
2017-02-03,1406.9927978515625,1441.072208180147,1398.878652535233,1427.2781611423868,5403100
2017-02-06,1419.9752197265625,1430.5236070731025,1395.632787388393,1423.2208773716518,3322300
2017-02-07,1419.163818359375,1425.6551337092178,1390.7643137038128,1403.7469444034984,3953200
2017-02-08,1427.2777099609375,1432.146195611742,1402.9352817069134,1412.672253008523,4359300
2017-02-09,1515.7220458984375,1570.0868087866577,1495.4366866117882,1501.11658721205,19646600
2017-02-10,1482.453857421875,1521.4017420175235,1453.2429439751386,1480.8310288970563,14949100
2017-02-13,1454.0545654296875,1488.9453836849757,1451.6203222955976,1483.265483038766,7233800
2017-02-14,1428.0894775390625,1475.1515171397816,1424.8438196355646,1459.7346420981667,6382700
2017-02-15,1403.746826171875,1451.6202728447886,1401.3125831207099,1448.3746154432351,5993000
2017-02-16,1423.2208251953125,1430.5235546290398,1383.4615205005746,1415.9180957615852,6281800
2017-02-17,1429.712158203125,1438.637716511998,1402.12406888479,1402.12406888479,4906200
2017-02-20,1441.8834228515625,1446.751909366537,1409.426846085067,1432.9578642407762,4159800
2017-02-21,1436.2034912109375,1449.997536041777,1431.335004800053,1449.186121639963,3770600
2017-02-22,1408.615234375,1443.5060495121688,1399.689677014329,1442.6946352066534,4369100
2017-02-23,1414.29541015625,1437.8264296023378,1408.6155089106426,1428.0894560384395,4257500
2017-02-24,1393.198486328125,1411.0496026351832,1384.272928174596,1395.6327294609057,5494400
2017-02-27,1340.45654296875,1374.5359466035486,1312.868454312008,1366.4218028809776,8311000
2017-02-28,1340.45654296875,1362.364731019692,1335.5880567352071,1347.759272319064,4886300
2017-03-01,1402.1240234375,1406.9925096299914,1338.0222885696976,1348.5706753200955,8263100
2017-03-02,1445.9404296875,1469.47144678118,1438.6377002446338,1467.037203633558,7337700
2017-03-03,1371.2901611328125,1433.769061965491,1368.0445039466995,1419.97501892451,7450400
2017-03-06,1312.0567626953125,1351.8160585345645,1300.6969638840976,1338.8334313217474,9321500
2017-03-07,1297.45166015625,1316.9256062749178,1282.0347861456378,1312.868534166862,5880400
2017-03-08,1285.2802734375,1304.754216974432,1274.7318873549953,1298.2629024621212,5101900
2017-03-09,1351.0050048828125,1353.4392481348536,1284.4690226603557,1288.5260947470908,8649300
2017-03-10,1368.044677734375,1388.3300377245052,1348.5707321438501,1381.8387225276635,5254300
2017-03-13,1338.0223388671875,1363.9875995365326,1332.342438095768,1353.4392123896112,5246200
2017-03-14,1351.816162109375,1358.3074762131414,1335.5878768499588,1342.890605216696,3683200
2017-03-15,1316.114013671875,1340.4564430246223,1314.4911850483584,1338.833614401106,3905200
2017-03-16,1348.57080078125,1355.8735307493796,1291.7717899180204,1301.5087632088598,6468200
2017-03-17,1379.4044189453125,1399.6897780474494,1348.5706731100643,1368.0446178481159,7576600
2017-03-21,1371.2901611328125,1381.8385469876803,1356.6847037953032,1378.5928898015673,4304200
2017-03-22,1306.3770751953125,1338.8336484920903,1305.565660862893,1317.7368758491848,6985700
2017-03-23,1350.1934814453125,1373.7244976483857,1332.34236570505,1332.34236570505,8489300
2017-03-24,1399.689697265625,1407.8038404381793,1351.004838230299,1351.004838230299,6914800
2017-03-27,1392.38720703125,1414.2953973516717,1385.0844769244427,1387.5187202933785,5491100
2017-03-28,1467.037109375,1475.1512526790652,1413.4837635681693,1419.1636638810148,12008000
2017-03-29,1497.0595703125,1519.7791735475948,1467.848651867378,1487.3225974974594,7880700
2017-03-30,1535.1959228515625,1553.0470382335575,1497.8708634164823,1501.1165207586632,10822600
2017-03-31,1504.362060546875,1536.0072171603206,1498.6821606418978,1534.3843886160414,7131700
2017-04-03,1484.8885498046875,1514.0994720959272,1470.2830886590675,1513.2880575878373,5469400
2017-04-04,1471.094482421875,1488.9456013481195,1451.6205345023357,1475.1515549051123,5892200
2017-04-05,1462.168701171875,1493.8138617410777,1446.7518280740583,1484.8883036318155,5456100
2017-04-06,1488.1339111328125,1514.0991702147373,1457.3001659730269,1461.3572377045778,10053700
2017-04-07,1462.980224609375,1509.2308473507694,1430.5236472469928,1501.116703010174,8719300
2017-04-10,1529.5157470703125,1530.3271612597396,1475.9624105681157,1484.8879666518153,6912200
2017-04-11,1499.49365234375,1536.0072964754972,1491.3795092033617,1517.3447672526042,6970100
2017-04-12,1454.0545654296875,1495.4366987092153,1440.2605210031782,1476.7741680145264,6784800
2017-04-13,1451.620361328125,1453.2431901278212,1399.6898397378511,1429.7121725322284,7894800
2017-04-14,1480.0194091796875,1505.173247822544,1428.0889035944354,1431.3345601935134,7943200
2017-04-17,1452.431884765625,1473.528660745461,1428.0894509427374,1462.980272755543,6492200
2017-04-18,1463.79150390625,1510.8535367369386,1452.4317028781527,1484.888277244145,6388000
2017-04-19,1483.2655029296875,1503.5508626524677,1446.7518554286833,1452.4317561510618,5612000
2017-04-20,1485.6998291015625,1513.2879198658734,1484.888414667318,1495.4368023124957,5367300
2017-04-21,1545.744140625,1548.1783833661416,1488.1337290846457,1514.9103992372047,9910900
2017-04-24,1471.094482421875,1600.1093873888237,1463.7917519520477,1578.201195979342,18095900
2017-04-25,1525.4591064453125,1552.2357822499375,1487.3226287841796,1488.9454576208236,12495700
2017-04-26,1553.858642578125,1578.2010756211243,1539.2531827523253,1559.5385436214915,10757000
2017-04-27,1591.9951171875,1593.6179460531346,1533.573278024656,1551.424395546636,7607300
2017-04-28,1581.446533203125,1591.183505187957,1555.4812745769066,1589.5606765238183,6376400
2017-05-01,1570.898193359375,1593.6177953294487,1561.9726354425604,1583.8808230565598,5591300
2017-05-02,1598.486328125,1604.977643163071,1563.595509795368,1580.6352117703045,6588700
2017-05-08,1613.0916748046875,1622.8286466847962,1594.4291453678125,1622.8286466847962,6262900
2017-05-09,1599.2978515625,1638.2457444468228,1596.0521938221398,1612.280482523941,6937800
2017-05-10,1592.8062744140625,1621.2057749767177,1587.1263743015315,1600.109003130174,5717600
2017-05-11,1570.0869140625,1595.2407612645347,1553.8586255450582,1594.4293468386627,6748100
2017-05-12,1564.4068603515625,1657.7195102169305,1554.669888191698,1628.5085937373372,13375700
2017-05-15,1544.12158203125,1613.09180508572,1537.630266920241,1579.823815141799,8781700
2017-05-16,1558.7269287109375,1607.4117885353292,1553.047028398092,1576.5780439798812,9314500
2017-05-17,1548.1785888671875,1570.0867764454968,1541.6872740291699,1563.5954616074791,5105600
2017-05-18,1540.8758544921875,1542.498683196234,1489.7567503147216,1509.23069476328,8423200
2017-05-19,1544.12158203125,1559.538455419896,1517.344907198338,1550.6128971422588,5903800
2017-05-22,1533.5731201171875,1561.1612079923116,1531.9502914186507,1553.8584788488963,4540500
2017-05-23,1487.32275390625,1524.6478202890582,1471.0944641745943,1523.0249913158927,8363500
2017-05-24,1487.32275390625,1509.2309450439852,1464.603148281932,1498.6825567184092,8032100
2017-05-25,1462.168701171875,1493.0024473675085,1454.8659718097513,1493.0024473675085,7126900
2017-05-26,1466.225830078125,1471.0943165089323,1423.2208666059942,1457.300271621645,8078900
2017-05-29,1444.317626953125,1477.5856172368767,1441.883383761631,1471.0943020595594,5605100
2017-05-30,1449.99755859375,1452.4318018370523,1402.1241081421376,1449.186144179316,7528900
2017-05-31,1485.6998291015625,1488.134072404296,1433.7693053099188,1436.203548612652,8105100
2017-06-01,1495.4365234375,1526.2702661887886,1481.642480627713,1495.4365234375,7487200
2017-06-02,1501.9281005859375,1520.5906323598308,1496.2481996112742,1503.5509294358412,5858600
2017-06-05,1553.858642578125,1556.2928858824248,1504.3623620573596,1505.1737764921263,8840600
2017-06-06,1530.3275146484375,1569.2754047349301,1527.0818571412299,1546.555802184476,6553700
2017-06-07,1538.44140625,1551.424034150844,1513.287564692115,1530.3272638119727,6055900
2017-06-08,1540.0645751953125,1560.3499357748083,1527.8933588476152,1549.8015482734704,5369200
2017-06-09,1518.156494140625,1540.0646851303613,1507.6081058863074,1540.0646851303613,5461900
2017-06-12,1469.4715576171875,1480.8313598295788,1457.300340961054,1470.2829720609298,6689200
2017-06-13,1478.39697265625,1496.248088681737,1466.225757184327,1492.1910168577629,5611400
2017-06-14,1457.3004150390625,1518.9679158981764,1454.054757099109,1501.9282117134212,5463200
2017-06-15,1388.330078125,1432.957871401958,1385.0844204321304,1430.5236281323057,10049800
2017-06-16,1385.8958740234375,1409.4268929617747,1383.461630684989,1403.7469918387278,7201100
2017-06-19,1419.9752197265625,1425.6551206054687,1370.478940638951,1379.4044991629464,5832900
2017-06-20,1424.843505859375,1456.4886634496459,1407.8038056184598,1452.4315919637136,6084800
2017-06-21,1387.5186767578125,1411.0496952525357,1384.2730190344025,1400.5013076514529,6253000
2017-06-22,1363.1761474609375,1398.8783798944382,1363.1761474609375,1395.6327224004838,6478400
2017-06-23,1350.1934814453125,1369.6674258892353,1325.0396365385789,1350.1934814453125,8313100
2017-06-26,1334.776611328125,1370.4788428773272,1331.5309539145612,1350.1934840425533,5556700
2017-06-27,1380.216064453125,1392.3872819527116,1335.5882669546406,1346.9480699542548,10261100
2017-06-28,1341.853759765625,1372.8698442370933,1339.4051215178777,1367.1563549923492,7053200
2017-06-29,1346.7509765625,1359.810379971591,1335.3239985795453,1357.3617418323863,5217100
2017-06-30,1327.9781494140625,1329.6105749204105,1307.572830584713,1319.8160218823227,7343900
2017-07-03,1318.18359375,1330.42678502322,1308.3890407314243,1319.816019253096,4869000
2017-07-04,1305.9403076171875,1339.405027999878,1297.7781806945802,1335.3239645385743,5199800
2017-07-05,1371.2374267578125,1373.68606501988,1307.572831944057,1314.102533976237,10254700
2017-07-06,1379.3994140625,1421.0262602856878,1368.7886493389424,1395.723667483358,9488000
2017-07-07,1412.048095703125,1414.4967340193732,1358.9942655177474,1363.075329378161,8316100
2017-07-10,1426.739990234375,1443.0642464155464,1400.621180344501,1420.2102877619066,8106900
2017-07-11,1430.8209228515625,1441.4316883946717,1421.0263700425387,1436.5344119901597,4668200
2017-07-12,1485.50732421875,1497.7505164513223,1444.6966834435098,1444.6966834435098,13767600
2017-07-13,1480.60986328125,1510.8097337009888,1471.631523426733,1501.015181132425,9277400
2017-07-14,1465.9183349609375,1483.8750183513275,1449.59407733331,1481.4263797071835,7729000
2017-07-17,1465.9183349609375,1465.9183349609375,1465.9183349609375,1465.9183349609375,0
2017-07-18,1477.3450927734375,1480.609943807191,1434.0858165762043,1456.9397738124785,6590200
2017-07-19,1457.755859375,1481.4260273043813,1450.4099451900197,1475.712538493841,5157000
2017-07-20,1505.0963134765625,1509.1773772332779,1463.4694631580676,1469.1829524174689,7913900
2017-07-21,1509.1776123046875,1527.9505085096673,1496.1182062490493,1497.750632006004,5442500
2017-07-24,1476.5289306640625,1496.934250324981,1461.837100508201,1491.2207608199237,4975000
2017-07-25,1514.8907470703125,1522.2366612533042,1483.058452277348,1483.874664964347,5980300
2017-07-26,1492.8533935546875,1553.2531481326246,1488.7723290561783,1545.091019135606,7655100
2017-07-27,1532.84765625,1532.84765625,1474.8965467751598,1483.8748876797124,7895900
2017-07-28,1490.404296875,1521.4203775328588,1471.6314059505066,1512.4420383950576,11018100
2017-07-31,1465.9183349609375,1479.7939539444208,1448.7778644519287,1462.653483435412,5421000
2017-08-01,1472.4478759765625,1474.080301559685,1435.7183003563046,1452.8587689790916,6348400
2017-08-02,1504.280029296875,1514.0745818479127,1474.0801589311754,1475.7125843563483,6099500
2017-08-03,1485.50732421875,1500.1991548978367,1455.307450045072,1496.9343036358173,6309400
2017-08-04,1465.1019287109375,1483.874822505005,1458.5722265216964,1469.182992579213,3501900
2017-08-07,1482.242431640625,1489.588346775408,1464.2857502000447,1482.242431640625,3923100
2017-08-08,1496.9342041015625,1513.2584593262252,1483.8747999218324,1487.139650966765,5904600
2017-08-09,1329.610595703125,1405.5183829347952,1322.2646808097377,1398.9886808073397,26882400
2017-08-10,1314.9188232421875,1348.3835481043413,1301.8594184179324,1338.5889944861499,13293300
2017-08-11,1314.9188232421875,1314.9188232421875,1314.9188232421875,1314.9188232421875,0
2017-08-14,1333.6917724609375,1345.9349649865885,1281.4541510181589,1314.1026644198955,10282700
2017-08-15,1343.486083984375,1369.6048899913617,1341.03744592122,1362.2589758018967,8590600
2017-08-16,1373.68603515625,1384.2968007278669,1344.302376650234,1345.1185893865122,8677700
2017-08-17,1377.7669677734375,1407.1506234842452,1375.3183297975368,1379.3993930907045,7919200
2017-08-18,1362.2591552734375,1369.605070430694,1336.9565586206654,1341.0376225969192,5402300
2017-08-21,1360.6268310546875,1373.686236751673,1353.2809153501332,1372.8700238956117,4534900
2017-08-22,1365.5240478515625,1367.1564734915523,1341.8538760717088,1354.9132811916281,4466400
2017-08-23,1357.36181640625,1384.296837417318,1351.648327100872,1382.664411901496,4806100
2017-08-24,1373.68603515625,1382.6643752553105,1351.648291276738,1353.2807167492945,4603300
2017-08-25,1390.8265380859375,1395.7238146284938,1363.0753043447862,1367.1563681302496,5289600
2017-08-28,1386.7454833984375,1398.9886748351512,1371.2374409119334,1378.5833557739618,3570700
2017-08-29,1364.7078857421875,1378.5835041977002,1341.0377130827835,1364.7078857421875,5878500
2017-08-30,1325.529296875,1380.2155424973062,1293.6970046470906,1378.5831172548492,12282300
2017-08-31,1318.9998779296875,1329.610644274419,1302.675622014716,1314.9188139509447,7856800
2017-09-01,1318.18359375,1326.34572126548,1292.8809984520124,1325.529508513932,8075400
2017-09-04,1322.2647705078125,1338.589026933835,1309.2053653669946,1326.3458346143182,6237700
2017-09-05,1310.8377685546875,1333.691727159626,1302.675640481495,1317.3674710132414,6123400
2017-09-06,1255.335205078125,1281.4540129861225,1238.1947373885018,1281.4540129861225,11253000
2017-09-07,1273.291748046875,1287.16736324995,1249.6215809357473,1261.8647708208134,8453500
2017-09-08,1264.3134765625,1290.4322830505569,1255.3351368322305,1273.2918162927697,7357800
2017-09-11,1295.3299560546875,1313.286641015748,1260.2327990853419,1260.2327990853419,7313500
2017-09-12,1343.486083984375,1351.6482108615583,1312.4700018510785,1323.0807667914166,8289800
2017-09-13,1323.0811767578125,1342.6702873328818,1316.5514732327895,1341.0378614516262,5732300
2017-09-14,1343.486083984375,1374.5021661176715,1323.0807667914166,1323.0807667914166,7028900
2017-09-15,1358.177978515625,1363.0752548804649,1337.7726603287915,1337.7726603287915,5271500
2017-09-18,1358.177978515625,1358.177978515625,1358.177978515625,1358.177978515625,0
2017-09-19,1394.091552734375,1414.4968740565996,1384.2969984997073,1390.0104884699301,7382900
2017-09-20,1398.98876953125,1401.4374079843385,1366.3402568234028,1388.3780029011996,5061800
2017-09-21,1414.496826171875,1421.8427415991957,1405.5184850940386,1411.2319748708435,6638800
2017-09-22,1421.0264892578125,1443.8804477295062,1410.4157228245263,1420.210276455252,6937400
2017-09-25,1465.1019287109375,1478.9775458630745,1437.3506944066635,1442.247971048594,11969400
2017-09-26,1416.1290283203125,1466.7342154994822,1409.5993267488068,1448.7775361778413,8699700
2017-09-27,1438.1669921875,1455.3074614473962,1414.496820352405,1426.7400126809023,4830900
2017-09-28,1440.615478515625,1489.5882426577991,1439.799265779922,1468.3667115295236,7899100
2017-09-29,1444.6966552734375,1447.1452936722062,1421.8426968849312,1430.0048248808264,4674600
2017-10-02,1455.3072509765625,1465.9180161267002,1450.4099747534221,1454.4910382727057,3748400
2017-10-03,1461.02099609375,1480.610104421264,1444.696739154155,1462.6534217877095,6068300
2017-10-04,1452.04248046875,1465.1018844527296,1426.739885249789,1461.020820707736,5122200
2017-10-05,1462.6533203125,1469.9992354256765,1446.3290645054408,1460.204681941441,3876300
2017-10-06,1471.6317138671875,1476.5289907852148,1460.2047343917907,1469.1830754081739,3944500
2017-10-09,1471.6317138671875,1471.6317138671875,1471.6317138671875,1471.6317138671875,0
2017-10-10,1474.8966064453125,1483.0587348705772,1465.9182651775216,1475.712819287839,3929600
2017-10-11,1451.2261962890625,1474.8963648449583,1448.7775581625906,1474.8963648449583,4651200
2017-10-12,1431.63720703125,1448.7776753024336,1412.8643132104296,1438.9831220046144,12755300
2017-10-13,1513.25830078125,1518.1555768355583,1434.0856712366,1436.534309263754,16935700
2017-10-16,1512.4422607421875,1546.7231970353187,1502.6477075155785,1528.766516119869,8173900
2017-10-17,1555.7017822265625,1560.5990596102768,1515.7073502595626,1523.8694792324197,9589800
2017-10-18,1553.2529296875,1569.5771853857398,1535.2962484194366,1554.069142472412,9467300
2017-10-19,1628.344482421875,1642.2200995653197,1581.8203543526786,1585.085205445254,20202500
2017-10-20,1688.7442626953125,1697.7226033862978,1620.9986011178787,1628.3445162286846,19671100
2017-10-23,1766.284423828125,1776.8951897753363,1713.2305940920676,1714.0468068572377,17448000
2017-10-24,1827.50048828125,1829.132913907227,1762.20346324217,1779.3439323149287,16260200
2017-10-25,1871.576171875,1963.8082291893807,1834.846591528565,1835.6628044251527,34159700
2017-10-26,1883.0030517578125,1887.0841160225673,1783.425083697798,1830.7654291689526,16214800
2017-10-27,1956.4619140625,1971.153743204396,1902.5918738755477,1943.4025103808146,15226100
2017-10-30,2091.136962890625,2098.4828772801707,1975.2347580777957,1997.2725012464323,21412900
2017-10-31,2013.5966796875,2069.9153545551276,1984.2130232348247,2050.3262502533444,16610400
2017-11-01,2076.4453125,2097.6668447818397,1990.7429705925708,2093.585780881486,12778700
2017-11-02,2073.1806640625,2084.60764410064,2033.1862339290108,2071.5482383427657,9674600
2017-11-03,2073.1806640625,2073.1806640625,2073.1806640625,2073.1806640625,0
2017-11-06,2059.3046875,2140.925959299445,2046.2452840120889,2096.0342598097504,12242800
2017-11-07,2111.542724609375,2127.8669822406805,2025.0241591634554,2046.2456940841525,14707600
2017-11-08,2110.72607421875,2114.8071377806577,2062.569524188237,2098.4828835330263,10227900
2017-11-09,2094.40185546875,2164.5961499232753,2028.2886246453015,2113.1747481717043,18310500
2017-11-10,2318.860595703125,2326.206511001023,2097.6669239553084,2158.0666719602473,33617300
2017-11-13,2304.98486328125,2409.460097877567,2255.1958842939425,2407.827672337,21340500
2017-11-14,2464.96240234375,2493.5298474040255,2323.7576024743894,2333.552155066484,22263700
2017-11-15,2397.21728515625,2447.0062720117253,2367.017407883257,2408.644265746031,15832300
2017-11-16,2349.876708984375,2393.9522012682082,2287.028321838909,2333.552452582955,14839100
2017-11-17,2464.96240234375,2473.124529503829,2393.951896051066,2431.497680987428,16787600
2017-11-20,2389.87109375,2447.005990116974,2359.671219956028,2432.314159622609,13334200
2017-11-21,2501.692138671875,2509.854266367379,2406.195244634482,2430.681627720993,11650800
2017-11-22,2513.935302734375,2579.2323235846184,2481.286792309253,2558.8270045689173,9734800
2017-11-23,2513.935302734375,2513.935302734375,2513.935302734375,2513.935302734375,0
2017-11-24,2477.205810546875,2522.097513868153,2409.4601491711287,2456.8004908553853,7199100
2017-11-27,2378.444091796875,2433.1303492266593,2368.6495382273615,2407.827752505416,11608300
2017-11-28,2313.14697265625,2344.163057681281,2260.093143008171,2309.8821216009837,13642400
2017-11-29,2276.417236328125,2327.8386367901803,2237.2390264522737,2296.822553971798,13154600
2017-11-30,2304.169189453125,2304.169189453125,2180.1048193515044,2189.0831619246483,32989200
2017-12-01,2265.80712890625,2396.4011997365815,2242.1369535682525,2326.2068866652785,16762200
2017-12-04,2271.5205078125,2296.006894889171,2236.4233530026054,2275.6015723252785,9247900
2017-12-05,2179.2880859375,2232.3419157449675,2165.4124689109317,2206.223107224368,10683800
2017-12-06,2188.2666015625,2239.6880099543077,2167.045067940484,2171.94234493018,11893400
2017-12-07,2291.925537109375,2295.1903883018385,2199.6934909222814,2248.6662588092336,12249900
2017-12-08,2393.135986328125,2393.135986328125,2304.9850018385487,2326.206535141595,12887600
2017-12-11,2328.6552734375,2402.114430328273,2295.190546409481,2396.4009403478794,10634200
2017-12-12,2347.427734375,2415.173388739786,2336.8169692335273,2354.773648703712,10583100
2017-12-13,2224.996337890625,2301.720349542026,2221.7314863309907,2295.1906464227577,12053100
2017-12-14,2278.049560546875,2293.557601267187,2206.2228456317457,2207.039058301236,10531000
2017-12-15,2325.390380859375,2332.7362964184254,2243.769096869927,2260.0933536678167,8447100
2017-12-18,2422.519775390625,2425.7846268399385,2336.001211983817,2361.3038107159964,9837600
2017-12-19,2373.546630859375,2497.610966447623,2356.4061634425775,2464.962457082295,11745600
2017-12-20,2363.75244140625,2423.335980157167,2334.3687784605922,2422.5197672975655,8566400
2017-12-21,2464.96240234375,2469.0434659237894,2337.6332186465233,2367.833089138814,14075800
2017-12-22,2406.195556640625,2444.55756178381,2387.422660506726,2422.5198141483634,8447200
2017-12-25,2434.76220703125,2446.189183530894,2389.0543010326746,2400.4812775323185,4834800
2017-12-26,2363.75244140625,2424.1521930167687,2360.4875899678436,2414.3576387015496,5890500
2017-12-27,2385.106201171875,2416.3162685425814,2340.7550528029765,2346.5042757396855,5300200
2017-12-28,2391.6767578125,2414.6736497145434,2363.751960502876,2381.8209469973385,4630800
2017-12-29,2371.96533203125,2409.745943275515,2362.930838038056,2391.6769552891274,4075000
2018-01-01,2371.96533203125,2371.96533203125,2371.96533203125,2371.96533203125,0
2018-01-02,2371.96533203125,2371.96533203125,2371.96533203125,2371.96533203125,0
2018-01-03,2371.96533203125,2371.96533203125,2371.96533203125,2371.96533203125,0
2018-01-04,2460.66748046875,2480.3791024751754,2449.9903518819365,2459.846162885149,10554900
2018-01-05,2454.91845703125,2480.3793041935014,2444.2413275761123,2468.059539437573,5855400
2018-01-08,2454.91845703125,2454.91845703125,2454.91845703125,2454.91845703125,0
2018-01-09,2546.084716796875,2562.5110698084677,2517.338599026588,2525.551775532384,9657500
2018-01-10,2521.4453125,2541.978254784202,2492.6991933021172,2529.658489413681,4593900
2018-01-11,2436.849365234375,2480.3791988566945,2426.172236232674,2463.9528465463854,9189400
2018-01-12,2423.708251953125,2463.952814591452,2412.2098054850317,2446.7051448893117,5605600
2018-01-15,2421.244384765625,2445.0625961490045,2393.319585212697,2423.7083376673536,4530300
2018-01-16,2496.80517578125,2517.3381130820826,2403.174981689453,2431.9210939106188,6466100
2018-01-17,2550.19091796875,2558.4040932279086,2463.1312602216685,2468.059165377164,6736800
2018-01-18,2620.003173828125,2693.921758669671,2603.576821641115,2624.1097618748777,12279100
2018-01-19,2669.282470703125,2681.602235952524,2624.1099981219954,2665.1758822866586,5261700
2018-01-22,2714.454833984375,2722.668010486597,2661.0691867199316,2710.348245733264,5286600
2018-01-23,2714.454833984375,2747.3075399932627,2644.6428337154875,2743.200951742152,6931000
2018-01-24,2615.896728515625,2693.9219056613033,2599.4703754323245,2693.9219056613033,5414200
2018-01-25,2566.617431640625,2607.683310546875,2505.01861328125,2546.0844921875,4227700
2018-01-26,2488.592529296875,2554.297942611644,2476.272764300356,2550.191354279471,5450900
2018-01-29,2537.871337890625,2607.683332622244,2525.551574114457,2599.470156771465,4999800
2018-01-30,2456.5615234375,2550.191752013854,2441.7778031359703,2546.0851630412067,7443700
2018-01-31,2440.956298828125,2492.699315929798,2424.529944192673,2426.1725796562187,4922900
2018-02-01,2462.310302734375,2500.9122320967886,2439.3134086461287,2496.8056438667445,4628700
2018-02-02,2390.855712890625,2438.4921372628874,2377.714630305173,2414.673925076756,7370500
2018-02-05,2323.507568359375,2331.720744634947,2267.6579696854837,2267.6579696854837,8340400
2018-02-06,2184.705078125,2283.263201950188,2114.071756050282,2200.3101143973213,15250000
2018-02-07,2330.89892578125,2525.55116165516,2326.7923385265262,2513.2313998909885,19944400
2018-02-08,2299.689453125,2367.0375013950893,2269.300699637277,2344.0406068638395,12577900
2018-02-09,2192.09716796875,2228.2351505055144,2147.7460075827207,2184.7053079044117,13207600
2018-02-12,2192.09716796875,2192.09716796875,2192.09716796875,2192.09716796875,0
2018-02-13,2191.275146484375,2281.620073813191,2184.7046063150065,2238.911562712296,9617200
2018-02-14,2225.770751953125,2266.0153153648234,2195.3819999891894,2205.237811436952,9163500
2018-02-15,2356.35986328125,2385.105975241809,2276.692067276272,2279.1560197300346,11171100
2018-02-16,2320.222412109375,2358.003024837528,2291.476293729259,2352.2538011615047,8848000
2018-02-19,2341.576171875,2366.215696657971,2326.7924570052173,2352.253299280954,5787300
2018-02-20,2325.971435546875,2332.5419763252557,2292.297414057672,2331.7206587279584,5081800
2018-02-21,2262.72998046875,2336.64856422272,2251.231534107021,2326.792753055524,9014100
2018-02-22,2251.23193359375,2266.836970710963,2222.4858125883575,2235.626896476537,5438300
2018-02-23,2283.263427734375,2289.012652192699,2226.5925009308958,2238.090949847544,4475600
2018-02-26,2305.4384765625,2335.0059098208717,2272.585772942087,2312.0090172865825,5550900
2018-02-27,2387.5703125,2426.9935581140353,2340.7552083333335,2340.7552083333335,8964800
2018-02-28,2367.858642578125,2425.3508746212983,2367.858642578125,2380.9997241879933,5512200
2018-03-01,2309.545654296875,2346.504955308027,2279.9782134879533,2340.7557307062925,7171400
2018-03-02,2316.936767578125,2340.754976106932,2233.9836964950373,2234.8050140305136,9524900
2018-03-05,2201.131591796875,2298.0470872565884,2173.2067880203476,2292.297862949656,10398800
2018-03-06,2321.043701171875,2352.253772171355,2267.658053409606,2270.1220063832493,8732100
2018-03-07,2293.118896484375,2330.8995086757363,2244.661154760672,2288.1909905463713,7376000
2018-03-08,2381.8212890625,2388.391830549569,2307.08137964709,2333.3635455953663,7735600
2018-03-09,2445.06201171875,2459.8457255954504,2402.353504963837,2417.137218840538,9471600
2018-03-12,2505.018798828125,2554.2978571657272,2484.485857854124,2513.2319752177254,8380800
2018-03-13,2607.683349609375,2611.7899375615157,2513.2318267101377,2533.7647664708416,8230100
2018-03-14,2558.404541015625,2570.7243060606443,2505.018892487209,2533.765010925587,6128100
2018-03-15,2550.19091796875,2578.937031375805,2505.0184540433775,2558.4040932279086,3574000
2018-03-16,2546.084716796875,2562.5110698084677,2525.551775532384,2562.5110698084677,4183300
2018-03-19,2546.084716796875,2554.2978933026716,2492.6990695091986,2496.805657762097,4183400
2018-03-20,2488.592529296875,2505.018882625567,2431.100292646452,2480.379352632529,4713400
2018-03-21,2488.592529296875,2488.592529296875,2488.592529296875,2488.592529296875,0
2018-03-22,2517.339111328125,2546.0852349485117,2468.0600422646057,2476.273220441859,3066700
2018-03-23,2392.498291015625,2447.5265730266265,2383.4637969541172,2405.6393732869087,6780500
2018-03-26,2383.4638671875,2384.285184853657,2273.4072999224672,2340.7553485473377,6763500
2018-03-27,2399.068603515625,2480.3790423201604,2387.570157624075,2447.526339772873,6476600
2018-03-28,2269.301025390625,2343.2196255662157,2243.840174219033,2336.649083328385,9287800
2018-03-29,2235.626220703125,2297.225032809199,2204.416155902714,2279.1560479247505,7332400
2018-03-30,2291.4765625,2300.5110579077063,2240.554861111111,2276.6928427419357,6096900
2018-04-02,2317.758544921875,2336.648851985377,2276.692660001218,2291.4763785726545,4641400
2018-04-03,2268.479736328125,2273.407643068881,2221.6646222909408,2246.304155994722,5620900
2018-04-04,2201.131591796875,2306.2602648379197,2164.172292680883,2291.4765451915227,8636500
2018-04-05,2208.522705078125,2247.124626661863,2164.9928786113564,2233.1622294932768,8246300
2018-04-06,2123.106201171875,2160.0654967435325,2102.573259187621,2150.2096845910905,10484800
2018-04-09,2145.281494140625,2158.422575268592,2102.572980474732,2103.39429804523,5477100
2018-04-10,2175.67041015625,2213.451021280141,2014.6921540631488,2143.6390224642555,11614200
2018-04-11,2173.206298828125,2256.9806912999575,2169.921028535112,2239.733022261639,8255700
2018-04-12,2172.38525390625,2209.344549341328,2143.6391352345227,2177.31315996426,6047300
2018-04-13,2265.19384765625,2276.692293583439,2239.7330031031884,2254.5167192952886,8749600
2018-04-16,2241.3759765625,2286.548449523635,2223.306987378046,2258.623648056752,6482400
2018-04-17,2238.911865234375,2272.585888152427,2211.808383373504,2233.9839594414893,6361200
2018-04-18,2298.047119140625,2319.4013811483646,2238.0909219650475,2238.912239734576,8967300
2018-04-19,2259.44482421875,2293.1188474077608,2234.805295056059,2274.2285417163644,8189400
2018-04-20,2178.955322265625,2214.2719746807857,2139.5320823603292,2167.456877293247,10203800
2018-04-23,2130.49755859375,2169.099480434115,2119.8204312762023,2164.992893004289,7498600
2018-04-24,2159.24365234375,2176.4913194031715,2132.961493015108,2135.4254454521683,4896100
2018-04-25,2148.56689453125,2164.17192931569,2118.9994602028382,2128.8552716456425,5426200
2018-04-26,2226.59228515625,2244.6612745599527,2187.9903532483404,2191.2756240490135,8844300
2018-04-27,2219.199951171875,2272.585590263722,2179.7767099963567,2271.764272739232,5784400
2018-04-30,2219.199951171875,2219.199951171875,2219.199951171875,2219.199951171875,0
2018-05-01,2149.38818359375,2248.767614321623,2145.2815955471438,2232.3412621351977,6172600
2018-05-02,2174.84912109375,2219.2002738652996,2164.993309366739,2172.385168161997,5391800
2018-05-03,2174.84912109375,2174.84912109375,2174.84912109375,2174.84912109375,0
2018-05-04,2174.84912109375,2174.84912109375,2174.84912109375,2174.84912109375,0
2018-05-07,2177.313232421875,2205.2380343465616,2151.8523836081904,2199.488810420891,4193000
2018-05-08,2191.275146484375,2197.0243691325722,2157.6011281163615,2181.419336230322,4313200
2018-05-09,2250.41015625,2270.1217780565694,2190.4539732550184,2191.275290830292,6346200
2018-05-10,2338.29150390625,2342.398092427336,2256.159733484534,2266.8368636393575,8812100
2018-05-11,2344.86181640625,2383.4637447323776,2298.046711840521,2347.3257692781303,8625300
2018-05-14,2321.864990234375,2330.8994843598007,2238.911907810013,2324.328943177673,7156500
2018-05-15,2335.82763671875,2364.573757423798,2316.1160110924316,2321.865235233441,5385300
2018-05-16,2351.43212890625,2367.037162245132,2292.2972657273294,2314.4728394194244,5569600
2018-05-17,2403.99658203125,2422.886886570614,2367.8586081298577,2371.1438784845295,6288200
2018-05-18,2402.354248046875,2413.8526957298345,2373.6081288394766,2392.4984357471953,4278100
2018-05-21,2351.43212890625,2395.7832762904404,2344.8615885530367,2392.498006113834,5011400
2018-05-22,2310.36669921875,2376.0721154780817,2300.51088677985,2371.9655269618734,5064600
2018-05-23,2275.87109375,2315.294338968333,2247.1249774449657,2309.5451157073257,5831200
2018-05-24,2270.122314453125,2294.7618475332965,2251.232005758327,2279.9781276851936,4106400
2018-05-25,2283.263427734375,2310.3669144664736,2242.1975387463467,2247.946763204671,3762200
2018-05-28,2295.5830078125,2317.7585860632826,2272.5861118487255,2292.2977369605323,2994200
2018-05-29,2247.12548828125,2309.545640733507,2233.163085759035,2302.153780574687,4394300
2018-05-30,2200.31005859375,2206.880600015456,2168.278669162934,2195.3821525274707,5119200
2018-05-31,2175.67041015625,2238.090550273983,2166.6359161918413,2238.090550273983,5157600
2018-06-01,2162.52978515625,2201.1317220732053,2109.965445524651,2178.9561412911244,7033100
2018-06-04,2192.09716796875,2205.2382525275734,2168.2789522058824,2176.492130055147,3541200
2018-06-05,2197.024658203125,2242.19712781104,2183.883576135368,2225.7707752263436,4367800
2018-06-06,2191.275146484375,2236.447610148783,2186.3472413573486,2213.450719555993,3747400
2018-06-07,2224.94970703125,2252.874509555821,2205.238081719788,2215.093894375519,5760800
2018-06-08,2145.281494140625,2209.3442646394647,2132.140413012658,2197.845818652493,8397600
2018-06-11,2122.28466796875,2134.604431908197,2086.968011342335,2132.961796716271,5953600
2018-06-12,2063.971435546875,2122.28499381342,2040.9745393290825,2121.4636760913563,9333800
2018-06-13,2000.7298583984375,2058.2220957087375,1978.554281150179,2055.758142681153,11392500
2018-06-14,1962.9490966796875,2013.0494711137717,1961.3064614523405,1988.4099427035662,8366300
2018-06-15,1929.2752685546875,1957.2000702281057,1898.886513792438,1949.8082109616125,7863000
2018-06-18,1829.895751953125,1926.8112361229942,1818.3973046787337,1921.883330148255,12880100
2018-06-19,1824.9681396484375,1875.8898429149556,1811.0057371398761,1814.291008318361,9655800
2018-06-20,1872.6041259765625,1875.0680787739002,1817.5758468360232,1818.3971644351357,8005400
2018-06-21,1912.0277099609375,1940.773831029938,1867.676551740194,1913.6703454505948,9208000
2018-06-22,1832.3597412109375,1862.7484953233554,1820.0399760302273,1855.3566362149295,8902600
2018-06-25,1774.0462646484375,1852.0714475843643,1767.4757229275174,1838.1090464274089,9353300
2018-06-26,1824.9681396484375,1833.18131759465,1725.5886864992651,1732.9805466508565,12430500
2018-06-27,1819.139892578125,1859.102691133617,1806.6515180295337,1831.6282671267163,6535400
2018-06-28,1867.428466796875,1869.926141964236,1773.349368826279,1791.665653386926,7296900
2018-06-29,1862.4329833984375,1879.916708320819,1812.479483620205,1867.4283333762608,6536200
2018-07-02,1864.9307861328125,1914.8842893327985,1849.9447351728165,1862.4331109728132,6201900
2018-07-03,1880.7490234375,1881.5815816594734,1835.7908794509462,1856.6048350002768,5821300
2018-07-04,1791.6654052734375,1850.7770427150797,1758.3630743203996,1848.279367893602,9700500
2018-07-05,1795.8280029296875,1828.2977721064412,1775.8466065132236,1781.674513801359,5327500
2018-07-06,1859.1025390625,1864.930446708464,1816.642069070477,1820.8048602461654,7290900
2018-07-09,1906.558349609375,1927.3723053911367,1873.2560203585563,1876.5862532836381,6065200
2018-07-10,1931.5352783203125,1954.0143526800748,1914.884112127896,1937.3631864876581,5290800
2018-07-11,1891.572265625,1905.7257552885674,1857.4373787893376,1901.5629642110475,5764700
2018-07-12,1881.5816650390625,1888.2421311099972,1833.2932860247856,1879.0839902624618,5532100
2018-07-13,1939.028076171875,1942.358309020603,1891.572258077501,1898.2327237749569,6153100
2018-07-16,1939.028076171875,1939.0280761718748,1939.0280761718748,1939.0280761718748,0
2018-07-17,1937.363037109375,1972.3304834173225,1908.2234985194189,1944.0235030727936,5379900
2018-07-18,1954.01416015625,1992.3118386254393,1945.6885778803392,1981.4885816667554,4884500
2018-07-19,1990.6468505859375,2006.4654579306186,1970.6654518347611,1981.4887094916483,6702200
2018-07-20,1908.2239990234375,1964.8379745616548,1900.730972849262,1956.5123899236817,9121500
2018-07-23,1864.09814453125,1897.4004785112634,1841.6190690947408,1874.9214030747542,7965700
2018-07-24,1923.2099609375,1929.870428334686,1877.4192475818452,1885.7448318283277,6298800
2018-07-25,1972.330810546875,1974.8284856974199,1910.72149016677,1914.8842820843447,6392400
2018-07-26,1992.31201171875,2031.44225181519,1979.823637219886,2006.4655028174623,7480700
2018-07-27,1995.642578125,2018.9542144151544,1975.6611755905822,2010.6286300258137,3480000
2018-07-30,1998.1397705078125,2001.4700034586588,1973.9955816141764,1983.9862804667155,5083900
2018-07-31,1983.986083984375,2006.4651541763926,1970.6651535002163,1990.6465492264542,4944100
2018-08-01,1998.97265625,2018.121498854644,1987.3168390123908,2002.3028897464599,4188400
2018-08-02,1964.0050048828125,2013.9585022515996,1948.1863973826964,1990.6468701461656,6144000
2018-08-03,1970.6656494140625,1988.9819334390347,1957.344715577719,1973.163324508377,3479800
2018-08-06,1952.3492431640625,1983.9864590447596,1945.6887766628633,1970.6655260423609,3846800
2018-08-07,1973.9954833984375,1980.6559489687402,1953.1815284912418,1961.5071104541203,3148900
2018-08-08,1987.316650390625,2025.614331964973,1983.1538589151523,2001.4701414072317,6227900
2018-08-09,1930.7027587890625,2034.7725495819184,1919.0469422202625,2028.9446412975183,11590800
2018-08-10,1839.12109375,1904.8931926210955,1832.4606280415348,1904.0606344075375,10695300
2018-08-13,1772.5166015625,1795.8282337108092,1722.5631041018378,1755.8654357422793,9524500
2018-08-14,1733.3863525390625,1789.167757736045,1728.3910028199298,1786.6700828764785,7929200
2018-08-15,1645.9678955078125,1696.7539560166526,1636.8097534488415,1691.7586058026682,12633700
2018-08-16,1616.828369140625,1641.8051204661754,1555.2190492042675,1579.3632421522996,13097500
2018-08-17,1628.4840087890625,1632.6468002225724,1592.6840024608778,1615.995634488533,6663100
2018-08-20,1579.363037109375,1625.9863001974747,1575.2002457622234,1606.8374600005766,6436500
2018-08-21,1604.3397216796875,1615.9955369902818,1563.5443680926066,1571.869950457317,6306800
2018-08-22,1655.9583740234375,1668.446747884851,1606.8374368352108,1608.502553350066,8399800
2018-08-23,1656.7908935546875,1659.288568268589,1614.3304234183613,1639.3071705573768,7287300
2018-08-24,1631.8140869140625,1664.2838570108217,1606.0047824781768,1660.9536241803848,6373500
2018-08-27,1676.7723388671875,1678.4374553903922,1629.316517955852,1644.3025666646947,5674400
2018-08-28,1676.7723388671875,1723.3956015169206,1666.781639727959,1715.070018900897,6028700
2018-08-29,1701.7491455078125,1708.4096118307393,1681.7677465390318,1683.4328631197636,4363700
2018-08-30,1682.600341796875,1720.8980239951215,1665.9491756237244,1710.0747659825736,9205900
2018-08-31,1651.79541015625,1682.6000624625913,1633.4791304065334,1642.6372702813917,6655600
2018-09-03,1611.8328857421875,1652.6282428709928,1590.1863697146582,1642.6375431659792,7202900
2018-09-04,1617.660888671875,1636.8097308949596,1601.0097215213668,1601.0097215213668,4837500
2018-09-05,1586.0234375,1629.316465715223,1584.3583210301838,1620.9908833661418,6256400
2018-09-06,1503.60009765625,1563.544287596034,1501.1024230754258,1556.8838220471691,11792700
2018-09-07,1426.1722412109375,1441.9908475057464,1406.1908437859156,1420.3443336286393,14459400
2018-09-10,1416.181884765625,1453.6470139922287,1411.1865342020778,1427.837702747235,8829400
2018-09-11,1448.6512451171875,1458.641943359375,1418.679150390625,1428.6698486328125,8075000
2018-09-12,1336.256103515625,1415.3491439106308,1310.4467955972548,1407.856119031104,22384100
2018-09-13,1278.8094482421875,1352.9071311155956,1265.4885164896648,1269.6513076623282,16455900
2018-09-14,1360.400390625,1362.0655073821908,1297.125953851744,1310.4468879092717,14232500
2018-09-17,1360.400390625,1360.400390625,1360.400390625,1360.400390625,0
2018-09-18,1377.0513916015625,1390.372324047527,1333.7583611521784,1336.2560359857969,12837000
2018-09-19,1393.7027587890625,1422.8423027302915,1363.730656449513,1410.353926755479,11885700
2018-09-20,1362.065185546875,1393.7023964581103,1352.9070455462543,1393.7023964581103,8005600
2018-09-21,1385.3768310546875,1388.707063821646,1361.2326434942393,1383.7117146712083,9499900
2018-09-24,1385.3768310546875,1385.3768310546875,1385.3768310546875,1385.3768310546875,0
2018-09-25,1407.8560791015625,1420.3444535465792,1370.390955766512,1384.5444468041978,8056400
2018-09-26,1411.18603515625,1416.1813839532633,1387.041849304019,1401.1953375622234,7138000
2018-09-27,1352.9073486328125,1410.3538760516826,1352.0747902644232,1407.023642578125,7749000
2018-09-28,1372.0562744140625,1397.0330269822796,1362.0655733867757,1379.5493001845277,5602800
2018-10-01,1400.363037109375,1442.8235096971148,1382.8793131026587,1395.3676873931704,12233500
2018-10-02,1400.363037109375,1438.660718266944,1379.5490799585223,1412.0188531138526,9660100
2018-10-03,1412.018798828125,1435.3304299408535,1402.028099779813,1404.525774541891,7225200
2018-10-04,1423.6749267578125,1457.809822662532,1414.5167839541073,1437.8284201817205,9597300
2018-10-05,1354.572265625,1394.5350614147972,1337.9211007125846,1392.8699449235555,14395800
2018-10-08,1354.572265625,1354.572265625,1354.572265625,1354.572265625,0
2018-10-09,1233.018798828125,1284.6374116082357,1228.8560074748902,1278.809503713707,16302200
2018-10-10,1273.814208984375,1287.1351418887866,1225.5258272058823,1257.995601160386,12007700
2018-10-11,1233.8515625,1240.512029773954,1185.5631747638326,1188.8934084008097,18765700
2018-10-12,1337.0885009765625,1352.0745489327132,1232.1861652835073,1237.181514602224,17444800
2018-10-15,1316.2745361328125,1355.4047721848315,1282.1396493640298,1323.7675600576672,12783500
2018-10-16,1294.628173828125,1325.4328313404342,1270.483982804964,1316.2746899178558,11337600
2018-10-17,1366.22802734375,1373.721051259712,1322.935000273747,1346.2466302345179,11386700
2018-10-18,1314.609619140625,1366.228236231644,1314.609619140625,1354.5724194691556,9464000
2018-10-19,1315.4417724609375,1322.9347952154617,1275.4789844368077,1280.4743329398239,7954000
2018-10-22,1360.400390625,1370.3910911681455,1282.9724614156212,1286.302694930003,8582600
2018-10-23,1295.4605712890625,1362.065227910608,1293.7954548735238,1342.9163891319138,9114100
2018-10-24,1155.5908203125,1250.5024582920569,1154.758262084609,1248.837341836275,23242800
2018-10-25,1108.1353759765625,1148.0981844265061,1083.1586206953477,1085.656296223469,12288500
2018-10-26,1083.158447265625,1143.1026503425849,1065.6747213681783,1124.7863660690693,14987700
2018-10-29,1102.3070068359375,1130.6139843528724,1091.4837507265213,1116.460495594405,11834900
2018-10-30,1183.0653076171875,1188.893215536484,1100.6420384728515,1103.139713295407,14049600
2018-10-31,1270.4840087890625,1272.1491254454047,1190.558409284639,1233.018884021364,14634300
2018-11-01,1265.4886474609375,1273.8142306679174,1224.6932897467361,1262.1584141781454,11481300
2018-11-02,1357.9024658203125,1361.2326987223855,1292.1303660043684,1307.1164140636974,15900400
2018-11-05,1342.083984375,1360.4002670401676,1312.9444437713244,1324.6002600127947,10432700
2018-11-06,1348.74462890625,1364.5632387514468,1329.595785409433,1340.4190447771991,8179400
2018-11-07,1357.9024658203125,1384.5443290368974,1338.753626633392,1347.9117671140932,11807200
2018-11-08,1412.8514404296875,1473.628196558955,1389.5398079417491,1449.4840057678762,21325800
2018-11-09,1367.060791015625,1412.0189412682705,1362.8979993255653,1393.7026578320074,12707800
2018-11-12,1363.73046875,1380.3816344246031,1326.265345982143,1342.916511656746,7802300
2018-11-13,1309.6141357421875,1321.2699513177697,1260.493198673663,1282.9722715694286,12532600
2018-11-14,1367.8934326171875,1376.2190165040845,1334.5910970695993,1357.0701735642212,11124800
2018-11-15,1370.390869140625,1379.5490098213947,1340.418772367197,1357.0699372413237,10252800
2018-11-16,1261.3258056640625,1353.7397755840038,1249.669989638124,1347.0793092834674,15294700
2018-11-19,1307.11669921875,1318.7725169187897,1269.6515708971936,1276.312038154359,10302200
2018-11-20,1272.9814453125,1302.9535395121402,1257.1628400404675,1257.1628400404675,9403900
2018-11-21,1321.270263671875,1329.595848194067,1254.6655874943388,1256.3307043987772,11098400
2018-11-22,1292.1304931640625,1320.4374756173988,1271.3165354777857,1314.6095674652413,8994900
2018-11-23,1292.1304931640625,1292.1304931640625,1292.1304931640625,1292.1304931640625,0
2018-11-26,1347.911865234375,1354.5723315233652,1309.6141840726818,1315.4420920755483,10225000
2018-11-27,1371.223876953125,1372.0564354697935,1313.777339302994,1367.8936428864508,12470800
2018-11-28,1416.181884765625,1421.1772353291722,1373.721404975474,1375.3865218299898,13109000
2018-11-29,1445.3211669921875,1466.9676821660337,1426.1723266460929,1456.9769828550277,12523800
2018-11-30,1448.6512451171875,1456.144268798828,1427.0047322591145,1441.9907796223958,8547300
2018-12-03,1461.1396484375,1496.1070930154915,1451.1489499866452,1490.279185585826,11463600
2018-12-04,1387.8746337890625,1449.4839456669213,1386.2095172518232,1445.3211543238228,14483300
2018-12-05,1341.251220703125,1372.0558731959964,1322.102382667016,1337.08842982571,15289600
2018-12-06,1253.0001220703125,1323.7675708251143,1230.521050112905,1323.7675708251143,17836400
2018-12-07,1240.5118408203125,1287.9676629188077,1219.697883759569,1277.976963529651,11611400
2018-12-10,1204.7117919921875,1235.5164473506609,1189.7257434394166,1198.0513259687339,9889300
2018-12-11,1163.0838623046875,1222.1954973967654,1153.925721656619,1208.8745655450296,12898400
2018-12-12,1175.572265625,1203.0466882635446,1142.2699351540368,1158.0885421277444,12302200
2018-12-13,1185.5628662109375,1216.3675193358004,1175.5721679001713,1175.5721679001713,9122900
2018-12-14,1152.2607421875,1186.3956341164649,1138.9398087518064,1182.2328424178106,10364000
2018-12-17,1162.25146484375,1196.3863574358659,1158.0886730642237,1173.0747234705184,8703400
2018-12-18,1148.097900390625,1156.4234834246397,1097.3118438831355,1120.6234763783764,13655900
2018-12-19,1123.95361328125,1152.2605931712963,1101.474541015625,1148.0978020109953,12239000
2018-12-20,1098.144287109375,1143.1024307817831,1090.6512631639737,1098.9768453255308,12303900
2018-12-21,1077.3304443359375,1121.4560344053384,1070.6699779103676,1086.4885856710962,13029400
2018-12-24,1077.3304443359375,1077.3304443359375,1077.3304443359375,1077.3304443359375,0
2018-12-25,1004.8978881835938,1036.535104215886,1000.7350966003974,1007.3955631335115,12936700
2018-12-26,979.2409057617188,1056.2118066512862,964.7019578159116,1043.3833231696917,16864800
2018-12-27,1041.6727294921875,1068.1849253988032,1014.3053014595521,1068.1849253988032,18738100
2018-12-28,1049.3699951171875,1071.6060341335258,1033.1205819898635,1034.831046529582,12830700
2018-12-31,1049.3699951171875,1049.3699951171875,1049.3699951171875,1049.3699951171875,0
2019-01-04,986.0828247070312,994.6351475579162,954.4392301587571,984.3723601368544,16379100
2019-01-07,1048.5146484375,1061.3431310855933,1033.1204692597878,1045.0937197313417,12670100
2019-01-08,1072.4613037109375,1087.0002528043076,1036.5415471273177,1048.5147993218575,13754200
2019-01-09,1073.3165283203125,1077.592689787724,1038.2520042875374,1074.171760613795,12793200
2019-01-10,1075.02685546875,1114.3675359393646,1070.750694548031,1088.7105704150508,13954300
2019-01-11,1102.3944091796875,1108.3810351410978,1071.606047092435,1077.5926730538451,10584200
2019-01-15,1111.8021240234375,1119.4992156512922,1059.6329474346455,1071.606201077975,13255600
2019-01-16,1080.158203125,1110.0913283105701,1063.0535601618171,1106.6703997179336,13220400
2019-01-17,1073.3165283203125,1098.1182648313,1069.040366852901,1093.8421033638883,8824900
2019-01-18,1065.619384765625,1065.619384765625,1017.726378708743,1026.2787012189006,17790900
2019-01-21,1111.8021240234375,1122.064912860577,1078.4480603027343,1091.2765463491587,15260700
2019-01-22,1086.144775390625,1138.3139338936394,1081.0133827509844,1128.9063807209645,12167300
2019-01-23,1074.171630859375,1090.4210424726937,1041.6728076327379,1062.1983801969297,11589800
2019-01-24,1128.051513671875,1130.6172108220007,1067.3300144522366,1075.0271059026134,14271200
2019-01-25,1258.9017333984375,1258.9017333984375,1176.7994464376698,1178.5099107493525,31104800
2019-01-28,1283.70361328125,1299.953026107595,1254.6257166446328,1256.336181152669,24657900
2019-01-29,1257.1912841796875,1263.177909342448,1205.022122047061,1240.0866408575148,21869500
2019-01-30,1284.5589599609375,1307.6502328763472,1268.3095456871306,1292.2560509327407,16991600
2019-01-31,1287.9798583984375,1315.3472923086301,1267.454282965793,1308.505433831082,13681200
2019-02-01,1270.02001953125,1299.9531513047139,1268.3095548584806,1274.2961812131734,9815900
2019-02-04,1288.8348388671875,1290.5453031523464,1252.9150888788517,1285.4139102968697,8126100
2019-02-05,1310.2156982421875,1335.8726636124652,1283.7035006929004,1294.8215190200208,13378100
2019-02-06,1331.5965576171875,1370.0820072593028,1249.4942650473417,1308.5052878319184,27168700
2019-02-07,1343.570068359375,1377.7793635435728,1317.9130969712264,1364.9508778494987,12440900
2019-02-08,1264.8883056640625,1319.6231613520272,1260.6121450634403,1299.952822589165,15415700
2019-02-12,1338.4385986328125,1349.5566189409444,1288.835123411916,1300.8083760514428,13649000
2019-02-13,1411.9884033203125,1422.2511900191882,1344.4250575527142,1373.5029531995287,19149200
2019-02-14,1394.0286865234375,1425.6722824751964,1384.6211309702119,1410.2781006608272,10924200
2019-02-15,1354.687744140625,1381.199941153478,1347.8458868469854,1370.0819230513139,9946200
2019-02-18,1359.8193359375,1403.4361825619103,1359.8193359375,1399.1600211281448,8306300
2019-02-19,1343.570068359375,1367.5165749883136,1330.7415826653007,1361.529948331079,8422900
2019-02-20,1334.1622314453125,1354.687804236779,1328.1756060478015,1346.1354822403346,7658700
2019-02-21,1316.202392578125,1327.3204114887915,1286.2692647417155,1295.676819204587,12979400
2019-02-22,1299.9530029296875,1309.3605575561523,1277.7169647216797,1283.7035903930664,8756500
2019-02-25,1288.8348388671875,1324.7545888555233,1285.4139102968697,1323.0441245703644,9121300
2019-02-26,1288.8348388671875,1299.95285672072,1272.5854281581785,1295.6766960078228,8562300
2019-02-27,1263.1781005859375,1296.5321601139344,1259.7571714035787,1287.9798371580378,9874700
2019-02-28,1208.4429931640625,1243.507510304704,1207.587761038681,1241.7970460539411,12646400
2019-03-01,1215.2850341796875,1242.6524663357395,1207.5879438857978,1218.705963199194,10209500
2019-03-04,1265.74365234375,1276.0064387141047,1240.0866864178631,1240.0866864178631,11313100
2019-03-05,1234.955322265625,1254.625663271241,1221.2716067834574,1240.086715571438,11026800
2019-03-06,1193.049072265625,1216.9955769419241,1181.0758199274753,1214.4298800123208,13195000
2019-03-07,1119.4991455078125,1151.1427424396607,1099.828801469096,1144.3008836435854,20287600
2019-03-08,1063.0535888671875,1101.539036573562,1057.066963668418,1095.5524113747927,19286500
2019-03-11,1064.76416015625,1081.8688052993223,1031.410102127259,1080.158340785015,11863500
2019-03-12,1090.4212646484375,1110.0916090303308,1085.2898704618567,1109.2363766659007,9950900
2019-03-13,1067.3299560546875,1092.986926152156,1059.632865025447,1081.0136734400041,7185800
2019-03-14,1047.659423828125,1071.6059249441964,1041.6727985491073,1071.6059249441964,10559300
2019-03-15,1049.3699951171875,1072.4612664033848,1038.2519756090185,1046.80429830761,11606100
2019-03-18,1088.71044921875,1094.6970738413197,1069.0401111731637,1075.0267357957334,10071300
2019-03-19,1090.4212646484375,1095.5526588350183,1064.764293715533,1077.5927791819852,7225600
2019-03-20,1100.6839599609375,1107.525818297913,1090.421172455474,1098.1182630845717,7702200
2019-03-22,1100.6839599609375,1141.7351099827906,1081.0136172421328,1137.458948522181,15847400
2019-03-25,1053.64599609375,1063.9087817699879,1039.9622818587661,1046.8041389762582,10878600
2019-03-26,1069.040283203125,1071.6059798828126,1043.38331640625,1064.7641220703124,7859200
2019-03-27,1067.3299560546875,1092.986926152156,1061.3433296986116,1082.7241381131687,6188700
2019-03-28,1055.3568115234375,1067.3300654629254,1037.3969306142058,1045.094022432448,7129300
2019-03-29,1052.790771484375,1070.7506465462532,1050.2250750469639,1064.7640215256272,6463500
2019-04-01,1090.4212646484375,1099.8288206571692,1072.4613849954044,1077.5927791819852,10044800
2019-04-02,1152.85302734375,1159.694885072793,1113.5123454017526,1114.367577617883,16553100
2019-04-03,1185.351806640625,1200.7459859476462,1151.9977514754128,1162.2605376800934,13688600
2019-04-04,1205.8773193359375,1257.1912478183178,1199.0354622049533,1216.1401050324134,18134600
2019-04-05,1243.5078125,1256.3362974982806,1186.2072461743467,1189.6281755072216,15886600
2019-04-08,1237.5213623046875,1280.2829850519124,1229.824270210187,1267.454498227745,11297800
2019-04-09,1247.78369140625,1258.046477079228,1233.2447450361976,1235.8104414544423,8270800
2019-04-10,1242.65234375,1243.5075759205092,1212.7192177821748,1221.2715394872678,7118200
2019-04-11,1196.4697265625,1211.008672489278,1175.0889237290028,1210.153440375938,14519900
2019-04-12,1180.2205810546875,1197.3252271569293,1161.4054703422214,1197.3252271569293,11888100
2019-04-15,1225.5479736328125,1232.389832522598,1205.8776293246794,1210.1537911307953,13859800
2019-04-16,1266.5989990234375,1270.019928122758,1232.3897080302318,1234.9554048547222,15936400
2019-04-17,1286.269287109375,1301.6634674072266,1269.1646423339844,1287.1245193481445,16550700
2019-04-18,1270.02001953125,1293.1112926136364,1260.6124638310184,1286.2694339225588,11271500
2019-04-19,1296.531982421875,1303.3738398489033,1275.1511779624113,1282.8482675678183,11753400
2019-04-22,1267.4541015625,1305.939549990511,1261.467476251476,1303.3738534286438,9987300
2019-04-23,1236.665771484375,1272.5855241830914,1228.9686816203644,1272.5855241830914,10440000
2019-04-24,1230.67919921875,1267.4541857138204,1225.5478057543216,1253.770469808678,11226600
2019-04-25,1271.7303466796875,1279.42743687479,1231.5344312163754,1242.6524503870787,11562900
2019-04-26,1248.638916015625,1250.3493802841397,1207.5877735712756,1240.0865946730523,11960000
2019-05-07,1199.0355224609375,1211.00877304186,1176.799485667796,1207.5878443044535,13644400
2019-05-08,1137.4586181640625,1164.8260435634986,1136.60338612033,1151.1423308637804,17676200
2019-05-09,1123.775146484375,1193.9041891112538,1122.0646820300608,1170.8129189780132,17096900
2019-05-10,1163.970947265625,1188.772679426318,1118.6436436616,1123.775036522433,18400800
2019-05-13,1125.485595703125,1149.4320977393618,1125.485595703125,1132.327453427764,10167400
2019-05-14,1125.485595703125,1135.7483822900836,1055.3565540255747,1056.2117862411546,13677600
2019-05-15,1157.1292724609375,1159.6949692956623,1133.1827686701715,1145.1560205655546,10332500
2019-05-16,1121.2095947265625,1156.2741205723207,1105.815412647937,1155.4188882346193,11324200
2019-05-17,1118.643798828125,1146.0112312153574,1115.222869779721,1137.4589085943473,10332900
2019-05-20,1088.71044921875,1123.7749648652298,1085.289520862996,1107.5255551753976,10300200
2019-05-21,1078.4476318359375,1091.2761127856115,1045.9488134300964,1067.3296150128865,14596900
2019-05-22,1069.8956298828125,1116.0781750576102,1069.8956298828125,1108.3810841951438,12493900
2019-05-23,1049.3699951171875,1054.5013887363425,1039.9624401487367,1051.935691926765,9490600
2019-05-24,1047.659423828125,1057.0669778380102,1019.4367617984694,1026.278619260204,11199000
2019-05-27,1031.4100341796875,1052.790839199996,1029.6995697780628,1040.8175883886233,6971000
2019-05-28,1051.935791015625,1052.791023366044,1031.410214605564,1033.1206793064025,8234800
2019-05-29,1028.8443603515625,1037.3966825489986,1019.4368059343828,1033.1205214502806,9640000
2019-05-30,1045.9490966796875,1053.6461873339126,1023.7130570119265,1030.5549153712375,9437000
2019-05-31,1028.8443603515625,1041.6728436477167,1024.5681992528446,1031.4100570107933,9308100
2019-06-03,999.7664794921875,1010.0292662791047,986.937996008541,1008.3188018146185,10443400
2019-06-04,1010.8843994140625,1013.4500958592758,996.3454528911868,998.9111493364002,7902500
2019-06-05,1043.38330078125,1057.0670162013319,1039.9623719262295,1055.3565517738216,10083300
2019-06-06,1025.42333984375,1042.5279827102013,1023.7128755571049,1035.6861255636206,7568400
2019-06-07,1038.251953125,1041.6728821303543,1029.6996306116146,1033.9757918683074,5481300
2019-06-10,1053.64599609375,1069.8954067477932,1048.514603255631,1061.3430853509283,6180200
2019-06-11,1075.882080078125,1080.1582409687376,1038.2518642407344,1043.3832573094694,10012300
2019-06-12,1064.76416015625,1073.3164827277863,1057.9223020990212,1064.76416015625,6859300
2019-06-13,1035.686279296875,1044.2386019995743,1021.1473307022864,1043.3833697293044,12136700
2019-06-14,1033.1204833984375,1039.9623409043875,1027.9890902689751,1034.830947774925,7478700
2019-06-17,1027.134033203125,1031.4101948734128,1011.739851190089,1019.436942196607,7005700
2019-06-18,1000.6217041015625,1014.3054197132078,993.7798462957398,1011.7397230360243,10153100
2019-06-19,1039.9622802734375,1051.9355302107963,1027.989030336079,1034.830887443141,10886800
2019-06-20,1056.211669921875,1059.632598407452,1031.4099384014423,1039.1070274939905,7629600
2019-06-21,1060.488037109375,1068.185127701298,1050.225249653478,1067.3298954133065,7612000
2019-06-24,1060.488037109375,1060.488037109375,1032.2653716056577,1044.2386236375378,6904000
2019-06-25,1046.8040771484375,1067.329647288603,1046.8040771484375,1058.7773263968675,7144900
2019-06-26,1062.51953125,1086.092273520953,1051.1696923788004,1056.4080795501234,9793500
2019-06-27,1119.2685546875,1122.7608122684283,1085.2190432734496,1086.0921076686818,15179100
2019-06-28,1119.2685546875,1131.491456220749,1103.5533955733229,1123.6338766636602,7691800
2019-07-01,1155.06396484375,1179.5097630415014,1148.079451072964,1178.636698820153,12193800
2019-07-02,1153.3182373046875,1162.0488825530197,1142.8414630066889,1151.572108255021,6818600
2019-07-03,1129.745361328125,1139.3490699638355,1117.5224594281299,1139.3490699638355,8049600
2019-07-04,1129.745361328125,1135.8568122781226,1118.395523849558,1134.9837478566942,5057300
2019-07-05,1146.33349609375,1154.1910752748952,1118.3954367830113,1121.8876941968535,6803200
2019-07-08,1154.191162109375,1158.5564842050987,1136.7298737264798,1141.0951958222036,6268600
2019-07-09,1137.60302734375,1162.921897484171,1134.110769393347,1154.191252608164,7164400
2019-07-10,1134.98388671875,1146.3337255859376,1133.2377576622596,1134.98388671875,5060100
2019-07-11,1177.7637939453125,1185.6213730005445,1137.602834329683,1137.602834329683,11513000
2019-07-12,1160.3026123046875,1196.9713178854226,1155.937290211743,1192.6059957924779,6636600
2019-07-16,1180.383056640625,1187.367571768676,1164.6678976025103,1167.2870907755294,7736700
2019-07-17,1164.668212890625,1167.2874067726877,1141.0954679520592,1156.8106312444363,7124700
2019-07-18,1157.683349609375,1165.5409289053664,1151.5718990458263,1155.0641565107114,5386500
2019-07-19,1210.0672607421875,1224.9093555709155,1178.6369422813514,1179.5100066830414,14523000
2019-07-22,1218.7977294921875,1234.5128864627172,1208.320958178501,1214.4324081114848,7191400
2019-07-23,1234.5130615234375,1249.355156322517,1231.8938683236,1244.9898343227878,8153600
2019-07-24,1290.3892822265625,1302.6121847645677,1263.3242837495507,1265.9434771505519,14634200
2019-07-25,1321.8194580078125,1330.550101719885,1306.1042993260814,1316.581071780569,16119500
2019-07-26,1311.3428955078125,1320.9466051287086,1293.008540777011,1306.1045084418693,8708000
2019-07-29,1274.674072265625,1300.8660052573844,1271.1818145333903,1294.7545542259738,10601100
2019-07-30,1274.674072265625,1293.0084253598566,1267.6895568011557,1274.674072265625,9973200
2019-07-31,1265.943359375,1278.1662607758622,1252.8473935883621,1260.7049730603449,7446400
2019-08-01,1279.912353515625,1283.4046109604153,1227.5284918437712,1231.0207492885615,8659600
2019-08-02,1234.5130615234375,1253.7204783222462,1221.4170955242496,1232.7669327235458,11392600
2019-08-05,1193.47900390625,1211.813355831657,1170.7793300938415,1208.3210983220556,10394100
2019-08-06,1169.9063720703125,1188.2407256624592,1126.253149231868,1128.8723426021745,11931800
2019-08-07,1061.646484375,1093.949872468647,1041.5659998843544,1086.9653561240748,27230000
2019-08-08,1093.0767822265625,1107.9188791098306,1067.7579110727524,1082.6000079560204,14389500
2019-08-09,1093.0767822265625,1100.9343629294692,1076.4885562982042,1094.8229112716529,8417800
2019-08-13,1084.345947265625,1087.8382047447415,1064.265466760706,1066.8846598700434,8079200
2019-08-14,1103.5535888671875,1127.9993962155113,1103.5535888671875,1116.6495570895038,8722200
2019-08-15,1096.5689697265625,1098.3150986592482,1060.7733266065075,1069.5039712699356,8664500
2019-08-16,1108.7918701171875,1114.903321369802,1093.949774217981,1096.5689676119587,6463700
2019-08-19,1127.9991455078125,1159.4294622557081,1127.9991455078125,1141.0951108194358,9019800
2019-08-20,1138.475830078125,1140.2219586518645,1117.5222871932515,1126.252930061949,7747900
2019-08-21,1138.475830078125,1147.2064729468223,1128.872122922558,1131.4913157831672,4485900
2019-08-22,1139.3492431640625,1156.8105342470367,1137.603114055765,1155.9374696928878,6208100
2019-08-23,1129.745361328125,1140.2221343852636,1122.760845956699,1134.110683435266,5799000
2019-08-26,1094.822998046875,1102.6805793725703,1082.6000937624601,1088.7115459046677,8198700
2019-08-27,1104.4266357421875,1114.90341015239,1099.1882485370863,1100.0613130712698,5423100
2019-08-28,1096.5689697265625,1109.6649367217046,1092.2036473948485,1100.0612275919336,4870900
2019-08-29,1111.410888671875,1128.872175218173,1107.0455670353003,1120.141531945024,7936900
2019-08-30,1149.8258056640625,1163.7948359530717,1139.3490329473057,1141.0951617334317,9622900
2019-09-02,1174.271728515625,1180.3831798907993,1148.0797940505925,1149.8259230149279,7909200
2019-09-03,1198.7176513671875,1201.336845070102,1183.0024891497008,1184.748618284977,6670800
2019-09-04,1184.748779296875,1195.225555532367,1169.9066796299282,1186.4949086694571,8607400
2019-09-05,1238.8785400390625,1242.3707980800464,1203.9559596292227,1203.9559596292227,10973200
2019-09-06,1265.943359375,1269.4356169181035,1242.3706209590518,1261.5780374461208,9297000
2019-09-09,1256.3397216796875,1282.5316547237394,1253.7205283752824,1259.8319794188944,6159100
2019-09-10,1282.53173828125,1288.643189723026,1257.2128680224644,1266.8165774309691,7700300
2019-09-11,1291.2623291015625,1298.2468447424094,1279.0394267300803,1286.8970068260332,7696400
2019-09-12,1300.8660888671875,1324.4388300748478,1296.5007664213244,1309.5967337589136,8664400
2019-09-13,1303.485107421875,1306.9773649099443,1285.1507556095112,1305.2312361659096,6981300
2019-09-17,1314.8349609375,1315.7080253205927,1294.7544801263696,1296.5006088925547,5933700
2019-09-18,1291.2623291015625,1329.6771651262202,1290.3892646464565,1322.6926494853733,5516700
2019-09-19,1252.8475341796875,1307.850596655869,1245.8630183096961,1295.6276938833842,9876400
2019-09-20,1258.9591064453125,1277.293462364419,1238.878621391053,1261.578300148042,7371500
2019-09-24,1306.9775390625,1318.3273774110721,1262.451250156563,1265.070443621618,9928000
2019-09-25,1262.451171875,1280.7855249935167,1252.847463098634,1280.7855249935167,8704100
2019-09-26,1265.943359375,1293.0083553340517,1263.3241662176724,1288.6430334051724,7901300
2019-09-27,1289.516357421875,1290.3894219834335,1231.0210317974568,1263.3244205751205,9150300
2019-09-30,1265.943359375,1284.2777114762932,1252.8473935883621,1264.1972306034484,6405100
2019-10-01,1277.2930908203125,1286.8967982700892,1268.5624476841517,1282.5314767020088,6589800
2019-10-02,1304.358154296875,1328.8039563854377,1266.8163868037254,1279.0392878480066,13528600
2019-10-03,1285.1510009765625,1285.1510009765625,1259.8321293540623,1267.6897102024245,6994600
2019-10-04,1278.1663818359375,1291.2623488629451,1264.197350340463,1288.6431554575436,6263700
2019-10-07,1256.3397216796875,1303.485201158981,1254.5935928100841,1295.6276212457653,6556100
2019-10-08,1303.485107421875,1311.342686770031,1263.3241463090778,1270.3086612852164,12148800
2019-10-09,1258.9591064453125,1290.3894308780664,1246.7362024992415,1283.4049143374546,15129900
2019-10-10,1296.500732421875,1296.500732421875,1248.4821867766204,1253.7205735742846,11335000
2019-10-11,1407.380126953125,1410.8723853326615,1313.9622153005294,1316.5814090851816,29544700
2019-10-15,1481.59033203125,1490.3209762977865,1428.3334020053771,1454.5253348049866,21129300
2019-10-16,1473.7327880859375,1543.5779439193943,1457.1445635754917,1515.6398815860116,22439100
2019-10-17,1497.3057861328125,1510.401755107735,1452.7794916180758,1478.971429567921,15154600
2019-10-18,1561.039306640625,1571.5160805106962,1507.7823728010958,1522.6244691170302,22950500
2019-10-21,1568.023681640625,1588.977227497738,1535.7202984442424,1549.689329015651,12835000
2019-10-23,1526.98974609375,1556.673937841713,1496.4324898826114,1547.9432932099592,14962700
2019-10-24,1548.8162841796875,1581.9927322060844,1544.450962070951,1554.0546707101712,13108700
2019-10-25,1588.977294921875,1619.5345505934495,1571.5160059666896,1605.565519429301,14554400
2019-10-28,1673.66455078125,1674.5376152313183,1601.2002014255672,1614.2961681765942,16524900
2019-10-29,1651.837890625,1702.4756272297832,1636.995795413253,1698.1103051086811,16620700
2019-10-30,1624.772705078125,1645.7262488298043,1607.3114186183923,1625.6457694011115,11546000
2019-10-31,1589.8505859375,1648.345912273476,1542.7050990398475,1647.4728477012973,17643400
2019-11-01,1587.231201171875,1599.4541037111524,1549.6894290869518,1558.4200737578642,9662100
2019-11-05,1636.1229248046875,1691.9990545738976,1635.2498602770436,1685.0145383527465,14393500
2019-11-06,1669.299560546875,1675.4110129128937,1643.9806864590823,1650.0921388251013,11320000
2019-11-07,1588.977294921875,1648.3456773695054,1583.7389082353193,1615.1692283546531,19013500
2019-11-08,1545.323974609375,1608.1846108646716,1528.735751153116,1607.3115464722368,15026900
2019-11-11,1538.3394775390625,1561.039152008992,1530.4818979148563,1550.5623791767168,9016300
2019-11-12,1533.974365234375,1539.2127523666495,1514.7669457493687,1532.2282361902835,8297600
2019-11-13,1514.76708984375,1537.466769576279,1503.4172499774857,1533.1014465507926,7406800
2019-11-14,1528.736083984375,1553.1818922948048,1502.5441465089145,1504.2902756739452,9699100
2019-11-15,1523.4976806640625,1538.3397784126523,1506.9094537685799,1527.8630035312947,7677200
2019-11-18,1526.98974609375,1546.1971642836083,1519.1321659251714,1540.958777504556,8498300
2019-11-19,1479.8443603515625,1518.2591992043465,1471.113715157748,1518.2591992043465,9633900
2019-11-20,1471.1136474609375,1499.0517107955072,1445.7947775639836,1451.9062289184208,9398200
2019-11-21,1451.033203125,1456.2715901398917,1419.6028810356497,1452.779332129964,11108900
2019-11-22,1447.541015625,1469.3676292502262,1428.333595634801,1431.8258538148373,7481300
2019-11-25,1476.35205078125,1489.4480181152055,1447.540922646548,1453.6523740690604,7269000
2019-11-26,1509.5286865234375,1529.609172231962,1505.1633635433234,1517.3862678876428,12075400
2019-11-27,1493.813232421875,1520.0051651937372,1489.4479102932314,1510.4014565107211,6261700
2019-11-28,1479.8443603515625,1513.0208120880577,1477.225166793418,1503.4171023748618,6386200
2019-11-29,1476.35205078125,1501.6709209602307,1472.8597928255285,1497.3055985155788,5712400
2019-12-02,1476.35205078125,1497.3055985155788,1473.732857314459,1481.5904377148322,4416700
2019-12-03,1477.2247314453125,1483.3361812798971,1457.1442534173916,1459.7634462036422,5793900
2019-12-04,1447.541015625,1459.7639192551267,1438.8103701749096,1451.9063383500452,6667100
2019-12-05,1504.2901611328125,1510.4016127450757,1463.2561288790446,1480.7174191997967,9775400
2019-12-06,1502.5439453125,1523.4974924871078,1485.082656000327,1494.6863651220222,8376700
2019-12-09,1516.5126953125,1533.9739813840315,1511.2743094910406,1526.1164026518422,5876800
2019-12-10,1488.5748291015625,1513.8936971625274,1481.5903137743996,1507.78224625126,6721900
2019-12-11,1550.5623779296875,1551.435442331675,1500.7977070164036,1503.416900222366,10864600
2019-12-12,1602.0731201171875,1622.153600641817,1560.166030326656,1562.7852234385643,16281700
2019-12-13,1630.01123046875,1654.457033603793,1616.0422001058685,1648.3455828200322,11883400
2019-12-16,1603.8194580078125,1623.8999411510786,1592.469619709445,1623.8999411510786,7686400
2019-12-17,1582.8658447265625,1631.7574538300858,1576.7543935886222,1627.3921315886996,9096800
2019-12-18,1537.4664306640625,1572.3890071697765,1515.6398203479912,1572.3890071697765,13355200
2019-12-19,1575.008544921875,1594.21596620141,1549.6896714170334,1556.6741882459553,10102400
2019-12-20,1607.3116455078125,1609.0577744002708,1577.6274543360223,1577.6274543360223,8626800
2019-12-23,1604.6922607421875,1627.3919336362555,1585.4848452164376,1623.8996762679374,6845900
2019-12-24,1618.6614990234375,1622.1537568422582,1587.2311786540504,1599.4540810199233,6788100
2019-12-25,1621.280517578125,1624.7727750204042,1604.6922947272988,1623.8997106598345,4333700
2019-12-26,1627.391845703125,1633.5032957674607,1611.676688394833,1617.7881384591687,6061500
2019-12-27,1608.0810546875,1643.191994746179,1607.203281186033,1637.9253537373772,6011300
2019-12-30,1602.814453125,1605.4477736942085,1569.459059248357,1600.1811325557912,6256800
2020-01-06,1564.1923828125,1597.5477759364478,1551.9035537668349,1561.5590623027147,6772600
2020-01-07,1551.9036865234375,1581.7479881873498,1544.8814978966348,1572.9702524038462,8089600
2020-01-08,1554.5369873046875,1559.803628707188,1501.870573279684,1544.8814780667701,10228000
2020-01-09,1641.4364013671875,1641.4364013671875,1579.9922580005014,1587.0144458138368,11843200
2020-01-10,1651.092041015625,1660.7475500274122,1626.5143817128937,1649.3364939225728,10226200
2020-01-14,1671.281005859375,1711.6585931858094,1664.2588167591255,1676.547647684562,11989700
2020-01-15,1678.30322265625,1694.1031483925537,1646.703371183643,1666.014391528014,7966700
2020-01-16,1658.1142578125,1672.1586347976772,1640.5587865810282,1666.8919934282358,7379400
2020-01-17,1667.769775390625,1704.6362651624179,1666.014228258635,1702.8807180304277,7984300
2020-01-20,1678.30322265625,1693.2253747405368,1667.7699388320477,1667.7699388320477,5732100
2020-01-21,1659.8697509765625,1676.5474481043016,1646.7031479809789,1670.4030333730293,5922500
2020-01-22,1665.1365966796875,1668.6476912430605,1636.1700665318594,1647.581123862822,7534300
2020-01-23,1619.4921875,1656.358676321138,1614.2255462398373,1654.6031292344173,7784900
2020-01-24,1654.6031494140625,1671.280846941313,1634.4143576705487,1643.192093211207,8307900
2020-01-27,1604.5703125,1629.1479759299782,1593.1592544789387,1601.9369914182166,7656200
2020-01-28,1559.8037109375,1570.3369942977981,1540.4926914436198,1563.3148053909326,10271500
2020-01-29,1569.4591064453125,1594.9145393798283,1547.514767708661,1593.1589922808962,9278100
2020-01-30,1510.6484375,1591.4036125435794,1490.4596437391053,1579.992555200465,14994600
2020-01-31,1527.325927734375,1544.003624646417,1494.8483074319774,1524.6926071693158,10553100
2020-02-03,1496.60400390625,1506.259513608871,1453.5930970491204,1457.104191486437,10741400
2020-02-04,1507.13720703125,1512.4038484070145,1473.7818116514088,1482.5595472776827,7301400
2020-02-05,1516.792724609375,1543.1259316338433,1515.0371774744103,1542.248158066361,7088500
2020-02-06,1551.0260009765625,1555.414869117413,1531.7149811568204,1536.9816229258408,7906200
2020-02-07,1551.9036865234375,1559.8036487285908,1531.7148942213794,1551.9036865234375,6002300
2020-02-10,1514.159423828125,1534.3482161458332,1514.159423828125,1523.8149331974637,6647300
2020-02-12,1553.6591796875,1566.8257829051906,1527.3259732521187,1529.0815203478107,8460200
2020-02-13,1573.847900390625,1593.158917573332,1558.0479772411375,1560.681297766052,8358000
2020-02-14,1681.8140869140625,1694.102916359155,1616.8588455614317,1623.8810338157703,25019300
2020-02-17,1664.2586669921875,1670.4030819019688,1624.7588568578792,1641.4365544701427,12225800
2020-02-18,1574.725830078125,1636.169981753414,1539.614886263674,1636.169981753414,17888600
2020-02-19,1639.68115234375,1649.3366623414915,1600.1813387166253,1601.936885988942,14663500
2020-02-20,1640.558837890625,1687.9586116980588,1619.4922717539878,1674.7920078626605,14079300
2020-02-21,1726.58056640625,1740.6249431538351,1651.0920413879796,1659.8697768552204,23844600
2020-02-25,1652.8475341796875,1713.4139069138344,1623.8810080894434,1626.5143286431019,16233200
2020-02-26,1602.814453125,1633.5365264324344,1585.258982663609,1630.0254323401562,13255600
2020-02-27,1490.4593505859375,1601.0588076965548,1486.94825670941,1597.5477138200274,17835900
2020-02-28,1440.4263916015625,1479.926201243287,1410.5820909833703,1431.6486561256236,14028200
2020-03-02,1486.0706787109375,1525.5704900174892,1430.770942881765,1433.404263635535,14870300
2020-03-03,1458.8597412109375,1539.6149134079328,1458.8597412109375,1538.737139797096,12753700
2020-03-04,1460.615234375,1488.7039888822117,1419.3598761925332,1424.6265176626353,10088400
2020-03-05,1478.1705322265625,1500.1148691064104,1460.6150627226841,1495.7260017304409,9071200
2020-03-06,1423.7486572265625,1465.881786416991,1414.0931484537562,1454.4707305945833,9812300
2020-03-09,1318.416015625,1358.7936033205726,1297.3494481316577,1353.526961447237,18277500
2020-03-10,1346.504638671875,1360.5490156071749,1253.4606414755133,1283.3049424630256,19724000
2020-03-11,1296.4715576171875,1371.9600843301719,1296.4715576171875,1352.6490658687107,14438200
2020-03-12,1204.305419921875,1300.8605191867482,1192.8943627360263,1256.971837702715,20721900
2020-03-13,1125.3056640625,1171.827661094725,1070.0059317411758,1094.5835905506533,17764200
2020-03-16,1076.1505126953125,1163.9278791468062,1069.128323379193,1138.472442875873,13159100
2020-03-17,1086.6837158203125,1126.183527784702,998.0285823002386,1023.4840166772894,20372400
2020-03-18,1039.2838134765625,1112.1390132388553,1035.7727195121147,1080.5391675588246,17867300
2020-03-19,944.4843139648438,1070.005928181361,940.0954463348957,1062.983739973444,16603500
2020-03-23,980.47314453125,1007.6841270562891,913.762348663412,933.9511421497314,15861500
2020-03-24,1134.0833740234375,1137.5944680606617,1045.4282495835248,1059.4726257324219,17374200
2020-03-25,1245.560791015625,1245.560791015625,1187.6277309683867,1239.4163755560694,14487600
2020-03-26,1203.427490234375,1265.7494098599334,1194.6497550758456,1197.2830756234046,14787900
2020-03-27,1228.883056640625,1285.0605678013394,1206.0609427315849,1250.827396937779,14336000
2020-03-30,1213.9608154296875,1225.371871540017,1177.9721000048016,1184.994288380389,10121900
2020-03-31,1222.738525390625,1257.8494665360845,1211.3274695183507,1230.6384871483535,12072000
2020-04-01,1166.56103515625,1228.005182982388,1150.7611114295287,1220.982994659401,10298300
2020-04-02,1169.1944580078125,1177.0944205619194,1142.861249494123,1147.2501175797381,9935300
2020-04-03,1127.9390869140625,1228.005278282314,1105.1169730932334,1220.105315805873,10477600
2020-04-06,1203.427490234375,1208.6941313294926,1114.7723651332285,1119.1612327124933,10973100
2020-04-07,1281.54931640625,1287.693730936965,1235.0273206736945,1271.016034353596,12863600
2020-04-08,1276.2825927734375,1285.9381006967578,1213.9606779956425,1258.727123821946,12362700
2020-04-09,1299.9827880859375,1308.7605246699075,1269.260710042043,1284.1828622347919,10333400
2020-04-10,1275.4049072265625,1306.126980009033,1261.360531097433,1293.838150896045,9298800
2020-04-13,1242.92724609375,1267.5049035023835,1241.1716991359906,1249.0716604459085,6667700
2020-04-14,1311.3935546875,1321.926836251255,1269.2604284324798,1281.5492569235273,10706800
2020-04-15,1307.0047607421875,1321.9269104618766,1294.7159315612669,1315.7824958714164,7620900
2020-04-16,1311.3935546875,1312.2713281511462,1249.9494122322624,1290.32699155999,8479600
2020-04-17,1330.7044677734375,1375.4709109505122,1328.0711475865508,1351.7710292685315,10085000
2020-04-20,1333.338134765625,1343.871418252911,1295.5938689361833,1295.5938689361833,6767500
2020-04-21,1278.0382080078125,1312.271374293736,1271.0160200517257,1303.4936393486275,9200700
2020-04-22,1269.260498046875,1273.6493656058199,1235.0273310871046,1256.0938953700402,9592900
2020-04-23,1290.3271484375,1298.227110570791,1265.749488467262,1286.8160541560376,7350500
2020-04-24,1249.9493408203125,1292.082464668188,1240.2938332718409,1287.6935976007012,9005700
2020-04-27,1307.882568359375,1311.3936625026217,1267.5049857120387,1272.7716269269085,8112800
2020-04-28,1311.3935546875,1350.015587087935,1306.1269139056224,1312.2713281511462,8298400
2020-04-30,1360.549072265625,1373.7156761907763,1343.8713739604334,1362.3046194556453,8787300
2020-05-01,1321.927001953125,1339.482473426606,1314.0270397900583,1322.804775526799,8638500
2020-05-07,1317.5379638671875,1339.4823003739693,1303.493588502847,1305.2491354233896,6553800
2020-05-08,1359.6712646484375,1367.5712268058526,1324.5603217265927,1341.238019614469,7483800
2020-05-11,1438.6708984375,1472.9040680769524,1421.993200408023,1437.7931248570012,13956600
2020-05-12,1486.0706787109375,1507.1372447410984,1449.2041881581558,1456.2263768348762,10519900
2020-05-13,1486.0706787109375,1502.7483768181482,1434.2820372201252,1439.5486787276654,8614700
2020-05-14,1441.30419921875,1490.4595190459424,1435.159784240351,1489.5817454775997,8636300
2020-05-15,1447.4486083984375,1485.192871685965,1418.4820807591723,1483.4373245563127,8967600
2020-05-18,1402.68212890625,1415.8487321187617,1371.9600547437226,1402.68212890625,7315700
2020-05-19,1421.9931640625,1471.1484833140432,1421.9931640625,1465.8818419656636,6430400
2020-05-20,1444.815185546875,1461.4928820993603,1428.13748899439,1439.548544530301,5898800
2020-05-21,1448.3262939453125,1470.2706317323627,1436.9152382960463,1458.8595760830965,5327900
2020-05-22,1429.0155029296875,1450.0820705404446,1405.3156143675858,1444.8154286377553,7117200
2020-05-25,1441.30419921875,1457.104123448919,1423.7487278518954,1456.2263498805762,4142700
2020-05-26,1472.026123046875,1472.026123046875,1427.2596756554674,1443.0595982641996,6667000
2020-05-27,1480.803955078125,1503.6260670117535,1453.5929754649526,1471.1484461831283,7251200
2020-05-28,1465.0040283203125,1488.7039137395147,1430.770860492576,1481.6817254671585,8782700
2020-05-29,1449.2041015625,1464.1262516088734,1432.5264044518474,1443.9374603696624,8455200
2020-06-01,1459.7374267578125,1477.292897915453,1442.181955600172,1454.4707854105202,6011400
2020-06-02,1457.9818115234375,1473.7817348271233,1449.2040763547232,1458.859585040309,5385100
2020-06-03,1453.5927734375,1500.992537788723,1441.3039456427387,1483.4370695104922,7823600
2020-06-04,1445.69287109375,1477.2927152706625,1442.1817772963152,1474.6593949225864,7542200
2020-06-05,1479.0484619140625,1479.0484619140625,1443.9375191980016,1452.7152548770168,5884600
2020-06-08,1502.748291015625,1529.959270584249,1497.4816498087946,1508.8927057569272,7620700
2020-06-09,1480.803955078125,1488.7039169013042,1449.2041077854087,1487.8261433653954,6941200
2020-06-10,1477.2928466796875,1499.2371848656603,1464.1262437681037,1478.1706202071264,5418100
2020-06-11,1445.69287109375,1480.8038090680973,1440.426230397598,1472.0260745745104,6192600
2020-06-12,1410.58203125,1416.7264458229622,1358.7933941350343,1375.4710908330742,9780500
2020-06-15,1331.58251953125,1392.1488964908124,1331.58251953125,1386.8822550160678,8258100
2020-06-16,1393.904541015625,1410.582240183948,1369.3268790833597,1386.8823518921206,7867800
2020-06-17,1404.437744140625,1418.4821215820311,1386.0044987487793,1391.2711402893065,6264900
2020-06-18,1408.82666015625,1413.2155282564254,1384.2489987952688,1402.6822448160046,5066200
2020-06-19,1429.89306640625,1429.89306640625,1406.1931813276933,1421.9931047133978,7261300
2020-06-22,1421.9931640625,1443.9375030140818,1417.6042962721838,1424.62648473669,5138700
2020-06-23,1443.059814453125,1459.7375130386538,1425.5043422578315,1445.693135282419,6806100
2020-06-24,1428.1375732421875,1443.9374972239696,1421.11538480584,1442.1819501148827,5014000
2020-06-25,1407.948974609375,1417.6044850337537,1395.6601431601662,1407.948974609375,5517400
2020-06-26,1416.7265625,1424.6265247444237,1400.9266380111524,1420.237656830855,4779400
2020-06-29,1409.625244140625,1442.4691572597706,1405.1868775029025,1405.1868775029025,5500300
2020-06-30,1463.773193359375,1479.7513119042317,1435.3676492796296,1442.469035299566,8861300
2020-07-01,1443.356689453125,1474.4252528792379,1439.8059964901406,1466.4361937125232,5643800
2020-07-02,1398.9730224609375,1443.3566843410433,1384.7702506593037,1441.581337865839,10361800
2020-07-03,1411.400390625,1415.838756633255,1394.5345997936322,1403.4113318101415,4531100
2020-07-06,1455.7841796875,1456.6718529677973,1406.962149271151,1407.8498225514481,5749600
2020-07-07,1458.447021484375,1482.4141971265408,1452.2333092808506,1456.6716751405108,5301200
2020-07-08,1469.0992431640625,1476.2006292337376,1444.2443919201992,1451.3457779898743,5011400
2020-07-09,1461.110107421875,1470.8745127570153,1451.345702086735,1466.436146695588,4515900
2020-07-10,1438.0306396484375,1463.7731634446131,1438.0306396484375,1457.559450804157,4492000
2020-07-13,1448.682861328125,1461.9979611565086,1446.0198413624482,1456.671921225155,3656200
2020-07-14,1440.693603515625,1456.6717211146893,1424.7154859165607,1430.929198316197,4041900
2020-07-15,1448.682861328125,1458.4472678689397,1442.4691480748793,1449.5705346500172,3887600
2020-07-16,1431.81689453125,1451.3457052440135,1422.0524891748682,1448.682685601364,4678800
2020-07-17,1422.0526123046875,1452.2335042012915,1415.8388992671514,1444.2444445816022,4050900
2020-07-20,1443.356689453125,1454.008768342078,1436.2553035271565,1445.132035934617,5071200
2020-07-21,1504.6063232421875,1518.809096794916,1466.4363693192295,1477.0884494837758,11566400
2020-07-22,1500.167724609375,1509.0444567076554,1486.8526264619545,1493.9540121405787,3965200
2020-07-27,1481.526611328125,1481.526611328125,1448.6827020296585,1465.5484932910333,5827800
2020-07-28,1516.14599609375,1535.6748086898053,1489.5157970991293,1495.729510197874,9501600
2020-07-29,1499.2802734375,1516.1460669219953,1482.4144799530047,1506.3816601678138,6092100
2020-07-30,1505.493896484375,1527.6857286849113,1503.718549908332,1517.9213225166752,6426100
2020-07-31,1433.592041015625,1500.1675227965363,1432.7043679252129,1497.5045035253,8983400
2020-08-03,1452.2333984375,1467.3238432867895,1415.8387961539197,1455.7840913432153,5018600
2020-08-04,1468.2113037109375,1492.178477350717,1466.4359575153983,1480.638727079712,4043700
2020-08-05,1475.31298828125,1481.526701228283,1459.3348692745938,1461.1102158308888,4074100
2020-08-06,1454.0087890625,1484.1896796779608,1449.5704227955205,1477.9759669041896,5626900
2020-08-07,1323.520751953125,1364.353719484878,1283.575457628584,1343.9372357190016,19705200
2020-08-11,1331.5098876953125,1343.0496400553384,1280.024838704427,1300.4413236490884,9494100
2020-08-12,1343.0494384765625,1352.8138428541185,1322.6329565962183,1339.498745975633,6162700
2020-08-13,1359.91552734375,1390.0964202482457,1359.91552734375,1375.005973795998,6495400
2020-08-14,1368.7923583984375,1379.444439008542,1359.9156245566837,1362.5786447092098,3982000
2020-08-17,1371.455078125,1377.6687904530743,1355.4769607099513,1356.3646338996764,3264700
2020-08-18,1361.6907958984375,1377.6689147551338,1349.2633701210073,1377.6689147551338,5002900
2020-08-19,1351.0386962890625,1362.5784486226746,1343.0496369811772,1351.9263695454943,4118100
2020-08-20,1299.5537109375,1342.1620293288936,1294.227671138576,1342.1620293288936,8286300
2020-08-21,1277.3616943359375,1302.2165431485896,1262.2712504139702,1279.1370406796984,8481900
2020-08-24,1280.0250244140625,1280.912697801312,1258.7208631200697,1271.1482905415655,3608900
2020-08-25,1294.2274169921875,1303.991821372787,1282.68766636057,1296.8904363687145,5119000
2020-08-26,1311.0933837890625,1313.7564035259395,1295.1152653678012,1302.2166513328061,3971600
2020-08-27,1290.6767578125,1301.328835593621,1282.6876994766592,1294.227450406207,4609000
2020-08-28,1273.8111572265625,1296.002989233994,1263.1590778629954,1277.3618503477514,7936500
2020-08-31,1276.47412109375,1299.5536253694368,1276.47412109375,1297.7782788866916,3958400
2020-09-01,1270.2603759765625,1273.8110688514096,1248.068545508768,1272.923395632698,4046900
2020-09-02,1272.0357666015625,1284.4631920952274,1265.82205385473,1281.800172346585,2810500
2020-09-03,1289.7891845703125,1302.2166096109074,1282.6877988328297,1287.1261649187566,4647000
2020-09-04,1265.8218994140625,1267.5972456965508,1240.079378317984,1256.0574948603776,5897800
2020-09-07,1256.0577392578125,1260.496105827628,1237.416599664587,1248.9563527461075,4097100
2020-09-08,1270.2603759765625,1271.1480491952743,1254.2822580397503,1262.2713170081565,3516900
2020-09-09,1250.7314453125,1251.6191184461497,1238.3040214414036,1242.7423871096523,4655900
2020-09-10,1247.180908203125,1256.9453138901245,1242.7425419817614,1251.6192744244884,4566900
2020-09-11,1275.58642578125,1280.9124651373304,1234.7534573846337,1242.7425164187543,7365300
2020-09-14,1285.350830078125,1285.350830078125,1264.9343458987073,1275.5864246010121,3275700
2020-09-15,1285.350830078125,1296.890582005622,1276.4740978262041,1280.9124639521647,2946100
2020-09-16,1300.4415283203125,1303.992221912996,1286.2387539495787,1289.7894475422622,3389500
2020-09-17,1314.6441650390625,1316.4195116495137,1290.6769857979723,1292.4523324084234,3869800
2020-09-18,1292.4521484375,1314.6439779092977,1289.7891289008842,1313.7563047304259,4511400
2020-09-23,1297.7783203125,1301.3290133913304,1284.463221266886,1292.4522806942543,4416300
2020-09-24,1302.216552734375,1310.2056113401072,1286.23843552291,1289.789128236569,3418300
2020-09-25,1304.879638671875,1317.3070638020833,1298.6659261067707,1313.756370907738,2855800
2020-09-28,1304.879638671875,1313.756370907738,1280.0247884114583,1311.093351236979,3438200
2020-09-29,1325.2960205078125,1333.285078903372,1300.441172166072,1302.2165184761964,4808300
2020-09-30,1309.318115234375,1339.4990073821505,1309.318115234375,1328.8469278005825,4750300
2020-10-02,1326.1837158203125,1343.0495060482817,1313.756291441809,1319.0823304611677,5207900
2020-10-05,1327.959228515625,1339.4989811698383,1327.959228515625,1328.8469017967184,3764400
2020-10-06,1333.2852783203125,1343.04968448644,1328.8469118811636,1336.8359714716316,3080200
2020-10-07,1339.4989013671875,1349.263306877485,1319.9700903465923,1327.0714761722631,3251800
2020-10-08,1368.7923583984375,1375.8937454718405,1344.8251770257023,1344.8251770257023,4726200
2020-10-09,1382.107177734375,1383.8825241412271,1367.904406479558,1376.7811385138186,3947800
2020-10-12,1390.9840087890625,1411.4004939212568,1388.3209889892112,1393.6470285889138,3814900
2020-10-13,1435.3675537109375,1445.1319588382228,1403.411318748913,1406.9620115224711,8006200
2020-10-14,1420.2772216796875,1434.4799938964843,1414.9511820983887,1428.2662810516358,3273300
2020-10-15,1421.1649169921875,1430.0416497654053,1409.6251643870041,1420.2772437148656,2961100
2020-10-16,1401.635986328125,1436.2552412152668,1392.759254305781,1430.041528799626,4293700
2020-10-19,1413.1759033203125,1430.929369442427,1412.2882300142069,1414.951249932524,3137100
2020-10-20,1421.1649169921875,1426.4909566561182,1406.074471277717,1412.2881842189695,2434500
2020-10-21,1424.7156982421875,1431.8170849000926,1415.8389649198064,1421.165004913235,2621400
2020-10-22,1442.4691162109375,1446.9074827223558,1409.6252040264424,1414.0635705378606,5162900
2020-10-23,1456.6717529296875,1471.7621976583923,1442.4689814203182,1464.6608119037078,5477100
2020-10-26,1448.682861328125,1456.671921225155,1444.2444947186639,1452.233554615694,3210300
2020-10-27,1450.4581298828125,1454.008822979221,1422.0525851115456,1434.480010948975,3351100
2020-10-28,1461.110107421875,1470.8745127570153,1454.0087217235914,1454.8963949358767,3436800
2020-10-29,1448.682861328125,1454.0089012594785,1424.7156816370348,1433.592414855957,3870700
2020-10-30,1406.9620361328125,1450.4580233697259,1401.6359968793129,1449.5703501608093,5765200
2020-11-02,1414.063232421875,1425.6029825922983,1406.9618477016145,1419.3892709620704,3122200
2020-11-04,1429.154052734375,1446.01984590329,1424.7156861109763,1435.3677660071332,4962300
2020-11-05,1480.638916015625,1485.9649552818682,1441.5812947298411,1443.356641151922,9450000
2020-11-06,1440.693603515625,1446.0196427153132,1414.0634075171847,1426.4908323164568,9257800
2020-11-09,1444.244384765625,1466.436216123425,1441.581365002689,1464.660869614801,4095400
2020-11-10,1459.3348388671875,1464.660878425097,1442.4690469338077,1458.447165607536,5236700
2020-11-11,1446.0196533203125,1460.2224246236428,1443.3566337009381,1455.784058591352,4456700
2020-11-12,1461.110107421875,1493.9540162764372,1457.5594145727332,1465.5484734833024,5117100
2020-11-13,1465.5484619140625,1465.5484619140625,1446.0196513979454,1452.2333638348916,2989100
2020-11-16,1525.0225830078125,1534.7869883704934,1485.0772883422994,1489.5156544162453,10352800
2020-11-17,1527.685791015625,1546.3269308246477,1521.4720777459506,1534.7871776095383,5227100
2020-11-18,1531.236328125,1532.1240013586958,1497.5047452445654,1506.3814775815217,3983800
2020-11-19,1534.7872314453125,1557.8667386850916,1513.4830709162857,1541.0009449329452,6654100
2020-11-20,1581.8336181640625,1592.4856964008575,1543.6636711488802,1548.9897102672778,8667300
2020-11-24,1663.499755859375,1683.9162416570089,1635.981883697347,1641.3079234706427,10161300
2020-11-25,1666.16259765625,1718.535316495738,1665.2749244555807,1686.5790812716436,7709100
2020-11-26,1708.77099609375,1717.6477285409903,1667.9380268364448,1675.927086038961,5141500
2020-11-27,1729.1875,1738.0642325462013,1706.995668634497,1708.7710151437373,4746600
2020-11-30,1876.541015625,1914.7109605975047,1817.0669153190042,1864.1135916804635,20204400
2020-12-01,2009.6923828125,2053.1883751966925,1935.127824439598,1952.8812907188603,16072500
2020-12-02,2044.31201171875,2053.1887464635124,1982.1748685054142,1999.0406645204625,10382900
2020-12-03,2104.67333984375,2111.774726060009,2046.9745768366458,2052.30061649884,8893400
2020-12-04,2155.270263671875,2165.922340757568,2073.604339348229,2080.705724072024,10131100
2020-12-07,2061.177490234375,2125.977643889461,2022.1198633737754,2122.4269505384973,8734600
2020-12-08,2085.144287109375,2115.3251750453983,1991.0509306029494,1997.2646428250719,7891500
2020-12-09,2197.879150390625,2204.9805369831633,2096.684391446953,2096.684391446953,10878500
2020-12-10,2113.550048828125,2165.035098316588,2100.234949822488,2164.1474250495457,8809500
2020-12-11,2073.604736328125,2153.4953297654242,2050.52523155735,2123.3144389113336,7524200
2020-12-14,2078.9306640625,2097.5718015284747,2030.9963105785653,2037.2100230672236,5377600
2020-12-15,2017.6812744140625,2059.401916691872,1998.1524631350878,2059.401916691872,7086600
2020-12-16,2001.703369140625,2009.692429150499,1951.1059890780905,1997.2650024684729,8731300
2020-12-17,1943.11669921875,1987.5003606901696,1928.9139275478958,1980.3989748547426,7302900
2020-12-18,1927.1385498046875,1969.746864125565,1904.0590462142122,1918.2618176545047,9147000
2020-12-21,1867.664306640625,1904.05890577193,1846.3601510515684,1890.7438085287697,9353100
2020-12-22,1886.3056640625,1936.0153662683822,1848.1357141544117,1848.1357141544117,7280000
2020-12-23,1901.3961181640625,1944.0044345374868,1884.5303262662485,1911.1605239996388,5726400
2020-12-24,1908.4974365234375,1921.812534917787,1884.5302594136083,1893.406991676508,3536700
2020-12-25,1905.8343505859375,1920.0371217128004,1893.4069258499323,1906.7220237813665,2412100
2020-12-28,1942.22900390625,1948.442716441599,1907.6097483521623,1912.9357876681759,4218100
2020-12-29,1997.4920654296875,2002.840103088134,1954.7077641621172,1960.0558018205636,6595000
2020-12-30,2017.1014404296875,2030.4715339367335,1974.31714120714,1992.143932549868,5104200
2021-01-04,2004.6226806640625,2052.755017149549,1995.709285018602,2050.080998455911,5447200
2021-01-05,2059.885498046875,2088.408360849774,2000.1657540533047,2006.405130291439,8206400
2021-01-06,2041.16796875,2086.626294691594,2027.7978728848254,2073.256198826419,5529500
2021-01-07,2095.538818359375,2110.691587356444,2048.2978326626303,2051.8631900737055,5659900
2021-01-08,2091.9736328125,2129.40988870433,2083.0602385525403,2122.2791732963624,7657000
2021-01-12,2139.21484375,2150.802257486979,2059.8856266276043,2091.973849283854,8205900
2021-01-13,2186.4560546875,2218.5442805206635,2148.128451608999,2149.019791215476,10725300
2021-01-14,2144.562744140625,2235.4793692039434,2108.9091656844216,2199.82579074774,11745700
2021-01-15,2152.585205078125,2288.068828751779,2144.5631484132373,2210.5222809912007,15206100
2021-01-18,2084.84326171875,2117.8228259272123,2060.7770932423045,2094.6479970239684,7570400
2021-01-19,2150.80224609375,2153.476264634273,2085.734461607698,2102.6699123643416,6318900
2021-01-20,2156.150390625,2192.6953125,2151.6936928353657,2174.8685213414633,4856300
2021-01-21,2195.36962890625,2232.8058954162225,2165.9554195055575,2175.760155972455,7202300
2021-01-22,2180.216796875,2214.087703776574,2170.4120606666497,2192.6955520492643,4624600
2021-01-25,2180.216796875,2250.6326296440616,2165.064022734822,2206.065646878833,6641400
2021-01-26,2140.997802734375,2182.8907655688945,2140.106463099598,2172.19468995157,4646700
2021-01-27,2114.25732421875,2151.6935837538203,2099.9958920149134,2149.0195652156012,4827000
2021-01-28,2019.7755126953125,2072.3645485510156,2011.7534563783408,2030.4715877846081,7542300
2021-01-29,1966.2952880859375,2057.2119333192854,1939.5550983114233,2050.972555705232,7860800
2021-02-01,2042.950439453125,2067.0166095513946,1945.7944194267764,1952.0337968596612,5614300
2021-02-02,2137.431884765625,2139.214563568599,2054.537320427342,2070.581429654106,6992900
2021-02-03,2109.80078125,2161.4984767770384,2086.625952220638,2157.933118464829,4312700
2021-02-04,2029.580322265625,2075.929982677488,2000.166114696558,2072.364624184268,6062700
2021-02-05,2024.2320556640625,2064.3423341778816,2006.4052652134765,2047.4068832498247,4626500
2021-02-08,2017.99267578125,2039.384824287765,1989.4698111058967,2023.3407129078787,4976900
2021-02-09,2017.1014404296875,2070.5818144578716,2002.840007355505,2062.559758353644,4634000
2021-02-10,2088.408447265625,2180.2164157113607,2042.9501327924936,2076.8210337724736,10908000
2021-02-12,2165.063720703125,2177.5424741365723,2091.082539633401,2094.6478977572433,7445100
2021-02-15,2214.978759765625,2265.785113611356,2198.9346480248682,2204.282685271787,6212000
2021-02-16,2188.238525390625,2234.588180510915,2153.4762840504072,2215.87005055849,5640800
2021-02-17,2264.893798828125,2270.241836133504,2165.955108678608,2212.304765325229,8198500
2021-02-18,2200.717529296875,2280.93809537088,2178.4340387207626,2237.2624538417,5820000
2021-02-19,2149.019287109375,2205.1736691449996,2120.4964263928673,2156.150002288502,5173000
2021-02-22,2246.17578125,2279.155346292163,2207.848178633433,2216.7615745907738,6828600
2021-02-24,2181.99951171875,2237.262571247574,2171.303435680913,2227.457834879557,6229500
2021-02-25,2294.308349609375,2339.7666735526846,2232.8059113331333,2259.546101888021,13509800
2021-02-26,2165.955322265625,2251.5239275896993,2165.955322265625,2205.174266372492,9941900
2021-03-01,2221.21826171875,2268.4592600618853,2201.6087907083916,2210.522186622191,5456500
2021-03-02,2244.393310546875,2337.092637114339,2230.131875690342,2260.4374247604746,9890300
2021-03-03,2263.111328125,2264.894007390951,2198.934874550758,2242.6105165665617,4980000
2021-03-04,2203.3916015625,2267.5680559769417,2181.9994500910193,2206.95696014108,6323300
2021-03-05,2191.80419921875,2191.80419921875,2099.996215274248,2158.8246321707247,8053700
2021-03-08,2157.0419921875,2253.306676136364,2143.6718971946025,2232.8058638139205,5081800
2021-03-09,2128.518798828125,2148.128268499071,2072.36440840678,2123.17076164514,6599400
2021-03-10,2104.452880859375,2181.1080895649684,2103.5615412232632,2173.0860328399644,6540600
2021-03-11,2062.5595703125,2091.082433860469,2048.2981385385156,2076.8210020864844,6614400
2021-03-12,2221.21826171875,2231.914336815309,2104.4527752479808,2107.1267940221205,11299000
2021-03-15,2235.479736328125,2273.8073394629373,2199.8261520166716,2206.065529271176,5722300
2021-03-16,2303.2216796875,2313.02641594004,2237.262544897688,2246.1759414909056,6076000
2021-03-17,2290.74267578125,2359.3758220984314,2271.1332054049126,2317.4828626580743,5785800
2021-03-18,2375.419921875,2428.008955792683,2327.287585746951,2352.2450933689024,9849200
2021-03-19,2357.593017578125,2378.09382642663,2321.048097456876,2327.287474062943,6222700
2021-03-22,2339.766357421875,2370.0719026227675,2336.200999162946,2364.723865234375,4013500
2021-03-23,2273.807373046875,2403.942957705771,2272.9160334259236,2362.049995521058,6329100
2021-03-24,2278.26416015625,2344.223294683465,2242.6105739253226,2249.7412911715082,7245200
2021-03-25,2235.479736328125,2247.9584908371335,2203.391510447817,2233.697057112552,5661200
2021-03-26,2235.479736328125,2286.286093971946,2212.30490652568,2269.3506414240055,4791000
2021-03-29,2247.95849609375,2299.6561934662473,2233.6970623358197,2299.6561934662473,4842600
2021-03-30,2281.8291015625,2288.9598175048827,2239.936145401001,2251.523558807373,3976900
2021-03-31,2251.52392578125,2289.8515302185397,2235.479812295873,2289.8515302185397,4915400
2021-04-01,2352.2451171875,2373.6372667943588,2289.851347500829,2299.656082737306,9148100
2021-04-02,2405.725341796875,2421.7694530055983,2354.9189896359185,2406.6166813084706,6457500
2021-04-05,2433.357177734375,2474.3588005093866,2395.029573835995,2424.443781478938,5690700
2021-04-06,2417.312744140625,2473.4671331084937,2403.051312021801,2452.074984930258,4116400
2021-04-07,2489.51123046875,2512.686057533622,2417.3127307666487,2419.095409771639,8303500
2021-04-08,2504.66455078125,2505.555890479037,2453.8581880073953,2466.336943776412,4369300
2021-04-09,2517.143310546875,2572.4063718974085,2513.5779517500664,2520.7086693436836,7353600
2021-04-12,2447.618408203125,2535.8610237938424,2440.487691791754,2518.0342327654143,5642900
2021-04-13,2411.073486328125,2444.9443892783906,2404.8341094688653,2444.9443892783906,5589600
2021-04-14,2395.920654296875,2426.2261982872374,2384.333240418207,2410.182086762928,3653100
2021-04-15,2403.94287109375,2405.7255502714243,2349.571156174685,2375.4200042509615,3511000
2021-04-16,2395.029541015625,2437.8138424554277,2380.7681072023574,2431.574465162123,4057800
2021-04-19,2530.513427734375,2541.209504216521,2403.9431893623137,2424.4440026197603,10624100
2021-04-20,2534.969970703125,2551.9054240938985,2469.0108364443236,2494.8596863565567,6883500
2021-04-21,2434.24853515625,2492.1856112401592,2417.3130821471073,2486.837573447798,7439300
2021-04-22,2493.96826171875,2526.947827724323,2484.1635258792553,2493.076922096978,5530600
2021-04-23,2460.097412109375,2469.9021481721297,2421.7698075004246,2452.966694972826,5252600
2021-04-26,2496.642333984375,2511.7951078786036,2469.902144759266,2481.4895600901464,4211000
2021-04-27,2478.8154296875,2538.535182937792,2478.8154296875,2521.59973052353,4243900
2021-04-28,2534.078369140625,2552.796499901073,2464.5538834589615,2474.3586186191965,5654700
2021-04-30,2524.27392578125,2633.0173646743688,2511.795170498433,2566.1668899449924,7975700
2021-05-06,2437.813720703125,2498.4248113823983,2401.2687983817987,2495.75079267596,9090500
2021-05-07,2426.22607421875,2461.879653560686,2416.4213398997176,2444.052863889718,4779200
2021-05-10,2361.158447265625,2430.682931556572,2346.0056750483673,2417.3128384236975,6819100
2021-05-11,2234.5888671875,2310.3527498005583,2220.327430460336,2305.004711027872,8935700
2021-05-12,2157.0419921875,2326.3965287642045,2149.9112748579546,2304.113037109375,12518900
2021-05-13,2099.995849609375,2142.7801453569346,2091.9737941567078,2112.4746025357463,7076200
2021-05-14,2180.216796875,2191.8042123939595,2132.084455488553,2139.2151727309893,6211600
2021-05-17,2182.890625,2230.1316226010617,2155.259098101266,2224.7835851367904,6343800
2021-05-18,2191.80419921875,2225.675105916722,2152.5852546210986,2185.5648216691234,4899100
2021-05-19,2145.45458984375,2164.1727229499893,2122.279758378882,2148.128608858927,4767500
2021-05-20,2156.150390625,2189.1299542682927,2139.2149390243903,2143.6716368140246,4727400
2021-05-21,2169.5205078125,2201.6087322501544,2158.824432999949,2191.8039970053155,3566600
2021-05-24,2149.019287109375,2196.2602751710906,2142.7799113276387,2168.628753851974,3311000
2021-05-25,2191.80419921875,2219.435728367095,2168.629368320138,2173.086066569871,4599100
2021-05-26,2241.71923828125,2249.7412951975643,2195.369576098099,2199.8262743849405,4905300
2021-05-27,2242.6103515625,2254.197765938618,2203.391410597178,2230.1315976189885,5303400
2021-05-28,2272.916259765625,2284.503675991881,2255.089465571385,2268.459561217065,4087200
2021-05-31,2264.893798828125,2293.4166644568145,2259.5457615227456,2273.8071943370906,2561900
2021-06-01,2337.092529296875,2345.114586033592,2261.3286601167706,2289.851528513986,5483400
2021-06-02,2321.93994140625,2335.3100370381476,2283.612333928143,2335.3100370381476,4149000
2021-06-03,2355.810546875,2373.637338754493,2301.438831642546,2313.0262463642166,5519300
2021-06-04,2354.919189453125,2383.4420562443815,2331.744360185229,2341.5490956447234,4536800
2021-06-07,2332.6357421875,2404.8342500656763,2326.39636496346,2399.4862124450706,4322100
2021-06-08,2289.851318359375,2365.615180586135,2288.068639248157,2338.874993917867,4800400
2021-06-09,2234.5888671875,2284.5038957325737,2230.132168210261,2272.916478391753,4891600
2021-06-10,2248.85009765625,2264.8942125027866,2226.566604813838,2236.371341664499,2789800
2021-06-11,2278.26416015625,2296.0909532717137,2257.7633480734667,2267.568084286972,3534600
2021-06-14,2301.43896484375,2301.43896484375,2255.9806429200353,2289.851549451431,2600800
2021-06-15,2374.52880859375,2402.1603375225814,2317.483071450357,2326.396467879012,6869300
2021-06-16,2362.0498046875,2367.3978419811324,2335.30961821934,2353.136409198113,3321200
2021-06-17,2368.28955078125,2370.963569844985,2308.5697916911695,2335.3099823285193,3288200
2021-06-18,2443.161865234375,2463.6626762159112,2409.290960134446,2409.290960134446,8430500
2021-06-21,2330.85302734375,2387.89876109136,2316.5915939068477,2371.854648474845,6907900
2021-06-22,2346.00537109375,2365.614838481312,2328.178582559603,2364.7234990546044,4612400
2021-06-23,2382.551025390625,2408.3998767697226,2355.8108343087997,2362.94155193062,5219400
2021-06-24,2428.900146484375,2446.7269365503153,2372.745757776663,2382.55049231293,4875300
2021-06-25,2476.141357421875,2481.489394910907,2443.1617929061767,2451.1838491397248,5168700
2021-06-28,2457.42333984375,2477.0328115436278,2416.4217171985515,2460.097358711915,4787400
2021-06-29,2437.69189453125,2501.3696445355613,2435.001285376138,2501.3696445355613,3535900
2021-06-30,2443.969970703125,2479.844759263905,2442.176231275086,2457.4230164134174,3134600
2021-07-01,2387.46728515625,2459.2168654764982,2378.498587616219,2429.6201635943958,5621900
2021-07-02,2409.889404296875,2414.373753765235,2364.149039719599,2369.5302590816314,3189000
2021-07-05,2431.4140625,2435.0015417511986,2388.364311485614,2409.889186992807,2210300
2021-07-06,2424.239013671875,2446.6607581564463,2411.682836760515,2424.239013671875,1973300
2021-07-07,2414.373291015625,2418.8576396244953,2379.395371866439,2387.467199362405,2487700
2021-07-08,2394.642333984375,2414.3734693205756,2381.189287164238,2385.6736361042836,3118700
2021-07-09,2372.220458984375,2385.673505065572,2319.305144398334,2358.7674129031784,4607600
2021-07-12,2433.207275390625,2451.144667763575,2409.8886653057907,2415.2698830176755,3671900
2021-07-13,2510.33837890625,2521.997685417783,2440.3825398370514,2461.0105436651484,7266400
2021-07-14,2523.791748046875,2563.25402129281,2484.3294748009394,2501.3700018844115,5542100
2021-07-15,2497.7822265625,2533.657016172015,2493.2978778613106,2515.7196213672573,3063100
2021-07-16,2473.56689453125,2490.6074206357075,2389.261133803934,2457.4232382217638,7605200
2021-07-19,2372.220458984375,2430.5169920028948,2365.94237081315,2421.54829461543,6013100
2021-07-20,2325.58349609375,2385.6737753989105,2321.0991468918724,2340.830283380134,5095400
2021-07-21,2307.646240234375,2362.355303838843,2285.2244928554946,2356.077214572757,4141500
2021-07-26,2363.25146484375,2380.2919877401564,2339.0359849383303,2352.48902933023,4364100
2021-07-27,2375.807861328125,2391.054646395161,2352.489248872658,2354.2829882923097,2497900
2021-07-28,2215.268310546875,2337.2425980911567,2183.87786889945,2324.6864214321863,13840700
2021-07-29,2269.977294921875,2278.04912252136,2239.483723990487,2260.1117278558377,5425000
2021-07-30,2257.4208984375,2289.708205685712,2251.1428109170142,2257.4208984375,3778400
2021-08-02,2295.986572265625,2321.9957951545716,2278.946046924591,2287.9147444725036,3299700
2021-08-03,2303.1611328125,2314.820437612563,2289.708088812427,2295.986176012461,2865100
2021-08-04,2311.233154296875,2318.4081117025307,2283.4301943499586,2286.12080337708,2675100
2021-08-05,2330.06787109375,2379.395712860554,2320.2023027403893,2328.2741313931388,5232300
2021-08-06,2213.474365234375,2281.636460760231,2174.012099403616,2269.0802852686256,12088900
2021-08-10,2218.85595703125,2223.340306176422,2185.671773356975,2213.474738057043,4091900
2021-08-11,2100.46923828125,2196.434314496491,2086.1193203425228,2188.362485655957,10163100
2021-08-12,2044.863037109375,2075.356608715392,2010.7819864908856,2074.459738962274,8367500
2021-08-13,2039.4820556640625,2073.5631102442007,2016.163439372389,2039.4820556640625,5742300
2021-08-16,2034.1007080078125,2050.244364420573,2016.1633119936344,2017.9570515950522,3278500
2021-08-17,2006.297607421875,2064.594140494035,2006.297607421875,2054.7285733587464,3513000
2021-08-18,2017.0601806640625,2022.4413994653005,1963.247992651682,1993.7415658586974,4254800
2021-08-19,1986.56640625,2006.2975398560948,1971.319621190745,1973.1133606094809,3109000
2021-08-20,1914.8167724609375,2008.9880891393443,1893.2919000773018,1997.328783264875,7589000
2021-08-23,1930.960693359375,1952.4855687149834,1902.260859551897,1911.229557616734,3840500
2021-08-24,2005.4010009765625,2025.1321378376913,1973.1136861128969,1975.804295684869,5881800
2021-08-25,2004.5040283203125,2038.5850811508144,1990.1541113390485,1991.0509811503775,4655200
2021-08-26,2041.275634765625,2091.5003428266423,2041.275634765625,2052.9349419940754,5901800
2021-08-27,2049.347412109375,2056.522370226169,2023.3381889359955,2028.7194075235914,2165100
2021-08-30,2086.119140625,2104.953406297023,2078.0473124798473,2087.016010418906,3892300
2021-08-31,2083.42822265625,2089.706310283712,2042.1722182472154,2078.0470046898545,4024700
2021-09-01,2126.478271484375,2132.756360012587,2089.7066101048476,2098.675308002293,6298900
2021-09-02,2149.797119140625,2160.559557784633,2138.1378106096163,2152.487728801627,5006400
2021-09-03,2174.909423828125,2181.1875128865977,2130.065930553318,2152.4876771907216,5709400
2021-09-06,2252.040283203125,2266.3902013756656,2181.1875622262046,2201.815569599232,7978800
2021-09-07,2254.73095703125,2296.883842862781,2243.071648184231,2268.1840057008876,5765800
2021-09-08,2286.120849609375,2286.120849609375,2231.4117982848666,2234.1024073664,4186200
2021-09-09,2261.008544921875,2278.0490694571845,2231.411844413179,2241.277411249411,4958300
2021-09-10,2353.38671875,2353.38671875,2273.5652942192264,2278.0496439119665,7210000
2021-09-13,2381.189208984375,2400.0234739141947,2355.179985986052,2376.704860191561,6894200
2021-09-14,2376.705078125,2388.3643860554243,2358.7676813089624,2383.8800368514153,4106600
2021-09-15,2276.255615234375,2362.355118411089,2264.5963075125283,2343.520852091183,8920900
2021-09-16,2246.658935546875,2353.3864458582834,2215.2684913376374,2348.0052268509858,10774400
2021-09-17,2204.505859375,2263.699263247559,2200.021510596776,2246.6587378903073,7538700
2021-09-21,2139.0341796875,2148.899746134696,2100.4687835757336,2105.8500016378407,6310200
2021-09-22,2071.76953125,2123.787987012987,2053.832132711039,2115.7161576704543,7905700
2021-09-24,2088.809814453125,2139.034524461444,2078.9442464157764,2134.550175353558,6332600
2021-09-27,2123.78759765625,2132.756295281488,2087.0159373927763,2089.7065466803474,5063300
2021-09-28,2096.881591796875,2130.9626441870723,2080.7379354015184,2130.0657743873303,3624900
2021-09-29,2039.4820556640625,2085.2224183900375,2018.8540489445052,2027.8227475182257,7763300
2021-09-30,2018.8538818359375,2036.7912774986291,1977.597871811747,2031.4100587998216,8531300
2021-10-01,1929.1669921875,1969.5261342834729,1867.2829743070085,1883.4266311453976,16133400
2021-10-04,1900.4674072265625,1955.1764736922635,1880.7362685012276,1937.23907485105,6275600
2021-10-05,1884.3233642578125,1888.8077130542376,1821.5424811078617,1877.1484061835324,7382600
2021-10-06,1893.2919921875,1972.2165281005744,1867.2827701252368,1928.2699115126125,8456700
2021-10-07,1893.2919921875,1940.8260876806014,1887.9107738297903,1893.2919921875,5817000
2021-10-08,1876.251708984375,1929.1670296488483,1876.251708984375,1920.1983312311409,5574000
2021-10-11,1896.8792724609375,1920.1978829025377,1859.2107479014294,1867.2825745927526,7761900
2021-10-12,1939.0328369140625,1967.7326753882762,1875.355070299401,1880.736290013316,17958200
2021-10-13,1918.404541015625,1948.0012450144636,1909.4358428341588,1928.270109015238,19901000
2021-10-14,1960.557373046875,1964.1448522290286,1919.3013624521102,1919.3013624521102,9322400
2021-10-15,2049.347412109375,2061.0067190491654,2000.9164448210133,2002.7101843502119,16761400
2021-10-18,2039.4820556640625,2066.3881513852243,2020.6477886592493,2034.9977063772021,16614200
2021-10-19,2011.678955078125,2058.3161845315635,2001.8133873091285,2044.863137573841,24530200
2021-10-20,1972.216796875,2035.8945561192586,1965.938707935425,2011.6790702094702,10571500
2021-10-21,1902.2607421875,1966.835364270244,1901.363872436351,1937.2386624823196,9028700
2021-10-22,1927.3734130859375,1979.3918672315792,1888.8080074262375,1894.189226820614,9444400
2021-10-25,1930.063720703125,1933.6511997378893,1866.385967836061,1878.9421444577356,5511200
2021-10-26,1955.17626953125,1962.3512283185207,1938.1357424114824,1959.6606187732943,4768800
2021-10-27,1964.1446533203125,1978.494568595712,1950.6916077496255,1972.216480662725,3892900
2021-10-28,1978.494873046875,1987.4635714741046,1959.6606063496927,1978.494873046875,5090300
2021-10-29,1940.826171875,1993.7414880213148,1921.9919068059728,1992.8446182561229,5683700
2021-11-01,1970.4227294921875,1989.256993178731,1955.175944603081,1981.185165884498,4779600
2021-11-02,1963.247802734375,1985.6695455705374,1956.072845026803,1973.1133695822864,3986600
2021-11-04,2026.92578125,2038.585088841261,2000.9165566233407,2008.0915151410397,9372000
2021-11-05,2168.630859375,2224.236778846154,2152.4872053349877,2197.3306887794665,19915200
2021-11-08,2176.702880859375,2208.9901918239143,2159.66235562809,2197.3308850867197,7669300
2021-11-09,2145.3125,2191.9497282608695,2129.168844063545,2191.052858486622,4695500
2021-11-10,2121.09716796875,2157.8688313457983,2104.056641037923,2134.550215545719,4720100
2021-11-11,2130.0654296875,2134.549777960526,2047.5534214638158,2087.9125559210524,6427800
2021-11-12,2111.2314453125,2147.106236226901,2109.43770576678,2138.1375384983007,4484200
2021-11-15,2169.5283203125,2181.187629185614,2125.5816945599936,2129.1691742132593,4933100
2021-11-16,2157.868408203125,2173.1151924672367,2135.4466666382546,2162.352756516099,2919000
2021-11-17,2226.03076171875,2237.69006868988,2165.940487329082,2169.527966397122,7456400
2021-11-18,2201.8154296875,2225.134045236125,2192.846731399567,2223.340305578539,4743200
2021-11-19,2264.59619140625,2278.0492380878713,2214.3714837948637,2224.237051361386,7437700
2021-11-22,2279.84326171875,2289.708830514543,2245.762205878737,2248.452815550317,6093400
2021-11-24,2270.874267578125,2274.461746673825,2243.0713045864495,2253.83374187355,5393900
2021-11-25,2281.63671875,2330.9645566160575,2278.9461094118515,2296.8835049995087,5587200
2021-11-26,2207.1962890625,2292.398908916599,2204.505680014476,2278.0489939938034,6736800
2021-11-29,2200.91796875,2245.7614481458845,2148.8995326507743,2159.6619677057865,6727900
2021-11-30,2231.412353515625,2286.1214184531063,2229.618613681609,2251.1434916897983,7217000
2021-12-01,2228.721435546875,2248.4525709923605,2180.290466726138,2235.8963938906877,5020800
2021-12-02,2234.1025390625,2277.152286904732,2208.9901861545313,2224.2369718486552,5423800
2021-12-03,2236.79296875,2247.555404846632,2177.5995702185246,2246.6585351719127,4248000
2021-12-06,2121.09716796875,2207.1966724613508,2109.4378600687105,2203.609193107492,8381100
2021-12-07,2188.3623046875,2188.3623046875,2122.8908095062757,2130.9626376793035,5302000
2021-12-08,2182.981201171875,2266.390096697341,2182.981201171875,2247.555829965784,7621100
2021-12-09,2131.859619140625,2159.662584304007,2117.509701636944,2157.868844616047,6501400
2021-12-10,2127.375244140625,2148.0032503021907,2099.5722793141667,2103.1597586466128,4002700
2021-12-13,2088.809814453125,2136.3439149967126,2081.634855880508,2122.8908676730557,4713500
2021-12-14,2060.110107421875,2076.2537652075057,2035.8946207434287,2076.2537652075057,4422500
2021-12-15,2029.6163330078125,2058.316166262894,2010.7820674341651,2041.2756402676894,4930400
2021-12-16,2075.356689453125,2111.2314809734903,2060.10990305697,2097.7784341533534,5858800
2021-12-17,2017.0601806640625,2039.481925669221,2011.6789618628243,2026.9257484663322,6739700
2021-12-20,1995.535400390625,2029.6164544197682,1992.8447908620083,2008.0915781908357,4345700
2021-12-21,2076.25341796875,2085.2221152385932,2021.544364622705,2029.6161921655641,6314600
2021-12-22,2095.98486328125,2111.2316509046054,2068.1818976151317,2088.8099043996713,5228700
2021-12-23,2140.828369140625,2140.828369140625,2090.6036566681178,2098.6754854583423,4819600
2021-12-24,2131.859619140625,2149.7970160202262,2125.5815302327646,2132.756488984605,2140900
2021-12-27,2117.509521484375,2160.5592703328502,2117.509521484375,2145.3124842823486,2625500
2021-12-28,2138.137451171875,2165.9404129949994,2133.653102490726,2149.7967577428626,4465800
2021-12-29,2134.513427734375,2156.257197796185,2119.1115906072596,2137.2313989921013,3189100
2021-12-30,2128.171630859375,2141.761488016842,2081.9661165239863,2112.769792747579,3359100
2022-01-04,2226.924560546875,2232.36050333096,2148.1033901776404,2153.539332961726,7610600
2022-01-05,2212.428466796875,2230.5482740597486,2195.214649897145,2206.086534254869,4074900
2022-01-06,2129.07763671875,2184.3430562250664,2119.1117413979387,2170.753198969415,6001900
2022-01-07,2132.70166015625,2156.2574134120114,2099.1800112922815,2153.5394418825003,4399600
2022-01-11,2072.90625,2111.863841236888,2071.094269012238,2110.957850743007,5429500
2022-01-12,2183.43701171875,2206.086773251102,2130.889564963693,2146.2914028056925,9127200
2022-01-13,2224.20654296875,2232.3604569755603,2176.1890493730907,2183.4369729346995,5388000
2022-01-14,2219.6767578125,2235.9845870535714,2182.531146763393,2224.2067103794643,5297700
2022-01-17,2186.1552734375,2210.6170191411106,2154.445603080968,2210.6170191411106,6248500
2022-01-18,2168.03564453125,2217.865130719808,2158.0697472935385,2178.907532426935,5053500
2022-01-19,2095.555908203125,2128.1715643619286,2087.401994163424,2103.709822242826,6440400
2022-01-20,2066.56396484375,2116.393433526962,2045.7261870307705,2069.2819358628344,6450600
2022-01-21,2005.8626708984375,2011.2986130959941,1948.7852778240917,2001.3327190671403,8386100
2022-01-24,2038.4786376953125,2052.068495279948,1975.0593023003473,1980.4952453342014,6412100
2022-01-25,1977.7769775390625,2043.9142745433462,1952.4092471812548,2032.1363997343642,6815800
2022-01-26,1965.09326171875,1987.7430226883068,1920.6997302184186,1966.9052425963146,5307300
2022-01-27,1839.1607666015625,2004.9570327533288,1831.9128423982065,1976.8713264653247,13077000
2022-01-28,1859.99853515625,1873.5883929386873,1817.41698077128,1853.656601524446,6594700
2022-01-31,1881.7423095703125,1914.3579682821717,1828.2888689036547,1828.2888689036547,5633500
2022-02-01,1896.2381591796875,1967.8114102906266,1889.896225536946,1953.3155619643605,5641100
2022-02-02,1976.8714599609375,1989.555328173336,1918.8880624185454,1922.5120247649447,7463700
2022-02-03,1925.2298583984375,1962.3754697840075,1904.3920764016545,1934.2897636144303,7253900
2022-02-04,1938.819580078125,1945.161513283988,1891.7080762631424,1894.4260476370837,4375600
2022-02-07,1797.4852294921875,1839.1607942888813,1755.8096646954934,1830.1008888982956,20210500
2022-02-08,1818.3228759765625,1865.4343804861694,1811.9809426771922,1821.0408473905782,8355100
2022-02-09,1887.17822265625,1888.0842131616057,1832.8187923348985,1839.1607258723895,8514200
2022-02-10,1964.1875,2100.992072186347,1957.8455661900368,2075.6243369464946,20501600
2022-02-14,1923.4176025390625,1956.0332566565405,1890.8019484215843,1902.5798235195625,10166400
2022-02-15,1888.9901123046875,1943.3495399969086,1885.3661504585393,1934.2896353815383,6084700
2022-02-16,1918.8878173828125,1945.1615410391398,1906.2039507901027,1945.1615410391398,5828000
2022-02-17,1902.5799560546875,1925.229717436291,1881.7421755836124,1902.5799560546875,5637000
2022-02-18,1871.7762451171875,1879.0241686219977,1821.9467710216186,1851.84445547896,7065300
2022-02-21,1773.92919921875,1796.5789591679168,1735.8776025041495,1795.67296876995,11460500
2022-02-22,1692.3902587890625,1722.2879453736657,1655.2446481839493,1707.7920973326459,12959500
2022-02-24,1635.312744140625,1683.3302374588816,1618.09892578125,1667.9283999794409,10679300
2022-02-25,1682.4244384765625,1687.860381734968,1645.2788262107902,1676.082504675089,9123500
2022-02-28,1709.60400390625,1725.9118322423988,1667.0224521396397,1679.7063186233108,8201300
2022-03-01,1743.1256103515625,1777.5532471464478,1730.4417441639732,1772.1173044946238,7650500
2022-03-02,1725.005859375,1731.3477926815258,1696.0141642594538,1696.9201547318146,5684800
2022-03-03,1719.5699462890625,1751.2796133702623,1708.6980604326511,1745.8436704420567,4387100
2022-03-04,1646.1846923828125,1704.1680827584316,1630.7828543142887,1698.7321399107173,9055400
2022-03-07,1527.5,1587.2953736654804,1507.5682087781731,1573.705516014235,12410400
2022-03-08,1537.4659423828125,1569.175611200372,1484.0125006617836,1494.8843871135184,10389800
2022-03-09,1563.7396240234375,1584.5774058035877,1532.9359466093026,1555.5857094138137,6663100
2022-03-10,1620.81689453125,1640.7486841789232,1609.9450092688828,1636.2187319862703,6385900
2022-03-11,1605.415283203125,1612.6632077322586,1587.2954718802905,1599.9793398062745,5779400
2022-03-14,1619.910888671875,1647.99659199896,1606.3210322232853,1606.3210322232853,4151700
2022-03-15,1624.4410400390625,1638.936888695295,1587.2954278574666,1603.603257595728,4339400
2022-03-16,1656.150634765625,1668.8345017714887,1633.5008722551543,1667.022520770651,6426200
2022-03-17,1700.544189453125,1732.2538573438333,1689.672303319168,1703.2621609866144,7527600
2022-03-18,1722.2879638671875,1723.1939543794795,1691.4842864492578,1697.826220035302,4716300
2022-03-22,1728.6297607421875,1744.9375886737175,1715.9458945732197,1730.4417416234685,4597100
2022-03-23,1784.8013916015625,1790.2373349262373,1742.2198355582766,1743.125826112389,6112900
2022-03-24,1808.3570556640625,1808.3570556640625,1744.9377200445815,1750.3736630976798,4406100
2022-03-25,1835.536865234375,1869.9645063394619,1826.4769596804047,1844.596770788345,6794000
2022-03-28,1799.297119140625,1823.7588624522045,1793.8611761824961,1811.9809860429255,4595700
2022-03-29,1803.826904296875,1823.7586932946306,1780.271153663164,1821.0407220676639,5602900
2022-03-30,1838.2545166015625,1857.280314949829,1815.60475666315,1840.0664973966357,6936500
2022-03-31,1836.4427490234375,1849.1266160615867,1826.4768534934633,1835.5367585207127,3746100
2022-04-01,1810.1689453125,1816.5108785543355,1782.989231418919,1811.9809262387387,5175800
2022-04-04,1791.143310546875,1796.5792538262283,1768.4935468829035,1789.3313294537572,3724500
2022-04-05,1782.083251953125,1833.724708669611,1777.5532996095735,1821.040842107667,3731000
2022-04-06,1740.4075927734375,1751.2794777881597,1731.3476885945024,1737.689621519757,5705900
2022-04-07,1683.3304443359375,1701.4502553621585,1673.364548271516,1691.484359297737,6973300
2022-04-08,1666.116455078125,1715.039939892817,1654.3385791042176,1699.6381020807844,5556200
2022-04-11,1661.586669921875,1675.1765281818684,1647.0908211112153,1656.1507266178776,3450500
2022-04-12,1645.2786865234375,1671.552410041708,1644.37269605729,1657.056562583352,3213200
2022-04-13,1694.2022705078125,1694.2022705078125,1658.8686402672752,1663.3985928622158,4065600
2022-04-14,1747.6556396484375,1747.6556396484375,1714.1339918169226,1722.287906154318,5049600
2022-04-15,1709.60400390625,1719.569899000563,1686.9542423282658,1698.7321183488175,3913100
2022-04-18,1713.2279052734375,1717.7578574291051,1689.6721540639667,1695.1080966507677,3330900
2022-04-19,1751.27978515625,1760.3396909252942,1740.407898233397,1749.4678040024412,5038500
2022-04-20,1727.7237548828125,1769.3993147803528,1723.1938027200363,1767.5873339152424,4978000
2022-04-21,1762.1514892578125,1778.4593179501728,1731.34781283891,1731.34781283891,5040200
2022-04-22,1748.5616455078125,1753.997588447215,1735.8777786492067,1742.2197120785095,3045700
2022-04-25,1717.758056640625,1738.595838973291,1711.416122887205,1721.3820187854365,3756600
2022-04-26,1733.1597900390625,1748.56162821505,1719.569932824956,1739.5017234056456,3680300
2022-04-27,1715.0400390625,1715.0400390625,1681.5183901215003,1696.9202288241218,6588900
2022-04-28,1718.6639404296875,1723.193892829344,1688.7662545919543,1716.8519594698248,5592700
2022-05-02,1712.322265625,1734.9720310433202,1690.5784908234127,1727.7241061094576,4184400
2022-05-06,1766.681396484375,1768.4933774038461,1676.9883409705528,1703.2620643028845,6291600
2022-05-09,1751.27978515625,1781.177474194096,1744.937851117919,1748.5618134255367,5313600
2022-05-10,1739.5018310546875,1744.0317837397258,1694.202304204305,1738.5958405176798,5177900
2022-05-11,1762.1514892578125,1773.0233750527193,1732.2538033218189,1757.6215368432681,5726800
2022-05-12,1755.8095703125,1774.8353706100038,1709.6040553042762,1725.9118841307081,6429500
2022-05-13,1751.27978515625,1776.647521309574,1715.040162080073,1771.2115778481473,10398800
2022-05-16,1800.203125,1831.9127925264218,1776.6473719803726,1776.6473719803726,10039600
2022-05-17,1760.3394775390625,1763.0574489403064,1704.1680685800188,1749.4675919340862,7450300
2022-05-18,1793.8609619140625,1816.5107215341895,1784.8010580660118,1801.1088849925031,6755200
2022-05-19,1778.45947265625,1781.17744434141,1727.7240011999331,1733.1599445702527,4277000
2022-05-20,1803.826904296875,1813.7927987957528,1763.9633263013638,1782.9891248901306,4437000
2022-05-23,1805.638916015625,1816.5108011095474,1797.4850021951831,1815.6048106850537,3722300
2022-05-24,1775.7413330078125,1809.262980620715,1773.0233615797392,1807.450999668666,3449400
2022-05-25,1809.2630615234375,1817.4169761722662,1782.0833460273418,1792.0492417092435,4682900
2022-05-26,1798.3909912109375,1827.3826847720206,1797.4850007871537,1806.5449050249922,3560400
2022-05-27,1844.5965576171875,1860.9043857297165,1829.1947199553542,1849.1265098706676,4842100
2022-05-30,1868.1522216796875,1888.9900010679673,1864.5282600469434,1879.9300969861065,8247900
2022-05-31,1899.8621826171875,1913.4520408619458,1872.6824661276714,1879.9303905248757,7966200
2022-06-01,1881.7423095703125,1898.956129446016,1865.434480214383,1898.956129446016,6143300
2022-06-02,1894.4261474609375,1907.1100145410203,1877.2123278522538,1893.5201569552173,3531500
2022-06-03,1927.0416259765625,1943.3494535588748,1920.6996930278856,1920.6996930278856,4603500
2022-06-06,1924.3238525390625,1940.631681797868,1897.1441371077196,1901.6740896796102,3184900
2022-06-07,1921.605712890625,1927.9476459364687,1905.2978850584557,1912.5458085394198,3081800
2022-06-08,1924.3238525390625,1938.819700769112,1917.9819189384157,1937.0077197403557,2767200
2022-06-09,1917.0758056640625,1952.4094334622187,1900.7679774495289,1947.8794811804037,5119000
2022-06-10,1896.2381591796875,1904.3920738632123,1886.2722634553795,1898.050140220471,3312400
2022-06-13,1848.220458984375,1863.6222961425783,1840.972535615809,1848.220458984375,3815600
2022-06-14,1832.8187255859375,1834.6307065306592,1798.3910876362263,1802.9210399980304,4002000
2022-06-15,1831.0067138671875,1861.8103894097328,1819.2288379244494,1848.2205325527275,3081600
2022-06-16,1819.2288818359375,1876.306282013061,1816.5109103989316,1851.8445390800082,3539800
2022-06-17,1712.322265625,1748.5618902943122,1696.0144345238095,1743.1259465939154,13752400
2022-06-20,1640.74853515625,1715.9457347244272,1617.1927858939296,1715.039744368184,7128600
2022-06-21,1688.7662353515625,1707.7920352133558,1652.5266165671942,1670.6464259593783,5358200
2022-06-22,1636.2188720703125,1713.2280659385167,1624.4409953610577,1710.510094390227,6452500
2022-06-23,1625.346923828125,1646.1847049028447,1608.1331046794437,1619.0049904575583,4652700
2022-06-24,1662.4925537109375,1670.6464681433072,1612.6630766242338,1613.5690671167192,5321200
2022-06-27,1713.2279052734375,1716.8518669979715,1678.8002688903648,1690.5781444951,6557300
2022-06-28,1684.236328125,1696.0142045454545,1651.6206703452797,1678.8003851617132,8615600
2022-06-29,1675.92138671875,1686.0840853151701,1660.215397978828,1685.1602036245865,7346700
2022-06-30,1625.1080322265625,1663.9110665378278,1622.336386918615,1649.1289582287743,7015500
2022-07-01,1565.9794921875,1634.346738454093,1554.8929117118364,1616.792986034292,8557100
2022-07-04,1563.207763671875,1589.0764500683363,1553.0450654446938,1564.1316453288916,5893500
2022-07-05,1583.533203125,1600.1630734028588,1572.4466229397608,1588.1526115355164,3731700
2022-07-06,1575.21826171875,1593.6958952872983,1565.0555632560483,1565.9794449344756,3292300
2022-07-07,1606.63037109375,1621.412479165918,1568.7512191588198,1580.7616819674563,5336700
2022-07-08,1623.26025390625,1648.205061450626,1619.5647268626387,1633.4229532761808,5302600
2022-07-11,1627.87939453125,1646.357026705271,1614.9450520094354,1645.43314509657,3555400
2022-07-12,1597.3916015625,1620.4886461195056,1590.9244290865386,1614.9453554258241,3411600
2022-07-13,1609.4017333984375,1616.792786135055,1598.3151542935113,1600.1629174776658,2999300
2022-07-14,1634.3466796875,1647.281023110691,1608.4779928411178,1612.1735195334581,3808700
2022-07-15,1626.0316162109375,1654.6719458146529,1613.0972738092596,1650.0525378140537,2767400
2022-07-19,1634.3466796875,1639.8899697260103,1620.488454591224,1628.8033896489894,2547000
2022-07-20,1674.9976806640625,1696.2469617756308,1665.7588627894675,1671.3021535142245,5281400
2022-07-21,1692.5511474609375,1694.3989107223579,1673.149633216025,1687.931739307387,3666000
2022-07-22,1692.5511474609375,1698.0944372451982,1674.0735148467352,1690.7033841995174,3130700
2022-07-25,1680.5406494140625,1685.1600574663278,1669.4540700886262,1678.6928861931565,2044400
2022-07-26,1672.2257080078125,1680.5406424675198,1667.6062999746416,1672.2257080078125,2556000
2022-07-27,1702.7139892578125,1705.4856343841138,1670.3781294509631,1670.3781294509631,2902400
2022-07-28,1710.1048583984375,1747.984004370526,1698.0943974804582,1732.2780170162455,4898800
2022-07-29,1707.33349609375,1728.5827766187263,1694.399151426373,1718.420077237216,3270600
2022-08-01,1723.9632568359375,1731.354310455813,1710.105031298671,1716.572203216062,3098200
2022-08-02,1709.1810302734375,1728.582544671136,1699.0183322555956,1726.7347813951649,3315800
2022-08-03,1718.419921875,1723.9632119455644,1694.3989982358871,1718.419921875,3091600
2022-08-04,1739.6693115234375,1760.9185914836282,1737.8215480486383,1750.7558923722327,5984100
2022-08-05,1801.5692138671875,1813.5796752929687,1773.852764423077,1789.5587524414063,10553600
2022-08-08,1822.818603515625,1832.0574205633475,1799.721560896319,1799.721560896319,4211000
2022-08-09,1801.5692138671875,1807.1125037560096,1775.700527719351,1801.5692138671875,4693600
2022-08-10,1740.59326171875,1750.7559612298467,1718.4200991490843,1741.517143492486,7153900
2022-08-12,1773.8529052734375,1785.863367652893,1760.9185611724852,1761.8424428939818,4206000
2022-08-15,1797.8739013671875,1814.503773013955,1787.7112020274963,1794.1783743345725,3480900
2022-08-16,1793.25439453125,1807.1126201458655,1790.4827494083268,1796.026039654173,2394800
2022-08-17,1799.721435546875,1803.416962108573,1774.7766312554143,1793.2542640639037,3018700
2022-08-18,1790.482666015625,1793.2543110094573,1767.3856244003564,1775.700559381853,2684800
2022-08-19,1795.10205078125,1809.884157221034,1791.4065241713042,1808.036393916061,2843200
2022-08-22,1785.86328125,1787.7110446035954,1758.1468309460681,1758.1468309460681,2338700
2022-08-23,1771.0811767578125,1779.3961118599618,1759.9945966216133,1759.9945966216133,2538000
2022-08-24,1783.091552734375,1808.9602384735265,1779.3960262002106,1795.1020139704096,3053200
2022-08-25,1789.558837890625,1794.178246351881,1771.0812040456003,1785.86331112162,2339900
2022-08-26,1816.351318359375,1832.0573063614652,1805.2647385931937,1807.112501887557,4404400
2022-08-29,1769.2332763671875,1772.9288027930197,1734.1257753217812,1742.4407097799037,4316600
2022-08-30,1759.0706787109375,1773.852785254727,1751.6796254390429,1764.6139686648585,4089700
2022-08-31,1764.614013671875,1768.3095404020778,1736.8975631953533,1746.1363800208605,3500300
2022-09-01,1741.51708984375,1768.3096604567309,1741.51708984375,1758.1469612587036,3002500
2022-09-02,1734.1259765625,1751.6797291222697,1727.6588045667954,1744.288675412893,2928000
2022-09-05,1749.8319091796875,1750.7557908635204,1725.8109854000295,1734.1259205545266,2650600
2022-09-06,1772.0050048828125,1800.645336035767,1753.5273718809062,1756.2990168311921,3374400
2022-09-07,1763.6900634765625,1781.2438147631285,1753.5273653632873,1772.9288799431763,3235000
2022-09-08,1786.787109375,1788.634872673216,1766.4617130946224,1787.710991024108,3104800
2022-09-09,1793.25439453125,1800.6454481923781,1782.1678140395575,1784.9394591624805,2551600
2022-09-12,1805.2647705078125,1823.7424037781075,1803.417007180783,1817.2752321335042,2688800
2022-09-13,1828.36181640625,1833.9051064004072,1799.72148476977,1802.4931297668488,3691000
2022-09-14,1774.77685546875,1783.0917912830232,1738.745466940233,1750.7559297830721,5960000
2022-09-15,1776.6243896484375,1784.939324389382,1770.1572181832587,1778.4721529242029,2186300
2022-09-16,1724.88720703125,1762.766358337239,1721.1916800745682,1758.1469496413868,5666800
2022-09-20,1711.9527587890625,1747.9841444300628,1711.9527587890625,1732.278155817319,4489900
2022-09-21,1703.637939453125,1732.2782735762523,1701.7901759613103,1709.181229928569,3339500
2022-09-22,1700.8660888671875,1703.6377337702845,1677.769048008046,1690.7033908891651,3507900
2022-09-26,1638.9661865234375,1667.6065201098108,1638.9661865234375,1664.8348749240329,6728100
2022-09-27,1633.4228515625,1653.748249036694,1626.0317979355204,1639.8900234861073,3862300
2022-09-28,1615.869140625,1667.606517340266,1596.4676243567753,1632.4990117120499,5737000
2022-09-29,1624.18408203125,1648.2050070214734,1612.1736195361384,1636.1945445263616,4034700
2022-09-30,1559.5123291015625,1608.4780598138746,1549.3496302744788,1607.5541781023214,7166900
2022-10-03,1627.87939453125,1630.6510393573533,1552.1211026177639,1552.1211026177639,6911800
2022-10-04,1658.36767578125,1674.0736649112116,1648.2049769324512,1671.3020197706303,5177800
2022-10-05,1666.6826171875,1683.3124880907012,1650.0527462842988,1680.5408429401675,4478700
2022-10-06,1696.2467041015625,1709.1810471611604,1674.073544570823,1676.8451895121655,4374900
2022-10-07,1683.3125,1695.3229624039518,1653.7482848518111,1663.9109838090012,4386600
2022-10-11,1650.052734375,1660.2154331869401,1621.4124013595324,1639.8900355630599,7431800
2022-10-12,1609.4017333984375,1642.6614707132157,1589.0763383727397,1633.422654792444,7317300
2022-10-13,1635.2705078125,1643.5854425979871,1602.9346503133827,1613.097348384534,5016800
2022-10-14,1677.7691650390625,1683.3124552319227,1646.3571872795205,1672.2258748462023,6732300
2022-10-17,1677.7691650390625,1681.4646918343028,1651.900477472381,1659.2915310628614,4371400
2022-10-18,1697.170654296875,1702.7139444034517,1672.2258488172804,1689.7796008214395,4564900
2022-10-19,1706.409423828125,1714.7243587574446,1678.6929740637268,1687.0079089930462,3156100
2022-10-20,1694.399169921875,1708.2573965024792,1677.76929802515,1707.3335147304388,3836500
2022-10-21,1700.8660888671875,1723.0392480919634,1695.3227990609935,1699.0183255984562,4174300
2022-10-24,1719.34375,1754.4512526867275,1718.4198683503491,1724.8870398979043,4308400
2022-10-25,1735.0498046875,1743.3647398537341,1716.5721709847578,1732.2781596320888,3548300
2022-10-26,1729.506591796875,1735.9737638815855,1717.496129353841,1723.9633014385518,2950800
2022-10-27,1739.6693115234375,1742.4409567356363,1722.1155585128454,1729.5066124120422,2207800
2022-10-28,1718.419921875,1735.9736737651208,1707.3333417338708,1729.506502016129,6414700
2022-10-31,1745.2122802734375,1762.7660300485543,1736.897346169435,1739.6689908707692,6962000
2022-11-01,1759.0706787109375,1759.9945603699243,1724.8870573284246,1746.136335485122,3337600
2022-11-02,1748.9080810546875,1766.461833585083,1736.8976187970482,1759.0707798880744,3690200
2022-11-04,1722.115478515625,1727.6587686825208,1698.0945544590766,1713.8005432652815,4796900
2022-11-07,1774.77685546875,1790.4828453401549,1746.1365209973646,1751.6798115402134,7458900
2022-11-08,1815.427490234375,1816.3513719087946,1779.3961049320135,1783.0916316296916,7972500
2022-11-09,1868.0887451171875,1909.6634204536233,1849.611111634327,1861.6215733981862,16459800
2022-11-10,1860.6976318359375,1867.1648033467875,1837.6005907257595,1849.611052103052,5843100
2022-11-11,1919.8262939453125,1956.7815642811222,1916.1307669117314,1932.7606385628458,11492900
2022-11-14,1881.0233154296875,1941.9995132776048,1875.4800247162405,1937.3801043497322,6468500
2022-11-15,1939.2276611328125,1946.618714629269,1884.7186415964447,1908.7395654599288,6525500
2022-11-16,1947.542724609375,1953.0860150968779,1898.5769919697655,1922.5979174156116,7851700
2022-11-17,1900.424560546875,1916.130548650568,1878.2514008710727,1889.3379807089739,8234500
2022-11-18,1875.479736328125,1914.2827653556033,1869.9364464670566,1912.4350020685806,6773600
2022-11-21,1904.1201171875,1909.6634071938681,1886.566365500667,1899.5007088488596,5299400
2022-11-22,1898.576904296875,1905.9679579389065,1889.3380872443354,1903.1963128231448,4052000
2022-11-24,1944.77099609375,1951.2381680522567,1924.4455985098723,1935.5321790101693,4650300
2022-11-25,1939.2276611328125,1941.9993061939838,1922.597790765785,1938.3037794457555,3186600
2022-11-28,1903.1964111328125,1926.2934549572396,1893.9575936030415,1922.5979279453313,4731100
2022-11-29,1887.490234375,1895.8051693281939,1875.4797727759421,1884.7185893906021,4046500
2022-11-30,1869.012451171875,1876.403503870528,1853.3064641872375,1870.8602143465382,6094000
2022-12-01,1915.20654296875,1922.5975957153732,1902.2722006621593,1915.20654296875,5583600
2022-12-02,1893.033447265625,1901.3483818802617,1884.7185126509883,1901.3483818802617,3828000
2022-12-05,1870.8604736328125,1889.338107940297,1869.012710202064,1884.718699363426,3178900
2022-12-06,1882.870849609375,1886.5663763014445,1844.0678193426459,1847.7633460347154,3208600
2022-12-07,1857.00244140625,1883.795013943952,1857.00244140625,1878.2517230740827,3466800
2022-12-08,1851.4588623046875,1863.4693239863047,1839.4484006230703,1858.8499156472212,3587400
2022-12-09,1869.012451171875,1870.8602143465382,1856.0781089492323,1857.0019905365639,3104400
2022-12-12,1848.687255859375,1854.2305459818917,1832.9812671789105,1845.9156107981164,3860900
2022-12-13,1864.3934326171875,1872.7083686397616,1853.3068512537552,1868.0889597383316,4321400
2022-12-14,1876.4036865234375,1889.3380300051354,1869.9365147825886,1875.4798048461735,3288700
2022-12-15,1863.469482421875,1876.4038268710106,1853.30678321184,1858.850073690041,2332800
2022-12-16,1839.448486328125,1842.220131460714,1816.3514435565514,1827.4380240869068,4887000
2022-12-19,1820.046875,1843.1439165609138,1820.046875,1831.1334549492385,3593800
2022-12-20,1759.0706787109375,1826.5140398169767,1746.136335485122,1817.2752232271082,7626800
2022-12-21,1729.506591796875,1759.9946887676533,1721.1916562593901,1746.136462871845,5139200
2022-12-22,1718.419921875,1747.9841355846772,1710.1049867691531,1744.2886088709677,4278700
2022-12-23,1682.388427734375,1696.2466520155479,1669.454085071947,1689.7794806843337,6321600
2022-12-26,1699.018310546875,1702.713837051599,1676.8451515185307,1676.8451515185307,3280000
2022-12-27,1698.0946044921875,1718.4200023696783,1687.0080238317378,1709.181185152637,4019200
2022-12-28,1684.236328125,1689.7796182888783,1671.3019844092842,1677.769156267142,6304800
2022-12-29,1675.7110595703125,1677.6055887501545,1656.765767771892,1670.0274720307864,5338600
2022-12-30,1664.3438720703125,1693.709074138713,1664.3438720703125,1684.2364283101967,3864800
2023-01-04,1667.185546875,1676.6581920276988,1635.9258178710936,1651.082050115412,4690500
2023-01-05,1695.603515625,1706.9706900314247,1679.500018549232,1680.4472830831007,4307500
2023-01-06,1722.126953125,1722.126953125,1681.394577446026,1686.130900199395,3939400
2023-01-10,1748.650146484375,1762.859113005104,1739.1775021372225,1760.0173197009583,4206500
2023-01-11,1770.4375,1774.2265583199573,1752.4394729802034,1753.3867375601926,3559900
2023-01-12,1767.5955810546875,1789.3826648511815,1767.5955810546875,1779.910019722271,3262800
2023-01-13,1770.4375,1792.224585339754,1757.17579588015,1759.0703250401284,4079800
2023-01-16,1740.125,1760.9648203592815,1724.9687670114317,1750.5449101796407,3566300
2023-01-17,1755.2811279296875,1760.017450455132,1734.4413088177323,1735.3885733228212,3111900
2023-01-18,1780.8572998046875,1811.169764482214,1755.2811577330244,1770.4373900717876,3847100
2023-01-19,1776.120849609375,1778.015378515625,1761.9118828125,1777.0681140625,2308800
2023-01-20,1778.015625,1778.9628895844432,1756.228539557805,1761.9121270644646,2175800
2023-01-23,1803.5916748046875,1812.117055620466,1791.2772358485631,1812.117055620466,3937200
2023-01-24,1866.111083984375,1882.2145806481997,1837.6931486952728,1839.5876777145463,7066700
2023-01-25,1877.4783935546875,1884.1092456005417,1856.638572839146,1868.005747774896,3462200
2023-01-26,1859.4803466796875,1888.8455482828817,1859.4803466796875,1881.267431740122,3269200
2023-01-27,1833.904052734375,1850.9548135552525,1812.116969463254,1845.2712266149601,7025700
2023-01-30,1832.009521484375,1832.9567859732501,1812.1169672179988,1821.5896121067494,3691500
2023-01-31,1809.275146484375,1825.3786425525604,1802.644295162181,1823.4841136033622,3937000
2023-02-01,1842.429443359375,1842.429443359375,1815.9060374909625,1822.5368889580654,4171300
2023-02-02,1874.636474609375,1874.636474609375,1847.16580368281,1870.8474165505386,4200600
2023-02-03,1874.636474609375,1905.8962035947764,1870.8474165505386,1904.0016745653581,4735100
2023-02-06,1867.0584716796875,1886.9510276945396,1867.0584716796875,1883.1619694059964,3295800
2023-02-07,1899.265380859375,1900.2126453884819,1874.636503102595,1884.109148393664,4473200
2023-02-08,1894.5291748046875,1915.3689957275392,1893.5819102172852,1908.7381436157227,4906800
2023-02-09,1886.9510498046875,1889.7928435543934,1872.7420810561582,1885.0565206382169,3775400
2023-02-10,1859.4803466796875,1864.2166695189123,1822.5370285337335,1847.165907297703,7974200
2023-02-13,1794.1190185546875,1847.165832197276,1790.32996043736,1823.4842189639776,6914000
2023-02-14,1839.5877685546875,1849.0604141188207,1826.3260647649008,1828.2205938777274,4986000
2023-02-15,1820.6424560546875,1843.3768051417387,1813.064339692337,1843.3768051417387,3877100
2023-02-16,1801.6971435546875,1821.5896987674364,1797.9080854189258,1799.8026144868065,4408600
2023-02-17,1769.4901123046875,1775.173699389178,1759.0702026497884,1770.4373768187693,5516200
2023-02-20,1774.2264404296875,1778.015498497877,1765.7010597762612,1766.6483242933086,2563500
2023-02-21,1765.7010498046875,1777.068223945061,1760.0174627345007,1776.1209594333632,3374200
2023-02-22,1748.650146484375,1759.070055266243,1732.5466510942156,1739.1775021372225,4676000
2023-02-24,1781.804443359375,1797.9079391260466,1755.2810385672099,1756.228303024073,5921200
2023-02-27,1776.120849609375,1778.015378515625,1750.544709375,1752.43923828125,4236200
2023-02-28,1779.9100341796875,1794.1190019884662,1772.3319180150054,1785.593621303199,3864300
2023-03-01,1801.6971435546875,1805.4862016904492,1778.9627947401173,1779.9100592740576,3651000
2023-03-02,1788.435546875,1817.8007491806804,1785.5937531034824,1811.1698970471398,4437300
2023-03-03,1795.0662841796875,1806.433458538609,1787.4881679404066,1805.486194008699,3096200
2023-03-06,1846.2186279296875,1846.2186279296875,1812.1171037606425,1814.9588974413962,4681900
2023-03-07,1837.6932373046875,1838.6405018599992,1823.4842689750121,1826.3260626409472,3381000
2023-03-08,1832.009521484375,1833.9040504621253,1816.853289662374,1823.4841410844995,3396900
2023-03-09,1840.534912109375,1861.3747309804025,1836.7458541328247,1858.5329374979897,3039000
2023-03-10,1830.1151123046875,1846.2186096696873,1810.2225567361581,1812.117085837923,4032400
2023-03-13,1822.536865234375,1825.3786586832853,1797.9079886771538,1802.644311092004,3289300
2023-03-14,1789.382568359375,1805.4860642101476,1775.1736014322228,1801.697006362907,3782700
2023-03-15,1797.9080810546875,1822.5369588773544,1793.1717583964823,1818.7479007507904,4449000
2023-03-16,1795.0662841796875,1803.5916649488786,1761.912025632833,1762.8592901627433,3774800
2023-03-17,1821.589599609375,1823.4841285741272,1791.2771361733376,1804.5388389266038,4449200
2023-03-20,1786.5408935546875,1831.0623262148522,1783.6990999806346,1830.1150616901677,4006900
2023-03-22,1781.804443359375,1802.6442614103619,1779.9099144456488,1798.8552035829098,3891500
2023-03-23,1810.22265625,1810.22265625,1773.2793367346937,1783.699247367216,3206900
2023-03-24,1850.954833984375,1871.7946529954581,1826.3259569712768,1828.2204859722845,6210500
2023-03-27,1845.2713623046875,1852.849478782325,1835.7987167076408,1849.060420543506,2946900
2023-03-28,1845.2713623046875,1858.5330661405528,1831.0623939091176,1847.1658914240968,2854200
2023-03-29,1845.2713623046875,1847.1658914240968,1822.5370128717755,1828.2206002300036,4244500
2023-03-30,1854.7437744140625,1872.7417987827382,1848.1129233308661,1869.9000054613684,3555900
2023-03-31,1876.5311279296875,1899.2654777885025,1863.2694238453787,1876.5311279296875,5488900
2023-04-03,1876.5311279296875,1893.5818903237987,1868.005746732632,1893.5818903237987,3585400
2023-04-04,1850.0078125,1887.8983974974399,1848.113283250128,1876.531221998208,4379000
2023-04-05,1830.1151123046875,1839.587757813511,1817.800673143217,1826.326054101158,4912800
2023-04-06,1790.3299560546875,1803.5916594328703,1777.0682526765047,1801.6971303788443,5737200
2023-04-07,1800.7498779296875,1813.0643168634517,1791.2772325960227,1791.2772325960227,3447300
2023-04-10,1797.9080810546875,1814.9588426242262,1792.2244938648414,1809.27525543438,2715000
2023-04-11,1837.6932373046875,1845.2713537471811,1822.5370044197005,1824.4315335303238,4016600
2023-04-12,1834.8514404296875,1839.5877631979624,1824.4315303394828,1830.1151176614128,2611300
2023-04-13,1821.589599609375,1825.3786575388797,1811.169690303237,1825.3786575388797,3225800
2023-04-14,1818.7479248046875,1831.062363878886,1806.433485730489,1831.062363878886,3028600
2023-04-17,1821.589599609375,1831.0622444331366,1816.853277197494,1825.3786575388797,2144800
2023-04-18,1808.3280029296875,1822.536970998805,1804.5389447779228,1818.7479128470404,3775800
2023-04-19,1806.4334716796875,1830.1150850997149,1805.4862071428865,1815.9061170476984,2939900
2023-04-20,1817.8006591796875,1828.2205691593522,1804.5389555692052,1806.433484656417,3532900
2023-04-21,1823.484130859375,1853.7965943334011,1820.642337408685,1823.484130859375,5264300
2023-04-24,1809.275146484375,1831.0622294001555,1804.5388241113792,1820.6423201795646,3073000
2023-04-25,1793.1717529296875,1820.6424242635285,1793.1717529296875,1814.0115725622566,3790800
2023-04-26,1762.8592529296875,1788.4353946970714,1758.122930380172,1783.6990721475559,6062200
2023-04-27,1761.912109375,1766.648432249664,1742.0195533014112,1758.123051075269,4096700
2023-04-28,1766.6483154296875,1768.542844454277,1741.0721735977295,1763.8065218928034,5704300
2023-05-01,1794.1190185546875,1797.9080766720153,1775.1737279680488,1789.382695908028,4400900
2023-05-02,1812.1171875,1818.7480397281756,1788.4355723993726,1793.1718954194982,3868500
2023-05-08,1806.4334716796875,1824.4314978789084,1795.0662972380744,1823.4842333421072,3788500
2023-05-09,1824.4315185546875,1832.009634934977,1815.906137626862,1825.3787831022237,3687800
2023-05-10,1804.5390625,1814.958973097113,1799.8027395013123,1808.3281208989501,4024500
2023-05-11,1787.48828125,1825.3788648483041,1786.5410166600425,1814.0116897688129,5379200
2023-05-12,1753.3865966796875,1763.8065062223545,1711.7069585090196,1711.7069585090196,10981200
2023-05-15,1752.439453125,1763.806627956081,1731.5996326013512,1752.439453125,4996900
2023-05-16,1763.806640625,1775.1738155377284,1754.3339948643932,1763.806640625,4126900
2023-05-17,1760.9647216796875,1766.6483087319082,1753.38660561006,1763.806515205798,3597800
2023-05-18,1808.3280029296875,1810.2225320055697,1777.068273177629,1780.8573313293937,7363000
2023-05-19,1850.954833984375,1878.4255044989845,1832.9568084748032,1858.532949988405,9488400
2023-05-22,1842.429443359375,1869.900113723088,1826.3259469392674,1851.9020883123794,4478900
2023-05-23,1843.376953125,1864.2167747944502,1834.8515715329522,1852.8495993383865,5433800
2023-05-24,1856.6383056640625,1856.6383056640625,1825.3785790891063,1832.0094301807637,4027400
2023-05-25,1927.683349609375,1940.9450532430515,1872.7420059841447,1877.4783287104576,12771300
2023-05-26,1982.624755859375,2015.7790159908027,1939.0505854009273,1946.6287020023965,11418900
2023-05-29,1988.3082275390625,2068.825711741454,1986.4136984990064,2065.98391818137,7861700
2023-05-30,1931.4722900390625,1993.9917462149222,1922.9469096514451,1975.9937209521747,7729100
2023-05-31,1886.003662109375,1919.1579203584097,1872.741958809761,1914.4215977514048,11230700
2023-06-01,1904.948974609375,1904.948974609375,1854.7439543934145,1871.7947159761934,6968000
2023-06-02,1909.685302734375,1920.1052126203265,1897.3708637782506,1915.368889944894,5883700
2023-06-05,1932.4197998046875,1941.4188135782879,1900.6864354451498,1928.1571090698242,5527700
2023-06-06,1921.9996337890625,1925.7886917166902,1894.528963813763,1899.738918464251,4911400
2023-06-07,1884.1092529296875,1927.6834236862314,1882.6883560571916,1921.9998361962473,7435300
2023-06-08,1892.160888671875,1906.8434888092538,1878.4255530594885,1885.0564047344337,5373800
2023-06-09,1901.6336669921875,1905.896357652942,1886.9510658273662,1899.2655055139905,4214500
2023-06-12,1901.159912109375,1912.0534542066634,1890.2663700120866,1906.3698670254694,4064200
2023-06-13,1937.156005859375,1957.9958259713096,1913.474392095813,1913.9480243710843,7393800
2023-06-14,1926.736083984375,1954.2067557815958,1909.2116899068378,1946.155007151376,7436700
2023-06-15,1952.785888671875,1975.9938703708617,1936.6823911664558,1946.1550367578789,7006800
2023-06-16,1975.99365234375,1975.99365234375,1930.9985907491537,1948.9966153869923,6412100
2023-06-19,1936.2086181640625,1960.8374949117463,1925.315076525664,1959.8902304214507,6444600
2023-06-20,1960.3641357421875,1960.3641357421875,1923.4208154745165,1927.6835062746322,3897700
2023-06-21,1958.46923828125,1958.9428705033251,1939.0503171761638,1947.5756971735186,4689600
2023-06-22,1907.317138671875,1939.5241328188051,1906.8435064050084,1922.9470034784736,6520800
2023-06-23,1917.737060546875,1939.524144959114,1896.4236084044671,1930.5251318323196,5325200
2023-06-26,1984.5191650390625,2010.5689392818188,1943.786790768571,1949.4703778760816,13618400
2023-06-27,1948.0494384765625,1983.5718571212847,1923.8941937981515,1983.5718571212847,6771400
2023-06-28,1955.627685546875,1955.627685546875,1924.8415873244126,1925.788851885104,8047000
2023-06-29,1969.6480712890625,1991.887592958011,1957.5613747298512,1963.846456940641,5630400
2023-06-30,1960.9456787109375,1965.2968895364795,1941.1234960612462,1964.3299537974704,4743400
2023-07-03,1976.416748046875,2000.1066748214093,1973.5159406867278,1985.1191701273162,4390700
2023-07-04,1974.48291015625,1993.821626220464,1969.1647632385911,1973.0325064514338,3625900
2023-07-05,1991.404296875,1995.7555080116533,1973.0325165202416,1977.8671955609675,3401100
2023-07-06,1952.726806640625,1979.8010084657983,1952.726806640625,1966.2639075532118,4854300
2023-07-07,1933.8717041015625,1960.9459079589844,1933.8717041015625,1946.4418701782226,4250700
2023-07-10,1912.598876953125,1958.044856334721,1911.6319412216017,1956.594452737436,4728900
2023-07-11,2003.4908447265625,2080.362235728378,1988.986808688484,2008.325523405922,22177400
2023-07-12,1959.9788818359375,1994.7885709065315,1930.0038718029261,1990.4373597727072,7921000
2023-07-13,1993.821533203125,2008.809037453682,1961.9126531858103,1982.2183041059197,5793500
2023-07-14,2020.8956298828125,2044.585554730721,2002.0403835752934,2009.2924013858778,7615700
2023-07-18,2034.91650390625,2098.7342702440083,2031.0487604918405,2049.9040096370873,7465900
2023-07-19,2044.585693359375,2048.93690434075,2024.2800421129589,2044.585693359375,4690100
2023-07-20,2037.3336181640625,2070.209433549719,2032.0154715575593,2062.4739475766232,5556000
2023-07-21,1983.668701171875,2006.3916914119623,1976.4166830101449,1988.9868478238102,6221500
2023-07-24,1983.185302734375,2002.5240185094542,1977.3836880018512,2000.5901469319463,3436100
2023-07-25,1981.73486328125,2009.2925327633263,1979.3175238529975,1998.656239279016,4157800
2023-07-26,1976.416748046875,2001.0736106081251,1973.5159406867278,1994.788527994473,3471000
2023-07-27,1974.48291015625,1978.834121270698,1950.7929829775878,1955.144194092036,5390700
2023-07-28,1997.205810546875,2002.0404893426796,1966.2638662537256,1967.2308020128864,8836600
2023-07-31,2001.55712890625,2017.995037694369,1998.1728535675197,2011.2264870169083,5226200
2023-08-01,2019.9287109375,2023.7964538019087,1995.7553180349448,2008.3254823442735,3009700
2023-08-02,1969.6480712890625,2007.84203241617,1965.2968605277465,2006.3916288290645,4890000
2023-08-03,1940.1566162109375,1950.7929096464325,1928.069919125148,1943.5408913949586,4774500
2023-08-04,1925.169189453125,1933.3881438028745,1913.56595978289,1933.3881438028745,3376600
2023-08-07,1920.81787109375,1923.23521047343,1896.1610094210137,1915.016256582518,3169700
2023-08-08,1900.02880859375,1940.1566434826257,1891.3263865696565,1939.1897077021708,7242900
2023-08-09,1900.02880859375,1922.2683315442112,1855.0662948026002,1871.5042030703326,6878000
2023-08-10,1880.20654296875,1900.5121934713698,1869.5702498483304,1896.6444505184897,5144900
2023-08-14,1842.9796142578125,1869.5703484614273,1841.5292105739788,1862.3183300422595,5387600
2023-08-15,1837.661376953125,1872.954531522338,1834.7605697282581,1868.1198528142265,5386500
2023-08-16,1818.3226318359375,1844.913364287673,1817.8391639731788,1833.79360344422,3844400
2023-08-17,1855.06640625,1862.318425039093,1827.5087348514464,1846.8474516223612,6844100
2023-08-18,1860.38427734375,1863.7685522765478,1835.7274171190797,1845.8802419174733,3850100
2023-08-21,1858.93408203125,1871.987715377113,1851.6820635057704,1859.4175499329485,2526800
2023-08-22,1888.4256591796875,1890.3595308224728,1874.4050897694954,1885.5248517155098,4012600
2023-08-23,1892.29345703125,1892.29345703125,1866.6696570254614,1881.6571626892246,2729100
2023-08-24,1886.97509765625,1938.7061597749328,1885.0412261751778,1924.2021236668909,5517600
2023-08-25,1875.85546875,1883.5909552190722,1843.4631191607602,1848.2977982039304,4755200
2023-08-28,1896.1611328125,1903.896619330858,1883.1074993127709,1885.5248388497578,3059700
2023-08-29,1875.85546875,1907.2808825306056,1873.921597132732,1902.9296713917527,3571900
2023-08-30,1872.47119140625,1903.4131372492657,1868.1199802720757,1903.4131372492657,4142600
2023-08-31,1882.6241455078125,1892.2935042418023,1877.7894661408177,1886.975356938108,3643600
2023-09-01,1890.3594970703125,1898.0949835033366,1878.7562674207759,1882.6240106372882,2578600
2023-09-04,1913.0823974609375,1918.4005441306547,1904.3799756377641,1910.6650580656117,3442000
2023-09-05,1912.598876953125,1912.598876953125,1894.7105659199435,1912.1154090873633,2363700
2023-09-06,1931.937744140625,1939.1897626997113,1924.2022576775994,1924.6857255815385,3783600
2023-09-07,1915.4998779296875,1923.7188324791082,1908.2478592096104,1919.3676212470618,3348600
2023-09-08,1889.392578125,1918.8841204140545,1880.690155810197,1915.983312975787,4302400
2023-09-11,1866.18603515625,1886.9751542007366,1864.252163617228,1883.1074111226926,3584600
2023-09-12,1875.3720703125,1875.3720703125,1858.4506930346095,1864.7357760235402,3131900
2023-09-13,1882.1405029296875,1893.2602644419874,1865.2191267153185,1865.7025946071576,5117300
2023-09-14,1925.169189453125,1936.7724191233597,1888.909096733641,1892.2933720541264,6053100
2023-09-15,1948.3756103515625,1959.4953718994745,1929.0368946160631,1957.5615003259247,5665600
2023-09-19,1918.8839111328125,1933.8714145959311,1912.1153611817267,1922.2681861083554,5219700
2023-09-20,1921.3013916015625,1934.8384924986042,1910.6650980396012,1929.0368778284435,4006700
2023-09-21,1912.115478515625,1924.6856434818465,1906.3138639158303,1918.884028882052,2916000
2023-09-22,1918.4005126953125,1930.9706773450298,1899.0617978495936,1900.5122014630226,3889500
2023-09-25,1929.0367431640625,1930.9706145857808,1909.6980289468788,1917.916982489182,3653300
2023-09-26,1873.4381103515625,1927.10304719002,1868.1199634576612,1927.10304719002,5780700
2023-09-27,1885.524658203125,1887.9419975085136,1851.1984400666067,1853.1323115109176,3706500
2023-09-28,1880.6900634765625,1894.7106320731746,1871.5041737063686,1883.5908707724134,2709200
2023-09-29,1884.557861328125,1898.094962435664,1882.140521844636,1887.9421366050099,3574400
2023-10-02,1915.9833984375,1940.1567948346424,1887.458790688872,1890.3595982565291,5356400
2023-10-03,1877.3057861328125,1904.86345541161,1869.0868321373819,1904.86345541161,4642100
2023-10-04,1821.2235107421875,1851.1985194138138,1816.8722998059839,1850.7150515320134,5723200
2023-10-05,1858.4505615234375,1860.8679009635046,1823.640873586474,1839.1118460029022,3348700
2023-10-06,1847.330810546875,1863.2852509415484,1838.628388513417,1842.4961316393983,3238500
2023-10-10,1868.119873046875,1872.9545518073483,1843.4630113684611,1844.9134149966033,3429500
2023-10-11,1880.6900634765625,1884.557806537697,1862.3182839361746,1870.5372379410849,3613100
2023-10-12,1954.1771240234375,1957.561399102152,1910.6650158685366,1919.3674374995169,7751400
2023-10-13,1939.6732177734375,1970.1316955201291,1931.9377313615794,1953.2103189941895,4252400
2023-10-16,1904.8634033203125,1921.301310861655,1890.3593672544216,1916.466632173025,4252100
2023-10-17,1914.53271484375,1938.2226398506548,1903.8964219835068,1933.871429135101,2704700
2023-10-18,1925.6527099609375,1930.4873891222755,1899.0619745735783,1900.0289104058459,2901700
2023-10-19,1883.5909423828125,1902.4461905226815,1874.8885201644114,1900.02885101757,4175700
2023-10-20,1888.9090576171875,1893.743736546333,1857.483644577741,1871.9876813651779,4298400
2023-10-23,1887.4586181640625,1900.0287831415897,1877.7892604890417,1887.9420860478135,3697300
2023-10-24,1871.020751953125,1903.4131008887475,1847.8142930141714,1898.0949540485708,4083000
2023-10-25,1863.768798828125,1893.2603414295556,1854.5829085096466,1880.6901757305852,2618600
2023-10-26,1788.34765625,1807.2029032339822,1771.9097486229387,1779.1617666937009,9279600
2023-10-27,1853.6158447265625,1863.2852022890381,1812.0376072079177,1813.0045429641652,7706000
2023-10-30,1852.1654052734375,1875.8553308433666,1844.4299193730524,1846.8472587169229,4996200
2023-10-31,1871.020751953125,1880.6901098443557,1852.1655040652252,1868.1199445857558,5502800
2023-11-01,1913.0823974609375,1914.5328010981332,1888.9090035076783,1895.677553814591,6330600
2023-11-02,1960.46240234375,1967.7144210947133,1944.0244931748998,1946.9253006752851,6879100
2023-11-06,1992.371337890625,2030.565304329198,1990.437466172216,2008.8092474970995,7879000
2023-11-07,1975.44970703125,1999.623100411466,1972.5488998256242,1974.4827712960414,4032400
2023-11-08,1950.3095703125,1983.1853885527703,1931.4543216158745,1978.3507093997894,6958400
2023-11-09,1996.2388916015625,2010.2594602274878,1885.5247462451184,1885.5247462451184,11703300
2023-11-10,1988.02001953125,1988.02001953125,1922.751852547612,1963.8466243521248,8088300
2023-11-13,2045.069091796875,2063.92433874252,2015.5775517024047,2033.4658629072474,10239500
2023-11-14,2016.06103515625,2053.2880614648907,2007.8420812959007,2046.0360433528176,5349600
2023-11-15,2085.680419921875,2098.250584715099,2045.069118282228,2049.9037970488525,7792700
2023-11-16,2102.1181640625,2104.535503257604,2068.275415331043,2087.6141288918757,4684400
2023-11-17,2083.746337890625,2096.316501413863,2065.3745604335845,2076.010852645555,4862100
2023-11-20,2066.341796875,2109.85390771233,2061.023649994882,2100.184549748479,3796400
2023-11-21,2050.38720703125,2092.44891111324,2040.7178497710224,2092.44891111324,3648700
2023-11-22,2053.288330078125,2053.7717980155107,2019.9290423984944,2035.400016394845,2841000
2023-11-24,2044.585693359375,2079.8788490971933,2033.9493998493476,2062.474005171694,4110700
2023-11-27,2078.911865234375,2104.052194767442,2060.056618084575,2078.428397358739,6715600
2023-11-28,2075.0439453125,2113.721372065762,2054.7382962670376,2109.853629390436,4043200
2023-11-29,2079.87890625,2083.7466494508367,2060.056722345711,2069.242612447699,3318200
2023-11-30,2143.213134765625,2150.465153042522,2086.163924320702,2090.51513528684,8415100
2023-12-01,2104.535888671875,2129.676220905033,2092.9326584104174,2106.469760382118,5231300
2023-12-04,2092.932373046875,2106.952941034484,2066.8251085182237,2093.4158409085167,4531500
2023-12-05,2025.73046875,2081.81274425716,2017.9949824731502,2080.3623405802505,5896400
2023-12-06,2017.02783203125,2038.3004170287034,2013.6435571452917,2016.0608963495476,5006800
2023-12-07,1983.668701171875,2008.8090307992056,1970.615068480761,2000.5900768825782,4918200
2023-12-08,1975.44970703125,1999.623100411466,1965.7803496791637,1967.714221149581,5161800
2023-12-11,1982.7017822265625,2010.7429193563212,1974.9662961218014,1999.623158080727,3474100
2023-12-12,2006.8751220703125,2049.9037623652434,1999.1396361745947,2030.5650476259486,6217500
2023-12-13,2046.5196533203125,2071.176516613328,2025.7305332889462,2029.1148086428896,4987200
2023-12-14,2076.494384765625,2194.4605384053953,2076.494384765625,2127.258508258149,12371500
2023-12-15,2115.655517578125,2133.0603618726436,2085.680507959788,2087.6143795480675,6129600
2023-12-18,2120.490234375,2131.609996205968,2101.634986052924,2115.6555553180574,3261900
2023-12-19,2113.7216796875,2141.7628181645987,2100.668046258506,2115.65555130661,4026600
2023-12-20,2113.7216796875,2140.312414450266,2103.0853857823936,2127.7422489260493,3347600
2023-12-21,2068.275390625,2099.2173319527233,2064.4076479590344,2090.5149109543013,3101900
2023-12-22,2073.593994140625,2114.2053010904533,2072.627058260867,2109.854089631543,3307400
2023-12-25,2070.20947265625,2086.1639127771414,2052.804628888005,2079.878830305275,2229400
2023-12-26,2070.20947265625,2073.1102799509576,2061.990518654579,2069.2425368913478,1956400
2023-12-27,2065.375,2065.375,2065.375,2065.375,531500
2023-12-28,2061.4833984375,2072.1848224029613,2050.2955461099723,2053.7005446444373,2093900
2023-12-29,2057.105712890625,2058.5649980972157,2040.5671472159308,2048.350001651081,2330800
2024-01-04,2033.757080078125,2038.1349355482764,2010.894945956223,2029.3792246079736,3768600
2024-01-05,2002.6256103515625,2036.1891680669519,1990.9513294070791,2031.3248843400838,5093500
2024-01-09,2032.7841796875,2055.159884943692,2021.1098986842696,2046.4041741912688,4569600
2024-01-10,2051.2685546875,2061.483551047101,2022.569279201002,2033.2707039586792,4929900
2024-01-11,2112.558349609375,2121.8004883711933,2064.4019423767413,2071.6983677150192,6307700
2024-01-12,2221.031982421875,2222.9776959412984,2145.1491551643603,2158.2827214204685,10387800
2024-01-15,2244.38037109375,2264.3239331255754,2231.733234195519,2234.651804248957,1639400
2024-01-16,2262.864990234375,2294.9692656762213,2238.5435694450975,2245.353567266095,6157500
2024-01-17,2263.837890625,2364.5285746300224,2263.837890625,2295.9421666845724,10896500
2024-01-18,2265.297119140625,2302.265678525355,2247.299267861217,2247.785696274174,6038400
2024-01-19,2382.526123046875,2420.4675353779603,2353.3404212537325,2383.498979773313,12621100
2024-01-22,2402.956298828125,2452.5719956865196,2398.0920148224,2427.2777188567497,7002600
2024-01-23,2348.47607421875,2385.4446288253416,2337.288222166755,2381.553202024648,7486800
2024-01-24,2342.638916015625,2358.2046230987853,2312.4803585420023,2358.2046230987853,4727400
2024-01-25,2315.885498046875,2358.2047667572465,2288.159080615942,2355.77262487734,7209600
2024-01-26,2210.81689453125,2237.084025951423,2162.174058567966,2173.848339199154,11429500
2024-01-29,2196.71044921875,2211.789728210287,2155.3640390806645,2162.1740360445847,5953500
2024-01-30,2214.708251953125,2240.002525860782,2200.6018299661623,2240.002525860782,4892000
2024-01-31,2194.764892578125,2200.602033249875,2162.1741904941855,2166.065617608686,3860500
2024-02-01,2162.66064453125,2186.00920749515,2138.8256531722686,2173.848497618119,5802100
2024-02-02,2191.84619140625,2216.167609420079,2180.6583391198888,2183.576909281548,4057700
2024-02-05,2181.63134765625,2235.138471010138,2179.199205685619,2225.896331521739,3805000
2024-02-06,2179.19921875,2209.3577793666295,2179.19921875,2197.6834978376114,3458400
2024-02-07,2198.65625,2232.7062361725666,2183.5769704092922,2195.737679756637,4972800
2024-02-08,2215.19482421875,2243.8940984016454,2177.25341089221,2201.0884013152927,5629500
2024-02-09,2262.37841796875,2275.5119843598823,2220.0591484862125,2227.8420026439208,5863900
2024-02-13,2246.8125,2272.593201991773,2195.2510960164536,2260.4324935050877,8284800
2024-02-14,2216.16796875,2235.138677876701,2189.41440459696,2198.170116501591,5797000
2024-02-15,2299.3466796875,2333.3966622510975,2113.0446322323883,2118.881772100434,20386200
2024-02-16,2178.712646484375,2320.263300676595,2135.4205220063423,2320.263300676595,17111100
2024-02-19,2150.013427734375,2184.063414146458,2134.4477196602797,2166.551992563101,5708500
2024-02-20,2185.522705078125,2202.5476983293456,2139.312009110526,2157.7962874975656,5918000
2024-02-21,2141.744140625,2184.063409358676,2135.420571733761,2141.744140625,5372800
2024-02-22,2216.16796875,2229.3015366069467,2154.877985417581,2190.387261475252,8456100
2024-02-26,2309.56201171875,2362.582706596034,2278.430594543097,2283.2948784767927,11746200
2024-02-27,2271.13427734375,2314.4264064256936,2264.8107079272863,2304.2114096760215,4809800
2024-02-28,2282.322021484375,2323.182006523737,2242.4348932316643,2252.163461098179,4353200
2024-02-29,2280.3759765625,2313.4531025024,2234.165285911169,2263.83741359255,4780300
2024-03-01,2335.342529296875,2338.261099423053,2285.2404087974837,2293.023262467292,4895500
2024-03-04,2428.25048828125,2476.893326588166,2376.689079675919,2399.0647852971,11026100
2024-03-05,2460.354736328125,2467.6511619993234,2383.985480969581,2403.9290444708568,6075800
2024-03-06,2423.87255859375,2423.87255859375,2378.1482919857203,2402.4697103942467,6191600
2024-03-07,2415.60302734375,2501.7008396353012,2415.60302734375,2490.51298832058,7696200
2024-03-08,2405.87451171875,2470.5694793812236,2401.0102284358572,2432.141641446371,6018700
2024-03-11,2325.614013671875,2360.636855961014,2298.8604535898935,2320.2633016554787,5506300
2024-03-12,2339.720703125,2358.204983108108,2300.8064294763512,2310.5349978885133,5710200
2024-03-13,2334.856201171875,2405.3883155822755,2327.0733471679687,2364.0419036865233,4375900
2024-03-14,2366.473876953125,2368.419590315471,2277.457490625803,2308.10247608275,5083400
2024-03-15,2268.21533203125,2322.208877357321,2264.810333677354,2313.9395956407157,6944600
2024-03-18,2307.615966796875,2309.56168009097,2261.8917043856386,2261.8917043856386,3502300
2024-03-19,2325.614013671875,2344.5847199118252,2296.914740129386,2334.8561526092867,3622000
2024-03-21,2432.1416015625,2473.4880087890624,2391.7680509765623,2422.8994634765627,8142200
2024-03-22,2432.1416015625,2480.2980052734374,2431.6551732421876,2467.6508689453126,4893000
2024-03-25,2358.691162109375,2451.1125522518337,2356.259020263521,2435.060416069196,4904800
2024-03-26,2352.85400390625,2410.252551034829,2348.476148616782,2383.4989909325254,4349400
2024-03-27,2335.342529296875,2359.663947015026,2325.613962209615,2354.313235117033,3969400
2024-03-28,2316.8583984375,2348.9626718569575,2305.6705455792044,2334.856248687802,3814900
2024-03-29,2341.1796875,2342.638972574278,2306.643274075421,2329.991835263869,1427600
2024-04-01,2298.860595703125,2352.8541475700413,2280.376316685622,2349.9355771988567,4174900
2024-04-02,2401.010498046875,2410.7390657050873,2333.883381205208,2343.6119488634204,6780000
2024-04-03,2436.519775390625,2492.945467933111,2354.313378496831,2369.879086784413,9094400
2024-04-04,2538.18310546875,2549.85738575454,2460.840998575394,2469.110280444495,8879500
2024-04-05,2462.300537109375,2526.509085291603,2456.949824760856,2502.1876655256074,6705200
2024-04-08,2455.490478515625,2515.8075980354224,2444.789054084693,2490.5133221077654,4966800
2024-04-09,2487.594970703125,2523.590674229138,2463.2735494017647,2471.542832644227,4526000
2024-04-10,2497.809814453125,2504.1333836036392,2462.7869699272,2487.5948181330637,3750700
2024-04-11,2516.7802734375,2533.80526562349,2420.4674604996135,2448.6803046935397,5949200
2024-04-12,2548.398193359375,2611.1474521765845,2531.3732006570317,2578.0703234977454,5262300
2024-04-15,2576.124755859375,2576.124755859375,2514.834778661814,2519.6990625663825,3182700
2024-04-16,2480.78466796875,2546.93892578125,2472.028957375919,2544.0203555836397,4321200
2024-04-17,2453.544677734375,2510.456796547801,2446.2482522454743,2496.836802301853,4881200
2024-04-18,2468.6240234375,2491.4861572506156,2415.6033301262314,2455.004028825431,4104000
2024-04-19,2297.4013671875,2423.3863246513074,2279.403516121242,2416.576326950561,11088400
2024-04-22,2249.7314453125,2293.5100031672296,2214.708599028716,2284.2678631756758,6602400
2024-04-23,2218.11328125,2298.860387541118,2188.4411518297698,2298.373959189967,5767100
2024-04-24,2276.97119140625,2292.0504708195363,2239.0297786889487,2261.4054836247933,6406800
2024-04-25,2217.626953125,2282.321926752029,2212.2762410205087,2246.8126555131334,4190300
2024-04-26,2318.80419921875,2355.772757880513,2262.864932822661,2300.8063482913126,8714700
2024-04-30,2319.29052734375,2366.474080437782,2308.589102930671,2360.6369398488296,5076100
2024-05-01,2307.615966796875,2319.77667488497,2277.4574107384,2292.0502604441135,2938100
2024-05-02,2321.72265625,2327.073368426566,2263.8376790671487,2276.484816939032,3325900
2024-05-07,2342.638916015625,2382.526040416223,2296.914651458842,2382.526040416223,5199300
2024-05-08,2353.34033203125,2384.4717460969796,2318.317491207304,2325.1274880341825,4505800
2024-05-09,2326.1005859375,2364.042000764586,2309.5620205000523,2329.9920130992523,4872800
2024-05-10,2520.671630859375,2594.1223094120123,2446.2480956371664,2558.613040972658,17189700
2024-05-13,2465.218994140625,2553.7489580186034,2446.7347159683,2520.6718286576006,7165700
2024-05-14,2445.275634765625,2503.160615974519,2416.576358367938,2493.4320477041165,4968100
2024-05-15,2441.3837890625,2485.648767106869,2428.2502241482366,2445.2752157037635,3118400
2024-05-16,2442.843017578125,2461.3272936967965,2419.4944582703292,2441.8701609403,4666900
2024-05-17,2407.8203125,2431.65530145202,2375.7160416666666,2406.361027462121,5012900
2024-05-20,2410.25244140625,2426.791005080884,2386.4174525810417,2393.227449388244,3865900
2024-05-21,2353.826904296875,2437.9790130886418,2351.3947624242805,2406.3611687449143,4828700
2024-05-22,2333.396728515625,2350.9081486170558,2308.102455035781,2350.9081486170558,4556700
2024-05-23,2338.261474609375,2400.037885525828,2338.261474609375,2388.363603147916,5492800
2024-05-24,2298.3740234375,2308.1025907324733,2271.134035011574,2303.7247354497354,4881500
2024-05-27,2286.21337890625,2300.31980188248,2271.1340991730385,2297.8876599900263,3265100
2024-05-28,2299.3466796875,2312.966672712939,2271.620265314285,2286.213114984398,4140200
2024-05-29,2295.94189453125,2327.073310050318,2287.186183916512,2309.5618888208423,3763800
2024-05-30,2264.32421875,2272.5935016111707,2226.8692316729325,2263.837790346402,3808900
2024-05-31,2293.996337890625,2302.265620703208,2247.299211419569,2247.299211419569,4842800
2024-06-03,2293.509765625,2303.724761399788,2276.48477266702,2293.509765625,2836200
2024-06-04,2324.15478515625,2347.989775627714,2276.4848042133212,2293.5097974072246,4582400
2024-06-05,2238.54345703125,2318.804141605382,2233.192744726308,2315.3991428658737,5547300
2024-06-06,2240.4892578125,2283.7813863286337,2234.165688478683,2276.971388584523,3585600
2024-06-07,2242.434814453125,2259.9462359976615,2216.6541105125575,2241.4619577006506,3550800
2024-06-10,2328.046142578125,2328.5325709405524,2242.434750790881,2242.434750790881,4479000
2024-06-11,2320.263427734375,2350.4219880110063,2320.263427734375,2335.342707872691,3172800
2024-06-12,2330.478271484375,2357.7182596294647,2299.346856461415,2300.8061415406164,3643300
2024-06-13,2396.146240234375,2406.8476647746015,2339.720547204089,2374.25696276573,6870800
2024-06-14,2351.394775390625,2401.010469865148,2328.046213284967,2395.6597577159346,4496200
2024-06-17,2282.808349609375,2334.3697570371596,2275.025495658011,2333.8833286651993,3642200
2024-06-18,2338.261474609375,2362.096467797613,2313.9400529887243,2315.399338285963,3548000
2024-06-19,2348.47607421875,2386.417485525515,2340.6932206173624,2372.7974917230868,2680600
2024-06-20,2338.261474609375,2362.096467797613,2324.1550500693975,2348.4764716900486,2421800
2024-06-21,2303.724853515625,2332.4241285066346,2293.5098573323844,2323.1819891027503,3347700
2024-06-24,2290.104736328125,2315.8854396045463,2286.6997377821826,2303.2383021481887,2603600
2024-06-25,2274.5390625,2308.102620094632,2258.973354630026,2277.944061096557,3903400
2024-06-26,2294.96923828125,2304.2113780708523,2250.2178245631753,2289.132097361501,3280900
2024-06-27,2248.462890625,2301.8228851989443,2243.0779370441433,2293.500684210347,4385100
2024-06-28,2267.065185546875,2282.7305031753567,2252.378950270173,2281.261879647687,2795900
2024-07-01,2292.521240234375,2312.102886531487,2266.575558890702,2294.968946021514,3836900
2024-07-02,2296.92724609375,2307.2076110059343,2253.3580805135402,2292.031834230805,3636200
2024-07-03,2410.500732421875,2410.500732421875,2303.780756859737,2304.27029803204,5891700
2024-07-04,2414.90673828125,2445.747833864408,2405.6054554863294,2423.228938676705,3926000
2024-07-05,2400.7099609375,2441.3418791181307,2396.7936314743065,2410.990325778382,2916700
2024-07-08,2379.170166015625,2399.241354658967,2363.0153068636673,2388.9609897440846,3030400
2024-07-09,2420.78125,2433.5093212841257,2372.3166708796766,2388.9610717896867,3681800
2024-07-10,2444.279052734375,2444.279052734375,2391.8981477388656,2403.6471357752416,3684500
2024-07-11,2588.2041015625,2593.5890542988695,2502.044857780582,2505.9611870433964,10615400
2024-07-12,2519.178955078125,2542.67693211733,2487.8483190258517,2490.296024967435,6011400
2024-07-16,2588.693603515625,2588.693603515625,2508.408854843809,2535.8231592683314,3953800
2024-07-17,2607.296142578125,2615.618342056876,2526.03231237385,2550.5093696642944,4870300
2024-07-18,2494.701904296875,2515.2626342773438,2454.0699855259486,2480.0156685965403,7184600
2024-07-19,2537.2919921875,2544.1455688594324,2475.6098021401094,2506.4508971638047,4683600
2024-07-22,2461.902587890625,2562.258529532617,2461.4130467118835,2548.551376527857,4377000
2024-07-23,2446.726806640625,2519.1789009549134,2441.3418536848335,2507.9194538655306,3642100
2024-07-24,2396.793701171875,2466.3085511650133,2396.793701171875,2437.4256205340616,3243500
2024-07-25,2233.286865234375,2331.684642505771,2212.726135655277,2330.216018964407,8559900
2024-07-26,2292.03173828125,2329.726408047943,2251.889362685551,2259.7220213383703,8449100
2024-07-29,2451.132568359375,2469.245591133351,2356.6511252410687,2370.358277610564,6834700
2024-07-30,2412.948486328125,2441.341874887068,2379.6596859486745,2402.1785803230086,6176100
2024-07-31,2441.342041015625,2465.3295605684157,2348.818751312005,2370.35856478798,4098600
2024-08-01,2387.98193359375,2457.0072416373578,2371.337533072596,2434.977888006419,5979100
2024-08-02,2093.278076171875,2238.182264793689,2073.696429060819,2234.2659353714776,9461500
2024-08-05,1864.662353515625,1951.3111423243058,1638.4943284895764,1711.4359642663755,12755700
2024-08-06,1967.95556640625,2022.7841792016482,1852.913387773049,1992.4326256899099,8606800
2024-08-07,1962.0810546875,2047.2612202353107,1870.0473126013599,1879.838136227545,9977500
2024-08-08,1651.7119140625,1674.7203491428015,1472.5398451393005,1472.5398451393005,26881900
2024-08-09,1530.7952880859375,1652.2015021714228,1472.5398869723376,1652.2015021714228,25145100
2024-08-13,1584.6448974609375,1624.7872766984403,1536.1803176498058,1554.782883637917,12539000
2024-08-14,1621.8499755859375,1641.9211645382538,1562.125949922948,1615.4859400644714,12341000
2024-08-15,1670.314453125,1697.7287583345546,1635.5570304486005,1654.6491358623975,9136200
2024-08-16,1737.381591796875,1772.1390144560967,1702.1346279734387,1748.1514974095915,10133200
2024-08-19,1732.9759521484375,1779.971910172802,1714.3733854304598,1737.871364442642,7240700
2024-08-20,1775.076416015625,1788.7835698072515,1752.5575205008101,1763.3274270513737,5377400
2024-08-21,1741.7874755859375,1766.7540751516717,1724.6535347074923,1751.578298945049,5816600
2024-08-22,1750.1097412109375,1777.0345064603364,1739.8293762975304,1744.7247881610576,4759500
2024-08-23,1769.201904296875,1790.252175986074,1746.1934677993781,1750.5993386180478,4849700
2024-08-26,1705.5614013671875,1767.7331286845333,1678.636637568337,1752.5573527251813,7349500
2024-08-27,1697.7288818359375,1703.6033762367538,1665.4191626314473,1675.2099866328078,4957800
2024-08-28,1659.0550537109375,1671.2935831717734,1634.088453610832,1641.921112465767,6459800
2024-08-29,1616.4649658203125,1641.921107014333,1608.632306991383,1630.661659947747,7023800
2024-08-30,1634.08837890625,1654.6491074604928,1619.402144224648,1625.276638097289,4968500
2024-09-02,1649.26416015625,1695.7705701339419,1646.8164543679504,1673.2516768815858,4492300
2024-09-03,1603.7369384765625,1652.6910574776784,1600.7996913364955,1644.8583984375,4860100
2024-09-04,1484.288818359375,1536.1801820619125,1482.8201948583596,1517.5776177157197,10844700
2024-09-05,1464.2177734375,1498.4856584728143,1449.531536993794,1476.4563038072552,8796700
2024-09-06,1469.6026611328125,1478.4144026052943,1442.677895522451,1474.0085318690535,6042200
2024-09-09,1454.916259765625,1459.3221300004468,1396.6608644385358,1401.0667346733576,7711500
2024-09-10,1439.2510986328125,1469.6026524135045,1427.5021100725446,1468.623570033482,4556900
2024-09-11,1396.1715087890625,1447.0837938220438,1387.359767148739,1424.5648985189944,5915400
2024-09-12,1421.137939453125,1467.1548069380005,1408.4098697232657,1449.041784630124,6333000
2024-09-13,1423.5858154296875,1440.2302162978476,1411.34728537957,1417.7113210056311,3873800
2024-09-17,1367.7781982421875,1407.9205791497966,1353.5815025553502,1400.087919460507,6300100
2024-09-18,1428.4810791015625,1433.3764906132196,1385.4014577989794,1397.1504454269566,6652700
2024-09-19,1420.6484375,1449.0418246037216,1415.7530259303928,1449.0418246037216,4782900
2024-09-20,1464.707275390625,1480.8621350456688,1444.1465449205693,1456.3850749622693,6767500
2024-09-24,1446.104736328125,1486.2471156033132,1440.7197830107216,1484.2889507606212,4266800
2024-09-25,1447.083740234375,1470.092175887628,1435.3347518156927,1449.041904970822,5093900
2024-09-26,1507.786865234375,1507.786865234375,1475.9666878836495,1485.2679704938616,6425300
2024-09-27,1544.991943359375,1548.4187315734166,1505.8286494846127,1527.3684611157319,6061700
2024-09-30,1509.7449951171875,1542.0547129115243,1500.4437127218482,1505.828665687571,6313800
2024-10-01,1558.2095947265625,1561.1468418419754,1521.983546969803,1522.4730881557052,4271100
2024-10-02,1548.9083251953125,1556.2514430454798,1514.6404418945312,1519.0463126046316,4337000
2024-10-03,1599.820556640625,1601.2891801626329,1565.0631332864377,1578.7702861585115,6822200
2024-10-04,1609.1219482421875,1615.4859839364826,1586.113511501274,1605.695159791413,4296700
2024-10-07,1634.08837890625,1647.3059901196918,1620.3812265367549,1644.858284339425,3685000
2024-10-08,1569.9586181640625,1615.975490664038,1568.4899945736377,1612.0591610895722,4376800
2024-10-09,1554.78271484375,1598.3518778226837,1550.37684443015,1591.0087604666837,3797900
2024-10-10,1539.117431640625,1578.280725066595,1537.1592669693264,1571.4271487170504,3206500
2024-10-11,1528.837158203125,1547.929264885777,1523.4522050362232,1532.2639465820625,3606000
2024-10-15,1538.6279296875,1569.9585652267938,1519.0462824754416,1565.063153423779,3296900
2024-10-16,1503.3809814453125,1517.5776758321292,1489.1842870584958,1494.0796989160187,3521400
2024-10-17,1484.7784423828125,1517.0881612081557,1483.3098187998423,1498.4855958238672,3196000
2024-10-18,1487.22607421875,1496.5273564472411,1472.5398391211324,1493.100568257797,4194000
2024-10-21,1464.2177734375,1505.3392354798773,1457.3641964304372,1488.20529296222,4041600
2024-10-22,1434.84521484375,1463.7281447911337,1430.4393441738102,1463.2386036055848,4251100
2024-10-23,1421.6275634765625,1441.698751528401,1419.1798576165822,1429.4602222284993,4072000
2024-10-24,1400.0877685546875,1422.117121556422,1384.422450864565,1391.76556853181,4946000
2024-10-25,1425.054443359375,1431.418479004745,1389.8074767080955,1429.460314190785,4596300
2024-10-28,1468.62353515625,1478.4143587239582,1415.753087890625,1429.4602408854166,6596100
2024-10-29,1449.0419921875,1476.9458413613809,1444.1465800517315,1463.7282285948056,3973600
2024-10-30,1457.8536376953125,1481.841155575457,1450.0209787956735,1458.34317887654,4413500
2024-10-31,1461.7698974609375,1462.259438618828,1430.928804513838,1450.9999919873474,4675300
2024-11-01,1404.983154296875,1424.0752598779127,1397.6400367657066,1419.6693893592117,4080400
2024-11-05,1444.146484375,1455.8954727224577,1394.7028250794492,1415.2635546875001,5026000
2024-11-06,1463.7281494140625,1476.4562202785326,1436.3138429367423,1444.1465019302623,5019400
2024-11-07,1472.5399169921875,1491.1424824329133,1451.9791867682275,1474.0085405796133,5800500
2024-11-08,1450.510498046875,1486.2470037361838,1439.2510510488735,1474.00847439053,5720700
2024-11-11,1379.03759765625,1399.1087873984957,1364.3513612594847,1370.7153970314164,8002500
2024-11-12,1376.1002197265625,1401.5563603974203,1370.2257257255953,1371.6943492258372,6765900
2024-11-13,1325.18798828125,1382.953848132446,1325.18798828125,1381.485224576907,7017800
2024-11-14,1252.73583984375,1310.0121560851408,1250.2881340214683,1299.2422504671015,10159100
2024-11-15,1250.7777099609375,1269.3802747274797,1235.6019334408634,1261.0580747003423,8043300
2024-11-18,1243.4345703125,1260.0789700725886,1220.915676519439,1223.8529235359251,6501300
2024-11-19,1249.30908203125,1268.4011879086868,1237.5600937989811,1240.4973408570484,5414200
2024-11-20,1230.7066650390625,1271.3385875522854,1224.8321702178737,1249.309231972827,6069600
2024-11-21,1222.38427734375,1239.0286767949665,1211.6143718164922,1224.3424419850696,5877900
2024-11-22,1226.7901611328125,1238.0496079428901,1215.0411731570791,1224.3424553045347,5860500
2024-11-25,1274.275634765625,1285.535081403969,1229.727389370438,1239.5182125342153,28503800
2024-11-26,1206.7191162109375,1274.7653462934204,1199.3759978567127,1274.7653462934204,6974500
2024-11-27,1184.6895751953125,1208.1875502405087,1181.752328314663,1206.718926800184,4449600
2024-11-28,1217.978515625,1238.0497049902028,1171.4721012422126,1171.961642446242,8878100
2024-11-29,1177.8360595703125,1218.9575180091763,1177.3465183984213,1209.1666945713516,5268800
2024-12-02,1176.367431640625,1193.990913762582,1163.1498200491574,1177.3465139807338,4465000
2024-12-03,1203.7818603515625,1231.6857099001754,1194.9701183888426,1204.2714015717136,7065000
2024-12-04,1181.75244140625,1221.894819283347,1177.3465706636418,1208.1876658618994,4578100
2024-12-05,1179.3046875,1196.4386285803237,1171.961569894147,1192.5222991905355,3342000
2024-12-06,1152.3800048828125,1177.836147726443,1141.6100982951227,1174.8989004752548,6005800
2024-12-09,1193.50146484375,1200.8445829621487,1157.7649566675425,1167.0662396175144,6493400
2024-12-10,1208.1876220703125,1244.903210261266,1195.9490926733279,1208.1876220703125,7788600
2024-12-11,1185.6688232421875,1205.2504718506464,1173.4302928619006,1198.3968948376857,4742300
2024-12-12,1155.317138671875,1192.522266866393,1155.317138671875,1189.585019903668,7583900
2024-12-13,1123.4969482421875,1150.4217117076867,1122.028324780433,1144.0576767067505,6086100
2024-12-16,1112.237548828125,1136.2250663864781,1110.7689253041442,1124.4760781946318,4436700
2024-12-17,1113.2166748046875,1137.693734496963,1111.748051223151,1123.9865810692888,4760300
2024-12-18,1128.8818359375,1131.329541566159,1111.2583554111557,1113.216519914083,3687500
2024-12-19,1102.4466552734375,1121.5387598718673,1095.5930792637448,1113.2165604315262,5416400
2024-12-20,1097.0618896484375,1139.651976395164,1097.0618896484375,1125.9448220398958,7936900
2024-12-23,1116.15380859375,1117.6224320261101,1089.7185868112665,1113.7061028731496,5360600
2024-12-24,1151.8905029296875,1151.8905029296875,1124.9657355428908,1133.287936371537,5328900
2024-12-25,1136.714599609375,1165.5975287122833,1128.3923996983674,1161.1916581711616,3406900
2024-12-26,1135.7354736328125,1138.67272054738,1125.4551094318258,1125.4551094318258,3689300
2024-12-27,1155.9111328125,1159.8478246228449,1135.2435008081895,1142.624797952586,3582400
2024-12-30,1164.276611328125,1172.1499950057455,1152.4665358116943,1159.3557465296121,2982900
2025-01-06,1133.767333984375,1157.8795732922024,1117.528478940328,1151.4824485778809,6689700
2025-01-07,1181.4996337890625,1200.6910064328665,1174.610423096415,1182.9758932232012,8463500
2025-01-08,1186.9124755859375,1209.0563650558245,1172.641969038677,1181.0074383939677,5245200
2025-01-09,1145.577392578125,1179.0392751792042,1144.5932195604462,1176.0867561261678,5019000
2025-01-10,1136.2276611328125,1150.498168786711,1130.8147099537475,1137.7039205452847,3465900
2025-01-14,1105.2261962890625,1122.4492225001566,1099.3211587309731,1107.686628604933,4619400
2025-01-15,1083.574462890625,1099.8133172391222,1072.748559991627,1088.4953278447151,6639200
2025-01-16,1101.28955078125,1118.0204912310098,1089.4794751696547,1113.099626392845,4187200
2025-01-17,1113.5916748046875,1113.5916748046875,1087.5110920540694,1104.2420319318244,4151600
2025-01-20,1146.5615234375,1148.5298694004828,1114.0838150482832,1117.0363339927576,3371700
2025-01-21,1153.45068359375,1175.5945747036983,1148.5298189026505,1158.3715482848497,3739400
2025-01-22,1189.373046875,1189.373046875,1155.4190790494415,1170.181673756206,5432000
2025-01-23,1177.07080078125,1190.849221526181,1167.721158132904,1182.9758382433633,3880900
2025-01-24,1176.5787353515625,1196.7542803743204,1166.2449196081989,1169.197438392017,3704100
2025-01-27,1196.75439453125,1203.6436056839793,1168.2133768985148,1176.0867610730625,4577100
2025-01-28,1179.0391845703125,1198.2305569401965,1129.8305374680458,1137.7039210044084,6027400
2025-01-29,1157.87939453125,1176.0865928302965,1144.1009741968367,1174.1182470682375,6567200
2025-01-30,1124.90966796875,1153.942769635485,1119.0046303416175,1149.5139914151357,5452600
2025-01-31,1138.6881103515625,1138.6881103515625,1106.2104027961593,1114.083786445954,7102200
2025-02-03,1067.3355712890625,1130.322640502986,1062.9067929849584,1128.8463810682847,8112900
2025-02-04,1122.9412841796875,1136.2276183921554,1086.0348002561657,1096.8607022070655,7281800
2025-02-05,1103.7498779296875,1143.608879317251,1103.7498779296875,1143.1167928803675,4419900
2025-02-06,1129.33837890625,1136.7196755004086,1110.6390942010485,1118.020390795207,3759700
2025-02-07,1138.196044921875,1149.0219476405439,1112.115461099627,1112.115461099627,4881000
2025-02-10,1217.421875,1233.1686413702505,1173.6261810327405,1220.374393694422,9840600
2025-02-12,1128.8463134765625,1183.4679092899446,1116.0520658085632,1167.2290564805608,9765900
2025-02-13,1142.1326904296875,1156.4031979792182,1123.9254911423552,1124.9096640768055,4307100
2025-02-14,1113.099609375,1149.0219221443965,1110.1470905172414,1148.0377491918102,3516600
2025-02-17,1095.8765869140625,1128.8463809523391,1093.4161545231464,1113.5917001286589,3824100
2025-02-18,1100.3052978515625,1103.7499029879493,1087.5110502021257,1092.4319146826783,4053400
2025-02-19,1146.5615234375,1162.3082911413626,1100.7974797981492,1100.7974797981492,8775400
2025-02-20,1167.72119140625,1169.1974508138433,1133.2751385624078,1141.6406085387694,5022300
2025-02-21,1170.181640625,1180.5154566271551,1152.4665274784481,1158.3715651939654,2642300
2025-02-25,1173.134033203125,1178.546983859683,1140.6563292637768,1140.6563292637768,4917000
2025-02-26,1180.515380859375,1267.6146815730513,1168.7053061863342,1195.7700606453861,12582100
2025-02-27,1184.4521484375,1223.8190665409481,1170.181640625,1191.8334455818965,4144600
2025-02-28,1118.0205078125,1157.8795135927871,1111.1312969368948,1152.9586486816406,6713500
2025-03-03,1101.7816162109375,1135.7355829454416,1092.4319731970886,1126.8780264060058,4544400
2025-03-04,1064.383056640625,1092.9240724913675,1047.1600298341423,1087.019034729145,8094100
2025-03-05,1058.47802734375,1075.2089678038558,1052.5729895343009,1057.0017678913878,4435600
2025-03-06,1109.655029296875,1111.1312887593542,1063.8909859600194,1072.2564562474015,6332700
2025-03-07,1109.655029296875,1112.1154617343402,1069.7960238099363,1080.1298400472906,4330200
2025-03-10,1152.9586181640625,1159.8478288573176,1125.4017753910418,1136.7197643871039,7868900
2025-03-11,1139.18017578125,1147.5456457545895,1106.7024688259314,1127.8621869937904,5512000
2025-03-12,1134.25927734375,1140.6564012506778,1112.607473351071,1117.5283378948616,5015700
2025-03-13,1128.354248046875,1161.3240407285762,1127.8621615889392,1141.6405824111425,3228300
2025-03-14,1172.1500244140625,1173.6262838906546,1132.291018546078,1141.6406618978274,4880000
2025-03-17,1181.4996337890625,1215.4536007742543,1169.197471837906,1195.770141652404,5636900
2025-03-18,1208.072265625,1227.2636376654787,1196.262190523167,1203.6434874618126,5468600
2025-03-19,1212.9931640625,1239.0737473060344,1204.6276939655172,1227.263671875,4999700
2025-03-21,1138.6881103515625,1187.4046716846674,1136.7197644391138,1175.1025097318632,10649600
2025-03-24,1127.8621826171875,1136.7197390251758,1117.5283668078678,1129.8305284856294,6341600
2025-03-25,1145.577392578125,1150.4982576665188,1120.973067136155,1131.7989703306216,5371600
2025-03-26,1147.0535888671875,1159.3557509099503,1140.1643781232406,1150.9902807208716,3712800
2025-03-27,1118.512451171875,1134.751303300635,1110.146981893423,1130.8146118754812,4920400
2025-03-28,1086.034912109375,1117.528448301038,1086.034912109375,1114.0838427800747,5361900
2025-03-31,991.5542602539062,1061.922627110635,991.5542602539062,1056.5096758139637,10478200
2025-04-01,1012.2218627929688,1022.5556786017448,998.4434417146007,1002.3801334512773,5632900
2025-04-02,998.4434204101562,1008.2851495418483,990.5700371048026,1000.9038526930793,5229100
2025-04-03,956.8129272460938,964.0957708309356,931.2244312616884,939.393054504419,10545800
2025-04-04,873.84716796875,922.6621212352431,844.9124598191534,912.5251520771017,14386100
2025-04-07,736.0629272460938,768.1469393795812,733.7008882863265,764.9975741229401,10902900
2025-04-08,821.8828125,839.4011391928394,787.3383657312036,787.3383657312036,8649800
2025-04-09,766.2770385742188,781.8270193152691,755.3527428036757,780.3507598830796,8248900
2025-04-10,858.9861450195312,889.1018735509628,855.4431464013159,884.377795301142,7873900
2025-04-11,850.8175048828125,858.3956485190804,806.8249625413231,816.8635385225383,7408600
2025-04-14,877.291748046875,899.2387917270421,871.3867106404185,876.5043616706967,5602000
2025-04-15,895.9910278320312,906.3248432317961,876.9964428990511,879.5553284680998,5457000
2025-04-16,842.6488647460938,889.7907114958634,842.6488647460938,886.7397994764892,5353100
2025-04-17,886.8381958007812,888.4129085171403,846.3887127427132,846.3887127427132,6167600
2025-04-18,878.76806640625,894.3179872735731,872.7645752650737,887.0350832889169,3806400
2025-04-21,891.66064453125,901.0102870511694,868.827821310881,883.5904147633852,4257900
2025-04-22,904.061279296875,911.7378766292827,891.3654838416467,891.6607237230888,3999200
2025-04-23,925.9098510742188,935.4563402053461,914.3950161457102,928.468736652302,5608200
2025-04-24,946.08544921875,968.4261873014239,945.9870559509526,955.4350922872089,7023500
2025-04-25,981.31884765625,991.0621841196448,972.7565908438045,977.2837624933538,5867800
2025-04-28,980.531494140625,1000.9038861377904,974.0359767243227,996.4751078805435,5070000
2025-04-30,968.4261474609375,978.5631164621971,960.552764148247,968.4261474609375,5481400
2025-05-01,971.9691772460938,975.0201494195687,955.7303236403658,962.2259011241467,6165100
2025-05-02,985.1571655273438,991.0622034825526,969.1151577628568,970.3945706393216,3342500
2025-05-07,957.797119140625,994.0146713913513,957.797119140625,990.0779796234648,6488000
2025-05-08,978.3662719726562,983.0903500257629,954.6477287197524,962.5211120493998,6710900
2025-05-09,958.4860229492188,976.7916150833228,924.138364295456,934.8658730630729,9257500
2025-05-12,994.0146484375,994.0146484375,942.1487235794563,964.4894608601485,6932400
2025-05-13,990.0780029296875,1042.2391700820467,986.141311069132,1028.9528350526723,5791500
2025-05-14,985.1571655273438,1003.3643658892378,961.1433204818335,998.9355874228311,5360500
2025-05-15,996.47509765625,997.4592705922067,956.61609375,962.0290448977623,4355900
2025-05-16,980.43310546875,995.4909396001322,970.394529358112,987.1254695194588,3756800
2025-05-19,949.0379028320312,973.0517453002569,948.0537299451228,965.6704486484432,4658000
2025-05-20,954.5493774414062,967.2451725773956,939.6883297115486,957.9939827996371,5447800
2025-05-21,956.222412109375,973.248652162606,948.6443284662024,953.4667398692077,4279000
2025-05-22,950.9078979492188,955.1398295387032,928.9608536016749,932.995938591129,5033300
2025-05-23,943.2313842773438,956.1240259626123,937.9168262916826,939.8851722020534,4105500
2025-05-26,931.2244262695312,946.0854132916091,930.9291864082005,940.2788291216111,3053500
2025-05-27,941.5582275390625,941.5582275390625,927.4845670515739,934.669017223732,3160000
2025-05-28,973.0517578125,973.7406908560239,943.1328776381035,954.6477125768287,4686100
2025-05-29,988.6016845703125,1011.7297478728534,980.9251479135113,981.9093208200024,5099600
2025-05-30,967.146728515625,975.1185050412017,957.9939324868508,973.5438524163696,4337300
2025-06-02,924.23681640625,962.5211691453142,924.23681640625,953.4667657652908,5170200
2025-06-03,934.373779296875,946.6759405996612,922.1700112568524,923.1541841610752,3657400
2025-06-04,937.4247436523438,945.2981273260642,927.5830140601932,928.0751005398007,3248400
2025-06-05,934.0784912109375,947.6601255166956,929.5513198217832,930.0434062801324,3872000
2025-06-06,958.58447265625,960.9465118116054,929.7482166528029,930.0434565299345,4559700
2025-06-09,966.260986328125,976.2995623907306,957.6002764175211,961.5369682013546,3238200
2025-06-10,974.3311767578125,1006.8088826497396,971.0834181824492,974.13433016282,4770100
2025-06-11,1076.6851806640625,1076.6851806640625,997.9513466118459,998.9355195374986,12457600
2025-06-12,1034.36572265625,1062.4146504352254,1024.5239936109954,1034.36572265625,6061600
2025-06-13,993.5225830078125,1024.5240306202404,985.1571130171573,1017.1427335696624,4467000
2025-06-16,998.4434204101562,1015.1743599340327,993.5225558443103,1003.8563714325869,2910300
2025-06-17,1001.3959350585938,1012.2218370592273,988.109600785089,1007.3009725134847,3449900
2025-06-18,1011.2376708984375,1012.2218438141538,992.5383854998289,994.0146448734033,2787100
2025-06-19,980.1378784179688,1005.8247687387241,975.8074933507288,1001.8880768845607,4141800
2025-06-20,1007.301025390625,1007.301025390625,977.3821433542936,980.3346622367283,4403600
2025-06-23,1011.729736328125,1021.0793788331027,982.6966359179307,988.1095868418653,3754100
2025-06-24,1038.7945556640625,1050.1125446646656,1025.5082207503108,1028.4607396200333,3361400
2025-06-25,1079.6376953125,1079.6376953125,1050.6045941167674,1051.5887670386567,4827500
2025-06-26,1103.2578125,1109.1628498550401,1075.7009715098127,1090.463564897413,5293400
2025-06-27,1132.0557861328125,1157.8746023077715,1125.1045663934005,1140.9930686549137,8382700
2025-06-30,1127.090576171875,1179.2247217657282,1122.6219351209734,1143.972109030837,8756800
2025-07-01,1097.2996826171875,1116.1672789698812,1090.8449786017923,1111.6986377284536,5388200
2025-07-02,1097.2996826171875,1106.2369651000424,1067.508741007671,1072.4738979425904,3074300
2025-07-03,1146.9512939453125,1146.9512939453125,1099.2857856255073,1104.2509427421537,4459600
2025-07-04,1110.70556640625,1169.2944161317473,1103.7543469472926,1155.8884928894724,4368800
2025-07-07,1083.397216796875,1116.6637674501246,1082.9007011154831,1104.25087541533,3271300
2025-07-08,1110.70556640625,1124.1114896485246,1082.404172894781,1083.3972042460605,4225700
2025-07-09,1174.756103515625,1184.6864171548104,1147.4477410078653,1156.8815389650915,8698400
2025-07-10,1142.9791259765625,1172.7700675745614,1139.0070004301626,1166.8118792549617,5034000
2025-07-11,1209.51220703125,1211.4982697685755,1154.3989660704665,1165.8188268100882,10015200
2025-07-14,1163.3363037109375,1185.6795105683818,1157.874630923562,1179.7213220730634,6103000
2025-07-15,1182.7003173828125,1194.616693376594,1159.364081061657,1160.8536280608796,4943600
2025-07-16,1150.4268798828125,1188.658588881939,1148.440817077663,1180.2178219600542,5685600
2025-07-17,1231.35888671875,1241.7857160014491,1145.9581897366431,1147.9442524571573,10757900
2025-07-18,1188.6585693359375,1223.4146678545321,1187.1690222565692,1221.428605082041,6630900
2025-07-22,1178.728271484375,1209.5122448761322,1171.7770516862363,1209.5122448761322,3536100
2025-07-23,1254.6951904296875,1265.1220202670534,1204.0505883624821,1211.4983239606006,7726500
2025-07-24,1259.163818359375,1267.604585280554,1241.2892531145258,1248.2404729319671,5935600
2025-07-25,1225.4007568359375,1282.0035470625571,1201.5680030563083,1267.604591654031,8435100
2025-07-28,1231.85546875,1241.2892671805723,1189.6516336658606,1221.4286389056833,4673300
2025-07-29,1171.7769775390625,1240.2961397849906,1171.7769775390625,1233.344920426708,6004900
2025-07-30,1164.8258056640625,1170.28747823964,1141.4895682956862,1166.811868418818,5275500
2025-07-31,1188.6585693359375,1204.5470715158665,1177.2387083941137,1179.7212868597276,4018700
2025-08-01,1155.8885498046875,1165.818863806446,1133.0488276006429,1141.9861102022255,4448100
2025-08-04,1168.7979736328125,1175.2526778202496,1118.1533715467688,1122.125497200576,4148100
2025-08-05,1189.155029296875,1199.0853426939261,1160.3571204454267,1162.8396987946894,4859200
2025-08-06,1191.14111328125,1197.5958171047832,1138.013935656784,1172.770033168117,6318100
2025-08-07,1201.5679931640625,1201.5679931640625,1157.8746115944602,1174.2596296830611,5834300
2025-08-08,1209.51220703125,1245.2613363031096,1155.8885131234606,1240.296179459796,9286700
2025-08-12,1188.162109375,1213.4844109120352,1185.6795307929378,1201.5680337181363,5159600
2025-08-13,1204.547119140625,1235.3310933313583,1184.1899749177207,1191.1411948962734,5998500
2025-08-14,1190.6446533203125,1203.0575458695234,1184.6864648966912,1196.6028417439338,3814200
2025-08-15,1192.6307373046875,1200.5749886772417,1176.7422345595792,1183.1969387997794,3506600
2025-08-18,1252.2125244140625,1267.107994569662,1212.4912706657972,1219.4424900717436,6425800
2025-08-19,1228.3797607421875,1246.2543247626882,1219.9389943991732,1234.337948749021,5697200
2025-08-20,1178.728271484375,1243.2753124670915,1177.735240084641,1238.310155468421,5787500
2025-08-21,1205.0435791015625,1219.9390497950305,1166.8118709883279,1172.770059265715,4859100
2025-08-22,1231.85546875,1242.282298594317,1205.540136285772,1211.0018090613664,4725200
2025-08-25,1246.7508544921875,1278.0313418808803,1237.317056708296,1275.052247843862,4050300
2025-08-26,1241.7857666015625,1265.122004518505,1237.3171252983182,1250.2265335076906,3492400
2025-08-27,1236.3240966796875,1237.8136437841208,1218.449531426487,1236.3240966796875,3267700
2025-08-28,1247.743896484375,1247.743896484375,1221.4285655995077,1227.8832694014561,2369100
2025-08-29,1237.8135986328125,1260.1568043843072,1228.379800648848,1252.709069133809,3459800
2025-09-01,1199.08544921875,1211.4983420678054,1186.1760406557323,1209.5122792119566,3638000
2025-09-02,1220.435546875,1246.2543623499796,1213.980843006255,1220.435546875,3422900
2025-09-03,1226.393798828125,1242.7788171930351,1197.0993720544977,1198.5889191785805,3186100
2025-09-04,1208.022705078125,1229.869396004322,1194.6167811006858,1221.428629055564,3244000
2025-09-05,1261.6463623046875,1269.0940976193551,1224.904201418994,1226.3937484819276,6567000
2025-09-08,1280.0174560546875,1295.4094425316835,1258.6672812640159,1290.4442856036203,3573900
2025-09-09,1236.820556640625,1283.4930304761203,1236.820556640625,1282.0034834388173,3641200
2025-09-10,1229.372802734375,1253.205554968321,1223.911130347429,1251.7160079536993,3389600
2025-09-11,1274.5557861328125,1274.5557861328125,1241.289234644344,1242.7787817259173,3735600
2025-09-12,1315.7666015625,1315.7666015625,1272.5697357753538,1290.9408166273586,6493400
2025-09-16,1434.433837890625,1446.8467302226657,1374.8519546968296,1376.3415017766745,11803500
2025-09-17,1403.64990234375,1442.8746431591571,1395.2091353328394,1419.0418892459984,8023300
2025-09-18,1507.421630859375,1517.3519446331522,1375.8449733568275,1398.188179347826,12355900
2025-09-19,1456.7769775390625,1535.7229691643902,1428.972099985488,1518.344920693406,15361900
2025-09-22,1569.486083984375,1634.5296388726867,1450.818834989669,1457.7700545960536,22101100
2025-09-24,1528.7718505859375,1582.8920622500711,1503.9460654189038,1574.9478109966203,11353700
2025-09-25,1532.743896484375,1556.0801333275126,1513.8763007388595,1533.2404121618886,7457500
2025-09-26,1417.55224609375,1499.477332120184,1415.0696677293126,1493.0226283726467,10466600
2025-09-29,1512.3868408203125,1555.5837072521467,1490.5401497513387,1546.646424542112,13012000
2025-09-30,1566.010498046875,1574.947780534143,1475.6446417867191,1491.533143986307,12176800
2025-10-01,1511.8902587890625,1637.5087269249025,1499.477366680778,1576.9338134364739,12458400
2025-10-02,1601.7596435546875,1613.6760203201284,1567.9965760526047,1578.4234057223657,11807200
2025-10-03,1682.1951904296875,1747.2387470844362,1641.9774187576672,1659.3554682455772,19717400
2025-10-06,1710.9930419921875,1755.6794534197259,1695.104540151285,1746.24565545169,9743500
2025-10-07,1636.5157470703125,1739.7910126621284,1636.5157470703125,1725.3920573632695,9247700
2025-10-08,1651.4111328125,1669.2856970882817,1588.850157847264,1596.7944086365003,8045100
2025-10-09,1708.510498046875,1737.804923907022,1673.2578838761897,1683.1881977270868,9032500
2025-10-10,1645.949462890625,1693.1184520232373,1645.949462890625,1688.649810947516,7180900
2025-10-14,1614.6690673828125,1707.0209882109807,1605.731784722022,1629.5645384841298,9861100
2025-10-15,1673.2579345703125,1696.0976571193435,1603.7457355080442,1605.7317983383948,5451100
2025-10-16,1700.5662841796875,1702.055831289918,1648.9286510250342,1669.7823105682596,6693100
2025-10-17,1646.9425048828125,1684.677696432735,1635.0261286038894,1645.4529578479471,6457900
2025-10-20,1703.048828125,1717.9442989249271,1663.3275726585277,1680.2091062317784,6361100
2025-10-21,1721.9163818359375,1777.5261381120692,1717.9442563876423,1737.804883629118,8253100
2025-10-22,1722.909423828125,1741.7770198239373,1680.209074995497,1704.0418278323127,6422700
2025-10-23,1633.0401611328125,1686.663857515404,1619.1377213299183,1629.564551182089,8316600
2025-10-24,1692.12548828125,1696.594129535514,1634.03315197582,1638.5017932300836,7118800
2025-10-27,1660.844970703125,1740.783996198851,1631.5505452109026,1737.8049020809979,11918400
2025-10-28,1580.906005859375,1639.4948590916006,1568.9896289307867,1629.5645449844437,11324800
2025-10-29,1579.9129638671875,1611.689968797263,1546.1498961289824,1603.7457175647442,9165500
2025-10-30,1598.2840576171875,1609.2074031492093,1560.5488639611121,1573.458272317138,7937500
2025-10-31,1566.5069580078125,1591.829257487495,1529.7647979784692,1591.332741811423,10459800
2025-11-04,1600.27001953125,1651.411134024492,1590.3397060374166,1635.5226324343585,10222900
2025-11-05,1467.203857421875,1537.7090850881716,1432.9442749643085,1520.8275517032837,10593900
2025-11-06,1478.623779296875,1524.303224459841,1460.7492137983231,1512.8833631690995,5724000
2025-11-07,1434.9302978515625,1447.3431897014896,1405.1393574117378,1430.958172459586,5730100
2025-11-10,1465.71435546875,1482.5958893732004,1432.9443190659933,1437.412960393642,6216700
2025-11-11,1462.7352294921875,1490.0435925682466,1440.88853903134,1483.0923728761588,5739000
2025-11-12,1167.804931640625,1301.8641712422273,1164.8258374272561,1301.8641712422273,28102200
2025-11-13,1217.4564208984375,1223.4146089289356,1147.9442272092936,1175.7491046849511,14443800
2025-11-14,1295.409423828125,1307.8223159690615,1213.4843356979447,1216.9599454974068,18953100
2025-11-17,1300.87109375,1300.87109375,1239.3031488549618,1294.9129055343512,10412600
2025-11-18,1228.8763427734375,1282.5000377308238,1228.8763427734375,1278.031396484375,9051400
2025-11-19,1151.9163818359375,1222.421608655206,1151.9163818359375,1213.484326382341,10320600
2025-11-20,1175.7491455078125,1241.28921611889,1162.839737660176,1211.4982749320366,11025500
2025-11-21,1166.3153076171875,1176.2456210068613,1123.1184443721065,1123.1184443721065,6986200
2025-11-25,1161.8466796875,1211.0017315204327,1161.8466796875,1196.106261268029,6236800
2025-11-26,1225.897216796875,1234.3379833766833,1178.2317114050159,1183.196868216668,6593100
2025-11-27,1231.35888671875,1239.3031376008064,1215.9669006347656,1234.3379807995211,4319500
2025-11-28,1224.40771484375,1240.2962172261507,1218.9460421497997,1233.3449974338503,3331600
2025-12-01,1245.2613525390625,1259.660307572409,1229.8693661241061,1237.3171014861819,6657900
2025-12-02,1251.219482421875,1306.8292371961807,1241.2891690693205,1260.1567644391741,6301800
2025-12-03,1297.8919677734375,1300.8710618081125,1268.1010274266869,1276.0452781858203,5402600
2025-12-04,1340.0958251953125,1344.0679506497631,1289.947741332872,1297.8919922417736,5656300
2025-12-05,1369.8868408203125,1376.3415450358486,1323.7108798937852,1335.6272569070825,7451600
2025-12-08,1390.243896484375,1393.2229905482702,1353.5017363630022,1388.2578337751117,5149300
2025-12-09,1385.7752685546875,1409.6080212922816,1368.8937353655585,1381.3066274163887,4782200
2025-12-10,1387.7613525390625,1446.3502039163825,1374.8519446084665,1403.6498546074884,5666800
2025-12-11,1337.61328125,1400.1742587694878,1337.61328125,1390.7404605721047,5664100
2025-12-12,1344.0679931640625,1350.5226972317141,1296.4024862029432,1310.8014414307813,5430800
2025-12-15,1304.3466796875,1320.235181305315,1278.031348882994,1284.4860526652312,5218800
2025-12-16,1278.0313720703125,1311.7944386207325,1268.1010583790123,1290.9407798690024,4655100
2025-12-17,1287.961669921875,1340.5923318384976,1251.219509715931,1252.7090567513071,5633000
2025-12-18,1260.1568603515625,1262.639438878654,1218.449541096428,1231.358949437303,5226400
2025-12-19,1255.688232421875,1267.6046094792594,1242.2823082323177,1262.639452372016,5465000
2025-12-22,1356.4808349609375,1356.4808349609375,1271.0801381771596,1288.4581869413005,8914900
2025-12-23,1390.243896484375,1398.6846629987444,1350.5226422991072,1352.0121893310547,9182600
2025-12-24,1364.921630859375,1410.1045586179066,1350.5226758594035,1395.2090879282807,4939800
2025-12-25,1425.9930419921875,1431.9512301899265,1370.8798011631022,1371.872832529392,6382300
2025-12-26,1425.0,1445.357142857143,1412.5871080139373,1439.3989547038327,4066000
2025-12-29,1424.0,1449.0,1417.0,1438.5,3604600
2025-12-30,1435.0,1443.5,1408.5,1410.0,3376300
2026-01-05,1449.0,1479.5,1434.0,1478.0,5092800
2026-01-06,1536.5,1574.0,1474.5,1479.0,9932000
2026-01-07,1556.0,1610.0,1542.5,1576.5,8307000
2026-01-08,1515.5,1557.5,1515.5,1545.0,5344300
2026-01-09,1489.0,1501.5,1476.5,1492.0,5255900
2026-01-13,1555.5,1559.0,1506.0,1559.0,5506900
2026-01-14,1624.0,1641.0,1552.0,1560.0,7162000
2026-01-15,1658.0,1658.0,1585.0,1609.0,6272200
2026-01-16,1609.0,1665.0,1595.0,1660.0,6733400
2026-01-19,1609.0,1613.5,1562.5,1569.0,4690900
2026-01-20,1620.5,1644.5,1593.5,1631.5,5090400
2026-01-21,1594.0,1594.0,1537.0,1569.5,7213100
2026-01-22,1696.0,1723.0,1601.5,1606.0,13319800
2026-01-23,1666.0,1705.0,1641.0,1700.0,7467800
2026-01-26,1564.5,1625.0,1564.5,1614.0,7183900
2026-01-27,1565.5,1565.5,1521.0,1537.5,6063700
2026-01-28,1509.5,1562.5,1453.5,1560.0,11223600
2026-01-29,1570.0,1579.5,1485.5,1520.0,9870700
2026-01-30,1614.0,1621.0,1547.0,1582.0,8020600
2026-02-02,1569.0,1627.0,1556.0,1583.5,6532400
2026-02-03,1637.0,1637.0,1584.0,1600.0,5578100
2026-02-04,1620.0,1626.0,1576.5,1610.0,7181800
2026-02-05,1605.5,1651.0,1579.0,1614.0,5922400
2026-02-06,1624.5,1647.0,1600.0,1605.0,4903600
2026-02-09,1694.5,1718.0,1666.0,1704.5,7893700
2026-02-10,1764.5,1767.0,1695.5,1700.0,8898200
2026-02-12,1615.0,1681.0,1574.5,1676.5,17716800
2026-02-13,1526.0,1591.0,1505.0,1580.5,10199800
2026-02-16,1504.0,1521.5,1460.5,1500.0,10303600
2026-02-17,1540.5,1604.0,1505.0,1510.0,9566900
2026-02-18,1550.5,1557.0,1525.0,1540.5,6241600
2026-02-19,1623.0,1653.5,1560.0,1585.5,10738400
