Price,Close,High,Low,Open,Volume
Ticker,4452.T,4452.T,4452.T,4452.T,4452.T
Date,,,,,
2011-02-21,1642.0362548828125,1650.024931930009,1624.606414052566,1624.606414052566,1588900
2011-02-22,1621.7012939453125,1631.8687001769445,1618.0700774340153,1631.8687001769445,1940600
2011-02-23,1610.8076171875,1630.4161860171043,1610.8076171875,1620.2487799573096,1792200
2011-02-24,1599.1878662109375,1620.248923486195,1594.104162730703,1612.9864899430027,2728700
2011-02-25,1594.8304443359375,1601.3666346815767,1586.841767246823,1599.1879045663636,2425300
2011-02-28,1597.735595703125,1604.271786776456,1583.2107266512785,1590.4731611772017,1647500
2011-03-01,1609.35498046875,1614.4386830243825,1598.4613321352522,1599.9138185797187,1457300
2011-03-02,1585.3892822265625,1604.9978532847929,1583.9367954815084,1601.3666364221576,1488100
2011-03-03,1594.8304443359375,1597.0091744511506,1586.841767246823,1589.7467407337738,1077500
2011-03-04,1590.4730224609375,1613.7128109169878,1588.2942922931827,1609.3553505814782,2973400
2011-03-07,1582.484375,1593.378026044057,1576.6744277765029,1590.4730524323084,1899300
2011-03-08,1603.5450439453125,1610.081232983133,1595.5563684546428,1596.2826116810675,2706700
2011-03-09,1618.7962646484375,1623.879967588114,1603.5451558294078,1603.5451558294078,1660200
2011-03-10,1599.1878662109375,1609.3552731714067,1595.5566494393413,1606.4502997541297,1672200
2011-03-11,1582.484375,1594.1042694469938,1580.3056447911886,1581.0318881941257,4930500
2011-03-14,1532.373291015625,1572.3166706392549,1525.1108583567832,1554.8868322580345,3005700
2011-03-15,1371.147216796875,1492.4298360792257,1329.0251095012081,1492.4298360792257,5352400
2011-03-16,1456.1180419921875,1474.2741273038107,1427.0683054935903,1427.0683054935903,4341300
2011-03-17,1433.6044921875,1451.760577448233,1419.0796239789133,1430.6995185457827,4543300
2011-03-18,1459.749267578125,1502.5976291637517,1437.961965076959,1462.6542412449471,2654500
2011-03-22,1511.3123779296875,1514.9435945993887,1482.2626445720769,1496.061267916942,3225000
2011-03-23,1498.9664306640625,1521.479976861052,1485.1678055755854,1514.2175426039585,2253800
2011-03-24,1490.9775390625,1512.764838707836,1488.7988090979663,1509.13362210028,1393600
2011-03-25,1508.407470703125,1517.8486344581277,1498.966306948122,1509.8599574346638,1488900
2011-03-28,1515.6695556640625,1515.6695556640625,1504.7759076837267,1510.585853273239,2240900
2011-03-29,1531.1361083984375,1537.7644032399892,1518.615995919951,1531.1361083984375,2585500
2011-03-30,1533.3453369140625,1537.7641995564663,1518.6157947727172,1531.872382699928,1551700
2011-03-31,1528.18994140625,1541.4465288497743,1515.6698310429217,1540.7100517695785,1645300
2011-04-01,1503.8861083984375,1536.2910980015379,1500.940200252701,1536.2910980015379,2252800
2011-04-04,1504.622802734375,1514.9334827335338,1499.4674627347956,1514.1970055907366,1121700
2011-04-05,1513.4605712890625,1520.0888657618614,1500.9404595071094,1508.3052311435524,2141500
2011-04-06,1505.3592529296875,1533.345383854995,1503.1498215408476,1528.1900439477015,2758000
2011-04-07,1503.14990234375,1533.3454662810814,1500.203993666937,1527.4536489274558,2175400
2011-04-08,1521.561767578125,1527.4535846839453,1496.521544878388,1504.6227933988912,2483400
2011-04-11,1529.6630859375,1531.8725174530573,1521.5618370471234,1525.2442229063856,860600
2011-04-12,1511.2513427734375,1520.0890699241595,1495.0488429971142,1519.3525926615994,1534800
2011-04-13,1495.7850341796875,1498.730942666501,1482.5284459890254,1497.9944655447978,1723700
2011-04-14,1508.304931640625,1509.7778856754303,1484.0011900663376,1491.365960240364,1845800
2011-04-15,1506.0958251953125,1510.5146882521203,1496.5216219055624,1503.8863936669086,1528600
2011-04-18,1496.521240234375,1517.1425959068958,1494.311809269462,1506.8319180706355,1490700
2011-04-19,1514.9332275390625,1518.6156126327403,1492.8389169769955,1496.5213020706733,2132800
2011-04-20,1525.244140625,1528.1900491534889,1513.4605065110454,1518.6158464359007,1389800
2011-04-21,1521.561767578125,1531.1359703750832,1511.2510876429392,1531.1359703750832,997600
2011-04-22,1504.622802734375,1513.4605284479396,1492.1026913068251,1508.3051884483602,1146400
2011-04-25,1497.9942626953125,1503.8860788711052,1492.1024465195196,1500.940170783209,1139700
2011-04-26,1486.2108154296875,1498.730926362445,1473.69070449693,1498.730926362445,1653300
2011-04-27,1488.419921875,1522.297861709859,1484.7375371103415,1522.297861709859,1953000
2011-04-28,1490.6297607421875,1493.5756693602552,1478.1096491154005,1493.5756693602552,2160800
2011-05-02,1497.2581787109375,1501.6770420027553,1477.3732938977573,1497.2581787109375,1805400
2011-05-06,1475.89990234375,1487.6835342985903,1453.0691154312467,1481.0552413239925,2985400
2011-05-09,1485.474609375,1490.6299501115518,1473.6909734057388,1480.3192686384482,2251700
2011-05-10,1482.528564453125,1500.204016786396,1476.6367470087011,1493.5757221614194,1386900
2011-05-11,1502.413330078125,1508.3051470588234,1495.785035974839,1501.6768529555375,1894600
2011-05-12,1480.319091796875,1500.2039751195196,1478.109660316581,1485.4744319175607,1232700
2011-05-13,1495.7850341796875,1505.359236761832,1481.791968867322,1495.048557057984,2797700
2011-05-16,1475.163818359375,1484.00154468005,1472.954386779206,1480.319158713102,1345000
2011-05-17,1472.954345703125,1477.3732087402343,1465.5895739746093,1467.799005493164,1505300
2011-05-18,1474.4271240234375,1479.582463617925,1467.7988302590963,1472.954169853584,1627400
2011-05-19,1472.954345703125,1481.7920717773436,1468.5354826660155,1475.9002543945312,1468300
2011-05-20,1475.163818359375,1494.3122253875047,1473.6908639725957,1473.6908639725957,1628900
2011-05-23,1478.1094970703125,1481.79188246411,1458.224615943806,1465.589386731401,1193900
2011-05-24,1473.6907958984375,1481.7920446515022,1467.0625014641116,1476.6367045359157,1378800
2011-05-25,1486.2108154296875,1489.1567238844539,1472.9542273832383,1473.69070449693,1964100
2011-05-26,1517.8795166015625,1531.8725834697962,1489.1569056615037,1493.5757688830513,2927300
2011-05-27,1503.8861083984375,1523.034511345724,1497.9942921069646,1518.6156491271195,3031700
2011-05-30,1501.676513671875,1507.5683293213967,1488.4199284604508,1494.3117441099726,927300
2011-05-31,1537.76416015625,1537.76416015625,1505.3591682755628,1509.04155371655,1902000
2011-06-01,1520.0887451171875,1530.3994245898816,1508.3051114341085,1529.662947484689,1640000
2011-06-02,1530.3997802734375,1534.81864393159,1487.6840982446313,1488.42057552099,2825800
2011-06-03,1517.8795166015625,1534.0820150805698,1514.9336077871974,1529.6631518590223,1391800
2011-06-06,1503.14990234375,1515.6700142202044,1498.7310393285306,1512.7241055433917,982600
2011-06-07,1509.0413818359375,1515.6696748747484,1502.4130887971266,1506.8319508230006,1292300
2011-06-08,1504.622802734375,1507.5687113055633,1495.7850770208104,1500.2039398775926,1065200
2011-06-09,1509.77783203125,1511.9872630049542,1484.7376143292684,1495.0482922065548,1410600
2011-06-10,1517.8795166015625,1536.2914466913437,1514.1971305836062,1520.0889482123362,3619800
2011-06-13,1526.71728515625,1531.8726257235892,1503.8864912151773,1510.5147862303274,1304900
2011-06-14,1528.18994140625,1534.818235128012,1519.3522164439007,1530.3993726468375,1459500
2011-06-15,1526.71728515625,1531.1361484996835,1514.933649573761,1524.5078534845334,1107600
2011-06-16,1509.0413818359375,1530.3992149609946,1508.3049048316252,1529.6627379566823,1140600
2011-06-17,1508.304931640625,1523.7709490060806,1499.4672074317932,1517.1426558494568,1979700
2011-06-20,1523.034912109375,1535.5550250232336,1508.3053675048357,1509.0418447350626,1973900
2011-06-21,1519.352294921875,1525.2441118677668,1507.568661030091,1523.0346805130573,2155100
2011-06-22,1526.71728515625,1535.555011843117,1509.0418317825163,1511.9877406781386,2450600
2011-06-23,1518.6158447265625,1530.3994788272535,1511.2510734136306,1517.142890463976,1411400
2011-06-24,1535.5545654296875,1542.9193355276716,1522.297979253316,1525.980364302308,1314500
2011-06-27,1508.304931640625,1536.2910583019257,1506.8319776058197,1536.2910583019257,1930500
2011-06-28,1512.72412109375,1527.4536646292295,1509.0417352098802,1511.251166740202,1817900
2011-06-29,1523.034912109375,1537.7644567139146,1513.4607081164245,1523.7713893396021,2511600
2011-06-30,1553.9666748046875,1556.1761060958788,1523.7711138250702,1531.8723618927725,2364900
2011-07-01,1563.5408935546875,1592.2635006430685,1559.1220309257058,1575.3245272319718,1354100
2011-07-04,1569.4324951171875,1597.4186212619334,1559.1218170638601,1590.0538512238422,1414100
2011-07-05,1573.851806640625,1585.6354420670407,1564.2776028566625,1575.324761068927,1400400
2011-07-06,1584.8988037109375,1585.6352808502083,1564.277443811353,1574.5881237611452,1236100
2011-07-07,1577.5340576171875,1584.8988291280054,1574.5881490128604,1584.8988291280054,1179600
2011-07-08,1587.8446044921875,1602.5741462778292,1587.8446044921875,1600.364715009983,1264100
2011-07-11,1586.37158203125,1587.1080590888316,1577.533857340268,1579.7432885130136,673800
2011-07-12,1577.5340576171875,1588.5812148834143,1569.432808955288,1573.8516718617786,1122600
2011-07-13,1586.37158203125,1591.5269214343227,1570.9055638220316,1570.9055638220316,982200
2011-07-14,1581.2161865234375,1588.5809568379389,1575.3243702718364,1584.162094649238,772400
2011-07-15,1587.1082763671875,1587.1082763671875,1574.5881646742675,1576.0611189910817,860000
2011-07-19,1586.37158203125,1592.2633984919046,1569.4326097068679,1573.1149949947771,974600
2011-07-20,1585.6351318359375,1596.682287886815,1577.533884065294,1594.4728566766394,746700
2011-07-21,1581.952880859375,1581.952880859375,1570.9057238701337,1574.588109533214,1560500
2011-07-22,1581.952880859375,1590.054129318152,1576.0610637984462,1587.8446979203038,1408900
2011-07-25,1590.790771484375,1590.790771484375,1573.1153184678822,1573.8517956769026,1151500
2011-07-26,1665.9112548828125,1690.2149999805724,1635.7156927916565,1638.6616012883546,4183500
2011-07-27,1643.080810546875,1666.6480834906222,1638.6619468699223,1666.6480834906222,3118300
2011-07-28,1619.5133056640625,1641.6076208845818,1606.256716531751,1623.9321687081665,2616700
2011-07-29,1606.2564697265625,1626.14135036967,1595.2093138137252,1609.202377969986,2375300
2011-08-01,1632.76953125,1649.70850248083,1620.9858990894227,1623.931807129567,2770900
2011-08-02,1605.5203857421875,1626.8782257360058,1595.2097043658616,1620.9864078066767,2579900
2011-08-03,1602.57421875,1616.567284079159,1586.3717220530789,1587.8446762982535,2245200
2011-08-04,1595.2095947265625,1609.202661346971,1583.4259596777974,1604.0473210131363,3280900
2011-08-05,1561.3316650390625,1581.9530266527859,1552.493938633181,1558.385756237102,3171300
2011-08-08,1523.7711181640625,1546.6019082380526,1523.0346410649015,1541.4465685439259,2302800
2011-08-09,1479.5826416015625,1484.737981816202,1466.3260524782036,1484.001504642682,4170700
2011-08-10,1490.6297607421875,1495.0486236692889,1472.9543090337822,1486.947374969603,4761900
2011-08-11,1496.521240234375,1497.2577172226793,1463.3797757606806,1469.2715916671152,3222900
2011-08-12,1481.7916259765625,1495.784688050894,1467.0620869509505,1494.3117341483326,4729400
2011-08-15,1480.319091796875,1492.83920351854,1472.2178430357976,1487.6838633978543,2651600
2011-08-16,1478.1094970703125,1486.210744936667,1472.954157518996,1478.845974149072,2020700
2011-08-17,1489.8931884765625,1496.5214824440804,1480.3189860790362,1488.4202342615583,3747800
2011-08-18,1470.0086669921875,1491.3665083462824,1469.2721897041154,1491.3665083462824,2451100
2011-08-19,1473.6907958984375,1481.7920446515022,1451.5964811173515,1461.9071613485248,4247400
2011-08-22,1462.643310546875,1481.7917123969348,1448.6502476564467,1475.8998964430702,3324400
2011-08-23,1450.1234130859375,1457.4881841021179,1447.1775046794653,1451.5963672891735,4111800
2011-08-24,1449.3870849609375,1465.5895828619236,1440.549358833127,1461.1707197980184,2855600
2011-08-25,1445.7047119140625,1463.3801643266645,1443.4952803624874,1458.2248240396555,2992500
2011-08-26,1442.022216796875,1452.332896590111,1436.1303997721686,1451.5964194620226,2103400
2011-08-29,1446.440673828125,1451.5960122786325,1436.8664738486111,1442.7582892206196,2268300
2011-08-30,1452.3323974609375,1461.1701199606998,1447.9135362110565,1452.3323974609375,3445000
2011-08-31,1492.1024169921875,1497.2577560439868,1451.596181585193,1452.3326585925931,3126700
2011-09-01,1513.4605712890625,1521.5618200891502,1500.9404595071094,1510.5146626344854,3324900
2011-09-02,1478.8460693359375,1487.6837948498974,1472.2177752004677,1481.0555007144276,2295200
2011-09-05,1471.4810791015625,1481.0552803169383,1462.6433549027545,1469.2716480518607,1562600
2011-09-06,1456.01513671875,1463.3799072636095,1444.2315038469746,1453.069228500806,3167300
2011-09-07,1462.643310546875,1470.0080804892057,1447.9137706622137,1470.0080804892057,1570500
2011-09-08,1481.055419921875,1491.366099125707,1474.4271261479828,1478.845988663911,1324000
2011-09-09,1520.0887451171875,1531.1359016950742,1484.001366962758,1490.62966090949,5840100
2011-09-12,1484.7379150390625,1497.2580264258006,1478.1096207754952,1493.5756407238189,1747600
2011-09-13,1493.5755615234375,1501.6768096382095,1481.0554508006078,1494.3120386247804,1530000
2011-09-14,1521.561767578125,1542.919604586724,1507.5687019518014,1508.305179090029,3217600
2011-09-15,1523.7711181640625,1528.1899807590282,1514.1969158749696,1525.2440723623843,2201500
2011-09-16,1527.453369140625,1541.4464327923474,1520.8250758319145,1539.2370016894438,1794300
2011-09-20,1531.1361083984375,1541.4467892630735,1512.7241782830163,1521.5619047384184,1699800
2011-09-21,1517.8795166015625,1536.2914466913437,1514.1971305836062,1531.136106266205,2178300
2011-09-22,1532.60888671875,1538.5007036787451,1507.5686646387705,1509.7780959987688,2023200
2011-09-26,1571.64208984375,1590.7904939374414,1543.6559607837394,1550.2842545084786,3820000
2011-09-27,1565.01416015625,1565.01416015625,1539.2374563419119,1565.01416015625,2546500
2011-09-28,1598.61376953125,1618.7737750321112,1578.4537640303888,1585.1737658640093,2550500
2011-09-29,1607.573974609375,1608.3206415738941,1576.2139620995777,1588.9073004964005,2568200
2011-09-30,1615.7869873046875,1635.2003244904186,1597.8669837486282,1609.0669859711652,2913300
2011-10-03,1629.9739990234375,1631.4673329666564,1592.640650442965,1600.1073201590593,2132600
2011-10-04,1612.80078125,1617.280783420139,1600.1074417679397,1606.0807779947916,2763000
2011-10-05,1610.5606689453125,1626.987342434787,1590.4006605718662,1624.7473415044042,2452900
2011-10-06,1624.0009765625,1626.9876450251438,1609.0676342492818,1612.8009698275864,2075600
2011-10-07,1606.0806884765625,1632.2140330124432,1602.3473535428652,1618.0273602643936,1607000
2011-10-11,1621.7607421875,1621.7607421875,1586.6673927939398,1606.8274020200276,2492600
2011-10-12,1585.9207763671875,1622.5074609443966,1585.9207763671875,1612.8007895259534,1432100
2011-10-13,1605.3338623046875,1605.3338623046875,1580.6938541855923,1597.1205262649892,1249500
2011-10-14,1591.8941650390625,1611.3075085151486,1583.6808274145646,1597.1208344364704,2441300
2011-10-17,1625.493896484375,1627.7338972604214,1594.1338856197247,1613.547225678794,1651800
2011-10-18,1614.2938232421875,1626.9871604277182,1603.09381984319,1612.8004894556545,1574300
2011-10-19,1615.7869873046875,1627.7336563420604,1606.8269855266578,1627.7336563420604,936700
2011-10-20,1603.093994140625,1610.5606638851086,1591.1473225494512,1605.33399506397,1155100
2011-10-21,1602.347412109375,1609.8140822496796,1591.8940739129484,1600.8540780813141,1625400
2011-10-24,1599.360595703125,1626.2406057149424,1597.8672618135797,1624.7472718253969,1418000
2011-10-25,1587.4139404296875,1608.3206150919787,1585.920606525238,1598.613944713058,1472800
2011-10-26,1515.7337646484375,1532.160435989455,1494.827092032597,1497.8137595491457,3333700
2011-10-27,1516.4805908203125,1529.920596056534,1509.760588202202,1516.4805908203125,2212900
2011-10-28,1565.01416015625,1565.01416015625,1532.9074765270905,1539.6274800773797,2282400
2011-10-31,1546.3475341796875,1565.0142113185054,1546.3475341796875,1560.534208805189,1231600
2011-11-01,1535.1473388671875,1548.5873447522115,1532.1606708927377,1541.8673418096994,962800
2011-11-02,1513.493896484375,1533.653903985647,1510.5072287064088,1520.9605659292906,1482200
2011-11-04,1539.627197265625,1544.8538657335491,1514.9871887739832,1534.400528797701,1307100
2011-11-07,1524.69384765625,1532.9071837601768,1514.9871777152455,1532.9071837601768,706900
2011-11-08,1520.214111328125,1527.6807818159843,1511.2541067426941,1519.4674442793391,1040200
2011-11-09,1568.74755859375,1583.6809004175839,1540.3742091284655,1549.334214222766,1935600
2011-11-10,1535.89404296875,1557.5473863066663,1527.6807058405748,1538.1340440037068,2273400
2011-11-11,1514.9871826171875,1542.613858692513,1510.507181091459,1538.1338571667848,1557100
2011-11-14,1527.6805419921875,1535.8938782394573,1521.7072065396276,1531.4138766500373,763100
2011-11-15,1535.1473388671875,1535.1473388671875,1516.4806640268764,1516.4806640268764,1174400
2011-11-16,1532.1607666015625,1533.6541006820707,1517.227425796479,1531.4140995613084,1110400
2011-11-17,1529.173828125,1540.3738317489624,1513.4938230514526,1532.9071626663208,1285700
2011-11-18,1525.4405517578125,1544.107225176288,1514.9872146434664,1519.4672162639004,1567100
2011-11-21,1549.333740234375,1553.8137414109563,1525.4404006259413,1530.667068665286,987100
2011-11-22,1522.45361328125,1544.1069505961868,1514.2402784376532,1535.89361575259,1303400
2011-11-24,1517.226806640625,1538.880141971618,1514.240139698419,1523.9468072605885,1315500
2011-11-25,1511.25390625,1529.1739130434783,1506.0272376019022,1526.1872452445652,1088200
2011-11-28,1495.57421875,1523.2009017723415,1492.5875503151522,1522.4542346636294,1178000
2011-11-29,1503.040771484375,1503.7874385342927,1487.3607634361028,1496.3207680351154,1808400
2011-11-30,1505.28076171875,1514.9874332972936,1492.587421962193,1497.8140912737165,1581600
2011-12-01,1492.587158203125,1544.107175169616,1488.107156727778,1530.667170743575,2578100
2011-12-02,1510.50732421875,1513.4939921855691,1495.5739843846545,1498.5606523514737,2079900
2011-12-05,1506.0277099609375,1514.2410489840265,1498.5610381217657,1511.2543802483578,1507800
2011-12-06,1494.0804443359375,1508.267115221686,1494.0804443359375,1498.5604456682793,1951200
2011-12-07,1494.8272705078125,1506.7739420003825,1490.3472686980988,1503.78727412724,2915300
2011-12-08,1483.627197265625,1500.0538698070661,1476.1605279286061,1491.8405335363454,2728100
2011-12-09,1471.6805419921875,1482.1338791752878,1461.9738717507373,1464.2138725756872,5589300
2011-12-12,1474.667236328125,1481.3872389240505,1467.2005667770966,1477.6539041485364,2022100
2011-12-13,1460.48046875,1470.9338054383948,1458.2404680310583,1466.4538040005114,3425900
2011-12-14,1477.65380859375,1478.4004755005685,1460.4804697369252,1468.6938057119285,2470600
2011-12-15,1465.7073974609375,1484.374073434714,1463.4673963440844,1470.187399694644,1621300
2011-12-16,1485.866943359375,1496.32027863929,1474.6669412737515,1474.6669412737515,2298700
2011-12-19,1498.5606689453125,1506.7740059450127,1490.3473319456123,1493.3339999455034,2715900
2011-12-20,1509.0137939453125,1520.2137973640063,1495.5737898428804,1505.2804594724148,1836700
2011-12-21,1519.467041015625,1520.213707866247,1510.5070388081617,1517.227040463759,2013900
2011-12-22,1524.69384765625,1537.3871852714096,1516.480511552323,1520.213846145017,1491000
2011-12-26,1539.627197265625,1547.0938665055166,1529.920527253766,1538.1338634176468,911100
2011-12-27,1541.8673095703125,1546.3473114383135,1534.400639790311,1546.3473114383135,1004200
2011-12-28,1543.3603515625,1545.6003520727502,1534.4003495214986,1539.6270173787493,1143400
2011-12-29,1545.6005859375,1554.560589334239,1534.400581691576,1544.8539189877717,1110200
2011-12-30,1570.2401123046875,1570.9867790247563,1552.3201110230364,1557.5467780635179,1293400
2012-01-04,1565.7606201171875,1585.920628101529,1564.2672861924216,1584.427294176763,1851300
2012-01-05,1541.8673095703125,1556.8006491303156,1540.3739756143123,1553.813981218315,1390400
2012-01-06,1538.134033203125,1546.3473702736271,1524.6940270877578,1537.3873661967157,1192000
2012-01-10,1571.7340087890625,1586.6673485400274,1552.320667112808,1555.3073350630011,3207600
2012-01-11,1573.2274169921875,1576.960752106075,1558.2940765366375,1572.48074996941,2023400
2012-01-12,1561.28076171875,1568.00076499731,1554.5607584401903,1567.2540979663588,1268500
2012-01-13,1570.2401123046875,1591.8934471866828,1560.533444943793,1585.1734467060635,2310500
2012-01-16,1555.30712890625,1558.2937964605587,1544.1071255775923,1557.5471295719815,926000
2012-01-17,1562.0272216796875,1571.733891795288,1553.0672184960565,1567.2538902034723,965500
2012-01-18,1558.29345703125,1576.9601251796837,1555.3067901275006,1560.5334572090621,1595200
2012-01-19,1557.54736328125,1576.9607052972194,1553.8140282781787,1554.560695278793,1570400
2012-01-20,1558.29345703125,1574.7201250018718,1556.053456853438,1573.9734582759345,1561800
2012-01-23,1556.0538330078125,1562.0271682592822,1546.3471632241747,1555.307166101379,986200
2012-01-24,1568.0008544921875,1569.4941886393228,1553.814180094401,1565.0141861979166,1109800
2012-01-25,1569.493896484375,1577.7072327647404,1560.5338932694308,1572.4805642226897,1464300
2012-01-26,1580.69384765625,1580.69384765625,1557.5471734581658,1568.7471771024002,1728600
2012-01-27,1585.1741943359375,1591.894197985972,1568.0008516747378,1581.440858974807,2980200
2012-01-30,1591.8941650390625,1603.0941708906507,1573.9741556765216,1590.4008309255175,3215000
2012-01-31,1497.8140869140625,1512.7474277606632,1471.6807404325111,1479.8940778981414,6492000
2012-02-01,1475.4140625,1499.3074076417004,1475.4140625,1498.5607406060221,3155400
2012-02-02,1497.0672607421875,1497.0672607421875,1482.1339214829138,1482.8805884458775,2263600
2012-02-03,1497.0672607421875,1502.2939294829332,1494.8272598532965,1497.8139277051512,1280800
2012-02-06,1492.587158203125,1502.293828066377,1490.3471574654516,1497.067159678472,1506800
2012-02-07,1495.57421875,1497.0675529674238,1490.3475489890166,1491.0942160977283,1797000
2012-02-08,1497.8140869140625,1500.0540880410526,1491.8407505754221,1494.0807517024123,2239600
2012-02-09,1511.25390625,1520.9605765964675,1500.8005689538043,1519.4672426970108,2076000
2012-02-10,1499.3074951171875,1509.0141671473286,1494.080825562496,1508.267500068087,1785500
2012-02-13,1510.50732421875,1520.9606621026167,1500.0539863348831,1500.0539863348831,1281400
2012-02-14,1499.3074951171875,1506.7741659096037,1495.5741597209794,1503.7874975926372,2075900
2012-02-15,1523.9471435546875,1531.4138125578952,1495.5738013424982,1501.5471365450644,2714800
2012-02-16,1521.707275390625,1521.707275390625,1508.2672700142602,1510.507270910321,1538100
2012-02-17,1526.9342041015625,1535.1475421187347,1517.97419899192,1529.174205378973,1475700
2012-02-20,1529.173828125,1542.6138324737549,1527.6804943084717,1541.8671655654907,1061600
2012-02-21,1529.173828125,1538.13383102417,1524.693826675415,1529.173828125,1135100
2012-02-22,1538.134033203125,1543.36070224799,1534.4006981710786,1534.4006981710786,1493600
2012-02-23,1532.1607666015625,1538.88076996385,1525.440763239275,1538.88076996385,2183100
2012-02-24,1534.400634765625,1535.8939687167351,1525.4406310589645,1526.9339650100746,1624200
2012-02-27,1530.6669921875,1541.8669945693598,1529.9203253620428,1541.8669945693598,1525500
2012-02-28,1555.30712890625,1557.5471295719815,1529.9204546946262,1529.9204546946262,1996500
2012-02-29,1552.3206787109375,1565.7606845872226,1547.0940097590487,1556.8006806696992,2052700
2012-03-01,1565.01416015625,1571.7341637065394,1552.320820116815,1565.7608272173934,2024300
2012-03-02,1554.5604248046875,1568.747095348054,1550.0804235804665,1564.267094123833,2071500
2012-03-05,1550.080810546875,1555.3074799465996,1544.8541411471506,1553.067478775289,1259700
2012-03-06,1573.9737548828125,1573.9737548828125,1549.3337482836034,1559.0404175499584,2408600
2012-03-07,1561.28076171875,1596.3741121734517,1552.320757347337,1557.5474265639946,2073700
2012-03-08,1576.2138671875,1578.4538679461748,1565.7605303136843,1571.7338656701504,1742700
2012-03-09,1573.9737548828125,1593.3870934155227,1572.480421149527,1593.3870934155227,4598700
2012-03-12,1569.493896484375,1586.6672359796844,1568.0005626152176,1585.9205690451058,1237500
2012-03-13,1576.2138671875,1582.1872025439661,1568.7471979919173,1575.4672002679417,1860800
2012-03-14,1581.4404296875,1605.3337695128068,1581.4404296875,1596.3737670783166,2462400
2012-03-15,1591.1470947265625,1599.3604302694964,1586.6670935213258,1595.6270959317992,1507800
2012-03-16,1591.1470947265625,1600.8537640045754,1585.9204266537863,1594.8804290642597,1290000
2012-03-19,1591.1470947265625,1603.0937646071936,1589.6537609914835,1594.1337621967202,1062600
2012-03-21,1592.6409912109375,1601.6009967873704,1588.1609884227212,1597.8676611305234,1880100
2012-03-22,1604.5872802734375,1609.0672819866252,1595.627276847062,1595.627276847062,1579500
2012-03-23,1600.853759765625,1614.2937633457468,1600.853759765625,1605.333760958999,1615600
2012-03-26,1605.3338623046875,1614.2938652570858,1603.093861566588,1605.3338623046875,1266900
2012-03-27,1630.720458984375,1635.200460245321,1607.57378580282,1617.2804552015368,2323500
2012-03-28,1642.081787109375,1645.8688761017859,1628.4482667366956,1628.4482667366956,1411300
2012-03-29,1639.8096923828125,1646.6264532287457,1628.4484243062573,1642.0819459981237,1160500
2012-03-30,1645.1114501953125,1654.2004637323032,1632.992765479325,1651.1707925533065,1908900
2012-04-02,1632.2353515625,1653.4430498658642,1623.903755800464,1653.4430498658642,1947000
2012-04-03,1632.9927978515625,1643.5966471882612,1626.176037563685,1639.8095581394402,1567500
2012-04-04,1617.8446044921875,1643.596812616127,1617.8446044921875,1632.2355443261536,1688100
2012-04-05,1617.8446044921875,1634.5077979841483,1617.0871866061893,1629.2058727821607,1961700
2012-04-06,1616.3294677734375,1624.6610629681459,1592.0920999342857,1617.086885518411,1349700
2012-04-09,1620.11669921875,1623.9037882772323,1601.9386717380346,1605.725760796517,1826700
2012-04-10,1618.601806640625,1632.2353267714304,1598.9089442294617,1632.2353267714304,1835300
2012-04-11,1622.3890380859375,1634.5077237112293,1610.2703524606459,1619.3593666796146,2105700
2012-04-12,1616.3294677734375,1642.0816711025361,1606.4830370887819,1617.8443032633843,2087300
2012-04-13,1633.750244140625,1636.0224976095271,1616.3296342123754,1626.9334837339188,3027400
2012-04-16,1624.6607666015625,1631.4775250628277,1612.5420848926465,1620.8736785675262,1155800
2012-04-17,1629.9632568359375,1632.2355104467683,1614.814899430399,1620.1168245223375,1213500
2012-04-18,1642.081787109375,1644.3540405048216,1625.418595542767,1629.2056845351779,1226500
2012-04-19,1621.6314697265625,1632.2353186645223,1613.2998741324514,1629.9630653206739,1417500
2012-04-20,1619.3592529296875,1623.1463419215715,1593.6070477848748,1606.4831503572811,1950900
2012-04-23,1625.418701171875,1629.2057904103929,1610.2703442178035,1616.3296869994322,1441100
2012-04-24,1614.0570068359375,1624.6608539010258,1601.9383244758365,1623.146018606013,1694800
2012-04-25,1631.47802734375,1653.4431447035313,1602.6961494240368,1651.9283090235465,4984500
2012-04-26,1633.750244140625,1642.8392580162335,1629.2057372028207,1632.9928263176578,1849500
2012-04-27,1626.17626953125,1639.8097920517728,1617.8446724353748,1627.6911053668637,2514200
2012-05-01,1625.418701171875,1637.5373867351323,1611.0277620655072,1623.903865476468,1608600
2012-05-02,1636.7796630859375,1645.8686755602696,1632.992574554966,1636.0222453797433,1982300
2012-05-07,1626.93359375,1630.7206831209264,1604.2110575244412,1611.785236266294,1922400
2012-05-08,1615.57275390625,1639.8101323052185,1607.9985731565723,1639.8101323052185,2418800
2012-05-09,1613.300048828125,1620.1168095978212,1604.2110344685298,1604.2110344685298,1521900
2012-05-10,1599.666748046875,1620.874451145981,1599.666748046875,1620.874451145981,1537100
2012-05-11,1590.5775146484375,1600.4239468819756,1588.3052610560826,1598.9091111537389,1685600
2012-05-14,1592.8492431640625,1604.9679249950777,1588.3047374774317,1598.1511664651316,1208200
2012-05-15,1595.8795166015625,1614.8149641170057,1590.5775912972383,1593.6072628997092,1654500
2012-05-16,1575.4295654296875,1590.5779266357422,1567.8553848266602,1589.0630905151368,2216000
2012-05-17,1548.9195556640625,1580.7311064405371,1542.1027947833895,1577.7014349380158,2077200
2012-05-18,1545.8897705078125,1556.493619987043,1528.4691606490767,1533.771085388692,2294300
2012-05-21,1540.5880126953125,1561.038296049675,1536.043505283232,1551.949281225514,994700
2012-05-22,1538.3157958984375,1550.4344826214187,1533.7712883773195,1546.647393020487,920400
2012-05-23,1542.8599853515625,1551.9489985200548,1525.439376778619,1531.4987188909472,1782900
2012-05-24,1533.01416015625,1554.2218659291625,1529.2270698396585,1544.3754311060245,1645400
2012-05-25,1546.6473388671875,1551.9492641228537,1524.6822199508563,1542.8602493988546,1580500
2012-05-28,1550.4342041015625,1558.0083819428012,1541.3451906920761,1545.8896973968192,1358600
2012-05-29,1544.374755859375,1556.4934395738185,1538.3154140021534,1548.9192622522912,1431600
2012-05-30,1526.1971435546875,1541.3455022996473,1519.3803821194556,1539.0732484879034,1485900
2012-05-31,1535.28564453125,1535.28564453125,1512.5631140251141,1514.8353670757278,1958200
2012-06-01,1544.374755859375,1544.374755859375,1514.8354643054195,1519.3799706983357,1541600
2012-06-04,1567.85498046875,1567.85498046875,1520.1376549762228,1524.6821621659874,2257600
2012-06-05,1574.6717529296875,1578.4588422825727,1554.221470424107,1564.8253206121858,2021400
2012-06-06,1551.1915283203125,1586.7901620268822,1545.1321864128113,1575.4288959503174,2991300
2012-06-07,1565.5826416015625,1567.8548950726822,1539.8304355955377,1546.6471960088973,2111800
2012-06-08,1552.70654296875,1569.3697351371952,1548.919453839558,1556.493632097942,3866900
2012-06-11,1549.6767578125,1575.4289619990225,1548.1619222721163,1575.4289619990225,1160000
2012-06-12,1527.7117919921875,1544.3749845672137,1526.954374147868,1537.5582239683392,1416400
2012-06-13,1552.70654296875,1553.4639607945885,1524.6820834127286,1528.4691725419207,1423400
2012-06-14,1554.9786376953125,1560.2805619348972,1542.8599537191192,1542.8599537191192,1310300
2012-06-15,1566.340087890625,1574.6716841028092,1550.4343133037278,1550.4343133037278,1793200
2012-06-18,1554.9786376953125,1579.2160056476994,1553.4638021982882,1575.4289169051387,1443400
2012-06-19,1562.552978515625,1575.429081586282,1554.221382411082,1559.523307204882,1116200
2012-06-20,1586.7901611328125,1588.3049966088345,1562.5527935164641,1566.3398822065185,1325400
2012-06-21,1583.7607421875,1598.1516814995816,1579.973652894847,1589.0626671972143,1528200
2012-06-22,1568.6123046875,1585.2754967218432,1561.795544309814,1581.4884076231288,1439600
2012-06-25,1573.1566162109375,1587.5475529986156,1567.8546921312666,1567.8546921312666,1157800
2012-06-26,1576.943603515625,1589.0622863476376,1574.6713504846227,1575.4287681616236,1861200
2012-06-27,1588.305419921875,1588.305419921875,1572.39964318446,1577.7015687635983,1323500
2012-06-28,1635.26513671875,1639.0522259654354,1595.879408553222,1596.636826402559,2083300
2012-06-29,1661.77490234375,1666.319409825091,1631.4781858014755,1639.809782850601,2270200
2012-07-02,1658.7452392578125,1666.3194184325057,1645.8691346608339,1666.3194184325057,1359600
2012-07-03,1679.1951904296875,1681.4674437320282,1661.7745817784098,1666.319088383091,1479500
2012-07-04,1679.95263671875,1705.7048412491547,1677.680383377832,1704.1900056885427,2257900
2012-07-05,1667.834228515625,1679.9529150080182,1662.532303175203,1679.9529150080182,1687200
2012-07-06,1652.685546875,1676.9229151151467,1645.8687870574588,1666.3190665100824,1776400
2012-07-09,1658.4427490234375,1664.0471979251174,1646.626585475287,1647.3840034078883,1318600
2012-07-10,1670.0584716796875,1677.6801720504068,1664.046653722232,1668.5911598316236,1269000
2012-07-11,1670.1060791015625,1670.1060791015625,1654.200306919643,1666.3189904868198,984600
2012-07-12,1667.834228515625,1674.6509896675961,1654.2007062116825,1667.834228515625,1332000
2012-07-13,1645.3199462890625,1665.5618270756997,1642.8392919177775,1654.2005594967386,1629500
2012-07-17,1663.4674072265625,1673.1359491641524,1644.3540722659009,1652.6856682101316,1197900
2012-07-18,1685.2545166015625,1691.3138586837254,1676.9229212385883,1681.4674278002105,1249900
2012-07-19,1668.3096923828125,1689.0415995850128,1662.5319780668624,1676.9229154624297,1668100
2012-07-20,1652.685546875,1668.5913197825962,1645.1113692999543,1668.5913197825962,1440800
2012-07-23,1645.8687744140625,1664.0468004545307,1638.2945968972008,1639.809432400573,1140900
2012-07-24,1643.5966796875,1656.4727827080935,1627.6909053679437,1646.6263509864632,1452800
2012-07-25,1636.0228271484375,1648.8989327324762,1627.6912294175888,1634.5079911973742,1254200
2012-07-26,1587.9320068359375,1620.8743232587965,1554.978965257154,1620.8743232587965,3673600
2012-07-27,1586.7901611328125,1610.2701110111502,1571.6418063725948,1610.2701110111502,1831100
2012-07-30,1608.7552490234375,1613.299755376611,1586.7901349830986,1594.364312238388,1226600
2012-07-31,1614.0570068359375,1629.2053597860636,1600.423489180824,1611.0273362459122,1640300
2012-08-01,1618.601806640625,1638.2946690517886,1599.6663620145064,1607.240539864954,1544700
2012-08-02,1634.507568359375,1646.6262528328457,1618.6017949879445,1619.3592127675365,1556200
2012-08-03,1639.427490234375,1645.8686843507758,1619.359064492388,1626.9332415947845,1286000
2012-08-06,1654.468994140625,1662.5319055288983,1640.5667915150768,1648.8983864858367,1132100
2012-08-07,1664.1529541015625,1670.1061541181352,1650.4132924369237,1653.4429634648025,829000
2012-08-08,1658.7452392578125,1676.165851359607,1650.41364216565,1669.349090102383,1635100
2012-08-09,1681.052490234375,1684.4974844002897,1663.2897822585596,1663.2897822585596,1869800
2012-08-10,1671.6209716796875,1688.2841621540658,1664.804211940169,1673.8932249261936,1251900
2012-08-13,1673.893310546875,1688.2842485108526,1669.3488038214082,1671.6210571841416,855300
2012-08-14,1719.3387451171875,1732.2148502568316,1689.799445090945,1689.799445090945,2217200
2012-08-15,1718.4327392578125,1726.9128241505102,1711.7644660439269,1726.9128241505102,1651000
2012-08-16,1735.244384765625,1755.6946677811954,1728.4276237604347,1732.2147132077625,1726600
2012-08-17,1726.1553955078125,1733.7295745139897,1715.5515448991641,1726.91281340843,1306300
2012-08-20,1727.670166015625,1739.7888519675103,1723.125658783668,1727.670166015625,997200
2012-08-21,1736.0013427734375,1745.090355039267,1732.2142543293419,1733.7290897069802,883700
2012-08-22,1729.9425048828125,1742.061191431904,1717.066400424403,1729.9425048828125,1292300
2012-08-23,1796.693603515625,1801.1397352721897,1752.6649905045613,1755.694662052538,3058100
2012-08-24,1798.110107421875,1804.9268685704837,1791.2933462732665,1793.5655999894693,1511100
2012-08-27,1793.5650634765625,1810.9856700897217,1789.7779750823975,1810.2282524108887,970000
2012-08-28,1784.4764404296875,1789.7783653375855,1776.902261989833,1785.233858273673,1377000
2012-08-29,1791.29296875,1798.109728461945,1784.476209038055,1785.9910445295984,897000
2012-08-30,1803.4117431640625,1806.4414142991554,1789.020805272371,1795.8375653263302,1093700
2012-08-31,1790.5355224609375,1803.4116239337952,1782.2039273902647,1786.7484337924498,1592500
2012-09-03,1784.4764404296875,1801.8970508413524,1776.902261989833,1779.1745155217893,1295800
2012-09-04,1775.3875732421875,1785.9914239356137,1764.0263046420882,1781.446916495574,1298700
2012-09-05,1772.3580322265625,1780.6896298139523,1763.2690166766827,1763.2690166766827,1245000
2012-09-06,1769.327880859375,1772.3575518882437,1746.605348142859,1764.0259565588544,1986600
2012-09-07,1745.84814453125,1770.0855157351546,1737.5165481799079,1768.5706800349105,2072400
2012-09-10,1769.327880859375,1771.6001341310266,1745.8479303856418,1747.3627659000763,1404200
2012-09-11,1770.8428955078125,1770.8428955078125,1745.8481069912352,1751.9074496619205,1179400
2012-09-12,1776.902587890625,1782.9619317538497,1754.1800484035325,1760.9968102496603,1419000
2012-09-13,1773.1153564453125,1779.174699824878,1760.2392517637363,1771.6005206004213,812800
2012-09-14,1753.422119140625,1775.387234240011,1749.6350303303861,1772.3575631918197,3316000
2012-09-18,1720.0958251953125,1737.5164346094439,1704.19005138241,1728.427421002071,2525800
2012-09-19,1735.244384765625,1756.4520856706608,1717.8237733079168,1721.6108627552446,1729400
2012-09-20,1727.670166015625,1746.6056128154457,1717.8237336797185,1736.0017626075462,2053500
2012-09-21,1744.3333740234375,1756.4520600783117,1711.7644052509634,1717.0663303999709,1769600
2012-09-24,1760.239501953125,1763.2691740735263,1732.9724528695137,1736.7595430200154,1639800
2012-09-25,1783.71875,1787.505838641189,1761.7536358811042,1761.7536358811042,1625100
2012-09-26,1775.2762451171875,1795.2317930519246,1763.763429000993,1786.0215401589692,1448100
2012-09-27,1806.74462890625,1810.5822343202394,1773.7412223459405,1779.1138699255257,2198100
2012-09-28,1765.2984619140625,1780.6488833220108,1743.0403508725374,1779.8813622516134,3120800
2012-10-01,1758.390625,1769.903440091663,1747.6453309144479,1756.0880619816674,1391300
2012-10-02,1752.25048828125,1766.0658666382637,1749.1804042019135,1750.7154462415817,1148300
2012-10-03,1720.0147705078125,1753.0181775278195,1719.247249414324,1747.6455298734,1443600
2012-10-04,1752.25048828125,1776.043639896107,1739.2026309440703,1742.2727150234066,1264700
2012-10-05,1759.925537109375,1771.4383513512591,1750.7152857158674,1759.925537109375,1020700
2012-10-09,1743.0400390625,1788.3237741152027,1737.6673925308235,1756.0878949251432,2244800
2012-10-10,1716.945068359375,1736.133099968219,1706.1997706584223,1726.1553235316203,1326400
2012-10-11,1714.642333984375,1719.2474611123546,1700.0594314124398,1706.967122104409,1009100
2012-10-12,1736.9000244140625,1753.7854864278095,1728.4572934071891,1729.224814407814,2037200
2012-10-15,1719.2470703125,1732.2949275425503,1712.3393811907088,1727.6898014613562,1249400
2012-10-16,1696.989013671875,1703.8967030083957,1680.8710718866605,1700.826618858831,3311300
2012-10-17,1705.431396484375,1714.641647050447,1691.6160206352665,1691.6160206352665,3103000
2012-10-18,1683.941650390625,1706.9672882719917,1674.7313952380782,1694.6869480685962,3529500
2012-10-19,1690.0816650390625,1704.6645676892633,1682.4064531179042,1685.4765378863676,3193300
2012-10-22,1703.1287841796875,1706.198867612188,1683.1732418684337,1688.5458878753097,1754900
2012-10-23,1710.0369873046875,1742.2728730617775,1704.6643396785057,1729.9925356305052,1688400
2012-10-24,1720.782470703125,1756.0884446783004,1714.642301316138,1717.7123860096315,2204200
2012-10-25,1727.689697265625,1740.7375537087682,1710.804235986263,1735.3649069380622,1448500
2012-10-26,1733.830322265625,1746.110660980211,1728.4576740779935,1739.2029704532563,1686100
2012-10-29,1725.3875732421875,1751.483292766313,1722.3174885922904,1749.1807292788903,1533300
2012-10-30,1708.5018310546875,1743.040277774122,1708.5018310546875,1740.7377146594931,1358800
2012-10-31,1720.782470703125,1734.5978518238458,1705.4320472356574,1711.5722166226444,1337200
2012-11-01,1723.084716796875,1736.1325743405484,1710.8043802851826,1734.597532276587,897500
2012-11-02,1724.6197509765625,1744.5752977168343,1717.7120617203145,1734.5975243466985,1332600
2012-11-05,1711.5718994140625,1717.7120676630814,1705.4317311650434,1711.5718994140625,774600
2012-11-06,1700.8270263671875,1722.3176205631628,1693.1518141543393,1713.107365907745,924800
2012-11-07,1694.6866455078125,1710.0370680214703,1680.8712652455206,1696.9892088848612,1164600
2012-11-08,1667.8233642578125,1690.0814763440878,1664.7532798321192,1685.4763497055483,1590800
2012-11-09,1676.2659912109375,1687.778807084639,1653.2403594635346,1656.3104436965216,1865100
2012-11-12,1663.9859619140625,1675.4987799162354,1661.683398313628,1672.428695115656,1323400
2012-11-13,1663.21826171875,1671.6609940117385,1650.9379238380393,1664.7533039538387,1246000
2012-11-14,1661.6832275390625,1671.6610021155095,1660.1481852965323,1667.8233965091838,993800
2012-11-15,1661.6832275390625,1673.963565479305,1656.3105796902064,1672.4285232367747,1333000
2012-11-16,1667.0560302734375,1692.3842296284206,1659.380818347685,1664.7534666957117,2839800
2012-11-19,1665.5208740234375,1679.3362545452908,1660.9157471828196,1665.5208740234375,1729800
2012-11-20,1648.6357421875,1666.2887319781485,1644.0306144160265,1662.4511255019204,2033100
2012-11-21,1681.638671875,1685.476277242127,1665.520729333067,1677.033545434448,2133000
2012-11-22,1683.941650390625,1703.1296819584306,1677.033959026215,1700.827118170294,1178400
2012-11-26,1695.4539794921875,1709.2693582295615,1684.7086849186742,1706.9667951066658,1641200
2012-11-27,1715.4100341796875,1722.3177255924916,1703.1296938902578,1705.432257694526,1899100
2012-11-28,1721.5496826171875,1729.2248929721459,1707.7343039782622,1722.3172036526832,1248200
2012-11-29,1720.782470703125,1729.9927247836056,1714.642301316138,1721.5499918764983,1135300
2012-11-30,1736.9000244140625,1744.5752344203113,1717.711999398441,1726.1547304053145,1805000
2012-12-03,1713.107421875,1740.7381867439517,1712.3399006286402,1739.203144251232,1463900
2012-12-04,1717.7120361328125,1723.084683252084,1704.664178843153,1716.9445151157736,1679900
2012-12-05,1729.9927978515625,1739.9705735268376,1717.712458558916,1718.4799797647065,1394800
2012-12-06,1764.531005859375,1769.1361324514396,1737.6677674056657,1739.9703307016978,2236600
2012-12-07,1767.6014404296875,1778.3467379398985,1762.9963129253115,1767.6014404296875,1388500
2012-12-10,1772.2059326171875,1779.1136213974191,1766.0657648125373,1777.5785794462565,1002700
2012-12-11,1768.36865234375,1777.5789057413738,1767.6011312272815,1775.2763423919678,795700
2012-12-12,1764.531005859375,1776.8113434382137,1761.4609214646655,1776.0438223395363,1212900
2012-12-13,1743.80810546875,1772.2063888764717,1740.7380207760234,1768.3687830105634,2209800
2012-12-14,1745.3431396484375,1756.8559571922926,1734.5978432741726,1736.9004067829437,4164000
2012-12-17,1755.320556640625,1763.7632877831902,1746.8778254980596,1763.7632877831902,2345700
2012-12-18,1746.1109619140625,1760.6938666509272,1742.2733554043614,1760.6938666509272,2161900
2012-12-19,1730.760009765625,1750.7155575500624,1720.7822358734065,1746.8779522069015,3689200
2012-12-20,1696.221923828125,1728.4578155931845,1689.3142327356122,1726.9227731281815,4297500
2012-12-21,1692.384033203125,1711.5720607904618,1692.384033203125,1708.501976376488,2429900
2012-12-25,1713.107421875,1729.992889294915,1702.3621244259632,1729.225368048555,1363800
2012-12-26,1734.900390625,1734.9003906250002,1713.8854464586138,1727.8954092362046,1510400
2012-12-27,1743.46240234375,1754.3590423583983,1740.349076625279,1751.2457166399274,1868400
2012-12-28,1750.4671630859375,1756.6938137327527,1746.575506431678,1756.6938137327527,1498700
2013-01-04,1782.3785400390625,1786.2701962400213,1772.26023391657,1782.3785400390625,2143200
2013-01-07,1808.0635986328125,1811.1769238134113,1790.1619788443688,1790.1619788443688,1613600
2013-01-08,1814.290283203125,1827.5219154701576,1803.3936448655686,1814.2902832031248,1905000
2013-01-09,1815.8470458984375,1825.9653534838124,1792.497105316803,1808.063732371226,1933100
2013-01-10,1831.4136962890625,1836.0836844648952,1818.9603944868418,1820.5170572121194,1257600
2013-01-11,1844.6446533203125,1864.8812613314212,1834.526349314758,1854.7629573258669,2171000
2013-01-15,1860.2120361328125,1866.4386872997843,1844.6454082153832,1859.433704736941,1219000
2013-01-16,1858.655029296875,1871.1083293256647,1853.2067105342794,1862.5466855558718,2186900
2013-01-17,1884.3399658203125,1884.3399658203127,1863.3250219635804,1869.5516719952047,2333300
2013-01-18,1902.2420654296875,1906.1337226830215,1886.6754364163512,1904.577059781688,2053100
2013-01-21,1883.5615234375,1913.138109342717,1883.5615234375,1895.2364915579803,1392800
2013-01-22,1883.5615234375,1897.5714851820765,1865.6599056527634,1883.5615234375,1714800
2013-01-23,1883.5615234375,1902.2414724302687,1872.6648865250518,1883.5615234375,1425300
2013-01-24,1885.1181640625,1891.3448136547793,1872.664864877942,1883.5615016644304,1651300
2013-01-25,1934.9315185546875,1934.9315185546875,1894.4582929051123,1896.793286692588,1646900
2013-01-28,1915.4737548828125,1944.2720193812536,1915.4737548828123,1943.4936879083227,1108300
2013-01-29,1934.1531982421875,1945.0498359787632,1924.03489177251,1926.3698855732048,1641500
2013-01-30,1974.6268310546875,1980.8534824730702,1939.6019168262833,1945.0502368173684,2014500
2013-01-31,2042.3408203125,2042.3408203124998,1990.9709673625666,1991.7492984678686,3017000
2013-02-01,2031.4444580078125,2044.6760885772119,2012.76450896866,2033.7794516377064,1706200
2013-02-04,2022.8829345703125,2028.331253362922,2008.094640704658,2016.6562845216158,1551800
2013-02-05,2008.873291015625,2027.5532441285172,2004.9816341171056,2025.9965813691094,2003500
2013-02-06,2165.31689453125,2170.7652116634276,2101.493750982881,2140.4103019270083,4746500
2013-02-07,2195.672607421875,2216.6875526187523,2162.982692671177,2163.761023974765,3079900
2013-02-08,2159.0908203125,2186.3324132147845,2154.4208329578223,2156.755826635161,3203700
2013-02-12,2225.249267578125,2261.052508679417,2163.7610926432976,2163.7610926432976,2405500
2013-02-13,2198.0078125,2218.244428337465,2188.6678359596317,2202.677800770184,1876200
2013-02-14,2209.681884765625,2241.5934583039802,2195.671925651225,2215.908533260914,1937400
2013-02-15,2218.243896484375,2242.372163428591,2187.1106488144187,2194.893960731908,2243400
2013-02-18,2264.9443359375,2272.727649806701,2215.1311271746135,2218.2444527222938,1607400
2013-02-19,2313.2001953125,2327.210156118565,2261.8303390235956,2261.8303390235956,1754100
2013-02-20,2304.63916015625,2326.432438266475,2296.0775151843764,2320.205787377839,1767600
2013-02-21,2296.07666015625,2306.1949640823623,2285.9583562301377,2303.8599708686443,1356100
2013-02-22,2298.412353515625,2306.973997907319,2271.9490890322077,2288.2940465072593,1984300
2013-02-25,2338.884765625,2342.776420809068,2293.7415654898086,2318.648158667845,2217200
2013-02-26,2312.422119140625,2334.2153939086957,2297.633825548006,2311.643787898908,1899200
2013-02-27,2275.840087890625,2307.751662310432,2275.0617568072153,2307.751662310432,1579100
2013-02-28,2306.973876953125,2331.8804775140225,2275.840626252003,2276.6189575195312,2762500
2013-03-01,2342.776611328125,2350.559922329215,2306.9733807231105,2306.9733807231105,1652600
2013-03-04,2377.802490234375,2408.9357470623213,2346.669233406429,2346.669233406429,1674500
2013-03-05,2358.343994140625,2405.0438752127166,2350.5606806286096,2389.477248188686,1298900
2013-03-06,2370.01904296875,2381.6940136237686,2346.6691016587133,2370.01904296875,1652900
2013-03-07,2408.935302734375,2412.8269591200524,2373.910395263277,2377.802051648955,1713500
2013-03-08,2447.851806640625,2537.3599013190583,2436.1768377695253,2471.201744382825,7261300
2013-03-11,2443.959716796875,2459.526339196855,2428.393094396895,2447.85137239687,1949500
2013-03-12,2443.959716796875,2455.6346835968598,2424.5014387969,2443.959716796875,1930900
2013-03-13,2443.959716796875,2463.41799479685,2436.1764055968847,2443.959716796875,1493200
2013-03-14,2459.5263671875,2478.98464540892,2443.959744610364,2455.634711543216,1818000
2013-03-15,2463.418212890625,2502.3347723359743,2459.52655694609,2467.3098688351597,1952700
2013-03-18,2405.044189453125,2440.06910483351,2397.2608749241504,2424.5024757755614,2197300
2013-03-19,2412.826904296875,2467.3100924584173,2408.9352479996223,2416.718560594128,1717600
2013-03-21,2408.935302734375,2455.635179362505,2408.935302734375,2416.7186155057298,2230300
2013-03-22,2373.910888671875,2420.610775006404,2373.910888671875,2408.9358034227716,1870500
2013-03-25,2397.260498046875,2424.5020946155896,2397.260498046875,2401.1521546995486,1609800
2013-03-26,2416.71826171875,2432.2848849826387,2385.585015190972,2389.4766710069443,1451200
2013-03-27,2385.585205078125,2428.3934224612563,2362.23526832369,2428.3934224612563,1590400
2013-03-28,2366.127197265625,2397.260449861225,2342.7772578189247,2397.260449861225,2156300
2013-03-29,2397.260498046875,2397.260498046875,2334.993991604099,2370.018901478161,1441600
2013-04-01,2338.884765625,2405.04290375416,2338.884765625,2405.04290375416,1985300
2013-04-02,2304.63916015625,2331.880757794031,2248.5993021585296,2331.880757794031,2640800
2013-04-03,2362.235107421875,2370.018419143199,2307.7519253726064,2327.2102046759164,2123700
2013-04-04,2401.152099609375,2412.8270692995343,2314.757323902198,2342.77725115858,3123400
2013-04-05,2443.959716796875,2478.98461719683,2397.2598495969346,2420.6097831969046,4164600
2013-04-08,2506.2265625,2510.1182186529504,2436.1767517468948,2482.8766255822984,2648400
2013-04-09,2521.793212890625,2545.14315004702,2475.0933385778358,2510.1182443124276,2202600
2013-04-10,2560.709716796875,2603.5179339469746,2521.79315575133,2541.251436274102,3089200
2013-04-11,2615.1923828125,2630.759004138765,2552.9258975074404,2564.600863502139,2630700
2013-04-12,2611.30126953125,2630.7595502282043,2591.8429888342957,2626.867894088813,2695900
2013-04-15,2595.73486328125,2622.97645854807,2564.601611547742,2572.3849244811186,1976900
2013-04-16,2611.30126953125,2630.7595502282043,2556.8180835797784,2568.4930519979507,2578800
2013-04-17,2611.30126953125,2634.651206367595,2568.4930519979507,2630.7595502282043,1634400
2013-04-18,2584.0595703125,2607.409506188818,2568.4929463949547,2595.734538250659,1903600
2013-04-19,2568.4931640625,2584.0597892992423,2556.818195134943,2584.0597892992423,2025900
2013-04-22,2580.168212890625,2615.193120757918,2576.276556460926,2607.40980789852,1487200
2013-04-23,2584.0595703125,2591.8428822712726,2568.4929463949547,2568.4929463949547,1152200
2013-04-24,2611.30126953125,2615.1929256706408,2584.059676555514,2607.4096133918592,1136900
2013-04-25,2630.759765625,2630.759765625,2584.0598881286983,2591.8432010447486,1633300
2013-04-26,2584.0595703125,2642.4344100032945,2576.2762583537274,2642.4344100032945,2032700
2013-04-30,2622.9765625,2642.434845604599,2587.951652911721,2603.5182793954004,1672400
2013-05-01,2689.135009765625,2720.268266029192,2646.32678240322,2646.32678240322,2144100
2013-05-02,2650.2177734375,2716.375926372063,2634.651149217603,2665.784397657397,1635600
2013-05-07,2693.026123046875,2716.3760605299403,2673.5678418109874,2704.7010917884077,1534900
2013-05-08,2708.592529296875,2716.3758411626704,2685.242593699488,2700.8092174310796,1474700
2013-05-09,2673.56787109375,2712.4844339917668,2673.56787109375,2708.592777701965,1172100
2013-05-10,2696.918212890625,2720.2681541277734,2669.676614780619,2716.376497254915,1845300
2013-05-13,2704.701171875,2712.48448459982,2685.2428900629498,2696.91785915018,1064900
2013-05-14,2720.267578125,2724.15923417382,2696.9176418320817,2700.8092978809013,1008400
2013-05-15,2731.942138671875,2747.5087605446492,2712.483861330907,2724.1588277354876,2227200
2013-05-16,2755.292724609375,2763.0760373907574,2735.8344426559192,2747.5094118279926,1888400
2013-05-17,2743.61767578125,2763.0759571697695,2728.051050670434,2739.726019503546,1526500
2013-05-20,2731.942138671875,2747.5087605446492,2720.267172267294,2743.6171050764556,1164400
2013-05-21,2681.35107421875,2735.8342600519322,2673.567761956867,2731.9426039209907,1540600
2013-05-22,2693.026123046875,2720.267716777118,2685.24281055252,2700.80943554123,1361100
2013-05-23,2564.601318359375,2751.400807405278,2560.7096623375855,2700.8092791220124,2993500
2013-05-24,2603.51806640625,2650.2179420368557,2506.226658842489,2587.951441196048,3125700
2013-05-27,2564.601318359375,2622.9761586862196,2529.576414163268,2607.4095345990613,1677800
2013-05-28,2525.685302734375,2560.7102144826176,2506.227018429796,2529.5769595952906,1407100
2013-05-29,2549.03466796875,2599.6261957299616,2537.3597000238547,2572.38460385854,1712600
2013-05-30,2478.9853515625,2537.3602028551804,2451.7437542925823,2517.9019190909535,2489500
2013-05-31,2475.09326171875,2533.4681027970223,2475.09326171875,2517.9014785094832,2213300
2013-06-03,2447.851806640625,2494.551682125025,2440.0684940598917,2451.743462930992,1735600
2013-06-04,2498.443603515625,2517.9018870321015,2424.502126153013,2436.177096262899,1992000
2013-06-05,2436.1767578125,2560.709755016973,2436.1767578125,2463.4183509509785,1936500
2013-06-06,2389.4765625,2451.743052728013,2377.8015955822475,2412.826496335505,2849200
2013-06-07,2319.42724609375,2377.8020928914116,2285.1806693057883,2346.668841265992,3364000
2013-06-10,2467.31005859375,2467.31005859375,2358.3436837662657,2358.3436837662657,1599600
2013-06-11,2420.610107421875,2478.9849492407307,2408.935139058104,2463.4183247557025,2125300
2013-06-12,2424.501953125,2443.960235252809,2358.3437938904494,2389.4770452949438,1407300
2013-06-13,2267.2783203125,2370.0180176284116,2257.1600167889633,2370.0180176284116,3125300
2013-06-14,2342.776611328125,2393.368132835211,2299.9684008221293,2299.9684008221293,3859900
2013-06-17,2447.851806640625,2451.743462930992,2338.8854305103587,2342.7770868007256,1532700
2013-06-18,2401.152099609375,2447.8519783700112,2385.58547335583,2443.960321806625,1749200
2013-06-19,2401.152099609375,2443.960321806625,2385.58547335583,2432.2853521164657,1494500
2013-06-20,2385.585205078125,2408.93514183256,2362.23526832369,2377.8018928266465,2483600
2013-06-21,2486.7685546875,2486.7685546875,2358.343887544014,2362.2355441241198,2811200
2013-06-24,2514.00927734375,2545.1425191684402,2463.417759378628,2494.5510012033187,2068300
2013-06-25,2545.143310546875,2564.6015927376,2490.6601204128438,2545.143310546875,2006800
2013-06-26,2491.69384765625,2546.715478361593,2464.1830323035783,2546.715478361593,2026700
2013-06-27,2554.575439453125,2566.3657876352163,2487.763466421274,2499.5538146033655,1846500
2013-06-28,2652.828125,2664.618472222222,2578.1559259259257,2589.946273148148,2438300
2013-07-01,2727.500732421875,2735.3609650801513,2656.7586384973883,2664.6188711556647,2196400
2013-07-02,2751.081298828125,2766.8017633928575,2715.7102535574777,2751.081298828125,1913400
2013-07-03,2747.15185546875,2762.8723238834496,2723.571152846701,2735.3615041577254,1590200
2013-07-04,2684.27001953125,2758.942245550421,2668.549550895635,2751.0820112326137,2364300
2013-07-05,2656.75830078125,2680.3389957585987,2625.317374144786,2641.0378374630177,2152800
2013-07-08,2617.457763671875,2688.1998653927367,2613.527646909605,2664.619164819116,1806600
2013-07-09,2668.548828125,2668.548828125,2641.0380154639174,2656.7584798416788,1746300
2013-07-10,2641.0380859375,2676.409131731306,2621.387504940941,2672.4790155319943,1601900
2013-07-11,2629.247802734375,2656.7586168138077,2601.736988654942,2625.317686437313,1640800
2013-07-12,2656.75830078125,2672.4787640994823,2609.5969108265535,2613.5270266561115,2313200
2013-07-16,2711.780029296875,2711.780029296875,2672.4788694519925,2672.4788694519925,2076500
2013-07-17,2715.710693359375,2715.710693359375,2672.4794088051735,2711.78057658172,1328400
2013-07-18,2743.220703125,2743.220703125,2699.989431299248,2711.7797781608165,6320900
2013-07-19,2715.710693359375,2766.8022114688856,2699.9902262487562,2751.081744358267,1924600
2013-07-22,2707.850830078125,2739.291768598626,2692.1303608178746,2723.5712993383754,1164900
2013-07-23,2707.850830078125,2735.361651283563,2696.060478132937,2707.850830078125,1117600
2013-07-24,2538.85498046875,2609.5970697078174,2530.994748331076,2574.2260250882837,3509500
2013-07-25,2452.392578125,2491.6937412359775,2343.921367938702,2448.4624618139023,10095400
2013-07-26,2452.392578125,2464.1829270582934,2381.6504845252407,2385.5806008363384,5273800
2013-07-29,2361.99951171875,2428.811477940412,2361.99951171875,2405.2307839798254,2666600
2013-07-30,2448.462158203125,2487.7633164407353,2405.2308841417534,2475.9729689694523,4194000
2013-07-31,2468.113037109375,2507.414200120671,2424.88175779695,2452.3925719048566,3119600
2013-08-01,2586.016845703125,2589.946962489908,2495.624159607119,2495.624159607119,3342400
2013-08-02,2621.387451171875,2668.5488445962565,2586.016406103589,2593.8766383409857,2985800
2013-08-05,2578.15625,2605.6670636432927,2558.5056688262193,2570.296017530488,1413600
2013-08-06,2578.15625,2582.086366234756,2511.3442740091464,2566.365901295732,2012500
2013-08-07,2499.553955078125,2562.435815583235,2499.553955078125,2538.8551178938187,1666200
2013-08-08,2456.322265625,2527.064346875,2448.4620343750003,2460.2523812500003,1525100
2013-08-09,2472.043212890625,2499.554027660473,2456.322747307855,2483.833562077703,1957300
2013-08-12,2452.392578125,2464.1829270582934,2428.8118802584136,2440.602229191707,898500
2013-08-13,2523.13427734375,2534.9246244341416,2487.763236072576,2503.4836988597644,1290700
2013-08-14,2534.9248046875,2554.5753845687987,2503.4838768774225,2550.6452685925387,1347400
2013-08-15,2487.763916015625,2523.134966954236,2472.043448931798,2495.6241495575387,956200
2013-08-16,2444.53271484375,2479.903766987791,2444.53271484375,2448.4628317486436,1459700
2013-08-19,2456.322265625,2456.322265625,2436.6716875,2448.4620343750003,671000
2013-08-20,2381.650634765625,2464.183082505028,2381.650634765625,2428.812033473855,2177200
2013-08-21,2385.580810546875,2417.021743799552,2365.9302272639516,2389.5109272034597,1365000
2013-08-22,2369.8603515625,2393.4410515780473,2343.9215815453977,2369.8603515625,1119300
2013-08-23,2397.37109375,2424.881909579918,2381.6506275614756,2393.440977202869,1182800
2013-08-26,2393.441162109375,2417.021863213901,2377.720694706358,2409.161629512392,693200
2013-08-27,2351.78125,2417.0211710394383,2350.209203709893,2397.3705924131013,1533300
2013-08-28,2333.702880859375,2354.9255072599153,2319.5544632590154,2344.7072056596553,2013500
2013-08-29,2322.69921875,2336.061616962775,2314.8389845071915,2334.489570114213,1398100
2013-08-30,2255.886474609375,2313.2661654269655,2245.668173504873,2310.122072779426,3205700
2013-09-02,2291.258056640625,2306.9785235815552,2275.5375896996943,2295.1881733758573,1563800
2013-09-03,2336.060546875,2361.999307994406,2311.693831884043,2311.693831884043,2062700
2013-09-04,2316.410400390625,2329.7727949636283,2286.5415184039116,2323.484609282215,1701500
2013-09-05,2321.9130859375,2365.930395623519,2307.7646649669937,2345.49378755501,1449200
2013-09-06,2310.908203125,2350.209363042092,2295.973762356505,2338.419015066964,1121900
2013-09-09,2351.78125,2381.650129512032,2339.9909028241977,2377.720013786765,1263000
2013-09-10,2344.707763671875,2385.5809798002483,2336.847529801034,2362.000278187725,1653600
2013-09-11,2328.201171875,2373.790526354659,2321.9129850502195,2342.349592230756,1613000
2013-09-12,2262.9609375,2310.908355765891,2256.672751497916,2303.048123263286,2934800
2013-09-13,2311.694580078125,2311.694580078125,2226.8040616665517,2240.1664580831884,4168200
2013-09-17,2304.6201171875,2346.2793485009165,2303.0480707228426,2334.489000015987,1859300
2013-09-18,2337.633056640625,2341.5631727412315,2312.4803135967445,2325.842708338806,2155200
2013-09-19,2361.99951171875,2365.9296273788477,2310.908008137479,2340.776887154222,2496000
2013-09-20,2389.5107421875,2401.3010912443465,2358.0698113692433,2365.9300440738075,2202400
2013-09-24,2369.8603515625,2413.0916349243366,2362.000118223984,2389.5109349087893,2356300
2013-09-25,2348.637451171875,2365.929962525885,2345.4933581984187,2361.9998463090647,2135600
2013-09-26,2413.09130859375,2413.09130859375,2328.2008000178134,2361.999798802677,1538400
2013-09-27,2464.182861328125,2472.043093740655,2413.0913506466804,2424.881699265475,2202500
2013-09-30,2405.23193359375,2432.742756363613,2401.301816055198,2428.812638825061,1035100
2013-10-01,2393.441162109375,2413.0917463631467,2373.7905778556037,2409.161629512392,1017200
2013-10-02,2343.921630859375,2413.0916856935887,2332.917303953932,2405.231452189701,2325600
2013-10-03,2340.77734375,2377.720438161098,2339.205297179315,2358.0698560275355,2001600
2013-10-04,2320.340576171875,2353.353551849117,2318.7685297110543,2326.6287620151593,1705700
2013-10-07,2303.04833984375,2343.9215527010456,2291.257989981069,2317.9827830031463,1830300
2013-10-08,2326.628662109375,2327.414685306034,2273.1790847365924,2297.545803833008,1786900
2013-10-09,2303.83447265625,2317.9828931638626,2280.253771810229,2317.9828931638626,1666700
2013-10-10,2413.09130859375,2417.021424731525,2308.5502193289394,2310.908289011604,1646100
2013-10-11,2409.1611328125,2428.8117130148858,2365.929856367251,2424.8815969744087,2985700
2013-10-15,2420.951904296875,2420.951904296875,2381.6507370193285,2397.371203930347,1900300
2013-10-16,2420.951904296875,2428.8121377523844,2409.161554113611,2413.0916708413656,1119300
2013-10-17,2444.53271484375,2468.113416273111,2420.952013414389,2436.672481033963,1740400
2013-10-18,2432.741943359375,2452.3925244850566,2417.0214784588297,2432.741943359375,1095400
2013-10-21,2448.462158203125,2472.042853145691,2432.7416949080807,2452.392274026886,979400
2013-10-22,2448.462158203125,2468.11273732193,2436.6718107318416,2456.322389850647,1160700
2013-10-23,2432.741943359375,2475.9732218358745,2432.741943359375,2460.252756935329,1523200
2013-10-24,2483.833740234375,2491.693973589547,2420.9518733929986,2432.7422234257565,1730600
2013-10-25,2428.811767578125,2472.0430449945643,2424.881651449358,2468.112928865797,2263600
2013-10-28,2472.043212890625,2483.833562077703,2456.322747307855,2468.1130964949325,1273900
2013-10-29,2487.763916015625,2487.763916015625,2444.532631535101,2448.4627483060576,1301700
2013-10-30,2479.903564453125,2503.4842639566414,2464.1830981174476,2483.8336810370442,1820200
2013-10-31,2566.36669921875,2621.388343612414,2519.205289738467,2527.065524651847,3590500
2013-11-01,2527.06494140625,2593.8769227498055,2519.2047083070083,2589.9468062001847,1720500
2013-11-05,2523.13427734375,2550.64508722133,2515.2740459501556,2534.9246244341416,1721700
2013-11-06,2538.85498046875,2562.4356768817725,2511.3441679868906,2511.3441679868906,1228400
2013-11-07,2511.343994140625,2534.924688921288,2511.343994140625,2534.924688921288,1214100
2013-11-08,2487.763916015625,2503.484383099452,2472.043448931798,2479.9036824737113,1138100
2013-11-11,2550.6455078125,2550.6455078125,2519.2045770536406,2538.855158777928,1241800
2013-11-12,2574.225830078125,2578.1559458492366,2542.784903909232,2558.5053669936783,1726700
2013-11-13,2589.94580078125,2605.6662608770393,2562.4349956136193,2570.2952256615135,2088100
2013-11-14,2621.387451171875,2637.107915646669,2593.8766383409857,2617.457335053177,1953700
2013-11-15,2680.339599609375,2692.129949754284,2633.1781990297377,2641.0384324596776,2469300
2013-11-18,2664.618896484375,2684.2694783168554,2648.8984310183905,2680.3393619503595,1554100
2013-11-19,2660.6884765625,2692.129403907404,2644.968012890048,2656.758360644387,1356500
2013-11-20,2672.478759765625,2676.4088755888097,2644.967949003332,2672.478759765625,1264900
2013-11-21,2692.129638671875,2711.780219976049,2672.4790573677005,2688.19952241104,1519500
2013-11-22,2664.618896484375,2696.059827416344,2656.7586637513828,2692.1297110498476,1644200
2013-11-25,2696.06005859375,2703.9202920007288,2668.5492416693237,2676.409475076303,1072300
2013-11-26,2648.8984375,2688.1996012611276,2644.968321123887,2672.4791357566764,2000400
2013-11-27,2617.457763671875,2644.968581007766,2597.8071798605247,2605.6674133850647,1306200
2013-11-28,2644.968017578125,2656.7583653533616,2625.3174379527304,2633.177669802888,983200
2013-11-29,2644.968017578125,2644.968017578125,2617.4572061025724,2625.3174379527304,1066600
2013-12-02,2688.2001953125,2711.7808987801536,2668.5496090894553,2672.4797263340643,1698000
2013-12-03,2672.478759765625,2711.7799179974727,2664.6185281192556,2696.0594547047335,1533700
2013-12-04,2633.177734375,2696.0595907182837,2629.2476183535446,2660.6885465251867,1629300
2013-12-05,2586.016845703125,2633.1782471445194,2578.156612129559,2633.1782471445194,1515900
2013-12-06,2582.0869140625,2605.6676164740297,2570.2965628567354,2593.877265268265,972600
2013-12-09,2652.828125,2660.688356481481,2633.177546296296,2641.0377777777776,1636100
2013-12-10,2648.8984375,2672.4791357566764,2641.038204747774,2668.5490193805635,949600
2013-12-11,2586.016845703125,2641.038480718085,2578.156612129559,2621.3878967841706,1500000
2013-12-12,2574.225830078125,2589.9462931625717,2570.2957143070134,2582.0860616203486,904900
2013-12-13,2574.225830078125,2625.3173351025766,2554.5752512225667,2574.225830078125,4469400
2013-12-16,2546.715576171875,2597.8070923605082,2530.9951096522955,2589.9468591007185,1476500
2013-12-17,2542.78515625,2589.9465501835393,2534.9249239277433,2582.0863178612826,1285000
2013-12-18,2530.99462890625,2554.575324206619,2519.2042812560653,2527.064513022855,2330300
2013-12-19,2523.13427734375,2578.15589709891,2519.204161646953,2578.15589709891,2607200
2013-12-20,2546.715576171875,2546.715576171875,2483.833710093557,2515.274643132716,2422500
2013-12-24,2527.06494140625,2574.2263400017014,2515.2745917573875,2546.7155241543546,1895000
2013-12-25,2527.06494140625,2538.855291055113,2511.3444752077667,2515.2745917573875,1394200
2013-12-26,2576.288330078125,2580.257957705364,2544.5313090602126,2552.470564314691,1220000
2013-12-27,2604.0751953125,2608.044822134623,2580.2574343797637,2592.1663148461316,1142700
2013-12-30,2627.89306640625,2639.8019473718373,2612.0145584521338,2619.9538124291917,1679000
2014-01-06,2588.196533203125,2659.6498117271376,2580.2572800337903,2643.771305388468,1971600
2014-01-07,2580.257080078125,2604.0748377403847,2564.378574969952,2588.1963326322116,1033900
2014-01-08,2612.0146484375,2612.0146484375,2596.1361399363605,2600.105767061645,1095400
2014-01-09,2604.0751953125,2612.014448956745,2576.287807557641,2596.1359416682544,1336900
2014-01-10,2619.954345703125,2619.954345703125,2568.349184348366,2576.288439941406,2133600
2014-01-14,2546.118896484375,2585.8151686465885,2538.1796420519327,2567.5548834519705,2356200
2014-01-15,2619.954345703125,2619.954345703125,2581.05199329723,2601.6940578391336,1669500
2014-01-16,2642.978271484375,2675.5292204572975,2630.275462129088,2635.832941222026,1720300
2014-01-17,2663.619873046875,2706.491847158509,2639.802109651523,2642.97781143757,2396800
2014-01-20,2686.64404296875,2694.583298414875,2636.6267336581614,2671.559457621112,1212900
2014-01-21,2684.26171875,2710.461256377551,2684.26171875,2697.758450255102,1501900
2014-01-22,2673.146484375,2704.9034963663867,2643.771248282967,2701.727795167248,1543600
2014-01-23,2654.886474609375,2712.843027434281,2654.886474609375,2693.7888182863667,1838300
2014-01-24,2634.244384765625,2656.4742951855883,2617.571951950653,2621.5415788113605,2181400
2014-01-27,2591.372802734375,2643.7718851426066,2570.7307399674955,2579.4639203688675,1846300
2014-01-28,2565.966796875,2623.923348908377,2565.966796875,2618.3658713161353,1801600
2014-01-29,2670.765625,2671.5595505722354,2596.136621209869,2608.0455047934006,1139800
2014-01-30,2612.0146484375,2666.0015773413757,2578.6697805851068,2615.984275562785,2118900
2014-01-31,2600.10595703125,2628.687274421517,2573.1124906071086,2623.923721523139,1450200
2014-02-03,2593.754150390625,2623.9233140621413,2576.2877924755367,2580.2574192744205,1398700
2014-02-04,2461.1689453125,2554.852150327621,2461.1689453125,2548.5007465977824,2432900
2014-02-05,2463.550048828125,2526.2701435291956,2420.6780853615705,2519.1248162847696,3140200
2014-02-06,2417.50341796875,2536.592256292334,2414.3277156134545,2532.622628348214,1942800
2014-02-07,2496.8955078125,2510.392240287162,2469.9020428631757,2478.635222699722,1873200
2014-02-10,2561.997314453125,2568.34871777374,2520.7131928691265,2537.385626585741,1170700
2014-02-12,2608.04541015625,2627.0996231984873,2563.5855797243626,2585.815494940306,1973000
2014-02-13,2588.990966796875,2642.1839734743944,2574.7003082864967,2619.160134763229,1472100
2014-02-14,2577.876220703125,2654.0930723161523,2569.143039789132,2619.954274197817,2132800
2014-02-17,2600.89990234375,2624.7176670172275,2561.99755337707,2585.0213925614316,1149200
2014-02-18,2624.717041015625,2651.710501207558,2604.0749832217934,2613.6020868189466,1588100
2014-02-19,2648.53515625,2657.268335722047,2612.014587548711,2620.747767020758,1324000
2014-02-20,2650.917236328125,2681.086405235124,2642.9779813525993,2659.650416801204,2032400
2014-02-21,2715.2255859375,2719.195213987116,2676.323231051261,2681.0867847108,1620100
2014-02-24,2734.279296875,2751.7456570757113,2681.086290809197,2712.0493838922766,2254200
2014-02-25,2738.24853515625,2770.005549191115,2716.812550682716,2750.951340770196,1724400
2014-02-26,2734.279296875,2758.89098624873,2725.5461167746444,2739.042849657012,1218000
2014-02-27,2770.79931640625,2785.8838972119,2732.6909017393446,2748.5694078505553,2308200
2014-02-28,2774.77001953125,2781.915350053648,2742.219069373659,2770.800391463251,1852400
2014-03-03,2724.751953125,2750.9514911358174,2692.9949373543122,2739.0426102218094,1587900
2014-03-04,2784.29638671875,2793.8234915492676,2724.7519815280157,2732.691235553447,2323400
2014-03-05,2746.981689453125,2789.0597326730717,2740.6302867029444,2784.2961806104363,1404000
2014-03-06,2735.073486328125,2766.036582399764,2719.9889010624547,2746.188443892303,1688800
2014-03-07,2804.144775390625,2810.4961791853943,2766.0363526220094,2777.9452347372016,2151100
2014-03-10,2794.6171875,2802.5564408735795,2762.860174005682,2773.181203391335,1891100
2014-03-11,2773.181640625,2800.175106351095,2754.9213549867595,2794.61762811337,1551300
2014-03-12,2695.376708984375,2740.6304563811673,2689.0253058409658,2731.103351666053,1637100
2014-03-13,2681.08642578125,2721.576626466723,2677.1167982630664,2691.4074573285275,1682500
2014-03-14,2573.112548828125,2619.160227887684,2571.524697826071,2604.075643368173,4505200
2014-03-17,2564.37939453125,2591.3728618421055,2545.325182311823,2588.991085314677,1392000
2014-03-18,2596.1357421875,2624.717053110665,2596.1357421875,2619.9535012901374,1195900
2014-03-19,2649.328857421875,2671.5587669237666,2615.1900678296843,2630.2746492773963,2287600
2014-03-20,2634.244384765625,2654.886444441305,2611.22054897352,2642.1836384870403,2220100
2014-03-24,2778.73876953125,2798.58690359933,2704.9037107979907,2712.842964425223,4916900
2014-03-25,2817.641845703125,2842.253538353674,2775.5637905263807,2783.503046220106,3909700
2014-03-26,2831.137939453125,2832.7257902324036,2791.4416699711687,2811.289804712147,3688900
2014-03-27,2885.125244140625,2889.8887971028826,2838.2836400117594,2843.8411184677266,3715400
2014-03-28,2868.452880859375,2886.7131676735917,2839.871562367557,2845.4290409631885,1861200
2014-03-31,2903.38525390625,2911.3245080870165,2861.3072067481885,2872.4221626012613,2041500
2014-04-01,2920.057861328125,2935.936370633879,2889.888693647193,2933.554594238016,2158500
2014-04-02,2857.33740234375,2932.7603123806093,2850.1920740244686,2929.584610905373,2456400
2014-04-03,2866.07080078125,2881.9493093728356,2855.749770196719,2862.1011736333535,2011400
2014-04-04,2881.949462890625,2912.1186308217116,2863.689177037599,2869.246655340694,1141400
2014-04-07,2865.276611328125,2881.9490438129938,2846.22240277399,2858.1312831203245,1199700
2014-04-08,2842.25341796875,2884.3314713632594,2841.4594924330045,2881.949694756023,1823200
2014-04-09,2862.89599609375,2932.7614557876627,2839.8721514218923,2844.6357054919317,2874000
2014-04-10,2840.665283203125,2875.5980032872326,2820.8171467917,2862.8951959839205,1758500
2014-04-11,2819.22900390625,2839.8710636363435,2775.5631083233598,2785.090212814172,2959700
2014-04-14,2843.840576171875,2876.391515206785,2800.968607686872,2818.4349652177993,1518900
2014-04-15,2855.74951171875,2869.2462427999894,2824.786422767671,2842.2527806375106,1192300
2014-04-16,2877.979736328125,2901.00357421875,2861.3073019935346,2874.8040345501076,1519900
2014-04-17,2867.658447265625,2877.9794771145876,2849.398163686691,2866.8645218926276,1528600
2014-04-18,2900.210205078125,2904.179833062081,2869.2471068032696,2883.5377675455106,810000
2014-04-21,2905.767333984375,2920.8519185050586,2889.8888239626026,2900.2098554767545,655000
2014-04-22,2931.966064453125,2954.195972334167,2909.7361565720835,2914.499708260878,1660400
2014-04-23,2986.7470703125,2986.7470703125,2932.760148254751,2936.7297748766446,1611800
2014-04-24,2990.716796875,3082.8121375804685,2981.1896926640893,2995.4803489804553,2659200
2014-04-25,2973.251220703125,3021.6806798387433,2954.9909328323183,2994.687210812333,1843300
2014-04-28,2994.686279296875,3021.6797399268044,2924.0269264714716,3021.6797399268044,1838800
2014-04-30,3054.23095703125,3063.7580616541704,3003.419732375674,3016.122538539568,2415500
2014-05-01,3117.744873046875,3124.096275894946,3034.3827106659423,3034.3827106659423,2120600
2014-05-02,3097.103515625,3135.2119413491732,3077.255377226993,3102.660994376442,1576800
2014-05-07,3066.933349609375,3153.471204930996,3062.963723218475,3119.3324179692554,2747200
2014-05-08,3083.606689453125,3109.8062313563055,3072.491732282079,3099.485199697477,1065000
2014-05-09,3089.163818359375,3094.7212963158167,3050.2614726642814,3051.849323508979,1365500
2014-05-12,3072.4912109375,3102.6603752826227,3067.7276586724806,3091.5454199975775,892300
2014-05-13,3103.454345703125,3122.508555039752,3074.0791063091583,3099.4847187579944,1276700
2014-05-14,3073.28564453125,3089.1641547070767,3051.849655793884,3078.0491975839977,1388100
2014-05-15,3051.0556640625,3068.5220248768055,2981.9841462968384,3029.619675790398,2261200
2014-05-16,3076.460693359375,3114.56910969002,3032.7947996471776,3074.0789173387097,2800000
2014-05-19,3112.981689453125,3118.5391676031304,3060.582609753072,3068.5218642530804,1424400
2014-05-20,3181.25927734375,3193.9620845405307,3120.920943159042,3128.066272207231,2166700
2014-05-21,3180.46533203125,3202.6952444867857,3136.7994325650197,3139.9751343443822,2077000
2014-05-22,3197.1376953125,3208.252651293224,3166.9685290791067,3208.252651293224,1737200
2014-05-23,3149.50244140625,3197.1379711477107,3146.326739423486,3186.8169397037277,2312700
2014-05-26,3193.96142578125,3195.549276353351,3110.5992707459454,3138.3866557577135,2206400
2014-05-27,3215.397705078125,3241.597241934317,3195.5495710961613,3202.6948993296683,1848200
2014-05-28,3251.124267578125,3262.2392223390757,3200.313045813778,3208.2522992144573,1729900
2014-05-29,3261.445556640625,3282.0876171256923,3240.009570752286,3243.979197768645,1873100
2014-05-30,3193.96142578125,3238.4212418000793,3193.96142578125,3224.9245119372204,2889700
2014-06-02,3213.0166015625,3236.8343673264917,3196.3441655277056,3226.5133354954287,1737600
2014-06-03,3224.131103515625,3246.3610150887444,3215.397923969042,3243.1853134354415,1308400
2014-06-04,3232.864501953125,3237.62805475561,3212.2224398090234,3219.3677690127506,1127100
2014-06-05,3208.252685546875,3243.185404716403,3199.519505754493,3242.391479280732,1998800
2014-06-06,3179.671875,3207.459269662921,3171.732619382022,3198.7260884831458,2718400
2014-06-09,3175.701416015625,3215.3976837158207,3171.731789245606,3215.3976837158207,1197700
2014-06-10,3156.6474609375,3198.7255080777636,3148.708206760092,3186.02270139391,1485400
2014-06-11,3162.205078125,3170.9382581047576,3137.5933890911374,3139.975165449253,1168300
2014-06-12,3165.380859375,3174.1140395739276,3124.0967347982505,3128.0663621613994,1491400
2014-06-13,3166.96923828125,3174.114568726106,3121.715478797161,3174.114568726106,2820100
2014-06-16,3163.792724609375,3174.1137548276743,3137.5931863629235,3148.7081419826304,1349500
2014-06-17,3215.397705078125,3222.543033311632,3176.495362473476,3176.495362473476,1846000
2014-06-18,3221.74951171875,3228.8948408477468,3194.756046120318,3194.756046120318,1573000
2014-06-19,3255.8876953125,3267.7965749588516,3193.1675958417154,3194.755446461229,2344600
2014-06-20,3279.70556640625,3279.70556640625,3232.86397153383,3270.9723877012225,3231500
2014-06-23,3265.415283203125,3290.820896882313,3247.948923798683,3276.53023918777,1867600
2014-06-24,3253.50634765625,3268.590930527277,3222.5432564999314,3263.82737804169,2308300
2014-06-25,3249.537109375,3263.0338430323113,3228.895046134406,3248.7431838657462,1612300
2014-06-26,3229.522705078125,3267.9503426199567,3215.9129167820593,3255.141130106013,2262500
2014-06-27,3200.70166015625,3241.531021003666,3156.6699964972718,3241.531021003666,2409800
2014-06-30,3191.895751953125,3207.106692331131,3167.878477672063,3182.2888422407004,2089000
2014-07-01,3245.533935546875,3258.3431469353186,3191.0947871459903,3202.3028471108782,2121200
2014-07-02,3278.357421875,3283.9614516559827,3261.5453325320514,3263.947059581044,1554000
2014-07-03,3277.55712890625,3303.175552971956,3269.551371385717,3295.970371203476,1508400
2014-07-04,3298.37158203125,3305.5767626716097,3273.553737603345,3302.374460164783,1500700
2014-07-07,3242.331298828125,3295.1692903645835,3242.331298828125,3282.360080295139,1728000
2014-07-08,3268.75048828125,3290.366031554234,3243.932642301157,3268.75048828125,2000900
2014-07-09,3323.189697265625,3330.3948784931345,3252.7390363744244,3257.542490526097,1867700
2014-07-10,3296.7705078125,3335.998714437758,3296.7705078125,3323.1895041111434,1567700
2014-07-11,3356.013427734375,3364.0191849570238,3286.36333989733,3289.56564278639,2328900
2014-07-14,3372.025146484375,3398.4441469197936,3351.210176444348,3359.2159341520505,2147400
2014-07-15,3372.025146484375,3381.632055733618,3356.0136310689695,3357.61478261051,1484500
2014-07-16,3407.2509765625,3420.8607666474536,3371.2250616317406,3377.629668730542,1380700
2014-07-17,3398.443603515625,3450.4810202950166,3389.637271445267,3422.460872798421,1417100
2014-07-18,3368.822509765625,3397.6432346590573,3352.8109959359404,3378.4294180634356,1659000
2014-07-22,3386.43505859375,3400.8454205452126,3348.0074267231826,3366.0203791625113,1820100
2014-07-23,3382.832763671875,3398.8442783502414,3367.2215368604675,3386.435354474507,1145900
2014-07-24,3350.809326171875,3393.6401227195265,3336.3989647165904,3386.434941991884,1519200
2014-07-25,3368.021728515625,3368.8223041582482,3332.3961124188945,3357.2139573402123,991000
2014-07-28,3350.409423828125,3366.4209383983907,3340.001939357452,3346.806833049815,999100
2014-07-29,3347.60693359375,3358.014416587106,3331.195133488842,3342.4031920970715,1863400
2014-07-30,3466.492431640625,3479.3016415496895,3368.02163046469,3402.4463820953015,6317600
2014-07-31,3400.044921875,3466.4927034892276,3380.0305298225217,3466.4927034892276,3309300
2014-08-01,3375.627197265625,3402.4464812946535,3353.2110792712133,3378.4292120149266,2242400
2014-08-04,3346.005615234375,3376.827774867471,3346.005615234375,3374.0257603553714,2093700
2014-08-05,3354.411865234375,3398.4435245632276,3328.793445261225,3342.8035186840416,2157500
2014-08-06,3331.195556640625,3360.8168581536515,3318.3863451755324,3326.7923901994996,2142800
2014-08-07,3292.76806640625,3321.188505588701,3264.747915099608,3307.1784299353803,2686600
2014-08-08,3252.739013671875,3320.7879470122907,3243.9326811219385,3290.366070930693,3063300
2014-08-11,3385.234130859375,3397.2427655910506,3268.3500861377315,3286.7633260596344,2315000
2014-08-12,3429.265625,3435.670229879188,3374.8264835269056,3384.033103040738,1892800
2014-08-13,3422.860595703125,3436.8706671391687,3409.250812022397,3430.065775298805,1424000
2014-08-14,3502.918701171875,3517.7293504626255,3438.4723623661757,3442.475240552865,2143100
2014-08-15,3502.51904296875,3529.7386195312497,3500.1173156249997,3503.31961875,1197800
2014-08-18,3559.760009765625,3567.765767124819,3504.9205718551457,3504.9205718551457,2115300
2014-08-19,3555.75732421875,3598.9884163065162,3543.748687527704,3584.5780522772607,1802700
2014-08-20,3563.3623046875,3572.5689248860863,3538.9447467695113,3556.957699331962,1578200
2014-08-21,3576.97265625,3588.9812931890665,3566.9654588007775,3568.966898290622,1546600
2014-08-22,3559.760009765625,3582.576418239328,3556.957994689907,3578.5735395597308,1697900
2014-08-25,3615.800048828125,3626.607820478558,3578.5732798099675,3586.579036588066,1840200
2014-08-26,3614.197998046875,3625.406054746987,3598.1864884752863,3617.8005877004825,1702500
2014-08-27,3581.3759765625,3626.6085109708565,3571.3687786845453,3626.6085109708565,1436000
2014-08-28,3578.57275390625,3599.7880062504373,3568.165271624196,3591.782250648857,1301600
2014-08-29,3590.58203125,3623.805922954989,3567.765623693562,3619.002468732581,1716700
2014-09-01,3556.957275390625,3566.9644700659305,3541.7463394841607,3562.5613044087963,1536100
2014-09-02,3559.359130859375,3590.581579375685,3534.140999365432,3557.3576918519193,1878800
2014-09-03,3511.725341796875,3546.5503850815358,3505.721023989175,3546.5503850815358,2478000
2014-09-04,3545.75,3546.1502878753668,3494.9134398284036,3519.3310002257845,1999200
2014-09-05,3512.526123046875,3557.3583653011483,3496.914895833333,3554.5563501602564,1671700
2014-09-08,3485.305908203125,3521.331810550464,3454.083459502098,3514.5269178848553,1863800
2014-09-09,3443.676025390625,3485.706245391324,3443.676025390625,3485.706245391324,2056800
2014-09-10,3523.7333984375,3533.740593139413,3427.664329299138,3439.272675153357,2111900
2014-09-11,3463.690673828125,3522.5329862114295,3453.68347784457,3516.928956460639,2200900
2014-09-12,3483.705078125,3497.3148647108037,3446.07802109366,3463.2903982462944,3730700
2014-09-16,3479.702392578125,3494.9133313700227,3466.4928931009504,3490.910452740576,1644600
2014-09-17,3509.32373046875,3523.73409368272,3463.290625757457,3478.501564705536,1962500
2014-09-18,3502.51904296875,3522.5334374999998,3486.907815234375,3522.5334374999998,2070800
2014-09-19,3398.844482421875,3470.8963028006215,3368.022314815411,3470.0957270186354,5709600
2014-09-22,3370.42333984375,3403.647227873089,3345.2052079660593,3362.417583692102,4208700
2014-09-24,3382.03173828125,3388.036055487336,3344.8049716035184,3345.2052594172574,2306100
2014-09-25,3418.8583984375,3428.0650186416988,3382.832493290635,3383.633068960565,2121300
2014-09-26,3386.03515625,3415.2561713116206,3375.227383555976,3408.451277393161,1795100
2014-09-29,3419.658447265625,3426.4633394116527,3370.823338923543,3398.042907507654,1759400
2014-09-30,3423.662353515625,3426.4643687704606,3382.032412586638,3422.4614898349814,1903900
2014-10-01,3445.678466796875,3457.286816650164,3411.2537051629843,3418.859175756518,1761400
2014-10-02,3412.853759765625,3456.4851296711436,3395.2410966844977,3433.668725225138,2977500
2014-10-03,3480.502197265625,3480.502197265625,3406.448959025931,3410.451836768617,2564700
2014-10-06,3445.27783203125,3492.1115146555853,3445.2778320312495,3487.3080600274484,2154400
2014-10-07,3404.448974609375,3455.6858316052594,3398.84494337545,3423.2625080375515,2236100
2014-10-08,3382.4326171875,3400.0452840698963,3362.4182230029587,3362.4182230029587,1856800
2014-10-09,3350.809326171875,3418.8582552662747,3349.608462717268,3402.046166901776,1476000
2014-10-10,3330.795166015625,3344.0046649314427,3298.371850494983,3300.373289724652,2358500
2014-10-14,3275.955810546875,3308.3791268536074,3270.7520684235724,3271.5526441348497,2437500
2014-10-15,3257.942626953125,3274.354427875238,3234.7259329657454,3274.354427875238,1720700
2014-10-16,3305.577392578125,3318.3866050463375,3217.5140568591632,3229.122405658481,3610400
2014-10-17,3215.912353515625,3282.360131793394,3215.912353515625,3280.758980509592,2507700
2014-10-20,3278.357421875,3290.766344961462,3263.947059581044,3282.3603002899877,2570600
2014-10-21,3240.33056640625,3331.596208054258,3225.519914033547,3302.375191210817,2083800
2014-10-22,3305.577392578125,3317.9863171567063,3267.9503309527504,3293.969043778807,1997000
2014-10-23,3321.98876953125,3333.5971168401315,3258.3430032515216,3275.1550924574876,1601100
2014-10-24,3358.014892578125,3367.621801318365,3334.3979085917013,3358.014892578125,1629800
2014-10-27,3337.2001953125,3373.626393917926,3331.195876861056,3372.0252423308743,1350900
2014-10-28,3309.579833984375,3327.1924987999664,3287.163715128167,3298.3717745562712,1274500
2014-10-29,3279.55859375,3284.3620482996153,3167.0776997131697,3234.326063407787,3402600
2014-10-30,3324.39013671875,3346.4059654387415,3257.141787174048,3279.1576158940397,2649200
2014-10-31,3446.078369140625,3500.117233100897,3349.2087018933216,3349.2087018933216,4228600
2014-11-04,3439.673583984375,3562.5619571117113,3437.271856822277,3562.5619571117113,4145900
2014-11-05,3499.716064453125,3514.5267123296853,3426.8636884116668,3426.8636884116668,2704100
2014-11-06,3486.5078125,3521.7331497560276,3471.29687141217,3521.7331497560276,2194900
2014-11-07,3534.541748046875,3542.9477929742798,3496.9146898003964,3506.921886142545,1757300
2014-11-10,3452.883544921875,3523.7345056743875,3448.480377869459,3507.322701206291,1506000
2014-11-11,3539.74560546875,3560.160286671838,3453.683714122399,3456.4857291894896,2155000
2014-11-12,3525.335205078125,3576.1717636162107,3522.5331900405927,3558.158809803503,2207100
2014-11-13,3620.603759765625,3621.004047632929,3526.5361109491605,3534.5418682952427,1759900
2014-11-14,3604.191650390625,3670.6394307065784,3596.9864693925097,3665.8359767078346,2704100
2014-11-17,3492.111328125,3576.1717796273215,3484.105570839065,3571.3683252557603,1865600
2014-11-18,3608.19482421875,3617.4014451369917,3548.151644317173,3558.5591288334467,2789400
2014-11-19,3614.599365234375,3663.034196152798,3608.9953352107555,3621.4042588344837,1461400
2014-11-20,3574.169677734375,3648.222918901455,3572.1682387839132,3633.412270668039,2189200
2014-11-21,3606.593994140625,3621.804934404481,3582.1764321381193,3598.5882361070167,2102200
2014-11-25,3545.75,3622.204984195078,3538.5448182433956,3617.801817566042,2090500
2014-11-26,3504.520263671875,3559.759989130095,3500.1170971498427,3538.5447322512136,2332100
2014-11-27,3483.705078125,3540.1456636720095,3480.1024875581697,3504.5200458444647,1632600
2014-11-28,3519.3310546875,3528.1373880818496,3493.7126302675724,3502.5189636619225,2131000
2014-12-01,3554.55615234375,3574.1702572384397,3530.9391688991236,3540.546077418972,3602700
2014-12-02,3517.329345703125,3548.151510221065,3512.926179343419,3522.533087764595,4434300
2014-12-03,3490.5107421875,3528.1378075275948,3485.7072870377006,3507.3228352117976,3194300
2014-12-04,3594.184326171875,3597.3866287233145,3538.5443193406145,3552.1541051842323,2443200
2014-12-05,3605.392333984375,3613.7983780627223,3576.9718992432972,3601.7897436650837,1412600
2014-12-08,3603.7919921875,3620.604084120397,3594.985658317887,3604.9928558969928,1797300
2014-12-09,3633.813232421875,3657.430216417567,3590.9824309381625,3594.5850217171665,2070700
2014-12-10,3587.379638671875,3647.8231027914303,3562.561792477091,3577.772730467442,2891200
2014-12-11,3585.779296875,3596.5870710450854,3531.3401380923474,3562.5625968059276,1889300
2014-12-12,3718.674560546875,3768.7105476371185,3639.017269099208,3650.6256181041445,5788500
2014-12-15,3796.730224609375,3848.367356815449,3745.49338024986,3745.49338024986,3145000
2014-12-16,3713.0703125,3834.357538102361,3695.05735820262,3762.706008786115,3357100
2014-12-17,3634.6142578125,3713.0706889282765,3634.213969898644,3685.0505349583564,3273200
2014-12-18,3582.57666015625,3720.275696032647,3568.166295936627,3690.654391803422,4284800
2014-12-19,3737.888427734375,3746.2944736738077,3658.231135260704,3658.6314231625815,3344300
2014-12-22,3768.3095703125,3784.321083252005,3729.881939257688,3731.082802728151,1906900
2014-12-24,3854.771240234375,3859.1744057216624,3798.730952214353,3842.7626070872275,1653900
2014-12-25,3924.822998046875,3929.6264530164376,3843.964839392569,3858.775492215387,1684700
2014-12-26,3891.353759765625,3958.293109415479,3853.4483449036593,3943.776142021535,1751100
2014-12-29,3916.756103515625,3962.3232238386217,3876.8344671264513,3924.8210805639433,1565700
2014-12-30,3836.51171875,3931.2752518492484,3834.8987224419275,3927.6460101560856,1512900
2015-01-05,3842.559326171875,3867.9640105615094,3783.684978221293,3796.588944895393,1446800
2015-01-06,3742.553466796875,3813.9285302192484,3728.0365047448668,3782.8783613857863,2423200
2015-01-07,3750.618896484375,3790.137297931044,3710.697246043352,3737.3116796707004,1803800
2015-01-08,3786.50830078125,3838.930673422524,3779.2498184155347,3795.379779228235,1890100
2015-01-09,3797.7978515625,3828.0415167639426,3779.248403572282,3807.072575557609,2747600
2015-01-13,3861.916259765625,3862.3195088268935,3791.3476740436886,3794.9769155951026,3245700
2015-01-14,3952.242431640625,4004.26153925022,3889.7388527298713,3899.0135773424345,3542500
2015-01-15,3975.6318359375,3987.326056775535,3914.33798878642,3925.6289606300397,2053200
2015-01-16,3928.85498046875,3932.4842214442424,3848.608430010649,3893.7723177056605,2659200
2015-01-19,3909.902587890625,3923.613054886116,3859.093210201452,3909.499338861346,1828800
2015-01-20,4041.361083984375,4042.9740798271146,3958.2917980832794,3958.695047043964,2805300
2015-01-21,4043.77978515625,4072.8137046348347,3999.422408175078,4004.6646436364895,1602000
2015-01-22,4122.01025390625,4199.434042670679,4046.1994607410793,4108.299791312549,3436400
2015-01-23,4087.330810546875,4192.175523524596,4068.7813613277394,4178.465061058279,1884500
2015-01-26,4113.1396484375,4136.528089575674,4027.6508635876226,4047.006814874387,1277800
2015-01-27,4142.97998046875,4169.594412891462,4088.944617671124,4169.594412891462,1674200
2015-01-28,4095.396240234375,4142.173117338273,4079.266282612341,4084.105269898951,2360000
2015-01-29,4057.491455078125,4092.1708692240923,4029.264024959315,4064.7499371086765,3952900
2015-01-30,4178.46728515625,4220.405192669881,4044.5885804011955,4096.2044665718195,3585600
2015-02-02,4152.658203125,4205.88707113942,4130.076259118882,4155.0776971256555,1861400
2015-02-03,4071.201904296875,4234.114500308755,4042.974474294817,4205.080572306638,2306500
2015-02-04,3983.29248046875,4080.072212733631,3954.258560789285,4071.200737276017,3631200
2015-02-05,4057.491455078125,4121.204797346297,4041.3614950102337,4120.398299342903,3460000
2015-02-06,4105.8798828125,4133.300805227669,4076.8459649611445,4113.138362275339,1944400
2015-02-09,4043.77978515625,4107.493108456478,4024.423838837193,4106.686610693184,1984600
2015-02-10,4085.71826171875,4104.26771296619,4054.264844386134,4056.6843380271043,2083300
2015-02-12,4140.560546875,4160.722995973534,4050.2327749135666,4102.655142569756,2782700
2015-02-13,4109.91357421875,4172.013916686341,4087.3316315032625,4134.108512842487,2890600
2015-02-16,4099.4287109375,4123.623647260169,4084.9117491438988,4106.6871918343,2339000
2015-02-17,4105.07373046875,4114.75170390011,4033.295427519493,4097.81525039523,1869300
2015-02-18,4180.0791015625,4184.918089524949,4103.461792157052,4126.043735981815,2077300
2015-02-19,4164.75537109375,4193.78929699603,4155.07739579299,4172.82035051105,1831200
2015-02-20,4153.46484375,4188.950756978155,4130.076400940534,4185.724764866505,1397400
2015-02-23,4164.75537109375,4165.5618690354795,4120.397984298599,4155.07739579299,1787100
2015-02-24,4244.5986328125,4244.5986328125,4147.012382656636,4168.787826906291,1848400
2015-02-25,4208.30615234375,4274.43898187464,4194.595687684907,4272.019488111316,1344200
2015-02-26,4313.15087890625,4317.183368508818,4202.660663795899,4208.306149239494,1682000
2015-02-27,4314.76416015625,4393.800961594627,4307.5056783915015,4369.606022378797,2363600
2015-03-02,4233.30712890625,4297.82695559943,4226.855146236932,4282.503496759799,2296100
2015-03-03,4309.92529296875,4313.9577829509435,4242.985959264332,4274.439381125444,1957400
2015-03-04,4263.14794921875,4311.53782378423,4227.662041204065,4311.53782378423,1216000
2015-03-05,4351.86328125,4373.6387276165215,4259.922507702465,4292.988926259034,1899900
2015-03-06,4490.580078125,4490.580078125,4345.410463530442,4352.66894426017,2691800
2015-03-09,4486.5478515625,4550.26118614338,4437.351479291187,4492.193336905109,2092100
2015-03-10,4478.48291015625,4630.911015688311,4463.965947724625,4620.426542821026,3021600
2015-03-11,4511.5498046875,4556.713692614297,4464.772920763317,4500.258832705801,2086200
2015-03-12,4564.7783203125,4591.392752215383,4457.514094764521,4507.516966824482,2092700
2015-03-13,4704.3037109375,4737.370135101471,4572.8445124319605,4622.847397753086,5585300
2015-03-16,4672.04248046875,4774.46771696444,4672.04248046875,4718.012862203036,2848100
2015-03-17,4891.41015625,4926.089568734543,4747.0470205585325,4747.8535185232895,3760300
2015-03-18,4881.73095703125,4893.0219257076815,4831.728095749912,4869.633490592217,2908600
2015-03-19,4931.736328125,4944.6402988936015,4849.473514475163,4871.248965147179,2616500
2015-03-20,4843.8271484375,4913.992476761519,4833.342674090232,4912.379480708094,3107400
2015-03-23,4805.921875,4841.40778916345,4763.1774783940255,4826.084326229233,2635700
2015-03-24,4851.890625,4874.472562749335,4806.72674950133,4819.630713929521,2364500
2015-03-25,4873.6669921875,4873.6669921875,4816.405639143431,4872.860494257302,1495200
2015-03-26,4863.98974609375,4879.313209064365,4826.890835743839,4863.183248042665,1700000
2015-03-27,4887.376953125,4943.831802418523,4847.052060772483,4876.892481113346,3044000
2015-03-30,4880.11962890625,4907.540562203691,4830.923248578489,4858.344181875929,2319200
2015-03-31,4838.98828125,4934.961548828125,4838.98828125,4919.6380859375,3285500
2015-04-01,4688.17333984375,4798.663576822692,4633.331470394348,4767.2101516973,3740800
2015-04-02,4793.0166015625,4811.566051644266,4662.363953160493,4706.721333790804,2859600
2015-04-03,4926.08935546875,4929.315347188114,4805.921163922443,4829.309603887831,2028500
2015-04-06,4909.96044921875,4930.122901786172,4880.120019418964,4884.152509932449,816600
2015-04-07,5005.9326171875,5047.064011335488,4955.929745870338,4959.96223549269,1774400
2015-04-08,4969.64111328125,5056.742904945381,4946.252669223289,5037.386951242241,1717600
2015-04-09,4961.57470703125,4988.995633565558,4943.02525672863,4959.961711352762,1649600
2015-04-10,4944.64111328125,4966.416567539706,4921.252662411057,4946.254109892988,1985300
2015-04-13,4937.38037109375,4958.349317459061,4905.120453608655,4929.315391722476,1176900
2015-04-14,4926.08935546875,4947.058301644615,4904.313911363043,4912.378890661454,894000
2015-04-15,4922.86328125,4992.222102053981,4905.926825007167,4905.926825007167,1600400
2015-04-16,4791.40478515625,4933.348438108194,4707.528990230101,4928.509449939378,3381000
2015-04-17,4697.04296875,4797.048691298935,4689.784488887577,4763.175785274296,2518800
2015-04-20,4767.20849609375,4786.564443294943,4637.362350285749,4638.168848085799,1765500
2015-04-21,4858.34423828125,4858.34423828125,4763.177468673483,4786.565912051663,1701000
2015-04-22,4955.9306640625,4955.9306640625,4868.02237400834,4874.474358599471,1540000
2015-04-23,4906.73388671875,4976.092715492223,4872.054472332013,4959.9627553123455,1693400
2015-04-24,4777.69482421875,4847.053661977497,4747.047895906746,4758.338869495379,3040500
2015-04-27,4884.95849609375,4900.281958439099,4798.663208148888,4838.988109057702,2343100
2015-04-28,4881.73095703125,4931.733818312588,4860.7620152035925,4880.924459268648,1658800
2015-04-30,4636.55615234375,4871.247027336276,4636.55615234375,4871.247027336276,3766000
2015-05-01,4581.71533203125,4659.9456413442285,4545.422920494301,4651.880661002684,2646800
2015-05-07,4550.26171875,4654.299960812877,4534.938256740739,4590.58661877437,3207700
2015-05-08,4514.7763671875,4576.070222833489,4510.743876684474,4538.164812105048,2364000
2015-05-11,4533.32568359375,4595.426035423801,4530.906189366605,4593.006541196656,1395700
2015-05-12,4541.39013671875,4555.907100394995,4500.258739636055,4530.905662952573,1262200
2015-05-13,4494.61376953125,4526.067194439149,4455.901861952298,4520.421707917219,1944900
2015-05-14,4378.47705078125,4459.126839891238,4372.025067652451,4435.7384010493415,2737400
2015-05-15,4586.5537109375,4588.166706791531,4393.800706380781,4394.607204307797,2130400
2015-05-18,4563.16552734375,4588.973462457748,4501.065183475693,4562.359029371438,1496800
2015-05-19,4695.431640625,4740.595531362719,4574.4569332918245,4587.36090207403,2520300
2015-05-20,4731.7236328125,4770.435535722846,4700.2702116978435,4758.338066063363,2202000
2015-05-21,4734.9501953125,4776.081597111332,4728.498210716605,4758.338639472619,1589900
2015-05-22,4663.1708984375,4713.980266580282,4622.846003086086,4702.689295881885,2111600
2015-05-25,4701.07568359375,4716.39914181785,4680.913238562039,4700.269185792482,1024300
2015-05-26,4688.9794921875,4718.8199189523675,4670.430037712043,4693.818480311533,1274700
2015-05-27,4651.880859375,4688.97977052813,4640.589886415352,4677.688797568481,1270200
2015-05-28,4593.005859375,4655.106201986391,4576.875900255158,4651.073712206431,2595400
2015-05-29,4562.3583984375,4604.296287198106,4561.551900576719,4588.972827843269,3075300
2015-06-01,4567.1982421875,4582.521704416276,4511.549879356679,4538.970811766069,1436100
2015-06-02,4640.58984375,4656.719804972628,4557.520543453467,4572.844006614963,2014600
2015-06-03,4600.26513671875,4626.073075774675,4580.909182426805,4602.684631005242,1537000
2015-06-04,4644.62158203125,4653.493059267288,4576.8757558651405,4597.844702059412,2198100
2015-06-05,4642.20263671875,4644.622130796261,4601.0712374010545,4621.233688046984,1070500
2015-06-08,4659.13818359375,4668.816158010078,4618.006792324358,4668.009660142051,1055000
2015-06-09,4639.783203125,4671.236626542674,4620.4272502525855,4651.880673670259,1245700
2015-06-10,4606.71533203125,4671.235154608718,4597.037358644629,4637.362247755547,1625000
2015-06-11,4718.01416015625,4718.01416015625,4610.749906600561,4613.169401041667,1674800
2015-06-12,4739.7890625,4748.660541092394,4674.462720137825,4695.43166953803,3676600
2015-06-15,4825.27734375,4832.535825463814,4710.754632265377,4712.3676282017805,2236100
2015-06-16,4790.59765625,4837.374535721801,4767.209216514099,4768.015714436026,2050400
2015-06-17,4833.34228515625,4845.439754583472,4766.402954325619,4770.435444134693,1685700
2015-06-18,4749.4658203125,4815.598643757164,4747.046326771841,4789.790712656807,1460300
2015-06-19,4828.50341796875,4847.052871553731,4800.2759886003005,4822.051434113105,3012500
2015-06-22,4788.9853515625,4839.794727976854,4772.855390796038,4798.663328022377,1702600
2015-06-23,4705.91552734375,4783.339330364315,4693.818058121787,4774.467852934876,2995500
2015-06-24,4750.27294921875,4760.7574226211,4721.2390228737795,4742.20796967848,1899600
2015-06-25,4724.46484375,4772.854719240782,4718.012860351229,4756.724760743855,1331400
2015-06-26,4686.31201171875,4713.100214799769,4653.029698799909,4679.817901880928,1581600
2015-06-29,4583.21875,4632.736345421537,4583.21875,4591.336388593695,1636600
2015-06-30,4621.37060546875,4663.582316602489,4584.841240064553,4584.841240064553,1981100
2015-07-01,4706.60693359375,4717.159863938131,4620.559963093416,4622.183490838705,1705200
2015-07-02,4722.0302734375,4755.312590991382,4698.489121996949,4735.018494921942,1781100
2015-07-03,4793.46484375,4795.9001349491955,4742.323728566893,4773.17075042337,2164300
2015-07-06,4753.689453125,4775.607078677318,4709.042438111019,4717.971841113815,1628200
2015-07-07,4784.53564453125,4847.8532183815105,4774.794479323517,4812.135612619825,1418700
2015-07-08,4665.205078125,4830.804840772903,4665.205078125,4779.663737602227,2208400
2015-07-09,4701.73583984375,4709.853477688785,4558.053649986647,4584.030091090755,2886100
2015-07-10,4666.830078125,4792.653466907288,4654.653621146069,4743.9476389915635,2156300
2015-07-13,4883.5703125,4894.123240369431,4702.547011355136,4740.699904421543,2286600
2015-07-14,4953.3828125,4989.912184273599,4920.912259812357,4977.735727015733,2378100
2015-07-15,5024.8173828125,5028.064437664075,4926.5939735523525,4951.7586486520595,1817900
2015-07-16,5018.32373046875,5059.723683599437,4994.78258064934,5032.935478632522,1355200
2015-07-17,5008.58251953125,5032.123669136826,4946.076708509547,4960.688456540594,1165500
2015-07-21,5058.91162109375,5063.782203527409,5003.711686845616,5032.935181447569,1090400
2015-07-22,5003.712890625,5048.359907007929,4977.736444729478,5041.054031599813,1280900
2015-07-23,5189.60546875,5236.687764571601,5006.146867789966,5017.511559884835,2170200
2015-07-24,5292.69921875,5373.875587135736,5098.68769830809,5114.11120830138,4298500
2015-07-27,5195.2890625,5302.441899414062,5166.065561523437,5211.524340820312,2147500
2015-07-28,5243.1826171875,5268.347296105724,5086.51219682565,5114.112167252089,1915000
2015-07-29,5272.40576171875,5291.076328696353,5185.547037083815,5275.65281684529,2129500
2015-07-30,5191.228515625,5376.310626893569,5159.569733434323,5292.698971364347,2485200
2015-07-31,5106.80615234375,5281.3353723014525,5094.629695137399,5272.405970350128,3052500
2015-08-03,5185.54736328125,5199.347348437133,5079.206301197681,5089.759231022767,2200900
2015-08-04,5202.59375,5226.946661920736,5134.405596621938,5147.393816312997,2349300
2015-08-05,5193.66455078125,5240.746848990895,5144.146961284899,5199.346897116897,2143000
2015-08-06,5181.48779296875,5262.664164470689,5170.934864673498,5240.746544165166,1781700
2015-08-07,5137.6533203125,5181.488567475855,5062.971047367524,5139.276847985217,1784100
2015-08-10,5350.333984375,5364.13396582461,5154.6989532364205,5162.004825768567,2299900
2015-08-11,5217.20654296875,5367.382863250253,5179.865403871728,5357.64169652929,2132700
2015-08-12,5024.005859375,5223.699742297322,5005.335293085514,5183.111554711484,1944100
2015-08-13,5088.13525390625,5116.5469855410165,4979.358909933142,5055.664703466516,1727400
2015-08-14,5091.38330078125,5149.830302958586,5047.5480491482485,5069.465674964749,1422500
2015-08-17,5060.53564453125,5114.923820370775,5028.876855609736,5091.382669634264,986300
2015-08-18,5018.32373046875,5105.9942194513815,5017.511966681874,5077.582486910714,1163700
2015-08-19,4906.29931640625,4974.48746044631,4901.428734689103,4968.805115109639,1661300
2015-08-20,4814.5712890625,4918.4770595902355,4810.51246990126,4881.947687139079,1816600
2015-08-21,4679.81640625,4780.475076566566,4679.004642779705,4724.463397116218,1837000
2015-08-24,4458.20654296875,4643.288679129871,4458.20654296875,4598.641672599776,2090700
2015-08-25,4328.32421875,4553.994536231714,4253.641955410728,4295.041905740107,3328400
2015-08-26,4374.59521484375,4424.112807737695,4311.277637044936,4328.32467722154,3097600
2015-08-27,4559.677734375,4640.042358854816,4513.4071930078335,4513.4071930078335,2248600
2015-08-28,4608.3828125,4671.700385051524,4545.877003699137,4640.853362526423,2123700
2015-08-31,4506.9130859375,4575.101252223298,4498.795447093952,4568.60714114846,1884100
2015-09-01,4299.10009765625,4505.28805551212,4296.664806815433,4434.664621128417,2308200
2015-09-02,4326.7001953125,4411.935377396518,4208.994467672666,4223.606213172784,1801200
2015-09-03,4393.2646484375,4461.452791539634,4351.864704411204,4355.11175884464,1833300
2015-09-04,4226.85302734375,4418.429235227969,4207.370701118237,4398.946909002455,1520100
2015-09-07,4206.560546875,4307.219270883587,4174.901754646493,4226.042880554081,1341000
2015-09-08,4030.40673828125,4252.829990303217,4027.9714472007176,4251.206462916195,1540900
2015-09-09,4346.99462890625,4346.99462890625,4139.183120969742,4231.724183097718,2590300
2015-09-10,4183.01904296875,4245.524858281887,4117.266172314671,4206.560194190581,1777700
2015-09-11,4249.5830078125,4282.865319812559,4176.524274153832,4183.01838381238,3412500
2015-09-14,4208.9951171875,4325.077335462874,4200.065715781702,4273.124454556413,1103900
2015-09-15,4176.5234375,4277.993880587949,4164.346984329446,4260.13508260447,1329000
2015-09-16,4134.3134765625,4239.842781874325,4099.407629420896,4231.725143004185,1011100
2015-09-17,4256.8896484375,4284.489619460932,4199.254414829746,4221.172038877765,1332100
2015-09-18,4088.853515625,4220.359227265113,4058.81826049732,4186.265153876936,2198100
2015-09-24,4139.9951171875,4256.889096966912,4062.877561083027,4066.9363798253676,2796400
2015-09-25,4329.1357421875,4329.1357421875,4221.171171831052,4245.52408243777,2338700
2015-09-28,4407.0654296875,4424.11246855717,4248.77149732628,4330.7596366518355,2445900
2015-09-29,4180.58349609375,4321.830394796723,4163.536456595116,4296.665717441596,1705300
2015-09-30,4385.958984375,4427.358930368546,4317.77083803269,4364.0413659078295,2153600
2015-10-01,4390.01806640625,4435.476833366078,4291.794659225193,4355.923991186379,1669700
2015-10-02,4476.876953125,4519.900430643699,4374.594723552244,4383.524124546691,1478900
2015-10-05,4515.84033203125,4553.993216375214,4451.711015793524,4545.875581408413,1098800
2015-10-06,4505.28857421875,4584.029653804195,4473.629789643159,4570.229670784065,1325300
2015-10-07,4476.876953125,4526.394540457843,4419.241728524479,4504.476919835109,1276400
2015-10-08,4420.8662109375,4503.66612895359,4415.18386362267,4476.877920183678,1150400
2015-10-09,4489.05419921875,4549.124725573576,4414.3719232100475,4492.30125469739,1876600
2015-10-13,4618.9345703125,4640.04042247913,4515.840600113961,4556.42877735748,1782800
2015-10-14,4528.017578125,4592.146905602926,4514.217596262662,4588.088087408121,1167400
2015-10-15,4610.00537109375,4622.993588374521,4528.017249508882,4601.887735293268,1140600
2015-10-16,4668.4541015625,4755.312837237546,4612.442393510368,4644.101185018095,1867100
2015-10-19,4723.6533203125,4750.441524397448,4622.994614053908,4630.300487895257,1482100
2015-10-20,4679.005859375,4730.958734982217,4661.958822066382,4692.805841958167,1172900
2015-10-21,4693.61767578125,4704.982367490164,4618.1236522863255,4672.511819750411,1286800
2015-10-22,4723.6533203125,4735.82977671475,4627.053432854657,4627.053432854657,1259800
2015-10-23,4763.4296875,4795.088473766616,4737.453247486367,4765.864978751278,2196800
2015-10-26,4799.95849609375,4913.605407890322,4741.511512884085,4897.370134776525,2539300
2015-10-27,4838.92333984375,4932.276163880326,4813.758665538238,4813.758665538238,2026100
2015-10-28,4913.60498046875,4947.699051041968,4872.205037629843,4872.205037629843,1908200
2015-10-29,4876.26513671875,4914.418035241437,4851.912222768098,4913.606271443082,1388800
2015-10-30,5064.59375,5113.299572247155,4939.582139565636,4950.946831423305,3010800
2015-11-02,4952.5703125,5024.005517794214,4933.087983783396,4951.758548803475,1573300
2015-11-04,5028.8759765625,5082.452379218372,5019.134812443251,5033.746558622124,1686500
2015-11-05,4946.076171875,5039.428996389299,4945.2644081835715,4994.781993360722,2458600
2015-11-06,4947.70068359375,4999.653570181116,4901.430143976876,4964.74772450523,1687400
2015-11-09,4975.298828125,5015.075242316243,4947.698867257607,4948.5106308125305,1636700
2015-11-10,4947.70068359375,4984.230056975492,4890.06545003589,4907.112490947369,1176900
2015-11-11,5032.93505859375,5045.11151438067,4944.452813208795,4950.135159242691,1113300
2015-11-12,5007.77001953125,5078.39345796523,5005.334728550768,5024.005292734464,987900
2015-11-13,5023.193359375,5028.875704804157,4943.640523366798,4955.81697785785,1271200
2015-11-16,4971.240234375,4991.534324162618,4924.96970965923,4929.028527616753,959200
2015-11-17,4967.1826171875,5020.75902717841,4967.1826171875,5018.323735815186,1430800
2015-11-18,5024.8173828125,5065.405568457189,4987.476252019385,4988.28801573228,1181800
2015-11-19,5099.5,5125.476440624005,5049.98241006049,5073.523559375994,1381600
2015-11-20,5194.47607421875,5194.47607421875,5091.38208118456,5098.687954706668,1401700
2015-11-24,5231.81787109375,5268.347243351193,5197.723790320137,5243.182564684955,1804800
2015-11-25,5182.29931640625,5226.134554984874,5156.322878730028,5175.805206987195,1343100
2015-11-26,5280.52197265625,5308.933697336184,5195.286798616449,5198.533852865585,1482400
2015-11-27,5205.8408203125,5276.464265091416,5182.299672052861,5276.464265091416,1279200
2015-11-30,5123.041015625,5206.652681701592,5120.605724380051,5200.9703354633775,2170500
2015-12-01,5148.20654296875,5162.006528971662,5105.994821077489,5127.10068202312,1608000
2015-12-02,5170.935546875,5213.147265625001,5076.770943509616,5130.347355769231,1689100
2015-12-03,5119.79296875,5145.769403663588,5100.310642564808,5114.1106236126525,1552000
2015-12-04,5049.9814453125,5088.946098804704,5028.875591337556,5061.346135914393,1607100
2015-12-07,5032.93505859375,5089.758518932711,5032.93505859375,5073.523244550151,1402300
2015-12-08,5020.75830078125,5095.440558448489,5011.828900407993,5032.934755835691,1234700
2015-12-09,4912.7939453125,5038.617319655435,4884.38221562216,5011.829117375971,2138600
2015-12-10,4914.41796875,4946.88852024488,4865.712141507681,4884.382708617237,1797700
2015-12-11,4900.6171875,4968.805334551515,4879.511332460245,4879.511332460245,2719600
2015-12-14,4879.51220703125,4890.876900243434,4783.724078528557,4829.994615178162,1881900
2015-12-15,4796.71240234375,4924.15932181709,4796.71240234375,4894.935824358236,1264500
2015-12-16,4931.46484375,4934.711898791153,4791.029713220165,4886.006073173869,2008900
2015-12-17,5033.74658203125,5071.0877113286915,4983.417233847741,5000.464271135704,2009200
2015-12-18,4901.4296875,5162.817623799271,4901.4296875,5049.170694973501,2661000
2015-12-21,4948.51220703125,4980.982759570826,4875.453463817206,4911.171071610739,2318200
2015-12-22,4926.59375,4996.405426141045,4916.040822211237,4936.334914112704,1736300
2015-12-24,4971.240234375,5064.593047398044,4953.3814353618955,5064.593047398044,1778600
2015-12-25,4971.240234375,4971.240234375,4971.240234375,4971.240234375,0
2015-12-28,4976.14599609375,5017.014475036702,4900.94799483872,4997.397605144085,1249400
2015-12-29,5017.8310546875,5039.900029842503,4941.815695820268,4978.597321078606,1500900
2015-12-30,5112.646484375,5120.820179793665,4999.032118055556,5054.613246902478,1896700
2016-01-04,4914.02587890625,5075.047684984847,4899.313226574195,5071.778206688836,1855900
2016-01-05,4845.3642578125,4923.014326046675,4804.495800847145,4923.014326046675,1876900
2016-01-06,4858.4443359375,4945.085503435712,4814.306382683693,4887.869638106704,1897600
2016-01-07,4768.533203125,4882.964922089262,4758.72477007092,4872.339119614008,1504800
2016-01-08,4681.0751953125,4761.177407490015,4667.997283120253,4736.656322129551,2938700
2016-01-12,4612.416015625,4667.997140746832,4582.990714089912,4607.511798702485,2919000
2016-01-13,4727.6650390625,4731.751886433751,4647.562830585992,4659.006003225492,1663600
2016-01-14,4627.9453125,4657.370609435712,4552.7473314420695,4627.127943140675,1686600
2016-01-15,4614.05029296875,4723.577793280143,4595.2507966466455,4722.760423874834,1545000
2016-01-18,4606.693359375,4633.666546184683,4545.390662080265,4577.268064673527,1693300
2016-01-19,4597.7041015625,4642.659430555555,4559.287729513889,4567.461425694444,1340300
2016-01-20,4600.97216796875,4655.735915571149,4585.44214999195,4602.606906703149,2700700
2016-01-21,4487.359375,4678.6238729508195,4486.542005350638,4650.015935223133,3254500
2016-01-22,4735.02197265625,4752.186733820721,4578.904383017489,4621.407601139037,3060400
2016-01-25,4888.68701171875,4891.1391202349105,4781.611606513073,4811.854278212386,3846800
2016-01-26,4871.52197265625,4900.129903703728,4805.315046517801,4832.288238648281,2778500
2016-01-27,4990.85693359375,5002.300103765763,4930.371605541681,4968.787962547724,2296400
2016-01-28,5063.6044921875,5110.194557733051,4985.954382944916,5007.205991790254,2742300
2016-01-29,5227.078125,5245.060254593433,5018.64889562158,5100.385848319,3363800
2016-02-01,5277.75537109375,5294.920132251094,5227.8958267795615,5264.677457831012,3023200
2016-02-02,5265.494140625,5294.9194416281825,5200.921952312461,5211.5477554525,2101800
2016-02-03,5131.4462890625,5175.58424694867,5076.68252650003,5100.386244624085,1963800
2016-02-04,5030.09228515625,5137.9850673532965,4913.208437776116,5108.559763117739,3417500
2016-02-05,4997.396484375,5018.648088659224,4866.617381087463,4873.15633625184,2343000
2016-02-08,5075.04638671875,5125.723287343096,4954.075720712247,4958.9799369017,2199900
2016-02-09,4815.123046875,4927.920022001252,4766.898253161603,4903.398940452067,2201600
2016-02-10,4659.8232421875,4897.6777525324505,4569.095233086849,4815.123437945372,2621000
2016-02-12,4400.71728515625,4551.113269641531,4375.378831248404,4496.349514421347,3662600
2016-02-15,4722.7607421875,4775.072387653059,4560.1042195680275,4586.260042300807,2395800
2016-02-16,4642.65771484375,4761.176265662824,4632.031913735833,4659.822470479616,1902200
2016-02-17,4569.91357421875,4683.527952114727,4503.706634581526,4640.207361981728,2079500
2016-02-18,4663.9111328125,4708.049093059937,4647.563740128265,4686.7974825704305,1587500
2016-02-19,4642.65771484375,4667.178794323559,4589.528709304165,4601.789249044069,1529600
2016-02-22,4779.97705078125,4812.671832250342,4646.7458162947005,4662.275837492519,1805600
2016-02-23,4766.08203125,4873.974816042489,4733.387247979549,4799.594184102212,1735000
2016-02-24,4701.5087890625,4781.610990266972,4662.275057860309,4725.212501663824,1777300
2016-02-25,4770.98486328125,4802.862267712973,4699.056360973772,4701.508469006982,1667800
2016-02-26,4724.39599609375,4847.001428518328,4724.39599609375,4812.671907439446,1478000
2016-02-29,4658.18896484375,4861.713978398075,4658.18896484375,4835.55815336298,1919300
2016-03-01,4714.58740234375,4745.647444176112,4676.988404336154,4692.518425252335,1233700
2016-03-02,4837.19287109375,4866.618174128454,4762.812243978249,4820.845480518915,1512600
2016-03-03,4763.6298828125,4837.19314455806,4733.387208539325,4815.124166034392,2166400
2016-03-04,4790.6025390625,4795.506755959681,4703.961373878978,4781.611474751003,1927700
2016-03-07,4626.310546875,4775.071769407024,4618.136853329284,4748.915950060733,2486500
2016-03-08,4685.1611328125,4706.412735996925,4590.346287835834,4619.77158455273,2137200
2016-03-09,4673.71875,4712.135116080797,4646.745556794333,4696.605095750262,1442200
2016-03-10,4759.54248046875,4772.620392144432,4672.901315617352,4712.1350506444005,2029200
2016-03-11,4774.25537109375,4817.575955697066,4685.979462845483,4711.317917990819,3091500
2016-03-14,4776.70703125,4822.479720118925,4768.533336809121,4822.479720118925,1581100
2016-03-15,4843.73291015625,4853.54134669386,4757.909090452165,4776.708593815917,1722000
2016-03-16,4793.05517578125,4822.480480407465,4717.857175069811,4740.743523112423,2345900
2016-03-17,4849.453125,4873.156839920783,4800.410956198382,4834.740474359515,1736900
2016-03-18,4762.8125,4824.115217950918,4715.405064784623,4815.941522224129,2070200
2016-03-22,4851.08837890625,4861.714183274537,4740.743487389427,4740.743487389427,1775100
2016-03-23,4838.8271484375,4883.782468228726,4821.662389971759,4869.069818115234,1001500
2016-03-24,4873.15673828125,4897.677822170623,4835.557742984212,4850.270393317836,2183800
2016-03-25,4990.85693359375,4996.578518679757,4878.059970469621,4895.22472572764,1835000
2016-03-28,5010.4755859375,5025.188238555261,4957.346562595585,4982.685019881729,1312700
2016-03-29,5002.30126953125,5038.265527024612,4969.60648999183,4976.145445899714,1690000
2016-03-30,5016.197265625,5072.595768367077,4981.867742216779,5002.30198234072,1486400
2016-03-31,4906.6689453125,5031.726474653298,4905.034206366869,5026.822257816404,1813300
2016-04-01,4717.8564453125,4872.339270704749,4706.413273061222,4855.174512327832,2609400
2016-04-04,4687.61328125,4741.559659028989,4663.092200441369,4727.664379904098,1884500
2016-04-05,4575.63525390625,4719.492310835063,4561.7399699983525,4675.354350186451,1954900
2016-04-06,4601.79052734375,4608.3294836881105,4535.583594357099,4605.06000551593,1774900
2016-04-07,4618.1376953125,4661.458279003042,4549.478657010509,4596.068718715432,1500700
2016-04-08,4658.18896484375,4721.9437883667915,4538.035643588788,4583.808337400202,2098300
2016-04-11,4587.078125,4672.084562099074,4548.661754387919,4618.955538912152,1347900
2016-04-12,4592.80029296875,4629.581929057662,4560.922875025027,4560.922875025027,1145000
2016-04-13,4717.0400390625,4725.213735196728,4619.773055065197,4674.536819164519,1726200
2016-04-14,4809.40234375,4811.037082819936,4717.856955833617,4784.8812577009685,1823700
2016-04-15,4797.1416015625,4802.0458185686975,4723.578346469532,4727.665193974697,1086500
2016-04-18,4640.20556640625,4704.7777418063015,4632.8492426264975,4633.666611935359,1514900
2016-04-19,4789.78515625,4829.018891318259,4760.359854948805,4768.533549754692,1463800
2016-04-20,4809.40234375,4834.740799333999,4777.524931886259,4796.324431190516,1153400
2016-04-21,4862.52978515625,4903.39824863882,4830.652383639845,4901.763510099518,1477600
2016-04-22,4846.18310546875,4846.18310546875,4790.601987038682,4802.045158480166,1541300
2016-04-25,4791.42138671875,4847.0025287004755,4778.3434709583435,4847.0025287004755,1323700
2016-04-26,4852.72265625,4893.59113070048,4784.880988662203,4828.201571579712,1710100
2016-04-27,4878.87841796875,4897.677915977341,4843.731530387471,4894.408438062804,1893200
2016-04-28,4999.03125,5148.6098501880315,4951.6238248037935,5124.088768189993,3913200
2016-05-02,4891.9560546875,4913.207659937604,4806.1322642543855,4830.653347235276,2669400
2016-05-06,4894.40771484375,4960.614632830114,4841.278706583088,4929.554597231572,2070900
2016-05-09,4865.80126953125,4928.738729258095,4835.558594078091,4917.295554762305,1449300
2016-05-10,4987.58935546875,4988.406725077971,4878.061827833088,4896.043959235957,1971100
2016-05-11,4996.58056640625,5063.604876310604,4981.867913012611,5029.275351725447,1371800
2016-05-12,5008.0234375,5008.0234375,4934.460174993879,4984.319719581361,832400
2016-05-13,5008.0234375,5075.865112922311,4981.867610831157,5074.2303737555085,2079600
2016-05-16,5034.99609375,5081.586155007102,4991.675510475852,5008.840269886364,1306200
2016-05-17,4999.84912109375,5070.142896541529,4977.780145081076,5066.056049131775,1842900
2016-05-18,4914.02587890625,4996.580205880557,4896.861117852186,4928.738531238305,1627600
2016-05-19,4933.64208984375,4984.318996664544,4927.103134124938,4945.085262351671,1128100
2016-05-20,4932.8251953125,4971.241563859258,4902.582522201222,4933.642564856048,1191200
2016-05-23,4856.8095703125,4914.842804828182,4844.549027809187,4904.217001325311,1160300
2016-05-24,4857.62646484375,4891.9559804963565,4848.635401220448,4870.704375568553,1358100
2016-05-25,4830.65478515625,4900.131207616196,4825.750567100254,4891.957510856202,1246000
2016-05-26,4868.2529296875,4936.911970334537,4860.079234372377,4887.869798443796,1258300
2016-05-27,4864.98388671875,4887.052866043583,4825.750145696825,4882.9660180204655,1263200
2016-05-30,4974.51123046875,4981.050187064831,4866.618446633411,4893.591642592246,993500
2016-05-31,4986.77099609375,4998.214168351627,4918.111962546483,4947.537262638169,1499400
2016-06-01,4886.23681640625,4951.626402440459,4872.341529373981,4924.653198201348,1259800
2016-06-02,4852.72265625,4906.669042524633,4832.2884190247605,4885.417435810384,1225300
2016-06-03,4860.896484375,4891.956525808706,4832.2885514755335,4873.1570270462,822900
2016-06-06,4815.94091796875,4825.749351610234,4764.446641350958,4817.575656908997,1285700
2016-06-07,4861.712890625,4878.060277614324,4821.661792501156,4855.17393582927,1007100
2016-06-08,4930.37353515625,4930.37353515625,4843.732355659141,4869.888183431853,986600
2016-06-09,4888.68701171875,4931.1902259988665,4866.618035073305,4891.956489740298,767300
2016-06-10,4923.833984375,4923.833984375,4855.99231427156,4919.747136778407,2525200
2016-06-13,4904.21728515625,4984.319500813802,4903.399915608724,4961.433153483073,2436500
2016-06-14,4852.72265625,4902.582195079586,4783.2462496841845,4879.695849387317,1686300
2016-06-15,4840.462890625,4900.130872897143,4793.055452655353,4844.549738725832,1561000
2016-06-16,4737.47314453125,4876.4259455268175,4726.029972684556,4841.279060569115,1622400
2016-06-17,4714.58740234375,4833.105983019867,4714.58740234375,4811.854375450356,2264200
2016-06-20,4757.908203125,4788.968246368215,4694.97074707954,4755.456094447904,1934900
2016-06-21,4940.1806640625,4945.902249874617,4743.194638245315,4822.479470213228,1972500
2016-06-22,4938.5458984375,4995.761756247931,4904.216383751241,4934.45905145104,1797500
2016-06-23,4940.99853515625,4987.588595785515,4915.660081129808,4947.5374910340415,1030000
2016-06-24,4696.60498046875,5008.0227489265635,4589.529579765408,4985.95377320908,2482300
2016-06-27,4957.345703125,4972.8757226401485,4770.9854689432195,4801.228138525351,2469900
2016-06-28,4995.23291015625,5048.767970199145,4867.5723823616545,4884.868324837052,2612600
2016-06-29,4967.22998046875,5089.948811025845,4950.757654219475,5064.416705339469,2258500
2016-06-30,4883.22021484375,5011.704335861734,4883.22021484375,4982.877770248725,2659100
2016-07-01,5010.05615234375,5010.05615234375,4936.754327987578,4965.580888127645,1912000
2016-07-04,5013.35205078125,5038.884154210561,4982.054633674352,4991.11441231056,1403600
2016-07-05,4971.34765625,5033.9424908880055,4942.521087666708,5024.059095945163,1464600
2016-07-06,4983.70166015625,4990.290589801144,4884.867715482849,4969.700184660852,1891600
2016-07-07,4866.74853515625,4991.938208086314,4844.510895885778,4963.935254930905,1606200
2016-07-08,4799.21142578125,4898.04536624697,4799.21142578125,4898.04536624697,2045500
2016-07-11,4799.21142578125,4799.21142578125,4799.21142578125,4799.21142578125,0
2016-07-12,4923.5791015625,5019.118609053508,4907.10677268474,4933.462498889156,2036000
2016-07-13,4893.927734375,4981.23105646247,4869.219246991754,4981.23105646247,1631700
2016-07-14,4966.40576171875,4998.526794008473,4903.810929564418,4911.223475477431,1540200
2016-07-15,4915.34130859375,5044.64904744248,4889.809207292409,5032.294804877315,2402700
2016-07-19,5004.29248046875,5011.7050269342235,4912.047457787298,4958.169969128025,1936600
2016-07-20,5033.11865234375,5036.4131171791905,4944.991717995726,4996.879539153908,1456400
2016-07-21,4941.697265625,5039.707594726563,4920.283244140625,5035.5895136718755,1822000
2016-07-22,4898.86865234375,4920.282671335165,4864.276775511465,4907.928429609349,1149100
2016-07-25,4883.22021484375,4956.522053116831,4868.39512395706,4898.04530573044,963900
2016-07-26,4742.3818359375,4858.511714170773,4683.081472584339,4822.272603232731,3198000
2016-07-27,4709.43798828125,4792.6232343142,4612.251265193249,4612.251265193249,3290300
2016-07-28,4649.3134765625,4694.612367831045,4604.014585293955,4680.610892348041,5537500
2016-07-29,4573.54052734375,4684.728708721636,4495.296992300052,4678.963395613154,3551800
2016-08-01,4492.00244140625,4546.361106813806,4479.648199268169,4538.948561530958,3431900
2016-08-02,4474.70703125,4512.593378284327,4449.998544053699,4491.1793560475335,2337300
2016-08-03,4463.17578125,4491.1787294992155,4417.876894376269,4455.763236125208,2591200
2016-08-04,4312.45556640625,4468.119069471716,4291.0415395295195,4463.177370961702,3403600
2016-08-05,4283.6279296875,4360.224237601543,4267.155605404911,4297.6294053277015,3736500
2016-08-08,4270.4501953125,4305.042077318888,4230.09299963838,4300.100379889404,3372500
2016-08-09,4381.638671875,4390.698451083764,4318.220217413651,4323.9855314555925,3071400
2016-08-10,4504.35693359375,4529.0654192415495,4411.288304320374,4431.055092838614,3229200
2016-08-12,4571.0703125,4686.3765906531535,4560.363300957208,4652.60832347973,3701800
2016-08-15,4522.4775390625,4571.070905444705,4505.181595095953,4570.247289065346,1273200
2016-08-16,4460.7060546875,4522.47727959547,4460.7060546875,4509.299418281769,1766000
2016-08-17,4409.64111328125,4455.763620256175,4384.109011205845,4447.527458296367,1561600
2016-08-18,4367.63720703125,4430.232045374522,4367.63720703125,4409.641638024762,1990700
2016-08-19,4271.2744140625,4359.401363986273,4246.565923429666,4355.2832822141345,2838900
2016-08-22,4279.509765625,4314.101645947604,4255.62489587844,4285.275079012101,1982700
2016-08-23,4352.8125,4372.579292809839,4301.748285241249,4308.337216177862,1926500
2016-08-24,4372.57861328125,4381.638391911141,4313.2782440674155,4348.6937423479,1799500
2016-08-25,4332.2216796875,4406.347145689758,4332.2216796875,4403.876296823016,1725100
2016-08-26,4423.64306640625,4484.590671491721,4411.288822132168,4447.527938669475,3608400
2016-08-29,4467.29541015625,4508.476230677602,4422.8201239931905,4506.005381446321,2291400
2016-08-30,4407.994140625,4479.648753897492,4407.994140625,4461.5291965182405,1466800
2016-08-31,4428.58349609375,4440.937736830481,4398.109702276478,4435.996040535789,1898500
2016-09-01,4470.58935546875,4471.412971783317,4415.407062392772,4418.701527651039,1819100
2016-09-02,4543.89013671875,4562.833307489917,4482.942543802819,4487.060624405247,2442200
2016-09-05,4520.005859375,4622.957887877528,4513.416929550838,4620.487039193467,1952500
2016-09-06,4613.89794921875,4613.89794921875,4520.005702483489,4526.594632078945,2215300
2016-09-07,4624.60595703125,4636.136586309689,4588.366836441869,4604.839163982497,1950200
2016-09-08,4620.4873046875,4628.723467440954,4564.481397964015,4611.427525658701,1601500
2016-09-09,4577.658203125,4645.194722134761,4571.892890526606,4632.840480852487,2536500
2016-09-12,4534.8310546875,4562.010390830742,4511.769799778083,4534.8310546875,1908600
2016-09-13,4556.2451171875,4567.775744743651,4525.771315789102,4540.596408361295,2044200
2016-09-14,4544.71484375,4590.837357568413,4536.478680568141,4554.598239568231,2059400
2016-09-15,4534.8310546875,4595.778656948102,4528.242124713381,4544.714449648679,2690000
2016-09-16,4569.421875,4577.658035553352,4505.17982268385,4538.124464897261,2094900
2016-09-20,4661.66748046875,4688.023197672814,4556.244611652496,4569.422470254528,2924300
2016-09-21,4800.03515625,4801.682388630319,4669.903798204787,4694.612283909574,3672300
2016-09-23,4748.970703125,4787.680662030112,4736.616460921241,4760.501329181842,2707400
2016-09-26,4734.14599609375,4757.207250076113,4720.144520461601,4744.853006871276,1716500
2016-09-27,4744.85302734375,4744.85302734375,4683.08181105304,4710.2611462209525,2360300
2016-09-28,4737.4404296875,4786.8574021807635,4701.201316525773,4760.501683517689,1148500
2016-09-29,4710.26220703125,4762.973656803937,4706.144125017759,4761.326423998541,1288300
2016-09-30,4687.19970703125,4710.260960202376,4643.548049243048,4654.255059643928,1713600
2016-10-03,4826.39111328125,4842.039821669022,4730.851630492747,4742.3822577258425,2264300
2016-10-04,4863.4541015625,4870.866648033975,4818.155206459039,4828.03860175434,1977900
2016-10-05,4850.2763671875,4913.694821980069,4833.804041267352,4887.339100507832,2107700
2016-10-06,4845.33447265625,4872.513809320819,4814.037054678868,4843.687240131125,1656600
2016-10-07,4714.37890625,4824.743471840059,4697.082966866483,4818.1545425511,2122500
2016-10-11,4765.443359375,4772.032289011191,4678.963657899995,4714.379154694521,1921200
2016-10-12,4654.25537109375,4722.615518996914,4653.431754853953,4680.611090767259,2530300
2016-10-13,4651.78466796875,4686.3765511229085,4637.783191453972,4673.198690873705,1763800
2016-10-14,4643.54833984375,4660.844280804502,4623.781550174319,4628.723247591677,1923400
2016-10-17,4681.43408203125,4710.260646575777,4632.017114240632,4636.13519488985,1637700
2016-10-18,4618.0166015625,4679.787824162319,4600.720659234551,4637.783392794442,2466400
2016-10-19,4674.02197265625,4681.434518515969,4602.367362678965,4618.016070605038,1248500
2016-10-20,4599.89599609375,4667.432517432996,4590.012602727032,4662.490820749636,2236900
2016-10-21,4583.42333984375,4607.308205406278,4563.656554550623,4587.541420113151,1769800
2016-10-24,4653.431640625,4653.431640625,4608.9563647677,4616.368910743916,1219500
2016-10-25,4704.4951171875,4710.260429831112,4674.02132178555,4702.847885003611,1814500
2016-10-26,4736.6171875,4741.5588851395405,4688.847443651104,4711.085083029038,1393400
2016-10-27,4730.02783203125,4789.328198373972,4688.847022071027,4703.672113656707,1927900
2016-10-28,4462.35302734375,4599.896946791222,4459.058562207283,4520.829783516028,6679700
2016-10-31,4451.64501953125,4478.824350825335,4414.582295039315,4462.35202882892,2708600
2016-11-01,4379.16748046875,4470.588881697268,4369.284085741342,4470.588881697268,3148800
2016-11-02,4390.697265625,4398.93342631835,4352.810926435589,4365.165167475614,2403400
2016-11-04,4301.7470703125,4352.811270649351,4291.863676698916,4342.927877035767,3189100
2016-11-07,4350.3408203125,4361.871447250094,4305.865544981778,4346.222739263359,1764900
2016-11-08,4342.10595703125,4373.403382366452,4308.337682327478,4364.343601348367,2025400
2016-11-09,4146.08544921875,4375.8744520657965,4106.5518573310865,4329.751928196855,4295000
2016-11-10,4209.5029296875,4272.09776879066,4199.6195340396325,4266.332454662737,3463500
2016-11-11,4179.8525390625,4217.7388871998155,4151.025969827586,4209.502724561268,5994600
2016-11-14,4152.67333984375,4211.973712804628,4142.78994435027,4196.325003273286,3468300
2016-11-15,4104.90283203125,4124.669619344402,4025.8356827786415,4118.080690240018,3905400
2016-11-16,4110.66845703125,4129.611629644298,4072.7821118051556,4099.137830223309,3746300
2016-11-17,4141.96630859375,4174.087343796605,4119.728668837927,4119.728668837927,2571400
2016-11-18,4156.791015625,4180.675885736577,4142.789540042352,4158.438248046488,2912400
2016-11-21,4200.44384765625,4206.209162741268,4156.792176298253,4159.263025620405,2143200
2016-11-22,4210.326171875,4221.85679910627,4181.499603796826,4200.442777105341,1930200
2016-11-24,4184.79443359375,4244.918423684745,4184.79443359375,4244.094807382128,2358000
2016-11-25,4195.50146484375,4199.619546375791,4148.555335378478,4183.970836554035,2595800
2016-11-28,4229.2685546875,4235.857483302398,4176.557125768318,4183.969670460077,2194300
2016-11-29,4321.51416015625,4322.3377763483895,4210.32597421741,4219.385752330945,3252400
2016-11-30,4337.98681640625,4347.8702114692605,4300.10046866471,4347.8702114692605,3507200
2016-12-01,4328.927734375,4388.2281142979455,4307.5137082917145,4365.166855439022,3262100
2016-12-02,4254.80078125,4322.337301587301,4237.504843114837,4322.337301587301,2864500
2016-12-05,4272.09716796875,4302.570966930548,4256.448460393773,4258.095692770086,1916400
2016-12-06,4239.15234375,4322.337575286575,4230.092566057898,4322.337575286575,2148300
2016-12-07,4247.388671875,4256.448449922435,4179.028528426168,4216.091256802041,2323800
2016-12-08,4318.22021484375,4323.161912591044,4279.510249156613,4305.865970475515,2534200
2016-12-09,4369.28466796875,4418.701648190828,4361.048504598403,4389.8750763946155,4445600
2016-12-12,4408.81787109375,4413.759568688848,4379.9913017890085,4406.3470222962005,2205800
2016-12-13,4552.126953125,4568.599277905622,4490.355735197666,4517.535071085693,4548000
2016-12-14,4552.9501953125,4571.893367253923,4539.772336570641,4562.8335893688945,2271700
2016-12-15,4561.18603515625,4573.540276854939,4536.4775517588705,4562.833267382742,2438100
2016-12-16,4560.36279296875,4596.60190492299,4550.479398799412,4580.129581307427,3064600
2016-12-19,4625.4287109375,4626.252327160957,4551.303250826322,4551.303250826322,1995800
2016-12-20,4637.7822265625,4652.607316258492,4585.07079653231,4585.07079653231,1978100
2016-12-21,4594.9541015625,4636.134905484014,4578.481779993895,4612.250039209536,1587100
2016-12-22,4600.71923828125,4610.60263084469,4580.95245315437,4594.130309905623,1033400
2016-12-26,4633.6640625,4648.489151928546,4614.720892674635,4630.369598182545,1247500
2016-12-27,4654.25537109375,4677.316625808071,4645.195592455982,4653.431754853953,1623400
2016-12-28,4616.87451171875,4651.762732210327,4616.043839802284,4641.794669212734,1785800
2016-12-29,4584.478515625,4634.318832881297,4566.203732631025,4609.398674253149,1386000
2016-12-30,4602.75341796875,4609.398793775238,4556.235787323334,4568.695866960499,1480900
2017-01-04,4568.6962890625,4597.769810901988,4536.300079012784,4554.574864169034,2678100
2017-01-05,4597.7705078125,4609.399918311033,4562.051604138437,4568.69698156617,2399500
2017-01-06,4631.8271484375,4634.319164478625,4598.600267889168,4610.229676081084,1727400
2017-01-10,4552.0830078125,4623.520806840214,4551.252335730783,4610.230053532733,2123400
2017-01-11,4484.79833984375,4549.590758904282,4482.306323726037,4529.65462996258,2786900
2017-01-12,4398.408203125,4444.92583473501,4383.456107250354,4439.111130783758,3104300
2017-01-13,4469.8466796875,4484.798777854081,4402.562237937883,4402.562237937883,2155400
2017-01-16,4463.2001953125,4502.241775282663,4445.756085113065,4448.248100855842,1215500
2017-01-17,4447.41748046875,4506.395187064432,4441.60277700157,4503.903171292784,1892300
2017-01-18,4469.015625,4495.597130576209,4446.587479670075,4485.62906598513,2270500
2017-01-19,4519.68603515625,4542.114177583969,4506.395284087972,4527.162082632156,2408000
2017-01-20,4479.814453125,4542.945530157727,4479.814453125,4533.808137429307,1755700
2017-01-23,4404.2236328125,4432.46648522963,4402.562288552669,4405.054304942416,2102900
2017-01-24,4410.037109375,4431.634578737168,4365.180826853574,4367.672842549209,1692000
2017-01-25,4500.58154296875,4518.856329595792,4459.0479369982,4490.613477535819,1830900
2017-01-26,4618.53662109375,4618.53662109375,4552.082856761466,4568.696297844537,2967700
2017-01-27,4624.3505859375,4655.085447026002,4604.41445982604,4651.762759340758,2547800
2017-01-30,4651.763671875,4651.763671875,4596.939314313617,4617.706116420201,1518900
2017-01-31,4637.6416015625,4671.69915228148,4631.82689778121,4642.625633375033,2277800
2017-02-01,4671.69921875,4671.69921875,4621.028227934967,4638.4723395270275,1594600
2017-02-02,4650.1025390625,4676.684046967109,4634.319768744138,4652.594555428557,1962400
2017-02-03,4853.61767578125,4857.7710367908185,4758.921044763098,4759.751716965012,4401000
2017-02-06,4842.81884765625,4876.876407305291,4797.962549581904,4863.585652320299,1755700
2017-02-07,4870.23046875,4887.6745826581955,4837.834257206208,4841.987617660541,1735700
2017-02-08,4833.68017578125,4880.197805931404,4819.55875234281,4878.536461997471,1485000
2017-02-09,4788.82373046875,4817.897248346704,4785.501042711269,4807.0985131348925,1490700
2017-02-10,4812.91357421875,4850.293814267049,4785.501398183331,4841.156422255242,1890200
2017-02-13,4796.30029296875,4835.341878311586,4796.30029296875,4833.680534254443,1618500
2017-02-14,4697.44970703125,4773.040851742097,4696.61903511135,4773.040851742097,2100600
2017-02-15,4726.52294921875,4749.781761622638,4708.248168044266,4733.16832419129,1104700
2017-02-16,4713.23388671875,4738.15405178776,4690.805738156641,4734.831363111892,1014900
2017-02-17,4731.50830078125,4732.338972884618,4672.530581442158,4702.4347771633875,1054800
2017-02-20,4757.25927734375,4764.735326496202,4721.54037583759,4751.444572447398,1338500
2017-02-21,4743.13623046875,4748.950933378256,4726.522793584447,4740.644214936105,1140100
2017-02-22,4710.7412109375,4743.968093046035,4703.26516246308,4742.3067489406085,1495000
2017-02-23,4738.1533203125,4741.4760084754125,4703.265094601924,4711.571815009204,943800
2017-02-24,4751.4443359375,4775.533826451869,4724.032157076322,4742.306942983774,970300
2017-02-27,4801.2841796875,4826.204339789684,4750.613187479726,4765.565283541036,1673300
2017-02-28,4818.72900390625,4873.553364233402,4808.760938392222,4817.898331780081,2146200
2017-03-01,4871.89111328125,4891.827240599025,4827.034826816256,4834.510874560422,1604000
2017-03-02,4923.39306640625,4941.667850860601,4898.472905786681,4902.626265889942,1812100
2017-03-03,4935.85302734375,4954.12781135613,4913.4248833285565,4942.4984033482515,1872000
2017-03-06,4960.7724609375,4979.04724227384,4925.884242022668,4934.190960811914,1233700
2017-03-07,4954.12890625,4992.339826720741,4924.224707620725,4980.71041614269,2042900
2017-03-08,4959.111328125,4970.740734924623,4925.884451554648,4970.740734924623,1536200
2017-03-09,4927.54638671875,4950.805203109196,4918.40899456536,4946.6518430394735,1539500
2017-03-10,4965.75927734375,5012.276928653761,4940.008434654279,4952.468519826603,2682400
2017-03-13,4996.49169921875,5004.798418585697,4945.820711080371,4951.635414637235,981200
2017-03-14,4994.83154296875,5018.090362726462,4984.0328052240975,4990.67818229773,1144400
2017-03-15,5037.1943359375,5052.977101831763,5001.475444703115,5003.96746037063,1514100
2017-03-16,5024.73486328125,5031.380239195657,4996.492015645019,4999.814703602222,1282200
2017-03-17,5043.84033203125,5062.1151158429575,5013.105468347924,5041.348316056926,1889400
2017-03-21,5024.73486328125,5065.437790756994,4993.169327687815,5024.73486328125,1240300
2017-03-22,5018.919921875,5034.702688924921,4933.360711025426,4933.360711025426,1840300
2017-03-23,5057.96240234375,5063.7771070270155,5007.291404389575,5013.936781170451,1879400
2017-03-24,5132.72314453125,5150.167259442264,5059.623996332714,5077.068111243729,2809200
2017-03-27,5087.03466796875,5096.172058783194,5041.347713896529,5049.654432818751,2029300
2017-03-28,5148.5048828125,5183.393105638916,5111.955316041969,5138.536819147809,2269800
2017-03-29,5187.54638671875,5187.54638671875,5128.568677598329,5148.504804624949,1428700
2017-03-30,5167.6103515625,5207.482606324596,5138.536832465138,5164.287663665659,1776200
2017-03-31,5070.42138671875,5207.4822531683885,5070.42138671875,5207.4822531683885,2091000
2017-04-03,5130.2294921875,5139.366882798586,5067.0984297836385,5078.727836015929,1485000
2017-04-04,5116.10986328125,5159.304815853197,5080.390960192908,5134.384650907843,1616900
2017-04-05,5104.47998046875,5172.595091680863,5087.866538709698,5160.965682449527,1482800
2017-04-06,5067.09912109375,5123.584816214139,5043.009633468878,5102.818016537525,1518800
2017-04-07,5195.021484375,5222.433654023925,5110.292960005597,5126.075724348917,2486900
2017-04-10,5154.31982421875,5233.233665201954,5132.722351949663,5232.402993191605,1306500
2017-04-11,5157.64208984375,5191.699639478731,5138.536635170469,5165.948809266916,1115500
2017-04-12,5132.72314453125,5150.167259442264,5089.528193323024,5120.263062451954,1677100
2017-04-13,5074.57568359375,5124.416007871967,5056.300898025071,5097.834501590251,1584800
2017-04-14,5007.29150390625,5116.940222969891,4988.1860452815245,5108.633501828705,1975900
2017-04-17,5064.60693359375,5067.098949470539,4984.862425536509,5001.475864715101,1013700
2017-04-18,5075.40576171875,5092.8498731747395,5037.194850910393,5075.40576171875,1106800
2017-04-19,5066.2685546875,5119.431562967546,5057.961834643743,5107.802154906286,1456400
2017-04-20,5088.6962890625,5103.648383937317,5057.130755437888,5062.1147870628265,1841600
2017-04-21,5098.6640625,5111.9548127443795,5070.421218230694,5108.632125183284,1361900
2017-04-24,5095.341796875,5128.568675237406,5066.268278307894,5124.415315442106,1500500
2017-04-25,5109.4638671875,5144.352093885902,5077.06765668184,5090.358409709803,1672700
2017-04-26,5100.32568359375,5108.6324029481375,5051.3160394028655,5052.977383273743,1779500
2017-04-27,5124.41552734375,5247.35498236837,5105.31007149533,5233.233558480406,3760200
2017-04-28,5106.97119140625,5144.351429469568,5097.003127922698,5144.351429469568,1861700
2017-05-01,5071.25244140625,5133.552839949324,5065.43773754223,5106.140664590372,1694900
2017-05-02,5090.35791015625,5126.907477396276,5077.067158432605,5080.389846363516,1230900
2017-05-08,5352.84912109375,5354.510464706752,5162.625277404974,5190.037447019514,3875400
2017-05-09,5399.3671875,5399.3671875,5333.744109374999,5357.83359375,2511900
2017-05-10,5477.45166015625,5477.45166015625,5392.723108543278,5399.368485140374,2348100
2017-05-11,5575.470703125,5575.470703125,5504.863580096749,5514.831644524266,3130400
2017-05-12,5557.1953125,5603.712941423767,5502.370964125561,5575.47009529148,2487000
2017-05-15,5621.15771484375,5621.15771484375,5512.339677213407,5546.397230975575,2027900
2017-05-16,5628.63427734375,5663.52250633555,5592.915376233098,5630.295621581455,1904200
2017-05-17,5641.0927734375,5672.658305080943,5472.466380710683,5616.172616876886,2284500
2017-05-18,5686.7802734375,5686.7802734375,5591.2529974449035,5598.729045131281,2928600
2017-05-19,5705.05517578125,5723.329959396157,5657.706872778988,5686.780392166342,2572600
2017-05-22,5721.66943359375,5729.9761546065165,5681.797172732469,5729.14548250524,1407000
2017-05-23,5730.806640625,5757.388147002735,5714.193199138915,5739.944033442346,1488000
2017-05-24,5698.41015625,5748.250478316326,5664.35260283801,5747.419806281888,1686100
2017-05-25,5710.86962890625,5724.991051988637,5633.617137926137,5642.7545293323865,2079900
2017-05-26,5725.82275390625,5751.573588865062,5692.595870088428,5700.071918947438,1455100
2017-05-29,5738.28369140625,5757.389152451754,5695.088735999023,5699.242097095872,922800
2017-05-30,5793.10595703125,5853.745007054663,5736.620266598482,5737.450938516611,1919300
2017-05-31,5800.5830078125,5841.285938842546,5761.541420906129,5778.98553420472,2311100
2017-06-01,5814.7041015625,5820.518805664063,5747.419668387277,5747.419668387277,1527100
2017-06-02,5823.841796875,5848.761958607456,5781.477521929824,5811.381716008772,2122500
2017-06-05,5950.10400390625,5960.072068690122,5794.768327690912,5795.598999756235,1416900
2017-06-06,5898.6025390625,5951.765553074611,5891.126490217047,5950.1042088867325,1313400
2017-06-07,5943.45849609375,5962.563953174135,5895.2795173693,5898.602205557194,1843600
2017-06-08,5806.3974609375,5907.739448095494,5798.921412704533,5897.771383784871,2045100
2017-06-09,5690.1025390625,5719.176055685447,5648.568943886861,5690.1025390625,3737900
2017-06-12,5695.08642578125,5715.853222841421,5662.690222367383,5670.166269309045,2142600
2017-06-13,5707.5478515625,5759.880192509733,5689.273065834895,5698.410458698698,1356200
2017-06-14,5663.52099609375,5711.699966139722,5661.859652299061,5690.933168706114,1511000
2017-06-15,5720.837890625,5734.959314197038,5666.0135402865,5668.505556210977,1538000
2017-06-16,5688.4423828125,5730.8066587359,5674.3209575047,5715.023889274241,2503700
2017-06-19,5766.525390625,5790.614880156565,5707.547674875306,5707.547674875306,1595300
2017-06-20,5756.5576171875,5788.9538288859585,5736.6214869115265,5783.1391242221325,1793800
2017-06-21,5692.595703125,5796.429712010251,5686.780998627426,5783.138958872939,1947400
2017-06-22,5647.7392578125,5696.748908674529,5639.4325373274105,5690.103532286457,1909700
2017-06-23,5669.33642578125,5685.119193853022,5631.956185611264,5655.215001717033,1105400
2017-06-26,5694.2568359375,5709.208932662063,5660.199282287108,5660.199282287108,1046200
2017-06-27,5695.08642578125,5730.8053167247435,5672.658284956266,5729.143972959931,1294200
2017-06-28,5648.2001953125,5743.648582840758,5644.8511290834385,5740.299516611696,1797100
2017-06-29,5648.2001953125,5660.759193671482,5605.499600891963,5659.921927114216,1307100
2017-06-30,5586.2431640625,5602.151230626827,5564.474230869211,5588.754964046341,1369600
2017-07-03,5620.5703125,5637.315643387829,5579.544251824817,5579.544251824817,1297100
2017-07-04,5599.63916015625,5639.827957956414,5577.032961393657,5633.12982498972,1087700
2017-07-05,5590.4296875,5610.5240880541405,5513.401152042459,5608.849554674629,1596000
2017-07-06,5572.84716796875,5627.269503593445,5557.77636733422,5627.269503593445,1367300
2017-07-07,5569.4990234375,5600.477896538399,5548.567352423378,5557.777287669592,1281600
2017-07-10,5611.361328125,5629.78119521225,5564.4743937210915,5576.196127322069,1542100
2017-07-11,5577.0322265625,5608.011087451678,5556.93783031006,5583.730358646647,1640300
2017-07-12,5597.1279296875,5607.17513015964,5565.31179485906,5566.149061565071,1204100
2017-07-13,5674.9921875,5675.829453977943,5616.3835340439655,5617.220800521909,1388100
2017-07-14,5643.177734375,5731.090740622682,5637.316867291821,5726.904406991839,1552900
2017-07-17,5643.177734375,5643.177734375,5643.177734375,5643.177734375,0
2017-07-18,5691.73828125,5709.320879647506,5668.294816719991,5674.992949442851,1636400
2017-07-19,5875.93603515625,5880.959633932389,5763.742329155832,5793.88392181266,2661200
2017-07-20,5943.75634765625,5943.75634765625,5839.935276081468,5860.866943737674,1893600
2017-07-21,5971.384765625,5998.177294018157,5933.707772572122,5966.361166551283,2060900
2017-07-24,5797.23388671875,5883.47234574995,5795.5593535336775,5860.86614775148,2098300
2017-07-25,5736.11376953125,5803.932367594603,5736.11376953125,5789.698834667727,1502900
2017-07-26,5670.80712890625,5763.743728833696,5660.7599289140935,5751.184728843501,1674900
2017-07-27,5716.857421875,5746.999025153778,5687.553085353965,5690.902152384941,1436700
2017-07-28,5695.9248046875,5695.9248046875,5567.82301207877,5602.150943431437,5339100
2017-07-31,5621.408203125,5637.316269234529,5553.589605500168,5618.89640321297,2421700
2017-08-01,5633.12939453125,5654.061058452665,5561.124470641582,5608.848664382408,1637600
2017-08-02,5643.177734375,5679.180203600241,5617.22246586378,5675.831136695568,1031400
2017-08-03,5628.10595703125,5682.528284791892,5622.24509096472,5639.827689164311,1103600
2017-08-04,5654.8994140625,5664.109347961625,5597.128010513446,5612.198811439286,950400
2017-08-07,5628.10595703125,5650.71215471644,5612.197891993524,5644.851288649908,730400
2017-08-08,5648.2001953125,5649.874728427031,5612.197733350087,5649.037461869765,832800
2017-08-09,5638.1533203125,5716.856381213803,5602.988122888513,5693.412916264479,1468000
2017-08-10,5641.50146484375,5693.411985891586,5616.383470788346,5682.52752180091,1865200
2017-08-11,5641.50146484375,5641.50146484375,5641.50146484375,5641.50146484375,0
2017-08-14,5597.1279296875,5681.691866994671,5575.3589953311985,5651.550265578254,1968400
2017-08-15,5697.599609375,5716.856742514695,5612.198410233744,5632.292810031686,1186600
2017-08-16,5649.03759765625,5709.320791228393,5635.641332417996,5699.273592299703,1109400
2017-08-17,5659.9228515625,5690.90171924117,5646.52658445821,5690.90171924117,905700
2017-08-18,5567.82373046875,5597.12806589227,5535.170328139685,5585.406331722862,1304000
2017-08-21,5638.1533203125,5644.851453155164,5595.452723440516,5602.1508562831805,1182600
2017-08-22,5613.873046875,5661.59724727349,5598.802246749161,5661.59724727349,882800
2017-08-23,5624.75732421875,5647.363523646244,5593.778458336628,5644.014457064393,1071600
2017-08-24,5600.4765625,5632.292694862835,5597.964762576618,5601.313829141127,681300
2017-08-25,5571.17236328125,5602.15122974374,5560.287896686322,5592.941296471108,658100
2017-08-28,5633.12939453125,5649.874725668382,5584.567934233566,5584.567934233566,1068800
2017-08-29,5647.36279296875,5654.060925265821,5602.150399963514,5608.011265723452,813200
2017-08-30,5717.69384765625,5737.788246886555,5659.922449869125,5703.460314868118,1198500
2017-08-31,5745.32275390625,5745.32275390625,5676.666900536924,5708.483027708075,1544700
2017-09-01,5703.4599609375,5776.302153627102,5683.365562954162,5768.7667543833495,1144900
2017-09-04,5706.81005859375,5742.81252815354,5657.411321290781,5736.114394281951,963900
2017-09-05,5682.52783203125,5701.784961858379,5645.68810540544,5681.690565517028,970200
2017-09-06,5677.505859375,5709.321996029807,5648.201522982415,5653.225123506858,1339200
2017-09-07,5654.8994140625,5750.347819926155,5644.852213445273,5686.715549350385,1300100
2017-09-08,5613.03515625,5656.573018440483,5580.381759607138,5642.339486570518,2160400
2017-09-11,5647.36279296875,5671.643522545635,5623.919329928998,5634.80379491174,671700
2017-09-12,5745.32275390625,5745.32275390625,5685.876832086467,5693.412230627004,1376900
2017-09-13,5745.32275390625,5767.091683023353,5721.042025275635,5762.905350500833,884000
2017-09-14,5692.57568359375,5776.302344626162,5690.901150373102,5715.181882072501,1475300
2017-09-15,5607.17431640625,5680.016509257876,5598.801650561235,5680.016509257876,2421000
2017-09-18,5607.17431640625,5607.17431640625,5607.17431640625,5607.17431640625,0
2017-09-19,5730.2529296875,5746.160995973892,5652.387131548848,5677.505130948412,1500300
2017-09-20,5679.1787109375,5722.716569255169,5674.992378406955,5715.181170700188,1697800
2017-09-21,5587.080078125,5695.087470613855,5585.405544908119,5687.552071137888,1698900
2017-09-22,5497.4931640625,5602.988768490139,5493.306830553467,5597.127901577493,2065200
2017-09-25,5525.9599609375,5570.33509395715,5503.353761097301,5503.353761097301,1764800
2017-09-26,5485.77099609375,5513.400795066749,5475.723796467205,5499.167262262477,1641100
2017-09-27,5439.72119140625,5480.747255494122,5430.51125865183,5474.8863891958545,1603100
2017-09-28,5482.421875,5493.306341153787,5439.721277012064,5482.421875,1319100
2017-09-29,5542.705078125,5545.216878009347,5471.537414735178,5525.122478934573,1589300
2017-10-02,5510.88916015625,5576.195959684082,5506.702826853184,5569.497826399175,935600
2017-10-03,5489.95703125,5510.888696002364,5472.374432858014,5510.0514294122695,1219700
2017-10-04,5464.00244140625,5479.910508581659,5434.6981071357595,5470.700574953791,1690000
2017-10-05,5516.74951171875,5520.935844630966,5488.282447915679,5512.563178806534,1118800
2017-10-06,5514.23779296875,5536.006724432034,5500.841527452883,5535.169457837293,967900
2017-10-09,5514.23779296875,5514.23779296875,5514.23779296875,5514.23779296875,0
2017-10-10,5504.19140625,5514.238606869866,5482.422471573624,5513.401340151544,1206000
2017-10-11,5546.8916015625,5577.870467865566,5521.773601857311,5537.6816683372645,1493800
2017-10-12,5582.89306640625,5584.567599419569,5543.541540593248,5581.218533392931,1123700
2017-10-13,5777.9765625,5780.488362193885,5658.247443758151,5658.247443758151,3235000
2017-10-16,5911.10302734375,5940.407362465143,5830.725422439359,5833.237222592621,2369700
2017-10-17,5949.6162109375,5972.222408192681,5904.403816427139,5936.219945897393,1739600
2017-10-18,5947.94189453125,5994.828823880032,5916.9630304972325,5965.524493037044,1227300
2017-10-19,5978.08349609375,5991.479761631215,5952.128231614912,5953.802764807095,1102900
2017-10-20,6082.74169921875,6085.253498956899,5954.639912573124,5968.873444422638,1852600
2017-10-23,6025.80712890625,6118.743712386671,6012.410864620784,6112.045580243938,1734800
2017-10-24,5955.47607421875,6047.575380863494,5948.777942826405,6009.898391781553,1660300
2017-10-25,5935.38232421875,5993.153713747752,5886.820866353793,5956.313987091577,2095800
2017-10-26,5968.873046875,5986.455643870985,5915.287989363427,5942.917784642832,1200900
2017-10-27,6029.99365234375,6040.878117420183,5962.17506225213,6024.132786533363,1232000
2017-10-30,6048.4140625,6048.4140625,5969.711000224945,6011.574331222315,1727900
2017-10-31,5723.5546875,5803.932284047689,5698.436688578847,5797.234151002048,4222200
2017-11-01,5749.5087890625,5777.13858228211,5723.55352876529,5777.13858228211,2231800
2017-11-02,5790.53564453125,5793.047444261382,5710.995319743733,5775.464846150458,2077500
2017-11-03,5790.53564453125,5790.53564453125,5790.53564453125,5790.53564453125,0
2017-11-06,5811.46728515625,5813.141818302815,5767.929423345542,5797.233753410442,1434500
2017-11-07,5880.123046875,5880.96031343443,5772.115660708565,5786.3491922188705,2070900
2017-11-08,5875.93603515625,5915.287558902666,5825.700047394869,5909.426693663838,1429300
2017-11-09,5956.314453125,6086.9280396708955,5891.007659852053,5934.545522034017,2310900
2017-11-10,5982.26904296875,5996.502573231936,5858.3536030304185,5880.959798154304,2194300
2017-11-13,5831.56201171875,5938.732139141578,5830.7247450982595,5922.8240733522525,1487500
2017-11-14,5915.28857421875,5940.406572410761,5793.884916290694,5818.165647876304,1562000
2017-11-15,5810.63037109375,5902.72969974221,5807.281304597443,5888.496167132903,1493600
2017-11-16,5932.8720703125,5949.6174049732745,5793.885792628069,5793.885792628069,1337800
2017-11-17,5922.82373046875,5986.455989942262,5894.3566670200735,5934.545462477029,1837000
2017-11-20,5803.0947265625,5860.028854596874,5793.884794086351,5851.656188709467,1470800
2017-11-21,5860.86669921875,5919.475366210938,5854.168565848215,5860.86669921875,1180800
2017-11-22,5826.5380859375,5927.847341347536,5814.816353906587,5902.729344138436,1106800
2017-11-23,5826.5380859375,5826.5380859375,5826.5380859375,5826.5380859375,0
2017-11-24,5943.75634765625,5943.75634765625,5741.975071450424,5742.812338156673,1477500
2017-11-27,5933.708984375,5992.3176522042995,5924.499050858967,5985.6195187380945,1278300
2017-11-28,6122.09326171875,6124.605061470549,5942.080946173135,5959.663544435731,2603200
2017-11-29,6203.3076171875,6207.493949767597,6091.113904040904,6106.184701329253,1903600
2017-11-30,6227.5888671875,6248.520531839246,6144.699475166585,6237.636066220338,2243800
2017-12-01,6321.36328125,6458.675013451987,6270.290015004139,6376.622880794702,2275000
2017-12-04,6323.8759765625,6386.670984935622,6318.015109114342,6375.786516817614,1370400
2017-12-05,6452.81494140625,6467.885743137834,6331.411260790718,6353.180196625227,1681400
2017-12-06,6420.16015625,6489.653282615252,6384.157693193303,6431.881888407995,1891700
2017-12-07,6480.4443359375,6503.887803819444,6400.066731770833,6420.1611328125,1716900
2017-12-08,6510.5849609375,6554.960089915084,6469.558898297848,6481.280630480605,2411900
2017-12-11,6474.58251953125,6504.724116673772,6406.763925960575,6489.653318102512,1015600
2017-12-12,6397.5546875,6472.071421852506,6374.948487190813,6467.047821783797,1277700
2017-12-13,6393.369140625,6405.928142341786,6305.4561286075,6354.017601912406,1229500
2017-12-14,6390.8564453125,6427.696178522739,6323.0378455391065,6415.974445228572,1138900
2017-12-15,6403.41455078125,6454.487810142868,6365.73755617022,6420.997148266397,1489000
2017-12-18,6491.32763671875,6512.259300709201,6441.928909701285,6474.582305526389,1011600
2017-12-19,6456.16259765625,6498.025926651558,6434.3936665786905,6457.837130816062,988600
2017-12-20,6472.0712890625,6492.165688925048,6432.719755998342,6442.766955929616,819600
2017-12-21,6411.7880859375,6477.932152115231,6383.321019481262,6456.163218942813,1178600
2017-12-22,6435.23193359375,6451.977267795139,6374.94873046875,6381.646864149306,1029200
2017-12-25,6488.81591796875,6499.700383379536,6415.136459803428,6431.044524634577,393600
2017-12-26,6512.259765625,6538.215030826128,6485.467233804481,6497.188966475958,671400
2017-12-27,6513.9462890625,6535.873089103363,6456.599273571012,6510.572935210059,731900
2017-12-28,6460.8173828125,6526.597797361434,6448.167303091552,6512.261040344358,621100
2017-12-29,6425.39599609375,6472.622951833512,6414.4325956541625,6458.286197412513,645800
2018-01-01,6425.39599609375,6425.39599609375,6425.39599609375,6425.39599609375,0
2018-01-02,6425.39599609375,6425.39599609375,6425.39599609375,6425.39599609375,0
2018-01-03,6425.39599609375,6425.39599609375,6425.39599609375,6425.39599609375,0
2018-01-04,6494.5498046875,6505.5132052148265,6414.432646987811,6505.5132052148265,1683400
2018-01-05,6475.15283203125,6518.163094395615,6421.179169456361,6514.789740484684,1617500
2018-01-08,6475.15283203125,6475.15283203125,6475.15283203125,6475.15283203125,0
2018-01-09,6594.9072265625,6615.147351042999,6526.596806440816,6535.873530161045,1462300
2018-01-10,6497.080078125,6563.703822435991,6486.116677162432,6547.6803902599295,1118900
2018-01-11,6417.8056640625,6501.29617138736,6388.28881803856,6476.839356110381,1237900
2018-01-12,6343.5927734375,6416.1198910279845,6316.605938985227,6393.349749458879,1895800
2018-01-15,6392.50537109375,6401.782093927791,6341.0617262867945,6346.121756923545,1003500
2018-01-16,6533.34326171875,6549.366692978935,6388.289041889703,6395.879088276107,1298100
2018-01-17,6508.88623046875,6556.956522660603,6433.829107572699,6468.405984412453,1595700
2018-01-18,6502.1396484375,6617.677019622446,6477.682832639227,6599.123573154791,1893300
2018-01-19,6456.60009765625,6556.957387575411,6432.143279104522,6519.007151891695,1174700
2018-01-22,6484.4287109375,6486.115387673341,6444.791807645256,6475.1519888903795,852700
2018-01-23,6558.64306640625,6582.256542792951,6507.199421420937,6514.789467402376,992700
2018-01-24,6491.17578125,6568.762915441893,6488.645766004612,6514.78925687362,1085600
2018-01-25,6481.89990234375,6550.210322860254,6481.0565638188555,6492.863303167386,1163100
2018-01-26,6493.70654296875,6535.873468572444,6459.129663973722,6483.586480823864,1378200
2018-01-29,6385.75927734375,6484.429884244069,6379.012569179626,6451.539681943963,1325500
2018-01-30,6500.453125,6611.773806434872,6487.803047564219,6578.040266606124,2496300
2018-01-31,6378.169921875,6519.850808675873,6352.026424905792,6493.707311706664,1923600
2018-02-01,6508.88623046875,6513.946261225787,6412.745646085044,6438.04579987023,1380300
2018-02-02,6843.69189453125,6861.402002945933,6524.06660457101,6578.040268310999,2958600
2018-02-05,6698.638671875,6904.41329556095,6682.615238063389,6831.042835476205,1981000
2018-02-06,6273.5947265625,6535.872984387603,6201.910958346636,6477.682631365313,3216900
2018-02-07,6479.36962890625,6659.000727560036,6470.092905501595,6557.800108600157,2491000
2018-02-08,6576.35302734375,6624.423317489762,6479.369108628114,6561.172935718694,2409700
2018-02-09,6553.58447265625,6591.534710884217,6395.880149353365,6432.143710326755,2777600
2018-02-12,6553.58447265625,6553.58447265625,6553.58447265625,6553.58447265625,0
2018-02-13,6618.5205078125,6784.658191303716,6576.353583068537,6640.4473086793605,2006100
2018-02-14,6541.77685546875,6664.904278557372,6464.189712152633,6615.14730621334,2374500
2018-02-15,6533.34326171875,6653.097326926451,6507.199768610027,6605.027033145895,1421100
2018-02-16,6646.3505859375,6670.807401949705,6529.969875258732,6578.040168799962,1260600
2018-02-19,6744.17724609375,6749.237276539738,6602.4963936060985,6659.843405327291,926600
2018-02-20,6653.09765625,6729.841462400177,6632.8575315510525,6694.421244177019,833400
2018-02-21,6658.1572265625,6725.624304222411,6625.267026203293,6664.903934328491,1665100
2018-02-22,6682.6142578125,6710.444428245086,6586.473669045384,6638.760655918728,1312000
2018-02-23,6519.0068359375,6682.614510733344,6507.200096519243,6677.554479554091,1618700
2018-02-26,6612.61767578125,6627.797769922821,6559.4873462857495,6581.414148934687,1075600
2018-02-27,6670.80810546875,6699.481616920828,6637.917901156073,6695.264924060229,1428600
2018-02-28,6621.89404296875,6694.421155512728,6621.89404296875,6641.290828881674,1269300
2018-03-01,6543.46337890625,6608.400442983551,6497.079761708178,6576.353580192156,1437400
2018-03-02,6438.8896484375,6443.949679595408,6396.722722121603,6430.456263174321,2048900
2018-03-05,6451.5390625,6493.705984477124,6399.2520792483665,6410.215478962418,1263700
2018-03-06,6656.470703125,6679.240842360319,6540.089991477813,6556.113422791555,1336700
2018-03-07,6702.853515625,6743.333758296112,6641.28981322935,6651.409873897129,1585900
2018-03-08,6454.91259765625,6667.433890393299,6454.069259193007,6662.3738596138455,2653900
2018-03-09,6461.65966796875,6611.773922849778,6437.20285116229,6492.86319285975,2827300
2018-03-12,6467.5625,6573.823143499804,6428.768931738166,6545.149636523666,1222300
2018-03-13,6485.27197265625,6506.355431605068,6438.0450246108985,6465.875190423338,1055500
2018-03-14,6515.6328125,6523.222858489193,6463.345829018897,6463.345829018897,1266500
2018-03-15,6529.12548828125,6534.185518367751,6427.924886551238,6463.345097156743,1343500
2018-03-16,6451.5390625,6529.969537377451,6443.9490165441175,6529.969537377451,1563100
2018-03-19,6313.2314453125,6421.178763640045,6304.798061068161,6409.37202569797,1448100
2018-03-20,6236.48779296875,6277.811376722025,6150.4672716864225,6270.221330726526,2135400
2018-03-21,6236.48779296875,6236.48779296875,6236.48779296875,6236.48779296875,0
2018-03-22,6296.3662109375,6330.943094763972,6185.8888504187735,6193.478898087999,1517900
2018-03-23,6134.44482421875,6255.885579606088,6115.048036899939,6225.525390759254,1969800
2018-03-26,6289.619140625,6293.835833532365,6080.471172419717,6085.531203908555,1761500
2018-03-27,6518.16259765625,6519.005936069713,6333.471485107832,6335.158161934759,2422100
2018-03-28,6546.83642578125,6552.739794965904,6372.265365606483,6481.8993647500565,2037800
2018-03-29,6689.361328125,6730.684916763191,6570.450593472249,6614.304197741349,1923100
2018-03-30,6730.68505859375,6730.68505859375,6627.797754102027,6706.22824031293,1399400
2018-04-02,6795.6220703125,6842.849029351654,6712.974891993981,6746.708434164805,1168100
2018-04-03,6863.0888671875,6884.1723301611655,6730.684719712883,6749.238167129708,1460400
2018-04-04,6873.208984375,6912.845895082439,6795.621840011503,6885.859062260353,1245600
2018-04-05,7016.576171875,7057.899757502629,6949.109093299278,6989.5893404447115,1645700
2018-04-06,7012.359375,7092.476529615154,6974.409143866506,6982.842528562838,1302400
2018-04-09,7146.4501953125,7197.8938419863325,7046.936255845085,7062.1163483062155,1760000
2018-04-10,6883.32958984375,7129.584458777145,6883.32958984375,7025.010473339676,2148800
2018-04-11,6589.8466796875,6824.294769904178,6573.82324906118,6742.490939864546,2424600
2018-04-12,6647.19384765625,6707.91421774395,6598.280216196715,6598.280216196715,1363800
2018-04-13,6560.32958984375,6691.047045355484,6547.679513503905,6686.830353242202,1440700
2018-04-16,6622.73681640625,6659.843708030072,6567.919817416513,6595.7499861343795,877700
2018-04-17,6689.361328125,6701.168067735912,6599.967442499527,6599.967442499527,986100
2018-04-18,6665.74609375,6775.380075555098,6653.939357247912,6696.106273326796,1905300
2018-04-19,6585.6298828125,6688.51717256831,6578.8831752875285,6661.530342468426,1321600
2018-04-20,6622.73681640625,6653.940338908101,6567.919817416513,6598.280001472367,1180400
2018-04-23,6544.306640625,6636.230535448212,6515.633132148035,6578.883518494282,1211000
2018-04-24,6486.95947265625,6576.353349944545,6447.322564802006,6576.353349944545,1991400
2018-04-25,6478.52685546875,6495.393626766508,6442.263297178571,6485.273563987853,1232500
2018-04-26,6637.07373046875,6641.290422800687,6526.5963913720025,6577.196699355246,1609000
2018-04-27,6624.423828125,6735.74450862309,6605.027042886696,6704.54098454408,1701400
2018-04-30,6624.423828125,6624.423828125,6624.423828125,6624.423828125,0
2018-05-01,6431.2998046875,6712.131542815082,6392.506231252459,6710.444865709211,3261100
2018-05-02,6443.10546875,6466.718944289922,6411.058609088678,6466.718944289922,1359700
2018-05-03,6443.10546875,6443.10546875,6443.10546875,6443.10546875,0
2018-05-04,6443.10546875,6443.10546875,6443.10546875,6443.10546875,0
2018-05-07,6480.21240234375,6486.115771268322,6420.335374680241,6427.082082022608,1641200
2018-05-08,6524.91015625,6545.150280813785,6455.756397323737,6468.4064751761025,1457800
2018-05-09,6456.60009765625,6565.390773282904,6452.383404802504,6509.730427613453,1667500
2018-05-10,6462.50341796875,6491.176929153787,6432.986568219447,6468.4067879186105,1298400
2018-05-11,6443.94970703125,6482.743279407043,6400.939442005913,6431.299629082621,1951800
2018-05-14,6533.34326171875,6545.993339029423,6484.429629450816,6491.176337349841,1348000
2018-05-15,6561.17431640625,6619.364679880804,6514.790693346823,6533.344142570593,1490100
2018-05-16,6517.3203125,6574.667333883282,6504.670234253688,6557.800562888199,1429000
2018-05-17,6519.8505859375,6615.147845827675,6508.887184357215,6613.461168661477,1148100
2018-05-18,6597.4365234375,6599.966538721958,6522.379403331922,6526.596095472685,1313900
2018-05-21,6739.11865234375,6764.418809967366,6632.01465173711,6662.37484088545,1853400
2018-05-22,6805.7421875,6809.958880305142,6667.434663491325,6755.14187383829,1824300
2018-05-23,6840.31689453125,6852.123630633264,6771.163154505167,6805.740024518208,1836800
2018-05-24,6882.48486328125,6953.325290743035,6843.691295861701,6868.9914485266245,2108400
2018-05-25,7000.55322265625,7014.046639300329,6890.919212423108,6940.676186298149,1561900
2018-05-28,7014.888671875,7029.225424390253,6947.4216012149855,7014.045333491749,1304900
2018-05-29,7114.4033203125,7129.583412745599,7011.5160271548275,7025.009442650916,1863900
2018-05-30,7023.32373046875,7108.500927488123,7002.240265859994,7064.647321101911,2234400
2018-05-31,7119.462890625,7175.123225946162,7046.092448610741,7121.149567452914,4115900
2018-06-01,6906.94287109375,7190.304629907852,6901.039501118456,7095.0073717352525,2840400
2018-06-04,7040.18994140625,7094.1636065056755,6960.072782274291,7025.009848097036,1588700
2018-06-05,7019.10693359375,7077.297295052115,6976.096666428872,7041.033736462119,1357500
2018-06-06,6938.990234375,7045.250901551865,6934.77354123306,7019.107404071843,1582400
2018-06-07,7084.8876953125,7100.067790362568,6959.23024184249,6967.6636279814165,1616900
2018-06-08,7051.99658203125,7089.1034762682,6998.022917686595,7045.2498739881685,2270300
2018-06-11,7173.43701171875,7200.4238427057,7058.742980024211,7062.9596723659215,1319400
2018-06-12,7237.53125,7337.045196341179,7191.990969470986,7252.711343509672,1738600
2018-06-13,7274.63818359375,7331.141865288716,7252.711381741971,7261.144767069579,1013100
2018-06-14,7167.533203125,7223.193538624029,7146.449742708701,7181.869956208084,1700200
2018-06-15,7292.34814453125,7304.154883749873,7215.604339610197,7252.7112342973,1865700
2018-06-18,7342.10498046875,7345.478334468507,7202.954127978819,7283.071285473022,1459100
2018-06-19,7076.453125,7300.7811587564065,7073.923109581695,7294.877789447027,1890300
2018-06-20,7138.017578125,7165.847750629505,7050.310367807774,7076.4538631907935,1877800
2018-06-21,7128.74072265625,7160.787587374212,7084.887118305354,7084.887118305354,1113700
2018-06-22,7084.8876953125,7144.764736898881,7058.744198281827,7073.924293331896,1184100
2018-06-25,7180.1826171875,7250.179699314181,7128.738978516084,7175.965925493121,1543300
2018-06-26,7127.89697265625,7180.183959440998,7076.453324368031,7148.980435069455,1278800
2018-06-27,7195.845703125,7237.464735166209,7107.511431037535,7184.803919114066,1472700
2018-06-28,7177.1591796875,7194.146538692678,7106.661639816014,7145.732565527922,1220100
2018-06-29,7177.1591796875,7275.68586191753,7147.43130142844,7209.435161797338,1738400
2018-07-02,6900.26611328125,7180.55757283108,6896.868641044282,7177.160100594112,1544400
2018-07-03,6813.630859375,7010.684257452163,6758.421933189588,6986.901950787678,2021600
2018-07-04,7020.87646484375,7034.466353960312,6801.73950283919,6801.73950283919,1518400
2018-07-05,6918.103515625,7032.768214779006,6866.292058970227,7032.768214779006,1396600
2018-07-06,6881.58056640625,7047.2073512062025,6848.455209446259,7045.508614951844,1543700
2018-07-09,6877.3330078125,6924.04824993053,6828.91902961745,6889.224160351635,1222700
2018-07-10,6844.20849609375,6967.366876825147,6830.618605806148,6908.760474959861,1437600
2018-07-11,6855.25,6870.5386259447405,6777.957502168257,6816.179067030108,1133900
2018-07-12,6905.3623046875,6971.613013145756,6872.236950458371,6875.634422687,1073600
2018-07-13,7074.38623046875,7105.812847172717,6953.775971767037,6973.311436204639,1470700
2018-07-16,7074.38623046875,7074.38623046875,7074.38623046875,7074.38623046875,0
2018-07-17,7146.583984375,7195.847339627407,7107.513047450678,7165.270084643154,1159200
2018-07-18,7092.22412109375,7205.190086136321,7078.634230562313,7202.641981661677,1050900
2018-07-19,7002.1904296875,7185.65393439547,7002.1904296875,7133.842481677016,1661700
2018-07-20,7004.73779296875,7071.837863981788,6939.3364579307245,7038.712512469023,1071000
2018-07-23,6929.14501953125,7011.533725941465,6900.266503882309,6974.1615292193055,912000
2018-07-24,6964.818359375,7015.780444931403,6941.036052782012,7004.738659727515,998100
2018-07-25,6938.48779296875,7014.9309195897795,6905.362438099637,6997.094190044872,1049500
2018-07-26,6938.48779296875,6989.449877382769,6886.676340481164,6981.805564720667,1302700
2018-07-27,7137.23974609375,7166.96762793515,6998.792753518089,7041.26115614866,1679000
2018-07-30,7076.0859375,7101.566981567339,6987.751651399893,7095.621404618293,1166000
2018-07-31,6911.30859375,7058.249282790033,6874.785763526176,7010.684666684589,1728800
2018-08-01,7020.87646484375,7031.918249750956,6920.651032609107,6964.818172237932,945200
2018-08-02,6888.37548828125,7021.726283800382,6871.388125794737,7020.876915676056,847600
2018-08-03,6935.08984375,6980.955716568433,6905.361963219535,6947.830363977342,712000
2018-08-06,6996.24462890625,7075.235857568176,6947.830650048941,6964.818011051505,869100
2018-08-07,6938.48779296875,6984.353668941368,6892.621916996132,6961.420730955058,766600
2018-08-08,6880.73095703125,6987.7513373035545,6879.88158893385,6983.504496816558,1021100
2018-08-09,6964.818359375,6984.353825504954,6855.249875428734,6930.843635670732,1005600
2018-08-10,6914.7060546875,7003.88970973506,6898.568059964608,6963.969406999486,1291000
2018-08-13,6807.685546875,6888.37551904632,6790.698184312618,6862.8944752027455,1047000
2018-08-14,6946.98193359375,6949.530037983135,6835.714708590598,6879.88185133994,1070100
2018-08-15,6866.29150390625,7003.039763694585,6844.207934002543,7000.4916594749275,1071000
2018-08-16,6843.3583984375,6915.554682894145,6711.706350310677,6898.567321845522,2216800
2018-08-17,6879.88134765625,6944.433320794754,6863.743354371624,6891.772500602817,1157100
2018-08-20,6885.82763671875,6941.885934982403,6851.003542342844,6884.97826856324,775800
2018-08-21,6931.693359375,6970.764293639336,6800.0412982669095,6837.413496258883,1134900
2018-08-22,6924.8974609375,6954.625341611217,6858.646755436074,6937.637981226236,798600
2018-08-23,7024.27294921875,7034.465364622694,6918.101955427656,6939.336154185875,1039200
2018-08-24,7103.26513671875,7112.608185445751,7003.0397049200155,7018.3283301096535,1059200
2018-08-27,7200.9423828125,7203.490486981931,7103.2650563176385,7108.361264656501,797200
2018-08-28,7121.1025390625,7218.77987589363,7117.7050664770695,7218.77987589363,1113900
2018-08-29,7240.8642578125,7262.098463847141,7125.350176984054,7128.747649949597,1377800
2018-08-30,7219.62841796875,7285.029757755055,7200.092952837776,7262.0968204273895,1375100
2018-08-31,7325.80078125,7334.294463315217,7222.1778600543485,7257.851324728261,1355900
2018-09-03,7314.75830078125,7340.239344560097,7268.043053853362,7297.770938262018,756300
2018-09-04,7395.44775390625,7414.133851366448,7322.402100198206,7364.870503516837,1111800
2018-09-05,7303.71630859375,7455.753198841254,7284.1808422490985,7387.803750685945,1585400
2018-09-06,7321.552734375,7340.238831840922,7229.820983178654,7319.853998241734,1020200
2018-09-07,7426.87451171875,7431.97072021261,7341.937703487749,7368.26811403936,1463100
2018-09-10,7364.87060546875,7431.970683641052,7336.841458890446,7428.57321132853,1074300
2018-09-11,7420.07958984375,7435.368215372274,7359.7744558145705,7364.021296239161,1568100
2018-09-12,7474.439453125,7491.426815518466,7429.422942782316,7457.452090731535,1269900
2018-09-13,7426.02490234375,7557.676950824052,7424.326166234327,7485.480666173564,1570200
2018-09-14,7546.634765625,7555.128445721371,7489.727108979319,7553.429709702096,2399300
2018-09-17,7546.634765625,7546.634765625,7546.634765625,7546.634765625,0
2018-09-18,7833.720703125,7863.44858175553,7553.429276037149,7567.868531371978,1608100
2018-09-19,7691.0283203125,7884.684251514184,7691.0283203125,7882.136147156268,2050500
2018-09-20,7620.529296875,7733.495234958412,7618.830560963971,7669.7926382948335,1811100
2018-09-21,7342.787109375,7516.9075671450255,7342.787109375,7516.9075671450255,3461000
2018-09-24,7342.787109375,7342.787109375,7342.787109375,7342.787109375,0
2018-09-25,7490.5771484375,7495.673356952141,7232.3692503623215,7241.712299305831,2345700
2018-09-26,7691.0283203125,7694.425792789722,7479.535658605398,7490.577444156371,1686000
2018-09-27,7663.0,7843.066060740412,7634.97084903569,7813.338173354023,1535600
2018-09-28,7792.10302734375,7809.939757622169,7695.275062975188,7757.2789348954075,1618200
2018-10-01,7869.39404296875,7894.875081424127,7803.992710933284,7815.034494263948,1136500
2018-10-02,7890.630859375,7973.019577712931,7866.848548926938,7924.605588586518,1829800
2018-10-03,7824.37841796875,7965.3735132122165,7807.391057096043,7940.7418399467915,1285700
2018-10-04,7606.9404296875,7777.663411640067,7578.061915327365,7769.16973094591,2048100
2018-10-05,7534.74462890625,7610.338391951302,7524.55221141703,7606.940919454895,1488000
2018-10-08,7534.74462890625,7534.74462890625,7534.74462890625,7534.74462890625,0
2018-10-09,7465.9453125,7503.31750746587,7403.9414435793515,7442.163006612628,1442000
2018-10-10,7480.384765625,7536.443059542481,7410.736582272979,7499.920231687152,1166800
2018-10-11,7226.4248046875,7338.541409555713,7203.491862782638,7279.9350024655105,1853000
2018-10-12,7244.2607421875,7269.74178595179,7168.666979020109,7219.629066548687,1952800
2018-10-15,7094.77197265625,7226.424032486458,7087.977027632755,7206.039197415974,1422500
2018-10-16,7003.03955078125,7145.733382743802,6958.023044269254,7094.771299900033,1605800
2018-10-17,7118.55322265625,7181.406454785657,7059.097462533838,7130.444374680733,1190600
2018-10-18,6956.32421875,7175.461172161172,6918.952025144994,7166.967491796398,1415400
2018-10-19,6892.62158203125,6907.910206612465,6773.710057510686,6828.91897960952,1422500
2018-10-22,6969.9150390625,6997.094819863134,6800.041409058539,6806.836354258698,1118000
2018-10-23,6600.4404296875,6862.8952093520775,6597.892325030562,6842.510372096576,2933900
2018-10-24,6410.18115234375,6648.0042241148185,6387.2482132801115,6600.439609760605,4339200
2018-10-25,6224.16943359375,6279.37836006531,5962.56405892851,6032.212243092632,3753800
2018-10-26,6167.26220703125,6347.328256871579,6115.450749294174,6298.914271772999,2511200
2018-10-29,6151.9736328125,6313.3535845223405,6140.9318466428795,6285.3244350148425,1455500
2018-10-30,6216.52490234375,6280.227507573397,6098.462740651473,6129.039991161702,1602100
2018-10-31,6396.5908203125,6402.536396695741,6227.566577417508,6255.595723224215,2279200
2018-11-01,6440.75732421875,6478.129514943479,6363.464838856241,6412.728181175203,1942500
2018-11-02,6565.615234375,6604.686165912031,6391.494778612145,6439.059390918095,1980800
2018-11-05,6318.44921875,6466.239266345443,6306.558065495194,6457.745585449153,1576700
2018-11-06,6495.1181640625,6506.159949878221,6389.796514743322,6398.29019614003,1697400
2018-11-07,6553.72412109375,6603.836837934669,6501.063300006683,6520.59876589382,1826200
2018-11-08,6673.48486328125,6716.802634444206,6612.330362815901,6650.551925606744,1592900
2018-11-09,6497.666015625,6693.020680147059,6492.569806985294,6673.485213694853,1910400
2018-11-12,6584.30126953125,6644.606402417823,6457.745427276328,6496.816358442276,972200
2018-11-13,6439.0595703125,6497.665969250841,6343.080974949709,6376.2063308713805,1965300
2018-11-14,6625.07080078125,6636.9619535006,6466.238975172776,6471.335183481069,1955800
2018-11-15,6714.25390625,6730.391897928526,6572.409453075585,6595.342388618754,1460900
2018-11-16,6807.685546875,6843.359008256005,6730.393047216157,6731.242415344277,1801900
2018-11-19,6822.12451171875,6877.333437672649,6755.873800574071,6777.957370955631,1079400
2018-11-20,6784.7529296875,6821.275760931436,6712.5566353680915,6751.6275711174185,1146800
2018-11-21,6743.98193359375,6766.065501638263,6670.086917444801,6721.898365549237,1391900
2018-11-22,6891.77392578125,6903.665081186838,6738.038273751868,6755.025638616993,1339300
2018-11-23,6891.77392578125,6891.77392578125,6891.77392578125,6891.77392578125,0
2018-11-26,6896.01953125,6919.801837799451,6800.890305052192,6879.881537520015,1249900
2018-11-27,6850.15380859375,6913.856416857176,6824.672765288379,6913.856416857176,1298000
2018-11-28,7178.009765625,7210.285753211529,7049.75518337327,7050.604551467652,2560300
2018-11-29,7115.15625,7228.122202160678,7093.072680404679,7223.025993792527,1799800
2018-11-30,7099.01806640625,7147.432044605001,6992.847061584429,7141.486468334979,2686000
2018-12-03,7202.6416015625,7256.151792706184,7144.884569851858,7194.997288541974,1198500
2018-12-04,7183.955078125,7321.552704355344,7173.762661367196,7213.682960335259,1755300
2018-12-05,7229.822265625,7243.412157101739,7016.630843083661,7099.868928378685,1314200
2018-12-06,7049.755859375,7172.914244870105,6991.998823418675,7149.981304122741,1827000
2018-12-07,7224.72509765625,7236.616251120533,7082.880624189451,7098.1692500721,1263600
2018-12-10,6943.58349609375,7095.620370197821,6896.868255447248,7054.850705633601,1604900
2018-12-11,7102.416015625,7132.993267067538,6954.625966986068,7041.261512739925,1628400
2018-12-12,7100.716796875,7124.499101936304,7024.2736734636665,7102.415532950808,2322000
2018-12-13,6987.75146484375,7102.416160085503,6973.312206924418,7100.7174238597,1968400
2018-12-14,6894.32080078125,7023.424750728121,6856.948604743998,6860.34607711102,2952800
2018-12-17,6946.1328125,6995.396165780142,6899.417563699866,6957.174598580033,1300800
2018-12-18,6761.8193359375,6901.115702109306,6759.27123167826,6822.124470072855,1485500
2018-12-19,6811.08251953125,6833.166089241664,6706.610247439674,6748.229282663147,1250900
2018-12-20,6832.31787109375,6984.354780457969,6782.205146778169,6809.384929457807,2070100
2018-12-21,6856.9482421875,6963.1192480432455,6778.806381877671,6913.855901326179,2664300
2018-12-24,6856.9482421875,6856.9482421875,6856.9482421875,6856.9482421875,0
2018-12-25,6541.8330078125,6733.790195525513,6453.498726741025,6729.543355089384,1792200
2018-12-26,6606.03564453125,6764.402444354792,6468.213726846977,6591.4830196826,1659700
2018-12-27,7022.06884765625,7069.150864798892,6767.825955085982,6796.075165371567,1959500
2018-12-28,6980.12451171875,7023.782391299036,6910.785526503001,6933.898521574917,1279200
2018-12-31,6980.12451171875,6980.12451171875,6980.12451171875,6980.12451171875,0
2019-01-04,6773.81884765625,6797.7878768151495,6661.678032662825,6754.130002275725,1970000
2019-01-07,6848.29443359375,7000.668984741212,6828.605587097169,6933.898114013672,1501700
2019-01-08,6647.98193359375,6869.695469622694,6647.98193359375,6848.29454915658,1900200
2019-01-09,6675.375,6760.97868043088,6665.958595152603,6754.986422800718,1634200
2019-01-10,6311.55908203125,6554.673523818429,6304.7107878964,6505.8794281076225,2425000
2019-01-11,6398.87548828125,6449.381662703805,6332.960650475544,6380.04267747962,2345900
2019-01-15,6391.17041015625,6408.291145249087,6260.196786696042,6334.671984349886,1568700
2019-01-16,6422.84423828125,6425.412348732381,6307.279267980308,6353.505256100684,1458400
2019-01-17,6505.0234375,6552.105460011186,6468.213856263982,6529.848503914988,1312400
2019-01-18,6607.748046875,6620.58859885105,6527.280587825091,6548.681507785173,1238400
2019-01-21,6534.984375,6651.405369891277,6518.719677184307,6643.701039347001,977300
2019-01-22,6506.73583984375,6588.9153741977825,6462.221925401982,6587.203300565407,961000
2019-01-23,6391.17041015625,6520.431960107173,6386.8902263830405,6500.743114750409,1674000
2019-01-24,6443.388671875,6445.1007453895145,6365.4893269645945,6420.275679429055,1423000
2019-01-25,6516.15185546875,6524.71222311913,6436.540436320222,6495.60697310784,1522700
2019-01-28,6514.43994140625,6570.938369281785,6444.24492495483,6488.758837826463,1138800
2019-01-29,6491.326171875,6554.672886462729,6438.251897490687,6523.855565852483,1258700
2019-01-30,6524.7119140625,6557.241309593119,6447.668608858403,6498.174775603311,1217300
2019-01-31,6567.51416015625,6613.740146163606,6534.1287258176035,6574.362454379562,1211900
2019-02-01,6600.04345703125,6673.662618808771,6593.1951629124105,6600.04345703125,916700
2019-02-04,6608.60498046875,6681.368118207072,6540.978064217839,6555.530691765503,1104100
2019-02-05,6792.65185546875,6954.442807035681,6758.4103842376535,6814.052774988185,2126900
2019-02-06,6968.1396484375,7036.622593385288,6811.484911869433,6874.831635946138,1898700
2019-02-07,6890.2392578125,6982.691219527464,6838.021020177196,6968.138595924183,1291300
2019-02-08,6568.37060546875,6787.516034244978,6565.802494975278,6737.865898037864,1819700
2019-02-12,6880.8232421875,6885.959462572313,6707.90382256547,6746.425475451566,2076800
2019-02-13,7010.0859375,7094.83358773965,6941.602987811393,7026.3506380510435,1522500
2019-02-14,6947.5947265625,7139.346971356734,6926.193806384573,7019.501818360338,1371100
2019-02-15,7023.78173828125,7044.326620879514,6885.103780742974,6889.383964617612,1105200
2019-02-18,7029.77392578125,7122.225896553824,7016.9333742850595,7105.10516122557,911600
2019-02-19,7051.1748046875,7075.999870771746,7010.94107689579,7046.894620879871,600500
2019-02-20,7129.07470703125,7198.413690132778,7074.288350012758,7104.249639007246,1402500
2019-02-21,7196.701171875,7223.238311916409,7082.8482807296,7083.704317505129,1363200
2019-02-22,7295.14501953125,7300.2812399158065,7202.693052609239,7229.23019126278,1318200
2019-02-25,7309.69873046875,7374.757531676811,7292.577993308734,7304.562509320745,1058400
2019-02-26,7413.27880859375,7464.641017429273,7358.492452502526,7370.476967897482,1493600
2019-02-27,7326.8193359375,7414.991130726793,7321.683114881813,7379.893620179599,1596400
2019-02-28,7211.25390625,7326.818872696314,7206.117685519052,7263.472150347964,1860000
2019-03-01,7299.42578125,7342.227621177583,7227.518690171661,7233.510947761522,1473900
2019-03-04,7367.90869140625,7410.7105311379,7301.993858219509,7392.733758450607,879200
2019-03-05,7385.8857421875,7397.870257763604,7306.274317289095,7306.274317289095,818600
2019-03-06,7458.64892578125,7467.20929411108,7365.340910986099,7405.574642136301,1175700
2019-03-07,7411.56689453125,7473.201546460823,7385.885789560593,7432.967815340129,1240500
2019-03-08,7334.5234375,7373.045094209559,7281.449154922386,7316.546664368872,1898700
2019-03-11,7436.39111328125,7519.42667653534,7407.28586430559,7488.609354090523,860100
2019-03-12,7471.48828125,7522.850483000115,7439.8149235040955,7519.426336216774,622900
2019-03-13,7442.3828125,7508.297636121176,7404.717199002186,7476.6242793161955,548100
2019-03-14,7358.4931640625,7450.089112009765,7345.652610611949,7447.521001319655,948400
2019-03-15,7416.70166015625,7463.783676696946,7321.681590410481,7331.09799371862,1707600
2019-03-18,7534.83642578125,7544.252831221331,7445.8085925295745,7451.800850536899,632000
2019-03-19,7537.40283203125,7551.95545532989,7482.616485495191,7522.85020873261,462600
2019-03-20,7569.93310546875,7584.485730459473,7500.594127571773,7545.964076072264,1090900
2019-03-22,7440.67138671875,7483.473223964026,7413.278210881774,7458.648158361766,1544500
2019-03-25,7228.375,7312.266609426812,7175.300716485078,7312.266609426812,999200
2019-03-26,7468.06494140625,7472.345125347909,7339.659423156487,7339.659423156487,849300
2019-03-27,7506.58642578125,7527.987345001747,7397.869756141129,7441.527631350942,796300
2019-03-28,7379.037109375,7524.5633632721865,7378.181072587369,7516.002995395881,816600
2019-03-29,7462.92919921875,7487.754267672219,7414.991135998258,7450.944683413627,1364400
2019-04-01,7468.06494140625,7575.925576736052,7456.936463157937,7548.532399509435,826900
2019-04-02,7337.09130859375,7545.108248039354,7336.235271805907,7541.6841008879865,785600
2019-04-03,7365.3408203125,7413.278882369392,7321.68294236783,7367.908930779833,810400
2019-04-04,7361.060546875,7389.309761672869,7340.515663385641,7387.597688048756,495600
2019-04-05,7288.29736328125,7410.710626488816,7284.017179253014,7410.710626488816,1082300
2019-04-08,7341.37060546875,7361.059449210095,7284.872184297931,7312.265358198934,732400
2019-04-09,7334.5234375,7367.052836499183,7286.585375816993,7361.916615604575,605600
2019-04-10,7260.90380859375,7335.379006819128,7247.207220414371,7277.168507056764,689900
2019-04-11,7260.04638671875,7272.886935687125,7144.481446003383,7148.761628992841,1236500
2019-04-12,7098.25732421875,7215.53436876988,7095.689213754127,7181.2928959082365,1805600
2019-04-15,7215.53369140625,7250.631197794631,7152.18697255893,7165.02752367663,1782200
2019-04-16,7183.8603515625,7270.32006265733,7171.019800409802,7199.269012945737,1208700
2019-04-17,7191.56591796875,7250.632463420463,7155.612368563359,7171.021032594241,1252300
2019-04-18,7129.9296875,7190.708293312523,7126.505540693661,7164.171155563393,1102100
2019-04-19,7090.55224609375,7213.821535413743,7079.423768585695,7191.564580397633,997600
2019-04-22,7099.11279296875,7131.642189584307,7022.925521948104,7045.182477527169,998400
2019-04-23,7051.1748046875,7145.338848455331,7029.773885649356,7133.354333793971,1261400
2019-04-24,6981.8359375,7075.143945983019,6915.065069044262,7035.766254329635,2294700
2019-04-25,7348.2197265625,7426.975110397979,7293.433372589992,7330.242954165271,3127800
2019-04-26,7325.10693359375,7395.30195153867,7242.071363585734,7388.45365710502,1969500
2019-05-07,7667.52294921875,7668.378986167418,7376.470386671649,7443.241268667749,3339600
2019-05-08,7364.48388671875,7641.839783417213,7347.363152354647,7629.855269362341,2875300
2019-05-09,7317.40283203125,7353.356378936411,7252.344032869531,7290.009653436842,2001600
2019-05-10,7216.39013671875,7351.643949482874,7180.436591553604,7329.386992952069,2130300
2019-05-13,7232.65380859375,7267.751311984962,7173.587278496346,7216.389111900262,1029500
2019-05-14,7367.05224609375,7367.908282840915,7179.580198464825,7190.708676177957,1761600
2019-05-15,7391.87890625,7426.120383522728,7313.123508522727,7370.477982954546,1305300
2019-05-16,7439.81494140625,7486.040923092585,7358.491455106217,7438.958904708355,1239700
2019-05-17,7587.9111328125,7606.743944739607,7473.2021874383045,7536.548918465845,1590400
2019-05-20,7694.0576171875,7712.890423994145,7611.022059903657,7618.72638996092,1386300
2019-05-21,7429.54296875,7627.287458412548,7429.542968750001,7593.045988341111,2246900
2019-05-22,7477.4814453125,7530.555726893424,7449.232230922653,7477.4814453125,1257900
2019-05-23,7605.88623046875,7611.022450770699,7448.375474542329,7448.375474542329,1401300
2019-05-24,7632.42431640625,7639.272610992528,7557.093075957198,7575.925886069461,1298800
2019-05-27,7718.8828125,7728.2992160641015,7626.43085023428,7679.505124868305,1388700
2019-05-28,7604.17431640625,7732.57982664614,7604.174316406251,7658.9606674419365,1487100
2019-05-29,7440.67138671875,7550.244090066657,7409.854063902152,7521.138840739869,1863200
2019-05-30,7310.5546875,7394.446298668033,7182.1491602019905,7392.734224970726,1972700
2019-05-31,7259.1923828125,7408.998829391768,7257.480309137309,7331.955514008145,2030800
2019-06-03,7272.88818359375,7309.697763619,7143.626635132985,7155.611149559811,1659100
2019-06-04,7171.87646484375,7357.636454444023,7138.491028924806,7319.114797614474,1754600
2019-06-05,7101.681640625,7153.043851140609,7009.2296616969015,7147.907630089048,2270300
2019-06-06,7190.70947265625,7241.21564633324,7117.090304245721,7128.218783191499,1946000
2019-06-07,7209.54150390625,7241.214863636068,7122.2257554618855,7184.716438172068,1186300
2019-06-10,7397.013671875,7432.111179171247,7293.433223512903,7301.993591146134,1650700
2019-06-11,7379.037109375,7399.581992278132,7334.523196418213,7361.916373622389,1215900
2019-06-12,7256.623046875,7360.203486732482,7256.623046875,7334.522385941371,1516100
2019-06-13,7231.80029296875,7319.972100517967,7213.823516672308,7284.87458489158,1436500
2019-06-14,7193.27685546875,7201.837223022563,7055.454937852367,7103.392996153718,2151700
2019-06-17,7254.91259765625,7336.236101700774,7211.254716537611,7225.807343577158,1197500
2019-06-18,7195.845703125,7214.67851367327,7057.167734542291,7093.977318795726,1382000
2019-06-19,7265.18505859375,7300.282570954107,7214.678882270311,7291.722202085727,1139400
2019-06-20,7312.2666015625,7336.235632801525,7271.176833724171,7292.577754473301,1127800
2019-06-21,7192.4208984375,7275.456464629888,7155.611317548091,7272.032317570408,1711500
2019-06-24,7190.70947265625,7200.981914760045,7147.907630557105,7147.907630557105,895800
2019-06-25,7183.8603515625,7200.981086432763,7141.914551130355,7148.76284507846,903500
2019-06-26,7038.923828125,7190.76236149306,7019.944011453992,7178.684296338782,1537100
2019-06-27,7138.9990234375,7138.9990234375,7028.571002289464,7073.432385880853,1394200
2019-06-28,7082.9228515625,7126.921519702534,7038.061464439326,7088.099165461327,1642100
2019-07-01,7262.36865234375,7276.172156553479,7138.9998334692955,7161.430527810106,1393000
2019-07-02,7227.85986328125,7301.190979105899,7194.213821902882,7273.583970795443,1194200
2019-07-03,7132.09716796875,7183.860302126017,7053.589747830229,7161.429610657868,1794700
2019-07-04,7201.9775390625,7219.231917450288,7151.077122818527,7154.527998496084,963000
2019-07-05,7193.35009765625,7225.270696554461,7176.095719873434,7196.800973212814,1075400
2019-07-08,7162.29296875,7195.076289975307,7137.274118341214,7193.35085201608,960700
2019-07-09,7140.7255859375,7197.665043309962,7116.569452506757,7167.469876521535,887800
2019-07-10,7138.9990234375,7164.880590894071,7076.02054262651,7100.176672252644,1167000
2019-07-11,7163.15478515625,7176.095568219883,7091.549118870815,7130.371468061713,892000
2019-07-12,7162.29296875,7209.742512628734,7124.333333647013,7162.29296875,917300
2019-07-16,7044.96337890625,7119.157213168549,7019.9445278178,7100.177395101449,1202700
2019-07-17,7082.9228515625,7113.980734955466,7011.317175962051,7087.2364464781895,1085300
2019-07-18,6969.90576171875,7151.076724704384,6948.337789934746,7072.569307410609,1409500
2019-07-19,7124.3330078125,7127.783883573125,6989.748853148083,6998.376042549648,927200
2019-07-22,7069.119140625,7096.726147276208,7013.905127322584,7075.158173329952,876500
2019-07-23,7102.765625,7132.098071404713,7001.827500607312,7021.670037881088,808200
2019-07-24,7137.27392578125,7137.27392578125,7066.530971361564,7114.843232916472,840400
2019-07-25,7112.2548828125,7176.096083846965,7102.7649745506205,7107.078569215111,816800
2019-07-26,7094.138671875,7127.784714463243,7080.335167223413,7112.255771730208,829000
2019-07-29,7160.56787109375,7185.586722691548,7082.060440217903,7108.804729856928,1257200
2019-07-30,7069.119140625,7189.899794724036,7049.2766045944445,7156.253755367876,1342200
2019-07-31,6883.63427734375,7048.413591414768,6875.86980704721,7021.669304837797,2369200
2019-08-01,6650.7001953125,6772.343563782997,6585.133556987977,6764.579093455093,2998800
2019-08-02,6734.38330078125,6782.695556077656,6536.82068537273,6618.778975607705,2972700
2019-08-05,6658.46484375,6719.717889086389,6556.664007838818,6663.641157440399,1528400
2019-08-06,6539.40966796875,6592.898243089339,6460.039524241425,6504.900909826435,1551400
2019-08-07,6717.9921875,6746.461911679723,6582.545317917684,6610.152323182869,1885000
2019-08-08,6777.51953125,6798.224784400458,6686.071329835476,6691.247643123091,1367500
2019-08-09,6699.0126953125,6829.283257706858,6675.719283493641,6815.479754406793,1611700
2019-08-13,6705.9140625,6780.107888484176,6678.307057482632,6691.247841084523,1522300
2019-08-14,6681.75830078125,6743.011346534054,6658.464889016099,6732.658719082876,968200
2019-08-15,6593.76123046875,6598.074825412142,6536.821777215978,6552.350719012188,1314400
2019-08-16,6514.3896484375,6573.054526744181,6509.213335645734,6556.662869570256,1713100
2019-08-19,6512.66552734375,6575.644012374362,6478.156768422867,6559.252351886943,1011400
2019-08-20,6700.73876953125,6711.954117027569,6595.487046873492,6604.114237255275,1621900
2019-08-21,6621.3671875,6626.543500610749,6575.643088355049,6590.309308835505,899700
2019-08-22,6668.8173828125,6690.385356236861,6642.073095766293,6681.758166867117,768400
2019-08-23,6686.07177734375,6746.462103074597,6629.132327368951,6629.132327368951,843500
2019-08-26,6619.642578125,6653.288617555064,6514.3908650360845,6514.3908650360845,1389900
2019-08-27,6627.4072265625,6692.973869262155,6611.0155658875865,6689.5229933305945,988800
2019-08-28,6649.8369140625,6674.85576078121,6575.643092758742,6595.485626363235,901400
2019-08-29,6595.48681640625,6609.290320534766,6541.135518900221,6599.800411446411,1486200
2019-08-30,6620.50439453125,6664.5030554800505,6573.91757705605,6660.189461269383,1123600
2019-09-02,6570.4677734375,6623.0936313917655,6559.252426660361,6616.191879528911,693400
2019-09-03,6647.24951171875,6668.817485475138,6554.075865091155,6582.545590449587,1009400
2019-09-04,6620.50439453125,6656.73858590085,6589.44651621445,6627.406145268316,812200
2019-09-05,6635.17138671875,6705.91434000323,6633.4459488337625,6671.405582303484,1501100
2019-09-06,6655.87646484375,6655.87646484375,6585.133513435171,6649.8374324064325,1346900
2019-09-09,6673.13134765625,6679.1703805500565,6613.603737703013,6635.171712323751,862700
2019-09-10,6588.5849609375,6650.700728540944,6571.330581047654,6649.838009546451,1297400
2019-09-11,6703.326171875,6720.580550695785,6592.035428480936,6617.916996712113,1498600
2019-09-12,6783.55859375,6805.126565878164,6689.522235271207,6732.658179527534,1534000
2019-09-13,6812.0283203125,6858.615140132266,6776.656846004899,6858.615140132266,2434800
2019-09-17,6723.16796875,6767.166629908251,6661.914930666944,6724.03068759624,1430900
2019-09-18,6857.7529296875,6868.105557081669,6755.952093644837,6813.754263262281,1474700
2019-09-19,6847.400390625,6909.51615579131,6813.754351159915,6884.497305932657,1278000
2019-09-20,6897.43798828125,6925.907713561211,6872.4191387928,6901.751583020638,1618900
2019-09-24,6931.083984375,6985.435277755088,6896.575226673357,6901.751540328603,1383000
2019-09-25,7083.78515625,7102.764972768999,6980.258884328187,6986.29791685696,1540000
2019-09-26,6969.04443359375,7159.705342212742,6939.7119861139045,7143.31368038577,1832700
2019-09-27,7007.86572265625,7074.295078884802,6937.985490779461,7051.864387171265,1374600
2019-09-30,6887.9482421875,6970.769263135646,6862.929392109414,6944.887694089351,1538000
2019-10-01,6944.888671875,6952.653143682066,6872.420268342392,6911.242627377717,1418000
2019-10-02,6880.18359375,6967.318207288401,6872.419123236677,6944.8875146943565,1277200
2019-10-03,6872.419921875,6880.184393290626,6816.343183873259,6851.714664766665,1419800
2019-10-04,6824.10693359375,6841.361312692597,6791.323613305942,6813.754306134442,1031100
2019-10-07,6798.2255859375,6823.244436444123,6768.030421532955,6796.500147971526,801300
2019-10-08,6953.513671875,6967.317172960608,6854.301007822193,6873.280821814904,1253200
2019-10-09,7065.66796875,7078.608752575549,6950.926352163461,6951.789071085164,1652500
2019-10-10,7244.25048828125,7244.25048828125,7057.903208839932,7144.175097470172,2268000
2019-10-11,7132.09716796875,7289.112008245793,7102.764725279632,7283.935694830066,1733300
2019-10-15,7181.27294921875,7208.879957192681,7134.686123262742,7207.15451919431,1473500
2019-10-16,7169.19482421875,7259.7803183875785,7163.155791274161,7233.898748625056,1544000
2019-10-17,7223.54541015625,7247.701539558421,7156.25333539306,7160.566929929162,1392100
2019-10-18,7126.05859375,7224.408554971246,7126.05859375,7210.605051641949,1369100
2019-10-21,7151.93994140625,7214.055704467921,7145.038189954953,7168.33160110308,666700
2019-10-23,7149.35205078125,7157.116521453028,7027.708676923381,7145.901174927126,1266800
2019-10-24,7125.1962890625,7240.800636166795,7115.706379971849,7171.783115507515,1212900
2019-10-25,7213.19287109375,7218.369184600097,7141.587200922625,7166.606049536633,1136300
2019-10-28,7195.076171875,7222.683178769485,7143.313033947842,7209.742394287695,714500
2019-10-29,7246.83935546875,7280.485395333427,7200.252531040737,7225.271381196522,1386500
2019-10-30,7362.44384765625,7410.756111010919,7259.780288027577,7280.485543751007,1691000
2019-10-31,7543.6142578125,7585.024766089605,7314.131024443547,7392.6384463855575,2162200
2019-11-01,7540.16455078125,7543.615427005864,7402.129501796697,7402.129501796697,1692000
2019-11-05,7404.71630859375,7566.044742673563,7404.71630859375,7548.790364697112,2183800
2019-11-06,7409.03076171875,7486.6754716110045,7373.659282767833,7470.283810633751,1521100
2019-11-07,7446.1279296875,7509.106418723207,7433.1871442692045,7482.362128858728,1298400
2019-11-08,7383.1484375,7481.498393316196,7346.05152434126,7481.498393316196,1686500
2019-11-11,7429.73583984375,7441.813905537876,7341.738504072261,7375.384544220184,1117400
2019-11-12,7391.77587890625,7437.499982732351,7339.150023559228,7431.460950151545,926000
2019-11-13,7391.77587890625,7416.794728169588,7340.875461439458,7347.777212960379,898300
2019-11-14,7353.81689453125,7388.3256551813265,7308.092786669899,7351.228737482495,731000
2019-11-15,7333.97314453125,7383.148120326837,7324.483236921576,7340.012176646497,1134800
2019-11-18,7304.64208984375,7309.818404068275,7229.5855335881215,7280.485956795961,895400
2019-11-19,7267.54443359375,7298.602315788596,7233.035675599478,7289.975126290027,902500
2019-11-20,7289.111328125,7340.874457452435,7252.877137595796,7286.523171658629,1236600
2019-11-21,7254.60400390625,7275.309259714759,7177.822013616364,7208.879897329126,1610100
2019-11-22,7328.7978515625,7368.482925273138,7268.407522002833,7297.739967788956,1115400
2019-11-25,7374.52197265625,7409.0307324721425,7344.326807817343,7367.620220693071,639500
2019-11-26,7345.189453125,7408.167939157197,7324.484197443181,7408.167939157197,2085700
2019-11-27,7428.8720703125,7472.0080131200275,7393.500597210326,7400.4023480595315,1109500
2019-11-28,7430.5966796875,7434.910273487388,7382.284429128751,7415.93046076788,734200
2019-11-29,7429.73583984375,7514.2822997026315,7412.481460280713,7484.949854445468,894700
2019-12-02,7512.55615234375,7523.771498000671,7436.636889435361,7441.813202815479,725200
2019-12-03,7503.06640625,7521.183503471024,7389.187509432131,7400.402855330861,981600
2019-12-04,7535.85009765625,7587.613235132995,7502.204058296365,7548.790882025436,1457400
2019-12-05,7498.75244140625,7578.985296566257,7463.380967626032,7556.554605876362,1026800
2019-12-06,7502.2041015625,7505.654977414185,7433.186584528807,7484.949722304077,847800
2019-12-09,7693.7275390625,7704.080166385751,7588.475827942784,7628.160899348579,1561800
2019-12-10,7694.59033203125,7816.233704249706,7691.139456223634,7697.1784888869615,1330800
2019-12-11,7539.30126953125,7682.512622173679,7527.2232036457435,7679.061746206391,1399000
2019-12-12,7521.18408203125,7561.731874168835,7478.048132948713,7517.733206104647,1051900
2019-12-13,7702.35498046875,7789.489596623246,7640.239214497227,7684.237882060389,2624300
2019-12-16,7740.31298828125,7795.526990872646,7656.629265603667,7692.86345480427,902900
2019-12-17,7877.486328125,7879.211765936439,7779.999091778694,7807.606096761719,1384000
2019-12-18,7802.4296875,7863.682729053793,7776.5481206462855,7842.114756675697,1193900
2019-12-19,7800.70556640625,7886.114751439895,7779.137590387652,7796.391971202531,891300
2019-12-20,7831.7626953125,7850.742512375386,7782.587714740478,7850.742512375386,895400
2019-12-23,7836.93798828125,7893.8774320534385,7822.271767915686,7858.505959407079,746500
2019-12-24,7889.56396484375,7891.289402561594,7827.448207001349,7837.800833308416,588000
2019-12-25,7861.0947265625,7899.917077604567,7842.977629409535,7849.879380705903,438600
2019-12-26,7892.15234375,7892.15234375,7862.819901720321,7868.858933902902,506700
2019-12-27,7889.54541015625,7969.4835354573925,7873.036449496231,7950.367896798424,622400
2019-12-30,7841.7568359375,7939.072821048303,7841.7568359375,7928.64610835786,753000
2020-01-06,7768.7705078125,7776.5905429954,7676.6678712138955,7711.4235831378965,1201700
2020-01-07,7868.6923828125,7883.463558884476,7771.376399279483,7791.3609316121565,1076300
2020-01-08,7782.67236328125,7837.4126065420205,7678.405233260735,7813.952502287404,1196900
2020-01-09,7897.36474609375,7932.989342263828,7777.457568740802,7906.0536719888905,1081200
2020-01-10,7979.9111328125,8024.224663711176,7919.95753218488,7959.05770650724,1153900
2020-01-14,7933.85986328125,7961.6644318526005,7913.006436852737,7955.582182477618,955700
2020-01-15,8014.6669921875,8014.6669921875,7901.710930935941,7924.302143186253,1221000
2020-01-16,7935.59765625,8038.1270029528905,7862.610663681841,8019.880254810851,1163700
2020-01-17,7898.23486328125,7962.532924874518,7872.1680815542495,7935.597250423284,828500
2020-01-20,7856.52978515625,7954.714685147696,7856.52978515625,7933.861255061018,640500
2020-01-21,7783.54248046875,7884.33405534421,7773.984658713318,7866.956197607062,857700
2020-01-22,7988.59912109375,7988.59912109375,7804.393877057219,7814.820588983815,1388200
2020-01-23,7952.974609375,7988.599208848875,7877.380947076778,7985.992530838591,1165800
2020-01-24,7909.52978515625,7961.66334410488,7873.03629389221,7961.66334410488,1276200
2020-01-27,7906.921875,7923.430832760989,7702.732134271978,7759.210147664835,1413300
2020-01-28,7820.03369140625,7928.6452704535595,7776.589059787327,7915.611880967882,1208500
2020-01-29,7830.4599609375,7855.657845853966,7752.259628438124,7797.4420427710975,1168400
2020-01-30,7594.123046875,7794.837283010941,7563.711798975614,7781.803891054062,1679900
2020-01-31,7630.6162109375,7742.703376869057,7530.693543634174,7559.367004686433,1096800
2020-02-03,7560.234375,7587.170045109758,7502.887464443742,7554.1521269107,1137600
2020-02-04,7613.23876953125,7658.421195463186,7553.285165890797,7599.336484629116,1365100
2020-02-05,7455.96826171875,7591.51552297363,7435.983729610659,7575.875454367298,2163200
2020-02-06,7469.00146484375,7524.610596271158,7411.654548059235,7440.328006451492,2138400
2020-02-07,7535.90625,7546.332962210308,7502.0194353165,7524.6106451055,1072700
2020-02-10,7507.232421875,7565.448228850188,7473.345608859591,7530.692523193359,787800
2020-02-12,7411.65478515625,7531.5619786324005,7368.210149838804,7490.724021434001,1373500
2020-02-13,7513.3154296875,7541.988889752226,7362.996987529996,7414.261658554809,1337500
2020-02-14,7589.779296875,7613.239404604322,7476.82322262271,7513.316723534988,1500900
2020-02-17,7552.4150390625,7576.744033666015,7482.903625909601,7575.006248337192,847800
2020-02-18,7396.8837890625,7487.248632720728,7396.8837890625,7482.03527635583,819600
2020-02-19,7422.08251953125,7458.576018222459,7371.686735624342,7423.820305183212,826800
2020-02-20,7407.31005859375,7475.08368728235,7373.42324424945,7460.312511798937,816300
2020-02-21,7304.78076171875,7395.14560045061,7298.698512957952,7372.554390767646,997600
2020-02-25,7060.62255859375,7179.660866559212,6955.48653477024,6985.897781330759,1830900
2020-02-26,7037.162109375,7040.63768024023,6918.992699957171,7020.653147765156,1776200
2020-02-27,6982.421875,7054.53997052327,6947.666166314087,7036.293223463166,1815400
2020-02-28,6836.44775390625,6931.157058071957,6778.231943088797,6852.0878224840735,2625300
2020-03-02,6856.43310546875,6900.746638402334,6675.70340252394,6746.95261233872,2189700
2020-03-03,6827.7587890625,6945.928195439758,6827.7587890625,6916.3858438454445,1959600
2020-03-04,6961.56787109375,7077.130592868022,6828.627296421091,6864.251894862784,1811800
2020-03-05,7112.75634765625,7140.560916813958,7004.144749383952,7126.658632235104,2030400
2020-03-06,7094.50830078125,7131.001791122072,6994.58564865757,7041.505850524341,2457600
2020-03-09,6966.7822265625,7024.129149355357,6875.548485755682,6964.175548253734,2549100
2020-03-10,7024.12890625,7102.329252806469,6816.463541505597,6871.203784095126,2912200
2020-03-11,6990.24169921875,7111.886675960904,6945.928171976966,6949.403742741028,1952200
2020-03-12,6755.6416015625,6878.15548784164,6666.145642081994,6855.564274768891,2981100
2020-03-13,6429.80615234375,6678.309471204603,6144.80933910473,6494.973106590477,5320200
2020-03-16,6275.1435546875,6486.284496779589,6260.372377668712,6344.654975952385,3220400
2020-03-17,6320.32568359375,6455.872948735436,6061.395651464119,6159.580529419314,3426300
2020-03-18,6786.05224609375,6982.422003791214,6328.145775710727,6329.883561177076,3059000
2020-03-19,7157.93896484375,7217.89256870078,7015.440544082111,7057.147398939176,3897200
2020-03-23,6808.64306640625,7031.948486016562,6759.11618345766,6978.946032334737,4159400
2020-03-24,7044.11328125,7157.069334853368,6907.6971242059335,6938.977262126866,2535800
2020-03-25,7448.1484375,7448.1484375,7010.226504170555,7174.447229169097,2743000
2020-03-26,7504.6259765625,7610.630882101533,7402.096641696878,7488.117015863798,2122200
2020-03-27,7872.1669921875,7872.1669921875,7546.3322656896735,7674.928371080816,3057200
2020-03-30,7733.14501953125,7739.2272684230165,7562.842050561798,7687.962599192416,2350600
2020-03-31,7672.3232421875,7820.035014687146,7638.436423790522,7820.035014687146,2041900
2020-04-01,7191.82568359375,7336.061887952402,7045.851693640415,7298.6994976667265,2613500
2020-04-02,7190.95556640625,7293.484899035048,7092.770697024434,7120.575261805126,2070700
2020-04-03,7340.40673828125,7402.967022982511,7045.852064479481,7298.699881813743,1794400
2020-04-06,7733.14501953125,7735.751697627721,7533.299698801791,7585.433260731215,2152700
2020-04-07,7672.3232421875,7836.54397749593,7576.745036452435,7700.12781112861,2156000
2020-04-08,7892.15234375,7914.7435538058735,7541.988587883959,7541.988587883959,2570900
2020-04-09,7741.83447265625,7888.6773487369355,7656.68298238461,7826.98596292789,1775400
2020-04-10,7713.16015625,7735.751365449335,7602.810788237862,7733.144687464796,1555200
2020-04-13,7581.0888671875,7675.798172233166,7573.268832825931,7626.27128794323,1014000
2020-04-14,7664.50244140625,7698.389256417569,7607.155523694788,7641.911231398704,1421600
2020-04-15,7820.03369140625,7820.03369140625,7620.188385959202,7659.288554416233,1818500
2020-04-16,7656.68310546875,7718.374492269509,7629.747429541659,7664.503140415325,1432100
2020-04-17,7730.53857421875,7793.967743142878,7648.862658069873,7761.818712318321,1254200
2020-04-20,7611.5009765625,7730.539290921983,7594.992013257171,7600.205370090433,1439300
2020-04-21,7698.39013671875,7724.456920477391,7582.827395388773,7627.140927778463,1206200
2020-04-22,7684.48828125,7687.963852611941,7542.858748250933,7589.778961637127,1135300
2020-04-23,7609.76220703125,7630.615631668011,7565.448679678134,7625.402275508821,1259000
2020-04-24,7526.34814453125,7595.859556625744,7498.543579693453,7577.612810950939,1458000
2020-04-27,7614.9755859375,7630.61565446179,7524.610745574937,7595.859946630035,1503200
2020-04-28,7362.12744140625,7362.12744140625,7233.5313288926045,7272.63149823797,2903300
2020-04-30,7225.7119140625,7515.92208473312,7211.80963043756,7515.92208473312,3175000
2020-05-01,7151.85595703125,7367.34135094982,7118.8380337695335,7258.729761273122,2060700
2020-05-07,7230.05615234375,7376.899018555274,7084.082178831703,7118.837886810761,3171200
2020-05-08,7394.27734375,7498.544474331668,7358.652740801263,7490.724439538043,2350900
2020-05-11,7342.14306640625,7455.09911358173,7342.14306640625,7411.654480052699,1093600
2020-05-12,7512.4462890625,7515.921859864749,7382.112383978139,7396.014667187138,1476100
2020-05-13,7529.8251953125,7565.44980101384,7444.673698758078,7515.922910160758,1159700
2020-05-14,7529.8251953125,7561.9742297259045,7463.789340841723,7476.822733171482,1220200
2020-05-15,7593.25390625,7619.320689312994,7530.693626898816,7554.15373165551,1138800
2020-05-18,7689.7021484375,7689.7021484375,7588.910572254591,7602.812858624648,1236000
2020-05-19,7668.84814453125,7741.8351425077535,7634.092431209105,7733.146214177218,1365400
2020-05-20,7621.05712890625,7723.586457513129,7608.892632291874,7640.1727664431255,1058300
2020-05-21,7491.59228515625,7619.319502265734,7475.952217755089,7603.679434864573,1224700
2020-05-22,7447.279296875,7520.266283333698,7417.736945213146,7488.986146279971,788100
2020-05-25,7430.77099609375,7519.398058956421,7392.539714074558,7519.398058956421,886200
2020-05-26,7507.232421875,7507.232421874999,7369.078491889106,7437.721010561342,1241600
2020-05-27,7496.806640625,7511.577817362439,7429.901898931894,7443.804182920071,1192600
2020-05-28,7651.46923828125,7653.207023708977,7486.379622647201,7565.448859608772,1663600
2020-05-29,7513.3154296875,7695.782902826667,7513.3154296875,7680.142833700452,2880100
2020-06-01,7725.32568359375,7814.821639662827,7630.616370860456,7664.5031891778735,1630800
2020-06-02,7820.03369140625,7841.756007215712,7721.848823947483,7744.440032389323,1095700
2020-06-03,7803.52490234375,8038.125918225369,7750.522450607533,8037.257025573955,2112100
2020-06-04,7889.54541015625,7893.020980821518,7808.738392188791,7863.478630166747,1254000
2020-06-05,7886.06982421875,7894.75875086509,7780.064919133394,7859.134151615094,1281200
2020-06-08,7742.70361328125,7870.430852777641,7703.603437925211,7867.824174420572,2048600
2020-06-09,7785.2783203125,7785.2783203125,7692.306804656982,7727.062511444092,1272900
2020-06-10,7790.4921875,7857.396927455108,7775.7210111462755,7811.345612940553,1222200
2020-06-11,7607.15576171875,7733.145206087594,7599.335727240685,7718.374029851246,1597100
2020-06-12,7531.56201171875,7597.597857691365,7432.508242759828,7515.921942935763,2014700
2020-06-15,7509.84033203125,7654.076534173699,7497.67583305538,7541.989365038904,1057900
2020-06-16,7648.86328125,7663.634458778258,7506.364862742105,7592.38524952431,1401700
2020-06-17,7575.0078125,7657.552632663741,7541.9898844345025,7653.208168444597,975500
2020-06-18,7541.11962890625,7634.960039082754,7517.659526362124,7602.811009670433,1024900
2020-06-19,7497.67529296875,7567.186710680826,7497.67529296875,7559.366676188218,1474000
2020-06-22,7515.921875,7544.595334176301,7438.59042449422,7455.099385838151,965500
2020-06-23,7499.4140625,7557.629882473063,7447.28049237487,7528.087526068822,1034600
2020-06-24,7502.88916015625,7584.565081529115,7486.380197325564,7499.413589034,904100
2020-06-25,7545.4638671875,7626.270884650471,7515.052624056275,7515.921516717167,1334700
2020-06-26,7505.49560546875,7539.382422858572,7469.002109818172,7539.382422858572,1036400
2020-06-29,7438.0439453125,7579.954570579326,7406.508250808761,7573.822629981377,1405800
2020-06-30,7480.96728515625,7501.115089320019,7428.4077960333725,7501.115089320019,1335300
2020-07-01,7476.58740234375,7524.76693452054,7458.191580967157,7517.759002567553,1184200
2020-07-02,7519.51123046875,7577.3266709639665,7490.603510221143,7520.387221991406,1045700
2020-07-03,7593.09375,7593.09375,7523.890426713198,7548.418186865482,652700
2020-07-06,7662.29833984375,7672.81023878946,7537.907535652848,7637.770575637093,935800
2020-07-07,7644.77783203125,7707.849220126385,7560.682647904402,7618.49808699161,1130100
2020-07-08,7471.33251953125,7600.103287542868,7465.200578197364,7538.783874204003,1762000
2020-07-09,7437.1689453125,7487.1004682668945,7350.445773865393,7445.928861620288,1275700
2020-07-10,7366.212890625,7471.33187586403,7366.212890625,7447.680104185248,1090400
2020-07-13,7456.43994140625,7463.447873682007,7362.70884721799,7457.31593294072,796100
2020-07-14,7403.8798828125,7486.223080751967,7360.956300907885,7481.843123414761,794000
2020-07-15,7545.791015625,7546.667007152238,7405.632371266978,7445.92798151991,1114400
2020-07-16,7476.58740234375,7530.022883485281,7458.191580967157,7500.239172685084,888600
2020-07-17,7415.26806640625,7457.315658513457,7381.104397819146,7446.803760486655,677100
2020-07-20,7485.34716796875,7489.7271253519975,7419.647807220049,7445.9275515195295,633500
2020-07-21,7638.6455078125,7664.925251532039,7530.022567105075,7549.294379166069,1428100
2020-07-22,7428.40869140625,7590.467135735278,7428.40869140625,7571.195320733988,1385700
2020-07-27,7484.4716796875,7491.479611971851,7314.529321791973,7373.220754673418,1182600
2020-07-28,7388.11328125,7487.100333749555,7380.229356714637,7451.184677532902,845400
2020-07-29,7260.2177734375,7386.36055328487,7254.085832750475,7369.7167142772305,1281700
2020-07-30,6885.29345703125,6961.504720486939,6802.074261303773,6866.021643283834,2930900
2020-07-31,6689.07080078125,6866.021076024546,6622.495449699614,6832.7334004837285,2726500
2020-08-03,6887.9208984375,6893.176847234477,6760.026144377743,6820.469555542971,1538400
2020-08-04,7031.58447265625,7045.6003380558395,6912.4496167597445,6946.613288671243,1705600
2020-08-05,7012.3115234375,7052.6071299432,6985.155788618442,7025.4513951241415,1070400
2020-08-06,6887.9208984375,7017.567635429583,6856.385205655642,7006.1797463694675,1155600
2020-08-07,6900.185546875,6939.605167239272,6862.517909638029,6937.853184111971,975700
2020-08-11,6917.70556640625,6964.133120543204,6871.278012269296,6934.3494065685545,1105900
2020-08-12,7120.0595703125,7141.083368256336,6941.357287789893,6964.133068895715,1376100
2020-08-13,7119.18212890625,7148.089845191952,7055.234756516665,7139.329931165982,1296000
2020-08-14,7123.56298828125,7143.7107930931625,7079.763412603181,7111.29910709139,1049800
2020-08-17,7043.84814453125,7117.431435681682,7026.328313304957,7086.771731035669,623000
2020-08-18,7104.291015625,7113.926922058031,7017.567857727729,7034.211696112054,834000
2020-08-19,7134.95166015625,7162.107400053715,7092.904062895661,7120.059802793125,788100
2020-08-20,7169.990234375,7207.6578678604155,7122.68669464913,7134.9505753188,907600
2020-08-21,7098.1591796875,7187.510313382197,7085.89529859215,7141.082763521226,731300
2020-08-24,7029.8310546875,7106.042307242991,7019.319157783295,7080.638556391161,1033700
2020-08-25,7088.5234375,7132.323013856278,7056.98774252348,7064.87166626761,863500
2020-08-26,7079.76318359375,7085.895123990329,7026.327702994985,7056.987404977883,779600
2020-08-27,7043.84814453125,7106.043545384592,7026.328313304957,7095.531646648816,696200
2020-08-28,7014.9404296875,7140.207223074777,6921.20933253758,6997.420598444524,1451000
2020-08-31,7068.37548828125,7151.594681661684,7043.847726021754,7063.995530734912,952300
2020-09-01,7042.095703125,7077.135363297285,7006.180051448408,7025.451864543165,794700
2020-09-02,7031.58447265625,7039.468396943519,6999.172783919701,7034.212447418673,669300
2020-09-03,7025.4521484375,7078.0116408198255,6999.172402246338,7075.38366620071,889900
2020-09-04,6970.263671875,7028.079105121669,6954.49582644409,6990.411474370052,692800
2020-09-07,6885.29345703125,6936.976957535682,6816.090125847348,6838.865905730657,1113700
2020-09-08,6994.7919921875,6994.7919921875,6868.649218627701,6905.4408609159755,826400
2020-09-09,6961.50439453125,6975.520258418565,6859.013389855252,6863.393347320038,1254100
2020-09-10,7026.328125,7070.127701891908,7002.676353478369,7007.932302705398,1160700
2020-09-11,7131.44677734375,7177.874326686487,7089.399185486177,7174.370360698355,1716200
2020-09-14,7174.37060546875,7188.3864698994585,7113.051198584401,7123.563096907433,744900
2020-09-15,7106.04345703125,7162.982907808744,7060.491896409255,7132.32320354394,742600
2020-09-16,7140.20703125,7147.214963558919,7068.375725083579,7083.267581240032,772600
2020-09-17,7011.435546875,7122.686460724716,6976.395888969578,7067.498999523676,1347000
2020-09-18,7093.77880859375,7121.810535177475,6999.171731373681,6999.171731373681,1467800
2020-09-23,7184.88232421875,7197.146205289107,7122.686927361943,7158.602579067986,1257800
2020-09-24,7105.1669921875,7146.338592314835,7080.639230409513,7095.53108577472,921600
2020-09-25,7048.2275390625,7161.230441441206,7047.351547571193,7158.602466967282,1057900
2020-09-28,7158.60302734375,7164.734968262914,7109.54749999044,7128.819314307812,1311900
2020-09-29,7096.4072265625,7137.578827556012,7043.847735932485,7081.515370883996,966900
2020-09-30,6908.9443359375,7055.234903212961,6908.9443359375,7034.211109113494,2009400
2020-10-02,6812.58544921875,6945.736148496267,6804.701526235212,6902.81256780812,1682100
2020-10-05,6910.69677734375,6943.108462064465,6820.469655013112,6831.8575442393085,1142900
2020-10-06,6894.05322265625,6915.953010529999,6844.997697819052,6881.78934144695,1073500
2020-10-07,6808.2060546875,6872.15343528351,6795.066181962292,6846.749681348108,1191900
2020-10-08,6813.4619140625,6850.253557208633,6779.298245426804,6806.4539820346645,1413400
2020-10-09,6805.578125,6843.245760393874,6790.6862691466085,6843.245760393874,1293100
2020-10-12,6819.59423828125,6825.72617915061,6765.282762009774,6780.1746184067915,813800
2020-10-13,6884.41748046875,6899.3093365786835,6819.5941068137445,6841.493895210706,647900
2020-10-14,6887.044921875,6909.820700044518,6809.957672685862,6832.73345085538,1014900
2020-10-15,6846.74951171875,6941.356592996338,6843.245545745506,6894.929043850855,788700
2020-10-16,6766.15869140625,6823.974133357676,6750.390843601316,6800.322361650275,911100
2020-10-19,6875.6572265625,6927.340724634508,6817.841788041271,6820.469762519509,894800
2020-10-20,6792.43798828125,6845.873468973171,6784.554064900475,6815.213766936823,795900
2020-10-21,6797.6943359375,6852.881802840085,6786.306445941728,6852.881802840085,854200
2020-10-22,6725.86279296875,6758.274478738461,6705.714988301092,6745.134606129119,953900
2020-10-23,6689.947265625,6715.351019808989,6623.371909832476,6662.791528393839,1121200
2020-10-26,6614.61181640625,6676.807212905368,6604.975909906387,6657.5353999056415,949600
2020-10-27,6658.41162109375,6675.055460167659,6531.392849213919,6609.35609540223,1319700
2020-10-28,6681.1875,6705.71526320965,6640.015897469517,6649.651804444736,1471100
2020-10-29,6645.271484375,6696.954982605705,6505.112845105293,6521.756683518571,1829600
2020-10-30,6499.8564453125,6609.355374647279,6499.8564453125,6569.935760086759,1599600
2020-11-02,6593.587890625,6616.363669176381,6534.896461281055,6555.920256866945,1041600
2020-11-04,6668.9228515625,6709.218457916352,6615.487373571523,6668.9228515625,1319700
2020-11-05,6668.9228515625,6717.978372341102,6615.487373571523,6677.682765987251,1391400
2020-11-06,6696.0791015625,6697.831084582271,6581.324213767539,6604.975984534439,1650300
2020-11-09,6717.978515625,6731.1183875423785,6569.935958689203,6613.735531747131,1884900
2020-11-10,6904.5654296875,6930.845176311533,6833.610113802612,6849.3779617770315,2214600
2020-11-11,7035.9638671875,7059.6156381553865,6981.652393113095,7007.932138632968,1787900
2020-11-12,7111.2998046875,7111.2998046875,7016.692711942212,7042.972459927014,1444300
2020-11-13,6908.06982421875,7037.716582269013,6882.666067573766,7032.460632618327,1528400
2020-11-16,6922.0849609375,6986.908333135599,6877.409393611783,6958.0006131013115,1134600
2020-11-17,6876.53271484375,7005.3034548542,6838.865083412122,6973.767763423069,1224200
2020-11-18,6852.005859375,6912.4492759304685,6810.834256793739,6908.94530975334,1004600
2020-11-19,6885.29345703125,6889.673414701117,6755.6467100031805,6770.538566080729,1617400
2020-11-20,6859.01318359375,6913.324654523866,6809.081669996707,6888.796893458652,1009000
2020-11-24,7033.33544921875,7035.087432142955,6968.512081023186,7025.45152605983,1545400
2020-11-25,6978.14892578125,7120.935553311045,6965.00905208219,7100.7877469724845,1218000
2020-11-26,6979.90087890625,6990.412777820266,6937.853283250189,6964.133030535227,914000
2020-11-27,6920.3330078125,6992.164312450554,6907.193135012856,6962.38060077136,1353300
2020-11-30,6839.7412109375,6972.891910740586,6826.601339246406,6971.1399278484405,1696200
2020-12-01,6921.20849609375,7037.715359779419,6881.788880561005,6928.216427744015,1579600
2020-12-02,6852.88134765625,6962.380282650119,6844.12143285674,6903.688853493405,1382700
2020-12-03,6910.69677734375,6946.612427980218,6873.905135228344,6937.852513190835,1178600
2020-12-04,6885.29345703125,6887.045440099197,6810.834176643507,6815.214134313374,910200
2020-12-07,6803.82568359375,6892.30082123286,6796.817751899563,6886.168881000446,977200
2020-12-08,6826.6025390625,6844.122371063173,6774.043043060478,6788.934900261052,968600
2020-12-09,6974.64501953125,6976.397002706214,6811.710584259608,6823.974466484356,1062100
2020-12-10,6784.5537109375,6924.7123415056085,6778.421770850145,6875.65682080677,2080300
2020-12-11,6771.41455078125,6808.206195171006,6726.73898259369,6727.614974126779,2374700
2020-12-14,6824.849609375,6867.7731918239,6787.181975797394,6788.933958754492,1005200
2020-12-15,6799.4462890625,6854.633755721988,6799.4462890625,6833.609958899326,894600
2020-12-16,6815.21484375,6864.270374758998,6770.539270866806,6852.882483631909,1364200
2020-12-17,6872.1533203125,6874.781294813575,6826.601762293857,6852.005515804254,1265800
2020-12-18,6836.23779296875,6883.541334847314,6804.702098383041,6866.021504521919,1367700
2020-12-21,6866.89697265625,6914.200510929428,6792.437699448471,6890.548741792839,956500
2020-12-22,6817.84228515625,6841.494057184931,6787.182580674627,6797.6944793540415,828500
2020-12-23,6929.09375,6950.993540613148,6871.27830278129,6884.4181771491785,1112600
2020-12-24,6899.30908203125,6950.116589237676,6879.1612774493915,6935.224733677172,618900
2020-12-25,6887.9208984375,6948.364309602728,6887.044906971338,6943.1083608057515,394400
2020-12-28,6950.1171875,6958.001111710676,6866.897987498424,6895.805709604235,793400
2020-12-29,7034.2119140625,7038.59187166777,6909.821118072852,6922.9609908886605,932300
2020-12-30,7043.0498046875,7127.884532573322,7040.398719441068,7113.7454112590185,1006200
2021-01-04,7005.04931640625,7066.024263149284,6982.07324951757,7060.722093867281,720800
2021-01-05,6860.12353515625,7005.049499315161,6847.751806508538,6990.910380860633,928300
2021-01-06,6800.91650390625,6884.867526238773,6796.498029046644,6868.077321772268,933500
2021-01-07,6841.56640625,6884.867459454114,6826.543591873063,6853.054440773541,1261200
2021-01-08,6931.703125,6936.121599709969,6807.985833120857,6841.566240916624,1431700
2021-01-12,6848.63623046875,6896.355760332662,6833.613415511592,6896.355760332662,1267100
2021-01-13,6833.61328125,6855.705655752941,6777.940497502586,6815.055686667529,1121900
2021-01-14,6957.33056640625,6961.749041299179,6834.49696438282,6849.5197790187785,1045700
2021-01-15,6912.26220703125,6954.679566522109,6876.030712466141,6930.819801808501,856500
2021-01-18,6850.4033203125,6902.541322879378,6850.4033203125,6876.9141690753195,569100
2021-01-19,6818.58984375,6869.844147915047,6814.171369253013,6843.333300933125,826100
2021-01-20,6747.0107421875,6847.751963485388,6738.173792950844,6822.124810699083,1131500
2021-01-21,6734.6396484375,6815.939589082593,6731.988563416465,6787.6613488582125,1007000
2021-01-22,6791.19580078125,6822.125124532368,6754.080612279908,6777.940376316485,1171500
2021-01-25,6786.77685546875,6794.730109596253,6709.011703999838,6757.614923667908,835500
2021-01-26,6665.7109375,6731.104363109837,6663.0598526779795,6716.965244059062,1581600
2021-01-27,6773.521484375,6826.543178968934,6726.685654150359,6726.685654150359,1680300
2021-01-28,6795.6142578125,6795.6142578125,6660.408928625853,6663.060013511866,1622900
2021-01-29,6713.4306640625,6830.078399702391,6701.942629491905,6786.777346320916,1200000
2021-02-01,6710.77978515625,6819.474269429916,6705.477615191681,6787.661249642501,779500
2021-02-02,6744.3603515625,6755.848386752531,6709.012550977791,6709.896245992409,858100
2021-02-03,6960.865234375,6961.748929339374,6794.730581072664,6803.567530716406,1390200
2021-02-04,6390.8818359375,6720.50005009744,6390.8818359375,6678.082692779271,7291100
2021-02-05,6415.62548828125,6456.275456939781,6382.04507938942,6450.973287114755,4213900
2021-02-08,6642.73486328125,6642.73486328125,6433.299162523281,6468.646960119562,3429900
2021-02-09,6684.2685546875,6713.430487831959,6621.526213679725,6680.733774912414,2103200
2021-02-10,6747.89453125,6757.615175545933,6676.315241434488,6688.686970538403,1840700
2021-02-12,6615.34033203125,6728.453284542605,6591.480568610887,6685.152232409352,2372200
2021-02-15,6583.52734375,6609.154497168624,6528.738257130873,6596.782767932047,2096400
2021-02-16,6557.01708984375,6639.200727223193,6539.343189332041,6583.527940611312,1671300
2021-02-17,6539.3427734375,6602.085116263725,6518.134094172297,6599.434031355574,1815900
2021-02-18,6631.2470703125,6640.084020033066,6539.342793218617,6539.342793218617,1897600
2021-02-19,6570.27197265625,6663.943637632923,6541.993734172726,6654.2229931542115,1544700
2021-02-22,6424.46240234375,6534.040578119627,6423.578707377816,6508.413424107526,2158900
2021-02-24,6269.81591796875,6406.788640630505,6258.32788316486,6406.788640630505,3411300
2021-02-25,6306.93017578125,6367.021425879768,6271.582381605651,6339.626885393679,1614200
2021-02-26,6313.11669921875,6377.6264303277885,6210.608085401648,6238.8863236960215,2971000
2021-03-01,6368.7900390625,6418.276960415005,6328.1400679515145,6380.278074376474,1847500
2021-03-02,6232.701171875,6336.093492463314,6218.562051110786,6336.093492463314,2789200
2021-03-03,6254.79345703125,6290.141258427301,6210.608705286187,6232.701081158718,2044500
2021-03-04,6280.42041015625,6321.954075454877,6215.026979686071,6230.049794794085,1557300
2021-03-05,6461.57763671875,6464.228721635347,6298.977761834142,6351.115765193881,2388500
2021-03-08,6356.41748046875,6443.0195815511825,6326.3718535626,6442.135886642179,2083900
2021-03-09,6427.11328125,6456.275214191187,6374.091584993297,6421.81111162433,1739400
2021-03-10,6381.16162109375,6408.556166205772,6357.301855996183,6362.604026017864,1633400
2021-03-11,6271.58349609375,6303.396516505103,6205.3063702367635,6298.978041447971,2743600
2021-03-12,6292.79150390625,6308.698012412122,6215.026351210877,6230.049164799756,3044400
2021-03-15,6350.232421875,6365.2552372342925,6243.305324317684,6274.234650057403,1761700
2021-03-16,6360.83642578125,6384.696190090238,6327.256016753786,6374.975545371762,1862300
2021-03-17,6410.32373046875,6448.322616657081,6355.534638755342,6384.696574667317,1631500
2021-03-18,6446.55419921875,6507.529146408071,6380.277082708619,6380.277082708619,2079800
2021-03-19,6451.85693359375,6517.250360944242,6408.5558803481545,6477.484087555429,3597400
2021-03-22,6370.55712890625,6431.53208269936,6327.256074763317,6409.43970813664,2076900
2021-03-23,6366.138671875,6405.021251214603,6320.186532655469,6389.114741484766,1761500
2021-03-24,6329.9072265625,6389.114791015898,6292.792036905146,6366.138721228012,1878300
2021-03-25,6302.51220703125,6395.300174184683,6302.51220703125,6392.64908940887,1687900
2021-03-26,6373.20849609375,6374.975886137037,6292.792249124181,6320.186794795133,1892100
2021-03-29,6565.85400390625,6565.85400390625,6405.905205156986,6424.462800591983,3303200
2021-03-30,6474.8330078125,6592.364438144023,6455.3917185847295,6589.713353249326,1922200
2021-03-31,6462.46142578125,6503.995090079311,6435.066881244232,6455.3918659007295,1674000
2021-04-01,6478.36767578125,6549.946966701763,6435.066623249088,6539.342627306131,1493200
2021-04-02,6540.22705078125,6559.668341838836,6506.646638954512,6538.459660685106,1308200
2021-04-05,6563.2021484375,6591.480385780977,6493.390249995792,6541.993470429893,1337200
2021-04-06,6544.64501953125,6695.756861057019,6540.226544632836,6627.712347621438,2042700
2021-04-07,6569.388671875,6594.1321320327215,6469.531136238483,6475.7170012779125,1581300
2021-04-08,6450.08984375,6565.853889445471,6450.08984375,6555.249549381764,1494100
2021-04-09,6481.90185546875,6527.853988595454,6374.974776462381,6406.787791703945,1600800
2021-04-12,6496.92529296875,6534.040480986254,6472.181834290414,6520.785056694289,760800
2021-04-13,6456.27490234375,6517.24985009378,6452.7401227640385,6497.808562405365,1128100
2021-04-14,6442.13623046875,6496.041622795031,6430.648196038558,6456.275349767447,1026100
2021-04-15,6463.34521484375,6494.274539771222,6421.811549941144,6442.136534893483,861600
2021-04-16,6397.95166015625,6444.787494132532,6357.3016910447595,6442.136409190478,1813500
2021-04-19,6322.8369140625,6422.694436255241,6322.8369140625,6406.787928295335,1294000
2021-04-20,6287.48974609375,6346.697309409039,6269.815846596649,6318.4190702136775,1292200
2021-04-21,6242.4208984375,6279.536084979739,6235.351339096121,6237.118728931466,1589000
2021-04-22,6306.04736328125,6332.558212622399,6275.11803904991,6284.838683808332,989700
2021-04-23,6364.37109375,6382.928687886178,6283.071157534366,6286.605937369828,1121200
2021-04-26,6265.3974609375,6379.39411431704,6245.9561712138575,6374.0919443924095,1600200
2021-04-27,6152.2841796875,6257.443877674115,6145.2146201589885,6238.886283911771,2908900
2021-04-28,6168.19091796875,6188.515902368934,6130.192034090146,6159.3539682295395,1671000
2021-04-30,6192.05029296875,6227.398089703266,6128.424258846622,6134.610123275163,1556500
2021-05-06,6138.1455078125,6250.37477350386,6136.3781178016125,6226.515008356878,2976900
2021-05-07,6177.91162109375,6197.352910703829,6121.355142228066,6138.145346891316,1711100
2021-05-10,6169.07373046875,6291.907314272669,6111.633565380587,6111.633565380587,2428800
2021-05-11,5972.89453125,6137.26180197237,5971.127141242232,6124.006376914114,3258800
2021-05-12,5903.96630859375,6032.10208388878,5872.153288520501,5975.545603758559,2247300
2021-05-13,6000.2880859375,6030.333711110088,5880.105585247146,5903.965346413614,2060400
2021-05-14,6025.91650390625,6066.566475922628,5984.382836846036,6032.10236921309,2361600
2021-05-17,5978.19580078125,6058.6120340216185,5956.103429011918,6030.333798156874,1060200
2021-05-18,5985.265625,6053.310133065112,5972.010201350952,5978.196065720508,1890900
2021-05-19,6052.42724609375,6059.496806316958,5965.825133359455,5966.708828387356,1571300
2021-05-20,6001.17236328125,6033.8690762014985,5977.312599798906,6011.776702606736,990600
2021-05-21,6062.1474609375,6074.519190449617,5998.52142344661,6026.79966233145,1274100
2021-05-24,6097.4951171875,6113.401626188859,6061.2636244621835,6075.402743574502,1061800
2021-05-25,6048.89208984375,6087.774668653557,6046.241004924899,6076.286634005204,1448000
2021-05-26,6070.984375,6088.658274199417,5991.45182860262,5993.219218522561,1718900
2021-05-27,6059.49560546875,6112.517296635167,6011.776083418974,6112.517296635167,2892500
2021-05-28,5975.544921875,6090.425259030243,5975.544921875,6041.822039464563,3243700
2021-05-31,5916.33740234375,6013.5438421134,5913.686317622759,5958.7547578795975,1763500
2021-06-01,5827.96826171875,5943.732301489054,5805.875887716784,5938.430131728583,2339500
2021-06-02,5774.94580078125,5850.943557302626,5747.551260639824,5819.13054294484,2434300
2021-06-03,5827.083984375,5827.083984375,5736.063412583883,5759.923174121361,1956100
2021-06-04,5867.73388671875,5874.803445618411,5792.61982340985,5819.13066928358,1439200
2021-06-07,5893.36181640625,5900.431376239996,5855.362932299867,5885.408561593286,1078100
2021-06-08,5932.24462890625,5958.755479325911,5890.710963248781,5894.245743304736,1380200
2021-06-09,5983.49853515625,6020.613723234313,5940.19748239851,5955.220296620583,1434900
2021-06-10,6006.474609375,6063.03108649726,5991.4517951394,6044.473492441519,1787700
2021-06-11,6070.10107421875,6070.10107421875,6000.289167847622,6041.822833663356,1848700
2021-06-14,6032.98486328125,6090.425029695968,6031.217473545413,6085.122860488455,1160400
2021-06-15,6084.240234375,6085.123929398148,6023.2652777777785,6046.24134837963,1210600
2021-06-16,6075.40234375,6122.238172727272,6060.379530681818,6078.9371232954545,1096100
2021-06-17,6067.44970703125,6083.356216604008,6042.706247695847,6070.984486936307,1244300
2021-06-18,5973.77734375,6093.076151650333,5964.940395016642,6093.076151650333,2586700
2021-06-21,5791.73681640625,5905.7334672021625,5775.830306992867,5903.082382299932,2234500
2021-06-22,5934.01123046875,5944.6155692275925,5868.617808122557,5880.1058417779695,2047600
2021-06-23,5932.24462890625,5993.219584871472,5913.6870336124875,5947.267444144059,1385400
2021-06-24,5970.24267578125,5995.8698275867055,5887.175356135981,5929.592710848459,1330800
2021-06-25,6045.3564453125,6049.774919545297,6006.473872063889,6032.984717460669,1116900
2021-06-28,6091.30859375,6131.074861952343,6032.984733719897,6080.704255562709,2088500
2021-06-29,6088.6298828125,6116.313591578588,6055.588036865879,6104.7042943541,1430200
2021-06-30,6103.81201171875,6143.10502247451,6100.239919831863,6142.211999502789,1146400
2021-07-01,6099.34619140625,6147.569426301702,6083.271779774433,6126.136877459279,1125900
2021-07-02,6183.29052734375,6185.969596029774,6115.420787297805,6115.420787297805,1292300
2021-07-05,6098.45361328125,6178.82567730165,6085.95129221141,6178.82567730165,986800
2021-07-06,6138.6396484375,6143.104763107588,6094.881524670634,6129.709419097323,982000
2021-07-07,6065.41162109375,6109.169743801876,5988.611650626426,6050.230231582767,1563000
2021-07-08,6019.86767578125,6071.663006621677,5994.863033306562,6034.1560429096435,1802400
2021-07-09,5951.10400390625,5979.680733816964,5886.806361607142,5968.071437290736,2184900
2021-07-12,6074.34130859375,6076.127354259317,6029.690166954572,6056.480851938079,1192300
2021-07-13,6068.0908203125,6106.490806371872,6035.048971842807,6099.346622918966,1368500
2021-07-14,6077.9140625,6093.095452312298,6043.979191154864,6064.518718547973,1308000
2021-07-15,6043.97900390625,6148.462683495055,6035.048774881566,6102.025492566697,1470800
2021-07-16,6048.44384765625,6085.950807880901,5968.964812894489,6010.0438645691065,1408000
2021-07-19,6023.43896484375,6062.73196921041,5992.183165915724,6019.86687353769,972700
2021-07-20,6030.58349609375,6047.5509307784505,5951.104459939101,5962.713757354949,1180000
2021-07-21,6065.41162109375,6099.346491765358,6025.225590035267,6064.518598181339,982800
2021-07-26,6070.7705078125,6213.654191432683,6064.519346654118,6213.654191432683,1615700
2021-07-27,6098.45361328125,6133.281507690091,6069.87687940733,6100.23965914837,1103300
2021-07-28,6062.732421875,6110.955658107325,6032.369643506499,6061.839398981809,1262000
2021-07-29,5949.318359375,6077.020629772872,5936.816039196187,6042.19273784618,4749900
2021-07-30,5870.732421875,5953.783549838853,5870.732421875,5950.211458313526,1957600
2021-08-02,5960.03515625,5985.9328217476395,5910.025871151109,5931.458421907776,1342900
2021-08-03,5908.23974609375,5960.928099331285,5896.630447922767,5921.635090137191,1236100
2021-08-04,6069.87646484375,6101.132265383625,5963.606743008175,6010.043932381704,2599000
2021-08-05,6032.3701171875,6085.951494986353,5983.253854205219,5983.253854205219,1073500
2021-08-06,6066.3046875,6071.6628250128815,5984.146578969159,5984.146578969159,977900
2021-08-10,6015.40185546875,6081.4855456861915,5999.327444334777,6075.234385800758,1065900
2021-08-11,6005.57958984375,6059.160969083992,5994.863313995702,6030.584233489197,1010900
2021-08-12,6002.900390625,6051.123630894823,5988.612023137645,6015.402712176436,758400
2021-08-13,6041.30029296875,6077.021211182904,6018.974719084904,6072.556096406135,995200
2021-08-16,5929.67236328125,6027.904887371753,5907.346789624318,6013.616520231316,1141100
2021-08-17,5922.52734375,5932.350594772504,5889.485499401576,5912.704092727496,1047600
2021-08-18,5974.32373046875,6005.579534738766,5935.923742365588,5956.4632708858835,814000
2021-08-19,5977.89501953125,6001.113613870631,5935.9229451485235,5974.322928094422,1083500
2021-08-20,6000.220703125,6044.871846919649,5986.825359986605,5986.825359986605,986300
2021-08-23,6090.41552734375,6092.201572952942,6042.192295895574,6043.978341504766,1050400
2021-08-24,6099.34619140625,6110.955488695896,6055.588070852969,6058.267139458272,1045200
2021-08-25,5993.9697265625,6090.4162001126715,5990.397634949531,6057.374352692705,1025800
2021-08-26,5913.59814453125,6007.365556970964,5913.59814453125,5992.184166385486,1664800
2021-08-27,5928.779296875,5948.425801549085,5910.025815140646,5917.169998658495,1235600
2021-08-30,5927.8857421875,5979.681068045722,5910.918307854635,5947.53224509924,1088600
2021-08-31,5935.0302734375,5951.997708766316,5858.230303001806,5901.095402779867,1395000
2021-09-01,5958.2490234375,5995.755986714535,5944.853679409987,5950.211817020992,1324600
2021-09-02,5943.96044921875,5974.323227955745,5904.667441441463,5949.318586642926,1043700
2021-09-03,6022.546875,6035.942219472864,5951.998060776245,5967.179451178826,1523800
2021-09-06,6118.9931640625,6137.746645738699,6047.551329105553,6081.486200710103,1851500
2021-09-07,6184.18359375,6185.076616651625,6121.671990636282,6161.858021209387,1410300
2021-09-08,6158.2861328125,6224.369829713331,6131.495444879732,6184.183797814177,1671100
2021-09-09,6157.39306640625,6224.369785765273,6137.746562060936,6176.146547826776,1256100
2021-09-10,6216.33251953125,6216.33251953125,6097.560471679267,6151.141846650086,2196700
2021-09-13,6104.70458984375,6209.188269921532,6081.48599427091,6203.830132481646,1347700
2021-09-14,6084.16552734375,6130.602722033589,6074.342274620899,6115.421331461911,1510600
2021-09-15,6062.732421875,6096.667291816266,6036.834757972456,6042.192895331603,1157300
2021-09-16,6021.6533203125,6101.132357166692,6010.9370456804745,6101.132357166692,1239100
2021-09-17,6083.27197265625,6093.988247417242,6031.47664464479,6047.5510567862775,1930000
2021-09-21,5968.07177734375,6045.76476621535,5965.392708761971,6028.797331864082,1503900
2021-09-22,5904.66748046875,5998.434886011584,5903.7744575588185,5998.434886011584,1308100
2021-09-24,6033.2626953125,6074.341748596155,5980.574344361725,5993.969687823786,1848500
2021-09-27,6005.57958984375,6058.267946096655,6001.114474907064,6022.54702660316,1297000
2021-09-28,5971.64453125,6001.114288918798,5926.100360307312,5995.756151160835,1787000
2021-09-29,5901.98779296875,5965.3924129265015,5868.052925949108,5965.3924129265015,2373300
2021-09-30,5943.0673828125,5997.541779559542,5887.6999631679655,5893.058100552921,2327400
2021-10-01,5894.8447265625,5979.681910174594,5875.198220883909,5940.388898817414,1757700
2021-10-04,5880.55615234375,5944.853805034525,5861.802670308941,5933.244506632024,1165900
2021-10-05,5844.8349609375,5885.914014902836,5809.114044445903,5849.300075498949,1466400
2021-10-06,5888.59326171875,5942.174638076518,5851.086298268312,5865.37466529705,1573500
2021-10-07,5929.67236328125,5974.323510595115,5893.951445430158,5918.9560879259225,1383500
2021-10-08,5925.20703125,5993.076772678033,5925.20703125,5981.467474802185,1258100
2021-10-11,5947.5322265625,5972.536866554054,5901.988060863598,5955.569432274071,888900
2021-10-12,5881.44873046875,5922.527783247609,5853.765020987345,5918.062668815124,1339600
2021-10-13,5820.72314453125,5913.597524253749,5820.72314453125,5868.053357274447,1337400
2021-10-14,5876.9833984375,5915.383381135085,5831.439232912456,5848.406667127669,1345300
2021-10-15,5946.63916015625,5946.63916015625,5880.555469233955,5886.806629186063,1251200
2021-10-18,5887.69873046875,5932.349865994829,5883.233616916142,5932.349865994829,1006100
2021-10-19,5901.98779296875,5927.885454641634,5888.592450724154,5912.704066764426,856600
2021-10-20,5853.76513671875,5901.988373542978,5850.193045102141,5871.625594801797,1546000
2021-10-21,5759.99755859375,5864.481235238009,5752.853375575339,5864.481235238009,1870900
2021-10-22,5707.31005859375,5759.998416199294,5699.272851501379,5734.100748901654,1688300
2021-10-25,5634.97412109375,5693.020605700896,5619.79273281188,5671.588057538257,1298100
2021-10-26,5682.30517578125,5705.523773073457,5648.370302815717,5665.337739298484,1314100
2021-10-27,5781.42919921875,5818.936154171976,5708.20133478626,5715.345516682113,1835600
2021-10-28,5816.25732421875,5828.759643048638,5758.210843937126,5782.322458823339,1368700
2021-10-29,5743.02978515625,5789.466972036692,5690.34143850344,5776.071629667334,1734900
2021-11-01,5908.23974609375,5908.23974609375,5795.718856128845,5832.332796514251,2010900
2021-11-02,5851.0859375,5858.23012057387,5762.676671960851,5831.439434046856,1772700
2021-11-04,5578.71337890625,5884.127173621463,5567.99710540747,5884.127173621463,4844800
2021-11-05,5654.6201171875,5677.8387089510625,5592.1085239779095,5606.396888140102,2187400
2021-11-08,5634.97412109375,5671.588057538257,5606.397390210232,5626.93691553276,1467600
2021-11-09,5592.10888671875,5626.043753805194,5576.034475993592,5618.006548442615,1258100
2021-11-10,5614.43505859375,5648.369929315329,5578.714142044721,5578.714142044721,934900
2021-11-11,5624.2578125,5624.2578125,5540.313666044776,5590.322944784059,1187900
2021-11-12,5638.54638671875,5679.625438633394,5601.039426274944,5625.151043703105,1309700
2021-11-15,5612.6494140625,5652.835448053401,5591.216862600686,5640.3331263673435,1300600
2021-11-16,5587.64453125,5612.649173550623,5568.891049524533,5601.9328982789275,1187800
2021-11-17,5552.81591796875,5603.718218921503,5550.136849497552,5581.39264832819,1110300
2021-11-18,5581.39306640625,5601.932592890625,5534.062853203125,5552.816333906249,1337500
2021-11-19,5559.96044921875,5620.686005040606,5548.351151782219,5615.327867762207,1260000
2021-11-22,5553.708984375,5567.104326836107,5512.629934160938,5554.60200720574,989600
2021-11-24,5548.35009765625,5567.996597277759,5511.736166543437,5511.736166543437,1366600
2021-11-25,5516.20263671875,5565.31889785191,5516.20263671875,5528.704957734464,935300
2021-11-26,5395.64453125,5493.877053334988,5353.672453631869,5487.625892838671,2317900
2021-11-29,5329.56103515625,5380.463343970578,5317.058713693082,5348.314517351002,1912000
2021-11-30,5167.923828125,5364.3888777513175,5167.923828125,5297.412156287801,4491700
2021-12-01,5091.12353515625,5183.104893535673,5091.12353515625,5118.807244959766,2312600
2021-12-02,5180.42578125,5220.611811271763,5087.551400755257,5099.1606983171005,2350500
2021-12-03,5278.6591796875,5278.6591796875,5157.208046471886,5180.426645468988,1591500
2021-12-06,5364.388671875,5389.3933135950765,5300.984044656235,5301.877067574808,1657300
2021-12-07,5479.5888671875,5498.342349294889,5375.998204118115,5388.50052552304,1878100
2021-12-08,5417.07666015625,5541.206837499099,5381.355745812984,5506.378946014414,2008500
2021-12-09,5453.6904296875,5498.341571243808,5430.471836078219,5443.8671785451115,1371100
2021-12-10,5385.82080078125,5481.374245596968,5384.03475508376,5453.690537285872,1424800
2021-12-13,5426.00732421875,5488.518929336477,5409.039888543938,5458.156149707867,1009700
2021-12-14,5445.654296875,5458.156618973434,5390.2868704390785,5402.7891925375125,1099400
2021-12-15,5377.78369140625,5415.290651724925,5367.067417029485,5400.109263024508,1367500
2021-12-16,5409.93310546875,5447.4400698843465,5367.961026241772,5442.08193211069,1474800
2021-12-17,5390.28662109375,5445.654044968471,5371.533138813603,5400.109873716685,1775700
2021-12-20,5413.5048828125,5425.114180647631,5365.281645651188,5366.174668561583,1149300
2021-12-21,5442.974609375,5543.886197703035,5432.258334508306,5434.044380319421,1538500
2021-12-22,5450.119140625,5486.7330820907755,5434.044727298562,5464.407508026278,1289000
2021-12-23,5455.47705078125,5488.518899018099,5435.830546424206,5474.230532212975,885300
2021-12-24,5451.90478515625,5481.374540751689,5444.7606019815985,5467.979197299217,677100
2021-12-27,5420.6494140625,5446.54708012639,5413.505230320737,5437.616850449186,981500
2021-12-28,5502.80615234375,5502.80615234375,5437.615491986546,5447.438742177357,1236500
2021-12-29,5489.25390625,5529.915046296296,5465.76080311214,5511.843428497942,973500
2021-12-30,5438.65283203125,5487.446195202821,5430.520604835988,5441.363574429671,981400
2022-01-04,5510.93896484375,5531.721321982855,5450.399054916789,5469.374250565538,1039100
2022-01-05,5517.26416015625,5519.071321689219,5476.6030256644335,5499.192544826554,1022500
2022-01-06,5492.86767578125,5562.44339728728,5475.699640604437,5505.517806964165,1521100
2022-01-07,5388.0517578125,5491.963539155521,5351.004948811944,5475.69908642357,2160900
2022-01-11,5305.8271484375,5379.017202767105,5276.912559072718,5355.5240989082195,1856900
2022-01-12,5331.12646484375,5351.908822249073,5285.947427006091,5285.947427006091,1721600
2022-01-13,5239.86474609375,5322.090593980374,5239.86474609375,5310.344044282285,1304200
2022-01-14,5154.9287109375,5195.589848885298,5118.785477206125,5191.975525512161,1748300
2022-01-17,5182.03662109375,5232.63715305212,5163.061421609362,5187.458106660718,880000
2022-01-18,5164.8681640625,5229.022404728777,5142.278642701135,5195.589913113957,986800
2022-01-19,5134.1455078125,5173.903058383382,5112.459571137473,5123.302539474987,1433300
2022-01-20,5193.7822265625,5235.346941667211,5158.542576799811,5175.7106112995825,1377200
2022-01-21,5288.658203125,5301.308333800508,5132.338731206219,5150.410346456945,1496900
2022-01-24,5338.35498046875,5354.6194336929275,5269.682844633337,5313.958300632485,996300
2022-01-25,5380.82373046875,5397.088185069663,5277.8155179963005,5304.922942331155,1588400
2022-01-26,5276.00830078125,5370.884284953545,5247.997295930381,5340.1625376977545,1259800
2022-01-27,5210.04736328125,5302.212613204019,5156.736091267099,5298.598289677636,1557300
2022-01-28,5248.90087890625,5274.201141362675,5167.578606724883,5198.3003539934,1910300
2022-01-31,5179.32470703125,5241.671776951898,5174.806803413812,5240.7681962284105,1357800
2022-02-01,5176.6142578125,5227.214781191362,5162.15696541854,5199.203777178063,1535300
2022-02-02,5222.697265625,5276.912116133218,5184.746870269247,5184.746870269247,1509800
2022-02-03,5177.5185546875,5238.962055860056,5166.675583892343,5223.601180566918,1342800
2022-02-04,4848.615234375,4996.802505794586,4784.460988821399,4969.695078095881,4915700
2022-02-07,4747.41357421875,4845.00030166748,4712.173922640042,4802.532003611088,3412000
2022-02-08,4795.3037109375,4831.446945992616,4731.149468714669,4735.667373096559,2302900
2022-02-09,4778.13623046875,4811.568726786327,4760.064610837628,4811.568726786327,2118600
2022-02-10,4737.47412109375,4804.339100105944,4716.691762752122,4781.749580169392,3034200
2022-02-14,4688.6806640625,4711.270183546324,4614.587040155558,4662.476821461264,2868300
2022-02-15,4659.765625,4725.7270154644175,4638.079688408959,4695.005271960442,2335300
2022-02-16,4717.59521484375,4731.148926435908,4648.01949533734,4670.6090146576025,2314400
2022-02-17,4720.30615234375,4767.292354472746,4676.934273455446,4707.656021001328,1733200
2022-02-18,4823.314453125,4824.218033951737,4698.620299035219,4698.620299035219,1826400
2022-02-21,4813.375,4838.675262812089,4741.088534822602,4767.292378449409,1240400
2022-02-22,4768.1962890625,4798.014458010588,4726.631568710619,4748.317509763774,1396700
2022-02-24,4819.69970703125,4834.1569989908485,4766.38844293023,4770.906346667604,2110600
2022-02-25,4770.90673828125,4838.675299904564,4748.317217740146,4823.314425936613,1646500
2022-02-28,4861.2646484375,4873.0111987032415,4772.713731049605,4783.5567005256735,2377000
2022-03-01,4823.314453125,4913.672535798754,4809.760740723937,4899.215242570954,1931100
2022-03-02,4719.40234375,4759.1598974787,4705.84863225158,4744.702605213718,1331500
2022-03-03,4681.4521484375,4723.92044625193,4672.4163403918765,4707.655991769808,1557100
2022-03-04,4595.6123046875,4663.380869935546,4574.829944678099,4654.3450612358065,1923700
2022-03-07,4526.03662109375,4563.083437117875,4450.135827288225,4545.011819545131,1900200
2022-03-08,4385.07763671875,4493.507333072809,4374.234667083344,4428.449515260374,2390700
2022-03-09,4331.7666015625,4416.703201593137,4324.537954751382,4381.463548388937,1680900
2022-03-10,4384.17431640625,4459.171527507181,4368.813441843408,4416.703227245208,2180200
2022-03-11,4279.35888671875,4357.0668394758895,4251.34788049234,4329.055833249479,2604000
2022-03-14,4234.1796875,4294.719601939288,4213.397328811887,4254.962046188113,2268900
2022-03-15,4307.3701171875,4335.381124872168,4250.44452092511,4251.348101818164,2311300
2022-03-16,4341.7060546875,4452.846501040583,4340.8024738228405,4436.582045476717,2524500
2022-03-17,4455.5576171875,4482.665045399957,4342.609999635596,4391.403370418018,2279500
2022-03-18,4454.65380859375,4504.350757776845,4447.425161439845,4499.832853305655,2668400
2022-03-22,4514.2900390625,4572.119214903173,4499.832745102332,4505.254230337395,1902200
2022-03-23,4591.9970703125,4612.779426199392,4563.986068899731,4607.357942054986,1468900
2022-03-24,4565.7939453125,4568.504687809222,4499.832544558925,4553.14381366113,1583200
2022-03-25,4552.24072265625,4575.733826822399,4493.507962240876,4565.794436598259,1628700
2022-03-28,4558.56494140625,4583.865202726245,4546.818391507682,4563.986425974821,1040300
2022-03-29,4593.8046875,4602.840495303894,4533.264775213906,4577.54023345299,1806400
2022-03-30,4593.8046875,4685.066346319335,4563.986521747148,4641.694468860641,1525100
2022-03-31,4540.49365234375,4635.369639109142,4534.168586559391,4607.358633492693,1684100
2022-04-01,4472.724609375,4499.83203125,4420.316927083333,4463.688802083333,2183500
2022-04-04,4536.87939453125,4545.915202925058,4489.893190883446,4521.518520261776,1410000
2022-04-05,4569.40771484375,4585.672167852883,4534.168066657295,4581.154264239235,1294600
2022-04-06,4489.89306640625,4555.854465852347,4483.568000705939,4543.204334451726,1572700
2022-04-07,4466.400390625,4484.472008632789,4440.196544513707,4473.6290378281155,1528300
2022-04-08,4442.0029296875,4488.0855475504095,4404.95611924869,4475.435417156669,1699600
2022-04-11,4426.642578125,4453.750003588105,4392.306505871734,4436.581967461472,1269400
2022-04-12,4437.4853515625,4446.521159649575,4376.04185657039,4415.79941215352,1602700
2022-04-13,4486.27880859375,4489.893131903796,4415.799504047866,4427.546054805513,1739100
2022-04-14,4517.904296875,4536.8794949218745,4476.33957734375,4502.543422265625,1154600
2022-04-15,4494.41064453125,4526.03597073925,4434.77431511045,4508.86793651205,1100200
2022-04-18,4455.5576171875,4460.0755218895765,4415.80005580923,4460.0755218895765,1013800
2022-04-19,4476.33984375,4507.061594797134,4468.207615531641,4480.857748315755,1138800
2022-04-20,4570.31201171875,4602.840922834186,4522.422225909913,4548.626070975126,1534600
2022-04-21,4730.24560546875,4744.7028986277755,4666.9949478980125,4695.005953393625,3353400
2022-04-22,4701.33154296875,4713.9816758923635,4631.755811888875,4675.127696198408,1796600
2022-04-25,4638.984375,4652.538088600507,4551.337027050059,4596.51607238508,1916900
2022-04-26,4699.52392578125,4729.342093354944,4659.766369016325,4684.16305157662,1880900
2022-04-27,4654.3447265625,4671.512761857527,4624.526559997452,4648.01966092749,1890300
2022-04-28,4726.6318359375,4737.4748070771,4676.031303952698,4696.813665303599,1871200
2022-05-02,4767.29248046875,4780.846192979559,4729.342085438483,4779.942612145505,1976700
2022-05-06,4713.0771484375,4757.352604778266,4657.958723196954,4736.570247720356,2048100
2022-05-09,4672.41650390625,4730.245677422011,4667.898599725331,4719.402707387806,1336400
2022-05-10,4779.94189453125,4793.495605007236,4680.548017707349,4687.776663294541,1842500
2022-05-11,4728.4384765625,4835.0610143485455,4700.427470872946,4825.121625232897,2123100
2022-05-12,4431.16015625,4567.600854372706,4380.559632442903,4517.903911347879,3624300
2022-05-13,4565.7939453125,4568.504687809222,4450.135598785684,4474.532281256184,2270800
2022-05-16,4535.07177734375,4616.394044719908,4526.939550606134,4613.683302474036,1427600
2022-05-17,4598.32275390625,4606.454981217147,4520.614804046565,4532.36135460675,1074800
2022-05-18,4551.3369140625,4591.0944729703315,4536.879619914197,4586.576568548988,1261100
2022-05-19,4533.26513671875,4555.854658029886,4482.664608981806,4526.9400707516315,1748300
2022-05-20,4491.7001953125,4549.529367008336,4468.207094311067,4524.229104391407,2104500
2022-05-23,4654.3447265625,4666.99485783252,4545.915029962325,4554.95083801234,2199900
2022-05-24,4594.7080078125,4646.212109375,4572.118489583333,4637.176302083333,1316000
2022-05-25,4554.04736328125,4570.311818150111,4504.350417848617,4558.565267411489,1393500
2022-05-26,4533.26513671875,4605.551604914384,4533.26513671875,4582.962083603249,1461000
2022-05-27,4638.0810546875,4665.188483411565,4588.384102026715,4612.780787878373,1735500
2022-05-30,4749.220703125,4764.5815767842705,4707.655986164621,4713.981051789026,1716000
2022-05-31,4695.005859375,4737.4741571792,4688.680793744587,4734.7634147661665,3496400
2022-06-01,4847.71142578125,4849.518587542958,4741.992462721342,4748.31752888732,1841200
2022-06-02,4772.71435546875,4797.111039981748,4739.281861876863,4782.653745455527,1560900
2022-06-03,4774.5205078125,4833.253254407468,4773.616927095654,4833.253254407468,1107400
2022-06-06,4747.41357421875,4775.424579319774,4721.209730737147,4735.667023692514,1253800
2022-06-07,4758.2568359375,4788.0750044878105,4732.052990847833,4767.292644589109,1096300
2022-06-08,4798.01416015625,4829.63948889551,4790.785513587276,4812.471453294197,1340100
2022-06-09,4799.8212890625,4822.4108094364765,4748.317182609834,4761.87089483422,1298400
2022-06-10,4757.35302734375,4795.30342186387,4750.124380768489,4789.881936932425,1719100
2022-06-13,4755.54541015625,4770.90628265723,4690.487597210925,4708.559211917959,1550200
2022-06-14,4717.59521484375,4742.895476482445,4695.909276296297,4714.884472525318,1561600
2022-06-15,4608.26220703125,4706.7525169462315,4608.26220703125,4702.234612821691,1959200
2022-06-16,4566.69775390625,4676.0310400603175,4566.69775390625,4650.73077549574,2063600
2022-06-17,4661.5732421875,4661.5732421875,4486.27857093641,4493.507217173568,2520300
2022-06-20,4710.36669921875,4750.124254324375,4671.51272491098,4724.823991984432,1681100
2022-06-21,4695.90966796875,4754.6424231001665,4668.802242523481,4741.992291225707,1499900
2022-06-22,4751.931640625,4767.292514914908,4688.680981784203,4722.113472885767,1157100
2022-06-23,4847.71142578125,4847.71142578125,4764.58198474269,4766.389146504398,1573500
2022-06-24,5114.26708984375,5117.881412875442,4922.70796916409,4924.515130679936,4049100
2022-06-27,5044.6923828125,5148.604190805235,5029.331506848357,5148.604190805235,2082400
2022-06-28,5016.6806640625,5018.487825685001,4963.369396198724,4993.187562969988,1748700
2022-06-29,5014.849609375,5080.786273340485,4987.375999389381,5013.933822375479,2068100
2022-06-30,5011.18603515625,5055.143807394463,4985.544001350626,5016.680756686026,2371300
2022-07-01,4952.5751953125,5060.638041659925,4926.01737714237,5034.080223489795,2120300
2022-07-04,5103.6806640625,5111.006959650604,4993.786230240949,5034.996642924031,1845600
2022-07-05,5132.0703125,5155.880774335296,5089.028323797734,5152.217626360635,2002800
2022-07-06,5214.49072265625,5252.9537732975505,5097.269996892288,5110.091013772721,2667800
2022-07-07,5302.40576171875,5353.689824353682,5270.353222571918,5311.563630046417,2744000
2022-07-08,5227.31201171875,5288.669738555673,5198.922615719576,5272.185573136798,2296400
2022-07-11,5274.9326171875,5299.658863830567,5247.459009806315,5270.353682623969,1286400
2022-07-12,5306.06982421875,5308.817185190903,5228.22793000774,5276.764640515781,1413900
2022-07-13,5230.97509765625,5319.806432472892,5224.564588958142,5305.15384116293,1674500
2022-07-14,5202.58544921875,5242.880073363377,5187.932858620704,5201.669662306373,1314600
2022-07-15,5247.4599609375,5269.438850826244,5208.996903632199,5233.723154757035,1174500
2022-07-19,5223.6484375,5308.816618546196,5198.9221913898145,5308.816618546196,1458600
2022-07-20,5278.59619140625,5278.59619140625,5214.49110233643,5236.469990017511,1202200
2022-07-21,5304.23828125,5305.154068246072,5251.122635477815,5280.427819352124,1264800
2022-07-22,5350.94384765625,5362.849079561013,5292.333475202032,5313.396577802767,1534400
2022-07-25,5305.15380859375,5343.616860546268,5277.680200056237,5343.616860546268,982500
2022-07-26,5302.40576171875,5337.205661363882,5266.690075240852,5285.005811896184,1472100
2022-07-27,5333.54345703125,5374.753871791965,5318.890865116329,5337.20660500998,1696400
2022-07-28,5308.81689453125,5337.206289689171,5285.006434076219,5320.722124758765,1908900
2022-07-29,5297.82763671875,5362.848511776145,5283.17504515652,5339.038050487521,1273900
2022-08-01,5264.859375,5289.585623586711,5229.143682596974,5265.775161984693,1690900
2022-08-02,5252.0390625,5302.407353421971,5221.818087946817,5284.091611268526,1329500
2022-08-03,5265.7744140625,5285.005938009511,5241.0481689877715,5264.85862720788,1648700
2022-08-04,5243.79541015625,5270.353228335525,5059.722256568858,5187.932413296395,3110400
2022-08-05,5386.65869140625,5394.900773729041,5237.385422671259,5261.195882714877,2420400
2022-08-08,5283.17529296875,5387.5750127466035,5252.038534438513,5386.6592257310085,2030600
2022-08-09,5307.9013671875,5378.416965060764,5306.069793216766,5339.038124689981,1028700
2022-08-10,5386.65869140625,5386.65869140625,5323.469393598187,5337.206197469504,1225500
2022-08-12,5430.61669921875,5494.721786730607,5397.648368498367,5494.721786730607,2463000
2022-08-15,5538.6787109375,5549.668152824281,5449.847389019355,5458.089470434441,1364300
2022-08-16,5630.25830078125,5636.668809581749,5541.426964545762,5556.0795560897595,1859200
2022-08-17,5654.984375,5695.279000506072,5637.584423076923,5677.879048582996,2250900
2022-08-18,5679.71044921875,5699.857761357223,5613.773791311019,5654.068415587965,1611500
2022-08-19,5678.794921875,5766.710469770501,5677.879134917755,5705.352743635099,1895500
2022-08-22,5676.96337890625,5683.373887641908,5622.931948134275,5650.405557001382,1071600
2022-08-23,5760.29931640625,5765.794037534778,5664.1416966570205,5687.036368025884,1765500
2022-08-24,5644.91064453125,5745.647206974216,5644.91064453125,5731.91040300472,2115200
2022-08-25,5598.205078125,5641.247060567643,5590.878783241146,5641.247060567643,1493400
2022-08-26,5619.2685546875,5643.9948015872005,5614.689620076444,5622.015915454133,1020100
2022-08-29,5564.3212890625,5575.310732029707,5527.689812505143,5547.837124611689,1381700
2022-08-30,5585.38427734375,5608.278949738174,5555.16330978311,5603.700015259289,846900
2022-08-31,5545.08935546875,5598.2049925649,5512.121028995278,5587.215550407076,1555700
2022-09-01,5521.279296875,5544.173969693357,5485.563607278363,5494.721476405705,1276000
2022-09-02,5495.6376953125,5553.3322753499415,5489.227186419451,5542.342831533287,1161300
2022-09-05,5441.60546875,5464.500140025454,5359.184652158364,5439.773895047963,1120500
2022-09-06,5369.2587890625,5453.511186912364,5365.595641329897,5440.690169848254,1395300
2022-09-07,5317.97509765625,5383.911761515601,5270.35417375783,5357.353938572251,1820500
2022-09-08,5469.07958984375,5484.64796777867,5358.269370424611,5358.269370424611,1661600
2022-09-09,5492.8896484375,5508.458025233671,5437.942436215718,5441.60558369717,1632300
2022-09-12,5599.1220703125,5599.1220703125,5502.964429261991,5522.195957472093,1027700
2022-09-13,5656.81640625,5664.142702388902,5587.216592930427,5587.216592930427,1074300
2022-09-14,5523.11083984375,5594.542218637949,5506.626675506627,5584.468562654151,1559000
2022-09-15,5547.83740234375,5571.647863298015,5509.374350033015,5563.40578066,993100
2022-09-16,5588.13232421875,5596.374407292819,5482.816818272314,5525.858807659118,1622600
2022-09-20,5565.23681640625,5584.468340701878,5521.279046587672,5558.826308307707,1032300
2022-09-21,5521.279296875,5586.300167679134,5518.5319361367965,5567.9844294244485,1015100
2022-09-22,5520.3642578125,5544.174720769223,5477.32226708304,5494.722220782183,1067500
2022-09-26,5372.005859375,5466.331908388915,5361.9322036550675,5466.331908388915,1841500
2022-09-27,5508.45849609375,5541.426826244935,5440.690261894093,5459.921787815618,1440500
2022-09-28,5364.67919921875,5459.92102863472,5304.237269012462,5416.879048033272,2579400
2022-09-29,5406.80615234375,5452.5954998398865,5346.364213648851,5365.595739597227,1767000
2022-09-30,5401.31103515625,5437.026723588107,5368.342707372997,5368.342707372997,2624800
2022-10-03,5225.48046875,5346.364349204785,5204.417368367727,5324.38546184937,2088500
2022-10-04,5417.79541015625,5428.7848531788795,5260.28006016523,5265.774781676545,1996400
2022-10-05,5385.7431640625,5455.3429736984035,5366.5116377157365,5431.532512507173,1485200
2022-10-06,5324.38525390625,5359.185157526552,5290.501137223324,5348.195714278036,2014200
2022-10-07,5272.185546875,5306.985451474835,5242.880364054086,5284.090777395996,1506300
2022-10-11,5176.943359375,5256.616819885459,5170.532851058067,5224.564278300792,1743500
2022-10-12,5222.732421875,5268.5217645181265,5187.016734613361,5193.427242583399,1333000
2022-10-13,5178.775390625,5251.122562306587,5178.775390625,5208.996361074271,1133600
2022-10-14,5248.37451171875,5274.016543882094,5211.743037199687,5212.658824062663,1501300
2022-10-17,5235.55419921875,5249.291004009424,5187.933275944415,5232.806838260615,906300
2022-10-18,5212.6591796875,5279.511625245685,5208.996031985682,5274.016903692957,1185800
2022-10-19,5217.23828125,5241.048742073679,5191.596246516807,5202.585689973889,1739300
2022-10-20,5225.48046875,5246.543569132274,5148.5543630060465,5159.543806683754,1317200
2022-10-21,5113.75439453125,5209.912025517242,5113.75439453125,5146.722725155018,1584100
2022-10-24,5064.3017578125,5165.954107743275,5064.3017578125,5165.038320806962,1501100
2022-10-25,5062.470703125,5135.7336655435965,5062.470703125,5122.912647120342,1299200
2022-10-26,5145.806640625,5173.2802478894155,5088.112065369727,5091.775213004983,1261000
2022-10-27,5075.291015625,5140.311885727739,5062.469998985023,5129.322442893473,1607600
2022-10-28,5082.6171875,5120.164449605856,5037.7436303490995,5063.385663006757,3423100
2022-10-31,5119.24853515625,5159.5431568998765,5104.595945431294,5118.3327482984405,1754800
2022-11-01,5130.23828125,5165.038183907533,5098.185739328587,5162.290823171412,1640200
2022-11-02,4683.3349609375,4801.471490065567,4680.587599794987,4719.050655790172,6855900
2022-11-04,4684.25048828125,4698.903080228953,4621.976972503513,4685.166275277981,3515700
2022-11-07,4800.55517578125,4823.449849454377,4713.555415823368,4718.1343505579935,2876300
2022-11-08,4819.78662109375,4847.260229042223,4772.165700649731,4820.702408025366,1898600
2022-11-09,4871.986328125,4911.365164987665,4851.839016241776,4865.57581979852,1570600
2022-11-10,4887.5546875,4903.123064807008,4860.996867388046,4871.986310192992,1164600
2022-11-11,4972.7236328125,5002.944605166609,4947.081595663559,4979.134142099735,1870100
2022-11-14,4994.70166015625,5024.92262729691,4976.385922495245,4976.385922495245,1551900
2022-11-15,5030.41796875,5053.312643648735,5010.270654839113,5020.344311794557,1176800
2022-11-16,4973.63916015625,5011.186426878107,4946.165550359769,5000.1969829595155,1272000
2022-11-17,5016.68115234375,5026.754809276167,4976.386524614081,4996.533838478916,997700
2022-11-18,5028.5859375,5066.133200919687,5002.943903945092,5045.070101928155,1050700
2022-11-21,5064.3017578125,5070.712266366693,5034.996575850475,5045.986019086234,1191200
2022-11-22,5104.59619140625,5143.975028189613,5061.554207015131,5065.217354622886,1374200
2022-11-24,5142.14404296875,5163.207144124277,5108.259923718555,5139.396681948464,1454500
2022-11-25,5132.0703125,5175.112301202266,5130.238738512669,5161.375496297287,839900
2022-11-28,5115.58642578125,5132.070592566797,5088.112814472006,5119.249573955816,911900
2022-11-29,5081.70166015625,5114.669989542739,5062.470134680799,5114.669989542739,1100800
2022-11-30,5001.1123046875,5068.880535880849,5001.1123046875,5028.585911928047,2295600
2022-12-01,4999.28125,5078.038932267815,4982.797083943946,5077.1231452647,1431200
2022-12-02,5096.35498046875,5100.01812870269,4975.471088748736,4999.281552269345,1889900
2022-12-05,5057.89111328125,5091.775229013897,5026.754358283683,5086.280507543737,1547000
2022-12-06,5018.5126953125,5051.481026887545,4998.365381572195,5030.417926159044,1484700
2022-12-07,5018.5126953125,5041.407370017393,4980.965428796476,4997.449594583999,1855100
2022-12-08,5033.1650390625,5060.638647354325,5006.607217713735,5018.512447973526,1004200
2022-12-09,5057.89111328125,5082.617359896965,4989.207094904264,5012.101767696593,1749200
2022-12-12,5010.2705078125,5048.733560513674,5002.944212059895,5007.523146905273,1110600
2022-12-13,4987.37548828125,5041.4069157158065,4980.9649799415565,5037.743768093124,1282700
2022-12-14,4991.03857421875,5016.680607260608,4964.48075428254,5015.764820366256,1245000
2022-12-15,4948.9130859375,5031.333918234757,4947.997298911975,5007.523455571105,1309100
2022-12-16,4916.85986328125,4948.912404762875,4860.996862413275,4878.3968135033,2029900
2022-12-19,4889.38671875,4909.534032444044,4864.660470125492,4896.7130146387435,1123200
2022-12-20,4854.58642578125,4919.607296603825,4803.3023586535855,4890.302115388016,1826900
2022-12-21,4915.94384765625,4954.406895644619,4882.059733952211,4882.975520809077,1827300
2022-12-22,4917.775390625,4941.585848754656,4859.165032152002,4922.354324880703,1697400
2022-12-23,4916.85986328125,4929.6808798739,4878.3968135033,4882.0599611012,961900
2022-12-26,4898.54443359375,4917.775959693108,4885.723416194178,4913.197024907547,703400
2022-12-27,4954.4072265625,4994.701850955984,4916.859962923117,4934.259914365758,1111900
2022-12-28,4989.20703125,4989.20703125,4926.933522049376,4931.5124565494225,1223000
2022-12-29,4914.935546875,4963.212208839016,4896.3675999657635,4950.21464600255,1116600
2022-12-30,4878.7275390625,4950.214127170551,4878.7275390625,4940.9301546889865,1063700
2023-01-04,4774.74755859375,4809.098260454137,4758.964803684923,4799.814286978356,1387000
2023-01-05,4803.52783203125,4816.525394777373,4757.107965080812,4803.52783203125,1184900
2023-01-06,4739.46875,4831.380093046033,4710.688430460333,4813.740542360431,1791400
2023-01-10,4733.89794921875,4775.675828747058,4700.475645596103,4766.3918555185455,1824200
2023-01-11,4737.611328125,4789.601575895919,4733.897738998506,4761.7496574472125,1421300
2023-01-12,4709.759765625,4728.327712660777,4675.409063608811,4722.757328550044,1171900
2023-01-13,4669.83837890625,4714.401448923645,4657.769214109871,4669.83837890625,1506000
2023-01-16,4759.892578125,4794.243275490053,4659.62567770809,4668.909649968915,1556200
2023-01-17,4795.17138671875,4806.312152767274,4745.037939500394,4781.245429158095,1259600
2023-01-18,4832.3076171875,4878.727479024075,4774.746988510146,4781.245769167267,1316400
2023-01-19,4810.9541015625,4826.736853343003,4786.815775309968,4796.099746945557,1121900
2023-01-20,4821.1669921875,4830.450964827954,4782.174307097595,4810.026225018956,1084600
2023-01-23,4870.37255859375,4888.940505824378,4836.021856217088,4846.234227193933,1056300
2023-01-24,4877.79931640625,4914.935207661722,4850.875795246033,4909.364823973401,1070800
2023-01-25,4855.5185546875,4877.800092988169,4847.162977824749,4877.800092988169,1125100
2023-01-26,4842.52001953125,4871.300334064506,4828.594060886126,4841.5916222882415,1204200
2023-01-27,4841.591796875,4859.231345128236,4810.954686750959,4827.665837727709,1039500
2023-01-30,4854.58935546875,4858.302944572188,4825.809039917109,4827.665834468828,1087200
2023-01-31,4879.65576171875,4904.7224865221,4851.803845270584,4883.369350578506,1219900
2023-02-01,4803.52783203125,4901.937949966177,4800.742640014224,4899.152757949151,1373400
2023-02-02,4777.5322265625,4804.455746688872,4758.96428164776,4787.744596265607,1469300
2023-02-03,4769.1767578125,4826.73738833311,4643.843126840204,4643.843126840204,2678700
2023-02-06,4760.8212890625,4797.028783265589,4732.96937044474,4745.038535179103,2172600
2023-02-07,4802.599609375,4823.024351576092,4773.819290818916,4779.389675055577,1690000
2023-02-08,4765.4638671875,4797.957776276056,4745.967521734366,4792.387391860876,1491800
2023-02-09,4738.53955078125,4755.250701234632,4711.616030606357,4744.109934265711,1886400
2023-02-10,4755.25146484375,4755.25146484375,4699.547621054093,4734.826722120875,1885600
2023-02-13,4711.61669921875,4731.113044181035,4667.053625019243,4725.542659906097,1702600
2023-02-14,4766.39208984375,4768.248884580737,4734.826579314984,4758.964910895805,1328600
2023-02-15,4741.32568359375,4777.5331834293,4725.542927255176,4762.678824522408,1203400
2023-02-16,4746.89501953125,4760.820977930031,4731.112266679298,4741.324636171737,1040400
2023-02-17,4716.25830078125,4732.969452240711,4708.831122354823,4732.041054937407,1021000
2023-02-20,4749.68115234375,4751.537947164838,4718.11564038525,4739.468780827765,1244400
2023-02-21,4734.826171875,4754.322514935661,4731.112582720588,4748.7521312040435,858200
2023-02-22,4734.826171875,4753.394117647059,4689.3347047334555,4753.394117647059,1552900
2023-02-24,4716.25830078125,4755.250987519992,4703.260738535002,4754.322590216689,1418500
2023-02-27,4692.1201171875,4715.33005049373,4663.3397998877745,4706.046077171238,1609900
2023-02-28,4725.5419921875,4731.112375675344,4680.050527036776,4688.406102268542,2454800
2023-03-01,4669.83837890625,4717.186640799732,4667.053187030163,4716.258243507704,1376100
2023-03-02,4592.78125,4667.981428138266,4584.425674651304,4667.0530308772995,3117900
2023-03-03,4701.404296875,4701.404296875,4624.347314915951,4634.559686018957,2469700
2023-03-06,4670.7666015625,4706.974094597868,4669.838204305182,4697.690122024696,1451100
2023-03-07,4639.201171875,4678.193857330023,4639.201171875,4660.5543091479885,1516400
2023-03-08,4677.26611328125,4687.478484707628,4625.275858746961,4639.201819782931,1446000
2023-03-09,4724.61376953125,4724.61376953125,4685.621083675422,4700.475440191927,1399100
2023-03-10,4670.7666015625,4714.401272656405,4650.341861901523,4698.618519282014,2251800
2023-03-13,4716.25830078125,4721.828684601071,4665.196449099563,4666.124846402867,1763400
2023-03-14,4654.984375,4692.120269495413,4630.846043577982,4684.69309059633,1907200
2023-03-15,4621.56201171875,4665.196687201028,4604.850859406388,4645.700342836606,1779400
2023-03-16,4701.404296875,4701.404296875,4603.922572709938,4609.492956947942,2086800
2023-03-17,4807.2412109375,4811.883197429329,4702.332316222178,4706.045905415641,3145800
2023-03-20,4725.5419921875,4825.808894968689,4711.616033467891,4801.670566521366,1935700
2023-03-22,4734.826171875,4777.532447150735,4730.1841854319855,4759.892898667279,1472600
2023-03-23,4726.470703125,4766.391787437389,4709.759551552372,4755.251019722304,1301300
2023-03-24,4727.39892578125,4739.468090360031,4691.191432044905,4719.043350303632,997100
2023-03-27,4754.322265625,4772.890210423379,4737.6111153064585,4761.749443544352,1027100
2023-03-28,4750.60888671875,4760.8212568094095,4726.470557413554,4744.110105751966,875000
2023-03-29,4801.67138671875,4803.528181531866,4704.189659030144,4746.8959397318185,1801400
2023-03-30,4784.9599609375,4793.315537120743,4751.537656204526,4793.315537120743,1198400
2023-03-31,4797.02880859375,4827.665919235049,4785.888041087823,4803.527589638874,1842500
2023-04-03,4859.2314453125,4882.441377703179,4811.883183235515,4846.23388317372,1631200
2023-04-04,4880.5849609375,4883.370153039994,4809.098363640146,4850.876245177561,1531600
2023-04-05,4844.376953125,4907.50796746239,4828.594199540653,4902.865981114052,1444400
2023-04-06,4891.7255859375,4892.653983277781,4818.382196055348,4824.88097743731,1646300
2023-04-07,4822.095703125,4879.656337240084,4821.167305800563,4878.727939915648,1037100
2023-04-10,4836.9501953125,4863.873718472589,4820.239043006239,4842.520579414588,788100
2023-04-11,4836.02197265625,4899.15299476042,4832.3083831207105,4859.231907253371,1206600
2023-04-12,4913.078125,4947.428822397014,4870.371852560469,4870.371852560469,1773700
2023-04-13,4925.14794921875,4941.859101544092,4880.584876351172,4887.0836578110275,1306400
2023-04-14,4973.423828125,4991.063375023334,4931.6459538921035,4964.139856073245,1792900
2023-04-17,4952.99951171875,4998.49097864925,4937.21675788572,4992.9205949434745,1283200
2023-04-18,4995.70556640625,5002.204347109622,4948.35730699597,4952.999293212664,1164000
2023-04-19,4969.71044921875,4988.278394106547,4950.214107086564,4963.211668508022,1201000
2023-04-20,4966.92578125,4992.920906834112,4953.928218457943,4957.641807827103,1056900
2023-04-21,4986.42236328125,4999.4199266932665,4971.568005096089,4989.207555440968,1052700
2023-04-24,5030.056640625,5066.264135823297,5014.273886307793,5031.913435250553,1429800
2023-04-25,5027.271484375,5054.195006636657,5017.0591138619575,5043.982636123615,970800
2023-04-26,5022.62939453125,5067.1924649448365,5014.273818828703,5017.059010729552,1259300
2023-04-27,5022.62939453125,5034.69855943493,4999.419462024174,5019.844202630401,1340000
2023-04-28,5110.82666015625,5116.397043437074,5049.552444067183,5053.266032921067,1850600
2023-05-01,5133.10888671875,5133.10888671875,5093.187801146511,5110.827350585408,1573000
2023-05-02,5098.7578125,5151.676456948744,5095.972620686908,5146.10607332256,1281100
2023-05-08,5062.5498046875,5115.4684437608885,5042.1250667995255,5100.614088933271,1647200
2023-05-09,5063.478515625,5078.332871373074,5008.703078803974,5043.053776471397,1801000
2023-05-10,4934.43212890625,5041.197828779104,4931.646936735654,5008.703920122149,2318600
2023-05-11,4676.33740234375,4691.191759786177,4573.285297586919,4595.5668337505585,6822000
2023-05-12,4809.0986328125,4830.451773460123,4692.120557960304,4698.619339896537,4079400
2023-05-15,4884.2978515625,4884.2978515625,4808.169278320127,4826.737223013389,1978000
2023-05-16,4881.51318359375,4939.073818318515,4873.157607585316,4937.217023649974,1991300
2023-05-17,4869.443359375,4878.727331461511,4836.02105986356,4874.085345418256,1403800
2023-05-18,4840.66357421875,4867.587096208075,4806.312873749611,4862.016712348215,1802600
2023-05-19,4881.51318359375,4919.577474298836,4849.947674228557,4874.086004919587,1721600
2023-05-22,4904.72265625,4904.72265625,4863.873177379093,4883.369519567481,1208300
2023-05-23,4864.8017578125,4925.147581144143,4853.660990428197,4904.7228409395875,1807800
2023-05-24,4843.44873046875,4854.589498106401,4819.310400587173,4848.090716984438,1570400
2023-05-25,4784.9599609375,4836.950212744349,4784.9599609375,4827.666239207411,1759600
2023-05-26,4765.4638671875,4797.957776276056,4758.9650853697885,4796.100981470997,1723700
2023-05-29,4716.25830078125,4793.315276955432,4713.47310887134,4785.888098529004,2332000
2023-05-30,4643.84326171875,4689.334729096642,4643.84326171875,4654.05563194644,2979700
2023-05-31,4527.79345703125,4648.485101364665,4527.79345703125,4640.129525987736,9010500
2023-06-01,4582.56884765625,4631.773902138782,4563.072505314114,4590.924422945736,3133900
2023-06-02,4621.56201171875,4627.13239582287,4579.7841309378455,4581.640925639219,2319100
2023-06-05,4664.267578125,4702.33186369489,4628.988484182176,4686.54911114152,3142000
2023-06-06,4701.404296875,4701.404296875,4643.843659748964,4687.478336279991,1698900
2023-06-07,4677.26611328125,4728.327970413142,4670.767331464464,4711.616817169977,2682800
2023-06-08,4659.6259765625,4693.976676130704,4647.5568118493475,4679.12231956067,1727800
2023-06-09,4689.3349609375,4711.616497081333,4664.268232775688,4671.695411490299,2335200
2023-06-12,4695.83349609375,4742.253360626112,4684.692728605983,4724.613812103815,1520400
2023-06-13,4685.62109375,4695.833463877056,4632.702448546166,4645.700010526055,2499300
2023-06-14,4740.396484375,4753.3940462201335,4698.618607015644,4708.83097703682,2375400
2023-06-15,4751.53759765625,4771.9623391858395,4732.969650811169,4742.253624233709,1748200
2023-06-16,4856.44677734375,4858.303572135317,4756.179858599126,4763.607037765395,3655900
2023-06-19,4881.51318359375,4919.577474298836,4857.37485290272,4884.2983755965615,1817400
2023-06-20,4874.0859375,4891.725486607143,4846.234017857143,4883.369910714286,1694500
2023-06-21,4949.2861328125,4978.994847171907,4906.579855920852,4920.505815776824,2614300
2023-06-22,4966.92578125,5020.772827102804,4960.426999853972,5004.0616749415885,2368400
2023-06-23,4971.56787109375,5016.130944448091,4956.71351330897,4996.634599855567,2270600
2023-06-26,4955.78466796875,4978.06620263178,4921.43396869658,4972.495818966022,1506200
2023-06-27,4910.29345703125,4955.784926003556,4890.797113185975,4948.357747395833,1731200
2023-06-28,4973.423828125,4975.280622535351,4905.65083214719,4905.65083214719,1728400
2023-06-29,4944.2353515625,4987.548020801098,4931.994814603766,4966.833265947856,2042100
2023-06-30,4909.39697265625,4923.520669355491,4883.974318597616,4915.046451335947,2103200
2023-07-03,4998.8466796875,5003.554578236839,4948.942955064514,4952.7092739039845,1618700
2023-07-04,5017.67822265625,5026.1524399585405,4976.248715845052,4990.37241134887,1730400
2023-07-05,5070.4072265625,5088.297242775069,5047.809311346623,5077.939864967792,2321300
2023-07-06,5034.62744140625,5093.00539191442,5015.795844468131,5084.531173292266,2155500
2023-07-07,5044.98388671875,5079.822334611358,5018.619655881101,5052.516524100935,2038100
2023-07-10,5057.22509765625,5086.414071409246,5027.09454410477,5028.9777037017375,2221700
2023-07-11,5075.11474609375,5089.238442047628,5061.93262987013,5089.238442047628,1667500
2023-07-12,5062.8740234375,5090.179834610959,5058.166124959317,5089.238254915323,1441900
2023-07-13,5015.79541015625,5083.589153263299,5013.912250625498,5081.7059937325475,1542700
2023-07-14,4999.7880859375,5056.2828665695615,4983.781231425082,5016.736520127119,1730600
2023-07-18,4886.798828125,4977.190482749278,4878.324610503974,4962.125206978565,2014800
2023-07-19,4889.6240234375,4917.871418142512,4869.850847143992,4908.455619907508,1697500
2023-07-20,4856.66845703125,4917.871142123734,4856.66845703125,4896.214807398701,1414900
2023-07-21,4904.689453125,4927.287369591692,4844.428342547154,4858.552040338836,1822500
2023-07-24,4935.7607421875,4973.423929842498,4926.34494527375,4944.234959409875,1665400
2023-07-25,4905.63037109375,4924.461965608505,4886.798776578995,4903.747211642275,1216100
2023-07-26,4973.423828125,4975.3069874692355,4891.506396650771,4909.396410421005,1184400
2023-07-27,5039.3349609375,5049.692338473059,4934.819605805948,4947.060142893428,1746700
2023-07-28,5019.5615234375,5019.5615234375,4930.111449393876,4971.540957371975,5301200
2023-07-31,5086.4140625,5110.895137217697,5046.867711032951,5063.816147375972,1951300
2023-08-01,5098.654296875,5106.186934802055,5043.101092162973,5089.238499466182,1333800
2023-08-02,5054.3994140625,5099.595235946815,5030.859923497753,5099.595235946815,1851600
2023-08-03,4943.29345703125,4998.84665969122,4922.5787034970235,4998.84665969122,2194300
2023-08-04,5233.30029296875,5235.183452484032,4943.293727615318,4943.293727615318,7713100
2023-08-07,5325.5751953125,5375.478923274233,5235.183537117663,5261.547770757824,3965500
2023-08-08,5391.4853515625,5392.426931260642,5306.743178729697,5350.055844844241,2035600
2023-08-09,5334.99072265625,5395.251825065357,5286.028576948851,5390.5439264396455,2008500
2023-08-10,5394.310546875,5408.43424354163,5303.918888208566,5315.217845541871,1772400
2023-08-14,5465.87060546875,5487.526940339685,5419.733196395887,5428.207414388861,2290700
2023-08-15,5415.025390625,5447.039103593397,5390.544316002109,5432.915406695575,1391500
2023-08-16,5431.0322265625,5446.097503196515,5398.076933925592,5419.733269086989,1247100
2023-08-17,5355.7060546875,5451.747197018394,5340.640777459124,5437.623499616792,1905500
2023-08-18,5349.11474609375,5370.771081098178,5282.262581514863,5302.035756953689,1451200
2023-08-21,5339.69873046875,5365.121383567438,5324.633454558417,5349.114527912709,1428200
2023-08-22,5281.32080078125,5334.049266611835,5271.905003311503,5324.633469142088,1392900
2023-08-23,5284.1455078125,5329.341335391794,5270.02181169397,5295.444464707323,1252400
2023-08-24,5257.78125,5275.671264998209,5218.23490105659,5259.664409473496,1148100
2023-08-25,5198.46142578125,5239.890931800879,5183.396150865021,5210.701961650686,1459800
2023-08-28,5236.12451171875,5248.365047351252,5176.8049928843175,5224.825555750286,1439000
2023-08-29,5275.67138671875,5291.678242612775,5242.716095172229,5253.073472515422,869700
2023-08-30,5289.79443359375,5333.107097165362,5279.437057522277,5301.093389308084,1046900
2023-08-31,5309.568359375,5333.107853786132,5261.54779077629,5274.729907646524,1791300
2023-09-01,5342.52294921875,5356.646644008719,5304.8597631121675,5309.56766137549,1169800
2023-09-04,5383.953125,5400.901560860441,5339.698875808849,5367.00468913956,1206400
2023-09-05,5343.46484375,5389.602249449339,5320.866930754405,5383.011191492291,1375300
2023-09-06,5319.92529296875,5367.004277862279,5287.911583241151,5367.004277862279,1267800
2023-09-07,5302.97705078125,5333.107602206143,5289.794934532859,5305.801789977334,1190200
2023-09-08,5233.30029296875,5292.619817700134,5216.351857331212,5280.379280850801,1710700
2023-09-11,5230.47509765625,5265.31354565144,5193.753490309969,5254.014589544892,825800
2023-09-12,5296.38671875,5304.860937500001,5222.001909722222,5226.709809027778,942500
2023-09-13,5258.72314453125,5304.860554393745,5252.132085979465,5302.97739480752,1148900
2023-09-14,5306.7431640625,5334.990554928695,5270.021555936447,5283.203671674004,1518100
2023-09-15,5320.86767578125,5346.290331460969,5273.78868378177,5305.802398341416,1934800
2023-09-19,5294.5029296875,5315.217684169649,5268.13869671022,5315.217684169649,1235700
2023-09-20,5256.84033203125,5286.970887400227,5219.177137820028,5263.431391018214,1283900
2023-09-21,5141.96728515625,5228.592626711711,5126.902008363995,5228.592626711711,1494500
2023-09-22,5093.0048828125,5125.01859440718,5088.296984048577,5107.12857910427,1231500
2023-09-25,5141.96728515625,5173.039418540274,5078.881438588685,5084.53091738578,1220600
2023-09-26,5150.44140625,5183.396698611746,5106.187156507084,5141.025608432358,1171700
2023-09-27,5281.32080078125,5297.327656479821,5135.375940000167,5150.441215951763,2536800
2023-09-28,5263.43017578125,5284.144927814736,5209.760136421763,5244.598583023535,1936900
2023-09-29,5226.70947265625,5259.664765674259,5188.104700835153,5254.956866671687,1969700
2023-10-02,5205.99462890625,5292.619969087002,5197.52041084509,5263.430995765227,1594100
2023-10-03,5112.77880859375,5233.301034652682,5093.947210772042,5233.301034652682,1595500
2023-10-04,5134.43359375,5162.68098194228,5044.983531141114,5080.763556184669,1656600
2023-10-05,5198.46142578125,5208.818802286158,5088.296602956326,5134.434007387277,1487000
2023-10-06,5183.39599609375,5220.117602605586,5176.804938514702,5201.286009522593,1280100
2023-10-10,5186.22119140625,5209.760684831296,5113.719551657106,5140.083784293159,1739100
2023-10-11,5145.7333984375,5196.578705576681,5125.018643677093,5186.221328196478,1164200
2023-10-12,5099.595703125,5131.609413225859,5090.179906036512,5124.076775555069,1315500
2023-10-13,5068.5244140625,5095.830230151635,5061.933355006502,5092.063910691065,1442300
2023-10-16,5006.3798828125,5053.458873623225,5000.730403915213,5045.92623509351,811000
2023-10-17,5069.4658203125,5072.290559811188,5010.146290840046,5010.146290840046,840400
2023-10-18,5128.78515625,5146.675172399945,5071.348788610703,5094.888283544841,1301400
2023-10-19,5193.75390625,5229.533936786167,5119.369105924809,5123.135424928617,1281600
2023-10-20,5125.9599609375,5189.9873814635375,5122.193642083027,5189.9873814635375,869700
2023-10-23,5166.44775390625,5186.22092737664,5119.36876945294,5128.784566343602,941300
2023-10-24,5159.857421875,5173.9811191976505,5109.012111513458,5159.857421875,1071600
2023-10-25,5177.7470703125,5220.118159267594,5172.097591785154,5197.520245158211,969700
2023-10-26,5185.27978515625,5208.819279368871,5141.025536036522,5159.857131406619,1100600
2023-10-27,5209.7607421875,5213.527061176973,5116.544347198062,5119.369086440166,970600
2023-10-30,5115.603515625,5145.734071947474,5083.589799532372,5143.8509121773195,1055300
2023-10-31,5173.0390625,5178.688540908264,5083.588987702494,5131.6095541727345,1230400
2023-11-01,5271.9052734375,5271.9052734375,5224.826283676493,5234.242081628695,1460300
2023-11-02,5233.30029296875,5244.5992500604425,5180.571826540853,5220.118176361776,1159400
2023-11-06,5143.85009765625,5252.131767293898,5133.492720560475,5252.131767293898,2269500
2023-11-07,5117.486328125,5168.331638468836,5089.238933489535,5145.733722760464,1749800
2023-11-08,5058.1669921875,5060.0501519016425,4933.878451054076,4991.314822335431,3508300
2023-11-09,5308.626953125,5429.149168449583,5287.912197366088,5429.149168449583,3749700
2023-11-10,5386.77783203125,5397.135209439455,5311.451450880664,5357.5888593353975,2108900
2023-11-13,5306.7431640625,5374.536902141368,5293.561048324942,5364.17952549043,1082300
2023-11-14,5333.107421875,5366.062711381643,5316.158987271584,5350.055856478416,983000
2023-11-15,5335.9326171875,5376.420547757301,5306.743643986016,5374.537388195915,1545600
2023-11-16,5260.60595703125,5354.763930130073,5254.014898914332,5331.2244368553675,1231300
2023-11-17,5265.31396484375,5284.145559853921,5214.468658316289,5255.898167338665,1211800
2023-11-20,5196.5791015625,5230.475975571605,5182.455404058706,5216.352278067811,1307800
2023-11-21,5188.1044921875,5237.066639845168,5162.681838596019,5180.57185408632,1167600
2023-11-22,5194.69580078125,5250.249009453734,5189.9879017412095,5229.534253677553,831100
2023-11-24,5217.29345703125,5238.9497915397715,5201.286601090169,5207.877659418849,991200
2023-11-27,5343.46484375,5430.09017689978,5302.97691629956,5348.172742290749,2184600
2023-11-28,5344.40625,5363.237843551798,5299.210425475688,5354.7636264534885,957700
2023-11-29,5414.0830078125,5486.58464113451,5346.289272758152,5371.711923403533,1955300
2023-11-30,5363.23876953125,5390.544584895788,5318.04293720374,5367.005088891876,2076300
2023-12-01,5381.12841796875,5399.960013482202,5350.997865147228,5398.0768539308565,960700
2023-12-04,5323.69189453125,5366.062983185991,5309.5681983130025,5366.062983185991,1007700
2023-12-05,5360.41357421875,5373.595690860075,5329.3414421356265,5351.939356377899,1042600
2023-12-06,5396.19287109375,5407.491826677963,5358.52968581304,5360.412845077075,1123400
2023-12-07,5359.47216796875,5406.551157497639,5344.406891319505,5396.193779801284,957500
2023-12-08,5431.0322265625,5450.805402144645,5314.276332648882,5339.698986968782,2556600
2023-12-11,5486.58447265625,5523.3060780164,5430.0896951790955,5450.804446920719,1774000
2023-12-12,5476.2275390625,5530.839161701018,5466.811742055859,5525.189683497034,951100
2023-12-13,5451.74609375,5540.254579555268,5427.265023208118,5525.189305375648,1409100
2023-12-14,5578.85986328125,5608.048834717827,5513.890862341772,5545.904572949631,2432000
2023-12-15,5471.51953125,5573.210136890165,5457.395836022199,5508.2411388422815,2205800
2023-12-18,5479.99462890625,5527.07362056352,5469.637250741651,5493.176746570286,1361300
2023-12-19,5485.64404296875,5526.131975314725,5442.331371156775,5524.248815670727,1418800
2023-12-20,5510.125,5551.554511278196,5475.2865473342445,5486.58550495557,1187500
2023-12-21,5442.3310546875,5502.592159791307,5423.499459342561,5496.0011014205775,1121500
2023-12-22,5451.74609375,5471.519266110751,5415.024487937177,5424.440284299439,879400
2023-12-25,5474.34521484375,5539.314224101441,5474.34521484375,5489.41049235278,765000
2023-12-26,5506.3583984375,5508.24155794449,5449.8636132278125,5463.04572977674,753700
2023-12-27,5512.00830078125,5532.72305695091,5475.286687571399,5519.540939388399,1349200
2023-12-28,5524.40771484375,5529.17671321637,5427.120148042289,5445.2423418582475,919600
2023-12-29,5532.03759765625,5532.03759765625,5494.839413809941,5518.684403455011,940200
2024-01-04,5574.0048828125,5574.0048828125,5487.209118894646,5544.43709510422,1693000
2024-01-05,5574.958984375,5618.833768512083,5565.420987823461,5617.879968856929,1333400
2024-01-09,5655.07763671875,5680.8302250458555,5615.018054876587,5670.338429801479,1236500
2024-01-10,5686.55322265625,5698.952617472509,5613.110653359951,5629.325246581212,1244300
2024-01-11,5675.1083984375,5713.2603876706935,5634.095010011817,5713.2603876706935,1459800
2024-01-12,5722.7978515625,5722.7978515625,5650.309078776042,5722.7978515625,2028800
2024-01-15,5670.3388671875,5690.368659653595,5638.863479026492,5690.368659653595,228600
2024-01-16,5631.23291015625,5710.398277965019,5631.23291015625,5690.368486109787,970700
2024-01-17,5615.0185546875,5676.061732452066,5605.480558161787,5646.493943222355,1230900
2024-01-18,5482.43994140625,5574.004700344141,5455.733553382698,5570.189502055063,1902400
2024-01-19,5492.93212890625,5535.85311272302,5453.82634365097,5528.222715600039,1445000
2024-01-22,5491.02490234375,5498.655299984665,5435.704519447113,5474.8103073568045,1747300
2024-01-23,5576.8662109375,5576.8662109375,5517.730636270469,5517.730636270469,1692200
2024-01-24,5570.18994140625,5615.0185248388,5536.806953743712,5597.850131183781,1335500
2024-01-25,5531.08349609375,5584.496269982567,5518.684102155275,5524.406899357648,1204700
2024-01-26,5579.7275390625,5588.311735276442,5535.852758413462,5588.311735276442,1202300
2024-01-29,5621.69482421875,5622.648623815666,5549.206054853188,5590.219437520545,1520600
2024-01-30,5542.529296875,5661.754243030459,5538.714098598026,5627.417458537688,1480200
2024-01-31,5592.12744140625,5592.12744140625,5518.68486712887,5530.130463120149,1265100
2024-02-01,5560.65185546875,5567.328452893841,5497.701079746463,5532.037866504074,1466700
2024-02-02,5532.99169921875,5584.496879663124,5514.869506099433,5579.727881473829,1050300
2024-02-05,5513.91552734375,5553.021311225621,5499.6085332406265,5512.961727736875,1252500
2024-02-06,5560.65185546875,5560.65185546875,5500.56247864293,5520.592270918203,1716300
2024-02-07,5482.43994140625,5519.638124724768,5414.720171775101,5509.146329429802,1853700
2024-02-08,5312.66357421875,5507.238685375056,5299.3103803158665,5503.423487117089,4284200
2024-02-09,5366.07666015625,5370.845658254505,5238.267511123023,5286.911291725221,2102000
2024-02-13,5415.6748046875,5434.750799068223,5333.648028850387,5370.846217892799,1666900
2024-02-14,5272.6044921875,5394.690848012391,5261.158896328916,5389.921849737982,1828300
2024-02-15,5209.65380859375,5292.634380059817,5205.838609905655,5264.974189571128,1601000
2024-02-16,5316.47900390625,5330.785997996418,5223.006642517156,5226.8218409412,1565400
2024-02-19,5389.921875,5394.690873296761,5325.063498164041,5330.786296120155,860600
2024-02-20,5380.3837890625,5416.628175516032,5359.4001969051915,5410.905377654948,838900
2024-02-21,5389.921875,5402.3212705715805,5339.370493054326,5391.829474318704,1029200
2024-02-22,5414.720703125,5440.473294103399,5346.047127182601,5346.047127182601,1473000
2024-02-26,5421.39697265625,5462.410355806183,5395.644383236525,5424.258371480664,1362900
2024-02-27,5409.95166015625,5422.3510557102045,5383.245269732348,5401.367463234282,1152300
2024-02-28,5468.1328125,5499.608197605966,5405.182042288069,5412.812438677394,1398700
2024-02-29,5432.84326171875,5470.995250916213,5399.46027117097,5455.734455237228,1793100
2024-03-01,5442.380859375,5488.1632430500795,5430.93526345623,5438.56566073541,1136300
2024-03-04,5400.4140625,5432.843253267397,5371.8000706464145,5408.044460327623,1817100
2024-03-05,5480.53271484375,5530.130295973558,5467.179519924186,5493.885909763313,1752000
2024-03-06,5417.58203125,5486.255606294014,5406.13643540933,5454.780217732174,1479900
2024-03-07,5448.103515625,5491.978298839067,5428.073723288144,5455.733912705708,1968600
2024-03-08,5379.4296875,5452.872255928635,5377.522088320035,5436.657662898936,2172900
2024-03-11,5367.984375,5393.736965285181,5345.093183635395,5357.492578957889,1621100
2024-03-12,5378.47607421875,5387.060270825944,5285.003711162634,5360.35388138134,1362700
2024-03-13,5372.75341796875,5394.690809875954,5344.139428524571,5363.215421487357,1200700
2024-03-14,5360.35400390625,5360.35400390625,5277.373434806634,5298.357026992743,1480000
2024-03-15,5395.64404296875,5409.951036188571,5337.462270541475,5349.861664665321,1361900
2024-03-18,5440.47265625,5462.410045992943,5401.3668745343175,5411.858669628769,994700
2024-03-19,5413.7666015625,5433.796393428746,5377.522216280721,5402.321006210359,1565000
2024-03-21,5388.9677734375,5426.165958068307,5365.1227832895465,5392.782971861173,1722000
2024-03-22,5419.4892578125,5440.47284874384,5375.614476774243,5375.614476774243,1498300
2024-03-25,5321.248046875,5422.350805966011,5321.248046875,5412.812809825349,1433000
2024-03-26,5306.94140625,5332.693997545605,5275.466016888704,5322.20220109184,1432800
2024-03-27,5448.103515625,5452.872513800442,5325.0633626985955,5325.0633626985955,2140200
2024-03-28,5394.69091796875,5458.595495674533,5391.829518966999,5408.997912977507,1519500
2024-03-29,5367.984375,5408.997759528252,5362.261577158849,5388.9679670842215,450700
2024-04-01,5496.7470703125,5539.668052121291,5398.505711950156,5418.535503460926,1541900
2024-04-02,5532.03759765625,5550.159789786503,5483.393818780308,5527.2685997272365,1796800
2024-04-03,5532.99169921875,5569.2360854573835,5518.684704650868,5532.037899580891,1538900
2024-04-04,5817.2236328125,5936.448580197573,5751.41146185594,5914.51118987872,5121100
2024-04-05,5861.0986328125,5861.0986328125,5788.609862089351,5836.299842828264,2714100
2024-04-08,5871.59033203125,6008.937474300987,5855.375738846628,5914.5113139905425,3084300
2024-04-09,5872.54443359375,5878.267231482586,5795.286662094465,5865.867836056775,1956900
2024-04-10,5862.052734375,5940.264306815408,5850.607138408111,5879.221128325334,1269800
2024-04-11,5825.80810546875,5888.75888067519,5710.3983509236095,5840.11509983385,2675700
2024-04-12,5970.78515625,5978.415552615815,5856.329210762779,5875.405201677316,2220100
2024-04-15,5960.29345703125,6005.122036400824,5903.065483367964,5936.448468004881,1258600
2024-04-16,5967.9248046875,5983.185600096642,5895.436026494076,5907.835422764004,1700200
2024-04-17,5860.14501953125,5961.247781912485,5845.83802485466,5930.7261932690935,1534700
2024-04-18,5889.712890625,5932.633875253036,5876.359695407388,5897.343287892207,1108800
2024-04-19,5983.185546875,6022.291334763072,5924.049965190598,5960.294353964909,2583600
2024-04-22,6152.96142578125,6172.037418420473,5999.399685035508,6022.290876202575,2164900
2024-04-23,6154.86865234375,6209.235228073425,6110.040072356123,6113.855270652943,1626500
2024-04-24,6101.45654296875,6131.024333000332,6045.1823619409,6059.4893571174725,1581200
2024-04-25,6110.994140625,6156.77652219984,6093.825747534435,6114.80933908957,1147000
2024-04-26,6090.0107421875,6100.502538297768,6029.921364465055,6069.980949613352,1147900
2024-04-30,6223.54248046875,6223.54248046875,6116.716923715876,6152.0075094288795,1655900
2024-05-01,6287.447265625,6315.10745535545,6171.083708827936,6195.882499620753,1353100
2024-05-02,6240.7109375,6270.278725832952,6205.420351425188,6247.387534865506,923100
2024-05-07,6271.232421875,6322.737600701045,6207.327848146388,6236.89563599097,1719300
2024-05-08,6275.0478515625,6366.612617294374,6266.463654775137,6323.691633357558,1993500
2024-05-09,6364.705078125,6372.335475341394,6273.140311528267,6275.047910832365,1721700
2024-05-10,6618.41552734375,6674.689704619047,6382.827022479374,6390.457419398059,3820300
2024-05-13,6544.9736328125,6737.641174903453,6521.128639979461,6676.597993250874,2343500
2024-05-14,6559.27978515625,6647.029347499478,6489.65241503608,6547.8341900680025,1443900
2024-05-15,6542.111328125,6561.187319750966,6455.3155662268555,6514.45114026735,1384800
2024-05-16,6655.61376953125,6655.61376953125,6535.435017028965,6544.973013259306,1652600
2024-05-17,6623.1845703125,6673.73595024144,6601.247179022583,6669.920751756237,1009900
2024-05-20,6646.0751953125,6715.702561738707,6633.675801291394,6633.675801291394,1295400
2024-05-21,6645.1220703125,6730.010237996986,6635.584073943456,6676.597458330342,1380600
2024-05-22,6573.58642578125,6649.890388935994,6567.863628544644,6647.982789857126,1326200
2024-05-23,6553.55712890625,6569.771722297519,6474.39176117241,6552.603329294999,1290900
2024-05-24,6570.7255859375,6601.247173794954,6488.698818570593,6496.329215534956,990200
2024-05-27,6633.67626953125,6665.151656575755,6563.095098582967,6647.983263642389,905400
2024-05-28,6652.75244140625,6713.795617929547,6631.768849476366,6676.597432235663,1049900
2024-05-29,6572.6337890625,6678.505556670385,6572.6337890625,6674.690357837669,1149900
2024-05-30,6529.71240234375,6538.296599191704,6482.976219504889,6506.821210749206,1347000
2024-05-31,6569.771484375,6645.12165093505,6562.141087761324,6581.217079295514,3853100
2024-06-03,6669.9208984375,6701.396286632615,6625.092315250518,6665.151900226118,1253700
2024-06-04,6630.81494140625,6662.290328786344,6585.032559762479,6599.339554026157,1187000
2024-06-05,6638.4453125,6675.643497440733,6598.3857287176725,6635.5839136584045,1396400
2024-06-06,6688.9970703125,6690.904669648108,6639.399487586669,6647.983684596909,1164900
2024-06-07,6703.3037109375,6709.980308259151,6632.722539251476,6674.6897224161385,1031300
2024-06-10,6428.609375,6461.992361368694,6346.582608494065,6403.8105851261125,2801900
2024-06-11,6435.2861328125,6473.438118185629,6403.810744879668,6449.593127327423,1506600
2024-06-12,6435.2861328125,6490.606511603536,6430.517134640859,6456.269724767721,1708800
2024-06-13,6382.8271484375,6446.731723892568,6362.797356130688,6433.37852902136,1280400
2024-06-14,6443.87060546875,6474.392195074286,6361.843833403872,6371.381830155602,2224500
2024-06-17,6443.87060546875,6482.02259247567,6372.335629830775,6440.055406768058,1326900
2024-06-18,6455.3154296875,6458.1768283708725,6384.734262164321,6443.869834954012,1208600
2024-06-19,6396.18017578125,6449.592953867106,6377.10418360773,6445.777755432402,977800
2024-06-20,6380.91943359375,6413.348620550729,6317.968658912557,6371.381437429933,1303700
2024-06-21,6420.97900390625,6452.4543911803,6366.612425887436,6371.381423959261,1809100
2024-06-24,6410.4873046875,6440.055093178099,6343.721330676472,6435.286095034454,1205100
2024-06-25,6478.20703125,6512.543817634717,6424.7942524293285,6433.3784490255075,1041400
2024-06-26,6490.6064453125,6548.788222412289,6480.114649442046,6521.128033299275,1331700
2024-06-27,6479.99609375,6518.578982072418,6429.838338930857,6510.862404407934,1319400
2024-06-28,6292.869140625,6458.775561867719,6260.073685263067,6443.342406403281,2501500
2024-07-01,6241.74658203125,6320.841500857793,6203.16369479879,6260.073453466669,1798200
2024-07-02,6242.71142578125,6277.436025801047,6186.766236860466,6234.9948479990735,1427100
2024-07-03,6330.48779296875,6370.999828212493,6221.491126717726,6254.286583819804,1710900
2024-07-04,6322.77099609375,6419.228219527675,6308.3024125786615,6366.1767466390165,1469500
2024-07-05,6386.4326171875,6390.290906036427,6317.947990119034,6322.770851180194,1288100
2024-07-08,6300.58544921875,6414.404965907025,6295.762588342128,6407.652960679755,1467700
2024-07-09,6445.271484375,6455.881778647392,6315.05423648655,6343.991402683983,1757200
2024-07-10,6508.93310546875,6514.720538579718,6417.298747878423,6436.590191581649,1628100
2024-07-11,6532.0830078125,6565.843035171247,6503.145841505002,6557.161885278998,1217400
2024-07-12,6512.79150390625,6571.6304081921335,6505.074926294987,6523.401798121738,1409700
2024-07-16,6481.92529296875,6532.08304821196,6448.165265401204,6481.92529296875,1127300
2024-07-17,6533.04736328125,6553.303379024482,6452.987872486574,6485.7833265470435,877700
2024-07-18,6584.16943359375,6639.150045623466,6530.153393704906,6552.338552944967,1175000
2024-07-19,6585.13427734375,6635.292030737902,6569.701122453242,6585.13427734375,876900
2024-07-22,6651.68994140625,6664.229380100896,6562.949298336444,6579.347025860213,1146600
2024-07-23,6747.1826171875,6751.040906032211,6665.193979237402,6667.123123659758,1265000
2024-07-24,6582.24072265625,6687.379092933145,6558.1264175468705,6650.725349166888,1356600
2024-07-25,6492.53564453125,6578.382572530549,6449.129894419245,6525.331100171432,1655800
2024-07-26,6432.732421875,6490.606757654352,6401.866109459345,6490.606757654352,1198800
2024-07-29,6524.36669921875,6560.055872469947,6462.634075216681,6462.634075216681,986400
2024-07-30,6511.82666015625,6524.366098251648,6456.846046968736,6501.216366383221,3913000
2024-07-31,6370.03466796875,6440.448437012014,6289.010604960062,6415.369560366468,2082500
2024-08-01,6300.58544921875,6379.680367595348,6248.498551751234,6369.0700736667795,1441300
2024-08-02,6210.88037109375,6262.967269686554,6184.836921797349,6220.52609305538,1863600
2024-08-05,5846.27197265625,6244.640282292784,5809.618229880975,6120.21047129251,2506300
2024-08-06,6221.49072265625,6262.967327473958,6071.982030871487,6078.734036306928,2668000
2024-08-07,6191.58935546875,6287.082009494518,6133.715019695557,6171.333337948133,2058200
2024-08-08,6105.7421875,6248.498876875988,6053.655287322275,6102.84847082346,2175500
2024-08-09,6201.23486328125,6458.775648550513,6147.218818430768,6458.775648550513,3440200
2024-08-13,6081.6279296875,6159.758280568497,6045.938757062847,6153.970847169905,2014300
2024-08-14,6087.4150390625,6097.060760880061,5984.205815614601,6070.052739790891,1538100
2024-08-15,6102.84814453125,6112.49386627067,6023.753226268003,6064.265257573568,1202000
2024-08-16,6173.26220703125,6185.801645889283,6109.600440521241,6130.82102935791,1268200
2024-08-19,6114.42333984375,6192.553690139908,6091.2736064226665,6185.801684558759,1137200
2024-08-20,6207.98681640625,6317.948049636566,6199.305666414383,6269.719438570638,2499900
2024-08-21,6269.71923828125,6286.116965519832,6166.510013897236,6192.553463040866,1335300
2024-08-22,6307.33740234375,6350.743149874789,6222.455051616384,6222.455051616384,1387500
2024-08-23,6370.03466796875,6373.8929566834495,6313.124909426933,6315.054053784283,1077500
2024-08-26,6323.7353515625,6380.645111437757,6305.408479738265,6374.857678230104,925500
2024-08-27,6273.57763671875,6326.629108123967,6253.321620364031,6317.947958257659,840900
2024-08-28,6270.68359375,6287.0813204218575,6239.81728472062,6250.427578449469,818900
2024-08-29,6272.61279296875,6355.5659992113015,6246.569344497251,6331.451695071025,928000
2024-08-30,6313.12548828125,6342.062656294762,6230.172273309182,6273.57802532945,2228300
2024-09-02,6311.19580078125,6311.19580078125,6250.42775318088,6290.939784914461,847800
2024-09-03,6328.55810546875,6345.920404797883,6276.471207481353,6289.010645885726,747100
2024-09-04,6405.72412109375,6441.413293278732,6315.054332299471,6328.558343396491,1910100
2024-09-05,6741.39501953125,6741.39501953125,6392.219887599598,6401.865609476164,2813400
2024-09-06,6885.11669921875,6914.053866629308,6738.501717671923,6750.076584636146,3159500
2024-09-09,6934.3095703125,6934.3095703125,6725.9619743759995,6752.9699960714715,2242900
2024-09-10,6768.40283203125,6941.061248296548,6750.075961031023,6920.805232980508,2164200
2024-09-11,6649.7607421875,6740.430528924609,6593.815554626305,6706.670501948026,1595900
2024-09-12,6671.94580078125,6735.607564963925,6626.610908105708,6634.327485582397,1204400
2024-09-13,6598.63818359375,6716.315987774196,6595.744467097509,6716.315987774196,1294400
2024-09-17,6699.91845703125,6711.493323354943,6624.681825927242,6661.335569285605,1275300
2024-09-18,6626.61083984375,6675.8040207508875,6547.515921522471,6668.087443353689,1293600
2024-09-19,6665.19384765625,6766.473927830477,6639.150398468591,6698.953874380993,1096200
2024-09-20,6636.25732421875,6697.025378205055,6607.320155653842,6664.22992049816,1472200
2024-09-24,6645.90283203125,6728.8560458998545,6636.257109488389,6658.4422713369695,1041700
2024-09-25,6689.30810546875,6689.30810546875,6599.602892230308,6654.583506795804,1304200
2024-09-26,6778.048828125,6786.729977897751,6692.201902594456,6724.997357291518,1415200
2024-09-27,7015.33349609375,7015.33349609375,6817.596198321274,6829.171064532346,1986700
2024-09-30,6857.14404296875,6890.904071313652,6776.119974940986,6780.942836133115,2054100
2024-10-01,6800.234375,6844.60469858156,6764.545201684397,6815.667531028369,1341000
2024-10-02,6791.552734375,6809.879605835464,6693.1663717977735,6703.776665801201,1713500
2024-10-03,6792.517578125,6834.958755835522,6769.367844828352,6817.596455863036,1351600
2024-10-04,6843.6396484375,6865.824808679088,6717.280692278894,6718.24526446331,1028100
2024-10-07,6863.89599609375,6905.372602028549,6798.305084382904,6896.691451949173,1209100
2024-10-08,6708.599609375,6834.958566790978,6684.485304524623,6820.489983880751,1311000
2024-10-09,6801.1982421875,6846.533133321072,6744.2884852325915,6800.233670035722,991700
2024-10-10,6793.482421875,6818.561300615416,6765.509826356843,6808.9155780229485,1238700
2024-10-11,6656.5126953125,6799.269379692481,6641.079540244394,6797.340235308968,1688800
2024-10-15,6716.31640625,6755.86386749605,6674.8398005529225,6688.3438117101105,1177000
2024-10-16,6607.31982421875,6753.9348042598085,6578.382657105383,6716.316487012432,1442500
2024-10-17,6614.07177734375,6652.654666521779,6572.595171477367,6609.248916196496,926300
2024-10-18,6625.64697265625,6643.009273647342,6544.622901364486,6618.894966715269,756500
2024-10-21,6624.68212890625,6663.265018416479,6560.055788976617,6609.248973102159,592100
2024-10-22,6636.25732421875,6657.477914499682,6577.418414803438,6631.434462791265,838900
2024-10-23,6531.11865234375,6626.611304327509,6528.22493561697,6588.9929868793615,710300
2024-10-24,6507.00390625,6536.905643737956,6474.2084522309515,6510.862194958123,875800
2024-10-25,6493.5,6520.508021390375,6422.121657754011,6505.07486631016,941500
2024-10-28,6493.5,6561.98462566845,6453.952540106952,6478.0668449197865,979200
2024-10-29,6565.8427734375,6588.027933388883,6441.412963275397,6502.1810100987495,970300
2024-10-30,6537.87060546875,6587.063789428459,6511.827155137139,6545.587183344783,2222100
2024-10-31,6539.79931640625,6569.701053693653,6493.499852219303,6532.082739041759,1488000
2024-11-01,6302.51513671875,6418.263807732868,6302.51513671875,6356.531183192005,1545200
2024-11-05,6346.88525390625,6346.88525390625,6249.46345897547,6299.621214781416,1574900
2024-11-06,6280.32958984375,6433.696569537369,6280.32958984375,6298.656461631038,1257000
2024-11-07,6244.64013671875,6315.053904092934,6183.872090902673,6258.1441469001,1983800
2024-11-08,6081.6279296875,6150.11255823751,5971.666695114245,6051.72619046144,3696200
2024-11-11,6183.87255859375,6221.490875515471,6149.147958358315,6159.758252874698,1775000
2024-11-12,6125.998046875,6204.128395134624,6119.246041469847,6183.872378919166,1478000
2024-11-13,6114.42333984375,6149.147939975376,6073.911306356854,6125.998206554292,1415200
2024-11-14,6080.6630859375,6152.041427999584,6070.052791847191,6120.210545728654,1307600
2024-11-15,6057.51318359375,6128.891523655205,6033.398879518934,6112.493796884331,1288500
2024-11-18,6104.77734375,6121.1750708544005,6009.284697671433,6023.7532804106095,1092500
2024-11-19,6091.2734375,6149.1477694477435,6091.2734375,6146.254052850356,942800
2024-11-20,6021.82421875,6090.308844656015,6021.82421875,6064.265395367812,1297600
2024-11-21,5978.41845703125,6044.009366208101,5962.985301930814,6033.399072076551,1203800
2024-11-22,5988.064453125,5991.922742076756,5903.182096186372,5919.579824231335,1587600
2024-11-25,6078.734375,6143.360716340051,6064.265791117899,6076.805230482387,3610500
2024-11-26,6329.52294921875,6333.381238124095,6076.805025918641,6109.600481614075,2757600
2024-11-27,6263.93212890625,6345.92076933696,6233.065817214689,6315.0544576453985,1877400
2024-11-28,6305.408203125,6320.841357668369,6247.533873587368,6271.648177561382,897700
2024-11-29,6283.22314453125,6290.939721927051,6207.986514922187,6218.596808841414,1081900
2024-12-02,6298.65625,6321.805982006125,6261.037935490046,6283.22309532925,1031700
2024-12-03,6402.830078125,6419.227805049996,6322.770587844137,6346.884892145601,1466000
2024-12-04,6425.97998046875,6459.740007385052,6367.141076414623,6397.042814540491,1099800
2024-12-05,6414.4052734375,6462.633884515978,6386.432679011983,6462.633884515978,1097500
2024-12-06,6377.75146484375,6427.9092198606695,6359.424592818336,6390.29090359798,976700
2024-12-09,6402.830078125,6423.086093738231,6352.672325177953,6367.140907758832,989100
2024-12-10,6338.2041015625,6438.5196131379835,6320.841801482128,6433.696752004546,875400
2024-12-11,6433.69677734375,6492.5356834034155,6333.381265373173,6472.279666563203,1970900
2024-12-12,6502.18115234375,6516.649735237261,6429.838237876196,6491.570858221842,1479700
2024-12-13,6357.49560546875,6424.051089731736,6308.302421448282,6381.609911361136,2311500
2024-12-16,6337.2392578125,6370.9992843000855,6313.12495317851,6337.2392578125,841800
2024-12-17,6297.69189453125,6339.168499136066,6283.22331152957,6305.408472132146,1143300
2024-12-18,6295.7626953125,6326.629005447324,6286.116973395367,6297.691839695926,726100
2024-12-19,6283.22314453125,6293.833438450477,6231.136247109591,6240.781968854342,957800
2024-12-20,6254.2861328125,6298.656453927456,6222.45525027351,6293.8335929367,1518900
2024-12-23,6228.24267578125,6264.896419265792,6227.278103584288,6254.286125099214,596900
2024-12-24,6192.5537109375,6247.534327997226,6192.5537109375,6231.13660010222,642500
2024-12-25,6162.65185546875,6190.6244495849805,6111.529528290813,6173.262149788699,851500
2024-12-26,6209.916015625,6222.455454612748,6160.722831903833,6163.616548593313,863500
2024-12-27,6275.31396484375,6289.955388000175,6227.485315866095,6234.31798000576,1025400
2024-12-30,6235.294921875,6296.788907485226,6209.916451623161,6292.884527446482,809500
2025-01-06,6150.37451171875,6227.486015674595,6137.685276890573,6208.940210925721,1167300
2025-01-07,6057.64501953125,6104.497575273676,5995.174945208015,6100.593195628475,1626400
2025-01-08,5964.916015625,6085.951784883305,5957.107256318013,6071.310361182704,1362500
2025-01-09,5915.13525390625,5970.772664710319,5880.971931482699,5956.131240814511,1506800
2025-01-10,5879.02001953125,5939.537907827936,5876.091734613668,5915.135533514756,1471800
2025-01-14,5765.79296875,5871.211225161885,5718.940410344718,5866.330750328,1800700
2025-01-15,5736.509765625,5805.812503988004,5712.107392961971,5778.481846605411,1418900
2025-01-16,5691.609375,5769.696967179729,5686.728900488767,5756.0316385482765,1080900
2025-01-17,5707.22705078125,5714.059715285349,5670.135443473282,5672.087633331596,1805000
2025-01-20,5762.8642578125,5827.286520857152,5735.533600763254,5737.485790552486,1081000
2025-01-21,5836.07177734375,5856.569771544155,5756.03199046598,5795.0757889429415,975600
2025-01-22,5839.97607421875,5932.705094284065,5793.123516712065,5922.944144803506,1318000
2025-01-23,5844.8564453125,5873.16319830416,5809.717027805611,5856.569584481463,1053500
2025-01-24,5851.689453125,5897.56591756151,5840.9524082568805,5886.828872693391,1065900
2025-01-27,5936.60986328125,5960.036143570423,5883.900732630611,5897.566062799295,993200
2025-01-28,6000.0556640625,6046.908221712573,5934.657302342606,5985.414239796852,1398400
2025-01-29,6010.79296875,6039.099723555741,5995.175448857178,6015.673443716507,818700
2025-01-30,6039.09912109375,6057.644924116343,5952.226675356343,6001.031420152639,914500
2025-01-31,6034.21875,6064.477692292139,6008.84028227111,6055.692838078292,1153400
2025-02-03,5910.2548828125,5961.9879148173,5882.92422439487,5953.203060325919,1267500
2025-02-04,6030.314453125,6112.306426913038,6014.696934308231,6073.262629871115,1377000
2025-02-05,5990.29443359375,6031.29041961476,5969.796440583245,6001.0314775516335,860100
2025-02-06,6017.62548828125,6053.741002160635,5994.199209008136,5999.079683856701,1194100
2025-02-07,6243.10302734375,6328.99937918963,6210.891895401545,6237.246457899713,3007400
2025-02-10,6359.2587890625,6405.13525308183,6234.31863173326,6287.027760606534,2050700
2025-02-12,6396.35009765625,6447.107034185798,6337.784401660619,6437.346084853192,1973000
2025-02-13,6488.10302734375,6520.314160170942,6422.7046667552095,6447.107040109142,1546800
2025-02-14,6481.2705078125,6528.123065700301,6424.65700036474,6518.362116140343,1538400
2025-02-17,6348.521484375,6425.632984569592,6329.975680530731,6422.704699752076,1011000
2025-02-18,6301.6689453125,6385.613110321309,6288.979711066982,6356.330262062423,866800
2025-02-19,6239.19873046875,6306.549279968491,6172.824275889295,6305.573185048204,1001800
2025-02-20,6296.78857421875,6375.8522658187685,6248.959921275529,6256.768680939728,1154800
2025-02-21,6369.99560546875,6425.633017284827,6351.449801530058,6375.8521751336,1259000
2025-02-25,6390.49365234375,6408.063361484148,6339.736714827043,6385.613177582528,962100
2025-02-26,6446.130859375,6573.023199126476,6373.899835208775,6461.748378113643,1887200
2025-02-27,6418.80029296875,6418.80029296875,6356.3302171247715,6395.374014527258,1017700
2025-02-28,6321.19091796875,6394.398039470859,6306.549493668329,6385.613184890606,1505800
2025-03-03,6397.326171875,6424.656829917798,6331.927811558304,6369.019418902102,848700
2025-03-04,6365.11474609375,6463.700329494374,6314.357812065706,6398.30197218901,1084200
2025-03-05,6361.2109375,6421.728825811339,6314.35837880735,6371.947982200399,1190100
2025-03-06,6284.09912109375,6366.09109471473,6251.887988599793,6361.2106200944345,1289700
2025-03-07,6235.294921875,6351.45022802765,6214.796926671592,6231.390541836256,1647700
2025-03-10,6208.93994140625,6257.744688626862,6189.418042518006,6236.270599849793,1186100
2025-03-11,6216.74853515625,6325.095071096325,6188.441782523257,6203.083206298943,2297300
2025-03-12,6321.19091796875,6344.617196849425,6139.63725664352,6165.99182038428,1444700
2025-03-13,6314.3583984375,6363.163147227402,6281.171169260367,6327.047633122875,1117100
2025-03-14,6305.5732421875,6305.5732421875,6147.4458636682475,6216.748603636562,1841400
2025-03-17,6345.59326171875,6366.091255642161,6276.290520358647,6280.194900153582,936900
2025-03-18,6322.1669921875,6345.593270991345,6299.716808333816,6338.760606340224,920600
2025-03-19,6322.1669921875,6338.760606340224,6257.744725476929,6285.075384081413,956000
2025-03-21,6331.92822265625,6435.394291964337,6218.701203413437,6322.167272721525,2402500
2025-03-24,6351.44970703125,6389.517409286394,6315.334194635345,6343.640947594297,1029700
2025-03-25,6401.23046875,6414.895797594541,6328.023349939959,6391.469519575328,968800
2025-03-26,6411.9677734375,6536.907927951125,6391.469779337609,6489.079275051378,1633100
2025-03-27,6482.24658203125,6482.24658203125,6369.019567497953,6394.398036272658,1640800
2025-03-28,6468.5810546875,6502.744376992323,6408.063169461813,6491.031237916384,1325600
2025-03-31,6318.2626953125,6405.135147016936,6274.338421978797,6393.422007461281,1820000
2025-04-01,6422.70458984375,6457.844007052622,6360.234514805757,6381.708603100066,1217200
2025-04-02,6251.88818359375,6424.656990540837,6227.485809731167,6423.680895586334,1283800
2025-04-03,6307.52587890625,6329.976063866765,6156.231154172349,6158.183344168916,1729400
2025-04-04,6320.21435546875,6379.756143219111,6249.9355240257,6307.525122013754,1914800
2025-04-07,5954.17919921875,6100.59344182249,5946.370439613217,6012.744896260246,2493500
2025-04-08,6076.19091796875,6093.760626647214,5956.131241999247,6051.788544804217,1917500
2025-04-09,5973.701171875,6083.023807700163,5916.1115690742445,6076.191142961091,2065600
2025-04-10,6083.99951171875,6126.947687318882,5906.3502399182025,5916.111188918232,3440000
2025-04-11,5624.2587890625,5775.553497897052,5622.306599271086,5693.561526657682,4626800
2025-04-14,5800.93212890625,5866.330488764355,5672.08759903655,5679.896358422593,2206000
2025-04-15,5885.8525390625,5992.246888441905,5815.573702775187,5815.573702775187,1958200
2025-04-16,5879.02001953125,5988.342656454295,5839.000125657635,5884.876589366413,1481000
2025-04-17,5817.52587890625,5868.282816104761,5781.410365899617,5862.42624642801,1636800
2025-04-18,5879.99560546875,5889.75655434901,5798.003634874564,5856.569328156126,1698600
2025-04-21,5832.16748046875,5879.020039307662,5821.430435734833,5862.426424718881,827000
2025-04-22,5885.8525390625,5910.254912773373,5830.21512700171,5840.952171434494,1280200
2025-04-23,5946.37060546875,5986.390499563336,5919.039946087081,5970.772979916668,1531100
2025-04-24,5904.3984375,5968.820705126881,5877.067778506778,5905.374532464044,1225400
2025-04-25,5919.0400390625,5925.8727040152435,5843.88072458232,5921.968324042247,1732500
2025-04-28,5898.5419921875,5932.705316649946,5865.354762709695,5873.163522586826,1443100
2025-04-30,5961.01171875,5985.414091923203,5903.422118061241,5908.302592695882,1827300
2025-05-01,5878.0439453125,5899.518034783918,5821.430436706037,5884.876610144314,1560600
2025-05-02,5892.68505859375,5961.011703301645,5856.569546391005,5870.234875332584,1317100
2025-05-07,5897.5654296875,5969.796452825017,5897.5654296875,5955.15502921606,1718700
2025-05-08,5899.517578125,5927.824330237116,5851.68892800453,5882.923964817898,1431000
2025-05-09,6277.2666015625,6415.872083979212,6234.318423912251,6364.139051809594,4433500
2025-05-12,6319.23876953125,6374.876182237966,6234.318508031525,6241.151172749894,2091400
2025-05-13,6254.81640625,6360.2346602879215,6227.485747795724,6359.258565343126,1879800
2025-05-14,6082.04736328125,6191.3699928250635,6059.597180428503,6149.397911839493,1731100
2025-05-15,6125.9716796875,6150.374052535204,6022.505618813238,6075.214744164277,1520900
2025-05-16,6175.75244140625,6317.286202114944,6128.899886137166,6286.051165268887,1670500
2025-05-19,6128.89990234375,6152.326180040238,6082.047346950773,6118.162858399526,1274000
2025-05-20,6103.521484375,6142.565280852691,6086.927870871981,6100.593199639174,1556600
2025-05-21,6160.13525390625,6181.609342891505,6081.071562642361,6081.071562642361,1254200
2025-05-22,6120.115234375,6241.151006155303,6120.115234375,6137.684943181818,1656200
2025-05-23,6189.41796875,6203.083297808902,6120.115228522709,6125.971798119382,1122800
2025-05-26,6278.24267578125,6288.979720158363,6165.0156623498715,6188.441940990846,996500
2025-05-27,6328.99951171875,6359.258454479897,6289.955714607592,6295.812284174265,1292700
2025-05-28,6468.5810546875,6472.48543437948,6394.397840539884,6403.182694846839,1801300
2025-05-29,6460.7724609375,6567.166810271567,6449.059321561273,6533.003487090903,1653800
2025-05-30,6448.0830078125,6503.720417961654,6433.441584089039,6460.772241706167,2264100
2025-06-02,6445.15478515625,6447.106975004851,6388.541279546821,6410.991462805732,999000
2025-06-03,6595.4736328125,6617.923816851969,6377.804457125481,6451.98767395155,1805400
2025-06-04,6609.138671875,6617.9235261132035,6533.979363392594,6583.7602040757465,1879200
2025-06-05,6494.935546875,6674.537010750113,6483.222407926623,6586.688468637286,1213600
2025-06-06,6516.41015625,6568.143190743896,6485.1751165555725,6539.836436020821,1177100
2025-06-09,6593.521484375,6631.589187985752,6578.8800599093265,6582.78443976684,1156500
2025-06-10,6617.923828125,6659.895911400719,6585.712694448285,6617.923828125,845100
2025-06-11,6588.64111328125,6632.565387369792,6555.453883969908,6608.163012876158,807900
2025-06-12,6549.59716796875,6619.876004942483,6536.907933515159,6600.354105783113,837900
2025-06-13,6532.02734375,6619.8758884208755,6485.1747865922,6610.114939013,1412000
2025-06-16,6526.1708984375,6547.644987543935,6494.93585973723,6520.314328681199,788100
2025-06-17,6473.4619140625,6504.696953454841,6451.987824480267,6483.2228638726065,807900
2025-06-18,6527.14697265625,6527.14697265625,6441.250616503454,6444.178901372299,805100
2025-06-19,6424.65673828125,6527.146704479903,6410.015314538585,6527.146704479903,1037600
2025-06-20,6391.4697265625,6466.629037641503,6383.6609669698755,6405.1350558495915,1786800
2025-06-23,6355.35400390625,6398.30218024965,6296.788308892523,6391.469515831382,907800
2025-06-24,6397.326171875,6410.991500896399,6332.903906488404,6391.469602294401,833000
2025-06-25,6391.4697265625,6422.704764932994,6357.306403344771,6382.684872020798,966500
2025-06-26,6310.45361328125,6341.688650500894,6280.19467097472,6322.166752238616,1707200
2025-06-27,6340.08935546875,6388.49452505709,6290.696325276565,6337.125773657219,1319500
2025-06-30,6378.6162109375,6430.972825337328,6373.676907692233,6413.191333654368,1209300
2025-07-01,6334.162109375,6469.4990103395,6324.283503465183,6424.05742315434,813700
2025-07-02,6322.30810546875,6340.089597015381,6280.817958526611,6302.55089263916,1062800
2025-07-03,6310.45361328125,6371.700971456491,6285.7570978880085,6322.307940670006,1383900
2025-07-04,6274.890625,6305.514304057777,6239.327642868388,6269.951321926164,847900
2025-07-07,6253.15771484375,6337.125867412742,6243.279108659163,6301.562885148228,775800
2025-07-08,6406.27587890625,6423.069508812404,6230.436695182994,6253.157488585438,1813400
2025-07-09,6462.583984375,6498.146965640286,6418.130257793393,6468.511147919215,1315500
2025-07-10,6486.29296875,6509.013763492803,6421.094166444563,6450.729985674307,1736000
2025-07-11,6516.91650390625,6600.884656525931,6484.317103477433,6544.576601239792,1372500
2025-07-14,6433.93603515625,6500.122694814698,6428.008871604748,6451.717525810758,913300
2025-07-15,6563.34619140625,6625.581412667327,6494.195945560609,6498.14738818036,1209400
2025-07-16,6585.0791015625,6644.350740640471,6550.5039787670175,6618.666363706683,1140800
2025-07-17,6589.0302734375,6648.301910080117,6544.576545955538,6644.350467637275,1004500
2025-07-18,6612.73876953125,6667.071101817509,6599.896581899952,6600.884442486975,1070900
2025-07-22,6570.2607421875,6613.726607870291,6504.074083079612,6612.738747286592,1094200
2025-07-23,6634.47216796875,6684.853061442009,6560.382618743369,6613.727094185643,1397900
2025-07-24,6765.857421875,6790.553937504563,6670.034941232297,6684.852850610035,1737400
2025-07-25,6645.33837890625,6733.257973929686,6622.61758468671,6707.573597855424,1050300
2025-07-28,6654.22900390625,6711.524918726108,6591.99378608468,6623.605325295636,1012400
2025-07-29,6657.19287109375,6684.852969089095,6610.76342088728,6672.010780734113,762800
2025-07-30,6653.2412109375,6696.707077794404,6604.836041028675,6677.937726197104,772700
2025-07-31,6727.3310546875,6735.233939920613,6668.059415439152,6668.059415439152,968300
2025-08-01,6753.01513671875,6776.723791382478,6713.500712279201,6756.966579162705,943600
2025-08-04,6774.748046875,6774.748046875,6723.379295280147,6747.087949862386,888400
2025-08-05,6736.2216796875,6788.578293417289,6727.3309339598,6774.748244507534,832600
2025-08-06,6764.86962890625,6764.86962890625,6680.901474925959,6708.561572707702,1202700
2025-08-07,6727.3310546875,6754.003292349256,6468.511563303046,6468.511563303046,3405500
2025-08-08,6803.39599609375,6889.339868848238,6667.071232414219,6786.602365785402,2675300
2025-08-12,6657.19287109375,6760.918238576291,6653.241428522986,6727.330976724801,2807900
2025-08-13,6591.005859375,6665.095403657542,6549.515714576776,6643.362470667997,2595500
2025-08-14,6591.994140625,6627.5571241500265,6576.188370169433,6615.702796308351,1614700
2025-08-15,6547.5400390625,6566.309390411653,6501.110590988279,6534.69785129729,1896800
2025-08-18,6646.326171875,6654.229056740487,6571.248765652868,6578.16378991017,1434600
2025-08-19,6710.537109375,6721.403576061754,6608.78746676266,6641.386866822924,1290500
2025-08-20,6761.90576171875,6789.5658583335235,6721.403477389975,6727.330640950283,1398500
2025-08-21,6762.89404296875,6835.007870771367,6742.148969217313,6801.420608507135,1087900
2025-08-22,6673.986328125,6748.07587439637,6649.2898127012095,6738.197268226853,837400
2025-08-25,6652.25341796875,6672.01063037733,6612.738993151591,6668.059187895614,971300
2025-08-26,6569.27294921875,6641.386772571076,6541.6128525904605,6638.423190789474,2882400
2025-08-27,6604.8359375,6641.386779511292,6562.357931919309,6583.103004412204,1055300
2025-08-28,6655.216796875,6670.034705729553,6604.835906769519,6643.362469791357,894400
2025-08-29,6622.61767578125,6646.326330945145,6584.091111139922,6639.411306522343,950400
2025-09-01,6662.1318359375,6693.7433748980575,6618.665969866734,6624.593133421838,752700
2025-09-02,6729.306640625,6754.991017115935,6656.204953689262,6668.059281300462,890300
2025-09-03,6785.61474609375,6801.4205163568895,6730.2945501727645,6737.209574662888,1151000
2025-09-04,6869.58251953125,6875.509683051122,6782.650787906466,6816.238047852405,1189400
2025-09-05,6850.8134765625,6880.449295494998,6829.080542678668,6877.485713601748,803400
2025-09-08,6804.3837890625,6921.939200052401,6798.456625483177,6865.631146048835,1215100
2025-09-09,6776.7236328125,6829.080243969797,6770.796469285258,6816.238056327442,771900
2025-09-10,6661.14404296875,6776.723733466651,6650.277576340742,6757.9543820182735,1682400
2025-09-11,6658.1806640625,6700.658671266459,6622.617681287092,6665.095688491051,1114800
2025-09-12,6664.10791015625,6713.500942398737,6637.435672745308,6713.500942398737,1548000
2025-09-16,6680.9013671875,6732.270119382347,6623.605451277863,6667.071318519656,995200
2025-09-17,6638.42333984375,6675.962043253581,6632.4961761474615,6668.059158325195,1265700
2025-09-18,6673.986328125,6682.877073677564,6591.006036301065,6638.423345914743,1179100
2025-09-19,6583.10302734375,6670.0347599977495,6573.224421360342,6656.204711620977,2617400
2025-09-22,6466.53564453125,6554.455240064902,6447.766292675751,6549.515936945033,2743800
2025-09-24,6469.4990234375,6485.304792925209,6410.227387858595,6455.668975135756,1492800
2025-09-25,6436.89990234375,6513.953031929817,6436.89990234375,6482.341491586815,1448400
2025-09-26,6438.87548828125,6443.814791356029,6392.446039378333,6408.251809217623,1931400
2025-09-29,6339.1015625,6447.766230082203,6328.235095741779,6431.960460252065,1491600
2025-09-30,6372.68896484375,6416.154832841444,6337.125981936545,6349.968170208592,1352900
2025-10-01,6361.822265625,6393.433804833075,6355.895102023486,6367.749429226515,1244300
2025-10-02,6263.0361328125,6365.773634044755,6243.2789210370665,6351.9435858019515,1821300
2025-10-03,6232.41259765625,6282.793488840347,6230.436876433344,6251.181949273854,1623400
2025-10-06,6263.0361328125,6340.089258736692,6208.7038004300575,6308.477719895997,2487400
2025-10-07,6240.3154296875,6240.3154296875,6201.788866167188,6225.4975206412255,2173100
2025-10-08,6254.1455078125,6319.344307925535,6225.497550187076,6289.708489692337,1648100
2025-10-09,6201.7890625,6241.303487874323,6160.298915856961,6231.424881530742,1726400
2025-10-10,6145.48095703125,6187.958963967811,6109.917974479711,6179.068218329926,2284700
2025-10-14,6153.3837890625,6153.3837890625,6031.876933057573,6062.500612213286,2174700
2025-10-15,6134.6142578125,6167.213657250151,6117.820627799165,6153.383609003875,1305700
2025-10-16,6134.6142578125,6158.322911948973,6107.942021908968,6123.747791333283,1321200
2025-10-17,6220.55810546875,6228.460990150939,6149.432143329041,6165.23791269342,1332900
2025-10-20,6293.66015625,6294.648016892952,6245.25498474533,6280.817967891618,1444600
2025-10-21,6349.96826171875,6373.676917331888,6314.405278299043,6320.332442202328,1488200
2025-10-22,6379.60400390625,6399.361216677716,6347.9924634719055,6350.956045387625,1279100
2025-10-23,6397.38525390625,6456.656889983207,6367.749435867771,6435.911817356272,1011600
2025-10-24,6405.2880859375,6416.154552462071,6367.749383398076,6371.7008257706475,872700
2025-10-27,6453.693359375,6480.365595821215,6422.081819883189,6438.8754502382135,1208800
2025-10-28,6438.87548828125,6452.70553689063,6402.3246455278895,6410.227530447535,1204500
2025-10-29,6352.931640625,6453.693423760399,6339.1015919593565,6438.8755144757815,1655900
2025-10-30,6414.17919921875,6424.057805716853,6324.283880086006,6338.1139291833515,1432700
2025-10-31,6440.85107421875,6440.85107421875,6393.433765696895,6408.2516746099745,1027500
2025-11-04,6451.7177734375,6484.317174221979,6397.3854387967,6421.094093912686,1457000
2025-11-05,6459.62060546875,6557.4188070196615,6424.057623086601,6534.698012719955,1964000
2025-11-06,6482.34130859375,6514.940708652207,6428.996835770821,6429.984696378653,1724700
2025-11-07,6446.7783203125,6520.867865826358,6362.810168730128,6393.433847542522,1873000
2025-11-10,6524.8193359375,6524.8193359375,6438.875462776779,6479.377747829533,1397100
2025-11-11,6529.7587890625,6568.285353778602,6507.037994486337,6535.685952864977,1196900
2025-11-12,6528.77099609375,6591.99407730876,6506.050201282106,6567.297561209147,1382900
2025-11-13,6468.51123046875,6532.722169683849,6468.51123046875,6520.867842444139,1241500
2025-11-14,6580.1396484375,6580.1396484375,6486.29288870149,6558.406714603898,1283800
2025-11-17,6421.09423828125,6557.419008263221,6421.09423828125,6534.698213266226,1266100
2025-11-18,6481.353515625,6485.304958097565,6388.494617519719,6421.094017918382,1556600
2025-11-19,6395.40966796875,6479.377820853728,6395.40966796875,6445.790559699737,1115900
2025-11-20,6395.40966796875,6482.341402720256,6382.567479880459,6421.094044145331,1079000
2025-11-21,6509.013671875,6574.212473262729,6487.28073807909,6491.232180587437,4034300
2025-11-25,6305.51416015625,6450.729667212959,6302.5505783795825,6429.984594776286,1990200
2025-11-26,6345.02880859375,6371.701045528521,6281.805728452072,6304.526522877987,1403700
2025-11-27,6260.07275390625,6360.8345372261865,6260.07275390625,6329.222997361108,1147100
2025-11-28,6237.35205078125,6281.805779366166,6235.376329510809,6254.145681579997,1490000
2025-12-01,6189.9345703125,6240.315461325257,6157.335170245422,6206.728200650086,1426400
2025-12-02,6146.46875,6237.351926631308,6130.662980151076,6154.371634924461,1690800
2025-12-03,6146.46875,6187.958895853423,6128.687258919961,6136.5901438444225,1838900
2025-12-04,6144.4931640625,6166.2260980833,6115.8452055805365,6134.614557689409,1440800
2025-12-05,6145.48095703125,6163.262448307019,6100.0393682153945,6112.881556359006,1637600
2025-12-08,6154.37158203125,6184.995260850346,6117.820739569748,6131.650788068695,1509900
2025-12-09,6151.408203125,6184.0076042335795,6127.699547773306,6184.0076042335795,1334700
2025-12-10,6261.060546875,6280.817759077194,6164.250207084254,6173.140952575241,1887500
2025-12-11,6200.80126953125,6256.121465658978,6163.262565016006,6241.303555981908,1230500
2025-12-12,6250.1943359375,6281.805876754633,6215.619213168761,6224.5099590235795,1784300
2025-12-15,6183.01953125,6253.1576342566705,6158.323016106806,6253.1576342566705,2279100
2025-12-16,6213.64306640625,6263.036095550973,6173.140782507577,6190.922272999676,1670300
2025-12-17,6188.94677734375,6222.534038385998,6176.104589298185,6204.752547245985,1281200
2025-12-18,6266.98779296875,6266.98779296875,6176.104615643226,6188.946803743572,1813800
2025-12-19,6224.509765625,6288.720705914736,6224.509765625,6276.86637847663,2185400
2025-12-22,6211.66748046875,6229.448971347954,6172.15305629274,6228.461110743554,1235900
2025-12-23,6266.98779296875,6271.927096084267,6193.886106859089,6196.849688728399,1145000
2025-12-24,6223.52197265625,6291.6843561662945,6217.594808872767,6285.757192382813,966100
2025-12-25,6266.0,6271.9271638026175,6225.497714015451,6271.9271638026175,435000
2025-12-26,6266.0,6290.696515844238,6257.109254296074,6274.890745703926,826300
2025-12-29,6245.0,6274.0,6226.0,6271.0,1203200
2025-12-30,6261.0,6274.0,6240.0,6273.0,1275700
2026-01-05,6255.0,6280.0,6221.0,6261.0,1513300
2026-01-06,6278.0,6295.0,6253.0,6262.0,1631400
2026-01-07,6255.0,6260.0,6212.0,6247.0,1367900
2026-01-08,6256.0,6267.0,6220.0,6238.0,1465100
2026-01-09,6269.0,6297.0,6242.0,6275.0,1557500
2026-01-13,6255.0,6288.0,6235.0,6235.0,1901100
2026-01-14,6249.0,6311.0,6248.0,6280.0,1685200
2026-01-15,6267.0,6283.0,6235.0,6242.0,2005900
2026-01-16,6207.0,6255.0,6175.0,6235.0,1766900
2026-01-19,6174.0,6211.0,6171.0,6186.0,1378000
2026-01-20,6288.0,6294.0,6177.0,6203.0,1584800
2026-01-21,6185.0,6264.0,6170.0,6264.0,1497300
2026-01-22,6142.0,6216.0,6142.0,6175.0,1472600
2026-01-23,6144.0,6205.0,6131.0,6190.0,1238200
2026-01-26,6199.0,6207.0,6130.0,6151.0,1452200
2026-01-27,6179.0,6208.0,6141.0,6169.0,1567300
2026-01-28,6089.0,6148.0,6085.0,6129.0,1355700
2026-01-29,6104.0,6104.0,6016.0,6052.0,2710600
2026-01-30,6186.0,6186.0,6092.0,6103.0,1507200
2026-02-02,6307.0,6318.0,6205.0,6288.0,1907100
2026-02-03,6309.0,6320.0,6233.0,6238.0,1572300
2026-02-04,6342.0,6360.0,6242.0,6287.0,1660300
2026-02-05,6530.0,6530.0,6394.0,6415.0,2299400
2026-02-06,6529.0,6553.0,6296.0,6324.0,2870800
2026-02-09,6537.0,6612.0,6475.0,6550.0,2455700
2026-02-10,6544.0,6625.0,6486.0,6550.0,1654100
2026-02-12,6691.0,6691.0,6556.0,6630.0,2178700
2026-02-13,6760.0,6776.0,6669.0,6742.0,2257700
2026-02-16,6601.0,6792.0,6601.0,6790.0,1559400
2026-02-17,6564.0,6635.0,6526.0,6604.0,1310000
2026-02-18,6584.0,6612.0,6552.0,6570.0,1320200
2026-02-19,6605.0,6631.0,6534.0,6545.0,1079000
