Price,Close,High,Low,Open,Volume
Ticker,5101.T,5101.T,5101.T,5101.T,5101.T
Date,,,,,
2011-02-21,571.4527587890625,571.4527587890625,553.3933036580312,553.3933036580312,1683000
2011-02-22,558.5531616210938,563.7130060702493,550.8133949473604,562.4230449579604,942000
2011-02-23,553.3932495117188,558.5530933300099,549.5233666480004,550.8133276025733,813500
2011-02-24,544.3634643554688,555.9731116995428,543.0735035394606,550.8132684355099,751500
2011-02-25,544.3634643554688,548.2333468034934,541.7835427234523,545.653425171477,782000
2011-02-28,552.1033325195312,553.3932935768199,539.203721946645,545.6535272330881,542500
2011-03-01,565.0031127929688,566.2930742377016,550.8135369009079,550.8135369009079,961500
2011-03-02,553.3932495117188,559.8430542845826,552.103288557146,554.6832104662916,801000
2011-03-03,561.1329345703125,563.7128561085667,553.3931699555495,553.3931699555495,471000
2011-03-04,567.582763671875,572.742606977983,566.292802845348,571.452646151456,823500
2011-03-07,563.712890625,567.5827731693364,557.2630863844394,567.5827731693364,757000
2011-03-08,561.1329345703125,567.5827384159483,559.8429738011853,565.0028168776939,501500
2011-03-09,575.322509765625,581.7723136867643,567.5827450602578,567.5827450602578,1330500
2011-03-10,567.582763671875,574.0325678045099,563.712881192294,574.0325678045099,644000
2011-03-11,557.2631225585938,566.292849081534,554.6832006948966,558.5530834904424,2321000
2011-03-14,508.24462890625,540.4936535830426,505.66470693210664,536.6237706218275,1225000
2011-03-15,434.71673583984375,496.6348465826108,410.2074836708318,491.4750040207136,1756000
2011-03-16,481.155517578125,481.155517578125,452.7763717692276,455.356294115491,2520500
2011-03-17,473.41571044921875,479.86551576869044,448.90645023522654,456.6462166185925,1695000
2011-03-18,481.155517578125,501.79489634823227,475.9956728855982,477.2856340587299,1234500
2011-03-22,509.5345153808594,517.2742801714547,500.5047897918315,501.7947505902641,1729500
2011-03-23,504.3747253417969,512.1144909480649,499.2148816042849,503.0847644074189,1292500
2011-03-24,506.95477294921875,512.1146179665136,496.63508291462904,500.5049666776002,838000
2011-03-25,515.9844360351562,518.564358215332,509.5346305847168,518.564358215332,814500
2011-03-28,518.5643310546875,526.3040971898321,509.5346038970188,526.3040971898321,866500
2011-03-29,517.2546997070312,523.802227551424,508.08816072488133,514.6356885692742,1012500
2011-03-30,529.0403442382812,532.9688616459912,517.2547920151512,522.4928152254312,1313500
2011-03-31,527.7308349609375,529.0403407548852,519.8738001972511,529.0403407548852,976000
2011-04-01,518.5643920898438,527.7309343742602,517.2548860492128,523.8024162523674,794000
2011-04-04,508.08837890625,522.4929463494685,506.77887277504834,522.4929463494685,940000
2011-04-05,504.15985107421875,509.3978755009639,498.92182664747367,509.3978755009639,940500
2011-04-06,498.9217529296875,512.0168120617003,497.61224701648626,512.0168120617003,803500
2011-04-07,508.08837890625,512.016897299855,502.85035438144337,509.3978850374517,660500
2011-04-08,518.5643920898438,522.4929102117364,502.8503196022727,509.39784980542726,1350500
2011-04-11,517.2546997070312,521.183216413667,512.016677431517,512.016677431517,529000
2011-04-12,508.08837890625,515.9454156934601,504.159860512645,514.6359095622585,701000
2011-04-13,519.873779296875,526.4213080033848,510.7072391077613,512.0167448490633,720500
2011-04-14,515.9452514648438,523.8022857511104,513.3262400360882,513.3262400360882,1321000
2011-04-15,523.8024291992188,529.0404534912109,512.0168745422363,517.2548988342285,1646500
2011-04-18,522.4928588867188,523.8023647987155,517.2548352387316,519.8738470627252,450000
2011-04-19,517.2546997070312,519.8737108447884,513.3261830003956,513.3261830003956,331000
2011-04-20,522.4928588867188,527.7308825347059,521.183352974722,526.4213766227091,505000
2011-04-21,526.4213256835938,531.659348824724,519.8737967571809,526.4213256835938,606000
2011-04-22,532.9689331054688,535.587945061761,519.8738733240076,519.8738733240076,526500
2011-04-25,526.4213256835938,534.2783603952892,526.4213256835938,534.2783603952892,405000
2011-04-26,526.4213256835938,529.0403372541589,523.8023141130286,529.0403372541589,606000
2011-04-27,532.9689331054688,535.587945061761,525.1118972365921,525.1118972365921,481500
2011-04-28,539.5164184570312,540.8259243270726,530.3498773667419,534.2783949768659,998500
2011-05-02,552.6114501953125,555.2304618076125,544.7544153584123,544.7544153584123,493500
2011-05-06,542.1353759765625,543.4448817156364,535.5878472811934,542.1353759765625,458000
2011-05-09,546.0639038085938,551.3019268667098,536.8973634568907,542.1353865150068,732500
2011-05-10,549.9924926757812,553.9210104806083,538.2069392613002,552.611504545666,1259000
2011-05-11,569.635009765625,574.8730328439295,555.2304463002873,556.5399520698635,1507000
2011-05-12,570.9446411132812,574.873159286079,561.7780987100864,561.7780987100864,916500
2011-05-13,561.778076171875,574.8731362225014,553.9210401414991,570.9446182073135,851500
2011-05-16,563.087646484375,568.3256711028343,555.2306095566861,556.5401157113009,654500
2011-05-17,559.158935546875,561.7779469545886,555.2304184353044,557.8494298430181,601000
2011-05-18,565.7064208984375,573.5634545220269,563.0874096905743,563.0874096905743,802500
2011-05-19,570.9446411132812,577.4921714012776,569.635135055682,569.635135055682,775500
2011-05-20,552.6114501953125,580.1110721244631,551.3019443891625,572.2540372875629,1390000
2011-05-23,538.206787109375,539.5162926741181,530.349753720917,535.587775979889,1254500
2011-05-24,543.4448852539062,547.3734024967056,535.5878507683076,536.8973565159073,1120000
2011-05-25,543.4448852539062,551.3019197395049,540.8258737587066,544.754391001506,687000
2011-05-26,555.2305908203125,556.5400969307378,542.1355297160599,549.9925663786115,771000
2011-05-27,553.9208984375,563.0874381279551,551.30188709737,551.30188709737,767500
2011-05-30,552.6114501953125,559.1589792260626,547.3734269707123,549.9924385830124,496500
2011-05-31,570.9446411132812,570.9446411132812,552.6115563068915,552.6115563068915,899500
2011-06-01,565.7064208984375,572.2539489180953,563.0874096905743,570.9444433141638,972000
2011-06-02,556.5399169921875,557.8494226792279,549.9923885569852,555.2304113051471,1100000
2011-06-03,547.3734130859375,557.8494592694004,546.0639073130046,553.9209419506018,520000
2011-06-06,548.6829833984375,551.301995252368,542.1354537636113,546.063971544507,657500
2011-06-07,559.158935546875,559.158935546875,546.0638785083065,549.992395619877,739000
2011-06-08,569.635009765625,570.9445155352012,555.2304463002873,559.1589636090158,853000
2011-06-09,572.2540283203125,573.5635341059425,557.8494646783824,565.7064993921624,870500
2011-06-10,574.8731079101562,581.4206376130054,570.9445900884467,578.8016257318657,2030500
2011-06-13,567.0159301757812,568.3254357881964,556.5398852764596,563.0874133385356,873000
2011-06-14,574.8731079101562,580.1111316724356,565.7065663261674,569.6350841478769,838000
2011-06-15,578.801513671875,581.4205250459559,570.9444795496323,576.1825022977941,649500
2011-06-16,570.9446411132812,581.4206895740754,569.635135055682,574.873159286079,654500
2011-06-17,568.3256225585938,577.4921648579259,567.016116515832,577.4921648579259,899500
2011-06-20,565.7064208984375,572.2539489180953,563.0874096905743,572.2539489180953,582500
2011-06-21,570.9446411132812,574.873159286079,567.0161229404835,570.9446411132812,450000
2011-06-22,578.801513671875,581.4205250459559,568.3254681755515,569.6349738625919,584000
2011-06-23,578.801513671875,584.0395364200367,570.9444795496323,570.9444795496323,780500
2011-06-24,578.801513671875,586.6585477941176,576.1825022977941,578.801513671875,697000
2011-06-27,580.111083984375,584.0396014831405,573.5635548197657,573.5635548197657,569500
2011-06-28,590.5870361328125,601.0630811196473,586.6585192627495,586.6585192627495,913000
2011-06-29,601.0631713867188,606.3011946667773,595.8251481066602,598.4441597466895,796000
2011-06-30,604.9917602539062,615.4678080505107,599.753736355604,611.539290126784,1134500
2011-07-01,612.8488159179688,618.0868399856437,604.9917798164563,611.53930990105,804000
2011-07-04,622.0151977539062,627.253220471834,618.0866807154606,623.3247034333882,803000
2011-07-05,619.396240234375,628.5627807875264,615.4677228544529,628.5627807875264,976000
2011-07-06,627.2533569335938,628.5628628979645,614.1582972898861,618.0868151829984,1391000
2011-07-07,625.94384765625,629.8723655285695,620.7058238264906,625.94384765625,838000
2011-07-08,624.6343994140625,637.7294601984245,620.705881178754,636.4199541199882,1147000
2011-07-11,625.94384765625,629.8723655285695,620.7058238264906,623.3248357413703,425000
2011-07-12,619.396240234375,620.7057460276823,614.1582170611456,615.4677228544529,600500
2011-07-13,625.94384765625,629.8723655285695,616.777305954171,616.777305954171,543000
2011-07-14,637.7294921875,640.3485044757444,628.5629491786448,629.872455322767,1159000
2011-07-15,632.4913940429688,637.7294180101984,627.2533700757392,636.419912018391,719500
2011-07-19,631.1820068359375,635.110525550684,622.0154631681957,628.5629943594398,552000
2011-07-20,633.8009643554688,637.7294827295729,629.8724459813646,637.7294827295729,654000
2011-07-21,627.2533569335938,640.3484165773014,625.943850969223,633.8008867554476,821500
2011-07-22,637.7294921875,639.0389983316222,631.1819614668892,635.1104798992557,613000
2011-07-25,635.1102905273438,636.4197962810083,631.1817732663499,633.8007847736791,461500
2011-07-26,631.1820068359375,636.4200317889328,629.8725005976886,633.8010193124352,446000
2011-07-27,624.6343994140625,627.2534115709349,619.3963751003178,627.2534115709349,728500
2011-07-28,615.4676513671875,620.7056739320146,612.8486400847739,618.0866626496011,627500
2011-07-29,612.8488159179688,619.3963460025625,607.6107918502938,614.1583219348875,672000
2011-08-01,622.0151977539062,625.943714792352,614.1581636770148,614.1581636770148,387000
2011-08-02,615.4676513671875,620.7056739320146,611.5391344435671,618.0866626496011,498500
2011-08-03,599.753662109375,604.9916853592385,597.1346504844432,602.3726737343068,550500
2011-08-04,601.0631713867188,608.9202063068066,594.5156422866456,602.3726772067334,954500
2011-08-05,573.5635375976562,582.73007815287,570.9445260104524,582.73007815287,817500
2011-08-08,565.7064208984375,572.2539489180953,559.1588928787796,565.7064208984375,769000
2011-08-09,559.158935546875,561.7779469545886,534.2783271735948,542.1353613967359,1521500
2011-08-10,559.158935546875,559.158935546875,559.158935546875,559.158935546875,856000
2011-08-11,559.158935546875,561.7779469545886,547.3733842121633,551.3019013237339,1060000
2011-08-12,530.349853515625,543.4449116271219,530.349853515625,543.4449116271219,1703500
2011-08-15,544.7544555664062,547.3734673720139,536.897420149583,539.5164319551908,823500
2011-08-16,555.2305908203125,556.5400969307378,547.373554157761,548.6830602681862,716000
2011-08-17,555.2305908203125,560.4686152620136,547.373554157761,549.9925663786115,585000
2011-08-18,555.2305908203125,555.2305908203125,555.2305908203125,555.2305908203125,838500
2011-08-19,543.4448852539062,548.6829082443053,538.2068622635071,538.2068622635071,866000
2011-08-22,526.4213256835938,542.1353951069847,525.1118198983112,536.8973719658543,670000
2011-08-23,538.206787109375,539.5162926741181,527.730742591431,532.968764850403,736500
2011-08-24,522.4928588867188,544.7544593906641,519.8738470627252,542.1354475666706,959000
2011-08-25,540.8258666992188,549.9924068127648,532.9688323161793,532.9688323161793,833500
2011-08-26,555.2305908203125,556.5400969307378,543.4450358264852,543.4450358264852,564500
2011-08-29,557.8494262695312,565.7064604423416,544.7543693148474,559.1589319649996,797500
2011-08-30,559.158935546875,567.0159697700161,557.8494298430181,563.0874526584455,701000
2011-08-31,556.5399169921875,559.1589283662684,552.6113999310661,559.1589283662684,911000
2011-09-01,560.4685668945312,561.7780728919483,552.6115309100285,556.5400489022799,747500
2011-09-02,560.4685668945312,561.7780728919483,548.6830129177771,552.6115309100285,507500
2011-09-05,551.3018798828125,556.5399024945257,543.4448459652427,553.9208911886691,587000
2011-09-06,538.206787109375,540.825798238861,530.349753720917,535.587775979889,607000
2011-09-07,543.4448852539062,549.9924139919051,538.2068622635071,544.754391001506,819500
2011-09-08,555.2305908203125,555.2305908203125,544.7545419369104,551.3020724890367,494500
2011-09-09,557.4754028320312,561.7780538309995,551.3020062071114,551.3020062071114,1749500
2011-09-12,539.5164184570312,543.4449360671553,535.5879008469072,535.5879008469072,489000
2011-09-13,544.7544555664062,546.0639614692101,536.897420149583,544.7544555664062,615500
2011-09-14,538.206787109375,551.3018427568051,536.897281544632,539.5162926741181,642500
2011-09-15,548.6829833984375,552.6115011793332,543.4449596905765,548.6829833984375,436500
2011-09-16,569.635009765625,572.2540213047773,556.5399520698635,556.5399520698635,546000
2011-09-20,573.5635375976562,576.1825491848601,564.3969970424425,573.5635375976562,903000
2011-09-21,568.3256225585938,576.1826588151641,567.016116515832,568.3256225585938,583000
2011-09-22,559.158935546875,568.3254754738729,557.8494298430181,567.0159697700161,802500
2011-09-26,536.8973388671875,557.8494301400533,535.5878331626334,557.8494301400533,699000
2011-09-27,567.0159301757812,567.0159301757812,542.1353235398924,542.1353235398924,564500
2011-09-28,584.1585083007812,589.4330772244903,569.6534437605812,573.6093704533631,508000
2011-09-29,594.7074584960938,597.3447421257882,581.5210403476216,585.4769657921632,783500
2011-09-30,598.6633911132812,606.5752420971572,590.7515401294053,597.3447492826352,993000
2011-10-03,593.388916015625,598.6634841579861,581.5211376953125,590.7516319444444,636500
2011-10-04,580.2025756835938,589.4330712058327,576.2466490312056,585.4771445534446,773500
2011-10-05,574.9279174804688,590.7516216313074,570.9719914427592,590.7516216313074,749000
2011-10-06,578.8837280273438,589.4328620232862,574.9278027788654,582.8396532758222,557500
2011-10-07,578.8837280273438,585.4769367748079,576.2464445283582,578.8837280273438,488500
2011-10-11,586.7957153320312,596.0262097305126,582.8397891612535,584.1584312181794,801000
2011-10-12,582.8396606445312,589.4328694753517,580.2023771122031,586.7955859430235,478500
2011-10-13,585.4771118164062,588.1143961038675,580.2025432414837,585.4771118164062,363500
2011-10-14,581.5210571289062,584.1583408347062,578.8837734231062,584.1583408347062,711500
2011-10-17,588.1143188476562,588.1143188476562,584.1583929361249,586.7956768771458,306500
2011-10-18,584.1585083007812,585.4771505317085,573.6093704533631,580.2025816079994,254500
2011-10-19,585.4771118164062,588.1143961038675,578.8839010977531,588.1143961038675,370000
2011-10-20,577.5652465820312,585.4770992749359,574.9279623510631,585.4770992749359,437500
2011-10-21,570.9719848632812,577.5651948501551,568.3347008685316,574.9279108554056,285000
2011-10-24,585.4771118164062,586.795753960137,577.5652589540224,577.5652589540224,442000
2011-10-25,578.8837280273438,592.0701455222719,573.6091610293726,592.0701455222719,466000
2011-10-26,580.2025756835938,582.8398601185191,565.6975112915039,569.6534379438921,284000
2011-10-27,590.7516479492188,593.3889320918493,576.2465851647513,584.1584375926427,562000
2011-10-28,602.6192626953125,603.9379044079936,592.0701289938628,601.3006209826312,754500
2011-10-31,598.6633911132812,622.3989440649092,598.6633911132812,603.9379584358652,598500
2011-11-01,577.5652465820312,601.3008046607449,574.9279623510631,593.3889519678404,579500
2011-11-02,563.0601806640625,576.2466017568977,559.104254336212,573.6093175383306,678000
2011-11-04,584.1585083007812,586.7957927626358,569.6534437605812,572.2907282224357,799000
2011-11-07,574.9279174804688,580.2024855307483,568.3347074176194,578.8838435181784,520000
2011-11-08,569.6532592773438,578.8837519045229,567.0159756695782,570.9719010812265,477000
2011-11-09,569.6532592773438,576.2464682967574,565.6973338656956,570.9719010812265,487500
2011-11-10,524.8193969726562,561.7413645988732,519.544830168911,555.1481560941917,1399500
2011-11-11,553.8296508789062,556.4669349307106,534.050020490374,534.050020490374,1362500
2011-11-14,555.1482543945312,564.3787479355329,553.8296124601025,561.7414640666753,641000
2011-11-15,549.8738403320312,560.4229787556674,545.9179134231676,552.5111249379403,390500
2011-11-16,540.6431274414062,551.192261635385,536.6872021186643,547.236336312643,430500
2011-11-17,543.2804565429688,551.192307851847,538.0058890037167,540.6431727733427,729500
2011-11-18,534.050048828125,539.3246172116127,532.731406732253,536.6873330198688,623500
2011-11-21,536.6873168945312,539.3246010070351,530.0941066132716,534.0500327820274,307000
2011-11-22,544.5990600585938,555.1481943938692,541.9617764747749,547.2363436424126,970000
2011-11-24,543.2804565429688,548.5550240822209,534.0499633492776,538.0058890037167,455000
2011-11-25,536.6873168945312,547.2364533445466,536.6873168945312,547.2364533445466,337000
2011-11-28,543.2804565429688,545.9177403125948,535.3686052340906,536.6872471189037,410000
2011-11-29,551.1921997070312,556.4667662114048,545.9176332026577,553.829482959218,706500
2011-11-30,555.1482543945312,557.785538263389,549.8736866568161,551.1923285912449,688000
2011-12-01,567.0160522460938,577.565188101835,564.3787682821584,565.697410264126,614500
2011-12-02,572.29052734375,576.2464526479695,561.7413931991647,572.29052734375,555500
2011-12-05,570.9719848632812,577.5651948501551,567.0160588711568,574.9279108554056,413000
2011-12-06,549.8738403320312,578.8839709970305,549.8738403320312,568.3348325733944,907000
2011-12-07,561.7413940429688,563.0600358130226,548.5549763424295,552.5109016525913,749500
2011-12-08,553.8296508789062,557.7855769566128,551.192366827102,556.4669349307106,425500
2011-12-09,552.5109252929688,556.4668507723934,539.3245070282201,539.3245070282201,1980500
2011-12-12,569.6532592773438,570.9719010812265,560.4227666501646,564.3786920618128,593000
2011-12-13,563.0601806640625,567.016106991913,557.7856122269285,560.4228964454954,553500
2011-12-14,565.6974487304688,569.6533749453671,559.1042383723047,564.378806658836,830000
2011-12-15,551.1921997070312,560.4226910896849,549.8735580809379,560.4226910896849,564000
2011-12-16,557.7854614257812,559.1041031785609,552.5108944146627,555.148177920222,511500
2011-12-19,559.1041870117188,574.9278904177108,553.8296192097214,565.6973967642155,820000
2011-12-20,564.3788452148438,569.6534138617114,559.1042765679761,564.3788452148438,548500
2011-12-21,570.9719848632812,570.9719848632812,567.0160588711568,568.3347008685316,632000
2011-12-22,570.9719848632812,572.290626860656,568.3347008685316,572.290626860656,543000
2011-12-26,578.8837280273438,582.8396532758222,572.2905192798797,572.2905192798797,351000
2011-12-27,572.29052734375,578.8837361841157,570.9718855756768,570.9718855756768,270000
2011-12-28,566.9669189453125,577.6141850287925,564.3051024244425,573.6214602474874,760500
2011-12-29,574.9523315429688,576.2832397178368,561.6432497942889,565.6359743188929,398000
2011-12-30,574.9523315429688,577.6141478927048,570.9596070183647,576.2832397178368,235500
2012-01-04,574.9523315429688,585.5995969419126,574.9523315429688,585.5995969419126,428000
2012-01-05,569.6288452148438,577.6142963159864,569.6288452148438,576.2833877991293,598000
2012-01-06,564.3050537109375,574.9523188752947,560.3123292743035,570.9595944386608,624000
2012-01-10,572.2905883789062,573.6214967239735,565.6360466535701,572.2905883789062,686500
2012-01-11,569.6288452148438,572.290662248558,562.9743026305582,568.2979366979866,567000
2012-01-12,578.945068359375,581.606884765625,569.6287109374999,577.6141601562499,770000
2012-01-13,588.2615966796875,592.2543224490066,577.6143279615031,586.9306880899144,1455500
2012-01-16,582.9379272460938,584.268835755788,574.952476187928,580.2761102267051,463500
2012-01-17,592.2543334960938,593.5852421106916,581.60706457931,582.937973193908,700000
2012-01-18,597.577880859375,605.5633313831082,588.2615219150194,590.9233387562639,761500
2012-01-19,598.9088134765625,609.5560812717014,596.2469965277778,598.9088134765625,845000
2012-01-20,598.9088134765625,606.8942643229167,594.9160880533855,602.9015388997396,1047000
2012-01-23,592.2543334960938,598.9088765690835,590.9234248814957,594.9161507252896,400000
2012-01-24,600.2396240234375,602.9014405379538,594.9159909944048,597.5778075089212,476000
2012-01-25,613.548828125,616.2106451667571,604.2324684788504,610.887011083243,655000
2012-01-26,602.901611328125,610.8870631337954,601.5707026938466,609.5561544995171,524500
2012-01-27,606.8942260742188,610.8869512457596,601.5705925121642,604.2324092931915,566000
2012-01-30,605.5632934570312,609.5560184688358,597.577843433422,608.2251101315676,446000
2012-01-31,608.2251586914062,616.2106093525625,605.5633418043541,608.2251586914062,572000
2012-02-01,616.210693359375,624.1961451091726,612.2179674844763,612.2179674844763,590000
2012-02-02,618.8724365234375,622.8651619203629,610.8869857295867,616.2106195921539,419500
2012-02-03,612.2178344726562,620.2032844875171,609.5560178010361,614.8796511442765,358000
2012-02-06,628.1887817382812,630.8505986100537,618.8724226870779,622.8651479947365,614000
2012-02-07,625.52685546875,632.181396484375,621.534130859375,630.8504882812499,484000
2012-02-08,630.8506469726562,632.1815555105733,628.1888298968222,629.5197384347392,379000
2012-02-09,620.2033081054688,628.1887584244233,617.5414913324839,628.1887584244233,542000
2012-02-10,613.548828125,621.5342792502712,612.2179196041214,620.2033707293926,547500
2012-02-13,620.2033081054688,621.5342164919612,612.2178577865143,613.5487661730067,415000
2012-02-14,650.8142700195312,656.1379041301204,616.2106483007013,628.188825049527,2294500
2012-02-15,670.7778930664062,677.4324356563508,662.7924419584729,672.1088015843951,2247500
2012-02-16,672.10888671875,680.0943388381806,666.7852519724628,674.7707040918935,1623500
2012-02-17,692.0723876953125,700.0578383225661,684.0869370680589,690.7414792574368,1732500
2012-02-20,702.7196655273438,712.0360247294109,698.7269401550293,708.0432993570964,1341000
2012-02-21,690.7415771484375,704.05066341334,689.4106685219473,702.7197547868498,1094000
2012-02-22,702.7196655273438,705.3814824422201,677.4324048360189,682.7560386657715,1543000
2012-02-23,708.0433349609375,712.0360605340254,693.4033411929481,702.7197008634868,1078000
2012-02-24,709.3743286132812,713.3670546655136,705.3816025610489,709.3743286132812,661500
2012-02-27,728.0068969726562,733.330530588544,722.6832633567684,725.3450801647123,1044000
2012-02-28,733.33056640625,733.33056640625,716.0287563095508,726.6760240613656,1122000
2012-02-29,720.0215454101562,735.9924484506772,718.6906368234461,735.9924484506772,1172500
2012-03-01,716.0288696289062,733.3306824638055,712.0361435900833,720.0215956677291,833000
2012-03-02,724.0142211914062,728.0069466759177,717.3596787172206,724.0142211914062,678500
2012-03-05,726.676025390625,739.985110104739,722.6832999763908,731.9996592762706,920000
2012-03-06,737.3233032226562,743.9778456705142,729.3378522852267,739.9851202017994,1402000
2012-03-07,737.3233032226562,738.6542117122278,722.6833098373688,724.0142183269404,969000
2012-03-08,751.9633178710938,753.2942263982992,738.654232599039,746.6396837622718,1125000
2012-03-09,763.9415283203125,771.9269798358558,753.2942596329214,765.2724369062364,2170500
2012-03-12,766.6032104492188,774.5886605580647,766.6032104492188,771.9268438551161,837500
2012-03-13,767.934326171875,774.5888697262241,762.6106913283959,766.6034174610053,973000
2012-03-14,787.8978881835938,793.2215225632127,782.5742538039749,790.5597053734032,1157500
2012-03-15,785.2359008789062,803.8686171709481,782.5740842657574,790.559534105204,1284500
2012-03-16,775.919677734375,785.2360375013401,771.9269521199614,785.2360375013401,1345500
2012-03-19,779.9122924804688,785.2359258762399,778.5813841315261,779.9122924804689,596500
2012-03-21,779.9122924804688,781.2432008294115,774.5886590846977,778.5813841315261,748500
2012-03-22,785.2359008789062,785.2359008789062,774.5886344263109,774.5886344263109,699000
2012-03-23,777.2503662109375,777.2503662109375,771.9267335656571,775.9194580496173,495500
2012-03-26,787.8978881835938,790.5597053734032,777.250619424356,777.250619424356,672500
2012-03-27,815.8467407226562,815.8467407226562,795.8831173770774,801.2067502692317,1236500
2012-03-28,803.86865234375,811.8541025325951,799.8759272493273,806.530469073365,1040000
2012-03-29,794.5523071289062,798.545032290358,789.2286735803038,795.8832155160568,921500
2012-03-30,793.2213745117188,799.8759162441996,786.5668327792379,799.8759162441996,837000
2012-04-02,805.19970703125,811.8542500645661,798.545163997934,798.545163997934,882000
2012-04-03,799.8759155273438,803.868640563254,795.8831904914335,797.2140988367369,583500
2012-04-04,782.57421875,803.8687553146259,782.57421875,794.552395567602,1150500
2012-04-05,783.905029296875,787.8977544036503,766.6032205008489,769.265037238699,1145000
2012-04-06,765.272216796875,778.581298828125,761.2794921875,777.2503906249999,732500
2012-04-09,749.3014526367188,754.6250864032319,745.3087273118339,751.9632695199753,790500
2012-04-10,746.6396484375,765.2723669368315,742.646923044786,751.9632822944518,1526000
2012-04-11,758.6177978515625,762.6105231034128,739.9850800095943,742.6468968441611,1436500
2012-04-12,771.9268798828125,775.9196051235857,759.948704160493,763.9414294012662,755500
2012-04-13,775.919677734375,786.5669460394779,770.5960435818236,785.2360375013401,1455000
2012-04-16,763.9415283203125,770.5960712499319,762.6106197343886,769.265162664008,662500
2012-04-17,775.919677734375,786.5669460394779,770.5960435818236,775.919677734375,1472500
2012-04-18,807.8613891601562,809.1922975442751,786.5668550142543,789.228671782492,1124500
2012-04-19,802.5377807617188,806.5305060391403,794.5523302068758,801.2068723359116,851500
2012-04-20,806.5304565429688,807.8613648870992,793.2213731016657,803.8686398547081,779000
2012-04-23,798.5448608398438,810.5230337524414,790.5594122314452,803.8684932454427,1050000
2012-04-24,786.56689453125,797.214162139118,782.5741691782995,785.2359860802665,930500
2012-04-25,787.8978881835938,801.206974132641,783.9051623988796,795.8833397530221,910500
2012-04-26,785.2359008789062,798.5449839446504,783.9049925723318,795.8831673315016,864500
2012-04-27,783.905029296875,803.8686548307513,774.5886707143994,782.5741209279499,1249000
2012-05-01,782.57421875,789.2287614264455,771.9269504676871,778.5814931441327,728500
2012-05-02,785.2359008789062,789.2286257986295,778.5813593460342,787.8977174920551,413500
2012-05-07,759.94873046875,766.6032727670753,757.2869135494199,758.617822009085,670000
2012-05-08,773.2576904296875,775.9195069199791,763.9413327136672,769.2649656942502,740500
2012-05-09,771.9268798828125,775.9196051235857,758.617795746902,767.9341546420393,818000
2012-05-10,746.6396484375,762.6105500083555,735.9923807235962,761.2796415441176,1435000
2012-05-11,755.9559936523438,789.2287046405631,739.9850923779985,742.646909257056,2404500
2012-05-14,754.6249389648438,773.2576535071855,751.963122601652,755.9558471464396,971500
2012-05-15,742.6469116210938,749.3014538399208,730.6687356272051,743.9778200648592,964000
2012-05-16,717.359619140625,737.3232449052065,710.7050772190979,737.3232449052065,1260500
2012-05-17,726.676025390625,729.3378423334477,708.0433067908654,712.0360322050996,967000
2012-05-18,700.0577392578125,712.0359135036686,696.0650145091938,706.7122805055103,934000
2012-05-21,697.3958740234375,708.0431392757038,692.0722413973044,692.0722413973044,717500
2012-05-22,705.3814697265625,708.0432865934552,701.3887444262235,705.3814697265625,628000
2012-05-23,692.0723876953125,708.0432889498196,689.4105708195613,706.712380511944,833500
2012-05-24,700.0577392578125,704.0504640064312,686.7486567624168,696.0650145091938,1194500
2012-05-25,708.0433349609375,712.0360605340254,702.7197008634868,705.3815179122121,795000
2012-05-28,698.726806640625,710.7049804687499,692.072265625,709.3740722656249,550000
2012-05-29,702.7196655273438,704.050573984782,685.4178555806478,698.7269401550293,543500
2012-05-30,704.0506591796875,704.0506591796875,690.7415729948162,702.7197505612004,730500
2012-05-31,704.0506591796875,704.0506591796875,684.0870299023807,690.7415729948162,1373000
2012-06-01,700.0577392578125,704.0504640064312,694.7341062596543,704.0504640064312,1048500
2012-06-04,680.09423828125,688.079689219973,676.1015128118884,682.7560552608243,1098500
2012-06-05,694.7342529296875,694.7342529296875,681.4251676245211,685.4178932160711,737000
2012-06-06,716.0288696289062,722.6834130269443,701.3888741532222,701.3888741532222,1017500
2012-06-07,734.6614379882812,734.6614379882812,734.6614379882812,734.6614379882812,1297500
2012-06-08,718.6905517578125,735.9923613371672,714.6978264702691,735.9923613371672,1985500
2012-06-11,733.33056640625,741.3160172201111,729.3378409993194,738.6542002821574,541500
2012-06-12,729.3378295898438,734.6614633824703,714.6978366601205,716.0287451082772,616000
2012-06-13,731.9996948242188,738.6542375044389,728.0069692160866,730.6687862881747,660000
2012-06-14,724.0142211914062,728.0069466759177,714.6978617275463,724.0142211914062,679500
2012-06-15,721.3521728515625,730.6685293275052,718.6903567155789,725.344897055538,546500
2012-06-18,747.9706420898438,751.9633679372984,741.3160990107526,742.6470076265708,610000
2012-06-19,742.6469116210938,747.9705453961554,737.3232778460322,745.3087285086247,556000
2012-06-20,754.6249389648438,755.9558471464396,746.6394898752686,750.6322144200562,572000
2012-06-21,765.272216796875,769.2649414062499,757.2867675781249,757.2867675781249,761000
2012-06-22,762.6105346679688,762.6105346679688,751.9632671682415,751.9632671682415,580000
2012-06-25,769.2650756835938,774.5887094253487,766.6032588127163,771.9268925544712,536500
2012-06-26,762.6105346679688,770.5959852927643,754.6250840431733,762.6105346679688,993500
2012-06-27,772.0587768554688,772.0587768554688,761.2607520043433,769.3592706426873,531000
2012-06-28,789.6055297851562,795.0045419546274,780.1572584885816,781.5070115309495,678500
2012-06-29,805.8025512695312,809.851810321137,786.9060090287048,786.9060090287048,882500
2012-07-02,807.1522216796875,817.9502447121918,807.1522216796875,816.6004918331287,518000
2012-07-03,819.300048828125,821.999554755071,803.1030132664487,807.1522721568678,617000
2012-07-04,813.901123046875,823.3493947903711,812.5513699406613,821.9996416841574,741000
2012-07-05,807.1522216796875,813.9009860750027,801.7532101634355,808.5019745587506,547000
2012-07-06,804.452880859375,809.8518934825923,801.7533745477664,801.7533745477664,450500
2012-07-09,784.2064208984375,795.004443905645,773.4083978912302,793.654691029744,1009500
2012-07-10,773.0386352539062,786.9059794365518,765.3099319734561,777.4577086714474,916000
2012-07-11,765.31005859375,772.0588245425485,759.9110458347112,761.2607990244709,495500
2012-07-12,745.063720703125,772.0587830474411,732.9159426481827,772.0587830474411,1494500
2012-07-13,739.6646118164062,742.3641176989478,731.5660941687813,732.9158471100521,793000
2012-07-17,732.3070678710938,736.9652984772396,726.1672721259247,735.6155451833253,460000
2012-07-18,735.6155395507812,742.3643059686783,727.5170198493047,736.9652928343606,493000
2012-07-19,736.7933959960938,741.0145052684732,730.2164796907905,735.6154924796318,442500
2012-07-20,732.9158325195312,742.3641029203354,723.467562118727,736.965091262733,500500
2012-07-23,701.8716430664062,716.7189278235802,700.5218899066632,715.3691746638372,565000
2012-07-24,705.9208984375,709.9701578931645,696.472626374283,700.5218858299475,651000
2012-07-25,697.822265625,704.571030282882,691.073500967118,701.8715244197292,739000
2012-07-26,703.2215576171875,705.9210645562171,691.0737763915547,703.2215576171875,596000
2012-07-27,727.5169677734375,730.2164741473648,711.319929529873,712.6696827168366,762000
2012-07-30,741.0146484375,743.7141553534836,734.265881147541,741.0146484375,1083000
2012-07-31,736.9652709960938,743.7140372140067,726.167245047433,734.2657645089286,793000
2012-08-01,727.5169677734375,741.0144996430745,726.1672145864737,728.8667209604012,897000
2012-08-02,734.2656860351562,742.3642046311322,724.817414339851,726.1671674391803,493000
2012-08-03,724.8173828125,728.8666419343575,720.7681236906425,722.1178767312616,432000
2012-08-06,752.7373046875,754.5120687464411,734.2657699428693,736.9652764500122,580000
2012-08-07,763.2984008789062,769.3591904254482,746.4133900092506,754.5119078032027,756000
2012-08-08,786.9138793945312,789.6055592528743,778.8075345109547,782.8567937891746,1291500
2012-08-09,796.556884765625,801.753401638098,785.5563632211667,796.3543888324543,952500
2012-08-10,798.5230102539062,828.748537870518,777.4579117482384,795.004704895334,1652000
2012-08-13,782.856689453125,793.6547127559267,778.8074307145744,789.605454017376,954500
2012-08-14,792.3049926757812,799.0537575196976,786.9059808006482,788.2557337694315,647000
2012-08-15,796.3543090820312,800.4035682807535,788.2557906845868,800.4035682807535,345500
2012-08-16,801.7533569335938,805.8026163120463,795.0045913028397,799.0538506812921,589500
2012-08-17,801.7533569335938,805.8026163120463,795.0045913028397,803.1031100597446,850000
2012-08-20,801.7533569335938,808.5021225643479,801.7533569335938,805.8026163120463,646500
2012-08-21,810.7472534179688,816.6006045561807,801.7533208369774,801.7533208369774,988500
2012-08-22,815.2508544921875,817.9503606328901,809.8518422107824,812.5513483514849,534000
2012-08-23,815.291259765625,816.6004804965993,804.4527047536747,809.8517161949745,541500
2012-08-24,801.7533569335938,808.5021225643479,796.3543444289904,803.1031100597446,601500
2012-08-27,815.2508544921875,820.6498667735927,812.5513483514849,813.9011014218362,584500
2012-08-28,796.3543090820312,820.6498642743644,793.6548029495498,819.3001112081237,749500
2012-08-29,804.452880859375,808.502140326788,796.3543619245492,796.3543619245492,556000
2012-08-30,800.4035034179688,803.1030093316888,795.0044915905289,803.1030093316888,368000
2012-08-31,785.556396484375,797.704175811453,784.2066432258108,796.3544225528888,525000
2012-09-03,777.4577026367188,789.6054792404175,776.1079496807522,785.5562203725178,639500
2012-09-04,769.359375,778.8076480263157,762.6106085526316,778.8076480263157,1112000
2012-09-05,765.31005859375,773.4085777323082,762.6105522142306,772.0588245425485,457000
2012-09-06,774.7584228515625,777.4579295513937,766.6599027520688,773.4086695016468,763500
2012-09-07,799.0538940429688,800.4036472423657,784.2066088496028,792.3051280459842,722500
2012-09-10,795.0045776367188,797.704083842616,790.955318327873,797.704083842616,313000
2012-09-11,781.5070190429688,792.3050434857041,777.4577598769431,792.3050434857041,651500
2012-09-12,795.0045776367188,795.0045776367188,780.1572935042843,781.5070466072328,391000
2012-09-13,799.0538940429688,801.7534004417626,786.9061152483966,792.3051280459842,348000
2012-09-14,807.1522216796875,816.6004918331287,803.1029630424985,807.1522216796875,1463500
2012-09-18,804.452880859375,820.6499187290269,803.1031277035707,820.6499187290269,1048500
2012-09-19,811.20166015625,815.2509196911398,792.3051156600977,809.8519069779534,1063000
2012-09-20,808.502197265625,817.9504700216506,804.4529375130426,812.5514570182074,1029500
2012-09-21,817.950439453125,820.6499458539604,809.8519202506188,811.2016734510365,832000
2012-09-24,807.1522216796875,812.5512331959396,801.7532101634355,811.2014803168767,848500
2012-09-25,781.5070190429688,792.3050434857041,772.0587476555754,782.8567720983107,1597500
2012-09-26,776.1079711914062,785.5562421450409,772.0587122112772,780.1572301715354,733500
2012-09-27,778.8077392578125,780.1574927053996,763.9604513343533,769.3594651247021,851500
2012-09-28,777.4577026367188,790.955232196384,773.4084437688191,782.8567144605848,1197500
2012-10-01,759.9110717773438,769.3593444282167,750.4627991264709,768.0095911923777,514000
2012-10-02,749.1129760742188,762.610507174655,747.763222964175,761.2607540646114,639500
2012-10-03,734.2656860351562,754.5119825250963,732.915932935827,749.1129701277789,947500
2012-10-04,755.86181640625,759.9110761369977,738.3150242396763,741.0145307268415,874000
2012-10-05,762.6103515625,766.6596100663717,749.1128232162611,763.9601043971239,778000
2012-10-09,759.9110717773438,763.9603314848607,751.8125523623099,755.8618120698269,549500
2012-10-10,722.1177978515625,736.9650796765479,719.4182920652015,732.9158209970064,1136500
2012-10-11,711.3198852539062,716.7188976657006,705.9208728421119,712.6696383568549,1150000
2012-10-12,715.3690185546875,728.8665472066627,711.319759959095,711.319759959095,1261000
2012-10-15,736.9652709960938,739.6647774832588,714.0194658551897,715.3692190987723,778000
2012-10-16,754.5119018554688,755.8616548104875,738.314866395244,745.0636311703377,966000
2012-10-17,751.8126220703125,762.6106489582164,750.4628687093245,762.6106489582164,609000
2012-10-18,766.6597290039062,772.0587411799901,754.5119516077176,757.2114576957596,921500
2012-10-19,766.6597290039062,769.3592350919482,753.1621985636966,759.9109637838014,713500
2012-10-22,759.9110717773438,763.9603314848607,747.763292654793,755.8618120698269,808000
2012-10-23,769.359375,772.0588815789473,755.8618421052631,765.3101151315789,558500
2012-10-24,766.6597290039062,776.108000312053,757.2114576957596,757.2114576957596,552000
2012-10-25,769.359375,776.1081414473683,757.2115953947368,776.1081414473683,806000
2012-10-26,762.6103515625,777.4576327433629,761.2605987278761,768.0093629009956,465500
2012-10-29,751.8126220703125,762.6106489582164,750.4628687093245,758.5613888752524,363500
2012-10-30,736.9652709960938,757.2115696498325,736.9652709960938,747.7632969447544,801500
2012-10-31,754.5119018554688,762.6104195855812,741.0143723052815,741.0143723052815,760000
2012-11-01,753.162109375,759.910873795923,743.7138391857079,751.8123564908154,403000
2012-11-02,784.2064208984375,784.2064208984375,769.3591392635274,769.3591392635274,796000
2012-11-05,785.556396484375,786.9061497429392,778.8076301915539,782.8568899672466,402500
2012-11-06,788.2557373046875,793.6547492040346,784.206478380177,792.3049962291979,637500
2012-11-07,774.7584228515625,795.0047231002967,765.3101494021531,795.0047231002967,735500
2012-11-08,766.6597290039062,777.4577533560739,759.9109637838014,766.6597290039062,490000
2012-11-09,746.413330078125,759.9108586509662,743.7138243635567,758.5611057936821,688500
2012-11-12,699.1722412109375,750.4628689445583,699.1722412109375,750.4628689445583,2041500
2012-11-13,701.8716430664062,711.3199151846079,696.472630427434,704.5711493858925,930500
2012-11-14,692.4234008789062,704.5711798416941,688.3741412246436,701.871673405519,790500
2012-11-15,700.5217895507812,700.5217895507812,682.9750009878522,693.7730247188854,1272500
2012-11-16,720.7681884765625,722.1179416385036,701.8716442093867,707.2706568571513,1293000
2012-11-19,730.2164306640625,742.3642086233536,726.1671713442987,742.3642086233536,916000
2012-11-20,723.4676513671875,731.5661698526411,719.4183921244608,731.5661698526411,649500
2012-11-21,738.3148803710938,738.3148803710938,727.516856526544,730.2163624876814,626000
2012-11-22,747.7632446289062,753.1622572255048,741.014478883158,751.8125040763551,687000
2012-11-26,758.5612182617188,776.1080080079862,757.2114652043135,768.0094896635551,1186500
2012-11-27,751.8126220703125,757.2116355142645,742.3643485433965,754.5121287922884,902000
2012-11-28,741.0146484375,750.4629226434427,739.6648949795083,742.3644018954918,535000
2012-11-29,747.7632446289062,753.1622572255048,743.7139851814572,743.7139851814572,646500
2012-11-30,745.063720703125,754.5119925236356,742.3642144686934,750.4627331719882,610500
2012-12-03,759.9110717773438,761.2608250131827,749.113045890632,751.8125523623099,876500
2012-12-04,757.21142578125,763.9601907169118,753.162166819853,761.2606847426471,1031000
2012-12-05,766.6597290039062,772.0587411799901,754.5119516077176,757.2114576957596,930000
2012-12-06,763.960205078125,773.4084761656637,759.9109460406085,770.7089701406527,995500
2012-12-07,746.413330078125,770.7088815092394,746.413330078125,768.0093757946711,1253500
2012-12-10,758.5612182617188,759.910971319124,749.1129468598824,755.8617121469083,934000
2012-12-11,761.2608032226562,765.3100628142661,754.5120372366398,754.5120372366398,815500
2012-12-12,766.6597290039062,770.7089881359692,763.9602229158644,770.7089881359692,759000
2012-12-13,795.0045776367188,797.704083842616,778.8075404013357,778.8075404013357,1268500
2012-12-14,795.0045776367188,799.0538369455645,782.8567997101815,799.0538369455645,1884000
2012-12-17,796.3543090820312,813.9010989431607,796.3543090820312,809.8518397444385,931500
2012-12-18,795.0045776367188,800.4035900485131,790.955318327873,797.704083842616,927500
2012-12-19,803.1033325195312,803.1033325195312,790.9555510192358,800.4038255194656,1231000
2012-12-20,790.9552001953125,799.0537176034557,782.8566827871693,790.9552001953125,1426000
2012-12-21,786.906005859375,805.8025480240941,778.807487788781,803.1030420005628,1017000
2012-12-25,796.3543090820312,801.7533213469942,789.6055437508276,800.4035682807535,768000
2012-12-26,811.5099487304688,814.2655003390612,800.4877422960991,807.3766213175801,766500
2012-12-27,811.5099487304688,823.9099309691346,810.1321729261725,819.7766035562461,888000
2012-12-28,854.2211303710938,859.7322344380041,819.7767299529045,823.9100580030872,2223500
2013-01-04,872.1318969726562,883.1541010418209,867.9985704467196,881.7763255331754,1429000
2013-01-07,863.865234375,885.9096422697369,862.487458881579,880.3985402960526,986000
2013-01-08,847.3321533203125,856.9765843337144,843.1988257431402,850.0877050384273,933000
2013-01-09,850.0875854492188,854.2209124449199,832.17650180118,833.5542774664139,857500
2013-01-10,856.9764404296875,859.7319916850885,847.3320110357843,854.2208891742866,815500
2013-01-11,873.510009765625,881.7766660094637,858.3544733185873,874.8877858062648,1546000
2013-01-15,865.2431030273438,883.1541863702665,862.4875517438172,881.7764107285032,885000
2013-01-16,843.19873046875,867.9986931295956,840.4431790619893,862.4875903160744,850500
2013-01-17,870.7542114257812,873.5097627277615,847.3320253589485,847.3320253589485,1672500
2013-01-18,902.443115234375,902.443115234375,885.9098062529819,890.0431334983301,1828000
2013-01-21,887.2877197265625,907.9543591611873,887.2877197265624,907.9543591611873,802000
2013-01-22,885.9097900390625,902.4430987178631,874.8875842531954,888.6653414855293,931500
2013-01-23,867.9984130859375,879.02061515687,861.1095367916047,872.1317388625372,984500
2013-01-24,891.4208984375,898.3097770962133,863.8653838026469,867.9987109978748,1052000
2013-01-25,934.1318969726562,934.1318969726562,899.6875054913636,905.1986081283704,1410500
2013-01-28,924.4874877929688,939.6430203797387,917.5986093444369,938.2652446900323,999000
2013-01-29,935.5095825195312,942.3984601522229,912.0873985683795,914.8429496214561,900500
2013-01-30,949.2874145507812,949.2874145507812,934.1318825332796,938.2652094471437,716500
2013-01-31,969.9541625976562,969.9541625976564,945.1541982130572,949.2875256104903,822500
2013-02-01,983.731689453125,990.6205668302478,971.3317101743041,971.3317101743041,863500
2013-02-04,989.2430419921875,998.8874727636991,976.8430595716726,998.8874727636991,993500
2013-02-05,965.8206787109375,982.3539856218238,964.4429031350303,969.954005438659,784000
2013-02-06,1009.90966796875,1014.0429953956344,986.4874792164052,989.2430308343281,782500
2013-02-07,1004.3983154296875,1016.798294632523,994.7538871608152,1000.2649890287422,703000
2013-02-08,983.731689453125,1009.9094234861914,982.3539139777005,985.1094649285495,975500
2013-02-12,1001.6430053710938,1014.0429875558802,997.5096779761649,1005.7763327660225,855500
2013-02-13,985.1096801757812,1004.398541046356,976.8430255169635,994.7541106110687,806500
2013-02-14,1106.35400390625,1118.753986515411,975.4652985873288,978.2208502782535,3486000
2013-02-15,1084.3095703125,1102.2206559720457,1067.7762604729194,1100.8428801520806,2037000
2013-02-18,1151.820556640625,1164.2205387097226,1095.331749436958,1098.0873010078685,2427000
2013-02-19,1162.8427734375,1195.9093925873815,1138.0428090750888,1165.5983250333234,2494000
2013-02-20,1149.0650634765625,1166.9761495978998,1144.9317359101,1153.198391043025,1364000
2013-02-21,1151.820556640625,1160.0872113533567,1140.7983503569826,1142.1761261424379,1285000
2013-02-22,1147.68701171875,1155.9536648643832,1132.5314809517558,1142.1759096216613,1576000
2013-02-25,1187.642578125,1190.398129350348,1164.2203927095418,1165.5981683222158,1171500
2013-02-26,1162.8427734375,1180.7538588103523,1153.1983428521178,1166.976100831235,1223500
2013-02-27,1158.7093505859375,1165.5982290079705,1146.3093694262784,1162.8426776391573,833500
2013-02-28,1197.286865234375,1202.7979670306206,1175.2424580493923,1176.6202334984537,1178500
2013-03-01,1186.264892578125,1194.5315468818053,1175.2426868398845,1182.1315654262849,879500
2013-03-04,1190.3980712890625,1208.3091533802174,1184.8869691071686,1190.3980712890625,746500
2013-03-05,1189.0205078125,1211.064920471828,1184.887180438876,1208.3093688894119,765000
2013-03-06,1198.6646728515625,1208.3091012538164,1187.6424689632722,1202.7979993096712,667000
2013-03-07,1215.1981201171875,1245.5091843377977,1209.6870175316221,1213.820344470796,1387000
2013-03-08,1277.197998046875,1284.0868761377426,1227.5980757926275,1227.5980757926275,3174500
2013-03-11,1264.79833984375,1297.864963107639,1256.5316840277778,1296.4871871383102,992000
2013-03-12,1262.0426025390625,1303.3758755479837,1262.0426025390625,1277.198135975667,1232000
2013-03-13,1277.197998046875,1296.4868567013045,1253.7758125379248,1256.5313637742718,913500
2013-03-14,1297.864990234375,1299.2427662325006,1255.1539342924793,1277.19835026249,624500
2013-03-15,1357.109130859375,1369.5091127657042,1314.3980820709073,1314.3980820709073,1829000
2013-03-18,1335.064453125,1355.7310855263158,1324.0422491776317,1337.820004111842,1327500
2013-03-19,1368.1309814453125,1377.7754093104859,1346.0865748963447,1350.2199011242762,1061000
2013-03-21,1431.5091552734375,1431.5091552734375,1386.0425507267355,1387.42032662209,1258500
2013-03-22,1405.3314208984375,1419.1091799268536,1373.6425751330805,1401.1980931899127,1688000
2013-03-25,1421.864501953125,1431.508931714435,1384.6645585880722,1409.4645208314407,1108000
2013-03-26,1435.6427001953125,1443.9093568183182,1395.6871931841185,1410.8427303262956,1479500
2013-03-27,1493.5086669921875,1494.886442515243,1417.7310132241337,1420.4865642702448,1417000
2013-03-28,1493.5086669921875,1500.397544607465,1456.3087278696885,1483.8642383307988,1478500
2013-03-29,1490.75341796875,1512.7978308037777,1476.9756599468578,1512.7978308037777,913000
2013-04-01,1427.3759765625,1496.2647785201495,1419.109320327582,1487.9981222852316,1724500
2013-04-02,1413.5980224609375,1432.8868843658627,1366.7536435489767,1380.5314020524945,1429500
2013-04-03,1490.75341796875,1499.0200727818856,1435.6423858811809,1438.3979374855592,1456500
2013-04-04,1530.7086181640625,1532.0863936979636,1434.2643307909893,1459.0642904012082,1435500
2013-04-05,1530.7086181640625,1609.2418235964224,1518.3086383589532,1598.219619325214,2227000
2013-04-08,1591.3309326171875,1595.4642597148945,1554.1309887378247,1572.0420728278884,1040500
2013-04-09,1589.95361328125,1636.798000500975,1567.9091957660855,1627.1535678380903,960000
2013-04-10,1580.3087158203125,1595.4642484044655,1563.775407546691,1584.4420428887179,1218500
2013-04-11,1662.9754638671875,1672.6198948921008,1587.1977915285834,1587.1977915285834,1646500
2013-04-12,1646.4422607421875,1671.242227849601,1613.3756379323024,1671.242227849601,1760000
2013-04-15,1636.797607421875,1651.9531408239295,1611.9976436730587,1614.753195200705,847500
2013-04-16,1635.4197998046875,1654.7086601225185,1595.464303432037,1595.464303432037,1412500
2013-04-17,1693.2861328125,1712.5749903058888,1654.708417825722,1660.2195199666903,1490500
2013-04-18,1682.26416015625,1716.7085532798424,1673.997505806588,1707.0641232052365,1244500
2013-04-19,1707.064208984375,1707.064208984375,1660.2198319823824,1686.3975720717312,1176000
2013-04-22,1748.397216796875,1763.5527482269504,1735.9972365359042,1748.397216796875,1424500
2013-04-23,1724.975341796875,1745.641979278467,1713.953135140026,1722.2197901326626,820500
2013-04-24,1758.042236328125,1759.420012375404,1723.5978351461476,1731.864491429822,1096000
2013-04-25,1762.1749267578125,1774.5749066959052,1733.2416402355968,1747.0193957223662,1129500
2013-04-26,1738.753173828125,1771.8197952004507,1733.2420702660706,1766.3086916383963,1126000
2013-04-30,1760.79736328125,1780.0862232858958,1752.5307089935445,1767.6862418543378,1204500
2013-05-01,1747.02001953125,1763.5533320189274,1731.8644830842122,1760.7977799376479,867500
2013-05-02,1722.2198486328125,1742.8864868164062,1715.330969238281,1730.48650390625,716500
2013-05-07,1803.5086669921875,1807.641994724026,1771.8198210480925,1782.8420283329951,1675500
2013-05-08,1777.330810546875,1807.641878633721,1758.0419490370641,1795.2418962345569,1431000
2013-05-09,1707.064208984375,1769.0641197223063,1702.9308816018463,1763.5530165456012,1726000
2013-05-10,1693.2861328125,1781.4637670679922,1661.5972955019324,1763.5526851098452,2588000
2013-05-13,1673.99755859375,1687.7753162776492,1629.9087340052727,1686.3975405092592,1879500
2013-05-14,1713.952880859375,1719.463983370177,1662.975182634458,1667.1085095175592,1533000
2013-05-15,1748.397216796875,1762.174972642398,1718.0861539367243,1723.5972562749334,1811500
2013-05-16,1705.68603515625,1753.9081766994398,1640.9305879411097,1748.3970748087895,2041000
2013-05-17,1713.952880859375,1718.0862077424765,1682.2640414222644,1707.0640027208726,1512000
2013-05-20,1715.3306884765625,1741.5084258910642,1705.6862589027987,1727.730669357116,1208500
2013-05-21,1672.6195068359375,1696.0416910338047,1651.9528737201722,1696.0416910338047,1875000
2013-05-22,1671.2420654296875,1700.1753575764506,1661.5976347141,1685.0198235948128,1216000
2013-05-23,1533.464599609375,1675.37551942947,1530.7090477682082,1656.0866565413016,2650500
2013-05-24,1545.8642578125,1610.6197124623995,1485.242130055147,1543.108706550802,2502500
2013-05-27,1476.9755859375,1543.1088211287315,1459.0645014065415,1505.9088763336638,1782000
2013-05-28,1494.8863525390625,1503.1530051798313,1449.4197630148328,1459.06419109573,2217000
2013-05-29,1487.997802734375,1540.3532809787328,1464.5756150987413,1515.5533175998264,2577500
2013-05-30,1414.9757080078125,1460.442308167752,1399.820174621166,1448.0423263059502,2418000
2013-05-31,1424.619873046875,1492.130872833429,1417.730995517635,1485.241995304189,9954000
2013-06-03,1362.6202392578125,1428.7534763502038,1340.575826893682,1425.9979248046875,2778500
2013-06-04,1381.9090576171875,1390.1757119997428,1329.5535798610028,1358.486870199947,1810000
2013-06-05,1351.5980224609375,1428.7534651294518,1348.842470937062,1394.309071081008,1903500
2013-06-06,1339.197998046875,1379.1534938733764,1330.9313437379437,1358.4868581010483,2209500
2013-06-07,1286.8426513671875,1318.531496101069,1246.887151485337,1308.887065095105,2127500
2013-06-10,1372.2646484375,1373.6424241889433,1329.5536001427586,1341.953581905748,1228500
2013-06-11,1365.3759765625,1383.2870640451565,1340.5760092788219,1365.3759765625,2138000
2013-06-12,1354.353515625,1357.1090670301373,1308.8869174402341,1322.6646744659208,1149500
2013-06-13,1268.931396484375,1348.8423856223703,1267.553620809582,1348.8423856223703,1862000
2013-06-14,1274.442626953125,1317.1536771537162,1267.5537478885135,1292.3537125211149,3038500
2013-06-17,1336.4422607421875,1339.1978117952642,1263.4201578356556,1270.3090354683472,1984000
2013-06-18,1369.509033203125,1376.3979116397604,1319.9091084593497,1328.1757625833122,2090000
2013-06-19,1357.109130859375,1402.5757311825823,1341.953597418306,1386.0424219741433,1084000
2013-06-20,1380.53125,1395.6867826846308,1343.3313061377246,1352.975736027944,1370500
2013-06-21,1352.975830078125,1362.6202606387633,1299.2425740974254,1325.4203141905869,1900000
2013-06-24,1329.5537109375,1375.0203145239639,1322.6648316062176,1373.6425386577073,796000
2013-06-25,1315.7760009765625,1329.553760149092,1289.5982585487566,1321.2871046455743,1302000
2013-06-26,1300.4600830078125,1343.6231050348383,1292.1059497122592,1335.268971739285,986000
2013-06-27,1354.76171875,1357.5464293743576,1303.2445721993834,1318.5604806333504,940000
2013-06-28,1388.17822265625,1409.063551984077,1358.9387615972917,1375.6470250595535,1460500
2013-07-01,1421.594482421875,1427.1639025293064,1389.570316804144,1417.4174173413014,877000
2013-07-02,1457.7960205078125,1457.7960205078125,1425.771848137536,1443.8724673033446,837500
2013-07-03,1475.896484375,1489.8200361143868,1461.9729326356132,1467.5423533313678,909500
2013-07-04,1438.302978515625,1470.3271493828656,1425.7717812197484,1455.011241576794,712000
2013-07-05,1457.7960205078125,1460.5807311487063,1439.695401342004,1452.2265992260254,669500
2013-07-08,1431.341064453125,1487.035269295659,1424.3792888478083,1484.2505590535322,705500
2013-07-09,1463.36572265625,1463.36572265625,1435.518610902563,1442.480388840985,704000
2013-07-10,1470.3272705078125,1481.4661134662051,1452.2266507004247,1464.7578490286164,913000
2013-07-11,1463.36572265625,1468.9351450069876,1431.34154413951,1442.480388840985,752000
2013-07-12,1466.150390625,1480.073946091524,1455.0115462517806,1473.1121683582621,1009000
2013-07-16,1463.36572265625,1487.035767646884,1445.2651000163535,1482.858700883831,956500
2013-07-17,1445.2647705078125,1460.5806784804386,1436.91063888638,1452.226546859006,647000
2013-07-18,1455.0113525390625,1457.7960632616252,1432.73366675856,1452.2266418164998,2973500
2013-07-19,1422.9871826171875,1464.7578435550697,1410.4559843358227,1455.0113560028972,1245000
2013-07-22,1452.2266845703125,1453.6190399725851,1429.948998133951,1452.2266845703125,790500
2013-07-23,1450.83447265625,1455.0115392761818,1421.5950063167288,1431.3414950965691,730500
2013-07-24,1435.518310546875,1456.4036399922709,1416.025336397839,1441.087731732314,499500
2013-07-25,1436.9107666015625,1448.0496097535126,1431.3413450255873,1441.0878327835437,483500
2013-07-26,1402.1019287109375,1432.7337484047216,1392.3554406265516,1427.1643266422154,970000
2013-07-29,1324.1300048828125,1370.0777337588722,1319.9529386213526,1361.7236012359524,710500
2013-07-30,1361.7237548828125,1367.2931771931717,1311.59895408958,1312.9913096671698,804000
2013-07-31,1345.0155029296875,1374.2549703846807,1324.1301690332637,1346.4078585227824,755000
2013-08-01,1388.17822265625,1388.17822265625,1328.3069452498119,1343.6228534235518,605000
2013-08-02,1436.9107666015625,1436.9107666015625,1400.7095263577246,1413.2407249036685,456500
2013-08-05,1422.9871826171875,1432.73367016936,1409.0636289712268,1416.025405794207,391500
2013-08-06,1436.9107666015625,1438.3031219955562,1397.9248155697371,1421.5948572676311,454500
2013-08-07,1365.9007568359375,1417.4179107634907,1364.508401324382,1409.0637776941576,736000
2013-08-08,1319.953125,1379.82441653481,1314.3837025316454,1364.5085047468353,988500
2013-08-09,1306.0296630859375,1343.6232674604794,1278.182548734425,1333.8767774374498,1915500
2013-08-12,1301.8521728515625,1326.9145676230364,1269.8280017546792,1293.4980412610712,703000
2013-08-13,1300.4600830078125,1310.2065718526248,1282.3594608674468,1306.0295052048482,962500
2013-08-14,1307.421630859375,1312.9910520770934,1278.1821694663538,1300.4598543372272,727500
2013-08-15,1282.359375,1301.852351384365,1276.7899531758958,1301.852351384365,608500
2013-08-16,1264.2589111328125,1292.1060237128304,1255.9047773588072,1276.7901117938206,864500
2013-08-19,1279.57470703125,1285.1441290422674,1264.2587965009523,1267.0435075064609,437000
2013-08-20,1221.0955810546875,1264.2585947521736,1216.9185152129953,1262.8662394716096,848500
2013-08-21,1233.626953125,1236.4116640801353,1212.7416209614842,1228.0575312147291,823500
2013-08-22,1230.84228515625,1241.981129365809,1207.1722412109375,1229.4499296300553,687000
2013-08-23,1268.4356689453125,1276.7898006837008,1243.373273730147,1253.119760758267,665000
2013-08-26,1244.7657470703125,1275.3975663494475,1240.5886808049759,1274.0052109276687,577000
2013-08-27,1200.2103271484375,1233.6268559785565,1196.0332610446726,1233.6268559785565,1093000
2013-08-28,1194.6409912109375,1202.9951240166083,1164.0091709234775,1164.0091709234775,872500
2013-08-29,1209.956787109375,1214.1338531178078,1189.071457067211,1197.4255890840766,641500
2013-08-30,1207.172119140625,1233.6268714631992,1200.2103422136317,1226.665094536206,749500
2013-09-02,1219.7034912109375,1223.8805579616599,1196.0334462901772,1207.1722909587702,424000
2013-09-03,1260.0819091796875,1260.0819091796875,1219.7035938579074,1237.8042179676709,706500
2013-09-04,1267.043212890625,1268.4355680696256,1236.4113989526097,1243.3731748476132,400500
2013-09-05,1275.3974609375,1280.9668821643013,1261.4739078704968,1276.7898162442004,480000
2013-09-06,1247.5506591796875,1276.7901277542114,1241.9812365940638,1275.3977721078056,613500
2013-09-09,1272.61279296875,1286.536346502325,1262.8663054952476,1286.536346502325,427500
2013-09-10,1283.751953125,1289.3213759151301,1260.0819062669468,1274.0054632422723,678500
2013-09-11,1286.5364990234375,1306.0294762813683,1283.7517879865902,1296.2829876524029,621500
2013-09-12,1265.6512451171875,1287.9289348002183,1261.4741783016193,1287.9289348002183,449000
2013-09-13,1257.296875,1280.9669158361019,1244.7656769102991,1261.4739410299003,1344000
2013-09-17,1228.057373046875,1261.473900204613,1228.057373046875,1260.081544906374,719500
2013-09-18,1254.5123291015625,1267.0435288373162,1233.6269962086399,1241.981129365809,557500
2013-09-19,1306.0296630859375,1308.8143745210887,1269.8284144289712,1282.3596158871517,792000
2013-09-20,1307.421630859375,1321.3451839036709,1297.6751437283679,1321.3451839036709,581500
2013-09-24,1272.61279296875,1294.89047862247,1264.2586608486051,1282.3592804422526,562500
2013-09-25,1255.9044189453125,1278.1821026516595,1254.5120637136658,1278.1821026516595,670000
2013-09-26,1306.0296630859375,1306.0296630859375,1253.1201458180637,1257.2972129707905,648000
2013-09-27,1385.3935546875,1392.3553313442212,1332.4840520964196,1335.268762759108,2264500
2013-09-30,1347.800048828125,1392.3554223431042,1322.737651225949,1392.3554223431042,1327500
2013-10-01,1382.60888671875,1385.3935974674282,1343.6229362372546,1347.800002360272,986000
2013-10-02,1347.800048828125,1381.2165789643595,1339.4459162940664,1381.2165789643595,1125000
2013-10-03,1328.3070068359375,1360.33117995672,1328.3070068359375,1346.407626425945,943500
2013-10-04,1296.2830810546875,1307.421926004674,1282.3595248672043,1306.0295703859258,1024500
2013-10-07,1260.0819091796875,1297.6755130999654,1255.9048420774343,1297.6755130999654,976500
2013-10-08,1264.2589111328125,1269.8283336488162,1243.373576697799,1253.1200661008054,622000
2013-10-09,1280.967041015625,1280.967041015625,1247.5505095108697,1253.119931428329,667500
2013-10-10,1304.636962890625,1306.0293182405615,1275.3975005419557,1282.3592772916388,732500
2013-10-11,1378.431640625,1395.1399029356062,1336.660984848485,1336.660984848485,2258500
2013-10-15,1377.03955078125,1409.063726380814,1368.6854180161463,1384.001328085503,1359500
2013-10-16,1403.4945068359375,1413.2409964667427,1365.9009039742607,1377.0397492666093,1488500
2013-10-17,1404.8865966796875,1424.3795722530429,1392.355398096816,1417.417795262559,635000
2013-10-18,1363.115966796875,1404.8866297222132,1360.3312559351857,1404.8866297222132,958500
2013-10-21,1379.8243408203125,1392.355540686491,1367.293140954134,1371.4702075761936,372000
2013-10-22,1390.9632568359375,1392.3556124483857,1374.2549894865567,1377.0397007114536,549500
2013-10-23,1358.938720703125,1406.2787990882748,1358.938720703125,1396.5323123619205,974000
2013-10-24,1379.8243408203125,1379.8243408203125,1346.4078078438367,1358.9390077100152,807000
2013-10-25,1335.268798828125,1371.4700384209625,1335.268798828125,1368.6853276830518,785000
2013-10-28,1354.76171875,1356.1540740621788,1333.8763890673176,1349.1922975012847,484500
2013-10-29,1335.268798828125,1350.5847078866332,1329.6993773523038,1333.8764434591696,477000
2013-10-30,1350.58447265625,1367.292734173647,1343.6226970240014,1347.7997624033505,634500
2013-10-31,1333.87646484375,1358.9388618867433,1331.0917540611954,1347.8000187565242,717000
2013-11-01,1317.16796875,1340.8380062433932,1306.0291275766385,1335.2685856567125,739500
2013-11-05,1299.0677490234375,1329.69957161563,1290.7136155892033,1329.69957161563,751500
2013-11-06,1328.3070068359375,1332.48407289517,1287.92870159669,1289.3210569497674,796000
2013-11-07,1317.16796875,1347.799781976744,1303.2444172832982,1338.0532959500529,929500
2013-11-08,1315.7760009765625,1343.6231121083415,1294.8906676277281,1297.675378740906,1286500
2013-11-11,1268.4356689453125,1325.5222358243002,1260.081537206924,1324.1298805345689,1372500
2013-11-12,1286.5364990234375,1286.5364990234375,1267.0435217655065,1269.8282328023538,818000
2013-11-13,1289.3211669921875,1293.4982334079289,1279.5746786887908,1279.5746786887908,604000
2013-11-14,1314.383544921875,1326.914743973037,1293.4982131699385,1294.8905686200676,946500
2013-11-15,1354.76171875,1363.115850623073,1331.0916784429598,1336.6610996916752,1057000
2013-11-18,1372.8624267578125,1377.0394929649863,1354.7618065267256,1375.647137562595,964000
2013-11-19,1367.2930908203125,1372.8625127788473,1354.761891413609,1365.9007353306788,592500
2013-11-20,1357.5462646484375,1372.8621712239585,1357.5462646484375,1368.6851057942708,738000
2013-11-21,1390.9632568359375,1393.7479680608342,1365.9008558118664,1370.0779226492116,1027000
2013-11-22,1397.924560546875,1420.202242786666,1388.1780745669666,1411.8481119467444,957500
2013-11-25,1416.025634765625,1417.417990355365,1400.7097232784845,1416.025634765625,677500
2013-11-26,1425.771728515625,1429.9487941265106,1403.4940452575684,1406.2787556648254,535000
2013-11-27,1436.9107666015625,1442.4801881775375,1418.8101464796434,1425.7719234496124,872000
2013-11-28,1467.5426025390625,1468.934957949441,1446.6572713833832,1446.6572713833832,1038000
2013-11-29,1475.896484375,1478.6811947228773,1449.441736070165,1450.8340912441038,980500
2013-12-02,1471.7196044921875,1481.4660919391558,1461.9731170452194,1478.681381240022,947000
2013-12-03,1482.8582763671875,1505.1359593924221,1477.2888556108787,1488.427697123496,1274500
2013-12-04,1429.9488525390625,1455.01124722816,1407.671168370976,1448.049470925633,1386000
2013-12-05,1378.431640625,1431.3411379419192,1375.6469302398991,1421.5946515940657,1475500
2013-12-06,1381.2164306640625,1386.7858517554498,1361.7234568442068,1378.4317201183687,904500
2013-12-09,1427.164306640625,1431.3413729039635,1413.240752429497,1422.9872403772865,766000
2013-12-10,1418.8099365234375,1432.733488402961,1416.025226147533,1431.3411332150085,610000
2013-12-11,1400.709716796875,1418.8103393797371,1388.178516547201,1417.41798379644,517000
2013-12-12,1371.47021484375,1382.6090592282676,1365.900792651491,1379.8243481321383,843000
2013-12-13,1399.317138671875,1410.4559815667756,1371.4700314346237,1371.4700314346237,1863000
2013-12-16,1370.07763671875,1393.7476771905172,1364.5082154312754,1386.7859005811738,552000
2013-12-17,1389.5706787109375,1395.1401002688972,1378.4318355950184,1381.2165463739982,564500
2013-12-18,1411.84814453125,1413.2404997033716,1381.216330744576,1382.6086859166976,801500
2013-12-19,1411.84814453125,1442.479958317924,1402.1016583263993,1432.7334721130733,1047000
2013-12-20,1442.48046875,1442.48046875,1421.5951337777508,1421.5951337777508,1536500
2013-12-24,1448.0496826171875,1467.5426591139574,1443.8726162250225,1457.7961708655725,1111000
2013-12-25,1455.0113525390625,1456.4037079003438,1439.695443564967,1446.657220371374,708500
2013-12-26,1447.9683837890625,1463.4622089074278,1431.066029114482,1462.0536793512128,1639000
2013-12-27,1435.2918701171875,1456.4198171748499,1416.9809826672135,1456.4198171748499,1296500
2013-12-30,1455.01123046875,1457.8282899662695,1435.2918139861144,1455.01123046875,926000
2014-01-06,1425.4322509765625,1450.7857890374105,1411.3469520538692,1438.1090200069866,1139000
2014-01-07,1418.3895263671875,1447.9686525377049,1411.3468772789693,1416.980996549544,992500
2014-01-08,1459.2373046875,1459.2373046875,1424.0240492655043,1432.4752305667832,724000
2014-01-09,1435.2918701171875,1457.8283469786938,1428.2492210979667,1452.1942277633173,864500
2014-01-10,1424.02392578125,1428.2495160654673,1408.5300947391197,1411.347154928598,1677500
2014-01-14,1374.72509765625,1400.078634293353,1369.0909784035605,1383.1762765352844,1344000
2014-01-15,1405.7127685546875,1405.7127685546875,1384.5848211315208,1395.8530597572096,866000
2014-01-16,1393.0362548828125,1421.2068565993507,1388.8106646253318,1412.7556760843893,602500
2014-01-17,1398.669921875,1402.8955107628399,1374.7249181772406,1381.7675663236405,825500
2014-01-20,1383.176513671875,1402.8959344370544,1381.7679836172192,1402.8959344370544,428000
2014-01-21,1391.627685546875,1402.8959259156754,1380.3594451780743,1387.4020954085747,443000
2014-01-22,1388.8104248046875,1394.444544175092,1371.9080666934744,1387.4018949620865,799500
2014-01-23,1384.5848388671875,1404.3042567147365,1378.9507194821736,1397.261607483469,713500
2014-01-24,1367.6826171875,1371.9082071479145,1355.0058473062566,1367.6826171875,987000
2014-01-27,1314.1588134765625,1335.2867686771503,1311.3417527831507,1325.4270562502093,1013000
2014-01-28,1307.1158447265625,1331.0608548131481,1307.1158447265625,1315.5670247571222,622000
2014-01-29,1359.2314453125,1359.2314453125,1328.2437854193652,1333.8779053999351,672500
2014-01-30,1309.932861328125,1318.384041078629,1298.6646216607862,1307.1158014112902,730500
2014-01-31,1301.481689453125,1329.6522887919373,1281.7622699159565,1328.2437588249966,732000
2014-02-03,1270.493896484375,1287.3962543090008,1270.493896484375,1277.536545577969,534000
2014-02-04,1176.12255859375,1222.6040489333834,1176.12255859375,1212.7443388613399,1592000
2014-02-05,1190.207763671875,1214.152771935096,1167.6712853064903,1214.152771935096,1012500
2014-02-06,1176.12255859375,1201.4760987790046,1176.12255859375,1200.0675687687126,924000
2014-02-07,1228.2381591796875,1229.6466891787468,1191.6163792041464,1200.0675591985018,812500
2014-02-10,1250.7744140625,1250.7744140625,1233.8720571157094,1239.506176097973,624500
2014-02-12,1297.255859375,1300.0729187873237,1274.7193840764116,1284.579092019544,1166000
2014-02-13,1307.1158447265625,1329.652324808055,1305.7073147214692,1316.9755547622153,1592000
2014-02-14,1283.170654296875,1352.1886148463227,1263.4512369970328,1309.932720632375,3365000
2014-02-17,1325.4267578125,1325.4267578125,1283.1708569258103,1291.6220371031482,1229500
2014-02-18,1345.1463623046875,1355.0060738608477,1318.3842880808247,1325.4269391923676,797500
2014-02-19,1324.0179443359375,1339.511771344124,1312.7497065118018,1316.9752956958528,965500
2014-02-20,1304.2987060546875,1331.0607745374512,1300.0731162942511,1321.201065096433,840500
2014-02-21,1364.865478515625,1371.9081280435694,1336.6948804038473,1338.1034103094362,1073000
2014-02-24,1352.1885986328125,1370.4994859059652,1338.1033007303874,1355.0056582132977,680000
2014-02-25,1369.091064453125,1373.3166541582273,1356.4142953378184,1362.0484149446213,393000
2014-02-26,1376.1337890625,1380.3593789982087,1349.3717194696776,1350.780249448247,696000
2014-02-27,1407.12158203125,1411.34717236768,1374.725389451952,1384.5851002369557,1417000
2014-02-28,1394.4444580078125,1402.8956365411932,1369.0909224076706,1387.4018092299953,808500
2014-03-03,1395.8533935546875,1405.7131047099679,1360.6401394286863,1391.6278030595674,1355000
2014-03-04,1418.3895263671875,1431.0662947259807,1381.7677511084519,1395.8530492848886,1276000
2014-03-05,1397.2615966796875,1424.0236635515766,1397.2615966796875,1409.9383651979508,1016000
2014-03-06,1418.3895263671875,1431.0662947259807,1388.8104001966703,1394.444519467245,938500
2014-03-07,1436.70068359375,1456.4201047411152,1425.4324429381127,1438.1092136757047,840000
2014-03-10,1431.066650390625,1436.7007710614544,1421.2069392166738,1424.0239995520885,532500
2014-03-11,1450.7857666015625,1450.7857666015627,1426.8407588032844,1433.883408155719,569000
2014-03-12,1418.3895263671875,1436.7004139965554,1415.5724667319002,1436.7004139965554,668000
2014-03-13,1414.163818359375,1428.2491153549863,1411.3467589602528,1415.572348058936,706000
2014-03-14,1339.511962890625,1371.9081512675803,1338.1034329611923,1367.6825614792817,1608000
2014-03-17,1333.8779296875,1346.554699874604,1321.201159500396,1331.0608696459215,552000
2014-03-18,1355.0057373046875,1366.273976284352,1343.7374983250227,1355.0057373046875,537000
2014-03-19,1349.3717041015625,1373.316713464534,1338.1034644013407,1359.2314138392564,1308000
2014-03-20,1338.103271484375,1366.2738666735197,1336.6947417249178,1356.4141583573191,930000
2014-03-24,1343.737548828125,1367.6825575598632,1340.9204889773323,1350.7801984551068,930000
2014-03-25,1338.103271484375,1346.5544500411183,1325.4265036492598,1343.737390522204,613000
2014-03-26,1331.0609130859375,1339.512093486483,1325.426792818907,1332.469443152695,593500
2014-03-27,1360.6400146484375,1364.8656047560414,1325.426763751739,1332.4694139310786,631000
2014-03-28,1346.554443359375,1349.371502864311,1315.5667888050798,1343.737383854439,765500
2014-03-31,1366.273681640625,1369.0907407780282,1349.3713268162048,1356.4139746597132,594500
2014-04-01,1353.5975341796875,1364.8657758794143,1332.4695809926995,1360.6401852420167,1124500
2014-04-02,1363.45703125,1377.5423311596076,1353.5973213132747,1360.6399712680786,769000
2014-04-03,1350.780029296875,1378.9506242769976,1346.5544400498566,1376.1335647789851,951000
2014-04-04,1349.3717041015625,1353.5972939891456,1335.2864044762853,1338.1034644013407,634000
2014-04-07,1335.28662109375,1346.5548626219672,1329.6525003296413,1338.1036814758043,513000
2014-04-08,1318.3839111328125,1335.2862689678484,1316.975381313226,1332.4692093286758,435000
2014-04-09,1269.08544921875,1300.0731072462888,1269.08544921875,1297.2560474256034,818500
2014-04-10,1297.255859375,1302.8899781996472,1287.3961514318676,1302.8899781996472,912000
2014-04-11,1280.3538818359375,1294.4391830662557,1274.71976134381,1280.3538818359375,1648500
2014-04-14,1271.902587890625,1283.1708278719373,1269.085527895297,1274.7196478859532,434500
2014-04-15,1281.7620849609375,1297.2559123615642,1278.9450254335507,1290.2132635430974,525000
2014-04-16,1308.524169921875,1309.9326997065057,1283.1706337985233,1285.9876933677847,507500
2014-04-17,1314.1588134765625,1321.2014652100918,1302.8905707029157,1304.2991010496214,408500
2014-04-18,1305.7073974609375,1319.7926984044211,1298.6647469891955,1314.1585780270277,418500
2014-04-21,1302.8900146484375,1318.383841849662,1301.4814849028714,1311.3411931218327,324500
2014-04-22,1322.6094970703125,1342.328914492021,1305.7071392802766,1312.7497883594583,844500
2014-04-23,1353.5975341796875,1353.5975341796875,1326.8354601428362,1326.8354601428362,660000
2014-04-24,1325.4267578125,1355.0058884331827,1314.1585175760495,1342.329118167176,596500
2014-04-25,1316.97509765625,1333.8774518507687,1311.3409795914104,1322.6092157210894,551000
2014-04-28,1293.030517578125,1308.5243473094533,1280.3537477979473,1294.4390475537002,559000
2014-04-30,1285.9879150390625,1298.6646852858878,1277.5367348745121,1294.4390952036126,561000
2014-05-01,1290.2135009765625,1297.2561510910634,1277.536730770461,1288.8049709536624,471500
2014-05-02,1290.2135009765625,1294.439091045263,1281.7623208391615,1293.030561022363,316500
2014-05-07,1255.0001220703125,1277.5366001321813,1253.591592191446,1271.902480616714,740000
2014-05-08,1288.8046875,1294.4388063524589,1259.2255635245901,1260.634093237705,525500
2014-05-09,1250.7744140625,1294.438836175042,1247.9573545713681,1271.9023602459881,1018000
2014-05-12,1216.969482421875,1235.2803658379448,1212.7438939412434,1235.2803658379448,827000
2014-05-13,1243.7320556640625,1245.1405857384273,1222.6041045485915,1225.4211646973208,712000
2014-05-14,1262.0430908203125,1262.0430908203125,1236.689546585083,1239.506607055664,540000
2014-05-15,1247.9576416015625,1253.5917618796734,1236.6894010453407,1253.5917618796734,334000
2014-05-16,1218.3782958984375,1233.8721239387644,1211.3356467891979,1233.8721239387644,458500
2014-05-19,1197.250244140625,1221.1952490234376,1195.841714441636,1218.3781896254595,546000
2014-05-20,1209.9271240234375,1214.1527135136241,1202.8844748731265,1205.7015345332509,280500
2014-05-21,1205.70166015625,1215.5613699939763,1198.6590102721598,1205.70166015625,509000
2014-05-22,1232.4637451171875,1236.6893351004464,1212.7443251953125,1215.5613851841517,662500
2014-05-23,1249.3662109375,1255.0003313926861,1228.2382592305526,1231.0553194581455,595000
2014-05-26,1249.3662109375,1256.4088615064827,1239.5065001409246,1255.0003313926861,404000
2014-05-27,1249.3662109375,1266.2685723030581,1247.9576808237036,1255.0003313926861,417500
2014-05-28,1257.8172607421875,1260.6343206766605,1245.140491037059,1250.7746109060051,447000
2014-05-29,1271.902587890625,1271.902587890625,1255.0002279186567,1257.8172879139847,344500
2014-05-30,1267.677001953125,1278.945241970486,1257.817291937934,1273.3111219618054,739000
2014-06-02,1290.2135009765625,1295.847621068163,1270.49408065596,1270.49408065596,583000
2014-06-03,1305.7073974609375,1314.1585780270277,1302.8903372722407,1311.341517838331,812000
2014-06-04,1280.3538818359375,1309.933014419606,1276.1282914668418,1305.7074240505103,943500
2014-06-05,1283.170654296875,1291.6218331396644,1278.9450648754803,1287.3962437182697,545000
2014-06-06,1288.8046875,1293.0302766393443,1283.170568647541,1291.6217469262294,468500
2014-06-09,1307.1158447265625,1314.158494752029,1302.8902547112825,1304.2987847163758,463500
2014-06-10,1291.6219482421875,1308.5243074340156,1287.3963584442306,1305.707247568711,559500
2014-06-11,1294.4390869140625,1301.4817370060869,1285.9879068036335,1285.9879068036335,593000
2014-06-12,1284.579345703125,1297.2561155620374,1280.353755750154,1280.353755750154,644500
2014-06-13,1288.8046875,1290.2132172131146,1264.8596823770492,1264.8596823770492,1239500
2014-06-16,1276.128173828125,1290.2134737600027,1273.3111138417494,1278.9452338145006,611000
2014-06-17,1297.255859375,1297.255859375,1280.3535029010586,1280.3535029010586,652500
2014-06-18,1285.9879150390625,1305.7073354230129,1284.5793850116374,1302.890275368163,748500
2014-06-19,1326.835205078125,1329.652264961518,1293.0304864774084,1295.8475463608015,817000
2014-06-20,1336.694580078125,1352.1884055584826,1331.0604617216313,1332.4689913107547,1161000
2014-06-23,1339.511962890625,1350.7802023260876,1335.2863731023265,1343.7375526789235,477500
2014-06-24,1315.5670166015625,1332.4693765578995,1311.3414266124782,1331.060846561538,830500
2014-06-25,1287.3963623046875,1312.749901168456,1283.1707724940595,1302.8901916103239,1129000
2014-06-26,1270.2691650390625,1293.1054646352704,1265.9873588647736,1290.2509271857443,1261500
2014-06-27,1228.87841796875,1267.414674978223,1221.742074078107,1267.414674978223,1897000
2014-06-30,1250.28759765625,1251.714866603346,1228.8785634498072,1236.014908185288,1015500
2014-07-01,1251.714599609375,1255.9964055373432,1233.160107254846,1247.4327936814068,1001500
2014-07-02,1260.2781982421875,1264.56000412523,1257.4236609868258,1261.7054668698684,744000
2014-07-03,1253.141845703125,1271.6963377237864,1250.287308469177,1271.6963377237864,548500
2014-07-04,1255.99658203125,1263.1329262473366,1253.1420443448153,1257.4238508744672,566500
2014-07-07,1257.423583984375,1265.9871952260394,1257.423583984375,1258.8508525246525,499000
2014-07-08,1244.5784912109375,1254.5693735945115,1237.4421466512417,1253.1421046825724,658000
2014-07-09,1244.5784912109375,1248.8602979467548,1237.4421466512417,1237.4421466512417,558000
2014-07-10,1230.3056640625,1246.005620332439,1230.3056640625,1241.7238140770012,549500
2014-07-11,1233.1600341796875,1237.4418398539224,1223.1691542731392,1227.450959947374,887500
2014-07-14,1248.860107421875,1251.7146448102678,1234.5874204799106,1241.7237639508928,359500
2014-07-15,1265.9874267578125,1268.841964360423,1251.7147387447592,1253.1420075460646,618500
2014-07-16,1257.423583984375,1263.1326581454846,1253.141778363543,1255.9963154440977,401000
2014-07-17,1246.00537109375,1263.1325926895404,1241.7235656948023,1260.2780557569085,508500
2014-07-18,1234.5872802734375,1236.0145488055455,1226.0236690807894,1236.0145488055455,510000
2014-07-22,1236.0145263671875,1241.7236003919784,1231.7327208485945,1234.58725786099,536500
2014-07-23,1230.3056640625,1237.4420078215633,1224.5965890552495,1236.0147390697505,571000
2014-07-24,1234.5872802734375,1243.1508914660856,1230.3054746771136,1234.5872802734375,594000
2014-07-25,1248.860107421875,1251.7146448102678,1236.0146891741072,1248.860107421875,410000
2014-07-28,1271.6962890625,1274.5508261872194,1243.1509178153058,1243.1509178153058,956000
2014-07-29,1281.6873779296875,1284.5419155197312,1271.696496364534,1274.5510339545779,658000
2014-07-30,1281.6873779296875,1287.3964531097752,1273.123765159556,1274.5510339545779,716500
2014-07-31,1284.5418701171875,1301.6690950520833,1284.5418701171875,1291.6782138400608,916000
2014-08-01,1285.96923828125,1294.532851410759,1260.2783988927233,1277.405625151741,760000
2014-08-04,1291.6781005859375,1295.9599064442334,1281.6872202499135,1284.5417574887774,483500
2014-08-05,1270.2691650390625,1293.1054646352704,1267.4146275895366,1291.6781959105074,423000
2014-08-06,1250.28759765625,1268.8420939685002,1248.8603287091537,1267.414825021404,455000
2014-08-07,1260.2781982421875,1260.2781982421875,1244.5782433376983,1250.2873178484217,471000
2014-08-08,1275.9781494140625,1303.0962532606702,1237.4418965794098,1244.578239696938,1671500
2014-08-11,1314.5145263671875,1317.3690638837286,1288.8236887183173,1303.096376301023,1781500
2014-08-12,1301.669189453125,1315.9418779339705,1298.8146517569558,1303.0964583012094,736500
2014-08-13,1305.9510498046875,1317.3692010598104,1294.5328985495644,1295.9601674564549,723500
2014-08-14,1308.8052978515625,1311.6598350333543,1300.241686306187,1304.5234920788746,589000
2014-08-15,1303.0963134765625,1307.3781195449412,1297.3872387187243,1303.0963134765625,375500
2014-08-18,1301.669189453125,1305.9509959973786,1297.3873829088711,1298.8146517569558,318000
2014-08-19,1315.9420166015625,1318.796554598529,1311.6602096061126,1315.9420166015625,479500
2014-08-20,1328.7872314453125,1334.496306553563,1313.0872748976235,1317.3690812288114,688500
2014-08-21,1344.4871826171875,1354.4780640166782,1335.9235699890526,1341.632645074476,825500
2014-08-22,1353.0504150390625,1355.9049517796514,1343.059536447002,1345.9140731875907,529500
2014-08-25,1344.4871826171875,1354.4780640166782,1338.7781075317641,1353.0507952453224,426000
2014-08-26,1337.350830078125,1345.9144426506637,1334.4962925539455,1345.9144426506637,297500
2014-08-27,1330.21435546875,1337.350698577488,1323.078012360012,1335.9234299557404,395000
2014-08-28,1317.369140625,1327.360022514897,1314.5146029421724,1323.0782159906555,275500
2014-08-29,1318.796142578125,1321.6506796832725,1305.9507256049615,1320.2234111306987,351500
2014-09-01,1327.35986328125,1327.35986328125,1313.087176579301,1313.087176579301,229500
2014-09-02,1327.35986328125,1335.9234753024193,1315.9417139196908,1327.35986328125,465500
2014-09-03,1311.659912109375,1331.6416735560902,1307.378106085079,1327.3598675317942,613500
2014-09-04,1307.3779296875,1321.650614509416,1305.9506612053085,1307.3779296875,527000
2014-09-05,1308.8052978515625,1321.6507151696258,1308.8052978515625,1315.9416408060422,557500
2014-09-08,1298.8145751953125,1311.6599940708704,1287.3964250837053,1305.9509190150668,507500
2014-09-09,1304.5234375,1313.0870486870897,1303.0961689688183,1303.0961689688183,420000
2014-09-10,1318.796142578125,1321.6506796832725,1293.105308631798,1293.105308631798,340500
2014-09-11,1318.796142578125,1327.3597538935674,1311.6597998152563,1323.0779482358462,653500
2014-09-12,1335.9232177734375,1335.9232177734375,1318.7959970327522,1320.2232654278093,1381000
2014-09-16,1340.2052001953125,1351.623348865773,1334.4961258600822,1345.9142745305428,752000
2014-09-17,1341.632568359375,1348.768911808095,1340.205299669631,1341.632568359375,383500
2014-09-18,1361.6141357421875,1365.8959412004963,1347.3414508811584,1353.05052482557,788000
2014-09-19,1390.1597900390625,1390.1597900390625,1364.4689520301272,1368.7507583649497,784000
2014-09-22,1400.150390625,1412.9958070527523,1385.877705705275,1411.5685385607796,656500
2014-09-24,1351.6234130859375,1375.8869801635099,1335.9234579180968,1375.8869801635099,1139000
2014-09-25,1370.177978515625,1370.177978515625,1354.4780225118002,1358.7598286946616,728500
2014-09-26,1347.3416748046875,1358.759824591168,1341.6325999114472,1345.9144060813774,531000
2014-09-29,1353.0504150390625,1357.3322201499457,1341.6322680767075,1353.0504150390625,442000
2014-09-30,1354.4779052734375,1357.3324424816005,1327.359801795887,1353.0506366693558,606000
2014-10-01,1347.3416748046875,1357.3325558678578,1340.2053311881373,1357.3325558678578,477000
2014-10-02,1308.8052978515625,1333.0688638967931,1307.3780292606666,1325.9325209423137,729500
2014-10-03,1325.9326171875,1328.7871545764935,1310.2326615480356,1311.6599302425323,825000
2014-10-06,1357.33251953125,1367.3234003269586,1338.7780266249342,1338.7780266249342,716000
2014-10-07,1341.632568359375,1361.6143300157912,1340.205299669631,1348.768911808095,571500
2014-10-08,1314.5145263671875,1325.932676433352,1311.6599888506464,1320.2236014002697,646500
2014-10-09,1314.5145263671875,1328.7872139498932,1311.6599888506464,1325.932676433352,632500
2014-10-10,1304.5234375,1305.9507060311817,1291.6780207193656,1303.0961689688183,927500
2014-10-14,1273.1234130859375,1290.2506338897842,1267.4143394846553,1277.4052182868993,855000
2014-10-15,1298.8145751953125,1304.523650251116,1277.405543736049,1278.8328124999998,730500
2014-10-16,1268.842041015625,1280.260192115878,1258.8511588029035,1258.8511588029035,827000
2014-10-17,1238.869140625,1274.5508555047522,1234.5873348394296,1274.5508555047522,831500
2014-10-20,1294.53271484375,1294.53271484375,1268.8418781654836,1268.8418781654836,656500
2014-10-21,1283.114501953125,1304.5235314629103,1278.832696051168,1293.1053823910247,896000
2014-10-22,1323.078125,1323.078125,1300.2418251078748,1308.8054375674217,566500
2014-10-23,1297.387451171875,1325.9328296355027,1291.6783754791495,1308.805602557326,680500
2014-10-24,1305.9510498046875,1318.7964699667007,1294.5328985495644,1318.7964699667007,1097000
2014-10-27,1317.369140625,1325.9327536734834,1313.0873341007584,1321.6509471492416,571000
2014-10-28,1317.369140625,1318.796409466414,1301.6691833694474,1307.378258735103,483500
2014-10-29,1347.3416748046875,1353.0507496979276,1315.9417628918663,1324.5053752317267,563500
2014-10-30,1364.468994140625,1373.032607074562,1350.1963059173968,1351.6235747397195,536500
2014-10-31,1410.1414794921875,1417.2778230118847,1368.750687077943,1371.605224485822,1197000
2014-11-04,1457.2413330078125,1470.086751222377,1450.1049895552767,1470.086751222377,1370000
2014-11-05,1444.3958740234375,1464.3776351265285,1425.8413815705674,1454.3867545749831,1435500
2014-11-06,1467.2320556640625,1484.359278103721,1444.3957590778516,1445.8230276144898,1053000
2014-11-07,1480.077880859375,1487.2142255115418,1465.8051915550416,1482.9324187202417,652500
2014-11-10,1462.9501953125,1512.9045922256098,1410.1412614329267,1471.5138062118901,1565500
2014-11-11,1405.8597412109375,1437.2596542126032,1381.5961720732869,1432.9778478941942,2266000
2014-11-12,1404.4324951171875,1432.9778710342036,1401.577957525486,1418.7051830756955,1058000
2014-11-13,1437.2596435546875,1438.6869123169065,1410.1415370725235,1411.5688058347425,771500
2014-11-14,1450.105224609375,1451.5324935312346,1435.8325353907787,1451.5324935312346,1098500
2014-11-17,1408.7142333984375,1444.3959515696238,1403.0051584910477,1441.541414115929,896000
2014-11-18,1430.123291015625,1432.977828522642,1417.2778722340474,1418.705140987556,856500
2014-11-19,1434.4051513671875,1455.8141834771454,1431.5506137525265,1434.4051513671875,563000
2014-11-20,1454.3865966796875,1460.0956706607658,1444.3957172128005,1444.3957172128005,467000
2014-11-21,1454.3865966796875,1461.5229391560354,1435.8321062411833,1447.2502542033396,571500
2014-11-25,1502.9139404296875,1502.9139404296875,1467.2322229456017,1467.2322229456017,867000
2014-11-26,1540.0228271484375,1544.304632969981,1498.632037540185,1500.059306147366,1054500
2014-11-27,1525.7503662109375,1541.45032320656,1521.468559757586,1540.023054388776,656500
2014-11-28,1558.5775146484375,1564.2865897936697,1534.3139452811997,1535.7412140675078,898500
2014-12-01,1597.1136474609375,1599.9681848111804,1569.9955426336292,1569.9955426336292,715500
2014-12-02,1605.677490234375,1611.3865657552083,1591.4048014322916,1597.1138769531249,670500
2014-12-03,1607.1046142578125,1675.613514332746,1607.1046142578125,1648.495408053085,1365500
2014-12-04,1644.2132568359375,1657.0586729049683,1635.6496461232505,1638.5041830274795,694500
2014-12-05,1664.195556640625,1665.6228255571264,1628.51383372809,1642.7865228931041,963000
2014-12-08,1662.7679443359375,1691.3133167708893,1657.058869848947,1684.1769736621513,737000
2014-12-09,1639.931884765625,1671.331799008309,1635.6500782779863,1647.0682289116896,534500
2014-12-10,1575.7047119140625,1612.8136996946473,1561.4320243061454,1609.959162173064,1405000
2014-12-11,1575.7047119140625,1579.9865181964378,1534.3139178511026,1538.595724133478,771500
2014-12-12,1599.9678955078125,1612.8133112612204,1565.7134534987247,1567.14072191577,1589000
2014-12-15,1564.2864990234375,1595.6864105001853,1562.859230319949,1585.6955295757655,592500
2014-12-16,1522.8956298828125,1548.5864652510325,1517.1865553565415,1530.0319730406513,1034000
2014-12-17,1575.7047119140625,1592.8319370435634,1514.3321552000184,1517.186692721602,1896000
2014-12-18,1642.78662109375,1652.7775041064835,1608.5321650500923,1608.5321650500923,1340500
2014-12-19,1669.9041748046875,1679.895054483006,1657.0587580754207,1677.0405174320579,1362000
2014-12-22,1661.3408203125,1667.0498952963917,1642.7863266148518,1658.486282820554,576500
2014-12-24,1677.04052734375,1678.4677958776597,1667.0496476063831,1678.4677958776597,558500
2014-12-25,1652.777099609375,1682.7497413121357,1645.6407563468129,1671.3315920920363,671000
2014-12-26,1620.9931640625,1636.88525390625,1593.5431906960227,1625.3273703835227,1275000
2014-12-29,1589.208740234375,1625.327120694247,1557.4245654296874,1620.9929150390624,1537000
2014-12-30,1596.4326171875,1609.4352357890273,1580.5405277856335,1590.6536755868212,746500
2015-01-05,1593.543212890625,1612.3247738766431,1560.3142972999772,1576.2063873650695,855500
2015-01-06,1545.86669921875,1560.3140515478972,1542.9772287529206,1554.5351106162384,879500
2015-01-07,1555.9798583984375,1566.0930051104049,1521.3062125288343,1522.750947773401,725000
2015-01-08,1584.87451171875,1593.542922904085,1542.9771909896308,1566.092954150524,1306000
2015-01-09,1587.7637939453125,1606.5453492877048,1577.6506487609474,1602.2111442086912,878000
2015-01-13,1587.7637939453125,1587.7637939453125,1554.5348883395416,1573.3164436819338,656000
2015-01-14,1558.8690185546875,1596.4321274355234,1555.979548640777,1587.7637176937922,560000
2015-01-15,1626.77197265625,1631.1061786224745,1557.4246771966586,1557.4246771966586,1169000
2015-01-16,1610.8798828125,1625.3272360215808,1580.5404410734304,1597.8772649243274,1121500
2015-01-19,1618.103759765625,1626.7721727643695,1599.3221982683456,1623.882701764788,588000
2015-01-20,1648.44287109375,1652.7770767145048,1616.6586965415481,1623.8823725761395,594000
2015-01-21,1644.1090087890625,1648.4432153148684,1626.7721826858387,1633.9958602288486,792000
2015-01-22,1641.219482421875,1654.2221015607806,1622.4379214434555,1642.6642178817533,582000
2015-01-23,1667.224609375,1671.5588154652296,1651.3325203774914,1654.2219911043112,746000
2015-01-26,1651.3321533203125,1665.7795037430626,1636.8848028975626,1651.3321533203127,552500
2015-01-27,1660.0009765625,1690.3404199983681,1641.219416340296,1664.335182767624,1052000
2015-01-28,1625.3270263671875,1648.4427885199652,1618.1033506944443,1645.553318250868,854500
2015-01-29,1620.9931640625,1644.1089311079547,1592.098455255682,1615.2142223011365,811500
2015-01-30,1612.3243408203125,1658.5558631377407,1612.3243408203125,1638.329572123866,1004000
2015-02-02,1600.7667236328125,1605.1009295632264,1583.4298999111575,1594.987782392261,486500
2015-02-03,1563.2034912109375,1603.6560769354348,1551.6456095753667,1600.7666065265423,923000
2015-02-04,1609.4349365234375,1631.1059634963744,1589.20864468203,1589.20864468203,1185500
2015-02-05,1577.6510009765625,1605.1009726052755,1574.761530278803,1599.322031209757,479000
2015-02-06,1571.8717041015625,1589.2085243673885,1566.0927640129537,1586.3190543230842,567500
2015-02-09,1596.4326171875,1596.4326171875,1580.5405277856335,1593.5431463871607,495500
2015-02-10,1584.87451171875,1594.9876581016408,1568.9824245456357,1581.9850413236381,524500
2015-02-12,1586.3192138671875,1613.7691820488603,1574.761332527536,1613.7691820488603,1831500
2015-02-13,1525.64013671875,1632.5505250872989,1512.6375219171698,1567.5374510793977,2209000
2015-02-16,1609.4349365234375,1619.5480824441415,1550.2007961307438,1554.5350015253312,1263500
2015-02-17,1658.555908203125,1660.0006433148003,1603.6559739594677,1606.545444182818,918500
2015-02-18,1687.4505615234375,1687.4505615234375,1662.8900653368808,1662.8900653368808,1101500
2015-02-19,1693.229736328125,1693.229736328125,1677.337648359175,1681.6718541688886,615000
2015-02-20,1690.340087890625,1697.5637634799011,1680.2269420656382,1693.2295581263354,481000
2015-02-23,1725.013916015625,1740.906004019119,1686.0060636434125,1697.5639458277717,2130500
2015-02-24,1717.7899169921875,1723.5688569988895,1696.1188919670549,1720.6793869955386,1110000
2015-02-25,1729.3480224609375,1732.237492840989,1697.5638482803688,1717.7901409407307,655500
2015-02-26,1742.3504638671875,1753.9083442245155,1729.3478484651937,1733.6820535991917,756500
2015-02-27,1756.798095703125,1771.2454484638413,1729.3481254577637,1761.1323015313399,1079000
2015-03-02,1777.0245361328125,1790.0271546898819,1765.4666529709732,1771.2455945518927,1132000
2015-03-03,1785.692626953125,1810.2531242494058,1766.9110701971456,1791.4715674934264,799500
2015-03-04,1785.692626953125,1794.361037763577,1749.5742485762414,1778.4689512777484,871000
2015-03-05,1782.803466796875,1788.582408342408,1764.0219067738933,1784.2482021832582,475000
2015-03-06,1816.032470703125,1817.4772061611227,1777.0246133371866,1784.2482906271753,674500
2015-03-09,1837.7027587890625,1860.818516761252,1813.1422659436114,1816.031735690135,827500
2015-03-10,1849.2611083984375,1856.484784603119,1833.3690207481384,1837.7032264709471,753500
2015-03-11,1811.6976318359375,1849.260740629984,1808.8081619287032,1849.260740629984,1063500
2015-03-12,1823.255615234375,1826.1450853060617,1781.3582991949163,1800.1398546608805,1075000
2015-03-13,1795.8057861328125,1831.9241647758697,1771.2452886555334,1827.5899593387028,2257500
2015-03-16,1790.02685546875,1792.9163257762054,1769.8005633165606,1779.9137093926552,773500
2015-03-17,1782.803466796875,1798.6955560470903,1781.3587314104918,1794.3613498879408,446000
2015-03-18,1778.4691162109375,1779.913851479996,1758.2428224441194,1778.4691162109375,583500
2015-03-19,1794.3614501953125,1801.5851275310424,1756.7983280495168,1766.9114763195387,822000
2015-03-20,1774.1346435546875,1798.6951394345162,1765.4662332441599,1790.0267291239886,659500
2015-03-23,1788.5819091796875,1794.3608491124166,1772.6898243646822,1772.6898243646822,351000
2015-03-24,1761.1328125,1792.916997795324,1755.353869719032,1774.135433757178,697000
2015-03-25,1777.0245361328125,1779.9140069232724,1753.9087698091337,1775.5798007375827,551000
2015-03-26,1761.1328125,1784.248583623872,1753.9091340237899,1774.135433757178,685000
2015-03-27,1775.57958984375,1790.0269420800703,1755.3532967129017,1769.800648949222,756500
2015-03-30,1824.7005615234375,1830.4795023358633,1775.5795646178185,1792.9163870550958,858500
2015-03-31,1791.4715576171875,1860.8188437184979,1791.4715576171875,1840.592551938949,1016500
2015-04-01,1730.792724609375,1801.5847475691908,1726.4585191220392,1777.024249807622,1179000
2015-04-02,1759.6876220703125,1775.5797106111772,1730.7929156323762,1730.7929156323762,675500
2015-04-03,1764.021484375,1769.8004245367526,1755.353074132371,1759.6872792536853,389000
2015-04-06,1774.1346435546875,1779.9135837617061,1746.6846775713495,1755.3530878818774,371000
2015-04-07,1779.9139404296875,1785.692881794719,1765.4665870171088,1779.9139404296875,491500
2015-04-08,1784.248046875,1784.248046875,1761.1322827049594,1781.3585763537449,615000
2015-04-09,1827.59033203125,1830.479802911932,1791.4719460227275,1798.695623224432,727000
2015-04-10,1840.5926513671875,1852.1505330084256,1795.8058600073894,1836.258445751723,1154000
2015-04-13,1842.0374755859375,1855.0400930606618,1820.3664464613971,1855.0400930606618,678000
2015-04-14,1849.2611083984375,1849.2611083984375,1831.924285507202,1840.5926969528198,303500
2015-04-15,1852.150390625,1855.0398608131825,1836.258304589996,1850.7056555309086,432500
2015-04-16,1862.2635498046875,1870.9319604321724,1846.3714636542984,1856.4846093863641,579000
2015-04-17,1879.6002197265625,1899.8265095622057,1849.2607849730975,1863.7081348556999,606500
2015-04-20,1869.48779296875,1895.493032747295,1842.0378176469521,1891.1588261175375,518500
2015-04-21,1918.6080322265625,1918.6080322265627,1853.5949588453914,1862.2633686295476,692000
2015-04-22,1914.274169921875,1941.7241391509433,1905.6057585863798,1922.9425812573702,437500
2015-04-23,1879.6002197265625,1922.9422693743695,1862.2633998674396,1914.273859444808,787000
2015-04-24,1857.929443359375,1863.7083840852206,1846.3715619076836,1857.929443359375,515000
2015-04-27,1836.25830078125,1859.3740622387638,1827.5898902346823,1849.2609166011016,515000
2015-04-28,1872.377197265625,1876.7114037407769,1852.1509003815827,1860.8193133318866,585500
2015-04-30,1862.2635498046875,1882.489841268819,1853.5951391772026,1857.929344490945,616500
2015-05-01,1847.8162841796875,1850.7057545224236,1824.7005214377994,1846.3715490083196,406000
2015-05-07,1842.0374755859375,1860.819034160539,1824.700652286305,1829.0348581112132,441500
2015-05-08,1803.029541015625,1836.2584508260093,1766.9111607869468,1827.5900395711265,1256500
2015-05-11,1827.59033203125,1879.6008078835227,1814.587713068182,1839.1482155539775,1504000
2015-05-12,1860.8192138671875,1921.4981012759,1778.4692952410774,1813.1429451889132,1423500
2015-05-13,1896.937255859375,1912.829342542127,1844.9267903521875,1872.3767582587586,1449500
2015-05-14,1872.377197265625,1904.1613780834057,1865.1535198070385,1882.4903457076462,928000
2015-05-15,1839.147705078125,1895.492371612333,1836.2582349994475,1889.7134314549783,639000
2015-05-18,1849.2611083984375,1875.2663427352904,1842.037432193756,1855.0400493621826,555500
2015-05-19,1863.7083740234375,1879.6004609337149,1859.3741685024527,1870.9320498917455,551500
2015-05-20,1930.166015625,1944.6133660413548,1873.8213490012163,1882.489759251029,1257000
2015-05-21,1927.2769775390625,1951.837478752079,1917.1638299807616,1931.6111836354771,531500
2015-05-22,1969.17431640625,1974.9532579070753,1921.4980490244407,1934.5006674012977,708000
2015-05-25,1993.73486328125,2035.6321901183198,1980.7322446076766,1987.9559216485509,1402500
2015-05-26,2024.07373046875,2044.3000204234697,1972.0632705851847,1993.7342955366703,1441000
2015-05-27,2048.634521484375,2052.9687271010557,2006.737200523129,2015.4056117564903,851000
2015-05-28,2055.85791015625,2097.755225261332,2048.6342351381327,2076.084200206979,857000
2015-05-29,2026.9637451171875,2073.1952774363253,2011.071655882484,2054.4137174316757,1580000
2015-06-01,2037.076904296875,2045.7453166555852,2008.1821964345081,2013.9611380069814,593000
2015-06-02,2013.96044921875,2041.4104122999238,2008.1815096227135,2038.5209425019057,631500
2015-06-03,1992.28955078125,2021.1842505750317,1985.0658758328045,2012.515840636897,603000
2015-06-04,1995.179443359375,2006.7373257249615,1969.174208036805,1982.1768256980902,451500
2015-06-05,1970.618896484375,1995.179395927362,1957.6162791322054,1980.7320433138402,630000
2015-06-08,1960.505615234375,1989.400318480276,1956.1714097474899,1979.2871723442106,705500
2015-06-09,1933.055419921875,1970.618529726037,1928.7212149444717,1961.9501197712304,873500
2015-06-10,1927.2769775390625,1977.8427153305672,1922.9427714426479,1931.6111836354771,1209000
2015-06-11,1928.7215576171875,1948.9478511053078,1920.0531461222788,1931.6110281154904,827000
2015-06-12,1928.7215576171875,1946.058380607005,1922.9426166205817,1933.055763364642,934000
2015-06-15,1914.274169921875,1922.9425812573702,1892.6031415831367,1918.6083755896227,434000
2015-06-16,1912.8294677734375,1918.6084087636896,1905.6057915356225,1914.2742030210006,415500
2015-06-17,1904.1611328125,1924.3874270912365,1899.8269268956278,1918.6084858687404,383000
2015-06-18,1855.03955078125,1898.3815963602513,1847.815876518083,1889.713187244451,939500
2015-06-19,1904.1611328125,1915.7190152574924,1875.2664267000189,1885.3795738393871,1307500
2015-06-22,1937.3902587890625,1961.9507616969029,1892.6034593688828,1895.4929302992168,816500
2015-06-23,1989.400634765625,1993.734840941585,1943.1691022220518,1943.1691022220518,876000
2015-06-24,1990.8448486328125,2003.847463754507,1977.8422335111177,1986.5106435922476,665000
2015-06-25,1905.605712890625,1966.2845907840338,1902.7162425147483,1966.2845907840338,1297500
2015-06-26,1845.052734375,1905.6060665035588,1839.216268627669,1903.4173918483098,1285700
2015-06-29,1804.9268798828125,1844.323020349131,1804.9268798828125,1823.895391959188,1364100
2015-06-30,1793.2537841796875,1815.1405268669903,1770.6374834028077,1814.4109687774135,889300
2015-07-01,1769.1788330078125,1793.254256302352,1765.531041599549,1793.254256302352,638200
2015-07-02,1780.12158203125,1804.1969968701974,1777.2033499295594,1793.2536264888577,621000
2015-07-03,1788.8763427734375,1803.4675038074786,1775.0147397910985,1786.6876686183314,521100
2015-07-06,1748.02099609375,1772.8259684924092,1742.1845319999477,1750.939228140651,853900
2015-07-07,1782.3104248046875,1807.844958111345,1767.7192629151689,1767.7192629151689,1110100
2015-07-08,1746.5621337890625,1807.8450156763981,1746.5621337890625,1782.310481556675,1441400
2015-07-09,1710.8135986328125,1725.4047593887426,1673.6061387051905,1714.461388821795,1219800
2015-07-10,1688.1971435546875,1715.1907884602724,1669.9581942941572,1704.2474189039542,1630400
2015-07-13,1711.543212890625,1726.134374125839,1678.713100111393,1694.033819408368,846800
2015-07-14,1762.6123046875,1783.7694888083352,1741.455120566665,1743.6437947860618,696000
2015-07-15,1755.3167724609375,1793.9833514054221,1750.9394239011847,1779.3921895395788,503200
2015-07-16,1783.76953125,1787.417321702454,1764.8010208972394,1771.3670437116564,507900
2015-07-17,1742.91455078125,1780.122019215676,1742.1849925766533,1770.6377625559203,704800
2015-07-21,1776.47412109375,1808.5746801607418,1761.882957881481,1766.989865005775,730200
2015-07-22,1757.5050048828125,1782.309973818477,1745.1025204149803,1755.316331153195,805400
2015-07-23,1765.5308837890625,1772.0969077370382,1752.3988358931108,1757.505743408203,358400
2015-07-24,1753.8577880859375,1778.6627651220947,1750.2099973453262,1764.8011603077714,356000
2015-07-27,1735.6185302734375,1748.7505746386842,1721.0273698676078,1736.348088293729,342600
2015-07-28,1718.839111328125,1730.5120424746658,1702.7888310016315,1721.7573441147604,369300
2015-07-29,1688.1971435546875,1721.7568101940633,1684.5493537025816,1721.027252223642,454300
2015-07-30,1783.76953125,1804.1971577837423,1702.7885832055215,1706.4363736579755,1773300
2015-07-31,1790.335693359375,1791.7948096538812,1759.6942511747402,1777.2036467088171,573300
2015-08-03,1796.9014892578125,1802.0083956422236,1754.5871220726915,1785.9581184340743,318700
2015-08-04,1799.819580078125,1808.57427604932,1775.01460815974,1791.79444210453,406800
2015-08-05,1812.2227783203125,1817.3296863107482,1775.015305818567,1808.5749868985727,408500
2015-08-06,1824.625,1839.9457217113154,1796.9017892842862,1823.8954418232706,685200
2015-08-07,1826.8133544921875,1828.2724705900246,1799.819706682199,1813.6813096116525,416400
2015-08-10,1891.0147705078125,1915.819748207375,1788.8766270390263,1826.813651756004,1651500
2015-08-11,1842.1341552734375,1926.0333346225248,1836.297690623066,1891.014546720297,1056900
2015-08-12,1823.16552734375,1858.1843129830058,1808.5743666607268,1838.4862460609245,699400
2015-08-13,1841.4044189453125,1845.7817670093664,1816.5994465823408,1828.2723747531509,446800
2015-08-14,1847.970703125,1868.3983303210125,1831.9204246138472,1836.297773298707,564000
2015-08-17,1880.071044921875,1899.7691117487632,1864.7503262787397,1872.7754646156202,482600
2015-08-18,1885.1781005859375,1902.6874947090269,1864.0209160205382,1887.3667748513237,339900
2015-08-19,1867.6690673828125,1890.2853724956512,1860.3734850883484,1885.1784648895264,346700
2015-08-20,1813.681396484375,1860.3731138516316,1810.033606065058,1860.3731138516316,508300
2015-08-21,1792.5240478515625,1806.3856501752011,1766.2599592383528,1777.9328875108906,676300
2015-08-24,1697.6817626953125,1754.5872966404067,1688.927065165298,1746.5621572378934,713700
2015-08-25,1626.91455078125,1711.543289745656,1607.21648222919,1629.1032250648122,951400
2015-08-26,1640.776123046875,1650.9899361738896,1558.3360599502555,1591.8957316533042,1222800
2015-08-27,1680.172607421875,1706.436703760211,1659.0154187048822,1666.3110010210867,837200
2015-08-28,1744.3731689453125,1755.3165388885077,1710.083943123301,1729.0524510248392,645400
2015-08-31,1737.807373046875,1779.392184240692,1721.0275369511244,1750.9394186870277,707500
2015-09-01,1579.4932861328125,1697.6816983053372,1575.8454956336607,1693.3043497063547,1740500
2015-09-02,1506.537353515625,1550.310835942229,1496.3235409494173,1546.663045740012,2027700
2015-09-03,1510.1854248046875,1546.663333616395,1508.7263084522192,1531.3426119154778,818900
2015-09-04,1477.355224609375,1520.3991546103396,1459.8458293547455,1518.9400383391205,776500
2015-09-07,1481.0028076171875,1498.5122004166026,1438.688441685268,1456.9273925179918,588000
2015-09-08,1472.977783203125,1521.8581752163045,1471.5186670236271,1489.028061177602,653600
2015-09-09,1586.7890625,1586.7890625,1521.8583836206897,1523.3174999999999,792900
2015-09-10,1563.4429931640625,1569.2794579075587,1530.6128789818958,1530.6128789818958,524900
2015-09-11,1561.2542724609375,1571.4680854583455,1537.1788561099045,1551.770017534773,1259000
2015-09-14,1527.69482421875,1572.9274312395535,1515.2923351969168,1572.9274312395535,530700
2015-09-15,1543.0152587890625,1575.1158126362109,1523.3171916555852,1539.3674685791593,556400
2015-09-16,1602.8389892578125,1623.2666140640113,1567.8202038757574,1567.8202038757574,711100
2015-09-17,1629.8326416015625,1632.0213156950294,1606.486784604584,1614.5119229472955,471600
2015-09-18,1564.9022216796875,1597.0027800731168,1558.3361983719406,1597.0027800731168,1087200
2015-09-24,1544.474365234375,1565.6315483197775,1535.7196687852431,1540.8265750472367,633700
2015-09-25,1539.3675537109375,1547.3926926165395,1505.8078819238744,1530.612856723008,795900
2015-09-28,1519.66943359375,1551.0404300625598,1511.644294962194,1548.8517558903175,389300
2015-09-29,1479.543701171875,1512.3738128842685,1470.0594466771834,1492.6757458568325,513500
2015-09-30,1532.801513671875,1553.2291397465121,1510.1852133749555,1527.6946071532159,659800
2015-10-01,1556.1474609375,1570.0090651371306,1501.4306022547466,1524.046903843618,662000
2015-10-02,1598.4619140625,1615.9713097436957,1539.367703638464,1555.4179830128935,499000
2015-10-05,1608.6759033203125,1621.078393277884,1586.7891563363626,1607.9463450875141,361100
2015-10-06,1597.7322998046875,1646.6126943649224,1591.89583478257,1631.2919736818637,569300
2015-10-07,1618.159912109375,1633.4806326478315,1593.3549359994927,1596.2731684830082,507800
2015-10-08,1621.077880859375,1632.750808894366,1597.732024789393,1603.5684888068886,332900
2015-10-09,1702.05908203125,1704.2477563759107,1621.0781312787988,1645.153549070068,936600
2015-10-13,1698.41162109375,1720.298368788257,1675.7953151427591,1703.5185288891348,667200
2015-10-14,1627.6441650390625,1698.4113026494565,1619.6190257224198,1677.9836752980025,848900
2015-10-15,1644.4239501953125,1655.3673216473665,1615.2416263231685,1615.2416263231685,557400
2015-10-16,1680.9019775390625,1693.3044660886128,1657.5561167399087,1666.3108145395913,368000
2015-10-19,1655.366943359375,1699.8699770944663,1645.8826902682902,1683.8197026326302,543600
2015-10-20,1651.719482421875,1677.9835731317635,1637.857878991656,1667.769760077918,267900
2015-10-21,1691.1156005859375,1695.4929489912506,1649.5307907354636,1650.9899068705681,307400
2015-10-22,1669.228759765625,1703.51798691116,1667.0400856925057,1684.5494782774597,399400
2015-10-23,1704.9775390625,1746.5623570884147,1692.5750494758238,1723.946052548005,866700
2015-10-26,1713.7322998046875,1734.1599304537006,1693.3046691556747,1723.9461151291941,440500
2015-10-27,1684.549560546875,1723.945695787036,1672.8766315868274,1721.757021607027,706500
2015-10-28,1677.9835205078125,1701.329378184443,1599.9208089015794,1683.8199849269702,505800
2015-10-29,1689.65673828125,1706.4365763557182,1683.8202728640435,1695.4932036984562,345300
2015-10-30,1707.166015625,1718.1093875200322,1671.417667434562,1702.7886668669873,635700
2015-11-02,1675.7947998046875,1700.599772897138,1671.417451611902,1678.7130319332111,304900
2015-11-04,1698.41162109375,1728.3235096095761,1696.9525045807827,1718.1096940188063,413600
2015-11-05,1721.757080078125,1734.1595675193657,1688.197408178297,1698.4112213652013,361800
2015-11-06,1669.95849609375,1721.7571213548495,1659.7446826619841,1721.7571213548495,807800
2015-11-09,1730.511962890625,1748.0213588052013,1700.6000782032238,1710.0843343236193,839400
2015-11-10,1593.3551025390625,1765.5308370625144,1575.1161476107309,1710.813972277519,2614400
2015-11-11,1533.5311279296875,1586.7888692897575,1524.7764307198129,1586.7888692897575,1880800
2015-11-12,1554.6883544921875,1559.0657032143617,1523.3173553166062,1531.3424946405921,854600
2015-11-13,1543.0152587890625,1549.5812811668884,1519.6694014456818,1532.071888159353,933400
2015-11-16,1535.7197265625,1543.015307211253,1512.3738684864907,1521.1285652649942,621400
2015-11-17,1532.07177734375,1564.9018868582589,1529.1535453869049,1559.0654229445686,907900
2015-11-18,1522.587646484375,1546.663062073251,1521.8580884362273,1546.663062073251,852400
2015-11-19,1543.0152587890625,1545.933490956985,1527.694539907469,1539.3674685791593,702300
2015-11-20,1534.9903564453125,1534.9903564453125,1518.2105188986195,1533.5312401369044,530700
2015-11-24,1528.42431640625,1532.0721071375299,1514.5627116273868,1532.0721071375299,672000
2015-11-25,1520.3990478515625,1527.69462869538,1513.103467007745,1520.3990478515625,509700
2015-11-26,1526.96533203125,1535.720030542657,1516.751517101275,1530.6131230776696,625400
2015-11-27,1537.1788330078125,1538.6379491283703,1521.8581137419537,1527.6945782241858,710200
2015-11-30,1544.474365234375,1550.3108295337963,1518.210275886979,1530.6127625232493,867000
2015-12-01,1577.304931640625,1578.7640481361295,1546.6634852350253,1548.8521599782825,934700
2015-12-02,1578.0340576171875,1588.9774283357533,1570.7384771381437,1577.304499569283,667300
2015-12-03,1586.0592041015625,1591.166110462515,1571.4680430702692,1578.0340655343512,534100
2015-12-04,1542.28564453125,1564.1723849929044,1534.9900643773651,1564.1723849929044,824900
2015-12-07,1559.7950439453125,1577.3044363937165,1559.065485926629,1565.6315080947804,604200
2015-12-08,1543.0152587890625,1565.6315580904625,1538.6379105371786,1561.2542098385786,842700
2015-12-09,1564.17236328125,1601.3798215496006,1540.826507112873,1543.0151811286585,1592800
2015-12-10,1446.713623046875,1497.7826868962352,1440.8771586069481,1494.1348966212809,3345900
2015-12-11,1447.443359375,1458.386731547694,1422.6383824502268,1439.418219781691,2114200
2015-12-14,1416.8017578125,1418.2608739379507,1396.3741320561921,1413.8835255615988,1225200
2015-12-15,1405.12890625,1429.2043236468069,1399.2924414265317,1414.613161588136,956500
2015-12-16,1411.6949462890625,1424.0974341892763,1402.940248947735,1421.1792017421672,913600
2015-12-17,1446.713623046875,1458.3865519267288,1429.2042297270943,1440.8771586069481,1074100
2015-12-18,1418.9906005859375,1470.7892291934447,1413.1541353907255,1454.7389499066117,1263100
2015-12-21,1421.90869140625,1425.5564817895395,1391.2672521866182,1402.2106233364866,778400
2015-12-22,1426.2860107421875,1434.3111494215552,1410.9652914452126,1415.342639815777,566700
2015-12-24,1404.3992919921875,1437.2294053114854,1402.9401758446631,1433.5816149426744,585500
2015-12-25,1404.3992919921875,1404.3992919921875,1404.3992919921875,1404.3992919921875,0
2015-12-28,1398.4830322265625,1402.9203131326226,1358.547504072023,1374.8175340609093,909800
2015-12-29,1390.347900390625,1391.8269939016789,1360.7660301695478,1372.5987782579787,917400
2015-12-30,1383.692138671875,1414.7531059750384,1379.9944044691174,1394.0457944395962,1134100
2016-01-04,1347.4539794921875,1391.087231297917,1345.9748862106374,1376.2962984824155,852800
2016-01-05,1334.882080078125,1351.152110971044,1314.1747680325918,1334.142533219356,897800
2016-01-06,1309.7371826171875,1345.2354235915664,1298.643982312694,1328.9653964783095,1051600
2016-01-07,1265.3646240234375,1308.9978869207973,1257.2296089069805,1294.94649717419,1753900
2016-01-08,1263.14599609375,1293.467416374689,1245.396872026859,1246.1364188629793,1346200
2016-01-12,1231.3453369140625,1269.801767856724,1229.1266966673704,1250.5735523853932,1154400
2016-01-13,1288.2906494140625,1296.4256649958963,1254.2714933445752,1254.2714933445752,1241700
2016-01-14,1263.14599609375,1269.0623707827137,1223.9500137793655,1247.6155125352204,1361100
2016-01-15,1229.126708984375,1290.509089757963,1222.4707881776005,1288.290449489038,1263900
2016-01-18,1235.7825927734375,1242.4385133808348,1202.502989736451,1206.9402701413824,1267600
2016-01-19,1241.69921875,1260.9274377419595,1222.4709997580405,1229.8664686011018,781700
2016-01-20,1203.2425537109375,1260.1876530568147,1201.7634602214341,1247.6153583960365,948400
2016-01-21,1178.83740234375,1241.6988698463967,1177.3583089907465,1205.4610826978121,1007000
2016-01-22,1243.91748046875,1247.6152137638414,1208.4192408358724,1212.8565207899821,911000
2016-01-25,1250.5736083984375,1258.7086230006746,1235.7826727580066,1257.2295294366313,862500
2016-01-26,1223.9498291015625,1237.2616701431505,1217.2939085807684,1235.0430299695524,678400
2016-01-27,1265.3646240234375,1265.3646240234375,1240.9595786740667,1246.1364064754482,790300
2016-01-28,1258.7086181640625,1272.7600069684793,1232.0849341135888,1258.7086181640625,772600
2016-01-29,1317.872314453125,1321.5700482198285,1251.313106652462,1272.0204157460016,1123300
2016-02-01,1358.5472412109375,1363.7240679330262,1341.5376676955038,1360.0263345601056,1187700
2016-02-02,1326.0072021484375,1345.9749625823515,1316.3930952728492,1332.6631222930755,773500
2016-02-03,1272.760009765625,1289.7695857241429,1255.7504338071071,1286.8113986009223,736100
2016-02-04,1246.1363525390625,1263.1459288645215,1235.043150587676,1246.8758993358215,600200
2016-02-05,1240.9593505859375,1244.6570840501386,1206.940202715286,1227.647510114813,841900
2016-02-08,1251.3131103515625,1259.4481246623586,1204.721664753366,1212.856679064162,746100
2016-02-09,1184.014404296875,1218.7731032362585,1178.0980300093204,1194.3680593000956,938300
2016-02-10,1158.1302490234375,1199.5448684010316,1130.0274715886414,1184.0143861344338,1356100
2016-02-12,1162.5675048828125,1233.5639937306178,1083.4360016878627,1117.4551525941029,2823200
2016-02-15,1294.9462890625,1306.0394897112365,1203.2424970329455,1205.4611371626927,2611000
2016-02-16,1323.7886962890625,1348.1937392932741,1271.280876492122,1279.4158908268591,1365600
2016-02-17,1326.0072021484375,1351.1517893615144,1307.5185350799986,1316.3930952728492,1153100
2016-02-18,1374.8175048828125,1388.129347318472,1353.3706476253615,1360.0265688431912,1871500
2016-02-19,1374.8175048828125,1383.6920665065854,1343.7565391996075,1361.505662447153,830600
2016-02-22,1407.357421875,1411.7947022382423,1353.370510788886,1363.7241649697846,1178600
2016-02-23,1392.5665283203125,1425.1065852752215,1384.4315140815852,1409.5761035467422,829600
2016-02-24,1374.0780029296875,1383.6921116692386,1351.1520513199887,1371.11981562521,807400
2016-02-25,1378.5150146484375,1394.0454949636826,1359.2868009248004,1374.0777345583674,883000
2016-02-26,1354.110107421875,1398.4829126896589,1347.4541866317074,1386.6501646182498,1189900
2016-02-29,1331.923583984375,1391.0873189753522,1331.923583984375,1357.0681713555402,1179600
2016-03-01,1302.3419189453125,1336.3610718535945,1281.6346084794018,1326.746963422993,1111900
2016-03-02,1356.32861328125,1374.0777336295325,1334.142212845897,1344.495866382395,902500
2016-03-03,1380.733642578125,1391.087296030773,1351.1517755705593,1351.1517755705593,533700
2016-03-04,1396.2642822265625,1404.3992965827554,1372.5987859176375,1380.7338002738306,511400
2016-03-07,1385.1708984375,1405.1386583188735,1377.035885152496,1395.5245517093233,667000
2016-03-08,1361.5057373046875,1377.036221000178,1334.142504126918,1369.640752573754,1026200
2016-03-09,1280.895263671875,1349.6731271369351,1265.364778373313,1344.4962987040813,1669600
2016-03-10,1314.914306640625,1323.788868890168,1290.5092604543815,1300.862916412182,1028400
2016-03-11,1328.2257080078125,1332.6629876559455,1277.1969920542829,1295.6856572548372,1550400
2016-03-14,1354.110107421875,1377.03605681023,1341.5378125960028,1345.9750931227813,750000
2016-03-15,1353.3707275390625,1362.9848365325095,1337.1006969347677,1352.6311806934127,591500
2016-03-16,1329.7052001953125,1357.0684329023352,1326.7470128756345,1344.4961367937033,528200
2016-03-17,1317.1329345703125,1359.2871048513389,1301.602450782566,1334.8820588991657,881000
2016-03-18,1303.821044921875,1325.2679027226318,1288.290561686844,1316.393340874043,547200
2016-03-22,1347.4539794921875,1363.7240055892391,1323.04894034661,1339.3189664436618,624100
2016-03-23,1414.0133056640625,1421.4087727438955,1360.765942689265,1367.4218630611147,1636900
2016-03-24,1442.1162109375,1446.5534915865385,1393.306123798077,1412.5343399439103,1441600
2016-03-25,1438.4185791015625,1462.0840775752129,1433.981298137753,1442.1163132380702,991100
2016-03-28,1452.4698486328125,1456.167582463344,1415.4925103274963,1444.334834205643,856100
2016-03-29,1394.0457763671875,1414.7530876341802,1381.473480240799,1408.836712986468,1759700
2016-03-30,1379.2548828125,1401.4412884341489,1362.245305169236,1394.785366747654,1406300
2016-03-31,1368.9012451171875,1396.2644790822528,1366.6826045254256,1391.087651034808,921100
2016-04-01,1304.560546875,1363.7242904974491,1302.3419064891582,1360.026556521046,1123200
2016-04-04,1274.978515625,1308.9976639537413,1266.8435018942141,1297.1649167089618,875500
2016-04-05,1247.615478515625,1273.4996170740405,1243.1781976198968,1267.5832425464027,1039400
2016-04-06,1266.843505859375,1271.280786090056,1242.4384645906305,1252.7921184622192,967800
2016-04-07,1263.14599609375,1280.1555733245207,1249.0946062074613,1265.3646366021114,737300
2016-04-08,1279.4158935546875,1300.1232028145323,1237.261728275718,1245.3967426278,818900
2016-04-11,1261.6666259765625,1269.8016393914172,1238.001132406076,1267.582999369184,596800
2016-04-12,1292.7275390625,1295.6857256507437,1246.8756469447226,1253.531566768271,703000
2016-04-13,1325.26806640625,1342.2776453835622,1314.1748627253942,1319.3516911097936,844600
2016-04-14,1357.068115234375,1359.2867552047853,1317.8721424237908,1337.8399021574846,1104200
2016-04-15,1327.486572265625,1354.110258394629,1320.830650733374,1337.84022798246,836800
2016-04-18,1276.457763671875,1297.1650738589042,1274.2391232946934,1286.0718719729957,1080500
2016-04-19,1336.361083984375,1348.9333797385168,1306.779211621688,1319.3515073758301,1228800
2016-04-20,1337.1005859375,1365.2033637392838,1335.621492368985,1357.0683491124516,906800
2016-04-21,1375.556884765625,1379.254618326823,1359.2868570963542,1379.254618326823,641600
2016-04-22,1399.9620361328125,1402.180676443641,1343.7564815918226,1347.4542154432036,774900
2016-04-25,1446.55322265625,1452.4695957550487,1390.3476782176635,1414.013170612858,1083400
2016-04-26,1439.157958984375,1450.2511601070705,1414.7529165144447,1442.8556926919402,695100
2016-04-27,1458.385986328125,1461.344172912969,1437.6786802342165,1442.8555067576935,1042000
2016-04-28,1390.347900390625,1481.3121513204371,1376.2965120356134,1466.5212162098985,1490000
2016-05-02,1315.65380859375,1335.6215729737564,1302.3419656737458,1317.8724490804175,832500
2016-05-06,1335.621337890625,1343.7563515765592,1320.0908572174783,1324.5281374098058,1056600
2016-05-09,1360.76611328125,1361.5056600819462,1338.57970926036,1343.016990064538,533300
2016-05-10,1405.1387939453125,1408.8365276135896,1360.0264431923315,1383.6919386693053,1045900
2016-05-11,1396.2642822265625,1427.3252461320262,1394.7851887072547,1404.3992965827554,549900
2016-05-12,1374.0780029296875,1377.0361902341647,1346.7147703632727,1368.161628320733,1197600
2016-05-13,1252.0526123046875,1392.566490826773,1209.8984487480618,1379.254649703628,2851700
2016-05-16,1160.348876953125,1222.470805355969,1155.9115963529218,1222.470805355969,2034000
2016-05-17,1178.83740234375,1181.795589049757,1157.3905487252,1167.0046555197225,1121400
2016-05-18,1175.87939453125,1195.1076110455974,1164.7861926960495,1179.5771284763168,1016500
2016-05-19,1159.6092529296875,1185.4933880397252,1155.1719726251097,1175.8792807131397,893600
2016-05-20,1167.744140625,1171.4418738125396,1143.3391015872387,1153.6927545123497,579300
2016-05-23,1172.181640625,1175.1398277306782,1147.037050226735,1167.004813190063,742200
2016-05-24,1177.3585205078125,1181.7958013639977,1164.0466779392568,1167.0048651767136,833900
2016-05-25,1201.02392578125,1203.9821127905634,1175.1397894497575,1191.4098180009812,1004000
2016-05-26,1220.2520751953125,1230.6057291666666,1209.8984212239584,1217.2938883463542,919700
2016-05-27,1223.9498291015625,1227.6475627242257,1215.8148151317032,1220.252095478899,480400
2016-05-30,1245.396728515625,1246.875822017425,1222.4707792377246,1235.782620753925,541700
2016-05-31,1259.4482421875,1265.3646167838006,1235.7827438022973,1243.9177588722107,1688300
2016-06-01,1240.9593505859375,1266.843484835346,1237.2616171217362,1256.4898311355826,803100
2016-06-02,1209.8984375,1223.949825221577,1206.2007038890586,1221.7311850550122,563400
2016-06-03,1191.409912109375,1212.8567696209652,1183.2748971911856,1206.2008483242648,624600
2016-06-06,1180.316650390625,1182.5352907109082,1150.7347794535167,1165.5257149220708,775600
2016-06-07,1206.9404296875,1213.5963511747473,1179.5771969065947,1180.316743738511,954800
2016-06-08,1172.9212646484375,1215.8149805056944,1158.1303281459352,1215.8149805056944,1535100
2016-06-09,1152.214111328125,1164.7864090768915,1148.5163766961348,1159.6095805921052,1230600
2016-06-10,1142.5999755859375,1159.609554510518,1139.6417879468802,1151.47453850311,1398500
2016-06-13,1090.0919189453125,1124.1110697400782,1089.3523721889046,1113.017868393959,1166200
2016-06-14,1052.3748779296875,1081.9567437885685,1042.0212248790792,1081.9567437885685,1437900
2016-06-15,1071.6031494140625,1083.435896405522,1046.4585620572109,1047.198108744177,963200
2016-06-16,994.6902465820312,1044.9794188999333,990.992513323362,1042.7607789447318,2461100
2016-06-17,1000.606689453125,1031.6676509882552,996.1694092338206,1008.7417031885162,1672700
2016-06-20,1002.8255615234375,1035.3656239917495,999.8673740263182,1016.8769521347541,1759300
2016-06-21,1016.1370849609375,1017.6161782432678,992.4715924436522,999.1275122141386,831000
2016-06-22,996.1695556640625,1015.3977727741336,992.4718216044336,1010.2209450906529,687800
2016-06-23,999.1275024414062,1002.8252356110636,976.9411034234623,990.9924894681601,1313600
2016-06-24,919.2565307617188,1019.8348800646904,911.1215172151549,1016.8766933204853,1804800
2016-06-27,913.34033203125,948.8385797539221,897.0703018250254,941.4431114783654,1607300
2016-06-28,927.6937255859375,933.737332918745,883.8775724230838,898.2311398385015,1446100
2016-06-29,954.890380859375,963.9557958675337,926.1832333335393,933.7377458403382,1223400
2016-06-30,960.9334716796875,985.8633494826983,957.1562174671101,973.7761360024506,903800
2016-07-01,969.2437133789062,992.662696321031,953.3792410632733,983.5972835692409,1407500
2016-07-04,973.7763671875,975.2872692312355,941.2919732471878,953.3791895970714,1004800
2016-07-05,963.9556274414062,979.064649815096,953.3793117798234,972.2655897469356,826500
2016-07-06,917.8728637695312,934.4927839365516,904.2747472692419,930.7155293531379,1136000
2016-07-07,922.4055786132812,945.8245572676725,906.541109202242,916.3619712185996,1000100
2016-07-08,934.4930419921875,945.0693577463433,925.4276284886255,929.2048841151096,1315200
2016-07-11,934.4930419921875,934.4930419921875,934.4930419921875,934.4930419921875,0
2016-07-12,1014.5706176757812,1036.4786950492717,992.6625403022908,999.461598797512,1175600
2016-07-13,1037.2342529296875,1053.0987243874613,1031.1906447552976,1041.0115080386813,1410700
2016-07-14,1037.989501953125,1039.500403702693,1013.8150739600392,1034.9676984539892,822700
2016-07-15,1047.8106689453125,1062.9196908479125,1031.9461959475823,1037.9898047086224,700400
2016-07-19,1056.120361328125,1064.4303212527382,1040.255892381136,1047.8104014035116,907400
2016-07-20,1053.0985107421875,1058.3866668219546,1041.011296845577,1056.1203142163401,590500
2016-07-21,1074.251220703125,1084.0720827770635,1065.9412604867155,1078.0284753469475,627600
2016-07-22,1050.83251953125,1078.0287601517568,1047.8107150178603,1073.4960533816723,622400
2016-07-25,1076.5177001953125,1083.3167593544408,1055.3650717002467,1055.3650717002467,812600
2016-07-26,1034.21240234375,1071.2295007475805,1028.1687944410837,1070.474049759747,684800
2016-07-27,1072.7406005859375,1077.2733073489767,1047.810713389222,1047.810713389222,942800
2016-07-28,1075.006591796875,1078.783846160181,1053.0985164897004,1072.7402391788914,667600
2016-07-29,1054.609375,1070.4738426755014,1022.1249888073066,1056.1202766833812,1259100
2016-08-01,1054.609375,1057.6311783667622,1020.6140871239255,1041.0112598495703,749900
2016-08-02,1020.6141357421875,1050.0767199716067,1019.1032339868327,1035.7231532957358,457400
2016-08-03,991.1516723632812,1003.9943388496957,986.6189665445468,995.6843781820157,681200
2016-08-04,1049.3214111328125,1059.1422738719964,998.706195477018,998.706195477018,915500
2016-08-05,1062.1640625,1083.3166896337125,1050.8322979640825,1053.0986508712658,867100
2016-08-08,1113.5347900390625,1114.2902410499437,1085.5831026364538,1087.8494556690978,624900
2016-08-09,1112.779052734375,1118.067208450017,1096.1591347709289,1102.9581921196113,811800
2016-08-10,1068.9632568359375,1112.7794186002375,1006.2608184490946,1091.6267887829893,2501200
2016-08-12,1092.3822021484375,1120.333890585154,1031.9461190420232,1031.9461190420232,1850200
2016-08-15,1167.9273681640625,1187.5690962185681,1130.1548142130903,1133.1766185291679,1926700
2016-08-16,1166.4163818359375,1188.3244615465867,1161.8836756889068,1170.9490879829684,1227800
2016-08-17,1199.656005859375,1203.4332602858844,1158.8616580530738,1163.394363364885,1208000
2016-08-18,1187.5689697265625,1201.1670877005308,1168.6826947627176,1181.5253617381322,815700
2016-08-19,1210.9879150390625,1215.5206208969755,1180.76987598631,1187.5689347731793,627100
2016-08-22,1223.0753173828125,1227.6080239327177,1202.678137908238,1224.5862195661143,798400
2016-08-23,1173.970947265625,1207.966244966367,1169.438240905526,1207.966244966367,920000
2016-08-24,1202.6781005859375,1211.7435134044244,1186.8136281535853,1186.8136281535853,799700
2016-08-25,1208.7218017578125,1220.053568649292,1202.6781927490235,1203.4336438751222,924800
2016-08-26,1188.3245849609375,1199.6563515053838,1179.2591717253804,1197.3899981964946,872100
2016-08-29,1253.293212890625,1260.0922719117314,1212.4988587639862,1223.8306237991635,975800
2016-08-30,1249.5157470703125,1270.6683715672707,1245.7384926958557,1246.493943570747,637900
2016-08-31,1269.9129638671875,1282.7556291769686,1257.0702985574062,1264.62480756316,965800
2016-09-01,1259.3367919921875,1295.5984392721066,1255.559537067196,1275.9567136621504,828600
2016-09-02,1253.293212890625,1253.293212890625,1214.0097607686764,1247.2496048718635,1095600
2016-09-05,1275.201416015625,1279.7341224706568,1260.8478455746908,1269.1578074089157,710400
2016-09-06,1284.2666015625,1291.821110983456,1263.1139751838236,1278.2229940257353,595300
2016-09-07,1261.603515625,1263.1144180389222,1223.830955276946,1257.8262595901945,999800
2016-09-08,1276.7122802734375,1279.7340844871023,1244.9833360299556,1269.9132207926914,648900
2016-09-09,1291.065673828125,1297.8647323795897,1266.8912434229171,1284.2666152766603,852400
2016-09-12,1260.8477783203125,1273.6904459245338,1254.0487190004305,1266.1359355691095,656100
2016-09-13,1254.0484619140625,1274.4456356921828,1244.227600465338,1268.4020286468137,494600
2016-09-14,1260.8477783203125,1271.4240928179065,1246.4942086450064,1250.2714638227185,477000
2016-09-15,1234.406982421875,1244.9832968367502,1228.3633741848034,1244.2278458071162,744200
2016-09-16,1246.494140625,1248.0050426136365,1232.1405717329546,1242.7168856534092,598700
2016-09-20,1233.6514892578125,1253.293215357447,1216.2761161696744,1234.4069402616446,849300
2016-09-21,1285.7777099609375,1289.5549652780965,1209.477152554325,1232.1406844572791,1208000
2016-09-23,1267.646728515625,1271.4239833681745,1251.026807164407,1271.4239833681745,733200
2016-09-26,1226.0970458984375,1262.3586960543987,1220.8088885840266,1254.8041856052403,786900
2016-09-27,1223.0753173828125,1226.852572841067,1191.3463715334744,1208.7217466414452,781300
2016-09-28,1209.4771728515625,1230.6298029826328,1206.4553685471237,1216.2762325365493,671300
2016-09-29,1225.341552734375,1239.6951220943954,1215.5206894880453,1216.2761405069937,682900
2016-09-30,1211.743408203125,1213.2543102083657,1186.8135251166516,1201.1670941664393,691100
2016-10-03,1220.8089599609375,1232.1407262972086,1214.7653512482595,1221.5644110500223,858800
2016-10-04,1240.45068359375,1245.7388411973775,1223.8307596966354,1232.1407216451926,598800
2016-10-05,1272.93505859375,1275.9568628871477,1241.206113513075,1250.2715263932678,816800
2016-10-06,1266.8912353515625,1294.0874693841542,1266.135784406213,1291.0656656027552,778900
2016-10-07,1284.2666015625,1284.2666015625,1257.8258185891546,1262.358524241728,664400
2016-10-11,1289.5545654296875,1301.6417786967495,1275.2009996750512,1282.755507966965,630600
2016-10-12,1270.66845703125,1285.0220246195934,1263.8693986999292,1274.4457116597614,701300
2016-10-13,1252.537841796875,1284.2667859195944,1248.0051354936293,1273.6904712120213,537100
2016-10-14,1254.0484619140625,1256.3148145560758,1228.3631319712445,1242.7166987039957,847500
2016-10-17,1278.978515625,1283.511221527983,1252.5377311909333,1252.5377311909333,659800
2016-10-18,1282.000244140625,1284.2665969587874,1266.135774413487,1280.48934226185,460200
2016-10-19,1294.8431396484375,1296.354041795052,1268.4023520826877,1274.4459606691448,483900
2016-10-20,1322.0391845703125,1322.794635532924,1278.2230287388393,1282.755734514509,903300
2016-10-21,1341.68115234375,1349.9911144359692,1331.8602880529454,1339.4147990458719,670700
2016-10-24,1343.1920166015625,1346.213820913377,1336.39295689998,1341.6811144456553,502000
2016-10-25,1378.6981201171875,1383.9862772902397,1346.969177078874,1347.7246281035957,716900
2016-10-26,1368.1217041015625,1385.497076378943,1361.3226453843267,1371.8989589444714,479800
2016-10-27,1353.7684326171875,1380.209222316742,1350.7466280800954,1372.654710974012,590500
2016-10-28,1389.2744140625,1393.8071201442701,1371.1435897354202,1377.1871978444467,779600
2016-10-31,1377.94287109375,1382.4755779065583,1353.768434758772,1378.6983222292179,801000
2016-11-01,1368.877197265625,1374.165354208704,1356.78998139573,1374.165354208704,656000
2016-11-02,1332.6156005859375,1340.1701107933407,1315.9956781296503,1331.8601495651972,784300
2016-11-04,1328.082763671875,1336.3927240816536,1306.930137174257,1312.2182937986615,572700
2016-11-07,1365.85546875,1377.1872342540098,1349.990997044386,1350.7464480779868,680700
2016-11-08,1377.94287109375,1396.0736983449835,1365.1002017907929,1389.274638125771,507300
2016-11-09,1286.533203125,1395.3181598190695,1268.402377009322,1382.475491320464,936000
2016-11-10,1380.2091064453125,1390.0299703663793,1362.0782807448816,1384.7418128704203,860200
2016-11-11,1399.09521484375,1429.3132540412391,1396.073410924001,1401.3615677835617,860900
2016-11-14,1474.640380859375,1498.8148133324796,1377.1871999521725,1411.1824956174758,2268800
2016-11-15,1532.8101806640625,1541.8755932653287,1498.0594323592095,1499.5703344594206,1550400
2016-11-16,1519.9676513671875,1548.674793888039,1513.1685912964597,1548.674793888039,845900
2016-11-17,1474.640380859375,1507.1247744951092,1465.5749686819609,1506.3693234803247,1549900
2016-11-18,1511.657470703125,1524.5001378705178,1499.5702545455788,1514.6792747425116,1025600
2016-11-21,1516.1903076171875,1532.054780193152,1507.1248947166364,1521.478465142509,768400
2016-11-22,1526.766357421875,1537.3426706350895,1508.6355347706503,1516.1900442086605,1278600
2016-11-24,1569.8275146484375,1589.469244860593,1554.7184914083177,1556.2293937323298,1268000
2016-11-25,1563.028076171875,1601.5560761161792,1550.1854095237734,1555.473566378874,970300
2016-11-28,1564.5389404296875,1569.071646196263,1543.386313519001,1563.7834894685914,394300
2016-11-29,1563.78369140625,1572.8491041100544,1550.9410234091938,1563.0282403475996,751700
2016-11-30,1561.51708984375,1583.4251670597484,1556.9843842128537,1572.0934029825078,920200
2016-12-01,1569.8275146484375,1609.8664262347547,1561.5175518663716,1599.2901099666708,1104600
2016-12-02,1550.185546875,1570.5827251233552,1538.8537811814692,1569.0718230308844,757000
2016-12-05,1535.83203125,1545.6528951979833,1522.2339119374078,1535.0765801770783,738700
2016-12-06,1571.338134765625,1573.6044878446137,1547.9191529494065,1573.6044878446137,916900
2016-12-07,1569.8275146484375,1591.735598346611,1551.6966867602937,1586.447440212569,735600
2016-12-08,1618.931396484375,1618.931396484375,1578.1370449164065,1586.4470054209926,879100
2016-12-09,1620.442626953125,1627.241686926355,1600.0454470334355,1627.241686926355,1082300
2016-12-12,1600.8006591796875,1624.219640036021,1586.4470902677413,1620.442385059193,1239200
2016-12-13,1629.5078125,1630.26326350255,1569.8271832985629,1597.023419390357,854400
2016-12-14,1623.4639892578125,1639.3284582082147,1617.4203820386117,1635.551203696214,485900
2016-12-15,1655.193359375,1671.0578324680512,1633.285277484596,1635.5516307836033,795400
2016-12-16,1666.525146484375,1686.9223264277466,1659.726086503251,1677.1014620105677,655100
2016-12-19,1654.437744140625,1661.2368033631205,1636.3069195473029,1659.725901313677,434700
2016-12-20,1646.8831787109375,1652.1713357067981,1631.018707723355,1649.1495317091635,529900
2016-12-21,1621.197998046875,1666.5250622979527,1615.909840550916,1662.7478069436963,690200
2016-12-22,1637.0623779296875,1638.5732799859218,1614.3988470861755,1619.687004282995,536300
2016-12-26,1616.6651611328125,1637.8177894093167,1615.9097101229374,1632.5296323401906,346200
2016-12-27,1658.2149658203125,1661.992220867739,1603.0670421278828,1618.1760623175896,874100
2016-12-28,1650.5697021484375,1662.8018073982637,1637.573090320497,1662.8018073982637,507200
2016-12-29,1602.4058837890625,1639.1022017384305,1600.8768705411721,1637.5731884905401,614600
2016-12-30,1602.4058837890625,1611.5799632764044,1577.9416718228174,1590.17377780594,722500
2017-01-04,1683.4437255859375,1684.9727389606749,1615.4026304101208,1622.2831905964392,878800
2017-01-05,1658.215087890625,1692.6178905439574,1652.099034085588,1684.2083165620318,547700
2017-01-06,1648.27685546875,1658.2154450425412,1632.9867176629175,1644.4543210172917,520900
2017-01-10,1631.4571533203125,1658.9793920829795,1623.0475803650531,1639.8667262755719,623500
2017-01-11,1627.6343994140625,1658.9791670871375,1622.2828537137814,1655.921140972691,553900
2017-01-12,1603.17041015625,1619.2250494568132,1584.057744322246,1614.6380096566522,690500
2017-01-13,1589.4091796875,1600.8767783865442,1568.0029954492845,1597.818752066799,846500
2017-01-16,1576.412841796875,1587.8804424888988,1568.0032679560575,1587.8804424888988,357700
2017-01-17,1544.303466796875,1571.0612001324644,1543.5389601301438,1563.416133465153,538900
2017-01-18,1545.06787109375,1552.7129372545305,1501.4909939773008,1513.7230998345497,922500
2017-01-19,1571.82568359375,1576.4127235264166,1547.3614706195283,1568.7676569719724,603200
2017-01-20,1571.82568359375,1583.2932834254166,1563.4161103838612,1565.7096303501946,396500
2017-01-23,1551.1842041015625,1562.651805413304,1534.3650555110082,1548.126177085098,619900
2017-01-24,1533.600341796875,1545.067941561059,1529.0133018912013,1538.951888353494,623700
2017-01-25,1547.361572265625,1559.5936795562623,1535.1294649749875,1551.1841057939491,817600
2017-01-26,1550.41943359375,1566.4740726990108,1545.0678872253297,1566.4740726990108,958500
2017-01-27,1550.41943359375,1571.825619067431,1545.83239384939,1561.8870329546505,900200
2017-01-30,1556.5355224609375,1568.7676287278211,1544.303416194054,1567.2386154444607,604000
2017-01-31,1520.6036376953125,1545.8323556661246,1519.0746244849602,1535.1292631936587,791200
2017-02-01,1522.1328125,1525.190839245354,1493.8460651054747,1509.9007055185837,749200
2017-02-02,1508.3717041015625,1539.7164784898869,1503.0201572547755,1521.3683178723313,728900
2017-02-03,1501.4910888671875,1523.6617821345747,1499.9620755384021,1516.7812221550407,568700
2017-02-06,1511.4298095703125,1525.1909307500118,1496.9041816584074,1515.25234323134,492300
2017-02-07,1509.1361083984375,1517.5456814442243,1493.0814689473905,1496.1394955094945,489200
2017-02-08,1520.6036376953125,1522.8971575108408,1490.7878800934436,1497.6684395400287,385900
2017-02-09,1487.7301025390625,1511.429811263991,1482.3785554076271,1509.9007977978667,593300
2017-02-10,1574.8839111328125,1577.941938144721,1518.3104114125076,1521.368438424416,882000
2017-02-13,1575.6483154296875,1593.9964763080536,1561.8871947709129,1589.409436088462,571000
2017-02-14,1636.0443115234375,1671.211619154315,1606.2285507059541,1606.2285507059541,1335000
2017-02-15,1578.7061767578125,1612.3444681754124,1549.6549250789762,1554.24196481774,1834300
2017-02-16,1597.054443359375,1600.8769767326623,1569.5322030717075,1576.4127631436245,754000
2017-02-17,1614.6378173828125,1616.1668304674554,1585.586568774599,1587.115581859242,677300
2017-02-20,1678.8568115234375,1699.4984936323322,1599.348110066954,1623.8123258997182,2660000
2017-02-21,1730.078857421875,1766.0106763784936,1702.5566131146777,1703.3211199009886,2265300
2017-02-22,1734.6654052734375,1736.9589249807184,1708.6721819242541,1721.6687935988457,1541800
2017-02-23,1731.6075439453125,1739.252610364497,1700.2627716266556,1739.252610364497,745400
2017-02-24,1728.549560546875,1732.3720938519323,1705.6143607165316,1720.139987275749,812300
2017-02-27,1701.02734375,1723.9625438904495,1681.914676966292,1721.6690238764045,885400
2017-02-28,1707.907958984375,1735.430200042315,1706.3789455922674,1710.2014790725368,953400
2017-03-01,1740.0172119140625,1750.7203054847112,1711.7304646202047,1719.3755314563823,1021600
2017-03-02,1746.8975830078125,1772.8908074376882,1740.0170235999044,1758.365182020993,878600
2017-03-03,1737.7236328125,1743.07517941597,1712.4949131104268,1721.6689930020898,810100
2017-03-06,1740.78173828125,1753.0138453574466,1729.3141378973155,1737.7237115122007,539700
2017-03-07,1724.726806640625,1753.0135494800325,1719.3752606980345,1741.545951031624,788200
2017-03-08,1713.25927734375,1730.0784224136128,1697.2046388679719,1725.4913828491049,972200
2017-03-09,1777.4779052734375,1780.5359317771338,1732.372014343918,1733.9010275957662,1086400
2017-03-10,1786.65234375,1808.8230403562259,1780.5362895137998,1808.058533576701,1122000
2017-03-13,1800.4132080078125,1801.9422213479465,1776.713501235735,1789.7101146268744,471600
2017-03-14,1792.7681884765625,1803.4712821391092,1782.0650948140158,1800.4132553783816,545600
2017-03-15,1792.00341796875,1798.8839771674354,1775.184273260852,1789.7098982358548,418600
2017-03-16,1791.2392578125,1797.355311616384,1767.5395493224498,1770.5975762243918,523000
2017-03-17,1775.94921875,1786.6523134820275,1769.8331646174129,1773.6556984502797,803100
2017-03-21,1769.8328857421875,1776.713445557168,1749.1912062972463,1752.249232881682,780900
2017-03-22,1707.1434326171875,1733.9011666707484,1704.085405868209,1723.9625797365686,745800
2017-03-23,1688.795166015625,1701.7917788822006,1678.8565797058907,1694.1467124900971,735300
2017-03-24,1704.0855712890625,1714.7886659494693,1681.914875206791,1691.0889563442827,658100
2017-03-27,1674.2696533203125,1700.262880814783,1658.9795195000356,1671.9761332472708,582100
2017-03-28,1701.02734375,1704.8498771067416,1684.208196980337,1699.4983304073035,741700
2017-03-29,1694.14697265625,1722.433722650962,1690.324438873181,1713.259641571596,571500
2017-03-30,1681.914794921875,1709.4370370205968,1679.6212747469817,1684.972821821733,497800
2017-03-31,1665.8599853515625,1705.614331032279,1665.8599853515627,1698.7337712029243,845300
2017-04-03,1684.208251953125,1695.6758523976537,1668.1536113307848,1674.2696649012,716800
2017-04-04,1667.388916015625,1682.6790482120084,1651.3342772094222,1666.6244094058059,855800
2017-04-05,1650.5697021484375,1678.8564455386609,1636.8085837423828,1651.3342087265517,681200
2017-04-06,1629.9283447265625,1650.570026390548,1623.0477841719007,1641.395945650999,734600
2017-04-07,1611.5804443359375,1654.3928280564369,1608.5224169273306,1640.631704717705,1402300
2017-04-10,1619.2252197265625,1639.1023942841123,1613.873672730299,1624.5767667228258,652000
2017-04-11,1610.0511474609375,1614.638187767094,1585.5869324947694,1590.1739728009259,824300
2017-04-12,1582.52880859375,1593.2319019852055,1572.590221873113,1584.8223286062048,798200
2017-04-13,1578.7061767578125,1583.2932164965762,1560.358017802758,1567.2385774109036,642500
2017-04-14,1574.119140625,1619.2250314928363,1567.2385810010926,1615.4024983684433,765500
2017-04-17,1557.3001708984375,1563.4162245887603,1540.48102325005,1552.7131306306953,467700
2017-04-18,1557.3001708984375,1588.6449460613417,1554.242144053276,1567.238758145212,733200
2017-04-19,1557.3001708984375,1568.0032648565023,1541.2455299613403,1558.0646776097278,677600
2017-04-20,1574.8839111328125,1595.5255934631941,1562.6518030851792,1567.2388436030417,736900
2017-04-21,1603.17041015625,1610.0509698564913,1577.9416912553647,1590.1737973891272,932800
2017-04-24,1612.3446044921875,1637.5733251883667,1604.6995376145574,1628.3992449352106,668700
2017-04-25,1635.2799072265625,1646.7475082590067,1603.9351310712145,1612.3447051616738,459800
2017-04-26,1686.5018310546875,1691.0888713930049,1654.3925486864657,1661.2731091939418,648000
2017-04-27,1674.2696533203125,1683.4437336124786,1668.9181064832155,1678.0921867753816,403400
2017-04-28,1670.4471435546875,1688.0307976973686,1660.5085564305637,1681.914744082523,483400
2017-05-01,1667.388916015625,1675.798488723636,1656.6858234781564,1675.798488723636,308200
2017-05-02,1691.8531494140625,1696.4401891323112,1672.7404839213596,1679.6210434987327,430700
2017-05-08,1731.6075439453125,1733.901063871068,1712.494877897351,1726.2559974518833,662200
2017-05-09,1719.375732421875,1733.9013611084092,1710.9661579191445,1733.9013611084092,602200
2017-05-10,1714.7880859375,1722.4331509662002,1701.7914753887092,1720.1396314575902,732500
2017-05-11,1744.6041259765625,1749.1911657468777,1723.1979403817581,1727.7849801520733,679700
2017-05-12,1723.9625244140625,1793.532630720794,1709.436897822547,1750.7202576089594,1392200
2017-05-15,1706.37890625,1733.1366399949598,1691.0887726814517,1727.7850932459678,823400
2017-05-16,1706.37890625,1727.0205865675405,1700.2628528225807,1725.4915732106856,572300
2017-05-17,1665.095458984375,1687.2661515052873,1658.2148992365057,1687.2661515052873,674500
2017-05-18,1675.7987060546875,1676.563212763654,1639.1023840242929,1643.6894242780922,1013200
2017-05-19,1668.9178466796875,1673.5048861116975,1650.5696889516469,1665.8598203916806,514100
2017-05-22,1699.4984130859375,1701.0274265030187,1675.0341984126355,1675.0341984126355,460200
2017-05-23,1701.02734375,1714.0239571629213,1693.3822770365168,1712.4949438202248,628400
2017-05-24,1720.904296875,1730.0783757566082,1714.023737713794,1719.3752837280654,569900
2017-05-25,1718.611083984375,1721.6691108242048,1691.0888424259063,1704.8499632051407,622800
2017-05-26,1695.6759033203125,1718.6111048981345,1694.9113966010516,1718.6111048981345,394800
2017-05-29,1679.6209716796875,1704.0851824642803,1675.798438744595,1704.0851824642803,479800
2017-05-30,1659.7440185546875,1674.269645617119,1642.16036474227,1674.269645617119,539200
2017-05-31,1651.3345947265625,1661.2731825651945,1641.3960068879303,1658.9796622947408,1014700
2017-06-01,1694.9114990234375,1702.5565666780315,1658.979681046847,1658.979681046847,813500
2017-06-02,1756.836669921875,1762.1882176544482,1708.6727403287166,1714.0242880612898,767600
2017-06-05,1740.78173828125,1758.3653922032827,1724.7270977437418,1758.3653922032827,631900
2017-06-06,1719.375732421875,1742.3109356111397,1713.259678238071,1723.1982662867524,663900
2017-06-07,1726.2559814453125,1727.7849947149718,1694.9112094172976,1707.1433155745717,671400
2017-06-08,1717.8465576171875,1742.3107720558835,1715.5530375135597,1734.6657050437911,521000
2017-06-09,1732.3719482421875,1741.5460274032228,1708.672243742846,1717.8463229038814,999200
2017-06-12,1730.8431396484375,1737.7236998325523,1720.1400460287034,1723.9625794643227,449300
2017-06-13,1723.9625244140625,1727.7850577276192,1712.4949244733925,1720.9044977632173,314900
2017-06-14,1746.133544921875,1771.3622695201332,1743.8400245038515,1753.7786129819533,676900
2017-06-15,1646.7474365234375,1725.4916268493027,1645.9829298212446,1725.4916268493027,1196200
2017-06-16,1666.6246337890625,1677.3277277675243,1653.6280196723587,1663.5666069380734,1258000
2017-06-19,1662.8021240234375,1669.682684536638,1650.5700164444145,1662.8021240234375,551100
2017-06-20,1683.4437255859375,1688.7952723975186,1672.7406319627753,1675.0341520248815,635100
2017-06-21,1687.2659912109375,1690.3240174750263,1670.4468467584497,1681.9144452487824,549800
2017-06-22,1701.791748046875,1706.378787799023,1682.6790824129255,1688.0306287904314,518700
2017-06-23,1714.7880859375,1721.6686444633303,1704.0849948973193,1710.9655534231497,597900
2017-06-26,1721.669189453125,1731.6077771364692,1717.0821489838895,1723.1982029428702,463200
2017-06-27,1762.18798828125,1766.0105218783895,1719.375611993289,1723.1981455904283,837800
2017-06-28,1760.63818359375,1780.0114030435052,1754.4387533698284,1771.487186485613,1056800
2017-06-29,1773.8118896484375,1784.6608920316082,1767.6124597151968,1773.0369609067823,695000
2017-06-30,1747.4642333984375,1766.0625223570019,1742.0397324521896,1760.638021410754,603400
2017-07-03,1766.0625,1772.2619295743748,1753.6636408512506,1755.9884269416411,406200
2017-07-04,1760.63818359375,1793.1851922693388,1752.1139670358577,1786.985762045417,621900
2017-07-05,1780.010986328125,1783.110700714417,1757.5380570275088,1761.4127000103736,435900
2017-07-06,1762.9630126953125,1779.2365174278848,1754.4387959306318,1763.7379414921018,475900
2017-07-07,1775.3614501953125,1778.4611646434928,1746.689091549644,1750.5637346098692,526000
2017-07-10,1793.1849365234375,1799.38436586319,1780.7860778439322,1792.4100078559684,580400
2017-07-11,1802.484375,1804.8091613822012,1786.2108703245915,1793.1852294711953,605400
2017-07-12,1807.1339111328125,1809.4586974678891,1783.8860477820474,1797.0598370141477,525000
2017-07-13,1789.310302734375,1807.1336621812745,1782.3359446899362,1803.259018823253,396700
2017-07-14,1793.1849365234375,1809.458438540288,1787.760435851154,1804.0339378680044,757300
2017-07-17,1793.1849365234375,1793.1849365234375,1793.1849365234375,1793.1849365234375,0
2017-07-18,1780.7862548828125,1794.7349722839833,1771.4871099486984,1790.8603285614358,582500
2017-07-19,1769.9376220703125,1783.1114134780162,1764.5131197259639,1781.5615556653452,440300
2017-07-20,1783.110595703125,1793.1846668652895,1765.2872390316031,1770.7117388881531,450700
2017-07-21,1766.0625,1780.0112165423432,1762.9627852128126,1776.1365730583589,362900
2017-07-24,1735.0653076171875,1743.5895230632746,1728.0909495249343,1743.5895230632746,480700
2017-07-25,1716.467041015625,1746.689259796487,1715.6921123289362,1746.689259796487,417600
2017-07-26,1727.31640625,1759.0884890926425,1722.6668331510766,1742.814983246411,614500
2017-07-27,1714.14208984375,1731.965447920787,1707.167732335344,1726.5409476364714,666900
2017-07-28,1722.66650390625,1722.66650390625,1693.2192132411858,1704.843143766869,2079100
2017-07-31,1726.541259765625,1728.091117269903,1680.045534637287,1704.843254705734,1085500
2017-08-01,1736.614990234375,1764.512419796373,1730.41556144282,1742.8144190259302,643200
2017-08-02,1739.71484375,1752.1137023246101,1729.6407711581292,1743.5894870545656,381300
2017-08-03,1732.7406005859375,1749.7890322553878,1719.566812477726,1739.7149589961673,362400
2017-08-04,1724.9910888671875,1736.6150180374516,1716.4668741423272,1723.4412316444857,388000
2017-08-07,1723.4412841796875,1747.4640718638468,1721.116498274769,1739.7147855141181,264700
2017-08-08,1725.765869140625,1735.839940222272,1715.6917980589778,1725.765869140625,394900
2017-08-09,1697.0938720703125,1726.5411630012127,1683.14515531357,1724.216376875089,712400
2017-08-10,1730.4156494140625,1793.9597977579733,1627.3501405147922,1720.3415771156376,1839200
2017-08-11,1730.4156494140625,1730.4156494140625,1730.4156494140625,1730.4156494140625,0
2017-08-14,1668.4215087890625,1730.4158054463433,1654.4727920411744,1730.4158054463433,1161700
2017-08-15,1662.2222900390625,1685.470154235413,1659.1225748128825,1682.370439009233,618100
2017-08-16,1650.5982666015625,1656.797696710864,1640.5241926739473,1652.1481241288877,547000
2017-08-17,1638.9742431640625,1650.5981739666445,1629.675098521997,1650.5981739666445,417600
2017-08-18,1598.6781005859375,1617.276391625231,1590.1538838595948,1611.8518900721037,498000
2017-08-21,1587.0538330078125,1599.452691078186,1577.7546894550323,1597.9028338193893,555100
2017-08-22,1597.903076171875,1597.903076171875,1573.8802850170116,1578.5298574985982,498900
2017-08-23,1591.7034912109375,1618.8259947125844,1590.1536338679862,1611.0767079978282,596200
2017-08-24,1590.9287109375,1605.6523570689235,1583.1794234999088,1588.6039247062226,541800
2017-08-25,1594.80322265625,1605.6522241709183,1580.854506423105,1584.7291498212007,396700
2017-08-28,1575.43017578125,1600.2278962067296,1570.0056744381764,1596.3532523902484,585100
2017-08-29,1571.5552978515625,1580.0795129779763,1566.130797316572,1566.130797316572,426700
2017-08-30,1590.9287109375,1592.4785684250182,1568.4557773684853,1575.4301360623174,707200
2017-08-31,1576.97998046875,1594.8033414273648,1576.2050517314187,1593.2534839527027,544300
2017-09-01,1609.52685546875,1611.0767128163368,1589.3787099501235,1600.2277113832301,575800
2017-09-04,1594.80322265625,1607.977010209776,1590.153650578535,1603.327438132061,571300
2017-09-05,1592.478515625,1613.4015910127737,1584.729228444343,1600.227802805657,443700
2017-09-06,1601.777587890625,1602.5525165736879,1578.5297273987437,1581.6294421309944,736800
2017-09-07,1601.0025634765625,1613.4014216641835,1594.803134382752,1609.526778480552,425000
2017-09-08,1582.404296875,1597.9028698120715,1580.8544395812928,1590.1535833435357,990000
2017-09-11,1631.2247314453125,1633.5495172858523,1600.2275869047842,1601.0025155182973,491000
2017-09-12,1693.218994140625,1694.7688513434998,1658.347207075944,1666.871421691755,960900
2017-09-13,1723.4412841796875,1730.4156418944435,1710.2674973851485,1714.917069194986,754900
2017-09-14,1715.6923828125,1741.2650335048272,1711.0428099593496,1730.4160301808097,526000
2017-09-15,1714.9171142578125,1723.4413294665046,1707.9427563597915,1715.692042913148,603000
2017-09-18,1714.9171142578125,1714.9171142578125,1714.9171142578125,1714.9171142578125,0
2017-09-19,1739.71484375,1743.5894870545656,1727.3159851753896,1734.290343123608,741400
2017-09-20,1749.7889404296875,1750.5638691012682,1731.1906523117457,1747.4641544149447,472300
2017-09-21,1763.73779296875,1778.461438867874,1759.8631493110859,1766.8375078948814,400300
2017-09-22,1771.4869384765625,1780.0111538410604,1762.1877944425648,1770.7120098070627,506400
2017-09-25,1786.2109375,1793.9602257321042,1777.6867204446853,1780.786435737527,453400
2017-09-26,1786.9857177734375,1794.7350053613534,1773.8119288739802,1779.2364301855214,458300
2017-09-27,1804.0341796875,1804.8091084588434,1773.8119576051063,1796.2848919740659,341900
2017-09-28,1800.9339599609375,1816.4325310449385,1798.6091742983372,1804.0336741777376,646200
2017-09-29,1797.83447265625,1807.133616480334,1791.635043440194,1801.709115916285,653000
2017-10-02,1854.4044189453125,1855.9542763786142,1813.3331969628214,1813.3331969628214,700600
2017-10-03,1861.3787841796875,1870.6779288133912,1849.754853387558,1860.6038554602123,518900
2017-10-04,1868.3533935546875,1878.427468260706,1855.9545323780492,1862.1539629663682,545400
2017-10-05,1859.053955078125,1869.9029569001732,1852.854525465526,1865.253384690724,464000
2017-10-06,1873.7777099609375,1880.7520686828764,1859.0540637701774,1865.2534937452342,437600
2017-10-09,1873.7777099609375,1873.7777099609375,1873.7777099609375,1873.7777099609375,0
2017-10-10,1875.32763671875,1881.5270669227789,1848.2051295761235,1853.629631004649,504700
2017-10-11,1875.32763671875,1881.5270669227789,1856.7293461066633,1870.6780640657284,405100
2017-10-12,1865.2535400390625,1879.2022578291344,1857.5042523779114,1876.102542764674,482700
2017-10-13,1873.0025634765625,1887.7262079556915,1843.5552745183047,1846.6549891454897,970800
2017-10-16,1945.071044921875,1962.8944050944658,1919.4983977177228,1929.5724708587525,1330400
2017-10-17,1931.8973388671875,1965.994203251526,1921.8232652990873,1965.2192745155185,665800
2017-10-18,1913.298828125,1926.472615114925,1906.3244703068044,1921.8230432361281,620200
2017-10-19,1928.0225830078125,1931.8972264624101,1906.3245796620654,1918.723438716778,394000
2017-10-20,1925.697265625,1931.8966934419016,1900.8995543573944,1919.4978378080987,487700
2017-10-23,1980.7177734375,1990.791846620085,1962.1194844850352,1964.4442706040932,736700
2017-10-24,1963.6695556640625,1965.2194132454863,1945.8461934776876,1961.3447692919265,410500
2017-10-25,1946.62109375,1969.0940283514133,1939.6467347357684,1960.5698117784634,506800
2017-10-26,1945.071044921875,1951.270474547124,1931.897256968221,1932.672185671377,473200
2017-10-27,1972.193359375,1973.7432166318763,1949.7204291502946,1965.993930347495,555400
2017-10-30,1972.193359375,1979.167717030943,1960.5694299484283,1967.5437876043713,412200
2017-10-31,1960.5699462890625,1970.6440211118918,1928.022935322999,1945.0713696385562,602600
2017-11-01,1974.518310546875,1974.518310546875,1954.3701645208864,1965.9940949204952,540600
2017-11-02,1993.11669921875,1996.2164141475505,1975.2933383781467,1981.492768235748,559700
2017-11-03,1993.11669921875,1993.1166992187498,1993.1166992187498,1993.1166992187498,0
2017-11-06,1986.142578125,1997.7665104979517,1971.4189304525946,1992.3420087239076,372300
2017-11-07,2000.0908203125,2003.9654635134154,1971.4184606257265,1972.9683179060928,580500
2017-11-08,1983.8175048828125,1986.917219734192,1964.4442870616913,1984.5924335956574,732900
2017-11-09,1885.401611328125,1953.5953399746006,1860.6038918203158,1945.8460526284102,1780000
2017-11-10,1842.780029296875,1879.9765984332291,1829.6062443944163,1862.153242388726,1332200
2017-11-13,1821.8575439453125,1841.2307632556626,1816.4330425384146,1833.4814755315226,790100
2017-11-14,1877.6519775390625,1943.5209078282992,1822.632047532759,1828.0565476742256,2260900
2017-11-15,1822.63232421875,1873.777619031011,1822.63232421875,1867.5781893567976,1153300
2017-11-16,1875.32763671875,1877.6524230452608,1821.082622433497,1834.2564116170583,805200
2017-11-17,1870.6778564453125,1896.2505031987075,1860.603783481854,1893.1507884407201,843800
2017-11-20,1875.32763671875,1879.202280596268,1842.7806281475982,1842.7806281475982,371200
2017-11-21,1899.3502197265625,1905.549649248314,1886.9513606830599,1891.6009328243733,399700
2017-11-22,1941.1964111328125,1952.0454130313592,1905.5496906090164,1914.073906386446,837900
2017-11-23,1941.1964111328125,1941.1964111328125,1941.1964111328125,1941.1964111328125,0
2017-11-24,1936.546630859375,1944.2959170973077,1914.8486293931635,1924.1477728786829,425400
2017-11-27,1932.672607421875,1957.4703313342648,1924.923318699253,1948.1711848671187,407700
2017-11-28,1914.849365234375,1931.8978015092257,1879.2026348415052,1912.5245784696226,617100
2017-11-29,1930.346923828125,1941.9708515107511,1924.1474957307244,1931.896780852475,341100
2017-11-30,1949.720703125,1956.6950617609796,1933.447199641047,1954.3702755489865,760600
2017-12-01,1961.344482421875,1968.3188405181993,1943.5211228423793,1956.6949103576587,629300
2017-12-04,2020.23876953125,2052.0108407053126,2007.0649839224923,2038.8370550965549,1215800
2017-12-05,2004.74072265625,2017.9145117112002,1986.9173609936702,1994.6666486730528,957600
2017-12-06,1952.81982421875,1992.3411778041293,1951.2699672154017,1983.8169642857142,787500
2017-12-07,1964.4439697265625,1978.3926843045026,1955.1448266746024,1959.0194696129192,688700
2017-12-08,2010.940185546875,2011.7151143274327,1976.0683904217847,1976.0683904217847,999900
2017-12-11,2009.390380859375,2014.8148824660143,1996.216591243251,2000.866164048942,419700
2017-12-12,2045.8121337890625,2049.686777981845,2012.4901937311347,2012.4901937311347,622600
2017-12-13,2017.9146728515625,2055.1112566829274,2005.5158115744407,2047.3619683847267,666500
2017-12-14,2011.715087890625,2015.5897317424945,2000.0911563350166,2005.5156577276339,454400
2017-12-15,2003.966064453125,2028.7637883752054,1993.117060237215,2002.416206707995,771000
2017-12-18,2043.4871826171875,2046.5868977216505,2021.789176885947,2035.7378948560302,531700
2017-12-19,2112.4560546875,2119.4304143691534,2060.5358215018573,2060.5358215018573,874500
2017-12-20,2155.0771484375,2158.951792717323,2098.5073419520854,2111.6811325034832,866400
2017-12-21,2165.92578125,2177.5497120974956,2148.87734934034,2155.076779125671,614800
2017-12-22,2183.7490234375,2196.1478823356547,2169.800307177076,2171.3501645393453,695500
2017-12-25,2165.92578125,2183.7491418828263,2162.8260663573346,2181.4243557133273,437400
2017-12-26,2178.32421875,2182.9737901881003,2163.6005758626825,2165.9253615817324,466100
2017-12-27,2178.32421875,2186.159917378597,2167.354240669964,2177.5406488871404,493500
2017-12-28,2154.03369140625,2183.8093481081187,2150.8994117534216,2179.8914985420834,366000
2017-12-29,2165.00439453125,2176.7579471617128,2150.900131374695,2155.6015524268796,292600
2018-01-01,2165.00439453125,2165.00439453125,2165.00439453125,2165.00439453125,0
2018-01-02,2165.00439453125,2165.00439453125,2165.00439453125,2165.00439453125,0
2018-01-03,2165.00439453125,2165.00439453125,2165.00439453125,2165.00439453125,0
2018-01-04,2182.24267578125,2198.6976474837297,2158.735573349136,2175.1905450516156,914600
2018-01-05,2216.719970703125,2216.719970703125,2179.89217338144,2194.78000634127,778600
2018-01-08,2216.719970703125,2216.719970703125,2216.719970703125,2216.719970703125,0
2018-01-09,2221.421142578125,2229.256843257413,2200.264750744048,2226.9061330536265,679800
2018-01-10,2212.0185546875,2215.1528353175922,2185.377169331717,2193.9964410644707,747000
2018-01-11,2200.2646484375,2203.3989285634793,2184.5932478076033,2200.2646484375,542800
2018-01-12,2211.234130859375,2226.1219581047076,2194.7791639040074,2194.7791639040074,869200
2018-01-15,2204.18212890625,2220.6370968077895,2196.3464299055167,2220.6370968077895,366400
2018-01-16,2198.697509765625,2217.5031905333994,2197.1303697016438,2205.7496400535406,299000
2018-01-17,2191.6455078125,2197.130498357615,2164.2205550869235,2187.727657423132,520000
2018-01-18,2203.398681640625,2240.2264689937933,2196.346552147465,2227.6893498948425,822500
2018-01-19,2214.368896484375,2217.5031765926333,2187.727515564181,2215.15246651144,430300
2018-01-22,2222.988037109375,2227.689456997516,2201.83164761274,2214.3687673144495,330900
2018-01-23,2265.300537109375,2266.8676768790806,2206.532795745417,2230.0398922910003,604500
2018-01-24,2245.7119140625,2271.5697274484255,2238.659783139066,2265.301166627595,347700
2018-01-25,2206.533447265625,2235.525541565635,2204.966307033192,2233.1748312169857,460600
2018-01-26,2205.749755859375,2231.6075682726464,2201.831905493728,2222.2047273950934,430200
2018-01-29,2202.615234375,2228.473043956777,2198.697384438367,2211.2345042355923,329300
2018-01-30,2195.562744140625,2219.8534097610245,2179.891346966174,2179.891346966174,578400
2018-01-31,2172.056640625,2212.8022918921356,2170.4895001916484,2194.780176908595,534200
2018-02-01,2216.719970703125,2224.5556722609304,2166.571480733171,2188.511445095026,493000
2018-02-02,2204.9658203125,2219.8536492342973,2187.7272815609454,2205.7493902557526,317500
2018-02-05,2142.280029296875,2171.27211455071,2141.4964594251496,2165.787125448633,435300
2018-02-06,2024.7451171875,2037.2822386561531,1970.6787808539327,2033.364388197199,1387200
2018-02-07,2038.848876953125,2121.1237163382434,2038.848876953125,2067.8409632126427,806200
2018-02-08,2081.945556640625,2092.13196696668,2041.9834853614861,2043.5506254116485,549200
2018-02-09,2010.6407470703125,2043.550689150185,1978.5143750399607,2003.5886166246255,844200
2018-02-12,2010.6407470703125,2010.6407470703125,2010.6407470703125,2010.6407470703125,0
2018-02-13,1954.223876953125,2041.200160169563,1950.30602635779,2034.14802909796,759700
2018-02-14,1933.8505859375,1965.1933831163897,1914.2613377006937,1942.4698551616946,632700
2018-02-15,1958.1412353515625,1980.864763092737,1951.089106052577,1961.2755150400003,647300
2018-02-16,1994.1854248046875,2007.5061133004358,1962.8426283441029,1969.11118763622,410600
2018-02-19,2070.192138671875,2099.967801529381,1991.8351311521221,2005.1558224304802,1813300
2018-02-20,2095.26611328125,2106.236092931937,2049.819054728403,2068.624734129581,1062000
2018-02-21,2103.885498046875,2136.795438798446,2084.296247599511,2096.0497978679296,755600
2018-02-22,2041.1998291015625,2078.8111887164855,2032.5805591898093,2070.97548879671,518500
2018-02-23,2073.325927734375,2074.1094976239197,2046.6845514898669,2057.654529943488,448900
2018-02-26,2078.81103515625,2095.2660037722626,2058.438216869758,2083.5124547608248,459200
2018-02-27,2087.430419921875,2099.967539561045,2070.9754503954637,2084.2961400120826,679300
2018-02-28,2077.243896484375,2108.5866938662593,2073.3260468116396,2090.564585371676,597400
2018-03-01,2017.692626953125,2058.438264468295,2009.0733574787623,2054.520414707221,436600
2018-03-02,1941.686279296875,1969.894796671648,1928.3655905365656,1958.9248176925696,824200
2018-03-05,1948.7384033203125,1955.7905326447526,1931.4998649716808,1940.1191341459967,712400
2018-03-06,1991.8348388671875,2010.6405179123537,1981.6484293843894,1987.9169890661115,620200
2018-03-07,1968.3280029296875,1992.6186749403644,1945.6044710487317,1975.3801335134324,967300
2018-03-08,1933.8505859375,1990.2676208595014,1926.0148866427774,1990.2676208595014,693600
2018-03-09,1945.6044921875,1995.7529768834322,1936.9852213803865,1947.1716323342478,972300
2018-03-12,2002.8048095703125,2005.939089397496,1974.5962911256602,1984.782700564007,464000
2018-03-13,1985.5662841796875,1990.2677039528046,1963.6263252384756,1986.3498541418737,385100
2018-03-14,1970.678466796875,1985.5662961683029,1962.0591971607853,1962.0591971607853,443500
2018-03-15,1956.57421875,1974.5963280937124,1922.8807099769724,1965.1934884361233,398700
2018-03-16,1939.3358154296875,1977.7307467250632,1926.7986950067077,1977.7307467250632,523200
2018-03-19,1907.992919921875,1937.7685794524832,1905.6422099589322,1923.6643196748266,381600
2018-03-20,1915.045166015625,1917.3958761212089,1881.3516545022567,1890.754494924592,602300
2018-03-21,1915.045166015625,1915.045166015625,1915.045166015625,1915.045166015625,0
2018-03-22,1918.1796875,1920.530397901348,1889.1875925500408,1912.6946965635211,648900
2018-03-23,1824.9344482421875,1857.8443867678088,1817.882318558126,1841.3894175049982,944300
2018-03-26,1845.3072509765625,1845.3072509765627,1788.8902140040307,1800.6437633733083,645300
2018-03-27,1911.1270751953125,1912.6942150683712,1859.4114593843692,1862.545739130487,646300
2018-03-28,1900.1578369140625,1902.5085476401418,1869.5985974750322,1876.65072965327,536500
2018-03-29,1907.20947265625,1945.6044045215565,1890.7545018568328,1926.0151535698694,524200
2018-03-30,1929.9324951171875,1942.4696124220493,1907.2089700021252,1926.014645959418,540700
2018-04-02,1922.09716796875,1947.1714074204417,1898.5900684827889,1899.3736384656543,441400
2018-04-03,1911.9105224609375,1920.5297912097367,1882.9184366695215,1893.1048451908298,485600
2018-04-04,1936.201904296875,1944.0376060544502,1904.075527090816,1911.9112288483911,403900
2018-04-05,1968.3280029296875,1979.297983837735,1933.0673500109629,1958.1415920865004,628600
2018-04-06,1964.4102783203125,1995.7530829205566,1961.275997860288,1979.2981105054284,605500
2018-04-09,1948.7384033203125,1958.9248123445038,1932.2834348966185,1955.7905326447526,429500
2018-04-10,1985.5662841796875,1993.401983801549,1926.7985370157269,1935.4178065997744,524700
2018-04-11,2003.58837890625,2024.7447677331834,1981.6484201227636,1987.9169797751883,767000
2018-04-12,1951.0892333984375,1988.700592114552,1945.6042435856707,1985.5663122215424,594500
2018-04-13,1985.5662841796875,2005.9391031965274,1964.4098952006618,1974.5963047090816,463800
2018-04-16,1975.3798828125,1986.3498623283172,1959.7084835041899,1971.4620329854224,355900
2018-04-17,1966.7606201171875,1976.9470297034518,1958.1413504672714,1970.6784699580583,289500
2018-04-18,1994.1854248046875,2000.4539840968043,1963.6261982556175,1976.1633168398514,360900
2018-04-19,1980.0816650390625,1997.3202074335456,1973.8131041683412,1997.3202074335456,449100
2018-04-20,1978.514404296875,1991.0515252745977,1969.1115635635829,1983.9993947246287,475800
2018-04-23,1992.6182861328125,2004.3718348123218,1973.8126082455976,1976.9468878934667,310800
2018-04-24,2018.476318359375,2022.3941683561907,1990.267798382303,2005.1556283702023,529200
2018-04-25,2027.8792724609375,2029.446412547847,1994.1857605923826,2001.2378909834754,308900
2018-04-26,2028.662841796875,2035.7149721855085,2014.5585810196083,2032.5806920127825,461600
2018-04-27,2025.5283203125,2045.9011390080996,2010.6404912657156,2042.7668592087766,580100
2018-04-30,2025.5283203125,2025.5283203125,2025.5283203125,2025.5283203125,0
2018-05-01,2004.3720703125,2022.3941804052238,2000.4542202923428,2020.0434703931294,446200
2018-05-02,2009.0731201171875,2018.4759584328685,1998.8867119418665,2009.8566899768275,323600
2018-05-03,2009.0731201171875,2009.0731201171875,2009.0731201171875,2009.0731201171875,0
2018-05-04,2009.0731201171875,2009.0731201171875,2009.0731201171875,2009.0731201171875,0
2018-05-07,1988.700439453125,2009.0732571937795,1982.4318801483082,2009.0732571937795,297500
2018-05-08,2001.237548828125,2020.0432266557973,1982.4318710004527,1990.2675700953162,381500
2018-05-09,1976.9468994140625,2005.155416409269,1970.6783400817942,2000.4539969100679,367900
2018-05-10,1996.5364990234375,2012.991470169235,1984.7829482050106,1991.8350786960666,283500
2018-05-11,2017.692626953125,2030.2297461885619,1994.9690983388957,2021.6104767141992,481400
2018-05-14,2009.0731201171875,2095.2658046775973,1969.111057275543,2005.9388406786272,1012900
2018-05-15,2017.692626953125,2030.2297461885619,1996.5362382433252,2006.7226476221178,649100
2018-05-16,2023.1773681640625,2031.7966365799437,1989.4838643565279,2005.1552614763116,562200
2018-05-17,2074.8935546875,2088.9978160109044,2034.1479108643316,2036.498621084899,617400
2018-05-18,2084.296142578125,2093.698982319079,2077.2440127724094,2085.8632825349505,422600
2018-05-21,2076.460693359375,2085.0799641619988,2072.542842994546,2084.2963940890327,270300
2018-05-22,2070.192138671875,2088.214250401418,2065.49071822069,2081.945689799838,381900
2018-05-23,2026.3123779296875,2063.923744573394,2026.3123779296875,2056.871613327699,685600
2018-05-24,1972.245849609375,2012.9914929068273,1964.4101489752495,2008.2900725263519,621900
2018-05-25,1947.1707763671875,1972.24500769264,1940.1186488069038,1951.8721947407098,577200
2018-05-28,1953.440185546875,1984.7829883635115,1948.7387651243794,1952.656615476459,483000
2018-05-29,1910.34423828125,1947.1720394294118,1902.5085359093007,1945.604898955022,452300
2018-05-30,1854.71044921875,1873.5161318470768,1849.2254584521545,1871.9489916280497,504000
2018-05-31,1857.0606689453125,1866.4635077754156,1837.4714213825985,1856.2770990428041,792400
2018-06-01,1852.359619140625,1876.650290965227,1830.4196574925973,1842.9567784343274,489500
2018-06-04,1903.2916259765625,1907.2094761741264,1871.948824396051,1872.7323944355637,356400
2018-06-05,1900.9407958984375,1913.4779157394826,1890.7543860275885,1909.560065789156,302100
2018-06-06,1945.6044921875,1952.6566228478655,1914.2616892525423,1914.2616892525423,508200
2018-06-07,1963.62646484375,1978.5142951837465,1951.8729145753316,1955.7907646648043,381000
2018-06-08,1950.3057861328125,1989.4842872604304,1949.5222161102604,1974.5964568319357,635500
2018-06-11,1945.6044921875,1960.492323581605,1926.0152403531515,1945.6044921875,245700
2018-06-12,1944.8209228515625,1969.1115951353652,1940.903072483207,1961.2758943986546,355600
2018-06-13,1935.4178466796875,1957.3578060752468,1933.067136744449,1933.8507067228618,292600
2018-06-14,1907.20947265625,1927.5822936460045,1907.20947265625,1926.798723607937,396800
2018-06-15,1889.9705810546875,1931.4997853647615,1887.6198713767587,1929.9326455794755,646900
2018-06-18,1861.7623291015625,1886.0529992203117,1856.2773390747482,1883.7022892088198,334700
2018-06-19,1839.8221435546875,1874.2992194986423,1839.8221435546875,1854.7099718032134,400100
2018-06-20,1848.4415283203125,1851.575808147901,1809.2630304754564,1842.1729686651356,439700
2018-06-21,1835.9044189453125,1857.8443778571643,1824.1508695282491,1840.605838712138,414600
2018-06-22,1834.337646484375,1849.2254787283746,1799.8605612877443,1810.0469728231124,597100
2018-06-25,1835.9044189453125,1844.5236885178258,1821.0165896836988,1833.5537090618998,480100
2018-06-26,1844.5235595703125,1848.4414091021101,1798.2929350951008,1816.3150429413697,395100
2018-06-27,1820.703369140625,1850.0823593971463,1811.175047976348,1850.0823593971463,387200
2018-06-28,1818.3209228515625,1838.9656145520605,1804.0284439819868,1828.6432687018114,471600
2018-06-29,1828.6435546875,1834.2017417838144,1807.2048330302864,1830.2316081435897,431000
2018-07-02,1783.3836669921875,1842.1416328681546,1779.4135341627302,1830.2312343797828,387000
2018-07-03,1765.9149169921875,1787.3536322614273,1745.2702282144012,1783.3834998041605,534600
2018-07-04,1757.1806640625,1772.2671677304563,1750.0344254829417,1751.6224785006214,314100
2018-07-05,1737.3299560546875,1761.9447771870896,1731.7717706376936,1746.8582739123915,421400
2018-07-06,1760.357177734375,1778.6197916666667,1744.4766438802085,1744.4766438802085,486400
2018-07-09,1776.2374267578125,1784.9717189770058,1758.7688423194254,1758.7688423194254,336800
2018-07-10,1805.6163330078125,1825.466996299455,1792.9119085011612,1792.9119085011612,410800
2018-07-11,1759.56298828125,1792.9121062901906,1745.2705091345613,1792.9121062901906,443800
2018-07-12,1767.5029296875,1783.3834591545933,1759.5626649539531,1769.0909826342092,395100
2018-07-13,1790.5299072265625,1800.8522525897313,1776.237429031406,1783.3836681289843,570400
2018-07-16,1790.5299072265625,1790.5299072265625,1790.5299072265625,1790.5299072265625,0
2018-07-17,1825.467529296875,1846.1122251479924,1808.7929672632802,1810.3810207902893,468900
2018-07-18,1832.6134033203125,1851.6700418297091,1826.2611904838468,1832.6134033203125,385700
2018-07-19,1846.1116943359375,1859.610145434308,1831.819216702369,1835.7893493783604,266700
2018-07-20,1811.9683837890625,1842.9354157644232,1798.4699339536487,1838.9652834598899,419500
2018-07-23,1804.028564453125,1814.3509109926895,1794.50024457045,1796.0882978842292,314200
2018-07-24,1834.2015380859375,1861.992470481179,1833.4075114460734,1838.9656979251217,370500
2018-07-25,1838.9656982421875,1846.111938002196,1833.4075117621808,1838.1716716021865,263600
2018-07-26,1850.081787109375,1862.786211398538,1842.141521928648,1858.0220522901018,332600
2018-07-27,1864.3741455078125,1864.3741455078125,1842.9354308874074,1856.4338808335883,262800
2018-07-30,1867.550537109375,1877.8728827651667,1850.875978742327,1856.4341648646764,353400
2018-07-31,1892.9586181640625,1916.779406144315,1875.4900403118775,1875.4900403118775,612400
2018-08-01,1922.3382568359375,1925.5143630017135,1900.8995402169492,1915.1920179629412,402100
2018-08-02,1919.956298828125,1937.4248838464125,1913.6040860942026,1924.7204583785672,469200
2018-08-03,1920.7503662109375,1928.6906322969685,1903.281780821669,1928.6906322969685,316000
2018-08-06,1896.135498046875,1919.9562957610317,1893.7534182754594,1919.9562957610317,319100
2018-08-07,1916.780029296875,1923.9262680142206,1878.6667561376994,1882.636888758447,247100
2018-08-08,1865.96240234375,1895.3413848487369,1861.1982430186172,1891.3712520777926,547100
2018-08-09,1854.8460693359375,1866.756467897598,1838.96553792039,1850.8759364820505,392600
2018-08-10,1901.6939697265625,1954.8937592763243,1807.204791272508,1894.547729339281,1381000
2018-08-13,1823.0849609375,1896.135403623149,1823.0849609375,1887.4011115629082,706600
2018-08-14,1863.580078125,1863.580078125,1823.8787556255327,1839.7592846253197,427400
2018-08-15,1879.461181640625,1891.37158203125,1858.0224609375,1875.4910481770835,344100
2018-08-16,1871.5203857421875,1875.4905180836006,1829.4369829232073,1852.463750503404,493000
2018-08-17,1865.96240234375,1872.3146147772607,1828.643154296875,1853.257977476729,407900
2018-08-20,1850.8758544921875,1861.1981994550356,1837.377403386925,1853.2579340989987,336900
2018-08-21,1845.3172607421875,1850.0814189024513,1827.0546544611761,1846.1112871022315,374600
2018-08-22,1870.7266845703125,1872.3147377830207,1806.4105294556286,1828.643274433544,303700
2018-08-23,1819.9090576171875,1858.8163629501903,1818.3210043382896,1851.670123195149,398600
2018-08-24,1802.4405517578125,1823.8792719769583,1794.5002850099809,1819.9091386030425,410600
2018-08-27,1827.0548095703125,1838.1711795546603,1806.4101224565236,1806.4101224565236,270000
2018-08-28,1870.7266845703125,1879.460977240208,1854.052125836876,1858.0222588686465,482700
2018-08-29,1886.607177734375,1897.7235499937526,1862.7863800357086,1870.726645935264,354400
2018-08-30,1868.34423828125,1885.0187937440237,1855.6398150715177,1869.1382647318583,607000
2018-08-31,1854.0518798828125,1881.8428074185292,1850.8757738787306,1864.3742243960787,614000
2018-09-03,1830.2314453125,1863.5805649234,1823.879232053281,1855.6402983493763,339600
2018-09-04,1811.1746826171875,1845.3178265683225,1804.8224697890694,1841.3476935507488,501300
2018-09-05,1818.3209228515625,1836.5835347404645,1799.2642843587948,1819.1149494554277,473100
2018-09-06,1797.6761474609375,1828.6431835700262,1789.7358817919405,1807.204466263734,543900
2018-09-07,1777.0313720703125,1790.529823064591,1761.9448680178837,1788.1477434773653,534200
2018-09-10,1780.207275390625,1784.1774075837352,1765.120773056806,1765.120773056806,310300
2018-09-11,1779.4134521484375,1788.1477439706746,1771.473186855495,1780.2074786777318,293700
2018-09-12,1760.357177734375,1780.2078450520835,1749.2408040364585,1777.03173828125,366800
2018-09-13,1806.4107666015625,1811.174926865127,1775.4437248883928,1775.4437248883928,509500
2018-09-14,1823.87890625,1828.6430653433827,1807.2043494231605,1819.114747156617,896000
2018-09-17,1823.87890625,1823.8789062499998,1823.8789062499998,1823.8789062499998,0
2018-09-18,1870.7266845703125,1872.3147377830207,1807.998582668337,1808.792609274691,601300
2018-09-19,1892.9586181640625,1917.5734324103234,1892.1645918980541,1905.6630384201972,598800
2018-09-20,1900.8997802734375,1921.5444729581116,1892.165487214537,1918.3683663912386,622700
2018-09-21,1931.0726318359375,1936.6308178650706,1890.5772764808255,1913.604047172948,850900
2018-09-24,1931.0726318359375,1931.0726318359377,1931.0726318359377,1931.0726318359377,0
2018-09-25,1959.657470703125,1959.657470703125,1930.2784891731349,1942.982913618536,720700
2018-09-26,1973.9500732421875,1974.744099820322,1942.9830366949448,1955.6874619450957,543100
2018-09-27,1924.7205810546875,1981.0964726614875,1923.1325277699889,1971.5681529532958,654600
2018-09-28,1944.5714111328125,1965.2161055752188,1932.6610104929628,1952.5116782260457,695900
2018-10-01,1939.0125732421875,1945.3647847843406,1923.1320443868053,1928.690229486189,379900
2018-10-02,1957.2752685546875,1985.0661952887297,1950.9230567297636,1950.9230567297636,580800
2018-10-03,1924.7205810546875,1952.5115135369128,1919.9564212005919,1952.5115135369128,383900
2018-10-04,1924.7205810546875,1954.0995668216115,1920.7504478429412,1942.9831938287214,405700
2018-10-05,1913.60400390625,1928.6905085013614,1897.723472753501,1899.3115258687758,446400
2018-10-08,1913.60400390625,1913.60400390625,1913.60400390625,1913.60400390625,0
2018-10-09,1873.108642578125,1906.457757876252,1867.550456695104,1887.4011205630366,450700
2018-10-10,1873.90283203125,1900.89973723848,1865.9625657938295,1892.1654443773173,464400
2018-10-11,1802.4405517578125,1831.8195387247902,1783.3839115630162,1813.5569252047771,555000
2018-10-12,1799.26416015625,1807.2044256467893,1778.6194698808472,1780.207522978955,794500
2018-10-15,1764.3270263671875,1781.7956107866646,1746.8584419477104,1778.6195045285779,519000
2018-10-16,1799.26416015625,1801.6462398034118,1751.6225672130129,1758.7688061544984,585400
2018-10-17,1813.5570068359375,1824.6733807832682,1796.8824459149416,1804.8227130201778,482500
2018-10-18,1790.5299072265625,1815.1447307848878,1789.735880660165,1805.6164119881169,342100
2018-10-19,1755.5926513671875,1758.7687574754955,1738.918094298571,1746.8583595693408,394900
2018-10-22,1758.7689208984375,1765.9151603061514,1725.41980366244,1734.154096271868,318100
2018-10-23,1719.861572265625,1746.8584759853993,1719.0675456856316,1734.1540507055056,496100
2018-10-24,1721.449462890625,1750.828443576489,1712.7151713353683,1743.682205031279,850900
2018-10-25,1661.8978271484375,1684.1305739999218,1653.9575604157646,1661.1038004751704,611200
2018-10-26,1680.16015625,1690.4825012553167,1653.1632539284028,1672.219890861295,474000
2018-10-29,1692.8646240234375,1718.2734739149712,1688.1004646687747,1706.3630755283148,315600
2018-10-30,1726.2137451171875,1738.124143542559,1700.8048951430615,1706.3630810749016,491700
2018-10-31,1740.5062255859375,1753.2106505902143,1713.509322451849,1719.8615349539873,483700
2018-11-01,1754.798828125,1762.7390943156108,1726.213869838801,1739.7123223628394,500200
2018-11-02,1804.028564453125,1813.5568843357999,1753.2108584121918,1758.769045010419,700900
2018-11-05,1812.7630615234375,1833.4077569240549,1760.3572962757166,1781.001991676334,673000
2018-11-06,1842.935546875,1854.0519181185373,1826.2609900096943,1826.2609900096943,429300
2018-11-07,1827.0548095703125,1870.7262630802504,1822.290651005592,1834.9950738448467,452300
2018-11-08,1794.5,1825.46703539823,1788.1477876106196,1810.3805309734514,831500
2018-11-09,1858.0220947265625,1888.989129638672,1738.1240877591647,1808.7924494816707,1761300
2018-11-12,1842.1414794921875,1856.4339564882475,1812.7624990002862,1839.759399992844,728000
2018-11-13,1821.4970703125,1826.2612300430471,1783.3837924681234,1811.9687508514057,894100
2018-11-14,1850.8758544921875,1856.4340402414134,1823.0849257460586,1833.4072707089065,550200
2018-11-15,1885.812744140625,1888.1948233963817,1847.69947604852,1853.2576609786186,574800
2018-11-16,1860.4041748046875,1877.8727586056705,1834.201299103213,1867.5504136323623,867600
2018-11-19,1856.4344482421875,1865.168742053421,1827.8494866781502,1840.5539140399446,693700
2018-11-20,1872.3145751953125,1873.108601732715,1832.613248325183,1842.9355933114166,741000
2018-11-21,1842.935546875,1849.2877590141643,1825.4669634922986,1838.9654142880224,726900
2018-11-22,1830.2314453125,1853.2582183771692,1819.1150721088666,1853.2582183771692,743900
2018-11-23,1830.2314453125,1830.2314453125,1830.2314453125,1830.2314453125,0
2018-11-26,1886.607177734375,1889.7832840941971,1830.2312898475311,1838.9655823370422,660400
2018-11-27,1904.8697509765625,1912.8100167163564,1888.1951929229954,1906.4578041245213,528400
2018-11-28,1882.63720703125,1892.1655269318721,1864.374593888391,1878.6670737393242,661500
2018-11-29,1892.165283203125,1913.6040002180157,1888.9891769786966,1900.8995753203026,397200
2018-11-30,1886.607177734375,1904.8697893033525,1882.637044784597,1888.9892575042416,1200800
2018-12-03,1896.9295654296875,1923.132443478737,1895.3415122145934,1907.2519113277979,508500
2018-12-04,1861.1982421875,1904.8697026483842,1855.6400563106602,1893.7533308947045,507000
2018-12-05,1833.4072265625,1840.5534652108597,1812.7625371339052,1835.7893061119532,695800
2018-12-06,1801.6461181640625,1832.6131514864064,1786.5596147506128,1827.0549660182935,556700
2018-12-07,1841.3477783203125,1846.1119381607273,1807.20463279734,1813.556845917893,626100
2018-12-10,1817.5269775390625,1823.0851640147173,1795.294231636444,1804.822551308995,518500
2018-12-11,1791.3238525390625,1815.144648450486,1784.1776137656352,1806.4103566162973,641800
2018-12-12,1820.703369140625,1861.198734088803,1797.6765929936219,1802.4407535757605,953800
2018-12-13,1850.8758544921875,1866.7563852042613,1838.9654564581324,1843.7296156717543,513300
2018-12-14,1809.58642578125,1838.9654068053421,1796.0879750404508,1827.849035607037,935900
2018-12-17,1817.5269775390625,1834.9955636054058,1813.5568443421664,1826.2612705722343,359000
2018-12-18,1796.08837890625,1822.291259765625,1790.5301920572917,1804.8226725260417,445100
2018-12-19,1787.353515625,1815.9384674519658,1781.7953305475346,1799.2639122195692,426300
2018-12-20,1754.798828125,1794.5001590780544,1747.6525885534502,1783.383786411199,586100
2018-12-21,1667.45556640625,1738.1239213634672,1667.45556640625,1737.3298949032737,909300
2018-12-24,1667.45556640625,1667.45556640625,1667.45556640625,1667.45556640625,0
2018-12-25,1557.0860595703125,1630.1365019366913,1551.5278737380881,1627.7544222943093,666200
2018-12-26,1563.5404052734375,1585.3234759351417,1537.7234326373436,1580.482793565874,703000
2018-12-27,1640.1845703125,1641.7981311293347,1600.6523303000492,1604.686232342136,537200
2018-12-28,1666.00146484375,1677.2963900291313,1630.5031285468372,1632.1166892876058,473200
2018-12-31,1666.00146484375,1666.00146484375,1666.00146484375,1666.00146484375,0
2019-01-04,1649.05908203125,1653.0929838953186,1588.5505540702206,1607.1065026449364,630500
2019-01-07,1704.7269287109375,1728.12355953565,1678.1031763931614,1689.3981016188845,440100
2019-01-08,1716.02197265625,1754.7474332521597,1716.02197265625,1737.8050442414492,648900
2019-01-09,1755.55419921875,1769.2694664001465,1720.055860631606,1730.5440061232623,485300
2019-01-10,1744.259521484375,1758.7815711544577,1732.9645939631996,1758.7815711544577,397500
2019-01-11,1762.815185546875,1774.1101112208596,1745.8727970358982,1761.2016247363058,720300
2019-01-15,1821.7100830078125,1828.164325994554,1748.2930690336268,1752.3269709003403,648900
2019-01-16,1790.2454833984375,1817.6760135631723,1785.4048016046606,1815.255672666284,493700
2019-01-17,1779.7578125,1807.188349954669,1775.7239099331368,1805.574788927924,322300
2019-01-18,1812.02880859375,1818.4830519012967,1796.6999807383265,1801.5406632189865,406600
2019-01-21,1829.77783203125,1853.1744621586338,1825.7439302851494,1839.4591962218915,270700
2019-01-22,1823.32373046875,1845.1068015849694,1817.676267586767,1830.5847541741564,268200
2019-01-23,1824.1302490234375,1827.357370207026,1793.472597779346,1793.472597779346,484000
2019-01-24,1831.3916015625,1835.4255037685848,1807.994968767208,1811.222090532076,243200
2019-01-25,1853.9814453125,1862.856030124701,1833.0051539382073,1833.0051539382073,357000
2019-01-28,1845.9134521484375,1868.503302087317,1837.8456485988377,1845.1066717934775,342100
2019-01-29,1849.1409912109375,1850.7545522852927,1824.1307945584335,1840.2664053019846,403100
2019-01-30,1850.7540283203125,1862.855732951875,1839.4591039975207,1857.2082707904792,453100
2019-01-31,1858.8221435546875,1891.0933613247341,1858.8221435546875,1887.8662395477295,465300
2019-02-01,1856.4014892578125,1875.764216655547,1850.7540271001399,1862.048951415485,367000
2019-02-04,1883.83203125,1889.479493442184,1847.5269171573875,1853.1743793495716,348500
2019-02-05,1878.1849365234375,1891.0934240596812,1870.9239122843005,1882.2188388785137,272300
2019-02-06,1877.378173828125,1901.5815881877484,1874.9578323921626,1899.9680272304402,374300
2019-02-07,1850.7540283203125,1876.5709982009794,1841.8794449238333,1871.7303163483543,286200
2019-02-08,1783.7913818359375,1836.232105408681,1781.3710407479646,1816.062596342241,572400
2019-02-12,1877.378173828125,1887.8663200506285,1816.8696379290664,1816.8696379290664,754600
2019-02-13,1888.6732177734375,1897.547803589545,1877.378290371119,1888.6732177734377,479900
2019-02-14,1886.2528076171875,1895.9341736100903,1870.1171976290166,1874.9578806254679,495700
2019-02-15,1810.41552734375,1829.7782602565173,1778.144305822471,1805.574844115558,946000
2019-02-18,1891.9000244140625,1918.5237774228744,1863.6627106168376,1868.503392982076,795400
2019-02-19,1861.2423095703125,1904.8084494562236,1858.015188097282,1896.7406457736474,523100
2019-02-20,1866.8896484375,1874.957451585458,1843.4930193084217,1846.7201405676049,681700
2019-02-21,1841.8800048828125,1873.3444464905347,1836.2325410045034,1873.3444464905347,534400
2019-02-22,1835.425537109375,1840.2662198446085,1820.9034889036745,1831.3916348300138,561800
2019-02-25,1841.8800048828125,1864.469860396049,1837.8461021125918,1854.7884937475192,481500
2019-02-26,1842.6866455078125,1853.981572406722,1828.164596637786,1849.1408894500466,650300
2019-02-27,1859.6290283203125,1887.866345453159,1859.6290283203125,1867.6968332154115,800800
2019-02-28,1832.1983642578125,1844.3000707588549,1813.6424142895476,1838.652607725035,1037600
2019-03-01,1804.767578125,1836.232010644837,1804.767578125,1828.9709877556438,839700
2019-03-04,1813.642333984375,1832.1982831310122,1803.1541888145364,1828.1643811426127,538700
2019-03-05,1780.5640869140625,1801.5403742995477,1777.3369657778342,1796.699692595205,573600
2019-03-06,1745.06591796875,1764.4286466008582,1738.6116750913807,1749.9066001267772,744300
2019-03-07,1703.9200439453125,1734.5776962511468,1692.6251194115841,1727.316673336607,894100
2019-03-08,1642.6048583984375,1682.1370971319952,1634.5370545752626,1673.2625129265027,1324800
2019-03-11,1656.3201904296875,1682.1371636852891,1647.4456058730746,1680.523602856814,419800
2019-03-12,1693.43212890625,1701.499933236437,1676.4897398128574,1681.3304224109695,451300
2019-03-13,1657.93359375,1694.2387089416059,1654.706472399635,1686.1709055656936,409500
2019-03-14,1645.0250244140625,1678.1030165675577,1641.7979032283558,1652.286047081903,389200
2019-03-15,1645.83203125,1663.5812002144608,1645.0252508425244,1649.0591528799018,1167600
2019-03-18,1662.7744140625,1671.6489985140709,1647.445586373423,1661.1608532531236,287200
2019-03-19,1667.6148681640625,1676.4894514005427,1656.3199440449057,1657.1267243391312,434200
2019-03-20,1659.5472412109375,1672.4557272874447,1653.092998172684,1657.1269000715924,843500
2019-03-22,1669.228515625,1670.8420762974263,1639.3776431851136,1670.8420762974263,890000
2019-03-25,1623.2421875,1631.309991612823,1603.0726772179423,1628.889650378976,403500
2019-03-26,1678.9100341796875,1678.9100341796875,1635.3438920145252,1643.4116961191849,382900
2019-03-27,1664.3878173828125,1687.784446904917,1657.933574756025,1686.9776665765687,277400
2019-03-28,1636.95751953125,1663.5812741613788,1631.3100564278893,1662.7744937180414,265200
2019-03-29,1658.740478515625,1661.9676000691572,1645.0252119131126,1661.9676000691572,552800
2019-04-01,1693.43212890625,1705.5338354015305,1678.1033006788948,1679.716861544932,354800
2019-04-02,1713.6015625,1728.9303900364878,1704.7269781367702,1724.8964880532014,263800
2019-04-03,1720.0557861328125,1728.930370395224,1709.5676410954175,1711.9879822578932,291600
2019-04-04,1728.9302978515625,1736.1913210343268,1719.2489336078768,1724.89639608336,171500
2019-04-05,1751.5201416015625,1766.042187916085,1742.6455577426877,1749.906580899949,359900
2019-04-08,1734.5777587890625,1762.0082907885176,1729.7370766715117,1762.0082907885176,157400
2019-04-09,1723.282958984375,1734.5778847455085,1712.7948136347509,1727.3168610419227,162900
2019-04-10,1724.0897216796875,1724.8965020829069,1700.6930899863273,1704.726992002424,156900
2019-04-11,1738.6116943359375,1740.2252550731403,1720.8625262267076,1726.5099888069171,202600
2019-04-12,1736.19140625,1749.0998925418214,1724.0897003514172,1747.4863317553438,561700
2019-04-15,1763.6219482421875,1778.9507757886659,1756.3609246675398,1774.1100934055673,523100
2019-04-16,1745.06591796875,1762.0083055218447,1744.2591376090788,1751.5201608461196,339100
2019-04-17,1760.394775390625,1774.1100417433477,1747.486289411592,1751.5201912800399,307400
2019-04-18,1762.0084228515625,1781.3711527730081,1757.167740371201,1774.9169094658596,288400
2019-04-19,1770.0758056640625,1780.563948541744,1767.655464999982,1778.9503880990237,211900
2019-04-22,1763.6219482421875,1781.371116980215,1759.588046256272,1781.371116980215,224000
2019-04-23,1743.452392578125,1770.0761449867682,1742.6456122021054,1761.2015608505537,386200
2019-04-24,1711.1810302734375,1753.1336062160206,1705.5335681273205,1750.7132652962562,515100
2019-04-25,1699.8863525390625,1706.3405959279153,1675.6829398308653,1699.0795721154561,401300
2019-04-26,1688.591552734375,1690.2051137021097,1659.5474553151503,1679.716967411834,399800
2019-05-07,1649.05908203125,1695.0455632816322,1645.831960539995,1687.7845399263085,595900
2019-05-08,1606.2999267578125,1628.889780072337,1606.2999267578125,1628.0829995968184,460500
2019-05-09,1562.7337646484375,1592.5846419287639,1561.1202037143657,1592.5846419287639,430000
2019-05-10,1552.24560546875,1572.415116974321,1534.4964353438475,1563.5405319118697,544600
2019-05-13,1549.0184326171875,1570.8015043258667,1536.1099456787108,1544.9845304489136,473100
2019-05-14,1503.838623046875,1637.7641656572728,1468.340286451348,1536.916618510889,1792500
2019-05-15,1577.255615234375,1585.323418892863,1510.2928448689258,1526.4284521859015,1005100
2019-05-16,1569.1881103515625,1585.3237207407817,1548.2118168455777,1581.289818143477,626100
2019-05-17,1540.1436767578125,1582.0962546474962,1540.1436767578125,1582.0962546474962,589600
2019-05-20,1532.075927734375,1552.2454370515734,1522.3945632621198,1537.7233903431907,372300
2019-05-21,1536.10986328125,1536.10986328125,1511.099671179507,1519.1674750832951,377100
2019-05-22,1544.984375,1550.631837467363,1536.1097911227155,1539.3369125326371,287800
2019-05-23,1532.075927734375,1533.689488479751,1518.3606613986803,1527.2352454982474,337800
2019-05-24,1518.360595703125,1532.0758614453955,1504.6453299608545,1515.1334743520024,398000
2019-05-27,1504.6453857421875,1528.848796772893,1501.4182642714268,1524.0081145667518,276300
2019-05-28,1532.8826904296875,1541.7572744269119,1496.5775740774054,1500.6114758943256,665400
2019-05-29,1511.9063720703125,1524.814857637615,1497.3843258070972,1515.1334934621382,446200
2019-05-30,1518.360595703125,1525.6216187431505,1504.6453299608545,1515.1334743520024,333500
2019-05-31,1463.49951171875,1497.3842854189636,1460.2723904139677,1497.3842854189636,518700
2019-06-03,1478.021484375,1478.021484375,1448.1706137844567,1463.4994392228439,573300
2019-06-04,1511.0997314453125,1511.0997314453125,1475.6013928528973,1482.0556362333364,464100
2019-06-05,1557.0863037109375,1572.4151326075737,1553.8591818379614,1557.8930841791814,666600
2019-06-06,1566.7674560546875,1574.8352596389032,1540.1437042267758,1541.7572649436188,463200
2019-06-07,1561.9268798828125,1575.6421469065767,1560.3133190564872,1566.7675623617881,365600
2019-06-10,1570.80126953125,1590.1639970447322,1566.7673679659413,1588.5504364186088,408000
2019-06-11,1583.7099609375,1588.5506434467331,1561.92688964595,1572.4150350826221,271000
2019-06-12,1582.0963134765625,1603.8793835754238,1581.2895331025306,1588.5505564688178,346400
2019-06-13,1584.5166015625,1592.5844050327776,1566.7674339278894,1586.9369426035832,507900
2019-06-14,1574.8353271484375,1593.3912761875843,1570.8014251834059,1589.3573742225524,483300
2019-06-17,1579.67578125,1584.5164629085803,1566.7672968271197,1576.44866014428,279300
2019-06-18,1581.2894287109375,1599.8453760886678,1575.6419664655411,1582.0962090317084,369900
2019-06-19,1603.87939453125,1615.1743198448503,1586.1302261813066,1590.1641280790209,519600
2019-06-20,1594.1981201171875,1615.9811915965215,1591.7777788417059,1610.3337286203978,461500
2019-06-21,1590.1641845703125,1606.2997927343947,1582.9031608964754,1590.9709649785166,484700
2019-06-24,1603.07275390625,1610.333777955146,1579.6761208598075,1586.9371449087034,229900
2019-06-25,1600.6522216796875,1607.106464509041,1589.3572967283187,1602.2657823870259,456800
2019-06-26,1607.2091064453125,1617.0441443225914,1586.7194442009816,1590.8173766498478,279300
2019-06-27,1624.4205322265625,1630.9772245867102,1612.126734051286,1615.4050802313595,372500
2019-06-28,1622.7811279296875,1632.6161650686552,1609.6677450777304,1630.1574057839132,578300
2019-07-01,1672.7760009765625,1676.87393336504,1635.0750230025685,1655.5646849449565,433900
2019-07-02,1674.4150390625,1676.0542118858602,1660.4820700639377,1663.7604157106582,314500
2019-07-03,1653.92529296875,1661.3015702912073,1642.451083800483,1655.5644657070739,339400
2019-07-04,1664.5802001953125,1670.3173057597473,1653.9255755756478,1657.2039216124679,304800
2019-07-05,1684.25,1685.8891727493917,1667.8582725060826,1668.6778588807786,247900
2019-07-08,1677.693359375,1693.2655009617733,1673.5954273784807,1690.8067417638617,360300
2019-07-09,1670.317138671875,1689.1676264979071,1658.0233422635933,1675.2346572351878,329300
2019-07-10,1673.5953369140625,1679.3324413990765,1660.4819552340307,1664.5798870090407,381100
2019-07-11,1685.88916015625,1694.0850238419878,1674.4149509962174,1685.88916015625,417300
2019-07-12,1685.0697021484375,1705.5593629235887,1680.9717699934072,1701.4614307685583,372900
2019-07-16,1694.90478515625,1703.9202361411237,1685.8893341713763,1692.446025796739,422300
2019-07-17,1694.0850830078125,1716.2139157321526,1684.2500462414391,1693.2654966106147,673700
2019-07-18,1634.255126953125,1675.2344430753196,1626.87885005113,1668.6777524957686,602100
2019-07-19,1677.693359375,1677.693359375,1623.6006570209454,1633.4356938125916,411200
2019-07-22,1680.152099609375,1697.3634138004954,1673.5954084889481,1680.9716859994282,450100
2019-07-23,1705.5594482421875,1707.1986211861972,1670.3172299459768,1680.1522676100356,303700
2019-07-24,1714.57470703125,1739.981884812306,1702.2809113307392,1730.1468482518972,495700
2019-07-25,1713.755126953125,1726.868509081891,1709.6571950378855,1724.4097499327474,253500
2019-07-26,1704.739990234375,1709.6575094369741,1693.2657787616436,1703.9204037006084,227400
2019-07-29,1672.7760009765625,1688.3481440527776,1665.3997226773029,1687.528557575082,319900
2019-07-30,1687.5284423828125,1691.6263744915614,1670.3171275260668,1671.1367139478166,324200
2019-07-31,1648.1883544921875,1674.4151209485524,1643.270835781619,1672.7759480450295,497500
2019-08-01,1658.8428955078125,1667.8583460268767,1621.9615070207317,1639.1728216480362,367800
2019-08-02,1577.703857421875,1617.8635919744318,1567.8688203885959,1617.8635919744318,694800
2019-08-05,1556.39453125,1570.3274996708794,1535.9048718075303,1560.492463138494,445600
2019-08-06,1555.5751953125,1556.3947818221484,1495.745380108173,1505.5804182239528,471200
2019-08-07,1532.62646484375,1555.5748824991645,1528.528533119569,1542.4615009817846,518600
2019-08-08,1555.5751953125,1568.688579466873,1523.6113214362158,1528.5288404941057,547300
2019-08-09,1619.5028076171875,1626.8790855871039,1565.4101025044677,1613.7657025294748,765800
2019-08-13,1604.75048828125,1613.7659404626052,1580.9824779849496,1602.2917285954256,482800
2019-08-14,1627.69873046875,1633.4358357624467,1616.224519881357,1625.2399710571658,478900
2019-08-15,1603.9305419921875,1604.7501283703132,1571.9666732452813,1578.5233642702876,432900
2019-08-16,1589.9976806640625,1603.9306500307064,1585.8997484974025,1591.6368535307265,452100
2019-08-19,1596.55419921875,1621.1417895557945,1594.0954401850456,1620.3222032112262,232900
2019-08-20,1612.9461669921875,1615.4049263930904,1589.9977459170955,1596.554437652836,380400
2019-08-21,1600.6522216796875,1606.3893264168908,1582.6213210770488,1585.8996666411651,271100
2019-08-22,1632.6160888671875,1637.5336072071489,1602.2913924374254,1605.5697379973997,381700
2019-08-23,1633.4359130859375,1636.71425912324,1617.0441828994253,1622.7812884647046,351600
2019-08-26,1604.75048828125,1621.1422195200778,1574.4257854894183,1579.3433048610666,493000
2019-08-27,1652.286376953125,1655.5647229391432,1617.8637440999348,1619.502917092944,464600
2019-08-28,1642.4512939453125,1650.6471586855587,1633.435842731042,1644.0904668933617,331800
2019-08-29,1635.074951171875,1654.745025772439,1621.1419816631424,1651.4666800056782,296000
2019-08-30,1674.4150390625,1676.0542118858602,1647.3686874770558,1660.4820700639377,402300
2019-09-02,1646.5491943359375,1664.5800964142802,1632.616224548127,1657.2038182913218,360300
2019-09-03,1651.466796875,1656.384315873139,1631.7967208824443,1641.6317588787222,251600
2019-09-04,1632.6160888671875,1636.7140208171554,1616.224361067316,1632.6160888671875,255700
2019-09-05,1681.791259765625,1693.2654691402442,1649.8273907934713,1651.4665635612741,476400
2019-09-06,1704.739990234375,1707.1987498356746,1694.0853652954102,1700.6420575655425,399900
2019-09-09,1710.47705078125,1714.5749833418186,1681.7915228572713,1691.6265610026353,315100
2019-09-10,1748.9971923828125,1750.6363650092255,1705.5591177828644,1707.1982904092777,411000
2019-09-11,1794.074462890625,1794.074462890625,1767.847700527674,1782.600254356834,585100
2019-09-12,1797.3529052734375,1807.1879416908025,1784.2395233836178,1802.2704234821201,545000
2019-09-13,1808.8271484375,1812.92508035512,1782.6003841647314,1812.105493971596,815800
2019-09-17,1796.5333251953125,1801.450843421212,1779.322011404664,1793.2549797113795,496000
2019-09-18,1778.50244140625,1792.4354098412298,1768.6674048639113,1792.4354098412298,556800
2019-09-19,1780.14208984375,1796.533821794429,1771.1266372708765,1783.420436233886,512600
2019-09-20,1798.172607421875,1805.5488852098406,1783.4200518459434,1795.7138481592197,550100
2019-09-24,1803.0899658203125,1817.022933738015,1792.4353432950106,1802.2703794722124,317100
2019-09-25,1787.5181884765625,1791.6161210498697,1769.4872851540113,1777.6831503006254,458200
2019-09-26,1807.188232421875,1826.03872192106,1799.8119539221939,1808.0078189218395,588000
2019-09-27,1795.7139892578125,1819.481997331056,1776.8635000962745,1816.203651389919,561700
2019-09-30,1771.126220703125,1803.0900904890677,1762.1107702506797,1794.89422644139,567800
2019-10-01,1821.9405517578125,1821.9405517578125,1791.615855214835,1793.2550280009418,435400
2019-10-02,1799.8118896484375,1814.5644461209656,1783.4201602345172,1785.0593331759092,593400
2019-10-03,1755.554443359375,1762.1111359582897,1735.8843655626313,1758.8327896588323,613000
2019-10-04,1759.652099609375,1767.0283776235735,1740.8016113508675,1753.9149944872204,539000
2019-10-07,1738.3427734375,1759.6520200708687,1729.327322938767,1754.7345016170143,389000
2019-10-08,1754.7347412109375,1763.7501929406528,1740.801770355923,1746.5388760021056,601500
2019-10-09,1755.554443359375,1758.8327896588323,1712.9359414664304,1714.575114616159,510300
2019-10-10,1765.3892822265625,1778.5026659385517,1746.5387931405778,1770.3068011185585,313300
2019-10-11,1800.631103515625,1801.4506898167244,1781.7806185903362,1798.1723446123265,491600
2019-10-15,1853.084716796875,1858.0022348423333,1831.7754719332222,1836.6929899786805,513900
2019-10-16,1867.01806640625,1894.0644211873766,1858.8222013210602,1880.9510370510727,563000
2019-10-17,1869.4766845703125,1885.0488270546773,1862.1004065514028,1876.0333761426766,506500
2019-10-18,1880.9508056640625,1883.4095648871528,1862.100318287037,1869.4765959563078,425900
2019-10-21,1875.213623046875,1887.5074186525146,1873.5744502994564,1876.8527957942936,362600
2019-10-23,1907.9971923828125,1912.0951244970367,1876.8529083147082,1894.883809617295,490000
2019-10-24,1935.8631591796875,1937.5023320494417,1914.5539118728832,1921.930189786777,389500
2019-10-25,1948.156982421875,1948.1569824218752,1928.4869077150493,1933.4044263917558,536700
2019-10-28,1976.02294921875,1988.3167460824088,1967.0074981854002,1972.744603388441,572100
2019-10-29,2009.625732421875,2010.445318772781,1981.759796491066,1989.1360736492213,396200
2019-10-30,2007.1671142578125,2007.1671142578125,1983.3991084131917,2001.430009398766,481600
2019-10-31,1997.3323974609375,2004.7086763190205,1970.2860416479662,1987.4973589834933,641700
2019-11-01,1989.135986328125,1994.873090532615,1963.7288105653843,1967.0071558250927,337700
2019-11-05,2048.146240234375,2053.063758218131,2018.641132331839,2041.589549589367,538900
2019-11-06,2045.687744140625,2061.2598864237466,2036.6722933451333,2048.96608988444,459700
2019-11-07,2045.687744140625,2048.1465034484863,2030.935188293457,2040.7702255249023,316600
2019-11-08,2044.048583984375,2072.7341094212047,2042.4094111022705,2072.7341094212047,646800
2019-11-11,2039.1309814453125,2057.981468813979,2039.1309814453125,2042.409327074646,419200
2019-11-12,2008.805908203125,2055.522324672965,1965.3678367487123,2048.96563464211,905500
2019-11-13,1999.791259765625,2030.1159632948577,1971.1057294001344,1982.5799415463305,938400
2019-11-14,1953.0743408203125,1989.9557278689547,1950.6155816837363,1978.4815185649327,686000
2019-11-15,1952.2547607421875,1971.1052475167762,1941.6001377826374,1949.796001597676,603200
2019-11-18,1926.0281982421875,1948.1570328602893,1921.1106794381649,1944.0591005236038,668600
2019-11-19,1884.229248046875,1912.0951873394342,1883.4096615970936,1902.2601499420603,739500
2019-11-20,1862.9197998046875,1905.5382906053228,1862.9197998046875,1881.7702861203531,788600
2019-11-21,1881.7701416015625,1893.2443497820598,1850.6258622544983,1873.574278615493,721200
2019-11-22,1883.4097900390625,1906.358212197937,1878.492271005018,1879.311857510692,517700
2019-11-25,1859.6416015625,1878.4920893703172,1854.7240830039389,1871.9353979589025,467700
2019-11-26,1866.1982421875,1902.2600439689008,1866.1982421875,1879.311624653464,1047900
2019-11-27,1867.01806640625,1886.6881426107057,1865.378893389212,1873.574758474402,462300
2019-11-28,1856.363037109375,1882.5897996645626,1851.4455191302773,1869.4764183869688,410900
2019-11-29,1848.16748046875,1861.2808639221869,1836.6932699469928,1850.6262398662693,1369200
2019-12-02,1887.5078125,1889.1469855894486,1858.0026968899263,1858.0026968899263,472900
2019-12-03,1867.01806640625,1876.0335179999588,1845.7088171847563,1852.2655092529083,485000
2019-12-04,1845.708740234375,1850.6262590804702,1829.3170107473914,1844.889153760026,396200
2019-12-05,1868.656982421875,1880.950778358861,1860.4611184638843,1864.5590504428797,474200
2019-12-06,1853.904541015625,1878.492134397795,1852.2653681234804,1878.492134397795,289500
2019-12-09,1878.4920654296875,1880.950824677632,1858.8219914461306,1876.0333061817428,419000
2019-12-10,1877.672607421875,1885.0488856701497,1857.1829456211126,1860.4612915092346,324400
2019-12-11,1891.60546875,1898.981746574415,1876.0333266762348,1894.064228024805,462200
2019-12-12,1873.57470703125,1895.7035421536664,1873.57470703125,1894.0643691816356,316400
2019-12-13,1923.5694580078125,1934.224082189364,1912.9148338262607,1930.9457362873482,797400
2019-12-16,1890.7861328125,1903.079930815182,1886.6882001449392,1899.8015846811334,371400
2019-12-17,1883.4097900390625,1910.4561447263077,1880.1314440163662,1909.6365582206336,408000
2019-12-18,1862.9197998046875,1883.4094588434546,1858.821867996934,1883.4094588434546,331600
2019-12-19,1826.0384521484375,1858.002320924824,1826.0384521484375,1846.5281116204803,599700
2019-12-20,1827.6781005859375,1835.0543799156567,1817.8430614796455,1819.4822346640276,585300
2019-12-23,1821.1212158203125,1827.6779078664702,1817.8428697972336,1819.482042808773,214800
2019-12-24,1814.5643310546875,1826.0385409168218,1809.6468125423442,1820.3014359857546,194500
2019-12-25,1787.5181884765625,1808.007851343098,1784.2398424179169,1808.007851343098,229500
2019-12-26,1794.074462890625,1807.1878440721007,1789.1569449475717,1791.6157039190985,280000
2019-12-27,1783.257080078125,1802.3960968031818,1779.09642426833,1798.2354409933869,431500
2019-12-30,1773.271484375,1784.0891893477242,1764.95017285752,1784.0891893477242,416800
2020-01-06,1723.34375,1741.6506367696766,1710.8617817479478,1734.9935870352485,587800
2020-01-07,1757.4609375,1759.1251997514205,1722.5114302201705,1725.8399547230115,435100
2020-01-08,1709.197265625,1721.6792320244035,1695.051037039009,1709.197265625,486600
2020-01-09,1737.4898681640625,1750.8039667706837,1729.1685565349244,1741.6505239786316,594000
2020-01-10,1719.182861328125,1761.621547643582,1717.5185991196756,1761.621547643582,620100
2020-01-14,1705.0367431640625,1716.6865793789461,1700.8760873730325,1716.6865793789461,403800
2020-01-15,1706.700927734375,1714.190107817071,1697.54748541108,1703.372403253177,250200
2020-01-16,1680.07275390625,1701.7081633176233,1675.9120982502168,1700.04390105521,578800
2020-01-17,1710.861572265625,1718.3507522998616,1700.8759988866427,1705.0366544612186,497700
2020-01-20,1704.20458984375,1712.5259013175964,1693.3868849277496,1699.2118029594421,265400
2020-01-21,1687.5618896484375,1709.197298490084,1683.4012341019668,1698.3795940692607,355400
2020-01-22,1675.912109375,1680.072765058652,1666.7586668709657,1674.2478471015393,379200
2020-01-23,1658.4375,1667.5909433015554,1652.612581535374,1664.262418464626,475700
2020-01-24,1645.123046875,1660.9335364504298,1639.2981296629994,1660.9335364504298,279300
2020-01-27,1592.698974609375,1616.8307772549717,1581.881269975142,1611.8379905007102,580200
2020-01-28,1575.22412109375,1580.216907531448,1563.5742860724545,1576.0562521666996,492400
2020-01-29,1582.71337890625,1582.71337890625,1561.0779699411803,1566.0707566254273,408800
2020-01-30,1555.2530517578125,1571.0635429206795,1541.9389539364508,1566.902887351504,374300
2020-01-31,1571.8956298828125,1578.5526786065088,1550.2602215307993,1550.2602215307993,586400
2020-02-03,1561.0780029296875,1568.5671831143181,1544.4353802971748,1556.9173472715593,463900
2020-02-04,1560.2459716796875,1565.2387587890626,1546.9318727213542,1555.2531845703127,458200
2020-02-05,1569.3990478515625,1594.362977562881,1566.9026548804306,1589.3701916206173,570600
2020-02-06,1603.5167236328125,1619.3272154589793,1594.3632809966107,1612.6701662690143,513300
2020-02-07,1576.056396484375,1603.5167244062252,1575.224265335228,1596.8596752130493,370400
2020-02-10,1559.41357421875,1567.7348846468115,1550.2601327478822,1564.4063604755868,453900
2020-02-12,1541.9390869140625,1559.4138418116313,1539.4426933572668,1555.2531858836387,583900
2020-02-13,1550.2603759765625,1560.2459500569269,1534.4498836826524,1557.7495565368358,602000
2020-02-14,1586.8741455078125,1591.0348013691334,1551.9246362727163,1566.0708662012075,1125100
2020-02-17,1662.5982666015625,1670.0874479826507,1590.2028465843773,1601.8526842882923,1070500
2020-02-18,1673.4156494140625,1677.5763049322477,1645.1231918904036,1654.2766340304108,774000
2020-02-19,1683.401123046875,1690.0581714820578,1650.1158808709604,1675.911943557294,726500
2020-02-20,1678.4085693359375,1702.5403732579712,1675.0800446570363,1689.2262745423664,636700
2020-02-21,1675.912109375,1690.0583386994167,1660.9337489138532,1670.9193225546178,590900
2020-02-25,1597.6917724609375,1611.0058705647784,1570.231445121765,1582.7134120941162,815100
2020-02-26,1575.22412109375,1577.720514312599,1555.2529753429576,1573.5598589478507,524600
2020-02-27,1536.1138916015625,1560.2456916321396,1528.624712281728,1554.4207743833795,659400
2020-02-28,1462.054443359375,1501.1646077520277,1449.5724760000178,1487.8505092353798,1047600
2020-03-02,1467.87939453125,1481.1934933478599,1416.2872616168863,1425.4407045533057,739800
2020-03-03,1440.4188232421875,1500.3322578311174,1440.4188232421875,1495.3394716153732,624100
2020-03-04,1442.0831298828125,1452.9008336845877,1408.7978874158116,1414.6228048475368,460900
2020-03-05,1447.908203125,1473.7042688128593,1439.5868916127874,1467.0472196030892,559100
2020-03-06,1392.9874267578125,1415.4549658990675,1378.841198409615,1407.965786185316,709700
2020-03-09,1308.9422607421875,1351.3809481534092,1286.4747203480115,1331.4098011363637,555800
2020-03-10,1313.9349365234375,1321.4241160223046,1239.043141534768,1276.4890390291027,616700
2020-03-11,1314.76708984375,1343.8916772769976,1300.620861661887,1314.76708984375,839600
2020-03-12,1219.9044189453125,1271.4965567178974,1203.261793857382,1269.0001629547078,1049600
2020-03-13,1138.3555908203125,1184.12281121148,1091.7562391493054,1100.0775519476997,1436400
2020-03-16,1088.4276123046875,1169.9764701073323,1077.609906677806,1147.5089276515016,1030900
2020-03-17,1060.967041015625,1082.602447342218,1005.2142631740196,1052.6457308900124,1646600
2020-03-18,988.57177734375,1084.2668568004262,984.4111217151989,1056.8065296519887,1066200
2020-03-19,973.5933837890625,1013.5356764573318,925.3297801482372,995.2287923177083,1508100
2020-03-23,1023.5213623046875,1052.6459539149835,989.4039835611978,1023.5213623046875,1433800
2020-03-24,1073.44921875,1078.4420058139535,1026.017741642442,1067.624300508721,938600
2020-03-25,1220.736328125,1228.2255080521472,1135.8589556173313,1173.3048552530674,1047100
2020-03-26,1130.8660888671875,1176.6332962900685,1123.376909470716,1172.4726410698065,1039800
2020-03-27,1187.451171875,1206.5901886606518,1139.187564328574,1167.4800239247547,1243300
2020-03-30,1212.414794921875,1215.743318723994,1142.5157950773744,1163.3190688406185,956500
2020-03-31,1117.55224609375,1199.1011069405017,1116.72011486062,1187.45126967668,1234400
2020-04-01,1082.602294921875,1131.6980177507687,1068.4560696999904,1105.9019599932144,689300
2020-04-02,1052.6456298828125,1080.9380815950778,1039.3315349593936,1045.1564514883894,739700
2020-04-03,1007.7108764648438,1131.6984244361581,993.5646461593918,1105.070226214131,619400
2020-04-06,1043.4925537109375,1051.8138659414872,970.2650060820998,982.7469744279244,622800
2020-04-07,1065.1278076171875,1075.1133808135985,1018.5284660339355,1068.4563320159912,870100
2020-04-08,1088.4276123046875,1095.9167931232978,1044.324658595094,1076.7777754757383,627200
2020-04-09,1117.55224609375,1119.2165085600102,1081.770603069155,1095.0847027992368,509900
2020-04-10,1131.6983642578125,1155.83016761331,1090.9239378985237,1142.516069210277,860200
2020-04-13,1084.2669677734375,1113.3915601541514,1082.6027053516823,1106.734510467131,396100
2020-04-14,1101.7415771484375,1111.727150355221,1071.7848575280873,1087.5953484388276,597700
2020-04-15,1070.9527587890625,1092.5881680575285,1059.3029230291193,1091.7560369318182,1023700
2020-04-16,1064.2957763671875,1070.120694611574,1028.5141357230991,1037.6675786785636,865000
2020-04-17,1120.8807373046875,1133.3627054261206,1071.784996027051,1093.4204074375348,1098100
2020-04-20,1111.7271728515625,1135.0268441388707,1108.398648381947,1121.712746260409,713400
2020-04-21,1077.60986328125,1092.588224315275,1062.631502247225,1088.4275684724903,564800
2020-04-22,1060.135009765625,1073.4491072195103,1047.6530434026074,1063.4635341290964,785600
2020-04-23,1130.0340576171875,1131.6983198522644,1071.7848793894975,1073.4491416245744,626300
2020-04-24,1111.7271728515625,1130.8661885518513,1101.741599442716,1126.705532964832,701800
2020-04-27,1133.362548828125,1136.6910732006013,1102.5736983827207,1115.0556647795063,514300
2020-04-28,1130.0340576171875,1150.0052044381098,1117.5520908541112,1147.5088110854945,707400
2020-04-30,1157.494140625,1185.786592660406,1156.6620096827821,1163.3190572205249,931800
2020-05-01,1100.909423828125,1147.5087645192625,1092.588112990422,1144.1802401841812,867300
2020-05-07,1078.4417724609375,1098.4129163953994,1067.6240694964374,1075.9453794691299,758800
2020-05-08,1112.5592041015625,1115.8877282723972,1069.2883898807088,1075.1133071796698,1057600
2020-05-11,1169.1441650390625,1175.8012136656193,1140.8517083761956,1145.844494846113,589400
2020-05-12,1160.82275390625,1167.4798019573252,1141.6837407594087,1158.3263608870968,609000
2020-05-13,1229.889892578125,1236.5469420643394,1159.990872972873,1159.990872972873,1565700
2020-05-14,1144.18017578125,1200.7650862926137,1144.18017578125,1198.2686931818182,1034400
2020-05-15,1157.494140625,1184.1223307759706,1142.5157836650792,1179.1295451226636,708300
2020-05-18,1183.29052734375,1190.7797078965586,1149.1731492698443,1169.9764285832014,434500
2020-05-19,1232.38623046875,1257.350164914437,1226.5613124314232,1233.2183616169395,901400
2020-05-20,1248.1966552734375,1256.5179663085937,1224.0648532714845,1229.0576398925782,668100
2020-05-21,1259.8463134765625,1267.3354923545605,1240.7073007883453,1267.3354923545605,705100
2020-05-22,1198.2686767578125,1273.992600080702,1185.7867113749187,1268.9998139275447,1241100
2020-05-25,1255.6859130859375,1259.8465688615702,1237.3790276731538,1248.1967326897986,955800
2020-05-26,1293.9638671875,1312.270751482114,1267.3356718498794,1267.3356718498794,774200
2020-05-27,1343.059814453125,1351.3811268103316,1293.1319403098862,1319.7601398529468,785200
2020-05-28,1371.35205078125,1387.9946727567506,1349.7166422130992,1358.0379532008494,793500
2020-05-29,1353.8775634765625,1365.5274011463055,1331.410019399201,1341.395594544695,1272600
2020-06-01,1343.8917236328125,1355.5415590079576,1326.416970570095,1333.074019355892,729300
2020-06-02,1370.519775390625,1383.001740558117,1342.2273210109763,1353.8771551673024,711000
2020-06-03,1405.469482421875,1427.9370229934502,1392.9875154376666,1419.6157116706447,864000
2020-06-04,1405.469482421875,1429.6012852580116,1380.505548453458,1424.608498464328,797400
2020-06-05,1430.43359375,1430.43359375,1390.4912944480805,1409.6303128635836,588000
2020-06-08,1471.2078857421875,1472.8721480563754,1444.5796887151796,1460.3901806999654,671800
2020-06-09,1447.0758056640625,1482.0253075834937,1437.922364685164,1472.0397356065134,575000
2020-06-10,1435.426025390625,1446.2437287703804,1393.819473930027,1404.6371773097826,664900
2020-06-11,1348.884521484375,1408.797961056784,1345.5559970636857,1390.4910767429924,905700
2020-06-12,1330.5777587890625,1337.234808238914,1283.9784126401023,1309.7744792582766,998300
2020-06-15,1265.6712646484375,1344.723710500904,1264.007002630491,1333.9060073842506,598000
2020-06-16,1377.1771240234375,1386.330567143835,1313.9351533734186,1316.4315469517087,825600
2020-06-17,1348.884521484375,1365.527143587822,1328.9133749602388,1358.0379636412708,609800
2020-06-18,1315.5992431640625,1344.7238310898956,1303.9494079937292,1344.7238310898956,462900
2020-06-19,1279.8173828125,1319.7596678417588,1277.3209899981714,1317.2632750274302,878200
2020-06-22,1280.6497802734375,1296.4602713879244,1267.3356824928169,1277.3212558282823,461500
2020-06-23,1303.94921875,1317.263314155233,1284.8102066049778,1304.781349712827,408500
2020-06-24,1309.7742919921875,1314.7670783657281,1299.788719245106,1307.2778988054172,456500
2020-06-25,1261.5107421875,1283.1461506946735,1255.6858245124918,1277.3212330196652,680800
2020-06-26,1293.9638671875,1300.620916021905,1286.4746872487942,1289.8032116659967,463000
2020-06-29,1270.1749267578125,1291.4153101484114,1257.4306967234531,1286.3176181346676,613600
2020-06-30,1286.3173828125,1320.3019900202278,1283.7685372719204,1299.061610515398,720700
2020-07-01,1254.881591796875,1294.81350433205,1248.0846705142922,1287.166967889144,415500
2020-07-02,1259.129638671875,1273.5730960655471,1243.836566137399,1256.5807932494624,688300
2020-07-03,1246.385498046875,1284.618182036043,1232.7916548507264,1284.618182036043,376000
2020-07-06,1299.0616455078125,1304.1593367262865,1246.3855029169135,1246.3855029169135,400100
2020-07-07,1300.7608642578125,1322.8508593399176,1294.8135578895533,1322.0012441444521,549500
2020-07-08,1277.8211669921875,1308.4073119467878,1272.7234761664208,1288.016548643721,556400
2020-07-09,1259.9794921875,1277.821413519892,1256.58103098133,1270.1748758060098,346200
2020-07-10,1233.6412353515625,1252.3327692205255,1229.3931594722528,1250.6335388688017,643700
2020-07-13,1287.1668701171875,1295.6630210750566,1265.0768776267275,1268.4753380098753,560200
2020-07-14,1291.4150390625,1293.114269377056,1265.0769691868832,1279.5204268606085,508100
2020-07-15,1337.2940673828125,1361.0832884035995,1316.9033065078522,1316.9033065078522,743500
2020-07-16,1361.93310546875,1400.1657877807236,1353.4369538438668,1374.6773329060745,819700
2020-07-17,1344.0911865234375,1368.7300262258266,1335.595034901924,1364.4819504150698,462400
2020-07-20,1320.3021240234375,1333.8959682862271,1311.805971359194,1333.8959682862271,359300
2020-07-21,1304.1593017578125,1309.2569928396022,1287.1669981518476,1305.8585321184091,380800
2020-07-22,1292.2646484375,1325.399639423077,1290.5654181305472,1308.4073363535501,431700
2020-07-27,1291.4150390625,1291.4150390625,1256.5808176141036,1274.4227359169408,382300
2020-07-28,1280.3699951171875,1288.8661463787482,1266.7761530986904,1275.2723043602512,352800
2020-07-29,1241.28759765625,1270.1745095798042,1238.7387524865246,1265.9264342969286,335600
2020-07-30,1212.4010009765625,1251.4833037410488,1202.2056176466965,1247.2352273536046,574600
2020-07-31,1140.1837158203125,1195.4087095075854,1135.0860240953334,1189.46140249511,699900
2020-08-03,1172.468994140625,1180.9651462720788,1152.078229025136,1152.078229025136,614400
2020-08-04,1234.4910888671875,1236.1903195469772,1185.2133991532874,1193.7095525522357,558600
2020-08-05,1236.18994140625,1238.738786646263,1204.754183446091,1218.3480247261598,496900
2020-08-06,1233.6412353515625,1265.926612034317,1231.9420049998387,1246.385462989492,370700
2020-08-07,1266.7762451171875,1283.768548874628,1228.5435616629466,1259.1297084263392,950800
2020-08-11,1389.1209716796875,1396.767509138475,1322.850980370198,1326.2494414629923,1138700
2020-08-12,1377.2261962890625,1412.910033577243,1371.2788900743658,1393.3688845860966,550500
2020-08-13,1394.2183837890625,1408.6618405376391,1378.9253119376285,1385.7222327604882,575600
2020-08-14,1384.0230712890625,1401.0153741900945,1377.2261501286496,1400.165759045043,403100
2020-08-17,1374.67724609375,1401.0153144676103,1372.9780158760816,1378.0757065290868,290000
2020-08-18,1365.331787109375,1374.6775554094393,1350.8883270092758,1366.1814024093808,359900
2020-08-19,1381.474365234375,1385.7224413882323,1342.3920646188883,1356.8355235420029,334500
2020-08-20,1378.0758056640625,1395.068109063126,1364.4819629448116,1375.526960154203,477700
2020-08-21,1386.5721435546875,1429.0529077567305,1384.8729129866058,1404.4140645195455,663800
2020-08-24,1350.8883056640625,1395.9179158528646,1350.0386903774813,1390.8202241333775,360000
2020-08-25,1376.3765869140625,1395.0681208104263,1370.4292806743103,1384.0231235080294,485200
2020-08-26,1382.323974609375,1384.8728202908922,1358.53474824855,1358.53474824855,263900
2020-08-27,1399.3160400390625,1399.3160400390625,1379.774893153271,1389.1206590551715,286400
2020-08-28,1401.864990234375,1447.744208096591,1384.8726873224432,1433.3007506214487,649800
2020-08-31,1411.210693359375,1432.451071043893,1403.5641573929486,1429.9022257217507,429900
2020-09-01,1410.3612060546875,1427.3535097420934,1389.12082644543,1401.8650542109847,492000
2020-09-02,1432.451171875,1446.8946297171558,1421.4061747015865,1444.345784215599,529600
2020-09-03,1454.541259765625,1460.488566318405,1440.097800994588,1448.593953212845,418100
2020-09-04,1445.1953125,1455.390693893298,1429.9022404100529,1439.2480066872427,382100
2020-09-07,1470.6839599609375,1475.7816513299529,1453.691655397553,1458.7893467665683,308800
2020-09-08,1481.7288818359375,1481.7288818359375,1468.1350388833143,1474.0823451750869,380900
2020-09-09,1445.1953125,1459.638769473839,1427.3533950617284,1437.5487764550264,618400
2020-09-10,1468.1348876953125,1471.533348083496,1439.247974395752,1442.6464347839355,455300
2020-09-11,1448.5941162109375,1464.7368072420272,1436.6995017669767,1464.7368072420272,733800
2020-09-14,1457.090087890625,1467.2854704298015,1437.5489380238703,1445.1954749282527,375500
2020-09-15,1433.30078125,1456.24039067131,1427.3534751037346,1456.24039067131,357500
2020-09-16,1382.323974609375,1420.5566598321298,1382.323974609375,1419.7070446049574,492600
2020-09-17,1349.1890869140625,1389.1210057333074,1345.7906257379566,1387.4217751452545,527300
2020-09-18,1330.4974365234375,1358.5347388256555,1328.7982060808788,1341.542434400069,810700
2020-09-23,1309.257080078125,1316.903617210314,1292.2647753399274,1316.903617210314,650300
2020-09-24,1276.1219482421875,1298.2119420200152,1272.7234876609834,1289.7157905670044,558200
2020-09-25,1278.6707763671875,1305.0088455149503,1274.4227006981935,1293.114233641767,663100
2020-09-28,1316.9034423828125,1317.7530575069304,1275.2723013010334,1275.2723013010334,532700
2020-09-29,1323.7003173828125,1344.0910796531512,1318.602626815228,1332.196468328787,464400
2020-09-30,1266.7762451171875,1310.9562348865327,1264.2273995535716,1300.7608526320685,1180300
2020-10-02,1254.881591796875,1289.7158133701125,1246.3854401936464,1279.5204314462383,1092200
2020-10-05,1281.2196044921875,1306.7080581624564,1267.6257625347107,1269.3249927793954,714100
2020-10-06,1315.2042236328125,1327.098835474453,1282.0692335025285,1288.0165394233486,646900
2020-10-07,1316.9034423828125,1323.700363375756,1293.963834031628,1302.4599852728074,509400
2020-10-08,1302.4600830078125,1332.1966145833335,1299.9112374441966,1329.6477690197173,617100
2020-10-09,1280.3699951171875,1313.504985037274,1271.024228729471,1296.5126825141526,691100
2020-10-12,1254.0318603515625,1275.2722373900376,1245.5357095361726,1275.2722373900376,801100
2020-10-13,1256.580810546875,1264.2273469193713,1225.1450499043906,1260.8288863093728,653600
2020-10-14,1214.94970703125,1237.8893168842876,1210.7016311325392,1237.8893168842876,728900
2020-10-15,1203.90478515625,1225.994781214163,1203.0551699232533,1209.0024765542298,640300
2020-10-16,1200.506103515625,1220.0472502819798,1197.1076432084328,1204.7541788996152,774400
2020-10-19,1255.7310791015625,1258.2799243230136,1222.5960912226985,1223.4457062965157,887500
2020-10-20,1231.0924072265625,1256.5808628627233,1227.6939464750744,1247.235095796131,523500
2020-10-21,1266.7762451171875,1266.7762451171875,1240.4381742931548,1240.4381742931548,472200
2020-10-22,1288.8662109375,1289.715826106213,1257.430449695122,1259.1296800325476,643600
2020-10-23,1352.58740234375,1353.4370175462273,1317.7531790421835,1322.8508702570468,1292600
2020-10-26,1359.3841552734375,1380.624532699585,1356.8353099822998,1369.5795364379883,934000
2020-10-27,1319.452392578125,1340.6927723685005,1308.4073950871298,1340.6927723685005,677300
2020-10-28,1278.6707763671875,1296.5126941769622,1268.475394761602,1293.114233641767,584800
2020-10-29,1294.8134765625,1304.1592431256151,1243.8365680364175,1251.48310431533,594900
2020-10-30,1266.7762451171875,1320.302001953125,1257.4304780505952,1316.903541201637,1014600
2020-11-02,1302.4600830078125,1323.700462704613,1272.7235514322917,1272.7235514322917,684400
2020-11-04,1290.5654296875,1338.1438787082373,1287.1669690431615,1336.4446483860681,739800
2020-11-05,1253.1822509765625,1279.5203186242056,1224.295338072696,1261.678401830641,1193000
2020-11-06,1279.5203857421875,1285.4676916520118,1224.2954022938195,1253.1823167129658,1054300
2020-11-09,1278.6707763671875,1286.3173125713768,1256.580782888419,1286.3173125713768,949800
2020-11-10,1351.737548828125,1376.3763853561047,1322.8506370367006,1363.6321595657705,1395900
2020-11-11,1401.0155029296875,1409.5116551609167,1378.0758919053687,1384.0231984672291,1247500
2020-11-12,1372.9781494140625,1406.9627570728264,1360.2339215420259,1390.8200684349135,1024500
2020-11-13,1333.04638671875,1372.9783052501593,1294.8136987631453,1348.3394619009919,1602100
2020-11-16,1426.5040283203125,1435.0001809606954,1372.128651421861,1372.128651421861,1326800
2020-11-17,1433.30078125,1446.0450087062834,1408.6619415011855,1435.0000115775044,1126100
2020-11-18,1399.3160400390625,1417.1579567608721,1388.2710439731804,1417.1579567608721,1153300
2020-11-19,1392.5191650390625,1414.6091578950818,1375.5268628421245,1406.1130067966128,906200
2020-11-20,1372.9781494140625,1380.6246861372842,1353.437000010273,1355.9858455846804,798500
2020-11-24,1372.9781494140625,1395.068144392259,1363.6323823079024,1389.1208380519752,1487300
2020-11-25,1362.78271484375,1430.7519275541615,1357.6850238904692,1406.9627031055174,1392500
2020-11-26,1328.798095703125,1363.6323168820431,1316.9034835932505,1348.3392441693475,1226200
2020-11-27,1350.0384521484375,1357.684988378353,1317.7530769554603,1329.6476888686625,1435000
2020-11-30,1293.9638671875,1339.8430850654547,1271.8738733944106,1337.2942396277906,10685900
2020-12-01,1301.6104736328125,1306.7081647828104,1276.971633074489,1299.9112432494799,1501800
2020-12-02,1361.93310546875,1367.880411606168,1305.858504744522,1313.5050412069168,1612800
2020-12-03,1351.737548828125,1384.8725358829943,1350.0383187227471,1367.0306197765262,1269300
2020-12-04,1346.6400146484375,1371.2788540331724,1338.9934782876576,1350.0384752532284,1016200
2020-12-07,1355.13623046875,1394.218529278507,1350.8881545111678,1365.3316127669475,1291700
2020-12-08,1327.0987548828125,1350.8879771214288,1325.3995247229113,1338.9933660021206,993300
2020-12-09,1368.72998046875,1372.9780561374923,1329.6476843163214,1337.2942205200575,948200
2020-12-10,1354.28662109375,1399.3162264375196,1354.28662109375,1389.120844095534,904900
2020-12-11,1345.79052734375,1372.128599532927,1331.3470684012982,1355.1362948947483,847400
2020-12-14,1355.98583984375,1372.1285284133185,1340.6927664620537,1345.7904575892858,551500
2020-12-15,1366.181396484375,1371.279088262302,1350.0387058542735,1355.1363976322004,775500
2020-12-16,1364.4820556640625,1372.9782079409247,1354.286672931828,1372.9782079409247,739100
2020-12-17,1360.2337646484375,1373.8276061439872,1349.1887684333033,1371.2787608635715,811400
2020-12-18,1334.745361328125,1357.6849697023194,1330.4972857032742,1346.6399730777073,1249500
2020-12-21,1329.6475830078125,1351.7375748021916,1319.4522021796377,1336.4445035599292,740600
2020-12-22,1325.399658203125,1334.7454250237881,1312.6554307204026,1322.0011975410657,632900
2020-12-23,1299.9112548828125,1334.745478052875,1292.2647180893841,1334.745478052875,747300
2020-12-24,1321.151611328125,1337.2942998266678,1317.7531505915895,1318.6027657757234,650200
2020-12-25,1338.1439208984375,1340.6927664620537,1324.5500778924852,1327.9485386439733,355500
2020-12-28,1340.6927490234375,1347.489670438005,1323.700445487019,1337.2942883161538,1354100
2020-12-29,1351.0989990234375,1352.83340081936,1332.0205792682927,1348.4973963295542,766900
2020-12-30,1330.2864990234375,1352.833727820445,1326.8176945931286,1352.833727820445,491200
2021-01-04,1312.9422607421875,1339.8254906517038,1305.1374520587794,1339.8254906517038,505500
2021-01-05,1314.6766357421875,1320.747042371604,1298.1998177480573,1300.8014205892357,509800
2021-01-06,1351.96630859375,1351.96630859375,1316.4110689193794,1326.8174805313904,656500
2021-01-07,1364.9742431640625,1382.318261501598,1352.8334303277875,1371.9118504990768,766400
2021-01-08,1394.459228515625,1395.3264295283834,1354.5679819287352,1363.23999205632,1001000
2021-01-12,1377.1153564453125,1384.0529652939035,1369.3105464906475,1377.1153564453125,630200
2021-01-13,1393.592041015625,1398.795247142628,1377.115221613449,1380.5840256981178,645000
2021-01-14,1417.006591796875,1426.545803859155,1379.7169446443256,1390.9905588997476,788100
2021-01-15,1397.927978515625,1410.0687922248178,1390.1231697025723,1409.2015912455897,445600
2021-01-18,1368.4432373046875,1391.8576653194064,1366.7088352295232,1387.5216601314955,283600
2021-01-19,1397.927978515625,1414.404797120958,1370.177547180327,1378.8495569726076,407700
2021-01-20,1468.17138671875,1470.77298988482,1403.9985086223605,1405.7329107330738,1103700
2021-01-21,1480.31201171875,1495.9216287140268,1462.100791890927,1474.2416051094756,1066400
2021-01-22,1499.390625,1501.9922281665704,1458.6321753903992,1471.6401912232504,554000
2021-01-25,1470.77294921875,1508.0625935680462,1466.4369440618552,1504.5937894425304,640900
2021-01-26,1436.9520263671875,1456.8976489419886,1434.3504234226482,1456.8976489419886,459400
2021-01-27,1453.4288330078125,1459.4992398282507,1440.4208183925873,1448.2256271617223,379200
2021-01-28,1449.0928955078125,1456.8977046398113,1414.4048549211502,1422.2096640531493,634700
2021-01-29,1423.9439697265625,1451.6944003180668,1404.8655486949033,1447.3583955381441,1183700
2021-02-01,1467.303955078125,1482.9135716215092,1423.0767082052027,1426.5455118815103,616800
2021-02-02,1489.8511962890625,1497.6560046514617,1462.100766556088,1484.6479907141297,479000
2021-02-03,1518.468994140625,1529.7426074609152,1502.859375697146,1502.859375697146,465200
2021-02-04,1525.4066162109375,1530.6098224060856,1506.328193495394,1516.7346058856904,346800
2021-02-05,1552.2899169921875,1564.4307319854224,1532.3442923604443,1550.5555148502967,597500
2021-02-08,1579.1732177734375,1588.7124299620743,1552.2899834236425,1558.3603911800478,520700
2021-02-09,1547.0865478515625,1584.3761899802716,1527.1409253176018,1579.172984101847,426000
2021-02-10,1619.064208984375,1627.7362186736325,1560.9617440663496,1561.8289450352754,948100
2021-02-12,1580.0401611328125,1619.0642046295065,1573.1025534000669,1619.0642046295065,671300
2021-02-15,1580.0401611328125,1617.32980269632,1576.5713572664397,1603.4545872308288,428900
2021-02-16,1588.712158203125,1608.657780276636,1580.9073495656644,1586.9777562836894,516900
2021-02-17,1576.571533203125,1587.8451470269097,1564.4307183159722,1571.3683268229167,393500
2021-02-18,1554.8912353515625,1592.1808745708136,1539.2816189342016,1589.5792718345867,605100
2021-02-19,1560.9617919921875,1580.9074148898655,1506.328129272461,1520.2033452012804,1164600
2021-02-22,1700.581298828125,1734.402140569225,1614.7283928699485,1630.3380121350715,2270300
2021-02-24,1622.5330810546875,1717.9251916458236,1619.9314780385657,1711.8547846082058,1116700
2021-02-25,1656.35400390625,1694.5108500695353,1649.4163955129254,1672.830823840396,753300
2021-02-26,1595.64990234375,1641.611557139521,1593.915500275985,1641.611557139521,1042300
2021-03-01,1632.939453125,1645.9474678870154,1596.517011791357,1613.861031474044,737900
2021-03-02,1599.1187744140625,1650.2836375867466,1586.1107583532105,1643.346029020959,707900
2021-03-03,1617.329833984375,1622.5330398845927,1599.1186133336125,1610.3922261174177,657800
2021-03-04,1619.9315185546875,1632.072332933577,1593.0482867157177,1620.798719581751,622800
2021-03-05,1631.2049560546875,1633.8065588554127,1586.9777084423595,1611.2593345824612,645200
2021-03-08,1616.462646484375,1651.1506861085031,1602.5874306347237,1647.6818821460904,617700
2021-03-09,1667.62744140625,1671.9634461940977,1619.9313887399246,1647.6818193821503,1021500
2021-03-10,1672.8306884765625,1677.166693371525,1632.0722424639143,1645.080257148802,887400
2021-03-11,1652.0179443359375,1691.0419902651329,1647.6819392326936,1686.705985161889,844100
2021-03-12,1650.283447265625,1655.4866530898992,1622.5330162028292,1639.8770356170767,913400
2021-03-15,1642.4786376953125,1664.1586619521145,1634.6738289628638,1647.681843516945,643700
2021-03-16,1627.736328125,1655.4867609966036,1626.8691270977622,1634.6739363429008,588700
2021-03-17,1625.134521484375,1627.7361242402199,1588.712082902548,1599.9856948445422,791900
2021-03-18,1639.8768310546875,1644.2128353673652,1606.9231982783374,1626.8688181166547,1352300
2021-03-19,1635.541015625,1652.8850348787114,1612.993790595175,1626.0018050354586,1218900
2021-03-22,1638.1427001953125,1651.1507152842114,1616.462675047148,1636.4082981834595,787300
2021-03-23,1643.345947265625,1671.9635811757917,1639.009942127721,1652.8851585690138,960800
2021-03-24,1612.126953125,1645.0805971372379,1599.1189357517483,1632.0725797639861,782400
2021-03-25,1666.7603759765625,1671.0963811169802,1612.993912235383,1619.0643194319678,789300
2021-03-26,1707.5185546875,1716.1905635990668,1677.1665234970162,1684.9713315174263,860700
2021-03-29,1727.4644775390625,1749.144503612595,1703.1828483367062,1734.402085882593,923800
2021-03-30,1730.93310546875,1731.8003064233937,1697.9794691922907,1717.9250911490951,536700
2021-03-31,1717.057861328125,1735.269081069484,1713.5890575678661,1730.9330763691603,671300
2021-04-01,1662.424072265625,1727.4641376907277,1650.283260052939,1725.7297359460583,1059800
2021-04-02,1664.158447265625,1683.2368661503795,1649.4160326728602,1676.299259283196,381100
2021-04-05,1697.1124267578125,1697.9796277934577,1664.1587874032919,1679.768406044907,345400
2021-04-06,1694.5108642578125,1706.6516790477867,1679.7684462985583,1699.714070596373,446100
2021-04-07,1718.7923583984375,1731.800373219818,1703.1827406127807,1704.0499416008727,687900
2021-04-08,1712.721923828125,1728.3315413617486,1699.7139092167722,1718.7923306467565,490000
2021-04-09,1723.1282958984375,1734.4019083024032,1712.721884448623,1722.2610949442862,584800
2021-04-12,1730.93310546875,1740.4723159698303,1719.6594930583824,1726.5971006955317,518700
2021-04-13,1801.1763916015625,1826.3252194091913,1763.886750369561,1763.886750369561,1240500
2021-04-14,1813.3172607421875,1815.918863698776,1754.3475937261815,1786.434030190773,701800
2021-04-15,1837.5987548828125,1890.498011158344,1815.91873181907,1841.0675585730114,1123600
2021-04-16,1818.5203857421875,1854.0756245669036,1808.9811753258002,1845.4036150974605,643900
2021-04-19,1856.67724609375,1860.146049916438,1832.395619334934,1841.067628891654,661400
2021-04-20,1802.910888671875,1845.4037378998316,1796.8404816393097,1840.2005318719187,551500
2021-04-21,1754.34765625,1771.6916765787196,1738.738037954152,1765.6212694636677,632900
2021-04-22,1796.8404541015625,1810.7156699633506,1773.426027334795,1793.3716501361155,485200
2021-04-23,1786.43408203125,1788.1684840526395,1763.0196547424907,1782.9652779884707,371600
2021-04-26,1776.027587890625,1817.6532344818115,1768.2227791547775,1810.7156267166138,457800
2021-04-27,1763.8868408203125,1783.832463897435,1757.8164337968403,1771.6916498504909,297400
2021-04-28,1802.043701171875,1807.2469072387812,1771.6916657815882,1771.6916657815882,521200
2021-04-30,1761.2852783203125,1786.434107995984,1754.3476701339202,1777.7620977629938,503300
2021-05-06,1813.3172607421875,1835.8644863659545,1801.1764469447744,1816.7860646843055,836800
2021-05-07,1840.200439453125,1848.0052481030204,1822.8564202311352,1830.6612288810306,484200
2021-05-10,1849.7398681640625,1884.4279106987847,1843.669460720486,1863.6150851779514,596000
2021-05-11,1815.0516357421875,1851.4740765932013,1806.3796260157558,1833.2628561676945,395800
2021-05-12,1794.2386474609375,1812.4498662123535,1766.4882188873512,1797.7074510326358,511600
2021-05-13,1806.379638671875,1834.997270969605,1797.707628884684,1813.3172465016278,594000
2021-05-14,1834.1300048828125,1890.4980664985962,1804.6451726530179,1826.3251963513962,1588500
2021-05-17,1907.842041015625,1927.7876623535155,1865.3491955566406,1875.755606689453,912800
2021-05-18,1926.9202880859375,1976.3507365201851,1926.9202880859375,1933.8578948837267,909100
2021-05-19,1889.630859375,1909.5764811123222,1880.0916489788895,1893.099663155404,506600
2021-05-20,1927.7877197265625,1933.858126401365,1893.9668825383771,1898.3028873060932,561800
2021-05-21,1932.123779296875,1943.3973920127005,1919.982965602909,1928.6549753843133,617300
2021-05-24,1939.9287109375,1964.210339862958,1928.6550975078228,1953.803927466333,481400
2021-05-25,1938.1943359375,1940.7959390729866,1919.9831139890941,1935.5927328020134,651800
2021-05-26,1936.45947265625,1944.2642802039015,1920.8498575609465,1923.4514600768305,493200
2021-05-27,1939.061279296875,1954.6708960354008,1933.8580737173663,1951.2020923157284,659800
2021-05-28,1953.8038330078125,2010.1718974310295,1940.7958181409163,2001.4998875197653,833700
2021-05-31,1913.04541015625,1950.335053237265,1906.1078021411777,1950.335053237265,781900
2021-06-01,1924.3189697265625,1933.8581804823048,1896.5685384371302,1925.1861707043572,363600
2021-06-02,1966.81201171875,1970.2808159722222,1892.2327202690972,1916.5143500434028,764400
2021-06-03,1996.296630859375,2026.6486647777408,1972.0150037246824,1973.7494056628748,575300
2021-06-04,2012.7733154296875,2035.320539126875,1998.8981008468031,2035.320539126875,389200
2021-06-07,2020.5782470703125,2030.9846586432068,2000.6326248889318,2014.5078403194575,367700
2021-06-08,2008.4373779296875,2024.9141957969862,1997.1637657046936,2008.4373779296875,392200
2021-06-09,1991.960693359375,2023.1799293023169,1983.2886833752245,2011.9063163229212,383700
2021-06-10,1986.757568359375,2003.234388000941,1976.3511559541753,1980.6871611230083,391800
2021-06-11,1980.6875,1986.7579082749562,1945.999452714536,1985.023505910683,576800
2021-06-14,2037.054931640625,2043.9925389003631,2022.3125162136814,2024.046918028616,470600
2021-06-15,2038.789306640625,2049.1957173933633,2026.648494095764,2037.054904848502,509500
2021-06-16,2106.431396484375,2110.767401829135,2058.735337692016,2059.602538760968,590100
2021-06-17,2105.56396484375,2129.845592115424,2082.1495385460644,2102.962361921785,618000
2021-06-18,2115.103271484375,2125.5096836441994,2066.540014738526,2109.9000654044626,828300
2021-06-21,2019.7109375,2065.672586142121,2004.1013209800344,2056.1333760465864,727700
2021-06-22,2084.751220703125,2090.8216277517613,2049.195979418255,2081.282416675333,585100
2021-06-23,2074.3447265625,2111.634368386157,2070.875922671927,2096.891951851223,466400
2021-06-24,2083.016357421875,2100.360373720142,2070.875546013088,2072.609947642915,382400
2021-06-25,2115.103271484375,2122.9080806042434,2098.626452231319,2104.69685932455,436400
2021-06-28,2128.978515625,2153.260144316446,2123.775309476833,2133.3145207484727,789600
2021-06-29,2068.351318359375,2109.6480524132794,2049.899586122524,2109.6480524132794,884700
2021-06-30,2090.317626953125,2099.982819847822,2071.865895063249,2077.1378184603564,556000
2021-07-01,2055.17138671875,2088.560233531624,2035.841001721823,2087.6815796681276,485700
2021-07-02,2093.832275390625,2099.1041988704164,2052.5355414655896,2060.4434266852772,448000
2021-07-05,2101.740234375,2111.4054277605037,2083.2885015481293,2092.953694933633,340700
2021-07-06,2105.2548828125,2122.8279619678633,2100.861613023659,2121.949308010095,215600
2021-07-07,2045.5064697265625,2067.472819272595,2034.0839679626256,2039.3558918536735,508700
2021-07-08,2024.418701171875,2050.7783196767173,2019.1467774709067,2045.5063959757488,516200
2021-07-09,1993.6658935546875,2000.6951254402923,1933.9174225270458,1980.4860837691783,818200
2021-07-12,2007.723876953125,2052.5352195021883,1993.6654165455757,2050.7779119512443,465600
2021-07-13,2009.4815673828125,2020.0254146974578,1996.301758239506,2013.8748370972482,407100
2021-07-14,1932.16015625,1970.8209324550933,1927.766886226694,1965.5490084271262,883500
2021-07-15,1900.5284423828125,1927.7667140951876,1897.8924806041955,1922.4947905379536,558500
2021-07-16,1935.674560546875,1944.4610996324259,1889.1059033934548,1900.528404204671,561500
2021-07-19,1900.5284423828125,1904.9217120138408,1875.9261324490544,1900.5284423828125,529000
2021-07-20,1868.018310546875,1886.4700436237724,1851.3238853820628,1882.9554277996015,435200
2021-07-21,1899.6500244140625,1924.252337403699,1891.7421380959652,1901.407332484751,507000
2021-07-26,1926.00927734375,1948.8542778961848,1918.1013925371378,1948.8542778961848,318500
2021-07-27,1950.6119384765625,1953.247900555585,1921.6163556073163,1933.0388579497467,416900
2021-07-28,1925.130859375,1946.218554776643,1919.8589355245892,1926.888167325137,387000
2021-07-29,1928.6456298828125,1958.5198674299722,1922.4950515642795,1948.8546729294205,451600
2021-07-30,1909.3148193359375,1915.4653962965226,1890.863088454182,1914.5867424450105,476500
2021-08-02,1927.7666015625,1942.703717436047,1921.616024438098,1928.6452554374146,322700
2021-08-03,1905.8004150390625,1926.888109811279,1895.2565676529543,1913.7083005786437,292200
2021-08-04,1893.4991455078125,1905.8003000493945,1879.4406831745757,1904.0429922577398,244200
2021-08-05,1889.10595703125,1891.7419188317588,1865.3823008266716,1874.1688401617007,417400
2021-08-06,1828.478759765625,1853.0810688830866,1817.0562591039463,1846.051837706669,555100
2021-08-10,1854.8385009765625,1885.5913894342505,1849.5665772409586,1856.5958088884304,550900
2021-08-11,1812.6630859375,1976.9713734170505,1803.8765465000909,1897.0138645366276,2366100
2021-08-12,1824.0855712890625,1841.658650010537,1784.5461441657446,1824.9642252251363,897200
2021-08-13,1803.8765869140625,1820.571012219161,1787.1821616089642,1816.17774240203,678200
2021-08-16,1772.2449951171875,1777.516918751646,1758.1865320919644,1776.6382648125698,606000
2021-08-17,1766.9730224609375,1787.1820624990287,1763.458406802139,1774.8809076932341,393600
2021-08-18,1768.730224609375,1781.9100325423808,1764.3369552983731,1767.8515707471747,365800
2021-08-19,1730.9481201171875,1766.094274840379,1728.3121585129481,1762.57965936806,494000
2021-08-20,1677.3504638671875,1712.4966234034302,1672.078539936751,1712.4966234034302,536600
2021-08-23,1704.5885009765625,1721.282924439735,1687.8940775133901,1687.8940775133901,502400
2021-08-24,1698.4378662109375,1723.9188274732846,1694.0445970277742,1717.768250616856,398300
2021-08-25,1694.9234619140625,1716.0111566190587,1690.530192183855,1698.4380776982287,415900
2021-08-26,1686.1368408203125,1700.1953032763442,1681.7435713028026,1693.1660720483283,576400
2021-08-27,1657.141357421875,1669.4425127791953,1650.9907797432147,1668.563858825101,534800
2021-08-30,1654.50537109375,1668.5638341513709,1643.9615238005345,1659.7772947403578,1033200
2021-08-31,1649.2333984375,1655.3839758424347,1631.6603201376863,1651.869360182472,986600
2021-09-01,1675.5931396484375,1675.5931396484375,1649.2335202517656,1661.5346759702124,651300
2021-09-02,1659.77734375,1679.9863849920594,1644.840226310217,1675.593115156829,527500
2021-09-03,1688.7728271484375,1689.651481064748,1657.141286161266,1669.4424409896105,636600
2021-09-06,1716.8897705078125,1722.1616940610606,1698.438038071444,1716.0111165822711,557600
2021-09-07,1725.6761474609375,1732.7053782041592,1714.253647503202,1722.1615320893266,574000
2021-09-08,1741.491943359375,1745.885212641311,1708.9817506730496,1715.13232766776,930800
2021-09-09,1720.4044189453125,1740.6134596172951,1718.6471110607922,1733.5842280792142,515900
2021-09-10,1750.278564453125,1751.157218350943,1730.9481787011327,1737.9774098836754,915900
2021-09-13,1756.4293212890625,1762.579899202531,1740.6135495115723,1753.7933593261475,588100
2021-09-14,1774.880859375,1779.2741288288987,1763.458358794864,1769.608936030322,672600
2021-09-15,1752.91455078125,1757.3078203320802,1737.0987803982614,1752.0358968710839,615000
2021-09-16,1766.9730224609375,1774.8809076932341,1755.5505215698424,1763.458406802139,442300
2021-09-17,1771.3663330078125,1779.2742184230258,1764.3371015276227,1768.7303712027413,741500
2021-09-21,1743.24951171875,1756.429321535172,1723.0404700002364,1733.584317853374,487000
2021-09-22,1724.7977294921875,1745.8854246056935,1721.2831136399363,1730.069653270564,402400
2021-09-24,1762.579833984375,1773.1236814458966,1751.1573325677266,1770.4877195805163,553400
2021-09-27,1780.15283203125,1783.6674476917262,1763.4584076439876,1766.0943693893448,441000
2021-09-28,1817.056396484375,1817.9350504478589,1769.6090824562532,1791.5754315433467,628100
2021-09-29,1819.6923828125,1822.328344738351,1797.726033430408,1801.2406493315427,729600
2021-09-30,1770.48779296875,1824.9643404447118,1767.8518309941069,1821.4497244785205,714300
2021-10-01,1730.9481201171875,1764.3369671042196,1720.40427370023,1749.3998513468632,483900
2021-10-04,1732.7054443359375,1752.914483494014,1723.0402516951185,1746.7639063589472,351400
2021-10-05,1718.6470947265625,1723.9190183300182,1698.4380542466488,1708.103247519651,358100
2021-10-06,1711.6180419921875,1734.4630466594344,1691.4089994019307,1721.2832362744844,502700
2021-10-07,1728.312255859375,1738.85610287021,1697.5593687444396,1704.5886000849962,370200
2021-10-08,1745.006591796875,1775.7594773522076,1744.1279379238656,1757.3077460190082,497500
2021-10-11,1788.0606689453125,1791.575284510807,1765.2156677695984,1766.9729755523456,347300
2021-10-12,1809.1483154296875,1811.7842770354616,1774.880814554623,1779.2740838975799,474000
2021-10-13,1791.5751953125,1818.813464588953,1789.817887617245,1808.2696184174229,346500
2021-10-14,1775.759521484375,1788.0606760122232,1765.2156747462193,1785.4247143276843,387200
2021-10-15,1803.8765869140625,1805.633894840915,1774.8810061209967,1780.1529299015542,379100
2021-10-18,1797.72607421875,1813.5418461326979,1790.6968422569953,1804.7553061805047,345600
2021-10-19,1774.0023193359375,1788.939436437825,1762.5798180227293,1783.6675127548058,498900
2021-10-20,1753.7930908203125,1782.7886679731532,1750.2784754078468,1771.3661678826402,489200
2021-10-21,1746.7640380859375,1771.366348481514,1745.8853841432383,1760.822501169124,291300
2021-10-22,1730.0697021484375,1743.2495119667344,1723.9191242332324,1738.8562420273022,348500
2021-10-25,1702.8311767578125,1727.4334847811451,1701.9525228998364,1717.7682923434074,324600
2021-10-26,1730.9481201171875,1741.491966534145,1712.496388887512,1722.1615814363897,349600
2021-10-27,1713.3751220703125,1729.1908924278846,1702.8312751652643,1722.1616611578524,245700
2021-10-28,1702.8311767578125,1708.9817537636457,1692.2873304620985,1701.0738690418602,377900
2021-10-29,1688.7728271484375,1697.5593663115408,1665.9278253243692,1692.2874428136788,425000
2021-11-01,1727.4337158203125,1730.9483317222866,1710.739290285935,1730.9483317222866,441700
2021-11-02,1730.0697021484375,1746.7641279182803,1717.7685463180271,1733.5843180999834,550100
2021-11-04,1774.0023193359375,1778.3955890717868,1743.2494311849925,1765.215779864239,750600
2021-11-05,1741.491943359375,1760.8223281998928,1737.0986740774392,1752.9144434924083,285700
2021-11-08,1789.8182373046875,1796.8474694590504,1764.3372707451215,1765.215924764417,480600
2021-11-09,1750.278564453125,1791.5752976505632,1748.5212566574894,1787.1820281614741,296800
2021-11-10,1632.5389404296875,1718.647022325333,1619.3591319762725,1715.1324067377557,1225400
2021-11-11,1641.3258056640625,1665.0494655960376,1634.2965730916253,1634.2965730916253,434300
2021-11-12,1678.229248046875,1752.0361887986746,1636.053853331561,1637.8111614446989,1343900
2021-11-15,1741.491943359375,1774.0021360457004,1713.3750199549856,1746.763866497698,1359400
2021-11-16,1747.642578125,1763.4583480627828,1726.554884874623,1739.7346931561087,575600
2021-11-17,1741.491943359375,1752.035789636021,1724.7975200880187,1749.3998280668595,432900
2021-11-18,1699.3165283203125,1731.8267204339895,1693.1659514339412,1726.5547973885284,574700
2021-11-19,1724.7977294921875,1725.6763834552503,1699.3167645633675,1703.7100343786813,268500
2021-11-22,1691.4088134765625,1701.0740066964286,1663.291887746043,1692.287467405641,753400
2021-11-24,1656.2625732421875,1702.8312291476707,1654.5052654721692,1688.7727669875248,594200
2021-11-25,1659.77734375,1682.6223468931976,1658.020035815908,1668.5638834204606,446500
2021-11-26,1625.5098876953125,1663.2920094093117,1614.9660397751268,1656.2627774625212,650400
2021-11-29,1568.3973388671875,1599.1502278645833,1564.882722981771,1590.3636881510417,729400
2021-11-30,1551.7027587890625,1604.4219918170033,1551.7027587890625,1589.48487579242,859000
2021-12-01,1553.4603271484375,1569.2760997099035,1538.523208618164,1548.1884029612822,630900
2021-12-02,1571.911865234375,1578.9410966049031,1520.9499377980453,1537.6443623030498,615100
2021-12-03,1608.8153076171875,1608.8153076171875,1578.9410747067645,1586.8489598889353,394500
2021-12-06,1614.9659423828125,1620.2378660249763,1595.635555694879,1607.9367108599276,303200
2021-12-07,1664.17041015625,1671.199641033362,1621.1163710339395,1649.233294542387,490400
2021-12-08,1673.8359375,1686.137093996063,1662.4134350393701,1671.1999753937007,434000
2021-12-09,1663.2918701171875,1669.44244755555,1653.6266769997605,1659.7772544381232,383800
2021-12-10,1637.810791015625,1667.6850221822192,1632.538867868579,1655.383868172445,569300
2021-12-13,1638.6895751953125,1658.8986155328419,1634.2963055567193,1658.8986155328419,294500
2021-12-14,1630.7818603515625,1653.626864860798,1617.602050057773,1635.1751304494924,323000
2021-12-15,1613.2086181640625,1624.6311192730675,1602.6647709865197,1607.0580406438291,376600
2021-12-16,1641.3258056640625,1652.7483085942727,1629.0246486622975,1639.568497520953,476300
2021-12-17,1621.1165771484375,1645.718888346354,1613.20869140625,1627.2671549479167,954400
2021-12-20,1548.188232421875,1600.907468486184,1548.188232421875,1596.5141988141581,599100
2021-12-21,1579.8197021484375,1585.091625514895,1560.4893164714267,1563.1252781546555,364900
2021-12-22,1590.36376953125,1596.514347645459,1576.3053052702003,1588.6064614986187,279400
2021-12-23,1607.9366455078125,1610.5726072217599,1590.3635674148309,1598.2714525566728,282900
2021-12-24,1612.329833984375,1619.3590648682307,1607.0579108214833,1610.5725262634112,135200
2021-12-27,1620.23779296875,1631.6602936783995,1609.6939461598427,1614.0872156635542,283700
2021-12-28,1658.898681640625,1660.6559895660919,1629.9031008704235,1631.6604087958901,737600
2021-12-29,1641.0128173828125,1657.109945836704,1628.4928285853414,1641.9071022969176,508200
2021-12-30,1648.167236328125,1656.215801236944,1630.2815365307497,1633.8586764902248,386800
2022-01-04,1660.6871337890625,1673.2071229506387,1650.849999447824,1666.9471283698506,456900
2022-01-05,1692.881591796875,1694.6701618885781,1668.7358955588847,1676.7844609715482,523600
2022-01-06,1682.1500244140625,1710.767143383361,1672.3128897683662,1699.1414388020835,525300
2022-01-07,1693.77587890625,1709.873009751188,1686.621598530722,1702.71872937566,420600
2022-01-11,1671.41845703125,1683.0441605847043,1653.5327592567048,1683.0441605847043,453500
2022-01-12,1702.7186279296875,1704.5071979170086,1682.150073075495,1684.8329280564765,342800
2022-01-13,1720.604248046875,1726.8642427123264,1698.247124241692,1716.1328232858384,521300
2022-01-14,1649.95556640625,1701.8240882770156,1641.0127178078421,1699.1412336974931,739100
2022-01-17,1685.7271728515625,1714.3442919662841,1672.3128982665369,1675.890038155877,489400
2022-01-18,1656.2156982421875,1683.9385312041247,1649.955703702395,1683.9385312041247,432100
2022-01-19,1584.673095703125,1640.11876835188,1573.9416751904628,1628.493062796496,750300
2022-01-20,1566.7872314453125,1574.8357959904083,1540.852967911115,1548.9015324562108,948100
2022-01-21,1539.064453125,1544.4301630138727,1509.5530487362,1522.073038476903,714000
2022-01-24,1556.0556640625,1563.20994297773,1523.8614089439657,1531.0156878591954,447100
2022-01-25,1525.650146484375,1546.2187006280683,1513.1301570056053,1546.2187006280683,808500
2022-01-26,1509.5531005859375,1546.2187860859515,1505.0816755249602,1537.2759359639967,584400
2022-01-27,1488.984375,1526.5443412162163,1476.4643862612613,1522.0729166666667,681500
2022-01-28,1511.341796875,1514.918937222633,1496.1389503975593,1506.8703714404585,542500
2022-01-31,1486.3016357421875,1507.7644752474898,1483.6187808040247,1504.1873353299395,1497600
2022-02-01,1489.8787841796875,1519.3901886682409,1489.8787841796875,1511.3416238077264,455000
2022-02-02,1524.7559814453125,1532.8045467432644,1502.3988556176687,1502.3988556176687,496400
2022-02-03,1547.1129150390625,1556.9500491809295,1527.4386467553288,1531.0157864432804,415300
2022-02-04,1544.43017578125,1548.901600725608,1530.1216159593043,1531.015900948176,433300
2022-02-07,1529.227294921875,1539.0644295675713,1509.5530256304826,1530.1215798896656,410900
2022-02-08,1540.85302734375,1545.3244522634939,1523.8616126487232,1528.333037568467,437500
2022-02-09,1564.1044921875,1570.3644872963123,1549.7959319387865,1554.2673570165095,532100
2022-02-10,1547.1129150390625,1582.8843119185785,1534.592926131232,1582.8843119185785,718500
2022-02-14,1484.5130615234375,1510.4473258512567,1471.9930718479386,1502.3987610598645,992200
2022-02-15,1493.4559326171875,1518.495912325739,1475.5702328253649,1504.187352492281,926100
2022-02-16,1552.478759765625,1567.6816047633297,1529.2273497691351,1536.381629768055,896700
2022-02-17,1586.4615478515625,1588.2501178040445,1521.1787445859684,1572.1529882317063,1519800
2022-02-18,1585.567138671875,1604.3471217018296,1542.6414631748362,1552.4785971429076,1223300
2022-02-21,1578.4130859375,1584.6730811791786,1531.0159791076487,1556.0559600743627,595300
2022-02-22,1515.8131103515625,1543.5359459981103,1497.0331249135786,1541.7473759563975,889900
2022-02-24,1444.2703857421875,1496.1389197193064,1433.5389649193355,1488.9846391707383,1054300
2022-02-25,1429.0673828125,1431.7502377239127,1410.287398432611,1429.0673828125,1216300
2022-02-28,1437.115966796875,1442.481676691574,1418.3359821654287,1427.2788319899269,930800
2022-03-01,1433.5389404296875,1455.8960667620283,1430.8560852698067,1452.3189265488538,742500
2022-03-02,1375.4102783203125,1395.0845475810713,1372.7274234211181,1389.7188377826826,905000
2022-03-03,1399.5560302734375,1405.8160252970247,1387.036040226263,1400.450315276807,477800
2022-03-04,1367.3616943359375,1399.555952672166,1357.524559844312,1395.0845279032455,672800
2022-03-07,1294.924560546875,1339.6388064221123,1272.5674376092563,1336.0616667520933,1006300
2022-03-08,1249.3160400390625,1297.6074259818752,1243.950330489861,1280.616012409404,981300
2022-03-09,1252.893310546875,1279.7218610939174,1246.6333154192318,1256.470450619814,924100
2022-03-10,1311.0218505859375,1335.1675463334275,1300.2904302537197,1306.5504254475134,973100
2022-03-11,1318.176025390625,1324.4360200837962,1294.9246165302748,1302.0788961796134,849500
2022-03-14,1354.841796875,1372.727497163779,1328.9075314562706,1328.9075314562706,789100
2022-03-15,1391.5074462890625,1398.6617262185691,1359.313186606282,1359.313186606282,841800
2022-03-16,1380.776123046875,1400.4503942301853,1370.044702401433,1391.5075436923169,798900
2022-03-17,1421.0186767578125,1428.172955810086,1409.3929732978681,1426.3843860470176,698300
2022-03-18,1421.0186767578125,1421.0186767578125,1397.7672698379238,1406.7101186532657,926900
2022-03-22,1441.58740234375,1447.8473972670788,1427.278842518998,1429.961697486139,592900
2022-03-23,1447.8472900390625,1459.4729940356701,1434.433016196823,1457.6844241900383,489500
2022-03-24,1442.4815673828125,1443.375852297495,1421.0187294304335,1423.7015841744808,606000
2022-03-25,1452.3189697265625,1461.2618205253714,1438.904693528349,1456.7903951259668,429000
2022-03-28,1486.3016357421875,1519.3901799795285,1477.3587859483116,1518.495895000141,940500
2022-03-29,1514.9185791015625,1518.4957186035733,1488.9843177119844,1497.0328815915086,725300
2022-03-30,1529.227294921875,1534.5930047286186,1508.658740662692,1530.1215798896656,787000
2022-03-31,1513.130126953125,1519.3901215681794,1494.3501431079621,1500.6101377230164,635200
2022-04-01,1548.901611328125,1555.161606293077,1496.1387966235295,1504.1873615784677,1256000
2022-04-04,1556.0556640625,1561.4213732489225,1533.6985424524066,1536.3813970456179,706400
2022-04-05,1539.958740234375,1571.2587146293827,1531.01589040723,1556.9501549059505,591400
2022-04-06,1502.3985595703125,1528.3328204200382,1502.3985595703125,1520.2842567080543,682400
2022-04-07,1491.667236328125,1499.715800552917,1468.4158285676147,1479.147247534004,855900
2022-04-08,1473.7816162109375,1515.8130093917105,1466.6273365205932,1515.8130093917105,943600
2022-04-11,1487.1959228515625,1503.2930525035938,1480.0416430062153,1484.5130679095573,589400
2022-04-12,1491.667236328125,1509.5529346054407,1477.3586777062724,1497.0329458113197,744900
2022-04-13,1503.2930908203125,1505.9759458306999,1486.3016757545267,1498.8216658030005,612700
2022-04-14,1514.9185791015625,1514.9185791015625,1488.9843177119844,1496.1385967160058,322000
2022-04-15,1529.227294921875,1532.8044347930374,1499.7158909847863,1514.918735437226,432100
2022-04-18,1500.610107421875,1515.8129511800228,1480.935839028978,1508.6586717644238,588700
2022-04-19,1527.4388427734375,1533.6988380307057,1504.18743181787,1517.601707369159,465100
2022-04-20,1559.6329345703125,1559.6329345703125,1529.227246625708,1546.2186604771045,615600
2022-04-21,1572.15283203125,1573.9414018060295,1542.641430747387,1560.5271284951828,811200
2022-04-22,1535.4873046875,1556.0558591474958,1532.8044497579353,1549.7958643118448,534700
2022-04-25,1522.96728515625,1526.5444249922011,1508.6587258124448,1518.4958603613109,540000
2022-04-26,1545.324462890625,1551.5844578213162,1516.7073432074653,1518.4959131876626,647600
2022-04-27,1464.8388671875,1504.1874081864316,1463.944582164797,1493.4559879139958,1478800
2022-04-28,1554.267333984375,1558.7387589958375,1462.155978748247,1465.7331187574168,922200
2022-05-02,1556.0556640625,1564.1042278421337,1534.5928273168104,1547.1128154184628,557300
2022-05-06,1556.9501953125,1563.2101903539633,1529.227360128877,1529.227360128877,813500
2022-05-09,1522.96728515625,1553.3729737618357,1519.3901453202986,1552.4786888028477,594400
2022-05-10,1535.4873046875,1543.535869476194,1502.3987605562027,1510.4473253448966,481900
2022-05-11,1476.464599609375,1521.178851566049,1465.7331791397733,1519.390281487782,1054400
2022-05-12,1485.4073486328125,1523.861602691338,1476.46449885176,1480.9359237422861,723200
2022-05-13,1537.27587890625,1566.787283213351,1477.3587853130455,1488.090205061082,1036900
2022-05-16,1503.2930908203125,1540.853060965734,1487.1959607579893,1524.7559309034104,1080900
2022-05-17,1496.138671875,1503.292951238419,1477.3586885460252,1497.0329567954273,685600
2022-05-18,1499.7159423828125,1550.6901872938563,1492.5616623952976,1528.3330623328723,892300
2022-05-19,1482.7244873046875,1483.6187722789364,1460.367362948465,1466.6273577682073,671400
2022-05-20,1459.4730224609375,1482.7244309070063,1458.578737520704,1471.9930116242053,726700
2022-05-23,1477.3587646484375,1485.4073293468853,1457.6844953855648,1459.4730653185532,838400
2022-05-24,1467.521484375,1494.3500307072668,1460.367205353062,1494.3500307072668,764800
2022-05-25,1444.2703857421875,1468.4160825936049,1441.5875305364746,1458.5789468393239,792800
2022-05-26,1442.4815673828125,1463.0501204205093,1438.0101428094003,1438.9044277240828,854600
2022-05-27,1446.953125,1471.9931049134734,1443.3759850123608,1463.9445399412855,473600
2022-05-30,1487.1959228515625,1489.8787777935677,1459.473088450842,1471.0987931995312,1100000
2022-05-31,1479.1473388671875,1500.6101781252362,1464.8387793618217,1468.4159192381633,867800
2022-06-01,1558.73876953125,1558.73876953125,1506.8702390477088,1506.8702390477088,950100
2022-06-02,1578.4130859375,1578.4130859375,1555.1616750398373,1563.2102403505667,570900
2022-06-03,1572.15283203125,1586.4613902294866,1563.209983157352,1586.4613902294866,563000
2022-06-06,1575.7301025390625,1581.095812309343,1556.9501183430805,1562.315828113361,484700
2022-06-07,1596.298583984375,1610.6071427203694,1581.095740327381,1582.8843101693801,659000
2022-06-08,1604.34716796875,1618.6557268804,1598.087173444903,1616.8671570164438,608100
2022-06-09,1610.607177734375,1618.6557421983448,1597.1929036277588,1610.607177734375,558800
2022-06-10,1615.0784912109375,1620.4442004840635,1581.0956658144726,1601.6642180281224,673200
2022-06-13,1566.7872314453125,1581.0957906365938,1548.9015324562108,1568.5758013442228,652600
2022-06-14,1542.641357421875,1551.5842058706974,1524.75566052423,1548.0070664911684,589000
2022-06-15,1539.958740234375,1561.4215798195232,1539.0644552516605,1540.8530252170895,668100
2022-06-16,1577.5185546875,1589.1442583218184,1564.998566158234,1575.729984897605,431900
2022-06-17,1524.7559814453125,1548.0073923060622,1507.764565816303,1541.747397074322,2052600
2022-06-20,1507.764404296875,1548.0072264756172,1496.138700111905,1540.8529469771743,558100
2022-06-21,1584.673095703125,1591.8273760449,1522.0731427125952,1579.307385446794,1175800
2022-06-22,1665.1585693359375,1678.5728435250026,1606.1357629040515,1618.6557521471789,1770800
2022-06-23,1654.4271240234375,1688.4099514358109,1648.1671295001056,1680.3613870486697,1046000
2022-06-24,1662.475830078125,1677.6786752160099,1629.3872847780224,1654.427265005127,1212800
2022-06-27,1663.369873046875,1705.401262312038,1649.0613149991598,1699.1412681661625,854600
2022-06-28,1674.1014404296875,1677.6785802596655,1656.2157412797978,1669.630015642215,820600
2022-06-29,1660.4464111328125,1681.3840577644214,1659.5360786705687,1665.9084059062757,1628300
2022-06-30,1672.28076171875,1683.204751452351,1654.0741121627484,1663.1774369407492,875600
2022-07-01,1642.2398681640625,1675.0118389256513,1634.0468754736653,1662.267183629478,904500
2022-07-04,1648.6121826171875,1665.9085003807031,1633.1365298814105,1665.9085003807031,518600
2022-07-05,1672.28076171875,1685.025416407951,1660.446439507349,1666.8187668519495,559400
2022-07-06,1640.419189453125,1662.2671697788048,1636.777859398845,1643.150186993835,1042400
2022-07-07,1740.5555419921875,1753.3001955423397,1658.625626312639,1660.446291105518,1623600
2022-07-08,1746.927978515625,1783.3412766608178,1746.927978515625,1776.968949485409,1478000
2022-07-11,1763.3140869140625,1795.1757250358962,1761.493421878529,1788.8033974115294,775600
2022-07-12,1737.8248291015625,1756.941812554225,1731.4525012840081,1750.5694847366708,570000
2022-07-13,1739.6455078125,1774.2381448072017,1734.183512497547,1761.4934890723116,500400
2022-07-14,1756.941650390625,1762.4036451586787,1725.0800142436447,1732.362673934383,395200
2022-07-15,1750.5693359375,1766.0449878932657,1743.2866761936102,1763.3139904893071,461300
2022-07-19,1776.0587158203125,1781.5207108459003,1759.672730743549,1767.8657232819307,482700
2022-07-20,1790.6240234375,1809.7410058941282,1784.2516959519573,1797.9066834209773,959600
2022-07-21,1817.0238037109375,1817.9341362779269,1793.3551569692117,1795.1758221031907,627200
2022-07-22,1823.3958740234375,1830.678533530271,1802.4582279412912,1812.471884763187,581000
2022-07-25,1809.740966796875,1845.2439334493288,1807.0099693620707,1813.3822967099472,516700
2022-07-26,1832.4993896484375,1836.1407197818671,1815.203071514647,1820.6650667147915,409300
2022-07-27,1791.5345458984375,1819.7548563267158,1783.3415525482922,1816.1135259488733,480300
2022-07-28,1775.1483154296875,1801.54795704377,1771.506985551883,1801.54795704377,560600
2022-07-29,1763.3140869140625,1784.251734822696,1759.6727568429956,1784.251734822696,432400
2022-08-01,1786.982666015625,1792.4446609193915,1771.5070137882863,1774.2380112401697,380300
2022-08-02,1787.8929443359375,1794.2652715306174,1764.224300469983,1767.8656302955146,392800
2022-08-03,1769.6864013671875,1778.789726477101,1758.7624112352912,1776.0587289441269,284000
2022-08-04,1788.80322265625,1795.1755496580788,1769.6862416507633,1795.1755496580788,338800
2022-08-05,1786.982666015625,1798.8169883071191,1765.1346864005586,1766.955351368481,377600
2022-08-08,1827.037353515625,1834.3200136193248,1781.520727867503,1785.1620579193527,495900
2022-08-09,1779.7000732421875,1811.5617113820733,1764.2244204313859,1811.5617113820733,785100
2022-08-10,1908.0570068359375,1927.173990205954,1723.2595009257775,1775.148455787251,3477300
2022-08-12,1980.8836669921875,2053.710272396312,1958.1253528033985,2044.6069467207965,2419100
2022-08-15,2010.013916015625,2020.0275723001232,1979.062614772631,1984.5246091096299,1000400
2022-08-16,2041.87548828125,2055.5304737133583,2008.1931908820497,2019.1171792277362,995400
2022-08-17,2066.454833984375,2083.751151978077,2033.68286304894,2043.6965208347674,828400
2022-08-18,2084.661376953125,2095.5853667013507,2057.35140258256,2062.813397456673,681600
2022-08-19,2089.213134765625,2097.4061274509804,2070.096151833129,2084.6614721626497,585800
2022-08-22,2091.03369140625,2101.0473486136807,2066.454714624374,2067.365047097777,508000
2022-08-23,2074.647705078125,2096.4956844207645,2059.1720530437556,2066.4547128246354,609300
2022-08-24,2091.944091796875,2118.343734382649,2081.020101761382,2090.1234267909595,606700
2022-08-25,2082.840576171875,2099.2265597256746,2080.1095789129085,2093.7645652077417,355700
2022-08-26,2096.49560546875,2106.509262290355,2090.123278400456,2093.764608153767,369500
2022-08-29,2067.365234375,2074.6478948219396,2052.7999134811207,2056.4412437045908,413100
2022-08-30,2081.02001953125,2099.226668870981,2059.1720403235727,2099.226668870981,396700
2022-08-31,2083.7509765625,2091.0336361573013,2071.006322271598,2071.006322271598,646200
2022-09-01,2075.557861328125,2082.84052049068,2063.7235401889734,2075.557861328125,587500
2022-09-02,2072.8271484375,2080.1098085988965,2061.903158195405,2080.1098085988965,406200
2022-09-05,2068.275634765625,2076.468628037144,2060.082641494106,2062.8136392512793,401500
2022-09-06,2100.136962890625,2112.8816171951194,2070.095992030031,2081.930313884204,619300
2022-09-07,2115.61279296875,2129.267780875175,2096.4958098997554,2124.7161182397,871000
2022-09-08,2156.57763671875,2161.129299101018,2121.9850026135105,2130.1779949015936,734600
2022-09-09,2168.412109375,2180.246432390061,2150.2054585825986,2164.7707792165197,730000
2022-09-12,2163.8603515625,2177.515339056584,2160.2190215640776,2177.515339056584,338800
2022-09-13,2162.039794921875,2170.2327878289475,2143.8331440172697,2162.950127467105,497400
2022-09-14,2119.254150390625,2152.026121788418,2106.5094948470387,2107.4198273858665,847200
2022-09-15,2100.136962890625,2120.1642767976878,2084.6613112351674,2118.343611897046,573800
2022-09-16,2108.330078125,2108.330078125,2072.82711048818,2092.8544255653605,823500
2022-09-20,2130.177734375,2147.474049312233,2113.7917518028844,2122.8950754540597,647600
2022-09-21,2071.9169921875,2116.5232894709743,2069.1859943946342,2116.5232894709743,536200
2022-09-22,2073.737548828125,2081.0202092278723,2038.2345793793554,2071.0065511782195,475500
2022-09-26,2012.7452392578125,2043.6965455150562,2012.7452392578125,2037.324217756212,640700
2022-09-27,2050.97900390625,2069.1856528534868,2029.1310251695654,2039.1446820905458,811800
2022-09-28,2020.0277099609375,2055.530675570886,1993.62806886636,2033.6826967339946,918600
2022-09-29,2055.53076171875,2067.3650840847126,2032.772449476514,2061.9030891465763,430800
2022-09-30,2017.296875,2069.1858289147112,2004.5522196525271,2069.1858289147112,877300
2022-10-03,2051.889404296875,2052.7997367743806,2001.8211180340854,2002.7314505115905,591200
2022-10-04,2081.02001953125,2096.4956714700215,2063.7237026585058,2094.6750065360484,585100
2022-10-05,2081.930419921875,2101.9577348489765,2070.0960974649515,2100.137069855604,545400
2022-10-06,2091.944091796875,2106.5094118441984,2084.661431773213,2084.661431773213,426700
2022-10-07,2072.8271484375,2081.020141119071,2050.97916795331,2065.5444882761035,530100
2022-10-11,2061.903076171875,2078.2890608831744,2031.862104201159,2055.5307487841474,708600
2022-10-12,2049.158447265625,2075.5580896337738,2047.3377822747182,2058.261772220159,450500
2022-10-13,2071.9169921875,2083.751315956585,2050.069009844574,2054.6206728326833,611200
2022-10-14,2110.15087890625,2122.895534775399,2078.2892392333774,2102.8682184095933,807900
2022-10-17,2101.04736328125,2107.4196906395555,2084.661378645608,2090.1233735241553,410600
2022-10-18,2124.716064453125,2132.9090569895766,2096.4957568275695,2121.9850669409743,610100
2022-10-19,2128.357177734375,2141.1018314932635,2120.1641860322325,2124.7158480889784,387700
2022-10-20,2090.123291015625,2136.5502456505537,2079.1993016897595,2107.4196074482456,596700
2022-10-21,2088.302978515625,2097.406304489974,2068.2756613720576,2069.1859939694923,494400
2022-10-24,2107.41943359375,2121.984751493318,2101.957439381412,2121.984751493318,296500
2022-10-25,2142.012451171875,2148.3847789059178,2106.509482367921,2129.267795703789,366000
2022-10-26,2121.9853515625,2151.115995599394,2120.164686310194,2148.384997720935,452700
2022-10-27,2078.289306640625,2115.612942896545,2071.91697849937,2104.6889517972513,552100
2022-10-28,2061.903076171875,2077.3787283992133,2041.875761524731,2062.813408655836,1351700
2022-10-31,2119.254150390625,2123.805813084763,2091.0338416869695,2093.7648393034524,455300
2022-11-01,2121.07470703125,2136.5503594001475,2107.4197196469286,2131.998696938707,428300
2022-11-02,2139.28125,2142.922579787234,2109.2402792553194,2109.2402792553194,537400
2022-11-04,2072.8271484375,2126.5367671277995,2066.454820796278,2121.074772006752,726600
2022-11-07,2098.31640625,2117.4333886930585,2080.10975630423,2101.957736239154,393600
2022-11-08,2114.7021484375,2124.715804758125,2091.033506225113,2118.3434780086363,325500
2022-11-09,2110.15087890625,2134.729858082466,2100.137220723347,2108.3302137820856,464700
2022-11-10,1972.6903076171875,2020.0275923408117,1953.5733272480315,2020.0275923408117,1455900
2022-11-11,2058.26171875,2164.770617951128,1964.4974741541353,2023.6690848214284,2870100
2022-11-14,1935.3670654296875,2059.1722963320567,1930.815402528865,2037.3243144081093,1479500
2022-11-15,1917.1602783203125,1936.2772611525663,1886.2089727823777,1928.9946010259935,1176900
2022-11-16,1864.3609619140625,1927.17390447855,1857.9886344075203,1917.1602469682693,768200
2022-11-17,1883.4779052734375,1886.2089027194597,1845.243941029124,1847.064605993139,833400
2022-11-18,1920.801513671875,1939.9184955615003,1889.8502096601007,1901.6845317822497,811700
2022-11-21,1945.3804931640625,1951.7528204697005,1920.8015164137446,1934.4565034972545,448500
2022-11-22,1964.4976806640625,1975.4216714740573,1949.9323595840694,1949.9323595840694,382600
2022-11-24,1961.766357421875,1981.7936705834904,1953.5733656739415,1958.1250277561267,415900
2022-11-25,1953.57373046875,1966.3183866787047,1941.7394068452209,1956.304728228026,236700
2022-11-28,1980.8836669921875,1985.4353298299454,1959.9460179385017,1961.7666830736048,525800
2022-11-29,2017.296875,2023.6692026737364,1974.5112463334838,1981.7939065320397,773400
2022-11-30,2052.7998046875,2060.9927972560977,2007.2831793064024,2012.745174352134,871300
2022-12-01,2041.87548828125,2070.095791507607,2039.1444911948283,2068.275126783326,624800
2022-12-02,2035.50341796875,2037.3240829222104,1990.8971266089698,2012.7451060504948,663100
2022-12-05,2017.296875,2056.4411735672384,2001.8212220780686,2033.6828604467507,560400
2022-12-06,2037.3243408203125,2056.4413252516024,2023.6693519408198,2025.4900171247523,521800
2022-12-07,2033.6827392578125,2050.97905619868,2030.0414093755244,2037.3240691401004,333000
2022-12-08,2035.50341796875,2039.1447478756709,2008.1934436668437,2008.1934436668437,410200
2022-12-09,2027.3106689453125,2056.4413116962105,2026.400336359347,2036.413994804968,480600
2022-12-12,2020.9383544921875,2020.9383544921875,2000.0007048735747,2011.8350285710515,473400
2022-12-13,1959.035400390625,2013.6553464981703,1958.1250679554992,2006.3726870171643,843100
2022-12-14,1962.6767578125,1968.13875250029,1936.2771168215156,1948.1114386450604,716300
2022-12-15,1975.4212646484375,1983.6142560686383,1948.111293247768,1953.5732875279018,329200
2022-12-16,1972.6903076171875,2000.910611971656,1963.5869836318752,1969.9593104215937,698100
2022-12-19,1957.2149658203125,1970.8699539539425,1935.3669848065042,1963.5872936160065,392400
2022-12-20,1924.4427490234375,1982.7040243013466,1918.0704220399161,1973.6007000391735,549400
2022-12-21,1914.4290771484375,1935.3667227853439,1885.2984397405678,1919.891071662413,444900
2022-12-22,1931.7254638671875,1947.201115556981,1923.5324717961203,1944.4701181999587,321300
2022-12-23,1910.7879638671875,1927.1739492648098,1898.0433085579255,1915.3396264776381,353900
2022-12-26,1939.00830078125,1939.918633316828,1915.3396548562205,1918.9809849985327,248900
2022-12-27,1937.187744140625,1952.6633981116731,1923.5327553426412,1949.9324003520765,268700
2022-12-28,1930.8153076171875,1942.6496305775945,1913.5189894442847,1934.4566377588512,285400
2022-12-29,1903.9984130859375,1917.8692125984626,1890.1276135734124,1908.622012923446,369200
2022-12-30,1903.0738525390625,1923.4176935283042,1897.5255322692692,1905.8480126739591,358600
2023-01-04,1867.0096435546875,1886.4287631756129,1844.8163639879156,1872.5579634463804,412700
2023-01-05,1864.2354736328125,1880.8804332188197,1853.1388339088076,1867.934353540814,339100
2023-01-06,1879.031005859375,1894.7512455737497,1863.3107661450003,1867.934366060993,289400
2023-01-10,1854.0633544921875,1887.3532700840672,1853.1386346146353,1871.6330321656794,424600
2023-01-11,1867.934326171875,1871.6332060256807,1843.8916071221379,1854.0635267201037,380300
2023-01-12,1866.0849609375,1876.2568809426105,1862.3860809356418,1864.235520936571,329000
2023-01-13,1849.4398193359375,1867.009497619629,1837.418460510254,1858.6870184326174,444800
2023-01-16,1805.053466796875,1823.547867071433,1801.3545867419632,1821.6984270439773,385500
2023-01-17,1830.020751953125,1832.7949117590165,1810.6016333118841,1810.6016333118841,282100
2023-01-18,1879.031005859375,1896.6006855401467,1822.6230868842658,1830.020846749854,356900
2023-01-19,1892.9017333984375,1900.2994929818217,1858.6870953252856,1865.1601349607467,699400
2023-01-20,1909.5467529296875,1909.5467529296875,1872.557953841461,1891.97707336278,395600
2023-01-23,1904.923095703125,1938.2130138804612,1890.1275765131977,1930.8152542854975,608100
2023-01-24,1939.1378173828125,1943.761417328885,1918.7939776200933,1926.1917375338094,392700
2023-01-25,1953.008544921875,1957.6321446967847,1926.1916662273984,1934.514145822236,330100
2023-01-26,1971.503173828125,1977.9762142675231,1957.6323728865575,1959.4818130120998,397600
2023-01-27,1956.70751953125,1978.9007995259333,1952.0839195323576,1978.9007995259333,280800
2023-01-30,1972.427490234375,1979.8252492225959,1953.0083728902955,1953.933092763823,457700
2023-01-31,1965.0299072265625,1984.4490263097425,1957.632147575827,1981.6748664407169,465200
2023-02-01,1974.2769775390625,1978.9005770180765,1964.1050586852311,1977.051137226471,396500
2023-02-02,1923.41748046875,1972.427637423002,1922.492760526217,1972.427637423002,285200
2023-02-03,1916.944580078125,1916.944580078125,1896.6007398650431,1900.2996199037852,380200
2023-02-06,1962.255859375,1975.2019395028274,1935.4389791102144,1945.6108992106504,457900
2023-02-07,1956.70751953125,1980.7502395254903,1948.3850395332438,1976.126639526598,403700
2023-02-08,1942.8367919921875,1964.105352780298,1926.1918313754054,1956.7075925061727,365000
2023-02-09,1932.664794921875,1957.6322348562724,1927.1164749364534,1935.4389549145858,391500
2023-02-10,1938.2130126953125,1951.1590919785826,1917.869173821602,1939.1377326441175,534800
2023-02-13,1932.664794921875,1955.7827948611318,1914.1703949704695,1953.008634868421,293300
2023-02-14,1944.6861572265625,1953.9333572133744,1919.71871726217,1952.0839172160122,400300
2023-02-15,1948.3848876953125,1962.255686611036,1935.4388087073037,1956.7073670447467,268000
2023-02-16,1984.4488525390625,1987.2230121651655,1953.008376776561,1962.2555755302378,345800
2023-02-17,2048.2548828125,2074.1470438593396,1958.557039185948,1996.4705607188205,1868900
2023-02-20,2257.241455078125,2297.9291339078823,2142.5761783760818,2145.3503382962926,2986300
2023-02-21,2379.304443359375,2380.2291633140426,2236.8975703405863,2257.2414093432703,2346100
2023-02-22,2356.186279296875,2432.013310263258,2354.336839517207,2364.5087583053805,2190800
2023-02-24,2425.54052734375,2460.6798868706514,2384.852847891548,2386.7022878666485,1886800
2023-02-27,2390.40087890625,2428.314393813467,2377.454800645249,2425.54023418611,713600
2023-02-28,2389.476318359375,2426.4651158571983,2387.6268784844838,2395.0246379840487,923300
2023-03-01,2383.003173828125,2393.1750926919626,2366.3582156873,2367.2829355840126,866900
2023-03-02,2380.229248046875,2399.648367786185,2371.9067681585993,2371.9067681585993,700900
2023-03-03,2421.841552734375,2426.465152491409,2355.2617162330866,2361.734755892934,692500
2023-03-06,2436.636962890625,2451.4324814508714,2429.2392036105016,2433.8628031605786,652800
2023-03-07,2449.583251953125,2472.701251688432,2437.5618920907655,2443.110212027239,837900
2023-03-08,2469.002197265625,2477.324676582251,2443.1100393916786,2457.9055581767907,599100
2023-03-09,2457.905517578125,2521.7111912850064,2451.4324782165572,2493.0448741123496,1082000
2023-03-10,2477.32470703125,2495.8191057399567,2459.7550282579787,2459.7550282579787,945300
2023-03-13,2398.7236328125,2470.8517913936007,2383.003393121747,2453.28211173923,688400
2023-03-14,2354.337158203125,2399.6484389383777,2327.5202777679756,2388.5517987583157,1146900
2023-03-15,2363.584228515625,2395.9494272629045,2351.562868980921,2395.9494272629045,627600
2023-03-16,2295.155029296875,2300.703349271001,2261.865109452118,2282.208949357247,901200
2023-03-17,2285.907470703125,2336.767062486568,2252.617556081235,2334.9176227853523,1136200
2023-03-20,2267.41357421875,2287.7574154229965,2255.39221350715,2263.714693999796,584700
2023-03-22,2311.7998046875,2324.74588359375,2295.1548460937497,2311.7998046875,760700
2023-03-23,2348.788818359375,2352.4876983882873,2298.853937969058,2306.2516980268824,671000
2023-03-24,2359.885498046875,2383.003498615516,2343.2405376374536,2347.8641377511817,794100
2023-03-27,2418.142822265625,2425.5405823337414,2389.476502001673,2406.1214621549357,799700
2023-03-28,2446.80908203125,2469.002361686862,2429.23940230389,2437.561882174745,674800
2023-03-29,2518.93701171875,2520.786451521774,2453.2818987113965,2458.8302181204685,983700
2023-03-30,2565.1728515625,2567.9470110991574,2513.388540211563,2515.2379799026676,692900
2023-03-31,2586.441650390625,2611.409088560288,2568.8719716786404,2581.8180507295765,1000300
2023-04-03,2570.72119140625,2589.215588466727,2555.925673757869,2581.8178296425363,653000
2023-04-04,2560.549560546875,2577.194519770365,2540.2057214959427,2553.1518008919907,641300
2023-04-05,2489.34619140625,2544.8293903231797,2488.421471424301,2530.0338706119987,892900
2023-04-06,2439.411376953125,2467.1529771459204,2420.916976824595,2463.454097120214,801400
2023-04-07,2453.2822265625,2477.3249472148277,2441.2608662363364,2444.9597463366945,459900
2023-04-10,2498.59326171875,2518.9371002671633,2479.1741431043556,2480.0988630383745,629700
2023-04-11,2504.1416015625,2541.130399222212,2499.518001855036,2517.0876807433992,628300
2023-04-12,2527.259765625,2534.6575256414653,2510.614805587953,2517.08784560236,434800
2023-04-13,2500.442626953125,2526.334784332817,2500.442626953125,2522.635904707147,547200
2023-04-14,2481.9482421875,2496.74376076984,2450.507765200028,2496.74376076984,631300
2023-04-17,2666.892333984375,2698.33281226297,2628.054096110816,2654.870974642559,1883900
2023-04-18,2662.26904296875,2690.0106446669306,2632.6780011573574,2684.4623243272945,888600
2023-04-19,2654.870849609375,2683.537166689797,2646.5483704569947,2661.3438889501153,727000
2023-04-20,2690.93505859375,2697.4080982535975,2644.6990610234106,2648.397940829038,733900
2023-04-21,2653.946044921875,2680.762921333978,2653.946044921875,2663.193243684669,510500
2023-04-24,2695.55859375,2696.4833136792454,2660.419236438679,2674.2900353773584,459900
2023-04-25,2678.913818359375,2708.5048581203346,2667.817178449015,2700.1823781875646,547500
2023-04-26,2615.108154296875,2684.4621541456254,2614.183434298892,2663.1935941920083,875300
2023-04-27,2668.74169921875,2669.666419142249,2617.882103426293,2618.806823349792,556700
2023-04-28,2717.751953125,2724.224992822814,2677.0642750244556,2705.730593686203,648800
2023-05-01,2727.923828125,2736.2463076006356,2703.8811096398304,2728.8485480667373,518700
2023-05-02,2728.848876953125,2736.246637378616,2702.0319954107185,2736.246637378616,330100
2023-05-08,2698.33251953125,2714.9774768141706,2681.6875622483294,2686.311161493585,570400
2023-05-09,2714.05322265625,2714.05322265625,2676.139702339757,2702.0318625558984,535800
2023-05-10,2744.568603515625,2748.267483035188,2701.106769160762,2730.6978053172643,442500
2023-05-11,2702.956298828125,2718.6765373091644,2684.4619006151374,2718.6765373091644,594500
2023-05-12,2731.622802734375,2797.27792087728,2692.784563832938,2730.698082760531,1253400
2023-05-15,2759.3642578125,2788.030575504252,2692.7844231735926,2755.6653781103387,906900
2023-05-16,2770.461181640625,2770.461181640625,2726.9993406736326,2756.59038133201,531400
2023-05-17,2829.64306640625,2838.890265969669,2772.310429113051,2788.030668370864,631300
2023-05-18,2815.772216796875,2862.0082137886134,2806.5250173985273,2857.3846140894398,505300
2023-05-19,2852.760986328125,2885.1261839039707,2829.642988059664,2848.1373866744325,672000
2023-05-22,2862.00830078125,2866.631900620961,2815.7723023841377,2834.2667017429826,468200
2023-05-23,2848.137451171875,2894.373448755834,2848.137451171875,2871.2554499638545,510800
2023-05-24,2834.266845703125,2862.008446150464,2829.6432456285684,2838.890445777681,319500
2023-05-25,2820.39599609375,2848.137596055328,2811.1487961065573,2811.1487961065573,294400
2023-05-26,2792.654052734375,2838.890046984944,2788.030453309318,2838.890046984944,399300
2023-05-29,2820.39599609375,2866.631996029713,2811.1487961065573,2834.266796074539,439500
2023-05-30,2797.27783203125,2820.3958306430786,2774.159833419422,2811.148631198347,269800
2023-05-31,2712.20361328125,2783.407049429445,2697.4080940816248,2765.83737037989,946400
2023-06-01,2681.68798828125,2715.902628131735,2674.2902283135777,2690.0104682448814,428500
2023-06-02,2763.0634765625,2763.0634765625,2690.935313519704,2709.429714299908,506600
2023-06-05,2825.01953125,2825.01953125,2784.33185224018,2809.2992916325697,404700
2023-06-06,2819.47119140625,2835.191430912287,2763.0632731787064,2799.1273520454965,383100
2023-06-07,2816.697021484375,2902.6959784765113,2816.697021484375,2862.0082998995863,668500
2023-06-08,2783.406982421875,2837.9654581570544,2764.912583867577,2825.019379169046,482700
2023-06-09,2848.137451171875,2848.137451171875,2787.105934361049,2815.772252863104,536200
2023-06-12,2873.104736328125,2928.5879304638465,2850.911458673836,2874.029456230387,549500
2023-06-13,2885.126220703125,2911.9430990365836,2861.0835021972657,2886.975660588191,376100
2023-06-14,2931.3623046875,2940.60950438683,2896.2229458300476,2926.7387048378355,511100
2023-06-15,2962.802734375,2972.974653875039,2882.352098329237,2937.8352956021768,599800
2023-06-16,2952.630859375,2965.5769389338006,2907.3195809191984,2959.1038991544006,738600
2023-06-19,2952.630859375,2987.7702181774584,2930.437580131342,2986.845498208973,520400
2023-06-20,2880.5029296875,2935.9861321854937,2859.234368729936,2935.0614121438603,594000
2023-06-21,2917.491455078125,2925.813934664719,2825.0194596715282,2834.266659212188,444000
2023-06-22,2920.265380859375,2944.308097737888,2918.4159410994894,2926.738420018975,251000
2023-06-23,2875.879150390625,2956.3297890028384,2854.610590757511,2926.738749513289,352700
2023-06-26,2881.427490234375,2909.1690899477994,2838.8903706737906,2866.631970387215,270400
2023-06-27,2893.448486328125,2894.373206202311,2860.1585708574275,2894.373206202311,219800
2023-06-28,2990.54443359375,2991.4691535794004,2904.5454749282526,2931.3623545121172,483000
2023-06-29,2969.984619140625,3022.3191498743804,2957.8355316488605,3016.7118787243353,364600
2023-06-30,2943.817138671875,2992.413485088046,2933.5371423146084,2966.2462216331846,456400
2023-07-03,2960.638916015625,2997.086175398393,2952.228010004217,2972.7880024765477,475000
2023-07-04,2955.96630859375,2989.6099339840043,2943.8172216472694,2984.937208235358,324500
2023-07-05,2962.508056640625,2965.3116920254583,2913.9117099701793,2928.864432022624,303900
2023-07-06,2902.697021484375,2946.6206402898374,2889.613390350833,2935.4060993182297,365400
2023-07-07,2873.726318359375,2905.50085326156,2838.2136028804625,2878.3990440802845,518100
2023-07-10,2853.166015625,2897.0896326359316,2837.2787498976413,2896.155087593146,589000
2023-07-11,2816.71923828125,2890.548309224919,2807.373786263064,2884.9410380140075,487200
2023-07-12,2777.935546875,2833.5409850714886,2746.628283352607,2833.5409850714886,552200
2023-07-13,2802.233642578125,2813.915456996076,2764.8518364406814,2773.262742821606,579500
2023-07-14,2801.766357421875,2829.8027118990785,2748.4972839151883,2803.6354477203554,820400
2023-07-18,2840.082763671875,2845.690034676163,2777.935510041016,2792.420960135427,355800
2023-07-19,2894.286376953125,2907.370009267411,2855.970025175573,2878.3991091429207,566600
2023-07-20,2862.51171875,2897.08988838557,2843.8208162442866,2894.2862530097127,454800
2023-07-21,2868.118896484375,2879.3334376240987,2828.8680024953414,2840.082543635065,337800
2023-07-24,2900.827880859375,2929.7987778653805,2869.98789372395,2883.071524629888,602800
2023-07-25,2942.8828125,2942.8828125,2899.893733625754,2914.8464567124483,593900
2023-07-26,2877.46435546875,2926.0607005432466,2858.7734535170207,2916.7152495673818,439700
2023-07-27,2885.87548828125,2893.3518496498546,2848.4936814382286,2865.3154945175884,464500
2023-07-28,2898.958984375,2911.1080710277643,2818.5881034413283,2842.8862767468568,1782100
2023-07-31,2974.656982421875,3021.384236308489,2942.882449778977,2964.3769865668196,718800
2023-08-01,3018.580810546875,3018.580810546875,2959.7044665640724,2973.722643702835,315500
2023-08-02,2953.16259765625,3030.7298431010186,2945.686236649525,2997.0862185707574,322800
2023-08-03,2869.988037109375,2946.620736244174,2862.511676218175,2920.4534731249746,490700
2023-08-04,2833.540771484375,2876.5298465134915,2812.980779079145,2837.2789519216894,426100
2023-08-07,2859.7080078125,2901.7625373391543,2800.8316664751837,2822.326203788807,429900
2023-08-08,2917.650146484375,2931.668324638528,2893.3519710171763,2897.0901518582837,455900
2023-08-09,2870.9228515625,2933.5373799006143,2864.3810351689654,2915.781021118164,463100
2023-08-10,2738.217041015625,2988.675118487361,2728.8715903636944,2863.446079751493,2313400
2023-08-14,2759.244384765625,2793.355280631483,2683.0789597500793,2762.0480200422708,1616300
2023-08-15,2758.777099609375,2789.617087511512,2743.3571056583064,2777.000728824274,611600
2023-08-16,2719.526123046875,2744.2915671227315,2715.78794280901,2728.4043011118047,665700
2023-08-17,2758.777099609375,2779.8043640881046,2687.284400381693,2713.4516628441124,658400
2023-08-18,2698.498779296875,2742.422395791058,2688.2187839471726,2731.67512792546,517400
2023-08-21,2655.509765625,2706.4424709660393,2655.509765625,2706.4424709660393,586500
2023-08-22,2673.266357421875,2680.275445931109,2633.548189202882,2666.724541479923,960500
2023-08-23,2731.208251953125,2741.488248795378,2663.453727311003,2672.7991789857783,630700
2023-08-24,2719.526123046875,2735.413389057802,2693.358861381819,2734.0115714686026,516600
2023-08-25,2705.975341796875,2721.395335973925,2682.14444170507,2685.415349560808,602200
2023-08-28,2770.458984375,2775.1317099347484,2719.0590032177643,2727.002636669337,449000
2023-08-29,2769.99169921875,2800.364415218956,2762.515338357161,2787.748056265024,544200
2023-08-30,2772.795166015625,2815.7842383569523,2761.580625404844,2807.3733328988665,706500
2023-08-31,2770.458984375,2780.738980606447,2714.8535502139903,2760.178988143553,951800
2023-09-01,2757.375244140625,2782.1406886312966,2743.3570680138296,2762.5152420537834,454000
2023-09-04,2826.064697265625,2826.064697265625,2760.646532977069,2761.1138055791303,550300
2023-09-05,2807.37353515625,2823.260802166122,2782.1408169641,2823.260802166122,368100
2023-09-06,2777.000732421875,2808.307992908543,2771.860734431527,2802.23344982904,1048300
2023-09-07,2743.82421875,2791.018742948527,2743.356946233183,2769.9914796917574,757200
2023-09-08,2718.12451171875,2751.768136412535,2665.3227118521145,2718.5917842839413,1391200
2023-09-11,2694.29345703125,2737.749803112399,2684.0134611840963,2732.1425326503154,487300
2023-09-12,2726.53564453125,2729.8065527594795,2694.2938348529888,2694.2938348529888,453500
2023-09-13,2869.0537109375,2883.071888678237,2764.3846504733306,2773.2628297091305,972600
2023-09-14,2901.762451171875,2913.9115371188104,2865.3151933310687,2886.809730006416,739500
2023-09-15,2937.275146484375,2962.507863301136,2918.5842451386266,2955.031502762836,929900
2023-09-19,3086.802490234375,3093.344305987218,2945.6861789944746,2948.4898143171217,1074300
2023-09-20,3011.1044921875,3095.213556215084,3003.6281309406036,3086.8026498123254,900800
2023-09-21,3014.8427734375,3064.373668351383,2988.675508199977,3018.5809541857175,617200
2023-09-22,2972.787841796875,3000.8241936528657,2947.5551251264833,2971.8532967350084,528400
2023-09-25,2950.35888671875,2991.4788712026348,2946.620706311124,2991.4788712026348,499000
2023-09-26,2923.257080078125,2960.638884171196,2913.9116290548577,2953.1625233525815,524000
2023-09-27,2913.911865234375,2934.4718591520004,2856.904609371868,2913.911865234375,974100
2023-09-28,2869.988037109375,2941.9480106871742,2866.249856663775,2897.0898453399745,841900
2023-09-29,2908.30419921875,2937.2750958047977,2880.2678476838646,2906.4351091164244,1243400
2023-10-02,2877.46435546875,2995.2170377646457,2877.46435546875,2953.1625083732542,754900
2023-10-03,2790.08447265625,2871.8571711514505,2784.944474465123,2866.249900397494,682900
2023-10-04,2657.846435546875,2743.824590283272,2652.706437165895,2743.3573177031826,1008200
2023-10-05,2707.844482421875,2723.2644768860546,2670.462677660227,2691.0226702791333,905900
2023-10-06,2746.1611328125,2787.74839516069,2727.937500997001,2741.021134095308,753500
2023-10-10,2804.569580078125,2823.2604803119016,2777.0005022333053,2792.887767432015,631000
2023-10-11,2777.000732421875,2795.6916342049603,2761.58073845083,2791.486181303766,928100
2023-10-12,2812.98095703125,2823.260953884188,2790.5518729884757,2823.260953884188,741200
2023-10-13,2721.395263671875,2791.486144432655,2721.395263671875,2782.140693664551,746100
2023-10-16,2668.126220703125,2710.648022118884,2661.11713255767,2679.3407617358525,555300
2023-10-17,2695.695556640625,2712.9846423739764,2666.2573836351894,2704.5737358009947,473500
2023-10-18,2684.013427734375,2705.0406917051355,2667.6588890904504,2695.695241051464,417500
2023-10-19,2614.857177734375,2663.4535227101387,2614.857177734375,2624.2026286912524,415400
2023-10-20,2662.986083984375,2680.2751671757105,2570.466125284795,2579.344303139805,834000
2023-10-23,2616.726318359375,2661.1172112601143,2616.726318359375,2652.706305236816,450100
2023-10-24,2625.137451171875,2641.95926467173,2524.6738427699606,2634.0156305190208,702700
2023-10-25,2614.39013671875,2652.7064890352717,2604.110139755781,2649.4355809106905,610600
2023-10-26,2587.755615234375,2607.848336696108,2574.671982654642,2586.353797457975,672100
2023-10-27,2615.324462890625,2627.0062766430397,2588.2226549850225,2588.6899275351193,638100
2023-10-30,2542.43017578125,2583.550163921068,2517.1974557863614,2583.550163921068,562700
2023-10-31,2576.07373046875,2581.681001422065,2512.0573870850717,2551.7755563377186,660300
2023-11-01,2625.6044921875,2636.8190335316003,2599.90450160727,2617.1935861794245,630600
2023-11-02,2651.304443359375,2691.9571551274867,2651.304443359375,2686.8171570878403,622000
2023-11-06,2709.24609375,2726.535177135435,2687.7515576491896,2721.3951793721976,578500
2023-11-07,2689.153564453125,2722.329915986778,2683.546293771381,2719.059008089094,501900
2023-11-08,2691.957275390625,2742.422712943513,2670.9300097435885,2707.844542768386,741300
2023-11-09,2757.842529296875,2765.786162471739,2684.0134680246106,2684.9480131040063,474600
2023-11-10,2900.827880859375,2923.2569624124117,2693.358876493788,2717.6570481762446,2313000
2023-11-13,2941.947998046875,2969.9843512684147,2893.3516524628735,2948.489813798568,1233900
2023-11-14,2991.47900390625,3004.562635913338,2933.5372050177193,2942.8826564513533,1011200
2023-11-15,2991.47900390625,3018.580813063789,2969.9844656088917,3008.3008164867915,817900
2023-11-16,2962.508056640625,2998.0207715151814,2954.097150486125,2981.198959206181,656300
2023-11-17,2991.47900390625,2994.2826393363403,2925.1262987274486,2925.1262987274486,459400
2023-11-20,2909.239013671875,2985.8717149635854,2905.50083312106,2961.5735413832867,586400
2023-11-21,2882.13720703125,2897.089929246717,2832.6063146925158,2869.0535750927165,462600
2023-11-22,2926.995361328125,2941.9480834805036,2873.7262886602757,2873.7262886602757,671400
2023-11-24,3030.729736328125,3030.729736328125,2973.72248566022,2979.329756217719,917600
2023-11-27,3030.729736328125,3051.2897283722873,3016.711559934378,3037.27155197854,1142200
2023-11-28,3154.08984375,3170.91165625,3063.4389652777777,3069.98078125,1497800
2023-11-29,3075.587890625,3147.5478625417804,3056.8969888284337,3121.3806000265877,967700
2023-11-30,3073.71875,3080.260565521435,3017.6460455305564,3028.860586424445,542800
2023-12-01,3098.951416015625,3125.118677670763,3074.6532444787113,3074.6532444787113,461000
2023-12-04,3071.849853515625,3098.9516623844884,3039.1407738463076,3098.9516623844884,478100
2023-12-05,3096.147705078125,3121.3804210567273,3070.9149890995227,3081.1949844982123,523600
2023-12-06,3192.406005859375,3205.4896370309298,3123.249669666871,3129.7914852526483,610500
2023-12-07,3117.642333984375,3192.405939115895,3117.642333984375,3192.405939115895,445100
2023-12-08,2990.54443359375,3064.373499298096,2970.918985748291,3062.5044090270994,1066600
2023-12-11,3046.6171875,3058.7662744440186,3026.057194210123,3047.55173264954,483700
2023-12-12,3027.92626953125,3074.6535267771023,3017.6462729371624,3072.7844364872685,512200
2023-12-13,3011.1044921875,3039.1408468633613,3001.7590406288796,3027.926304993017,456300
2023-12-14,2952.22802734375,2990.5443771763216,2925.1262189255895,2978.3952906440427,488100
2023-12-15,2942.8828125,2998.020978882185,2939.144631728326,2941.9482673070816,635800
2023-12-18,2929.798828125,2941.0133690938997,2888.6788445723682,2913.911561752392,453700
2023-12-19,2943.817138671875,2951.2934996589784,2895.2207922557045,2909.2389691065227,388300
2023-12-20,3008.30078125,3013.9080520445013,2969.04988568849,2974.6571564829915,399900
2023-12-21,2969.984619140625,2994.2827941241544,2965.311893182254,2991.4791585491316,390200
2023-12-22,3007.3662109375,3011.104391435869,2955.0316839603406,2958.769864458709,254300
2023-12-25,3007.3662109375,3037.2716549244487,2999.889849940763,3037.2716549244487,231600
2023-12-26,3005.4970703125,3041.9443295606925,2993.347983896436,3026.0570627089164,308300
2023-12-27,3012.9736328125,3036.3372620991977,3006.431816612225,3017.6463586698396,374300
2023-12-28,3040.502197265625,3043.3499982621274,2993.988114322754,2996.8359153192564,434700
2023-12-29,3068.980224609375,3070.878758617794,3035.755879462042,3037.654413470461,393500
2024-01-04,3124.987060546875,3124.987060546875,3022.4662213794804,3055.6905674059512,435600
2024-01-05,3126.885498046875,3160.109843047373,3121.1898960467893,3151.5664400472447,505500
2024-01-09,3137.327392578125,3162.957601231562,3116.44351886051,3132.581057642303,546500
2024-01-10,3168.6533203125,3187.638660757752,3117.3929011103205,3119.2914351548457,425400
2024-01-11,3229.406494140625,3286.3625169649745,3227.50796004648,3235.1020964230597,715300
2024-01-12,3212.319580078125,3317.6882187863616,3169.602564385597,3317.6882187863616,823700
2024-01-15,3242.6962890625,3244.5948231895854,3199.030004139527,3199.030004139527,63400
2024-01-16,3198.08056640625,3234.152712895843,3173.399624071266,3222.7615087412346,613800
2024-01-17,3182.892333984375,3263.580031088065,3182.892333984375,3259.7829629890675,730400
2024-01-18,3219.913818359375,3262.6308354071853,3198.0806763127166,3243.6454944970474,703900
2024-01-19,3223.710693359375,3254.0872369952704,3189.537081768993,3249.3409020521617,689300
2024-01-22,3262.630615234375,3274.0218190117425,3230.3555378651668,3255.985746364244,711000
2024-01-23,3259.78271484375,3296.8041259907814,3229.4061723641344,3270.224651321118,548100
2024-01-24,3274.021728515625,3282.5651311125052,3224.65984684476,3236.0510503072674,416500
2024-01-25,3269.275634765625,3284.4639071687175,3239.8483569846335,3251.2395612869527,521400
2024-01-26,3283.5146484375,3295.8551197961838,3246.4932343614482,3251.2395694994034,505200
2024-01-29,3299.652099609375,3328.1301096750485,3274.021890550269,3307.246235626888,905400
2024-01-30,3301.55029296875,3328.1297662876473,3274.9708196498527,3302.499559872996,560000
2024-01-31,3340.470947265625,3343.318748584692,3266.4281129698825,3274.0222498207277,725000
2024-02-01,3323.3837890625,3351.8617992515533,3305.3477159427666,3311.9925849868787,445900
2024-02-02,3327.180908203125,3339.521379474634,3303.4492326809914,3330.028709265781,317700
2024-02-05,3327.180908203125,3367.0501230803093,3314.8404369316154,3349.963316704373,778900
2024-02-06,3337.623046875,3347.1157176567835,3299.652363747867,3308.195767451472,466400
2024-02-07,3365.151611328125,3388.883287007449,3339.5214015944553,3339.5214015944553,373900
2024-02-08,3379.390625,3423.0569083567416,3358.5067503511236,3392.6803634129215,511500
2024-02-09,3386.035400390625,3408.817808467265,3353.760322282051,3373.6949293491116,556000
2024-02-13,3450.585693359375,3452.484227441003,3382.238466420757,3407.868676522739,526800
2024-02-14,3402.1728515625,3430.6508609226776,3378.441177095686,3423.056725093297,695900
2024-02-15,3461.027587890625,3504.693871226601,3409.767168322305,3483.809996587656,594400
2024-02-16,3659.424072265625,3797.067779263943,3498.9979585917235,3521.780365267307,2877900
2024-02-19,3846.429931640625,3873.0094079698297,3713.5325499946016,3760.0466335707097,3293900
2024-02-20,3798.966552734375,3832.1908978982187,3717.329590331787,3796.118751720331,1186900
2024-02-21,3875.857421875,3885.3500925139297,3804.6623920830275,3806.5609262108132,945600
2024-02-22,3873.00927734375,3873.00927734375,3820.7995934579885,3854.0239377489274,1113600
2024-02-26,3832.19091796875,3919.523482856817,3817.9519128239567,3875.8572004127836,642600
2024-02-27,3811.30712890625,3844.531474986379,3788.52472016559,3821.7490662457194,488400
2024-02-28,3787.575439453125,3837.8865919070136,3749.60475835585,3826.495387577831,549100
2024-02-29,3777.133544921875,3829.3432320218258,3732.517994127372,3805.611556067303,605400
2024-03-01,3748.6552734375,3778.0825495774247,3733.46700188141,3750.5538073820117,412700
2024-03-04,3706.8876953125,3767.6407843009765,3696.445758142606,3742.010574883963,458400
2024-03-05,3701.192138671875,3738.2135527288647,3614.808839205565,3668.9170597503967,1036600
2024-03-06,3786.626220703125,3799.915959256608,3693.598050828744,3713.532658658968,565900
2024-03-07,3729.669921875,3854.0238948364727,3718.2787182449415,3853.074627867301,551600
2024-03-08,3664.1708984375,3733.467394703287,3657.5260289325615,3733.467394703287,701600
2024-03-11,3629.9970703125,3648.0331436221068,3582.533719497744,3607.2146619214172,756900
2024-03-12,3643.286865234375,3672.7141431974455,3606.26545102277,3626.2000586751724,629100
2024-03-13,3654.67822265625,3724.923985896916,3650.8811543729707,3688.851837205763,854200
2024-03-14,3723.974365234375,3745.8075057901715,3667.967613373853,3681.2573511034684,618700
2024-03-15,3750.553955078125,3779.0319653672527,3721.1266777793594,3742.9598190010242,932700
2024-03-18,3848.32861328125,3874.9080906300105,3788.524789246539,3816.0535336434696,754300
2024-03-19,3909.081787109375,3913.8281224506927,3835.98822285308,3891.9949798806306,489300
2024-03-21,3900.5380859375,3946.1029017381816,3833.1401292323253,3939.458032767249,669800
2024-03-22,3965.088134765625,3982.1749402302603,3891.994578055797,3891.994578055797,492500
2024-03-25,3910.97998046875,3964.1389316595873,3909.081446497649,3964.1389316595873,355100
2024-03-26,3886.299072265625,3947.052159863329,3886.299072265625,3939.458023913616,490200
2024-03-27,3892.944091796875,3954.6464487748794,3872.0602171273968,3886.2992225838593,722400
2024-03-28,3859.7197265625,3904.3352767711663,3843.582187125323,3873.0094649225284,438700
2024-03-29,3829.34326171875,3873.0095458137084,3800.8652503524727,3859.719807176112,240300
2024-04-01,3667.0185546875,3835.038819812969,3619.5552029571413,3831.2417516745404,890800
2024-04-02,3589.1787109375,3688.8517510455235,3586.3309097915567,3666.0693418779756,822500
2024-04-03,3638.540283203125,3666.0690252362297,3593.924735770162,3624.301278703243,654700
2024-04-04,3737.264404296875,3769.539484242543,3673.663511462765,3684.105449092246,911600
2024-04-05,3727.771728515625,3742.9600014100097,3632.8450229257182,3650.8810969878004,605100
2024-04-08,3760.995849609375,3821.748937538451,3740.111975633755,3744.858310628214,521400
2024-04-09,3750.553955078125,3803.71290761783,3709.7354736637085,3784.727567425078,432600
2024-04-10,3798.966552734375,3834.0894319075815,3716.380323327106,3757.1988045283997,511100
2024-04-11,3812.25634765625,3838.8358241837336,3751.503258450573,3759.0973946012823,439200
2024-04-12,3823.647705078125,3850.227182670525,3797.068227485725,3847.379381499911,466700
2024-04-15,3842.6328125,3848.328414494812,3745.8075785881915,3765.7421855700345,321100
2024-04-16,3822.6982421875,3930.914681127002,3799.91583398971,3872.0601266160447,705100
2024-04-17,3735.365478515625,3835.038509073221,3712.5830715310317,3823.6473055809242,509000
2024-04-18,3778.08251953125,3812.256130260678,3710.6845650370997,3730.6191712959326,368600
2024-04-19,3736.31494140625,3811.3070349964673,3676.511119935571,3800.865097914285,501400
2024-04-22,3876.806396484375,3888.197600391773,3779.981163271494,3820.7996439396693,598500
2024-04-23,3799.915771484375,3894.842470747037,3794.220169528615,3875.8571308945047,445900
2024-04-24,3810.35791015625,3818.9013135422506,3761.9452909689135,3783.778432955359,520400
2024-04-25,3727.771728515625,3814.1550306024396,3723.9746602920286,3810.3579623788432,372800
2024-04-26,3756.24951171875,3802.7635946285855,3664.1706128972387,3686.003753854917,402600
2024-04-30,3927.11767578125,3927.11767578125,3732.5179359854665,3787.575423342322,567800
2024-05-01,3865.41552734375,3926.1686201114317,3840.734583406879,3889.1472042061255,347500
2024-05-02,3852.12548828125,3852.12548828125,3794.2202012469584,3819.8504102621364,368500
2024-05-07,3784.7275390625,3854.9732972492634,3755.3002619842614,3805.6114131180243,569600
2024-05-08,3762.894287109375,3811.3069028113373,3734.4162778729265,3811.3069028113373,335000
2024-05-09,3842.6328125,3854.97328348876,3772.387054563982,3795.169462543231,422100
2024-05-10,3879.654296875,3960.3419932866404,3837.8865481442685,3918.574244555909,570400
2024-05-13,3859.7197265625,3879.654334102542,3791.372500710926,3879.654334102542,444000
2024-05-14,3753.402099609375,3918.5745744025035,3709.735813169812,3899.589232472259,1642700
2024-05-15,3938.509033203125,4077.1020240075736,3779.032167071979,3792.321905916241,1208000
2024-05-16,3925.218994140625,3967.936008587137,3851.176169100004,3948.9506688331317,610000
2024-05-17,3914.777099609375,3914.777099609375,3815.104064823006,3874.907885694827,425300
2024-05-20,3965.088134765625,4022.993419951333,3908.1321165501745,3915.7262523122345,457100
2024-05-21,3937.559326171875,3984.0734069294504,3913.8276523159693,3969.8344026159066,352100
2024-05-22,3856.8720703125,3924.2700316691794,3852.1257350056917,3909.0817586873923,384300
2024-05-23,3836.937255859375,3856.871863076853,3803.7129104969113,3839.7850568904432,350400
2024-05-24,3803.712890625,3866.3645129811894,3778.0826814792863,3797.0680215872226,334800
2024-05-27,3811.30712890625,3819.8505321839975,3762.8945103323476,3798.0173904741987,399000
2024-05-28,3788.524658203125,3805.61146447916,3778.082721034437,3796.1187943258074,310600
2024-05-29,3723.025390625,3781.8799480494645,3715.4312541831337,3768.5902092761985,566100
2024-05-30,3669.866455078125,3674.6127903795714,3600.569959677012,3673.663523319282,670000
2024-05-31,3740.112060546875,3744.858395649092,3664.1706989114055,3704.039913770027,482300
2024-06-03,3702.14111328125,3782.8288042117388,3688.851375951522,3756.2493295522836,571100
2024-06-04,3645.185302734375,3664.170642852783,3611.0116905212403,3654.677972793579,719800
2024-06-05,3552.156982421875,3615.7578690659866,3517.9833716877256,3615.7578690659866,673600
2024-06-06,3517.0341796875,3574.9394657768216,3509.440043806933,3561.64972798583,658100
2024-06-07,3503.744384765625,3517.983389309511,3478.1141765866296,3487.6068462825538,612800
2024-06-10,3577.787353515625,3578.7366205237213,3477.1650506573983,3502.795259876003,618100
2024-06-11,3567.34521484375,3610.062227794247,3544.562807936818,3579.685685251671,564000
2024-06-12,3555.9541015625,3598.671115596219,3518.9326893999432,3536.9687619919578,450200
2024-06-13,3463.875244140625,3548.360006192835,3461.9767101619236,3548.360006192835,440500
2024-06-14,3497.099609375,3518.9327502587203,3427.803118744062,3445.839191648005,808800
2024-06-17,3364.202392578125,3460.0783636984384,3338.572182476655,3459.129096657643,640200
2024-06-18,3411.66552734375,3422.1074641274954,3372.74558114979,3415.462595265112,398800
2024-06-19,3402.1728515625,3457.2303363255096,3402.1728515625,3418.310390199934,399000
2024-06-20,3413.564208984375,3422.1076121770498,3338.5721142931166,3350.9125855714246,388500
2024-06-21,3405.969970703125,3450.5855193717557,3398.3758347595285,3417.36117461852,401600
2024-06-24,3419.259521484375,3430.650724776383,3370.8469074933414,3420.2087884253756,516500
2024-06-25,3442.991455078125,3470.5201984465466,3402.1729735318445,3417.3612457351114,419900
2024-06-26,3416.412109375,3444.8901208452,3404.071637737913,3437.2959844531465,539400
2024-06-27,3388.52685546875,3423.142907340735,3367.3726015469815,3410.642666386963,510000
2024-06-28,3420.25830078125,3455.83591031988,3376.98823512616,3404.8733885483293,694800
2024-07-01,3451.028076171875,3476.990115195737,3428.912265151548,3465.4514311851317,477100
2024-07-02,3430.835205078125,3447.1816732637553,3399.103825658961,3421.2196355571664,511400
2024-07-03,3334.679443359375,3393.334416267369,3311.6020769693446,3385.641960804025,1050500
2024-07-04,3378.9111328125,3385.6420314834413,3322.1792725859955,3325.0639434449704,637500
2024-07-05,3316.409912109375,3394.296024861146,3315.4483551618223,3394.296024861146,490400
2024-07-08,3335.64111328125,3335.64111328125,3259.678113007621,3302.948176454625,769100
2024-07-09,3302.948486328125,3329.872083887714,3238.5241635962516,3307.756271606623,1026300
2024-07-10,3190.446044921875,3326.0255784764213,3069.2898660007913,3314.4868947696514,2576100
2024-07-11,3255.83203125,3255.83203125,3176.9843565416422,3221.215978939014,1492600
2024-07-12,3248.139404296875,3286.601682618922,3210.638682932879,3228.9082651358513,985700
2024-07-16,3185.638427734375,3282.755687378556,3178.907528551115,3260.639875776416,860100
2024-07-17,3226.985107421875,3287.56319495691,3221.2157657518715,3248.1393602118874,690600
2024-07-18,3188.52294921875,3241.4085831774446,3185.6382782755486,3226.985228461437,520200
2024-07-19,3205.830810546875,3252.9471002039827,3190.445899638432,3197.1767981608755,534500
2024-07-22,3153.906982421875,3197.177047729492,3141.4067413330076,3192.3692626953125,409500
2024-07-23,3402.9501953125,3417.373550195147,3270.255330392148,3277.94778632956,1879200
2024-07-24,3322.179443359375,3409.6811305795495,3312.56387333518,3361.6032804585743,991500
2024-07-25,3202.946533203125,3303.910023442191,3188.5231774546874,3303.910023442191,1021200
2024-07-26,3212.56201171875,3284.678788396064,3196.215542338559,3226.023810031849,654700
2024-07-29,3260.6396484375,3307.7559394352697,3233.7160535816315,3264.4858762740528,440800
2024-07-30,3281.794189453125,3335.641383888922,3272.1786190181615,3291.409759888089,546000
2024-07-31,3324.1025390625,3335.641223028005,3257.7551062608477,3260.6397772522237,569900
2024-08-01,3360.641845703125,3396.2194560868206,3275.0632693747766,3367.3727449649055,1390300
2024-08-02,3102.944580078125,3248.1396936795495,3098.136794859535,3209.677411930828,849200
2024-08-05,2587.069091796875,2970.2495538229127,2433.219972790185,2968.3264398353294,1508500
2024-08-06,2914.479248046875,2967.3648827029547,2682.7440125538706,2683.224791050744,1108500
2024-08-07,2892.36328125,3033.7121517100236,2788.515131524269,2790.919023879031,1324500
2024-08-08,2883.228515625,2952.9413945253878,2855.82414254002,2858.2280349158955,631800
2024-08-09,2966.4033203125,3038.5200947123176,2711.590717433144,2913.5176857526335,2045900
2024-08-13,3051.020263671875,3159.6762012057297,3016.4042127761336,3125.0601503099883,1191500
2024-08-14,3107.752197265625,3127.9448940919174,3048.1356637784747,3052.943448737116,848200
2024-08-15,3193.330810546875,3226.0237486855663,3099.098224147118,3108.713794187909,878200
2024-08-16,3243.331787109375,3291.4096374964097,3211.600405853932,3260.6398132487075,668200
2024-08-19,3158.714599609375,3250.0625104047754,3139.4834604945536,3232.754485201436,519300
2024-08-20,3168.330322265625,3204.8694883494168,3164.484094256805,3201.0232603405966,470500
2024-08-21,3156.79150390625,3168.3301874416975,3127.9447950676304,3145.252820370802,343100
2024-08-22,3130.829345703125,3156.791382660737,3111.598207216005,3153.9067118876687,337700
2024-08-23,3143.329833984375,3166.407201991602,3118.3293519765457,3142.368276984074,289000
2024-08-26,3074.097900390625,3102.94461199892,3020.2507053884747,3089.4828132483826,472800
2024-08-27,3121.2138671875,3130.829436710567,3071.212905667552,3103.9058420459796,343100
2024-08-28,3194.29248046875,3208.7158360398007,3151.983970793667,3188.5231382403294,559900
2024-08-29,3188.52294921875,3212.5618737454297,3158.714682805668,3212.5618737454297,318500
2024-08-30,3197.177001953125,3222.1774837729085,3171.2149631402726,3188.5229890155074,350500
2024-09-02,3244.293212890625,3254.8703395479447,3211.6002759498188,3248.139440766014,286700
2024-09-03,3215.446533203125,3285.6401925702985,3203.907849471535,3276.9861797716057,385900
2024-09-04,3078.905517578125,3110.6368986150014,3050.058807544601,3062.5590485591283,711000
2024-09-05,3105.828857421875,3120.252211248912,2982.749571431163,3015.442506772446,513400
2024-09-06,3042.366455078125,3118.3294607516937,3021.2122003335867,3105.8292193117395,735700
2024-09-09,3012.557861328125,3012.557861328125,2918.3252821994442,2951.0182178155173,550500
2024-09-10,2997.173095703125,3035.635374762517,2990.4421968677316,3004.8655515150035,399700
2024-09-11,2924.0947265625,2972.172574746691,2882.266998642254,2964.4801190372204,499700
2024-09-12,2987.5576171875,3021.2121123923803,2964.4802490470106,2974.095819105548,699100
2024-09-13,2929.8642578125,3003.9041488041516,2910.633117295188,2990.4423504420333,794100
2024-09-17,2917.36376953125,2967.364730643849,2870.24747925207,2957.7491611991186,441100
2024-09-18,2956.78759765625,2964.4800531948677,2913.5175352515244,2940.441129636687,452200
2024-09-19,3026.02001953125,3077.944099942654,3010.63510681676,3024.096905441939,712600
2024-09-20,3049.097412109375,3095.2521506086655,3043.3280697969635,3080.828794827637,520200
2024-09-24,3094.29052734375,3135.6374796979394,3082.7518429658367,3090.444299217779,547300
2024-09-25,3108.713623046875,3121.21386341174,3092.367154877436,3097.1749396331534,307900
2024-09-26,3149.09912109375,3162.560918863311,3105.8290568344464,3132.7526523735687,479200
2024-09-27,3220.25439453125,3225.062179533536,3164.484088504731,3215.446609528964,530900
2024-09-30,3088.52099609375,3128.906388944291,3010.634881310564,3018.3273370916195,777500
2024-10-01,3134.67578125,3159.676262940951,3090.444159796779,3114.4830844996163,387900
2024-10-02,3122.175537109375,3142.368233838447,3094.2903844835137,3095.251941470612,404400
2024-10-03,3103.906005859375,3203.9079341770253,3103.906005859375,3189.4845791312105,404800
2024-10-04,3121.2138671875,3121.2138671875,3080.828475190619,3101.0211711890597,407900
2024-10-07,3141.406494140625,3196.2152392174585,3141.406494140625,3182.7534421810433,354200
2024-10-08,3115.444580078125,3143.3297321837626,3095.251883725767,3116.406137047285,308300
2024-10-09,3081.7900390625,3119.2907602866617,3069.2897986544463,3115.444532468799,397900
2024-10-10,3140.445068359375,3166.4071065852486,3101.982789506229,3123.1370428754594,418200
2024-10-11,3057.751220703125,3154.8684764550167,3053.904992752555,3154.8684764550167,580700
2024-10-15,3063.5205078125,3096.2134448073602,3042.3662544628846,3082.7516472212415,538900
2024-10-16,3046.212646484375,3076.9824711963383,3015.4428217724117,3017.3659358169093,336600
2024-10-17,3064.482421875,3108.714047669242,3061.5977506275494,3076.982663947286,372600
2024-10-18,3031.7890625,3076.9822391373295,3016.4041513043135,3062.5588848913735,361500
2024-10-21,3047.174072265625,3063.5205409398177,3021.2120337830843,3038.5200594381117,246100
2024-10-22,3013.51953125,3051.020252921586,2984.672822271857,3038.5200123643904,346800
2024-10-23,2963.5185546875,3048.1355672807836,2955.8260989972014,3008.7117318680034,412200
2024-10-24,2949.095458984375,2951.9801301213015,2879.8633516981427,2934.6721032997434,1282900
2024-10-25,2944.287353515625,2971.2109478652123,2921.2099869302638,2962.556935395702,312700
2024-10-28,2993.326904296875,3009.67337309644,2915.440788251887,2926.017915122194,389600
2024-10-29,3012.557861328125,3013.5194182580094,2981.788039571821,3001.019178169511,310000
2024-10-30,3010.635009765625,3037.5586061480703,2990.4423124787904,2990.4423124787904,558100
2024-10-31,3039.481689453125,3066.405285563434,3004.865637311299,3057.7512725279776,447000
2024-11-01,2982.749755859375,3020.2504781284,2960.6339452904626,2993.3268826532026,675100
2024-11-05,2966.4033203125,3037.55853772032,2966.4033203125,3003.904043000405,436300
2024-11-06,3001.98095703125,3065.4437190953317,2988.519159017657,2994.2885010234827,914600
2024-11-07,3076.982421875,3109.675360107422,3055.828167724609,3057.7512817382812,642100
2024-11-08,3008.7119140625,3124.0987564043025,2989.4807736721996,3124.0987564043025,926500
2024-11-11,3023.13525390625,3037.5586091252685,2966.4033900447776,2980.826745263796,560400
2024-11-12,3071.212890625,3110.6367254764796,3046.212409987477,3057.7510933586414,823900
2024-11-13,3040.443115234375,3114.483001342233,3016.404191173382,3057.75114055829,771200
2024-11-14,2864.47802734375,3216.4078554766174,2864.47802734375,3042.3660552251176,3995300
2024-11-15,2916.40234375,2950.056838320145,2883.7094061675734,2894.286533032476,1758700
2024-11-18,2942.364501953125,2965.4418705958947,2887.5557514265474,2903.9022208818424,909800
2024-11-19,2970.24951171875,3010.6349048855313,2946.2105872147135,2946.2105872147135,826700
2024-11-20,2929.8642578125,2960.6340826401993,2910.633117295188,2934.6720429418283,602600
2024-11-21,2926.9794921875,2967.364885969325,2919.2870362290573,2932.748834156332,447600
2024-11-22,2969.287841796875,2982.7496390070937,2926.017779335457,2950.0567029251333,503800
2024-11-25,2936.594970703125,3008.7117430681333,2934.6718567733915,3008.7117430681333,813700
2024-11-26,2975.057373046875,2977.9420440614645,2924.094851789123,2943.325991886388,955000
2024-11-27,2923.13330078125,3016.4043304443358,2901.979046630859,2963.518695068359,939000
2024-11-28,2947.17236328125,2964.4803902107974,2916.4025376287213,2923.133436990212,381500
2024-11-29,2914.479248046875,2945.249071846776,2905.825235103153,2935.633501909307,429400
2024-12-02,2929.8642578125,2962.5571966919306,2917.3640164762473,2920.248687553844,451100
2024-12-03,2978.903564453125,2987.5575773905293,2940.441284731329,2945.2490696965533,542200
2024-12-04,2937.556640625,2977.942034702332,2930.825741612111,2966.403350680237,379500
2024-12-05,2978.903564453125,3006.7887172514274,2951.9799686478677,2969.287994522676,723300
2024-12-06,2974.095947265625,2999.0964304951453,2938.5183365159232,2978.9037325020713,706100
2024-12-09,3015.442626953125,3038.5199939961335,2996.211487750618,3005.8270573518716,739100
2024-12-10,3021.212158203125,3051.981982857008,3013.5197020396545,3047.1741977548386,459600
2024-12-11,3055.828125,3065.4436949339206,3038.5200991189427,3056.789681993392,591100
2024-12-12,3055.828125,3088.5210627753304,3052.9434540198235,3076.0208218612333,519000
2024-12-13,3057.751220703125,3062.559005641337,3013.5195992715703,3036.59696697499,578200
2024-12-16,3095.251953125,3114.4830929393834,3069.2899143755826,3076.0208133106166,782300
2024-12-17,3061.59765625,3155.8302474285492,3056.7898709857886,3124.098864684752,648500
2024-12-18,3087.5595703125,3120.2525087711188,3049.0972897729484,3051.020403799926,459800
2024-12-19,3078.905517578125,3102.944442606062,3049.097250543484,3051.0203645457186,591800
2024-12-20,3150.060546875,3177.9456982362253,3132.75252189217,3146.2143191010377,1474100
2024-12-23,3145.253173828125,3151.984073313541,3113.5217905397335,3143.3300596894346,522400
2024-12-24,3154.868408203125,3182.7535602414946,3148.1375094352425,3153.9068512362846,424100
2024-12-25,3156.79150390625,3182.7535418610073,3120.2523393773317,3182.7535418610073,482000
2024-12-26,3245.2548828125,3262.5629088541664,3156.791638599537,3156.791638599537,866800
2024-12-27,3314.593505859375,3326.3127521971214,3251.1142548632465,3276.505955261698,920700
2024-12-30,3320.453125,3359.517279411765,3317.5233134191176,3330.219163602941,632200
2025-01-06,3297.0146484375,3336.07880303984,3282.3655904616226,3312.640310278436,559700
2025-01-07,3271.623046875,3284.318897504664,3225.722663829291,3280.412481926306,605200
2025-01-08,3310.687255859375,3325.33631451362,3267.716683806923,3271.6230994480547,676500
2025-01-09,3238.41845703125,3301.897709053877,3229.6290221358095,3300.9211051766056,484000
2025-01-10,3189.58837890625,3245.2548019306396,3189.58837890625,3226.6993275891764,582600
2025-01-14,3190.56494140625,3208.1438116068352,3150.5241815049167,3178.8456946058595,480000
2025-01-15,3172.986083984375,3186.658538639894,3150.524194193165,3171.0328761764436,323900
2025-01-16,3102.670654296875,3159.313681665216,3098.7642386162997,3154.4306620644966,394900
2025-01-17,3088.021484375,3090.9512960300044,3041.144497894924,3063.6063872499603,438200
2025-01-20,3170.05615234375,3177.8689832799023,3097.7874661843425,3110.48331645559,454000
2025-01-21,3180.798828125,3201.3075095467457,3149.547504053769,3201.3075095467457,281600
2025-01-22,3246.231201171875,3250.137616576414,3190.564781657195,3197.401008615138,452700
2025-01-23,3256.97412109375,3265.763556502998,3214.9801519162293,3223.769587325478,353200
2025-01-24,3245.254638671875,3280.412377760707,3235.4886000360884,3271.622942988499,303800
2025-01-27,3280.41259765625,3296.0382605209415,3268.693350507731,3290.178636946682,377400
2025-01-28,3286.272216796875,3312.640522845468,3275.5295735918926,3297.0148600018574,428100
2025-01-29,3352.68115234375,3363.4237951272576,3303.8509578732615,3315.570204546179,517000
2025-01-30,3420.06689453125,3422.996706262716,3364.400471633397,3374.1665107382837,721500
2025-01-31,3425.92626953125,3433.739100248539,3392.7217389827715,3429.8326848898946,409800
2025-02-03,3332.172607421875,3358.5409135181208,3296.038262030723,3357.5643095886303,647800
2025-02-04,3374.16650390625,3404.4412250700975,3353.6578218275145,3389.7921664424293,648400
2025-02-05,3355.611083984375,3465.967327433221,3341.93862904381,3441.552229325069,513300
2025-02-06,3373.189697265625,3387.83875501287,3335.1021471227878,3341.938374071502,376900
2025-02-07,3390.768798828125,3396.6284223284038,3332.1725638253347,3340.9619990757533,400500
2025-02-10,3426.903076171875,3439.5989268387984,3399.558167043117,3418.1136410947743,343300
2025-02-12,3397.60498046875,3431.786117093184,3377.0962984940898,3426.903097575408,459000
2025-02-13,3488.42919921875,3515.7741089550673,3455.2246659675075,3477.686556108054,705500
2025-02-14,3447.411865234375,3495.2654576979685,3411.277519904723,3460.1077162961446,898100
2025-02-17,3502.1015625,3533.3528870956497,3454.2479717129113,3473.7800495851925,895200
2025-02-18,3539.21240234375,3539.21240234375,3473.779943470397,3521.633532795685,684200
2025-02-19,3490.38232421875,3750.158960548405,3423.973259292372,3556.791389145128,4868900
2025-02-20,3273.576416015625,3494.2889070715714,3234.512258306608,3445.4587099353,2987800
2025-02-21,3312.640380859375,3348.7747246364374,3292.131699256177,3304.8275497724426,1410600
2025-02-25,3312.640380859375,3336.0788741201723,3247.2079205063155,3248.184524392182,704000
2025-02-26,3279.43603515625,3330.219440108044,3221.816402614791,3312.640569163192,954600
2025-02-27,3262.833740234375,3311.6639368855926,3255.02090877018,3282.365818894862,797100
2025-02-28,3261.85693359375,3279.4358032957525,3229.629005806746,3262.8335374660837,919500
2025-03-03,3309.710693359375,3340.96201887944,3277.4827639168084,3283.3423874518203,812600
2025-03-04,3215.95654296875,3292.131644806455,3205.2139004018945,3265.7633403241725,720300
2025-03-05,3234.51220703125,3256.974097357856,3207.1672970684253,3209.120504922913,699300
2025-03-06,3275.529296875,3332.172319897883,3233.5353315304487,3234.511935375671,845900
2025-03-07,3352.68115234375,3352.68115234375,3267.7166139651,3275.529445080378,1001100
2025-03-10,3438.622314453125,3475.7332624648316,3391.7453274909694,3392.721931386014,946200
2025-03-11,3379.049560546875,3431.786172185468,3314.593701877484,3422.996736912369,549600
2025-03-12,3455.224609375,3491.358953791867,3341.9385566086066,3344.868368318082,754400
2025-03-13,3431.7861328125,3521.6336923511312,3431.7861328125,3483.5461399380156,1057200
2025-03-14,3352.68115234375,3439.59889850122,3343.8917173390623,3407.3709701506973,1169500
2025-03-17,3393.69873046875,3427.879868761241,3352.681364517761,3352.681364517761,441500
2025-03-18,3466.94384765625,3505.0313997854314,3428.8562955270686,3440.5755423360474,670300
2025-03-19,3529.446533203125,3548.978611416756,3479.639733758366,3479.639733758366,569600
2025-03-21,3511.86767578125,3563.6276832385374,3496.242013152635,3502.1016366383656,561700
2025-03-24,3537.25927734375,3559.721166736049,3486.4758752394223,3511.8675762915864,523100
2025-03-25,3521.6337890625,3552.8851149776415,3478.6632159291808,3545.0722834988565,501700
2025-03-26,3526.5166015625,3536.2826403372505,3474.756596056321,3535.306036459776,423900
2025-03-27,3526.5166015625,3526.5166015625,3455.2245185068195,3476.7098038112713,593000
2025-03-28,3478.6630859375,3513.8208262782496,3446.4351572918126,3493.3121444128124,584800
2025-03-31,3361.470703125,3415.1839188925405,3328.266169741429,3411.2775032003556,711200
2025-04-01,3339.9853515625,3408.347624840095,3338.0321437545686,3371.2366764894005,553800
2025-04-02,3285.29541015625,3333.148999662093,3275.529371481588,3330.2191880596947,606000
2025-04-03,3022.589111328125,3122.202710473672,3005.9868448038674,3085.09176177239,1410800
2025-04-04,2786.7392578125,2875.610213642511,2723.260003648206,2858.031343258553,1390400
2025-04-07,2535.752197265625,2595.8133411638864,2431.743874905221,2493.7582267351336,1475000
2025-04-08,2702.262939453125,2738.885585000466,2652.9444434493726,2656.3625570337913,1046300
2025-04-09,2555.2841796875,2616.3219252370773,2530.3807795032726,2610.4623016643177,815900
2025-04-10,2853.1484375,2885.8646697971935,2797.970314371898,2848.2654177541503,1278700
2025-04-11,2710.56396484375,2734.00245706362,2609.9737690668067,2657.827357349042,1040700
2025-04-14,2724.236572265625,2777.949786631859,2724.236572265625,2734.4909131900877,600900
2025-04-15,2782.832763671875,2819.943711213384,2768.672007373141,2783.3210656132105,533500
2025-04-16,2796.505126953125,2843.382111794665,2763.7888979491336,2831.66286558428,494800
2025-04-17,2817.990478515625,2831.662932752055,2763.7889635069205,2786.739154546642,436300
2025-04-18,2881.4697265625,2881.4697265625,2821.408588388091,2836.0576464794103,334100
2025-04-21,2826.291748046875,2879.0283597934304,2805.7830657009927,2844.847222550293,388200
2025-04-22,2850.706787109375,2855.1015046640146,2814.5724427712294,2822.385273979477,365700
2025-04-23,2952.273681640625,2970.8291563184853,2898.0721635026644,2960.0865130839347,557500
2025-04-24,2988.407958984375,3051.887213015089,2988.407958984375,3007.940037147672,619000
2025-04-25,3039.19140625,3053.8404650847524,3009.8932885804948,3053.8404650847524,619300
2025-04-28,3066.536376953125,3124.1560095137093,3058.7235454194865,3086.0684557872214,669000
2025-04-30,3051.88720703125,3107.5536296875002,3045.0509796875003,3104.6238179687502,416200
2025-05-01,3072.395751953125,3072.395751953125,3030.4017858584066,3039.1912206224174,357100
2025-05-02,3104.623779296875,3134.8985000135167,3088.998116991512,3105.60038319096,429900
2025-05-07,3066.536376953125,3095.8344952042694,3056.770337536077,3075.3258124284685,541200
2025-05-08,3044.074462890625,3053.8405022325906,3016.7295527331216,3038.2148392854456,383100
2025-05-09,3116.343017578125,3132.9452837325684,3093.881128075055,3112.436602012374,562000
2025-05-12,3191.54150390625,3209.120373878806,3168.1030106095086,3173.962633933694,534800
2025-05-13,3239.39501953125,3285.2954011767033,3228.652377018484,3259.9037006919843,779800
2025-05-14,3198.377685546875,3283.342222536975,3168.102965469943,3281.389014790076,447300
2025-05-15,3334.125732421875,3363.423849578482,3078.255509254174,3130.9921201360667,2807300
2025-05-16,3398.58154296875,3443.505321985004,3354.634367844154,3401.5113546437233,1782900
2025-05-19,3351.70458984375,3405.4178044245796,3351.70458984375,3363.423836661386,691300
2025-05-20,3349.75146484375,3416.1605317852586,3329.242782405931,3383.9326022401146,779600
2025-05-21,3401.511474609375,3432.762800244603,3376.119772530752,3390.7688314222655,702000
2025-05-22,3329.24267578125,3361.4706042942394,3318.5000329435866,3335.1022991472482,625000
2025-05-23,3337.055419921875,3363.4237243813104,3329.242588970931,3349.751270217159,391200
2025-05-26,3338.0322265625,3389.792234756711,3332.172602993344,3359.5175129827385,432600
2025-05-27,3400.534912109375,3413.23076330335,3363.423962465447,3376.1198136594226,457000
2025-05-28,3441.552001953125,3498.1950258218203,3436.6689826540996,3459.1308714296165,678500
2025-05-29,3561.674560546875,3571.440599923203,3492.3356809749453,3509.9145518523355,764700
2025-05-30,3556.791259765625,3588.042583300084,3506.007859022129,3514.7972937661957,719300
2025-06-02,3500.1484375,3540.1891980852397,3500.1484375,3520.6571197509766,510300
2025-06-03,3506.984619140625,3525.540093315972,3482.569521541484,3504.054807428728,526600
2025-06-04,3465.96728515625,3535.3061629376234,3457.1778499445268,3530.423143375555,670300
2025-06-05,3408.34765625,3455.2246440723493,3392.72199364255,3414.2072797277933,461600
2025-06-06,3426.903076171875,3449.364965813355,3388.8155241711047,3388.8155241711047,455600
2025-06-09,3397.60498046875,3462.060838103397,3373.1898828798685,3462.060838103397,380000
2025-06-10,3407.37109375,3434.7160036453856,3389.7922231029665,3418.113736923187,348500
2025-06-11,3437.645751953125,3437.645751953125,3406.394426935369,3421.0434855374424,303900
2025-06-12,3438.622314453125,3520.6570416368972,3430.8094832927654,3504.054775421134,563100
2025-06-13,3346.821533203125,3395.651727734831,3309.7105853590288,3395.651727734831,891200
2025-06-16,3339.9853515625,3354.6344101219843,3320.453273483187,3346.8215788902594,412100
2025-06-17,3365.376953125,3365.376953125,3308.733928377104,3308.733928377104,394900
2025-06-18,3394.67529296875,3398.581708725906,3334.1258487328287,3336.079056611407,464300
2025-06-19,3381.002685546875,3398.5815556623697,3361.4706076407692,3398.5815556623697,300900
2025-06-20,3360.493896484375,3398.581447185593,3354.634273299572,3382.9557853594524,442400
2025-06-23,3337.055419921875,3366.3535359879143,3320.4531541511196,3366.3535359879143,278900
2025-06-24,3394.67529296875,3432.7628466010233,3382.9560456972813,3420.0669953902657,433100
2025-06-25,3506.984619140625,3513.8208464683844,3457.177820038377,3463.037443462171,673800
2025-06-26,3576.323486328125,3588.0427331429632,3540.189141982374,3558.744616105868,882600
2025-06-27,3856.373291015625,3882.102237786579,3760.384528062452,3784.1343250817936,2216600
2025-06-30,3930.59130859375,3978.090901446847,3879.133416336229,3891.997889400609,1190600
2025-07-01,3962.2578125,4007.7782568993507,3909.8103439529223,3924.6539671266237,795400
2025-07-02,4063.1943359375,4094.8607311518203,3958.2994017900633,3958.2994017900633,1099500
2025-07-03,4119.60009765625,4127.516696450689,4058.2464569993467,4099.808600670152,992400
2025-07-04,4170.068359375,4180.95368257223,4123.558342077747,4161.162185849994,742500
2025-07-07,4067.152587890625,4165.120496942005,4042.4132169180543,4161.162197586394,757000
2025-07-08,4075.0693359375,4136.422978197851,3992.934621298643,4057.2569881844947,1310400
2025-07-09,4141.37060546875,4145.328904733236,4102.777187640008,4114.652085433468,579300
2025-07-10,4117.62109375,4182.9330361166185,4104.756620253545,4153.245789586337,594400
2025-07-11,4144.33935546875,4186.891072824327,4106.735512224286,4186.891072824327,688700
2025-07-14,4117.62109375,4180.953886347934,4116.631518865657,4144.339615627253,431300
2025-07-15,4088.92333984375,4132.4646338788725,4074.079716877231,4117.621010912353,510900
2025-07-16,4098.81884765625,4136.422690295299,4096.839698043669,4128.506091844973,414300
2025-07-17,4131.47509765625,4131.47509765625,4074.079754982223,4074.079754982223,464200
2025-07-18,4170.068359375,4192.828580605571,4102.7772705194,4151.266437488876,818100
2025-07-22,4256.16162109375,4264.07822024947,4178.974779325484,4178.974779325484,832200
2025-07-23,4418.45166015625,4470.899126670983,4309.598427767182,4374.910367200623,1072200
2025-07-24,4520.3779296875,4566.887947790677,4425.378743774628,4482.774085263654,925500
2025-07-25,4453.0869140625,4506.52395703125,4413.503919270834,4506.52395703125,581100
2025-07-28,4417.4619140625,4504.544496597782,4411.5244652532765,4462.982354933216,599200
2025-07-29,4310.587890625,4413.503671301079,4297.72341804049,4377.878977990129,683500
2025-07-30,4348.19189453125,4361.056367591994,4293.765277735798,4332.358696918028,2086700
2025-07-31,4304.650390625,4331.368910290948,4260.119524515086,4331.368910290948,668300
2025-08-01,4376.8896484375,4397.670720700034,4310.5881321713205,4340.275378260654,455700
2025-08-04,4351.16064453125,4362.045967954003,4282.879979424892,4293.765302847644,291700
2025-08-05,4403.60791015625,4450.11792628599,4359.077043649052,4372.931091006847,532200
2025-08-06,4481.78466796875,4514.440639274329,4432.305923566357,4442.201672446836,454300
2025-08-07,4483.763671875,4532.252839811852,4456.055575911085,4468.920049037189,591900
2025-08-08,4552.04443359375,4595.585728175951,4457.045245414402,4511.471863642154,1122200
2025-08-12,5072.560546875,5144.7995090134855,4471.888628819377,4539.1797168387875,5167500
2025-08-13,5493.1298828125,5612.868437274816,5210.111481356119,5468.390512055824,3568600
2025-08-14,5374.380859375,5499.067286972358,5303.131472176509,5364.485111152987,1630600
2025-08-15,5369.43310546875,5377.349704223588,5294.225417297791,5354.589482803429,1065000
2025-08-18,5358.5478515625,5393.182971563366,5331.829330418976,5383.28722299169,662700
2025-08-19,5486.203125,5486.203125,5339.746043019481,5357.558390827922,645800
2025-08-20,5441.671875,5516.879560488271,5375.370362793235,5485.2131665984725,522700
2025-08-21,5379.3291015625,5451.568068526088,5356.5688790945205,5404.068473810304,423100
2025-08-22,5395.162109375,5432.7659538644075,5278.392276486839,5410.99530705475,533400
2025-08-25,5361.5166015625,5469.380261505341,5361.5166015625,5442.661740235096,477000
2025-08-26,5296.20458984375,5337.766733486022,5208.132428316079,5330.839709545643,670800
2025-08-27,5351.62060546875,5536.671096079448,5351.62060546875,5420.89084259575,950400
2025-08-28,5436.72412109375,5448.599019064833,5351.620685634329,5351.620685634329,590800
2025-08-29,5438.70361328125,5453.547236679943,5364.485496287783,5393.183168191924,445100
2025-09-01,5463.44287109375,5463.44287109375,5372.401982823396,5422.870301321092,423200
2025-09-02,5558.44189453125,5567.348068120494,5431.776314595341,5453.546961146825,478300
2025-09-03,5702.919921875,5815.7314559880915,5610.889459835372,5639.587130793965,1115300
2025-09-04,5633.6494140625,5734.5860450539585,5588.12897263498,5719.742422849333,673500
2025-09-05,5720.732421875,5763.284142016952,5670.264102636871,5722.711571649044,514900
2025-09-08,5793.9609375,5803.85668632579,5685.107700416311,5789.0130630871045,565100
2025-09-09,5742.5029296875,5800.887846601435,5690.055461951253,5796.9295471496425,650300
2025-09-10,5792.97119140625,5808.8043890595645,5727.65925108633,5748.440323006304,492700
2025-09-11,5782.0859375,5799.89828507402,5727.659319912716,5781.096362634777,329700
2025-09-12,5859.2724609375,5954.271642874673,5835.522665453207,5954.271642874673,829300
2025-09-16,5897.8662109375,5928.543031833316,5855.314491630401,5916.668133422032,494300
2025-09-17,5775.15869140625,5867.189150333731,5760.315068998591,5801.877211740035,335700
2025-09-18,5756.35693359375,5785.054604399013,5697.972017127869,5780.106730122244,300300
2025-09-19,5655.42041015625,5790.0025931450955,5625.733163908711,5756.357047397884,869700
2025-09-22,5750.41943359375,5780.106678991756,5673.232595558935,5673.232595558935,462400
2025-09-24,5702.919921875,5750.419515185776,5649.482879400377,5726.669718530387,536800
2025-09-25,5626.72265625,5760.3152624043705,5602.972859600334,5759.325687543967,714600
2025-09-26,5529.744140625,5679.169939700586,5529.744140625,5679.169939700586,866000
2025-09-29,5480.265625,5571.306512955941,5457.505403011015,5551.515015574215,576000
2025-09-30,5427.81787109375,5458.494690419895,5394.172327316687,5418.911697740998,599800
2025-10-01,5406.04736328125,5406.04736328125,5323.9126513734445,5350.631172114538,587700
2025-10-02,5314.01708984375,5440.682674108182,5314.01708984375,5357.558384434648,473600
2025-10-03,5441.671875,5445.630174236225,5285.319055169121,5285.319055169121,523100
2025-10-06,5501.04638671875,5605.941316920618,5443.65104755169,5598.0247184148175,705100
2025-10-07,5582.19189453125,5615.83744042986,5470.369933162338,5508.963353457803,617300
2025-10-08,5515.89013671875,5614.847620334084,5482.244592289536,5614.847620334084,521500
2025-10-09,5507.9736328125,5549.535776646156,5473.338512951121,5515.890231637958,491500
2025-10-10,5371.412109375,5442.661496234801,5345.6831641200715,5417.92212579737,839200
2025-10-14,5135.8935546875,5343.704276553468,5090.3731108501925,5177.455699060693,849500
2025-10-15,5149.74755859375,5199.226301470324,5046.831773410478,5163.601606599191,913700
2025-10-16,5238.80908203125,5260.579728008713,5157.6639470243435,5195.267790076325,600700
2025-10-17,5279.3818359375,5348.65207558429,5184.382650136188,5186.3617998403815,651400
2025-10-20,5410.9951171875,5455.525984099248,5326.881257465309,5378.339148118885,416600
2025-10-21,5462.453125,5511.931867074275,5437.713753962862,5467.400999207427,475400
2025-10-22,5559.431640625,5578.233563225904,5495.109273832436,5515.890346180803,604600
2025-10-23,5527.76513671875,5563.38983147741,5410.00572904429,5464.432346036688,412600
2025-10-24,5516.8798828125,5583.181398892937,5489.171786540079,5579.223099425449,424100
2025-10-27,5658.38916015625,5671.253633587875,5598.025092515549,5627.712338896221,532900
2025-10-28,5483.234375,5662.347427134092,5469.380326768634,5626.722731682007,388700
2025-10-29,5410.005859375,5518.859095982143,5396.151811079546,5502.036323051948,406500
2025-10-30,5459.484375,5476.307147226754,5379.328813213703,5438.703303425775,407700
2025-10-31,5468.390625,5508.963193878935,5414.953583061889,5426.828481270358,357100
2025-11-04,5490.1611328125,5574.274992994379,5462.453037693764,5468.390486647779,385600
2025-11-05,5526.775390625,5619.795424057184,5410.005561422896,5589.118604521038,788700
2025-11-06,5518.85888671875,5614.847646268995,5485.213342134128,5612.868496587547,499600
2025-11-07,5575.2646484375,5580.212522637391,5479.275888959609,5479.275888959609,308100
2025-11-10,5542.60888671875,5620.785302010801,5512.921640405312,5613.858277871,514800
2025-11-11,5538.650390625,5571.306360410711,5499.06739694535,5543.598264834956,413500
2025-11-12,5549.53564453125,5673.232498234247,5476.307107139076,5604.951834990193,765600
2025-11-13,5676.201171875,5759.325456818776,5590.108162468946,5664.326274025889,911800
2025-11-14,5980.0009765625,6054.219092273602,5542.608881305075,5577.244001970255,3844200
2025-11-17,5789.0126953125,5916.667847055289,5627.71199969952,5784.064821213942,964100
2025-11-18,5635.62890625,5816.721108154083,5602.972935414838,5737.555118250659,693700
2025-11-19,5623.75390625,5717.763517563347,5549.535792055252,5611.8790079788405,483300
2025-11-20,5753.38818359375,5819.689698609364,5671.253470962467,5709.84689015066,502100
2025-11-21,5838.49169921875,5838.49169921875,5626.7226782640355,5655.420349327992,642000
2025-11-25,5887.97021484375,5934.480231666886,5841.460198020614,5934.480231666886,424200
2025-11-26,6104.68701171875,6105.676586530181,5971.094412175545,6035.41677491857,697700
2025-11-27,5998.802734375,6183.853231129887,5977.032087697954,6134.374488682056,482300
2025-11-28,6128.43701171875,6149.218083452335,5986.927808961478,6023.542078206367,393200
2025-12-01,6245.20703125,6284.7900262191015,6113.5935729777375,6128.43719609115,700900
2025-12-02,6134.37451171875,6252.133919186814,6134.37451171875,6245.206895218104,621600
2025-12-03,6154.166015625,6310.518842521406,6136.353668257055,6165.051339016522,620100
2025-12-04,6036.40673828125,6068.073134285348,5925.574352266905,6057.187810658939,950500
2025-12-05,5970.10498046875,6062.135440137836,5887.970269151178,6027.500320907535,812500
2025-12-08,6012.65673828125,6055.208456475143,5976.042469137668,6037.3961093242115,456100
2025-12-09,6161.0927734375,6169.998946736719,6021.5627250830685,6040.364646492531,669900
2025-12-10,6330.310546875,6400.570363793576,6202.655386558153,6260.050729956425,1059900
2025-12-11,6273.90478515625,6431.2471922287805,6264.009036283764,6426.299317792537,420800
2025-12-12,6443.1220703125,6589.579153157877,6386.716301919349,6397.601625644343,811800
2025-12-15,6475.77783203125,6545.048071677061,6464.892508658337,6505.465077593741,341700
2025-12-16,6297.654296875,6483.694367241515,6264.998327076622,6471.819469133014,414700
2025-12-17,6222.44677734375,6362.966408765953,6210.5718789137045,6350.101935466737,508100
2025-12-18,6196.7177734375,6263.019289058757,6142.291156136468,6184.842875117274,427700
2025-12-19,6292.70654296875,6304.581441304278,6167.0305355844075,6208.592679758757,537700
2025-12-22,6256.09228515625,6380.778717919567,6222.446739807418,6351.091472023539,586400
2025-12-23,6166.041015625,6222.446783220992,6166.041015625,6187.811662767313,374600
2025-12-24,6106.66650390625,6213.540589536111,6088.854156301273,6202.655265999737,399200
2025-12-25,6117.5517578125,6157.134752039692,6089.843661853466,6117.5517578125,213500
2025-12-26,6075.0,6138.332790356735,6066.093826356084,6117.551718520932,271900
2025-12-29,6029.0,6104.0,5985.0,6085.0,377100
2025-12-30,6017.0,6058.0,5997.0,6029.0,302200
2026-01-05,6030.0,6089.0,6000.0,6063.0,401800
2026-01-06,6182.0,6188.0,6059.0,6059.0,623200
2026-01-07,6139.0,6154.0,5979.0,6026.0,484800
2026-01-08,6109.0,6208.0,6101.0,6131.0,339600
2026-01-09,6304.0,6304.0,6108.0,6147.0,713900
2026-01-13,6396.0,6506.0,6377.0,6454.0,530400
2026-01-14,6526.0,6534.0,6403.0,6448.0,384400
2026-01-15,6570.0,6595.0,6492.0,6499.0,388600
2026-01-16,6722.0,6726.0,6481.0,6495.0,427700
2026-01-19,6451.0,6623.0,6448.0,6578.0,505200
2026-01-20,6416.0,6466.0,6334.0,6351.0,341300
2026-01-21,6287.0,6339.0,6200.0,6216.0,460500
2026-01-22,6271.0,6407.0,6149.0,6356.0,637300
2026-01-23,6395.0,6426.0,6281.0,6314.0,392500
2026-01-26,6160.0,6224.0,6115.0,6195.0,383300
2026-01-27,6185.0,6185.0,6065.0,6150.0,386300
2026-01-28,6024.0,6105.0,6011.0,6047.0,339700
2026-01-29,6086.0,6127.0,5895.0,6010.0,310500
2026-01-30,6090.0,6132.0,6053.0,6069.0,321500
2026-02-02,6063.0,6249.0,6035.0,6190.0,431100
2026-02-03,6254.0,6396.0,6063.0,6074.0,893700
2026-02-04,6332.0,6367.0,6219.0,6288.0,548200
2026-02-05,6452.0,6545.0,6412.0,6482.0,568100
2026-02-06,6550.0,6568.0,6340.0,6370.0,437700
2026-02-09,6651.0,6868.0,6631.0,6750.0,632400
2026-02-10,6875.0,6936.0,6662.0,6710.0,645600
2026-02-12,6877.0,6951.0,6751.0,6874.0,1027200
2026-02-13,6767.0,6855.0,6659.0,6777.0,1012800
2026-02-16,6721.0,6870.0,6720.0,6867.0,717500
2026-02-17,6712.0,6801.0,6641.0,6683.0,798000
2026-02-18,6768.0,6940.0,6744.0,6765.0,724100
2026-02-19,7660.0,7743.0,6800.0,6850.0,6163400
