Price,Close,High,Low,Open,Volume
Ticker,5802.T,5802.T,5802.T,5802.T,5802.T
Date,,,,,
2011-02-21,842.3624267578125,842.3624267578125,835.5801205842391,840.3277349057404,2203100
2011-02-22,829.4762573242188,836.9367960246002,826.0851033695,833.5456420698814,2494900
2011-02-23,819.302734375,826.0850417787666,817.26804215387,819.9809651153766,2720300
2011-02-24,808.4509887695312,815.2332957222958,806.416296683702,811.8421422459136,2659100
2011-02-25,813.8768310546875,825.4067528279622,807.0945241292318,808.4509855143228,2942600
2011-02-28,810.4857177734375,812.5204099519483,786.7476423574791,805.0598719640756,4446400
2011-03-01,816.5894775390625,817.2677080021348,805.0595596668333,807.7724815191225,3186000
2011-03-02,788.1041259765625,799.6340486457549,786.0694337408227,799.6340486457549,4810500
2011-03-03,790.1387939453125,793.5299475673954,782.0000252523135,790.1387939453125,3091200
2011-03-04,853.892333984375,868.1351767275614,835.580107600278,844.3971054889172,22600400
2011-03-07,837.6148071289062,847.1100357117441,828.7978091591283,847.1100357117441,9158300
2011-03-08,838.9713745117188,849.1448349948844,834.2237596195749,841.006066608352,4001300
2011-03-09,862.0311279296875,871.5263567188422,855.2488216517198,868.1352035798584,7806300
2011-03-10,829.4762573242188,850.5014118434754,825.4068725785562,849.1449502615878,6253200
2011-03-11,816.5894775390625,826.0847040220749,813.8765556867733,815.9112470759902,8486100
2011-03-14,767.0789794921875,788.7823635273334,744.019133954845,755.5490567235162,7687300
2011-03-15,668.7354125976562,714.176865583501,613.1204999881148,680.2653335045125,13438900
2011-03-16,724.3504638671875,731.811002352711,693.8300791536824,699.2559253249722,11712000
2011-03-17,715.5333862304688,727.0633080938981,678.9089285466343,683.6565434315759,8312600
2011-03-18,729.7762451171875,746.7320128940738,720.2810151621312,722.3157072953575,5587700
2011-03-22,760.2965087890625,773.1828902939619,754.1924333393733,770.4699678718778,5951100
2011-03-23,748.0885009765625,759.618423475748,742.6626550945929,750.1231931823012,5679800
2011-03-24,742.66259765625,755.5489806292808,741.3061362906678,749.4449044841609,3542600
2011-03-25,748.7667236328125,754.1925694562387,739.949724169745,752.8361080003822,3041500
2011-03-28,747.41015625,750.801309409029,741.9843111955536,747.41015625,3843500
2011-03-29,754.2545776367188,759.0456684202551,725.5080329355009,727.5613575570164,4581800
2011-03-30,780.2634887695312,780.2634887695312,756.9924724378084,763.1524473491468,4125300
2011-03-31,787.7922973632812,787.7922973632812,778.2101147715471,787.107855749586,3393100
2011-04-01,777.5256958007812,796.6900615423498,776.8412541671538,796.0056199087223,2949600
2011-04-04,761.7835693359375,776.1568442290684,758.3613610280491,769.9968692748695,3524800
2011-04-05,746.7257690429688,754.2546264760325,733.036937346489,753.5701848912086,4701300
2011-04-06,738.5125122070312,752.8857863092996,732.3525375917733,752.2013446853821,4624600
2011-04-07,737.1437377929688,743.9881550426713,733.0370874431471,738.5126212429093,4141800
2011-04-08,739.19677734375,741.2501017252604,725.5079481336805,736.4590115017361,5306700
2011-04-11,730.9837646484375,747.4103661012114,728.2459977396418,743.3037157380179,4717900
2011-04-12,718.663818359375,723.4549104817709,713.1882845052083,719.3482600911458,3448800
2011-04-13,728.9303588867188,731.668125492866,708.397109340614,711.1348759467613,3567900
2011-04-14,743.3035888671875,746.0413553086872,717.9792492833146,722.7703405559392,3617900
2011-04-15,737.8280639648438,743.3035969070689,734.405855875953,743.3035969070689,3339100
2011-04-18,728.9303588867188,736.4592170536239,723.4548256744241,736.4592170536239,2794600
2011-04-19,726.876953125,728.2458362758946,715.2414463423964,716.610329493291,3316600
2011-04-20,739.19677734375,741.9345431857639,729.6145968967014,735.7745700412327,2475000
2011-04-21,746.0411987304688,750.8322889975451,742.6189913968427,743.3034328635679,2797600
2011-04-22,754.9390869140625,758.3612949236458,733.7213972546465,738.512488468063,2970000
2011-04-25,746.7257690429688,759.7301591546244,742.6191195340248,759.0457175698004,1590700
2011-04-26,735.0901489257812,741.9345637202485,731.6679415285477,739.1967978024617,2156700
2011-04-27,751.516845703125,755.6234951331967,741.9346636996243,741.9346636996243,2900400
2011-04-28,767.2589111328125,767.2589111328125,747.4101079010092,747.4101079010092,3730000
2011-05-02,774.7879638671875,781.6323805091238,769.3124305536385,780.2634971807365,2275500
2011-05-06,765.8900756835938,766.5745172168231,758.3612188180714,759.7301018845301,1959900
2011-05-09,748.0945434570312,763.152256134117,747.4101019717092,759.0456072221846,2576600
2011-05-10,753.5701293945312,759.7301032042958,742.6190648438387,746.0412725159301,2881000
2011-05-11,761.7835693359375,770.6813109364471,760.4146860127822,763.1524526590928,2842400
2011-05-12,765.8900756835938,776.1566986820334,754.2545696186955,758.3612188180714,3853800
2011-05-13,759.0455932617188,766.57444946179,745.356763807044,765.8900079890562,4082400
2011-05-16,780.9478149414062,796.0055291646411,780.2633733858047,787.1077889418204,6521300
2011-05-17,789.8456420898438,791.898966982625,769.3123931620315,779.5790176259377,4231100
2011-05-18,788.4766845703125,793.2677755355835,778.2100610733032,784.3700351715088,3442000
2011-05-19,781.6322631835938,796.0055359741852,781.6322631835938,793.2677697283583,2340900
2011-05-20,778.8944091796875,791.2143558978196,776.8410847266655,780.9477336327095,2293500
2011-05-23,772.7345581054688,774.7878828834283,763.8368174009771,766.5745837715899,2602700
2011-05-24,772.0501708984375,774.1034958210397,759.0457797219567,762.4679879262937,2112100
2011-05-25,765.8900756835938,778.8944648149507,763.1523095506766,773.4189325491162,3383300
2011-05-26,791.2145385742188,795.3211884284102,778.8945890116445,783.001238865836,4211200
2011-05-27,784.3700561523438,791.8989135848706,781.632289813243,787.1078224914444,2328400
2011-05-30,782.316650390625,786.4232994740403,776.8411182794046,781.6322088767224,1330000
2011-05-31,800.1123046875,801.4811880145958,777.5257297904191,779.5790547810628,3477700
2011-06-01,791.2145385742188,803.5344881367931,789.1612136471231,802.1656048520626,2964100
2011-06-02,774.7879638671875,778.8946138523493,768.6279888894449,769.3124305536385,3436100
2011-06-03,773.4188842773438,787.7921555780731,770.6811183153,783.6855066350075,2380600
2011-06-06,760.41455078125,772.734498498678,759.7301092413929,772.734498498678,2168800
2011-06-07,767.9432983398438,769.9966226669557,758.3611181466549,759.7300010313962,1983400
2011-06-08,759.0455932617188,765.8900079890562,752.8856200071151,764.5211250435887,3736900
2011-06-09,768.6278686523438,769.3123102094696,757.6768037383299,759.7301284097075,1951600
2011-06-10,774.1034545898438,779.5789874251388,768.6279217545487,769.3123633589605,4725200
2011-06-13,767.2589111328125,769.9966770958199,754.9389642992794,760.4144962252941,2194600
2011-06-14,770.681396484375,774.7880469096913,758.3614452084258,763.1525373712949,2187800
2011-06-15,773.4188842773438,774.7877672583655,766.5744693722345,772.0500012963219,1776600
2011-06-16,761.0990600585938,767.9434760663149,760.4146184578217,763.8368264616822,2011600
2011-06-17,763.1524047851562,766.5746128783633,754.9391053614595,761.0990799292321,2845700
2011-06-20,762.468017578125,772.050200922913,758.361367573216,768.6279925854886,1279500
2011-06-21,767.9432983398438,770.6810641093263,761.0988839161374,767.2588568974732,1538000
2011-06-22,774.1034545898438,778.894545820727,765.2057137324892,767.9434801501368,3162000
2011-06-23,761.0990600585938,772.0501256709476,759.7301768570495,765.8901512639985,3419900
2011-06-24,780.9478149414062,782.3166980526095,765.2056591625699,765.8901007181714,3156400
2011-06-27,776.8413696289062,783.001345247109,767.94362706928,774.7880444228387,2118400
2011-06-28,776.15673828125,784.3700370990409,772.7345304405037,783.6855955308916,1701500
2011-06-29,792.5833740234375,792.5833740234375,780.9478668054769,787.1078412149855,2275300
2011-06-30,798.7432250976562,799.427666593027,787.7921611717244,793.2676931346903,3078200
2011-07-01,818.592041015625,825.4364560742841,804.218769392441,805.5876524041728,4990800
2011-07-04,818.592041015625,826.8053390860159,815.8542749921614,826.1208975801501,2712400
2011-07-05,832.2811279296875,835.7033365149247,818.5922935887387,818.5922935887387,3810500
2011-07-06,838.4410400390625,839.1254817044005,822.0144400709503,826.8055317283163,3416600
2011-07-07,832.2811279296875,837.7566616660671,830.2278027785452,831.5966862126401,2490500
2011-07-08,832.9652709960938,841.8630101275228,828.8586221662033,839.1252442409292,3080800
2011-07-11,829.543212890625,833.6498624593904,824.7521217270653,827.4898881062422,1839600
2011-07-12,817.2233276367188,823.3833024681513,813.1166777490971,816.5388859887818,1911500
2011-07-13,813.8010864257812,819.9610610076418,810.3788783247477,815.8544112864014,1684500
2011-07-14,811.7474365234375,817.9074086387081,801.4808163313198,808.3252297927316,2602500
2011-07-15,814.4857177734375,817.9079266716452,809.6946253159466,813.8012759937959,1229800
2011-07-19,811.7474365234375,815.1696432541435,802.8496990236022,809.694112485014,2022300
2011-07-20,813.1167602539062,822.014502579917,810.3789933843645,820.6456191451462,1304200
2011-07-21,817.2233276367188,819.9610942284665,807.6411445656015,813.801119397034,1984400
2011-07-22,823.3831787109375,823.3831787109376,817.2232048053694,821.3298540757482,1372900
2011-07-25,813.8010864257812,819.2766193874351,810.3788783247477,819.2766193874351,1683100
2011-07-26,825.4365234375,829.5431728078358,812.4321337647699,814.4854584499378,2071600
2011-07-27,819.9609985351562,819.9609985351562,811.7476997184434,817.907673830978,1852900
2011-07-28,819.2766723632812,826.8055306723841,809.0100473963229,810.3789307252506,2607800
2011-07-29,789.8456420898438,800.796708184677,784.3701090424272,787.1078755661355,5935300
2011-08-01,799.4278564453125,808.3255979982141,794.6367648399039,806.9567146823831,2826100
2011-08-02,786.4235229492188,795.3212651583917,782.3168726988312,792.5834983248001,2216400
2011-08-03,767.2589111328125,773.418884549579,761.7833792067978,767.2589111328125,3137000
2011-08-04,767.9432983398438,780.9476857448857,756.307793819543,759.7300010313962,3752900
2011-08-05,739.881591796875,741.9349172135176,728.246081102567,729.6149647136621,4302500
2011-08-08,715.2415161132812,728.9303489575545,714.5570744710675,726.1925823886999,3338700
2011-08-09,704.974853515625,707.02817833169,673.4905396692961,689.9171381978156,4157400
2011-08-10,714.5569458007812,714.5569458007812,714.5569458007812,714.5569458007812,3266700
2011-08-11,695.3927001953125,698.1304667315145,685.8105173186054,694.7082585612619,2887000
2011-08-12,695.3927001953125,695.3927001953125,695.3927001953125,695.3927001953125,2597000
2011-08-15,698.81494140625,702.2371497383081,692.6549664085455,700.8682664054849,1865400
2011-08-16,712.5037841796875,713.1882258551723,699.499392345476,699.499392345476,2590800
2011-08-17,703.60595703125,709.7659313632356,695.3926579219358,700.1837490690358,2462400
2011-08-18,703.60595703125,703.60595703125,703.60595703125,703.60595703125,1806100
2011-08-19,663.22412109375,671.4374229029605,661.1707956414474,670.7529810855262,2778900
2011-08-22,652.2730712890625,668.6996753928794,650.9041876137444,655.0108386396986,2609100
2011-08-23,658.4329223632812,660.4862474849963,650.2196218764212,653.6418304126129,2654300
2011-08-24,657.06396484375,673.4905639648438,653.6417566935221,666.646147664388,3109700
2011-08-25,678.9659423828125,692.6547718663369,668.6993202701691,670.0682032185216,3403200
2011-08-26,687.1793823242188,689.232707171801,678.9660829338894,679.6505245497502,2603400
2011-08-29,694.0238647460938,700.8682815581855,683.7572395279564,690.601656340048,2749000
2011-08-30,700.7501831054688,709.7660652060748,696.0772307758709,704.2905314339932,2826600
2011-08-31,693.8778686523438,700.183763184846,690.6015806974679,698.1304383661221,3494400
2011-09-01,709.0814819335938,714.5570146126176,700.8681829150579,700.8681829150579,2035100
2011-09-02,707.7127075195312,711.8193576598767,699.4994072388404,699.4994072388404,1968100
2011-09-05,690.6016235351562,698.8149233195188,681.0194404533999,695.3927150760344,1519600
2011-09-06,668.014892578125,681.019280855773,661.1704776951525,679.6503978791784,2543300
2011-09-07,674.175048828125,684.4416739371827,673.4906071541877,681.703907241434,2252300
2011-09-08,678.9659423828125,693.3392133405132,674.8592935377551,687.8636815471034,1810300
2011-09-09,685.1260986328125,685.8105402897884,672.8061488072475,679.6505653770058,4295100
2011-09-12,660.4862060546875,661.8550893832983,652.272906083023,657.0639977331607,2226200
2011-09-13,672.1217651367188,673.4906485687692,660.4862559642909,665.9617896924923,1885800
2011-09-14,659.1173095703125,677.5972341377044,657.06398461838,668.6994926793305,1965900
2011-09-15,663.9083862304688,672.8061274892276,661.1706196893122,669.3839193127819,2079900
2011-09-16,676.9127197265625,685.1260186514551,670.7527455328931,672.8060702641162,4779300
2011-09-20,666.646240234375,672.1217740350679,662.5395898838552,666.646240234375,2300700
2011-09-21,673.4905395507812,676.912747576954,668.0150067089049,668.0150067089049,1244200
2011-09-22,660.4862060546875,666.6461810334359,652.9573477473284,666.6461810334359,2273500
2011-09-26,628.3174438476562,660.4862018660003,626.2641188677619,660.4862018660003,4330800
2011-09-27,662.5394897460938,662.5394897460938,640.6373578536609,641.3217994752995,2595900
2011-09-28,674.2840576171875,679.8109761222464,667.3754094858639,669.448003925261,2306300
2011-09-29,688.792236328125,688.792236328125,670.1388858959692,681.1927231890986,3391800
2011-09-30,633.5230102539062,666.6845200599995,620.3965792889943,658.3941426084762,12012200
2011-10-03,558.9097290039062,602.434219643271,554.7645394192049,601.0524897817039,17631700
2011-10-04,549.2376708984375,557.5280508365271,533.347776017099,551.3102658829599,13082000
2011-10-05,540.2564086914062,555.4554380919317,536.1112188548993,554.0737081464295,6264800
2011-10-06,578.94482421875,578.94482421875,547.8559016771703,548.5467666225388,8720300
2011-10-07,560.2914428710938,585.8534445803791,557.5279832268467,578.9447954697614,6368300
2011-10-11,569.9635620117188,574.7996164772727,565.1275075461648,567.2001023171165,5248500
2011-10-12,581.7083129882812,583.7809079276694,564.4366884933798,571.3453382913405,4525300
2011-10-13,595.5254516601562,600.3615052119209,589.3076685221732,592.0711276946101,4077400
2011-10-14,588.6167602539062,594.8345429326447,585.853301285578,594.8345429326447,2392800
2011-10-17,601.7433471679688,614.8697806882803,599.6707524016037,611.415456077672,2241000
2011-10-18,611.4155883789062,620.3968343098958,589.3079060872395,594.1439615885416,4215800
2011-10-19,613.4881591796875,617.6333494444151,607.270373782596,612.106429091445,3029600
2011-10-20,599.6708374023438,613.4881378033194,594.1439172419535,611.4155427431731,2034000
2011-10-21,596.2164306640625,599.6707552913166,592.0712411113575,598.9798903658658,1524000
2011-10-24,603.81591796875,605.8885126528533,594.8346743376359,598.9798637058424,1870100
2011-10-25,602.434326171875,606.5795164895713,597.5982708012292,604.5069213307232,2705300
2011-10-26,594.1438598632812,600.3616444432458,583.0900206100109,588.6169402366461,2642600
2011-10-27,608.652099609375,609.3429646486592,591.3804736272701,591.3804736272701,2349300
2011-10-28,612.7971801757812,622.4692889947903,606.5793959349899,621.0875591635032,3146200
2011-10-31,613.4881591796875,620.3968096209002,600.3617233413834,600.3617233413834,3765200
2011-11-01,595.5254516601562,606.5792883499039,592.7619924877193,594.1437220739377,2098200
2011-11-02,578.94482421875,588.6169334539081,576.8722293826447,587.2352035631712,2140300
2011-11-04,600.3617553710938,601.0526204520731,592.0713743993409,596.9074299661968,1414500
2011-11-07,590.6895141601562,596.2164335908946,581.0174051563642,596.2164335908946,2102900
2011-11-08,580.3264770507812,588.6168552943639,573.4178285144624,584.4716661725726,2534500
2011-11-09,572.0361328125,580.326511548913,566.5092136548913,578.9447817595109,2537000
2011-11-10,555.455322265625,556.8370519230022,545.7832146639848,555.455322265625,2791300
2011-11-11,566.5092163085938,567.8909461044683,552.0010534519103,558.9097024312833,3122000
2011-11-14,567.8910522460938,575.4905675437909,561.6732670025234,568.5819172731572,2358500
2011-11-15,567.8910522460938,572.036242408474,562.3641320295867,565.8184571649036,1853100
2011-11-16,547.1651000976562,567.2001858335553,546.4742350722804,563.0549956813003,2324400
2011-11-17,543.0198364257812,556.8371350625696,539.5655117665841,545.7832961531388,4416700
2011-11-18,529.8933715820312,536.8020204944436,527.1299120170662,536.8020204944436,3419400
2011-11-21,526.439208984375,534.0387251245694,523.6757485697589,529.2026693989911,2158100
2011-11-22,540.2564086914062,540.2564086914062,525.0573792908807,527.8208391818854,2828500
2011-11-24,530.5841674804688,536.1110858917236,520.2211954593658,525.7481138706207,2537800
2011-11-25,531.2752075195312,535.4203976952364,523.6756921974054,528.5117474023946,2854100
2011-11-28,545.0924682617188,549.9285231132169,540.9472783890061,543.7107383041479,2248300
2011-11-29,566.5092163085938,567.8909461044683,547.8558640642864,551.3101885539729,2882000
2011-11-30,567.2000732421875,567.890938130424,554.0736403656936,562.3640190245318,2353100
2011-12-01,578.2540893554688,582.3992799601675,575.4906289523364,577.5632242546857,3342800
2011-12-02,584.4717407226562,587.2352004896665,574.7996315381206,583.0900108391512,2347300
2011-12-05,582.3991088867188,588.6168929673598,581.7082439888698,587.2351631716618,1718600
2011-12-06,571.3452758789062,584.4717090611302,569.2726811659235,581.7082494438199,2581100
2011-12-07,592.0713500976562,592.762215150279,578.2540490452021,581.7083743083157,3483000
2011-12-08,580.3264770507812,587.2351255871,575.4904230753581,582.3990716116768,2055800
2011-12-09,572.0361328125,578.2539168648098,569.9635381283967,571.3452679177989,5779500
2011-12-12,596.2164306640625,601.0524851422182,587.2351866332017,587.2351866332017,3625200
2011-12-13,591.3804931640625,592.07135822617,578.254056984019,585.1627076050945,2949200
2011-12-14,581.0173950195312,592.0712336881548,576.8722055187974,592.0712336881548,2808900
2011-12-15,574.1088256835938,581.7083408250131,569.2727705935996,579.6357457864442,3695300
2011-12-16,562.364013671875,571.3452571334651,558.2188243819103,570.6543922518043,4050500
2011-12-19,554.0736694335938,563.7457783763248,550.6193448111898,558.9097239049593,1982200
2011-12-20,557.5279541015625,560.2914136014464,553.3827648517367,554.0736297267077,1313700
2011-12-21,574.1088256835938,574.1088256835938,563.0549854778928,566.5093105421744,1971200
2011-12-22,569.9635620117188,576.8722112482244,567.890967240767,576.8722112482244,2060000
2011-12-26,573.4177856445312,579.6355688623635,570.6543264366057,578.9447040603822,891000
2011-12-27,572.72705078125,574.7996456574186,567.2001311114672,567.2001311114672,1149600
2011-12-28,567.2000732421875,576.8721816774988,565.8183434657144,574.1087221245527,1711600
2011-12-29,567.2000732421875,569.2726679068971,561.6731541362954,567.890938130424,1368400
2011-12-30,578.94482421875,579.6356891641185,567.8909850928551,570.6544448743288,1474500
2012-01-04,588.6167602539062,594.1436781905627,577.5629243805935,583.7807070593319,1795700
2012-01-05,581.0173950195312,589.307774020999,581.0173950195312,584.4717196034761,1409500
2012-01-06,570.6543579101562,581.0173305114303,565.8183040295617,576.8721414709206,2119600
2012-01-10,565.818359375,574.1087382669414,563.0548997443528,574.1087382669414,1885500
2012-01-11,569.9635620117188,573.4178866299716,561.673182927912,569.2726970880682,1908000
2012-01-12,565.12744140625,569.2726304630196,560.9822523494804,567.8909007774297,1378600
2012-01-13,573.4177856445312,575.4903800504753,568.5817320306617,570.6543264366057,2604100
2012-01-16,566.5092163085938,567.2000812065311,558.218837533346,562.3640269209699,1428100
2012-01-17,572.0361328125,572.0361328125,563.7457540760869,568.5818083389945,1512000
2012-01-18,572.0361328125,577.5630519701086,563.0548891813859,569.9635381283967,2831700
2012-01-19,591.3804931640625,592.07135822617,579.6357871082341,580.3266521703416,2816000
2012-01-20,623.8509521484375,633.5230599336846,602.4341420525333,632.8321950918813,8057400
2012-01-23,616.9423217773438,622.4692406734454,613.4879974672801,621.0875109494199,2394800
2012-01-24,612.7971801757812,621.7784240791467,610.0337205132073,618.3240995009293,2496100
2012-01-25,622.4692993164062,627.9962187332001,618.3241097538108,622.4692993164062,4683100
2012-01-26,626.6145629882812,634.9049430939697,622.469372935437,632.8323480675475,2291100
2012-01-27,624.5418701171875,627.9961946200481,620.3966807137548,627.9961946200481,2777400
2012-01-30,619.0150146484375,627.3053943089076,615.5606897899082,627.3053943089076,2460300
2012-01-31,634.2140502929688,643.8861599924259,626.6145355291096,638.3592401641647,6451400
2012-02-01,636.2864990234375,645.267741680663,621.7783378079193,623.8509322672792,5297100
2012-02-02,648.7222290039062,654.9400139464358,636.9775241124618,641.1227140741481,4043100
2012-02-03,639.0501708984375,646.6496864442568,637.6684407991977,645.267956345017,2198900
2012-02-06,663.2303466796875,665.9938064575196,653.5582374572754,654.2491024017335,3464500
2012-02-07,653.558349609375,668.0665159326276,650.1040242943149,664.6121906175674,3277400
2012-02-08,659.7761840820312,661.8487794246973,651.485802711367,653.5583980540331,2119900
2012-02-09,656.321533203125,659.0849922902961,648.7220207134046,658.3941275185033,1657000
2012-02-10,646.6497192382812,659.0852907620944,642.5045287303435,656.3218304234692,2736900
2012-02-13,650.1038208007812,652.17641534106,641.813442639666,642.5043074864257,1416600
2012-02-14,648.7222290039062,650.7948239847494,642.5044440613768,650.1039589911351,1780200
2012-02-15,670.8300170898438,680.5021285617879,649.4131988305387,650.1040639356776,4550600
2012-02-16,675.6658935546875,683.2654076948731,668.0663794145019,670.138974180007,3717200
2012-02-17,688.792236328125,694.3191549746897,687.4105066664839,690.8648308205868,4114600
2012-02-20,705.3731689453125,719.1904690225958,704.6823039414484,707.445763956905,3041400
2012-02-21,699.1553955078125,709.5183707376714,695.7010704311929,701.9188555691082,2682500
2012-02-22,706.7547607421875,708.8273553484696,688.1014092856489,697.7735174482985,3763900
2012-02-23,728.862548828125,728.862548828125,703.3005447460012,708.8274645475415,4665100
2012-02-24,739.916259765625,739.916259765625,718.4994492588702,719.1903141139269,4892200
2012-02-27,733.6985473632812,752.3519002623477,731.6259525967183,746.1341159626589,4405500
2012-02-28,734.3894653320312,735.7711952762119,721.9538958344051,726.7899506390374,3100900
2012-02-29,730.2443237304688,746.8250841557585,726.7899986418668,741.9890290317156,4663400
2012-03-01,724.7174072265625,750.9702780317192,723.3356771841859,741.9890327562708,5018300
2012-03-02,735.7710571289062,743.3705703950263,733.6984626017825,741.2979758679027,3109700
2012-03-05,735.0802612304688,744.0615050236981,732.3168016017828,739.9163155806692,2640600
2012-03-06,733.6985473632812,739.9163316629702,724.0264384526542,735.7711421298442,4335200
2012-03-07,722.644775390625,728.862560264923,713.6635305721946,714.3543955582278,2698800
2012-03-08,745.4432983398438,745.4432983398438,733.6985939174365,735.7711888155084,2825800
2012-03-09,764.787353515625,771.6960016955313,749.5883275198312,760.6421646076813,6992100
2012-03-12,766.860107421875,777.2230818464949,765.4783774985923,775.8413519232123,3677300
2012-03-13,764.0966186523438,771.0052680072474,762.0240238458726,763.4057537168534,3823600
2012-03-14,784.1317749023438,791.0404249014833,778.604854903032,781.3683149026879,3131700
2012-03-15,795.8765258789062,800.0217161178589,784.1318202018738,793.1130657196045,3818900
2012-03-16,805.5485229492188,805.5485229492188,795.1855488117932,798.6398735242683,2848900
2012-03-19,792.4219970703125,805.5484294542148,787.585943034138,804.1666997295936,3002700
2012-03-21,781.3682861328125,784.1317460307181,762.7149318219496,771.6961764901429,2992100
2012-03-22,782.0592041015625,793.1130444422206,777.2231489525245,782.0592041015625,2379100
2012-03-23,771.0053100585938,775.1504998976184,765.4783902732274,768.9327151390813,2599500
2012-03-26,775.8413696289062,784.1317493577992,768.9327198548287,768.9327198548287,2157400
2012-03-27,793.8038330078125,794.4946979625626,784.1317236413117,791.0403731888123,2147700
2012-03-28,795.8946533203125,798.6823753984922,783.3499039685037,793.1069312421328,2161500
2012-03-29,795.1978149414062,796.5916761420048,784.0469253366188,795.8947455417054,2608400
2012-03-30,789.6224365234375,797.9856044301288,784.0469912523099,797.9856044301288,2373600
2012-04-02,791.0161743164062,810.5302297180444,791.0161743164062,801.4701325672838,2212300
2012-04-03,789.6224365234375,791.7132285001103,780.5623379578552,780.5623379578552,1703800
2012-04-04,762.44189453125,794.5006944841178,761.7449640974919,789.6221814478118,2409800
2012-04-05,777.7744750976562,778.4714056308978,752.6849759009576,756.1696285671658,3781300
2012-04-06,756.86669921875,771.5022431262948,755.4728378942219,765.9267978281825,2343600
2012-04-09,737.3526000976562,746.412698208497,736.6556694737453,740.8372532172103,1870100
2012-04-10,733.1708984375,745.7156476503089,731.0801069020318,736.6555509966136,3124900
2012-04-11,724.1106567382812,728.292238971611,715.0505618993999,722.0198656216163,4131000
2012-04-12,741.5339965820312,744.321718373693,722.0199440403989,728.2923180716379,2706100
2012-04-13,744.3218383789062,751.291143981705,738.7463938966672,745.715699499466,4282700
2012-04-16,735.26171875,736.655579828199,722.7169690462085,731.7770660545024,3486000
2012-04-17,726.8985595703125,733.170934485109,724.1108373859585,733.170934485109,1959300
2012-04-18,765.9265747070312,767.3204356255154,742.927869552043,745.0186609297692,3137000
2012-04-19,770.1082153320312,778.4713814713836,756.1696050997773,759.6542576578407,3281100
2012-04-20,771.501953125,774.2896747261743,762.4418579211833,767.3203707232384,3089800
2012-04-23,770.8051147460938,781.9560024820228,766.6235318451204,777.7744195810494,2815300
2012-04-24,766.6235961914062,784.0468597412109,755.4727075195312,760.3512213134766,3945200
2012-04-25,772.8958740234375,782.6529003862221,764.5327085696222,781.2590394772529,4689300
2012-04-26,766.6235961914062,780.5622070312501,763.8358740234376,780.5622070312501,2356700
2012-04-27,758.9573364257812,781.9560435901988,753.3818922647102,762.4419890264505,4754200
2012-05-01,752.6849365234375,763.8358244719328,751.2910755298756,761.048102484809,2758500
2012-05-02,755.47265625,763.835822186347,754.0787952606089,759.6542392181735,1510100
2012-05-07,726.8985595703125,733.8678650311975,720.6261846555159,728.2924206624895,3252900
2012-05-08,731.7770385742188,738.746343703497,725.5046639578683,735.9586216517857,2363300
2012-05-09,715.0507202148438,726.2016086392467,708.778345476117,724.8077475861963,2782200
2012-05-10,715.0507202148438,722.0200254800957,705.9906233700162,710.8691370556926,2420800
2012-05-11,720.6260986328125,724.1107509472846,708.0813503007133,712.2629330780798,2987600
2012-05-14,679.5072631835938,693.4458737104368,669.0533052884616,689.2642905523838,6929500
2012-05-15,666.9625244140625,675.3256908643956,656.5085663511462,669.0533160266458,5955100
2012-05-16,652.3270263671875,668.356429792877,648.8423734485593,661.3871239556206,4268600
2012-05-17,666.2655639648438,669.7502164960407,647.4484402963807,653.720814852535,2953800
2012-05-18,639.7821655273438,648.1453310897926,636.9944436731942,645.357609235643,3614000
2012-05-21,634.9037475585938,642.5699838079291,632.8129558542296,633.509886422351,2531600
2012-05-22,641.8729248046875,646.054507376705,634.9036205179916,643.9637160906963,2459800
2012-05-23,628.6314697265625,643.2670139219703,627.9345390505907,641.8731525700267,2750200
2012-05-24,627.2374267578125,631.4190096028647,620.268122016059,625.8435658094619,2409600
2012-05-25,625.8436889648438,630.0252726327603,621.6621052969272,627.934480798802,2630400
2012-05-28,641.176025390625,641.176025390625,627.9343466053838,630.0251379925271,4450400
2012-05-29,645.357666015625,646.0545965404799,625.1466807948333,634.2067776179468,3197900
2012-05-30,644.6608276367188,645.3577582611908,630.7222151472762,639.7823132654139,2801600
2012-05-31,634.206787109375,634.90371764466,623.7528290800996,634.206787109375,4259200
2012-06-01,613.995849609375,624.4498084562997,611.9050578399901,620.9651555073248,2452300
2012-06-04,602.1480712890625,605.6327244793928,592.3910423561379,603.5419325651947,4538000
2012-06-05,610.510986328125,612.6017773771939,600.0570310827804,604.9355435306079,3168400
2012-06-06,623.752685546875,627.2373374214385,611.904869173359,616.0864514228352,3492200
2012-06-07,635.6007080078125,635.6007080078125,635.6007080078125,635.6007080078125,2258000
2012-06-08,623.752685546875,635.600501920391,618.874172922486,633.509710795653,5787700
2012-06-11,643.9637451171875,646.0545364974381,634.206718676018,634.206718676018,2017100
2012-06-12,641.8729248046875,645.3575769480354,626.5404553739567,630.7220379459741,2349500
2012-06-13,645.357666015625,647.4484575901896,637.6914302422213,643.9638049659152,1993100
2012-06-14,642.5698852539062,643.2668157151361,632.1159283354588,636.2975111028378,2431200
2012-06-15,637.69140625,650.9330857240437,636.9944757513662,647.4484332308743,1972300
2012-06-18,661.386962890625,666.9624062026639,657.9023108206006,662.0838933046299,2256300
2012-06-19,649.5391235351562,657.2053578258073,646.7514019749195,654.4176362655705,1936200
2012-06-20,662.0838012695312,663.4776619037829,653.0237071468955,657.9022193667763,2489300
2012-06-21,673.9317626953125,677.4164150360328,662.0839447368634,663.4778056731515,2709300
2012-06-22,659.9932250976562,668.3563916247649,655.8116418341019,663.4778778172848,3240000
2012-06-25,660.6900634765625,668.3562983903201,659.9931330298573,665.5685766034992,1893600
2012-06-26,640.479248046875,656.5086525137717,639.7823174178794,650.9332074818076,4337600
2012-06-27,642.5698852539062,644.6606766375958,634.9036501803781,643.2668157151361,1809300
2012-06-28,655.8115844726562,656.508514955624,648.8422796429787,653.0238625407852,2376100
2012-06-29,685.08251953125,687.8702408721707,653.0237241106626,657.9022364572737,4058500
2012-07-02,687.17333984375,694.142643493281,685.0825487488908,692.0518523984217,2508500
2012-07-03,692.7489013671875,699.0212757256429,689.2642489458234,689.9611794300962,1877000
2012-07-04,703.2029418945312,705.2937335949114,699.7182890605643,703.2029418945312,2174200
2012-07-05,701.1121215820312,707.3844964271985,698.3243994286236,700.4151910436793,1377400
2012-07-06,691.3551025390625,701.8090607427781,688.567380351405,700.4151996489494,2232200
2012-07-09,679.9061889648438,686.4765798799257,676.0226218106883,682.9919271901799,1870700
2012-07-10,675.9903564453125,685.0827826062881,668.3564481377724,683.6889214005785,2375600
2012-07-11,654.6448364257812,664.1748000021313,651.6300503693524,662.0840083966682,2839900
2012-07-12,647.3654174804688,659.9931127883657,643.266782580424,659.9931127883657,2202300
2012-07-13,646.7515869140625,650.9331704501448,639.0853504312449,643.2669339673272,2313800
2012-07-17,637.0272216796875,646.7514084772259,632.1158701388405,645.357547683094,1892400
2012-07-18,632.115966796875,641.176063344129,630.7221057896052,638.3883413295893,1925800
2012-07-19,644.73291015625,646.7514306191523,633.5097526215619,636.994404726191,1572900
2012-07-20,630.72216796875,646.7515711325966,629.3283068240677,641.1761265538673,1492300
2012-07-23,618.8743286132812,625.1467035654429,616.7835369625607,623.7528424649626,1445800
2012-07-24,612.6018676757812,617.4803808427101,600.7540499846683,610.511076318526,2441400
2012-07-25,602.8447265625,614.6925419978323,597.9662143244219,614.6925419978323,2397000
2012-07-26,600.4938354492188,607.0264527810303,592.3909125876875,604.9356613248385,2837700
2012-07-27,630.025146484375,630.025146484375,611.2080237464567,616.08653704888,2753400
2012-07-30,648.8422241210938,648.8422241210938,637.6913373477989,643.2667807344463,3083000
2012-07-31,649.5907592773438,654.4177174532286,642.5698993523714,647.4484126880185,2366500
2012-08-01,616.0866088867188,632.8129421596614,613.9958172276009,627.9344282883865,3870300
2012-08-02,626.16455078125,634.20677337272,616.0865798477852,616.0865798477852,2206900
2012-08-03,605.9470825195312,613.9957274401214,602.8448402221396,612.6018665378737,2946800
2012-08-06,631.1373291015625,639.0852029984196,617.4803597127587,623.0558031413163,3141400
2012-08-07,646.173095703125,651.6300739008791,634.2068098928341,636.2976015737995,1952700
2012-08-08,662.1681518554688,678.113372008429,655.8115961561476,667.6594145776721,4377700
2012-08-09,663.1587524414062,671.8409902920879,657.9023805349907,659.9931719985552,3031500
2012-08-10,653.0238037109375,668.356272954951,648.8422211898429,653.72073413112,2352800
2012-08-13,650.1688232421875,657.9023952662694,648.145368217829,650.236159728209,1347000
2012-08-14,651.6299438476562,659.2961784811581,642.5698483716995,653.7207351113386,2429900
2012-08-15,647.4483642578125,653.7207380773177,641.1759904383074,649.5391555309809,1543000
2012-08-16,664.1749877929688,665.5688492573821,648.1455809522151,651.6302346132485,2482400
2012-08-17,677.41650390625,678.1134344658243,660.690170476466,664.1748232743377,2144100
2012-08-20,672.537841796875,682.2948674809747,668.3562593608322,679.5071458569462,2213300
2012-08-21,662.0838012695312,673.9316166606702,661.3868709524054,667.6592438065378,2168200
2012-08-22,647.4483642578125,658.5992510480439,639.085199165139,655.8115293504861,3153500
2012-08-23,654.8219604492188,658.5993117873437,642.569910548075,644.6607020140666,2381800
2012-08-24,648.8422241210938,650.9330153910865,640.4790590411227,643.9637111577773,1446500
2012-08-27,650.2362060546875,661.3870949045,648.842344948461,657.9024421389336,1408700
2012-08-28,634.9037475585938,655.1147340341143,628.6313724455011,655.1147340341143,2898700
2012-08-29,638.3883056640625,642.5698884522551,634.9036533405687,636.994444734665,2166400
2012-08-30,634.206787109375,638.3883703210852,630.7221344329498,638.3883703210852,2003500
2012-08-31,613.298828125,626.5405073686079,613.298828125,621.6619939630682,3065000
2012-09-03,606.32958984375,618.1774094154094,604.2387981546336,613.2988954741379,2859500
2012-09-04,607.723388671875,611.9049716214521,604.9356667054902,609.8141801466636,2279800
2012-09-05,593.0879516601562,609.1173557590794,593.0879516601562,607.0265639200894,1941500
2012-09-06,604.9357299804688,605.6326605449624,593.7848409485707,600.0572160290134,2483700
2012-09-07,632.81298828125,632.81298828125,613.2989313738987,620.2682374122385,3309200
2012-09-10,629.328125,630.0250553709856,622.358821290144,625.8434731450719,2052000
2012-09-11,616.0866088867188,620.9651227579938,611.2080950154439,619.5712616519152,2137400
2012-09-12,628.6314697265625,629.3284004025343,609.814341475324,610.5112721512958,2390900
2012-09-13,632.115966796875,634.2067583077798,622.358939745986,627.9343837750655,1387800
2012-09-14,643.2669067382812,646.0546289776671,636.2976011398167,639.0853233792025,4271900
2012-09-18,630.025146484375,646.0545473351942,628.6312855408255,645.3576168634195,4082600
2012-09-19,647.4483642578125,653.0238076529282,631.4189644968549,631.4189644968549,3183600
2012-09-20,628.6314697265625,646.0547366258575,626.5406776986471,640.4792912180831,3110600
2012-09-21,620.965087890625,632.1159761131278,619.5712268628122,627.2374625157828,2469300
2012-09-24,609.8141479492188,618.177313406808,606.3294956752231,615.3895915876116,2648800
2012-09-25,618.1773071289062,618.1773071289062,604.2386981744777,604.2386981744777,3347400
2012-09-26,609.7188110351562,616.0627061788746,606.8993020823925,612.53831998792,2666200
2012-09-27,606.1944580078125,609.0139671148256,599.8505625170332,603.3749489007995,2886100
2012-09-28,581.5237426757812,601.9651833274148,580.1139881480824,601.2603060635654,6813400
2012-10-01,570.2456665039062,575.1798070051761,564.6066487881692,566.7212804315706,4972500
2012-10-02,570.2456665039062,578.7041930775117,569.5407892894391,578.7041930775117,3493600
2012-10-03,568.8357543945312,573.7698935280649,564.6064922800738,567.4260003563787,4030600
2012-10-04,577.2944946289062,582.2286356086405,568.131089952257,573.7701082148104,3647700
2012-10-05,577.2944946289062,582.2286356086405,569.5408445178954,579.4091264773638,3725700
2012-10-09,564.606689453125,574.4749711664131,559.672548596481,570.9505848402388,4176200
2012-10-10,556.148193359375,557.557947968651,550.5091749222711,554.033561445461,3987800
2012-10-11,548.39453125,557.5579360138175,546.2798993814267,546.9847766709512,3758500
2012-10-12,561.082275390625,570.245679385698,556.8530120082836,558.9676436994544,5052500
2012-10-15,573.0652465820312,577.9993876965136,558.2628232385839,562.4920870509974,3630300
2012-10-16,588.5724487304688,589.2773259145771,575.1797822324102,585.0480628099269,4322500
2012-10-17,589.9823608398438,595.6213798203918,587.1628513495697,595.6213798203918,4650100
2012-10-18,616.062744140625,618.1773759855013,593.5066711286113,597.0310575367384,5810500
2012-10-19,618.8822631835938,623.1115269411126,612.5383675473154,616.7676313048343,3989300
2012-10-22,623.8165283203125,628.0457929190943,605.4897150589247,608.309224791446,4158700
2012-10-23,621.7017822265625,632.2749417882387,614.6530091854451,630.1603098759035,3121400
2012-10-24,611.128662109375,620.9969450038747,604.0798886133038,604.7847659629109,3468200
2012-10-25,620.9970703125,622.4068252961832,611.1287854267167,613.9482953940834,1967800
2012-10-26,597.7359008789062,620.9968498517882,597.0310236373037,619.5870953685833,3959100
2012-10-29,601.26025390625,609.7187803386943,599.8504995008426,601.9651311089536,3490100
2012-10-30,589.9823608398438,609.0140498991935,588.5726060947067,604.079908291214,4144600
2012-10-31,604.7846069335938,605.489484097852,593.5065723054614,597.7358352910111,3398800
2012-11-01,582.9335327148438,586.4579192487909,561.7872135111614,585.7530419420015,9060500
2012-11-02,592.8018798828125,594.9165120345942,582.2287191239038,591.3921251149579,3672600
2012-11-05,590.6871337890625,594.9163972768123,585.7529930533543,585.7529930533543,4210500
2012-11-06,585.7529907226562,593.506640419346,585.7529907226562,591.3920086838851,4105400
2012-11-07,587.1627197265625,594.9163690866972,581.5237020101009,594.2114918721394,4377700
2012-11-08,587.8677978515625,591.3921851288501,574.4751261978698,576.5897585642424,4726800
2012-11-09,585.048095703125,587.1627273743411,575.8846917945219,579.4090779132154,2982300
2012-11-12,575.8848266601562,584.3433553259113,575.8848266601562,578.7043362154079,1850000
2012-11-13,575.8848266601562,582.2287231594726,570.9506849384658,577.2945814377821,2535900
2012-11-14,568.8357543945312,575.8845245852937,568.8357543945312,575.8845245852937,1998100
2012-11-15,576.5895385742188,582.2285560663871,570.2456438955293,572.3602754550924,4021100
2012-11-16,595.6212158203125,601.9651104266827,581.523672250601,582.2285494290866,5635200
2012-11-19,625.9309692382812,632.2748641967773,621.7017059326172,627.3407236735027,6339000
2012-11-20,621.7017822265625,635.0944510046858,618.8822730101155,632.2749417882387,4388800
2012-11-21,620.9970703125,627.3409677390748,613.2434179022417,625.9312127553916,3577700
2012-11-22,660.4699096679688,660.4699096679688,638.6187173523796,642.1431032097327,4985100
2012-11-26,655.535888671875,683.7309806577621,654.8310113722277,670.3383119644657,4618300
2012-11-27,654.1261596679688,661.1749329402529,644.9627544139993,649.1920183773698,2996900
2012-11-28,631.5700073242188,650.6016928127834,630.8651300839016,648.4870610918317,2923500
2012-11-29,632.9797973632812,641.438324722256,625.9310245641356,635.7993064829395,4187200
2012-11-30,626.635986328125,641.4384112020177,620.9969673285468,641.4384112020177,6246200
2012-12-03,654.1261596679688,658.3554236313392,632.9798398511163,632.9798398511163,5284700
2012-12-04,641.4382934570312,649.8968204037174,638.6187844748026,646.3724341759315,2865100
2012-12-05,628.7506103515625,637.2091387419423,621.7018366929127,627.3408556198326,4222000
2012-12-06,633.6847534179688,639.3237723582844,628.7506118451926,637.9140176232054,3566100
2012-12-07,633.6847534179688,639.3237723582844,632.2749986828898,634.3896307855082,2209900
2012-12-10,634.3895263671875,638.618789876302,627.3407538519965,638.618789876302,2603300
2012-12-11,634.3895263671875,637.9139126247829,630.865140109592,635.0944036187066,1822800
2012-12-12,653.4212646484375,654.8310192647232,640.028595793723,640.7334731018659,3499900
2012-12-13,664.6992797851562,668.9285434953482,660.4700160749644,662.5846479300603,3994000
2012-12-14,659.7652587890625,665.4042780949519,655.5359943096455,656.9457491361178,5716400
2012-12-17,654.1261596679688,670.3383381942223,650.6017730318266,670.3383381942223,4273600
2012-12-18,659.0601806640625,669.6333386426303,656.9455490683489,659.7650578626336,4240300
2012-12-19,695.0088500976562,697.8283586173222,673.8625362001617,675.2722904599947,6948000
2012-12-20,690.7797241210938,702.7626377027862,682.3211968869579,690.7797241210938,5063000
2012-12-21,670.3381958007812,699.9430372557053,669.633318623283,699.2381600782071,5146400
2012-12-25,666.1090087890625,690.0748355603092,662.5846224991733,689.3699583023314,2761800
2012-12-26,685.1407470703125,685.1407470703125,672.4529554578993,675.2724647051022,2878400
2012-12-27,690.7797241210938,697.1236195466956,683.7309514259805,690.7797241210938,3173200
2012-12-28,696.4186401367188,704.1722889641519,695.0088858044583,701.3527802996308,3479200
2013-01-04,725.3187255859375,736.5967621353788,723.2040937329173,730.2528665763181,3777100
2013-01-07,723.9090576171875,744.3505013084226,720.3846707738711,742.940746571096,3623400
2013-01-08,700.6480102539062,717.5650648274411,695.0089920627279,715.4504330057492,3200200
2013-01-09,702.7625122070312,706.9917750688589,682.3210750415308,684.4357064724446,3836900
2013-01-10,720.3845825195312,722.4992143664575,709.1065460025915,711.9260551318264,3577500
2013-01-11,725.3187255859375,735.1870075666986,719.6797073112169,729.547989291978,3012600
2013-01-15,739.4163208007812,745.055339453218,735.1870568114535,737.3016888061173,4840300
2013-01-16,708.4015502929688,737.3015140362639,707.6966731284981,737.3015140362639,3436500
2013-01-17,703.4675903320312,714.7456278523845,687.9602887415456,711.9261184722961,4716000
2013-01-18,716.860107421875,723.2040021778208,712.6308442512445,721.0893705925056,3649000
2013-01-21,709.1066284179688,723.2041757026202,709.1066284179688,722.4992983383877,2660500
2013-01-22,708.4015502929688,724.6137250757929,701.3527786482625,715.4503219376749,4292200
2013-01-23,695.7138671875,706.9919035350177,695.7138671875,706.2870262632979,4061700
2013-01-24,707.6968994140625,709.8115315836263,685.1408229387139,694.3042290068242,3253100
2013-01-25,712.6309814453125,720.3846320841834,707.6968401296674,718.9748774225704,4757600
2013-01-28,703.4675903320312,721.7944013026053,702.0578356419871,721.0895239575832,3751300
2013-01-29,716.1552734375,722.4991685762179,698.5333424966166,699.238219734252,3166800
2013-01-30,719.6796875,721.0894420298727,706.2870194662096,710.5162830558277,3011700
2013-01-31,725.3187255859375,728.843112007638,715.4504436051765,718.9748300268768,3792100
2013-02-01,733.0723266601562,742.9406079805814,728.8430632371169,730.2528177114633,3980600
2013-02-04,726.7284545898438,734.4821044448275,723.9089455516679,733.0723499257396,4034300
2013-02-05,702.7625122070312,710.5161607870486,699.9430036324794,706.9917750688589,5397400
2013-02-06,747.8746948242188,752.8088351293737,721.7942389255419,727.4332564171477,6784700
2013-02-07,760.5625610351562,768.3162108696202,741.5308750778353,741.5308750778353,5187700
2013-02-08,741.5308227539062,757.7429985365487,740.1210683380243,741.5308227539062,4016500
2013-02-12,762.67724609375,773.9552830045634,759.8577368660467,761.9723687868242,4827100
2013-02-13,742.2357177734375,763.3820345191194,738.7113316491572,759.8576483948391,3730300
2013-02-14,745.7601928710938,750.694334033757,726.7285055293929,740.1211743994787,3934000
2013-02-15,733.0723266601562,746.4649941664476,718.2699046795185,746.4649941664476,4350900
2013-02-18,738.7112426757812,750.694154055064,735.1868569759922,745.7600140753593,2420100
2013-02-19,749.2845458984375,750.6943004532793,733.0723685177563,737.3016321822819,4564300
2013-02-20,750.6941528320312,759.1526784977443,747.8746442767936,757.7429242201255,2287000
2013-02-21,735.891845703125,750.6942678868086,730.9577049752305,748.5796361462824,3278100
2013-02-22,722.4991455078125,726.0235315834603,707.6967239900914,723.204022722942,4964300
2013-02-25,741.5308227539062,747.1698404174341,735.1869278824374,740.8259455459653,4067500
2013-02-26,733.0723266601562,747.1698714036207,729.54794047429,729.54794047429,3849800
2013-02-27,733.0723266601562,745.055239692101,728.1381859999436,740.1210990318885,3606300
2013-02-28,761.267333984375,775.3648772063079,747.8746679235388,749.9892994068288,6423600
2013-03-01,761.972412109375,765.496798844386,749.9894972103377,755.6285159863553,4361900
2013-03-04,773.250244140625,781.0038928968208,768.3161040230458,773.250244140625,4019300
2013-03-05,770.4306640625,787.3477143255375,766.9062785910338,780.2989433826052,3549500
2013-03-06,791.5772094726562,791.5772094726562,767.6113812250425,781.0040499516501,4825500
2013-03-07,800.7404174804688,804.2648031207876,788.7575063033843,791.5770148156394,4251300
2013-03-08,820.4771728515625,831.7552095917902,812.0186452963917,824.7064366291478,10365600
2013-03-11,840.9185791015625,842.3283336348425,821.8868929022815,835.2795609684422,4829500
2013-03-12,838.80419921875,850.0822388721114,831.7554244353992,841.6237091320904,4291700
2013-03-13,834.5748901367188,840.9187871056635,828.9358706087679,830.3456254907557,3927600
2013-03-14,836.6893310546875,842.3283492926298,816.2478899421467,841.6234720128871,3560600
2013-03-15,844.4429931640625,844.4429931640625,832.4600792376943,838.8039748457716,5131600
2013-03-18,819.0673217773438,830.3453571890799,817.6575673508767,821.8868306302778,3152700
2013-03-19,825.4112548828125,835.2795363246223,822.5917458994383,823.2966231452817,3323200
2013-03-21,826.8209228515625,835.2794489165402,823.2965369911552,828.2306771957254,2751400
2013-03-22,810.60888671875,826.821064453125,808.4942548403533,821.1820461107337,2998200
2013-03-25,806.379638671875,821.1820621090335,806.379638671875,815.5430436567826,3523200
2013-03-26,807.789306640625,812.7234472571034,797.2161481767424,798.6259026385934,2919800
2013-03-27,818.4554443359375,823.4330187150439,815.6111161193052,819.8776084442536,2395600
2013-03-28,817.0333862304688,827.699618426689,810.6336469127366,825.566371987445,3303600
2013-03-29,825.5662841796875,836.9435973122241,822.0108738257699,836.2325152414406,3616100
2013-04-01,804.2340698242188,826.9887030995282,802.1008229546584,826.2776208096748,3042400
2013-04-02,773.6575927734375,803.5230513180004,772.2354280808393,799.9676395865048,3601900
2013-04-03,816.322265625,818.4555119637413,787.8789811084496,788.5900632213633,4203700
2013-04-04,846.1879272460938,846.1879272460939,812.0559772395287,816.3224709903493,6445500
2013-04-05,852.5874633789062,883.1639945926619,851.165299136406,874.6310091376604,5846500
2013-04-08,878.1866455078125,892.4082915889106,866.0982463388791,887.4307154605264,4327200
2013-04-09,890.2749633789062,909.4741838351606,884.586305465942,894.5414568136295,4247400
2013-04-10,899.5189819335938,900.9411463319077,878.897598158041,879.608680357198,4347500
2013-04-11,930.0953369140625,934.3618292852279,908.0517929963745,909.4739571200963,5053900
2013-04-12,939.3396606445312,947.8726477207874,922.9847687483737,941.4729074135953,4952100
2013-04-15,893.8302612304688,926.5400400821804,888.1416040388667,924.4067936353297,4405200
2013-04-16,894.5416259765625,905.9189439540069,872.4980723952641,872.4980723952641,3898100
2013-04-17,909.4741821289062,910.8963466044793,891.6971261842443,897.3857840865361,2678900
2013-04-18,892.4080810546875,903.0743130991658,891.6969989183889,900.2299845539716,2360800
2013-04-19,900.2300415039062,901.6522058664717,880.3197404279905,892.4081375097966,2635900
2013-04-22,928.6734008789062,934.3620587709669,921.5625785138304,924.4069074598607,3251800
2013-04-23,912.3184204101562,923.6957350840163,908.763009574575,920.8514064155513,1862200
2013-04-24,942.1837158203125,942.1837158203125,915.8736799823113,922.9845004790684,2977000
2013-04-25,952.1392822265625,957.1168587579933,942.1841291637007,944.3173762485997,2616000
2013-04-26,935.0730590820312,957.827688656651,930.8065660367901,956.4055243082373,2629800
2013-04-30,920.1403198242188,943.6060312262274,918.7181554968244,938.6284560803468,3203700
2013-05-01,913.0293579101562,924.4066707813109,906.6296194201318,919.4290964001807,1470700
2013-05-02,908.7628784179688,918.0069452563362,900.229893644091,910.1850425469484,1920100
2013-05-07,949.2944946289062,957.8274788502897,933.6506902230367,940.7615104075229,3529800
2013-05-08,972.0493774414062,990.5375148323913,955.694486672458,959.2498977091858,5160000
2013-05-09,944.317138671875,988.4042340014354,944.3171386718749,988.4042340014354,2470300
2013-05-10,993.3818969726562,994.0929792181628,967.7829361344202,978.4491698170185,3510300
2013-05-13,942.1837158203125,962.805095260908,934.3618132738798,945.739126068691,5406900
2013-05-14,955.6944580078125,982.7155810764858,954.2722936357771,962.8052798679897,5087200
2013-05-15,1002.6257934570312,1002.6257934570312,980.5822476434369,980.5822476434369,4462900
2013-05-16,986.2708129882812,1008.3143567537006,984.1375668174342,1002.6257002981085,5066200
2013-05-17,1009.0254516601562,1014.0030261221866,981.293251085987,993.3816462080608,3454200
2013-05-20,1030.358154296875,1038.8911410819421,1011.8700162625624,1026.8027431364303,2908000
2013-05-21,1050.2685546875,1050.2685546875,1000.4927938018365,1014.7144397691688,4827100
2013-05-22,1077.28955078125,1085.1114551103547,1043.8686868296204,1050.9795089469883,4284900
2013-05-23,933.6509399414062,1055.9570798271045,930.0955288982174,1044.5797644889,9807500
2013-05-24,927.2512817382812,977.7381229985712,887.4306745470667,963.5164775731374,10299900
2013-05-27,905.9186401367188,925.1178577848282,898.0967366504519,924.4067756497129,4374000
2013-05-28,917.2960205078125,925.8290067450945,889.5638152366461,893.8303083552871,3187900
2013-05-29,921.5625,947.1614583333334,911.6073495370371,945.7392939814815,3444500
2013-05-30,883.875,902.3631335478681,876.0530973451328,889.5636564762672,5038500
2013-05-31,881.0305786132812,905.207366081281,877.4751686915166,903.0741201282221,4480700
2013-06-03,851.8765258789062,875.3422398638844,846.187867943154,873.9200753799464,3921700
2013-06-04,865.3870849609375,871.0757428735812,829.1218907678333,842.6324533103623,4025300
2013-06-05,841.9213256835938,880.3197645238928,841.2102434828474,865.3870383082209,3772700
2013-06-06,804.9451293945312,849.0322301210869,804.9451293945312,828.4108442973753,5958600
2013-06-07,798.5454711914062,821.3001061674748,775.0797538723356,795.7011418193977,7132700
2013-06-10,851.8765258789062,854.0097726048133,824.8554006840828,839.0770455234635,2854500
2013-06-11,839.7879638671875,864.6758374788316,834.0993070416689,853.2985238277943,3506400
2013-06-12,840.4991455078125,846.8988851944202,808.500447074774,814.1891045739808,2515900
2013-06-13,790.0123901367188,807.7894466204432,775.0796626903901,802.8118708050004,4569800
2013-06-14,783.6124877929688,816.3222649603703,780.7681593436295,802.1006227136739,7711600
2013-06-17,814.9002075195312,817.7445363415889,770.1020285721224,771.5241929831512,3346100
2013-06-18,807.789306640625,820.5887850909166,796.411992462588,814.1890458657708,3404200
2013-06-19,828.4105834960938,839.787896230804,819.1665168991416,822.0108450828192,3774900
2013-06-20,874.6311645507812,874.6311645507811,824.8554072186229,833.38839418985,5469100
2013-06-21,836.2327270507812,837.6548915525683,796.412121000744,810.6337660186146,8482300
2013-06-24,817.7445068359375,852.587533648947,812.766931576936,844.0545474906589,3298300
2013-06-25,809.9226684570312,824.8553954435085,791.4345302832975,813.4780796442877,4092100
2013-06-26,802.1005859375,830.5438691267731,797.1230113793772,824.8552124889185,1830900
2013-06-27,815.6112670898438,819.1666780187446,804.2339521173612,804.2339521173612,2602200
2013-06-28,843.3433227539062,858.9871280663734,829.832763620412,830.5438456800696,3761000
2013-07-01,845.4766845703125,852.5875061394488,831.9661235889535,846.8988488841397,2991400
2013-07-02,873.9200439453125,877.4754550272706,855.4319063191301,866.0981395650045,3221400
2013-07-03,877.4754028320312,887.4305532693476,871.075663265185,883.1640602247834,1896600
2013-07-04,871.7867431640625,880.3197292309212,868.2313323028714,874.6310718530154,1594700
2013-07-05,899.5189819335938,908.0519683234777,892.4081599420239,903.0743929293787,3256100
2013-07-08,925.1178588867188,947.8724872375066,924.4067767507565,931.5175981103778,6128400
2013-07-09,940.05078125,942.1840281060893,919.4293949744705,938.6286166792738,4034000
2013-07-10,937.2064819335938,950.7170457854437,929.3845765456806,940.7618934735542,3456500
2013-07-11,931.5177001953125,945.7393444731035,919.4293025591901,923.6957958425274,3294600
2013-07-12,952.1392822265625,959.2501058428923,927.2513995694081,929.3846466543071,5175700
2013-07-16,955.6944580078125,964.2274442400252,944.3171430315291,959.9609511239189,4862900
2013-07-17,952.1392822265625,952.8503645881955,942.1841291637007,946.4506233334986,3357300
2013-07-18,968.4939575195312,972.7604507244631,952.8501491014478,957.8277245072015,8714100
2013-07-19,936.4951171875,980.5822069867597,928.6732141585991,977.7378786126139,5073300
2013-07-22,931.5177001953125,944.3171800453244,927.9622891258647,943.6060978314348,3391500
2013-07-23,938.6286010742188,942.8950947154651,924.4069556033973,930.8066960652669,2450300
2013-07-24,934.36181640625,948.583457447441,930.0953240938927,940.7615548747859,2696200
2013-07-25,932.939697265625,944.3170106469131,929.3842868339724,937.206189783608,2293200
2013-07-26,897.3855590820312,912.3182823314153,894.5412308440533,912.3182823314153,2618000
2013-07-29,857.5650634765625,868.2312956093555,853.2985706234452,854.7207349078176,3220200
2013-07-30,870.3643798828125,877.4751999798943,846.8986735624426,854.7205756692325,2633300
2013-07-31,942.1837158203125,959.9607670622052,916.584762031987,955.6942747641509,8595400
2013-08-01,959.2498168945312,963.5163097791622,933.6508595867454,940.0505989136918,3894600
2013-08-02,989.8262329101562,989.8262329101562,959.9607862275222,972.0491813133503,4800900
2013-08-05,965.6495971679688,979.1601585421893,959.9609397472443,978.4490763645987,2827500
2013-08-06,950.7168579101562,965.6495834270697,935.0730502257707,952.8501044125725,4679600
2013-08-07,932.939697265625,961.3829807188453,927.251040574981,927.9621226613115,3475300
2013-08-08,928.6734008789062,957.8277725757172,922.273660750338,935.0731410074745,3011300
2013-08-09,935.7839965820312,950.7167199317445,927.9620938750386,944.316981353296,3134800
2013-08-12,946.4501342773438,958.5385281787072,925.1176744514081,934.3617403759802,2177300
2013-08-13,967.782958984375,972.7605348204446,954.9834782630535,959.2499718368273,3410700
2013-08-14,974.8935546875,979.8711293649708,958.5386664615245,972.0492263003738,3087500
2013-08-15,972.0493774414062,986.9821037956634,961.3831443312225,972.7604596487519,3292300
2013-08-16,958.5390014648438,967.0719896084478,947.1616839400385,950.7170956665401,2228600
2013-08-19,948.5838012695312,951.4281305087203,936.495402002978,945.0283897205451,2075500
2013-08-20,918.7182006835938,942.8949954384252,918.7182006835938,932.9398446570241,3046900
2013-08-21,918.7182006835938,932.2287624583525,908.7630499021926,922.2736116769514,2714400
2013-08-22,929.3844604492188,935.7842004217076,910.8963227509175,916.584980504241,3112900
2013-08-23,963.516357421875,977.0269188912592,957.8276999610816,960.6720286914783,4440400
2013-08-26,956.4053955078125,973.4713653904797,947.1613284880343,967.0716266844795,1706500
2013-08-27,965.6495971679688,969.2050080559216,952.1390357937482,959.2498575696538,3182300
2013-08-28,942.8948974609375,947.8724723344116,924.4067622166054,931.5175834644255,3490900
2013-08-29,963.516357421875,967.0717683348709,933.65090575271,941.4728097613008,3853500
2013-08-30,942.1837158203125,967.0715875589623,929.3842389261498,963.5161773105838,5364500
2013-09-02,954.272216796875,964.227366599525,938.6284099641393,946.4503133805072,2201900
2013-09-03,982.7156982421875,991.9597677625553,972.0494641802245,972.760546451022,3035900
2013-09-04,974.8935546875,981.293293558534,952.8500096872721,967.7827337196845,3443600
2013-09-05,977.7381591796875,988.4043936434658,967.0719247159091,982.0046529651988,2347600
2013-09-06,972.7603759765625,991.2485117772867,966.3606366609272,988.4041831925599,2445600
2013-09-09,997.6483764648438,999.0705409359269,987.6932251672615,999.0705409359269,3066200
2013-09-10,1018.2697143554688,1027.5137829913772,1008.3145635167979,1009.7367279223223,3278900
2013-09-11,1018.980712890625,1041.024259366277,1016.1363843131214,1030.3580272006388,3076500
2013-09-12,1009.0254516601562,1028.9357495082777,1003.3367951321216,1026.0914212442603,1998500
2013-09-13,1016.136474609375,1016.8475568169392,984.8488574765461,985.5599396841103,5685200
2013-09-17,1010.4475708007812,1030.357867762373,1007.603242663411,1023.95812945329,1642200
2013-09-18,1007.6033325195312,1031.780123843218,1006.1811683240203,1011.8698251060642,2691400
2013-09-19,1041.73486328125,1043.1570269171289,1021.8245723789463,1028.9353905583405,3416600
2013-09-20,1065.201171875,1066.6233363234312,1048.8462807180408,1052.401691839119,4330900
2013-09-24,1045.291015625,1055.246168154762,1032.4915338010205,1049.5575095663266,2996800
2013-09-25,1021.8248901367188,1033.2022027617622,1018.2694799413928,1031.7800386836318,3182300
2013-09-26,1047.6033935546875,1049.035523962828,1013.2322637593185,1016.0965245755992,2293100
2013-09-27,1041.8751220703125,1052.6161027102128,1038.294795190346,1047.6036450782592,2662300
2013-09-30,1018.2445678710938,1033.2819349071647,1010.3678518045804,1033.2819349071647,2929500
2013-10-01,1026.83740234375,1045.455095831154,1007.5036437222149,1015.3803601976551,4528300
2013-10-02,989.6022338867188,1015.3805844076463,983.8737115487348,1014.6645191153983,6797700
2013-10-03,993.182373046875,1006.7876110338185,988.1699169464221,988.1699169464221,3169000
2013-10-04,1001.0588989257812,1013.2320042775254,984.5894034498922,986.7375985119646,3037900
2013-10-07,978.8611450195312,1003.9234274450497,977.429014595216,1000.3431013842613,2542500
2013-10-08,987.4537963867188,996.0465777910993,971.7003638120214,975.9967545142116,2576700
2013-10-09,1003.92333984375,1006.0715352927737,973.848603557418,979.5771247548146,2555300
2013-10-10,1009.65185546875,1009.6518554687501,999.6269434286348,1003.9233343029699,1759700
2013-10-11,1039.7269287109375,1046.8875824899385,1024.6895557750356,1026.8377519087358,3536400
2013-10-15,1040.44287109375,1055.4802422520215,1037.5786099207457,1052.6159810790175,1959700
2013-10-16,1033.998046875,1044.7390238162222,1032.5659166161704,1040.4426330397334,1448700
2013-10-17,1037.57861328125,1051.1838538970842,1031.8500909166883,1046.1713968280926,2383100
2013-10-18,1032.5662841796875,1039.72693802282,1025.405630336555,1039.0108726385067,1576800
2013-10-21,1040.44287109375,1048.3195893195114,1034.7143487477417,1039.7268058004988,1914500
2013-10-22,1053.33203125,1057.6284229478247,1039.0107255905846,1041.8749867224678,1889200
2013-10-23,1050.4676513671875,1090.5673026804543,1049.7515861651648,1061.9246945995494,6199700
2013-10-24,1055.4803466796875,1059.7767388642724,1031.8501896644707,1039.0108433054454,2722600
2013-10-25,1028.9854736328125,1068.3690512596775,1022.5408882029619,1056.9120104954984,3445800
2013-10-28,1063.3568115234375,1069.8013982599432,1043.3069861209754,1044.7391165068655,2701000
2013-10-29,1063.3568115234375,1090.5672888553504,1049.751572857481,1081.2584413470645,3995000
2013-10-30,1071.2337646484375,1084.1229409610523,1056.912457634421,1061.9249150893268,5178300
2013-10-31,1051.1839599609375,1071.9498556277408,1045.455437018371,1071.9498556277408,4664600
2013-11-01,1041.1588134765625,1066.9371609904251,1032.5660309719417,1066.9371609904251,3197500
2013-11-05,1038.294677734375,1056.1963101091055,1033.2822206694505,1054.0481142241379,2129900
2013-11-06,1049.7518310546875,1058.3446154835117,1035.430523673314,1037.5787197805198,1707400
2013-11-07,1039.7269287109375,1049.0357786236389,1036.1466018214371,1046.8875824899385,1632700
2013-11-08,1021.8253173828125,1026.1217097474214,1011.8004018653918,1017.5289250182036,2781900
2013-11-11,1033.998046875,1044.7390238162222,1028.2695258396814,1042.5908284279778,2134300
2013-11-12,1055.4803466796875,1056.9124774078825,1033.9983857567631,1033.9983857567631,2496400
2013-11-13,1084.122802734375,1086.9870637719823,1059.7765839147125,1059.7765839147125,5310400
2013-11-14,1093.4315185546875,1102.7403657984407,1077.678084757567,1087.7029971739164,3868300
2013-11-15,1112.0491943359375,1115.6295201386934,1102.7403472487724,1102.7403472487724,4026500
2013-11-18,1107.0367431640625,1122.7901767666558,1104.1724825090455,1117.0616554566218,4548800
2013-11-19,1104.8887939453125,1113.4815778256389,1097.728140711707,1097.728140711707,4264800
2013-11-20,1100.59228515625,1117.0617858449903,1099.8762199089135,1107.0368723822787,3336400
2013-11-21,1109.18505859375,1114.9135805232206,1096.295884252441,1100.5922756995442,3120200
2013-11-22,1110.6173095703125,1122.0743546722629,1102.7405910627217,1120.6422240345191,3130600
2013-11-25,1123.50634765625,1126.370608580804,1114.9135648825884,1122.7902824251116,2689400
2013-11-26,1121.3580322265625,1131.382944392062,1121.3580322265625,1122.7901625359195,3541900
2013-11-27,1121.3580322265625,1133.5311398560975,1119.209836762527,1121.3580322265625,2875000
2013-11-28,1139.260009765625,1141.4082058871188,1129.9511599058178,1138.5439443917937,2557400
2013-11-29,1143.5560302734375,1145.7042256966186,1122.7901411826863,1142.1238999913166,3344500
2013-12-02,1139.9759521484375,1152.1490621902235,1132.0992338861054,1139.9759521484375,2650300
2013-12-03,1137.1114501953125,1143.5560364999458,1131.3829290356384,1141.407841065068,2320000
2013-12-04,1112.7652587890625,1124.2223013505973,1103.4564117078155,1117.777714909734,3267700
2013-12-05,1099.8763427734375,1122.0743679205575,1098.4442121187844,1109.9012573560078,2604600
2013-12-06,1127.086669921875,1130.66699606521,1104.1725826045308,1109.9011044338667,3595200
2013-12-09,1155.729248046875,1155.729248046875,1144.2722046957288,1145.704335114622,3434400
2013-12-10,1151.432861328125,1155.0131873894686,1142.8400787809,1152.8649917526625,2563400
2013-12-11,1155.729248046875,1159.3095740941083,1139.2597482296023,1142.8400742768354,3261200
2013-12-12,1150.7169189453125,1152.8651148114207,1138.5438090373657,1144.2723313469878,2894000
2013-12-13,1175.779052734375,1196.5449434343122,1157.877422820636,1173.6308571447264,9440700
2013-12-16,1162.889892578125,1177.2111966739149,1150.7167840967038,1175.7790662643358,4231900
2013-12-17,1172.9149169921875,1179.3595044481885,1168.6185253548535,1172.1988517192985,3492500
2013-12-18,1218.0269775390625,1220.1751732666446,1173.6309325023653,1175.7791282299474,7042900
2013-12-19,1237.3607177734375,1257.4105442188404,1224.4715436299641,1253.1141528376827,6204100
2013-12-20,1233.0645751953125,1233.7806405699903,1215.8790062030432,1227.3360521978893,4077200
2013-12-24,1222.3231201171875,1235.212291858318,1218.0267295368108,1223.039185213917,3179200
2013-12-25,1223.039306640625,1226.6196324797368,1213.0143942911116,1220.8911111371578,2486000
2013-12-26,1230.9158935546875,1233.7801539236339,1223.7552426323216,1228.7676982779778,2011300
2013-12-27,1237.3607177734375,1238.0767830036305,1220.1751522488064,1236.6446525432445,3535900
2013-12-30,1255.978271484375,1258.1264669316115,1236.6445124592449,1250.2497502917438,2955300
2014-01-06,1243.0892333984375,1251.6820161177814,1232.3482549992573,1250.9659508911695,3085200
2014-01-07,1230.2000732421875,1239.508921293496,1225.187616599175,1232.3482689463356,3828300
2014-01-08,1243.0892333984375,1244.5213638516614,1228.0518636395852,1231.6321897726455,3377000
2014-01-09,1222.3231201171875,1239.5086824386947,1218.0267295368108,1238.792617341965,4064200
2014-01-10,1250.9658203125,1252.397950616235,1208.7179763523181,1210.1501066560531,6505200
2014-01-14,1222.3231201171875,1225.1873805041055,1208.0018181825983,1213.730338956434,4108200
2014-01-15,1238.076904296875,1244.521491999982,1230.2001859930776,1235.212643095494,4023400
2014-01-16,1228.76806640625,1246.6696990753387,1225.9038051791958,1242.3733072347575,3704700
2014-01-17,1225.187744140625,1231.632331923948,1219.45922166656,1224.471678831367,2868700
2014-01-20,1212.29833984375,1230.91603437177,1211.5822746695956,1226.6196433268422,2503900
2014-01-21,1202.9893798828125,1219.4588773454939,1202.2733147757394,1211.5821611676897,3771000
2014-01-22,1215.8785400390625,1224.4713212407519,1203.705433336669,1210.150019237936,4338700
2014-01-23,1213.0145263671875,1234.4964837408686,1212.2984611213983,1220.1751788250813,3431300
2014-01-24,1172.9149169921875,1200.1253973619696,1161.4578726259633,1195.1129404517467,4728900
2014-01-27,1136.3955078125,1144.2722252579554,1128.5187903670449,1130.666986033987,3762000
2014-01-28,1162.173828125,1178.6433278458103,1147.136458814695,1157.8774368934844,4193000
2014-01-29,1221.6075439453125,1223.755740095275,1188.668536312555,1193.6809939958007,4946500
2014-01-30,1180.0755615234375,1202.2735848287934,1172.1988435763758,1202.2735848287934,4871900
2014-01-31,1165.0379638671875,1192.2484387454624,1154.2969869415526,1190.1002433603353,3754400
2014-02-03,1150.7169189453125,1193.6808362674772,1147.8526577905016,1193.6808362674772,3425700
2014-02-04,1054.0477294921875,1099.1598266103995,1054.0477294921875,1099.1598266103995,6430600
2014-02-05,1102.74072265625,1112.7656383167614,1068.3695832487826,1084.1230221438718,6936600
2014-02-06,1114.9136962890625,1144.9884395415613,1107.03697781817,1144.9884395415613,4441300
2014-02-07,1124.938720703125,1145.7046168841503,1118.4941322331517,1140.6921591852822,2604900
2014-02-10,1133.531494140625,1149.2849324672793,1124.2226442203294,1144.9885401963736,2620100
2014-02-12,1147.1365966796875,1157.8775760493475,1139.2598784752702,1144.9884008057554,3248400
2014-02-13,1119.9259033203125,1149.2845746989142,1116.3455775424343,1149.2845746989142,2348700
2014-02-14,1100.59228515625,1124.9385035656921,1092.715567435548,1112.0493291136345,3798600
2014-02-17,1115.629638671875,1119.2099648550325,1085.554898733352,1100.5922687026134,1729200
2014-02-18,1147.1365966796875,1150.7169231362407,1121.3582461925034,1123.5064420664355,2246300
2014-02-19,1121.3580322265625,1140.6917914028827,1114.9134458344558,1139.9757262482042,2935300
2014-02-20,1090.567138671875,1119.2097424452663,1084.122552822862,1119.2097424452663,3294400
2014-02-21,1146.42041015625,1149.2846710186016,1114.197475454794,1115.6296058859698,4218000
2014-02-24,1148.5684814453125,1167.186175034825,1128.5186575796836,1152.8648722736616,3188400
2014-02-25,1144.272216796875,1154.2971298351456,1137.1115646266817,1150.716803750049,2385100
2014-02-26,1122.7901611328125,1144.272115746323,1120.6419656714613,1135.6793339009187,3312400
2014-02-27,1104.8887939453125,1114.91370847236,1092.7156834481832,1097.728140711707,4069400
2014-02-28,1114.197509765625,1119.9260316667335,1091.9994873988292,1095.579813587022,3004400
2014-03-03,1088.4189453125,1091.9992707905017,1062.640601870888,1081.2582943564967,2967500
2014-03-04,1092.7158203125,1097.7282782038417,1073.3820541601817,1080.5427082906701,2894300
2014-03-05,1102.74072265625,1122.7905539772728,1099.8764610389612,1112.7656383167614,2916200
2014-03-06,1123.50634765625,1127.0866738119423,1095.5798036418498,1110.6171734957577,3225900
2014-03-07,1119.2100830078125,1138.54384643789,1112.0494298855615,1136.3956505012145,1957800
2014-03-10,1113.4813232421875,1119.925909678959,1103.4564110072097,1107.036736805416,2544200
2014-03-11,1116.345703125,1127.8027469030628,1102.7404636385504,1124.938485958547,2537900
2014-03-12,1086.9869384765625,1115.6295455510437,1084.8387429459765,1099.160046483217,2354000
2014-03-13,1084.8388671875,1101.3083681415017,1082.6906714108911,1089.135258740718,1739500
2014-03-14,1040.44287109375,1052.6159810790175,1038.294675213997,1046.8874587330092,5732500
2014-03-17,1028.269775390625,1039.0107549385773,1021.1091223586568,1031.1340366034121,2032100
2014-03-18,1048.31982421875,1056.912609663166,1039.0109733206327,1049.7519551261528,1992500
2014-03-19,1046.171142578125,1064.072770616765,1034.7141006333954,1059.0603147659458,2459500
2014-03-20,1026.1214599609375,1060.49259051092,1026.1214599609375,1056.9122644119636,2706900
2014-03-24,1005.3557739257812,1033.9983885675413,998.1951202653412,1025.4056041750134,4240100
2014-03-25,1039.7269287109375,1050.4679093794389,994.6148099032316,998.9112021706321,4813500
2014-03-26,1049.7518310546875,1059.776746221649,1036.8626544114513,1049.0357656856188,2550100
2014-03-27,1064.9129638671875,1069.244813211732,1036.7559431276484,1057.6932149596134,3888300
2014-03-28,1067.0792236328125,1070.6890992202036,1042.532069638553,1055.527621753161,2862600
2014-03-31,1108.9537353515625,1112.56361079216,1070.6890556812286,1082.2406570911407,4033700
2014-04-01,1127.0032958984375,1131.3351471318717,1109.6758909647012,1113.285766992563,4100700
2014-04-02,1113.28564453125,1129.1690973066634,1111.1197191527847,1122.6713211712672,4277800
2014-04-03,1116.17333984375,1124.115064771487,1103.1777899619988,1107.5096399225824,2306400
2014-04-04,1114.0076904296875,1121.2274421499058,1108.2318890535128,1108.9538642255347,1691600
2014-04-07,1098.8460693359375,1109.6756955120472,1091.6263185518644,1100.2900194927522,2259700
2014-04-08,1062.7471923828125,1093.7921171602995,1060.5812673983366,1093.7921171602995,3012900
2014-04-09,1038.1998291015625,1051.1953763364916,1036.7558794087925,1044.697602719027,2686100
2014-04-10,1037.4781494140625,1059.8593760193764,1035.3122242587096,1049.751725294396,2463100
2014-04-11,1016.5407104492188,1023.0384848768061,997.0473871664568,999.2133119756526,3403600
2014-04-14,1016.5407104492188,1032.4241590499878,1005.7110864032398,1010.7649109580301,2469800
2014-04-15,1007.8770141601562,1041.8098362701328,1007.1550392216461,1040.3658863931125,3405500
2014-04-16,1041.087890625,1041.087890625,1012.9308672308425,1016.5407420249653,2613800
2014-04-17,1028.8140869140625,1052.6392552425987,1028.092112116228,1039.643708881579,3588400
2014-04-18,1045.4197998046875,1046.8637498044177,1025.9264748083294,1034.5901748067108,1748000
2014-04-21,1045.4197998046875,1059.85929980199,1041.809924805362,1046.8637498044177,1495300
2014-04-22,1024.4825439453125,1051.195619439306,1024.4825439453125,1049.7516694126036,2025000
2014-04-23,1028.8140869140625,1038.9217340837445,1017.9844649465462,1028.092112116228,2937300
2014-04-24,1032.4244384765625,1041.8101151899857,1024.4827120267428,1032.4244384765625,2142000
2014-04-25,1036.033935546875,1047.5855334345056,1020.8724633193597,1029.5361617350827,1599700
2014-04-28,1023.7608032226562,1030.2585798298521,1011.4872251868416,1017.9850017940375,2011800
2014-04-30,1018.706787109375,1038.2001132978605,1015.0969118892851,1032.4243129457168,1684900
2014-05-01,1039.6436767578125,1043.97552541097,1025.2041812472874,1025.2041812472874,1992800
2014-05-02,1030.2586669921875,1034.5905184301364,1024.4828650749223,1032.424592711162,1404100
2014-05-07,986.9397583007812,1015.818756349085,986.9397583007811,1013.6528314954621,3722100
2014-05-08,991.271728515625,1006.4332043341451,987.6618533207392,996.325553788465,2331700
2014-05-09,999.9351806640625,1007.8769041206001,989.827532628469,991.2714823478395,2540800
2014-05-12,934.957275390625,950.1187447212839,934.957275390625,934.957275390625,5581700
2014-05-13,985.49609375,988.3839943910257,945.7874599358975,947.9533854166667,5375000
2014-05-14,991.9937133789062,1006.4332143014522,987.6618631021424,994.1596385172882,3548600
2014-05-15,985.49609375,991.2718950320514,975.3884415064103,985.49609375,2335500
2014-05-16,961.6708374023438,967.4466382275831,950.1192357518652,960.9488622991889,3362300
2014-05-19,941.4553833007812,964.5585828909844,939.2894583391998,954.4509330702706,2914300
2014-05-20,953.7288818359375,960.2266562012088,946.5091325411915,948.6750573296154,2279200
2014-05-21,938.567626953125,943.6214526367188,932.0698510742187,941.45552734375,3437700
2014-05-22,960.9488525390625,963.8367529223505,945.7873755268008,947.9533008142668,3623800
2014-05-23,984.7737426757812,994.8813910610165,963.836471020651,967.4463454439493,5405800
2014-05-26,1012.93115234375,1016.5410281539557,996.3257236168032,1004.267450399256,3683300
2014-05-27,1018.706787109375,1033.8682630337528,1015.0969118892851,1017.2628370213391,2962800
2014-05-28,1004.9892578125,1017.2628335185434,1001.3793826048401,1009.3211080616917,3906300
2014-05-29,1001.3795776367188,1004.9894535474496,995.6037761795495,996.3257513616957,2008700
2014-05-30,987.661865234375,1004.2672913311518,986.2179151390031,999.9354410450361,3065400
2014-06-02,1017.9848022460938,1024.4825775795794,998.4914762456366,999.9354263197445,2885100
2014-06-03,1030.2586669921875,1046.142122264667,1027.370766033555,1043.9761965456926,3025700
2014-06-04,1022.316650390625,1030.2583757820776,1015.8188750703456,1026.6485006041446,3313500
2014-06-05,1021.5948486328125,1036.7563269517448,1017.9849728425907,1032.4244760034785,2556700
2014-06-06,1020.8726806640625,1031.7023059893531,1017.9847805773182,1028.814405902609,2961300
2014-06-09,1017.9848022460938,1038.2001032836047,1012.9309769867159,1038.2001032836047,2827700
2014-06-10,1015.0969848632812,1025.204636206159,1011.4871093836822,1022.3167358224796,2142200
2014-06-11,1022.316650390625,1025.2045505329713,1015.0969000347591,1015.8188750703456,1815700
2014-06-12,1012.2091064453125,1014.3750317800743,1001.379479771504,1009.3212059989636,1952800
2014-06-13,1014.3748168945312,1017.2627167291064,991.2716182179298,991.9935931765735,3641100
2014-06-16,997.7695922851562,1014.3750196531437,992.7157665644644,1011.4871192413198,2526200
2014-06-17,988.384033203125,1000.6576114094457,985.4961324486966,999.9356362208387,3247200
2014-06-18,994.8818359375,995.6038111450018,976.8324557499546,988.3840590699837,4133100
2014-06-19,1010.7647705078125,1020.8724182128907,991.2714499337333,996.3252737862724,3291000
2014-06-20,1040.3658447265625,1054.0833680088697,1025.204371625065,1028.0922712634456,7792200
2014-06-23,1057.6932373046875,1064.9129863647877,1049.029538432567,1049.029538432567,4395800
2014-06-24,1044.69775390625,1053.361453316668,1036.034054495832,1052.6394783658,3658000
2014-06-25,1036.033935546875,1042.5317093586673,1033.1460360749672,1040.3657847547365,1944400
2014-06-26,1041.087890625,1051.1955400485435,1038.1999907897018,1043.9757904602982,1990400
2014-06-27,1033.146484375,1046.1420376375786,1019.428955931167,1045.420062456324,3406800
2014-06-30,1028.8140869140625,1035.3118600945725,1020.1503893400494,1033.1459357010692,2936300
2014-07-01,1056.97119140625,1064.9129148389472,1029.5361468205685,1032.4240462506405,3685000
2014-07-02,1053.36181640625,1064.1914444022018,1050.4739156073294,1063.4694692024716,2262800
2014-07-03,1048.3077392578125,1057.6934146092942,1039.6440389333677,1055.5274895281832,2730300
2014-07-04,1062.0252685546875,1068.5230438211677,1057.693418377034,1064.9131686731232,2271800
2014-07-07,1064.1907958984375,1078.630291093803,1060.5809220995961,1068.5226444570471,2164200
2014-07-08,1074.2989501953125,1077.908825700001,1041.8100706531156,1049.0298216624926,4192100
2014-07-09,1087.29443359375,1088.016408649257,1063.4692567620145,1064.1912318175216,3772700
2014-07-10,1075.0206298828125,1092.3480275437846,1071.4107553701099,1085.8502534209201,2784300
2014-07-11,1067.0792236328125,1072.13304945516,1058.4155222230738,1059.137497340552,2506600
2014-07-14,1072.133056640625,1075.0209571298926,1060.5814546835543,1071.411081518308,2302700
2014-07-15,1078.630615234375,1089.4602398853226,1071.4108654670767,1082.962465094754,2389300
2014-07-16,1068.5228271484375,1081.5183750461888,1066.3569024988124,1078.6304755133551,2299800
2014-07-17,1080.796630859375,1088.7383562698312,1076.4647806354897,1086.5724311578888,4241200
2014-07-18,1068.5228271484375,1075.7425759805217,1056.2492541338947,1066.3569024988124,2856800
2014-07-22,1079.7137451171875,1084.4065831935911,1059.8594301785565,1061.3033803559115,2691400
2014-07-23,1082.2406005859375,1091.9872637666647,1079.3527003842405,1082.9625756363616,2291500
2014-07-24,1079.7137451171875,1089.4604088143337,1073.2159693190902,1082.6016454718974,2478200
2014-07-25,1085.1285400390625,1085.850515115602,1073.5769388144286,1079.7137269650154,1976000
2014-07-28,1091.6259765625,1095.2358508236193,1079.3524040746943,1079.3524040746943,3131800
2014-07-29,1101.011962890625,1102.0949254770746,1086.2114742091444,1098.4850501889089,2480800
2014-07-30,1111.48046875,1111.8414562357907,1095.597019375203,1097.0409693183663,2658300
2014-07-31,1102.816650390625,1125.5588595476165,1101.7336880498158,1117.25614826808,2922700
2014-08-01,1111.841552734375,1133.1398162445464,1102.816864806336,1129.8909285904524,4529200
2014-08-04,1106.065673828125,1112.5634486743738,1095.9580240672935,1106.4266613195834,2189600
2014-08-05,1093.4312744140625,1106.0658384961,1089.0994238716496,1101.012012863285,2161000
2014-08-06,1092.34814453125,1099.9288818198013,1085.1283947326297,1090.543207081595,2683600
2014-08-07,1119.422119140625,1129.5297680719173,1097.401883968881,1102.816695896359,4665900
2014-08-08,1083.3231201171875,1112.9240850787367,1080.7962084741284,1103.5384132616603,3866100
2014-08-11,1116.17333984375,1117.9782773273266,1099.9289024915608,1108.231614916013,2706600
2014-08-12,1112.924560546875,1117.978385992109,1107.870735101641,1115.8124608012945,1795700
2014-08-13,1103.8997802734375,1107.8706427924067,1097.7629927441214,1105.3437302803354,2748800
2014-08-14,1101.011962890625,1111.841588755123,1097.402087602459,1111.841588755123,3286500
2014-08-15,1101.372802734375,1107.1486024209532,1091.2651532828631,1099.5678653323193,2903500
2014-08-18,1094.5140380859375,1101.7337876775334,1085.128363616863,1098.4849003613153,3114700
2014-08-19,1103.8997802734375,1109.675580301029,1102.4558302665396,1109.3145927993046,1637300
2014-08-20,1098.4849853515625,1111.841523129416,1095.9580727989955,1111.841523129416,2430400
2014-08-21,1105.704833984375,1111.1196470793034,1099.5680458101228,1110.0366844603177,2456200
2014-08-22,1108.9537353515625,1114.007560968399,1103.5389221906662,1108.9537353515625,2424000
2014-08-25,1111.841552734375,1121.9492032137784,1108.9536525974027,1119.4222905939275,1315100
2014-08-26,1110.397705078125,1116.1735058847732,1108.5927673260474,1113.285605481449,1452000
2014-08-27,1110.397705078125,1116.5344934351888,1102.094991418568,1108.9537548764629,1900700
2014-08-28,1109.6759033203125,1112.9247917815626,1101.73417597059,1101.73417597059,1858800
2014-08-29,1099.56787109375,1101.7337959875656,1087.6552841777639,1099.56787109375,3378000
2014-09-01,1106.4266357421875,1112.202435472,1094.153061316336,1094.5140487994495,1211400
2014-09-02,1126.641845703125,1132.7786324307613,1111.4803726113175,1111.8413600658844,2569300
2014-09-03,1126.641845703125,1141.4423313403656,1123.3929586120234,1134.5835697035957,2783600
2014-09-04,1119.061279296875,1128.8079420520412,1117.6173292590724,1127.3639920142389,1871200
2014-09-05,1120.1444091796875,1132.417986334734,1117.9784837993852,1132.0569987713502,1622400
2014-09-08,1126.2811279296875,1127.7250780937,1116.1734767816006,1121.5882898966472,2388000
2014-09-09,1125.55908203125,1134.9447575068152,1124.476119476377,1133.5008074336513,1817700
2014-09-10,1128.8079833984375,1129.8909459664565,1113.6465074461719,1118.3393452409207,1872200
2014-09-11,1132.0567626953125,1143.6083623146524,1128.4468878142686,1138.9155249692956,2300300
2014-09-12,1141.8037109375,1145.7745743014939,1127.725195374249,1137.1108724164164,4644600
2014-09-16,1130.973876953125,1137.8326396923874,1119.7832640627494,1134.9447395916454,2008200
2014-09-17,1128.8079833984375,1132.7788461478403,1124.8371206490347,1131.6958835798214,1996200
2014-09-18,1143.6082763671875,1151.5500005086265,1141.8033390623152,1141.8033390623152,2939900
2014-09-19,1156.6041259765625,1164.1848646299668,1145.413511773918,1155.1601757568665,3632100
2014-09-22,1166.3504638671875,1167.794413683179,1152.6329406152677,1161.6576269652148,2891000
2014-09-24,1163.462646484375,1164.9065964024444,1143.9693225904389,1147.9401848651296,2272000
2014-09-25,1181.8731689453125,1181.8731689453125,1167.7946553262327,1172.4874931992592,3134400
2014-09-26,1180.4185791015625,1185.5097251605341,1165.1451409246476,1165.1451409246476,3373300
2014-09-29,1185.509521484375,1189.1460537588669,1180.7820295275353,1182.6002956647815,2086500
2014-09-30,1178.6002197265625,1184.7823251678929,1163.6904360151188,1184.7823251678929,3147800
2014-10-01,1157.8720703125,1178.6003077521395,1156.7811104472557,1178.6003077521395,2959300
2014-10-02,1118.2340087890625,1142.5987823138973,1115.6884354357214,1139.3259022881732,3001000
2014-10-03,1112.4154052734375,1123.6886571738876,1100.7785000858762,1112.779058560549,3155100
2014-10-06,1133.8709716796875,1139.689424388756,1121.5067596729173,1130.9617453251533,2783200
2014-10-07,1132.77978515625,1145.1439946892556,1122.2338417310393,1126.2340271681883,3135100
2014-10-08,1097.5054931640625,1111.3243164709659,1092.0506944902847,1106.5968242870251,4051400
2014-10-09,1087.3232421875,1102.596679034281,1085.5049758962166,1096.778226902174,2935000
2014-10-10,1069.867919921875,1074.9590656998853,1062.5948545247174,1070.2315731917329,3538600
2014-10-14,1037.138916015625,1054.9579226372118,1034.9569968374715,1036.4116096229072,3933700
2014-10-15,1048.412353515625,1051.321579609321,1035.6844893557059,1046.594087207065,3234400
2014-10-16,1022.9569702148438,1034.2302251301157,1018.2294762181167,1018.9567829868439,2993100
2014-10-17,1010.2289428710938,1027.68430257513,1009.8652895439265,1019.6839293774467,5407600
2014-10-20,1050.9578857421875,1054.2307649711424,1028.7750376348265,1044.048474036616,4020700
2014-10-21,1029.865966796875,1056.0489998510327,1026.9567409019685,1054.5943869035796,2991400
2014-10-22,1060.0491943359375,1062.2311137753939,1041.8665323404668,1047.6849841790174,2853100
2014-10-23,1038.2298583984375,1052.0486796310613,1028.7748754498002,1050.5940668697324,4081900
2014-10-24,1049.503173828125,1056.7762380958181,1042.2301095604319,1053.867012388741,2495900
2014-10-27,1053.866943359375,1058.230781634155,1042.59369448286,1052.77598379068,2486100
2014-10-28,1032.775146484375,1049.5031946316572,1026.5930417342925,1047.6849285286917,3742200
2014-10-29,1030.95703125,1041.8666294642858,1017.1382068452382,1033.5026041666667,6007400
2014-10-30,1042.5936279296875,1050.9576507557715,1030.2294202737373,1038.2297899334699,4204100
2014-10-31,1076.7772216796875,1082.2320201684397,1000.046389604573,1008.0467607214096,9669600
2014-11-04,1107.687744140625,1167.6905273918408,1105.5058247496718,1156.7809304370744,8517200
2014-11-05,1094.5963134765625,1113.869936271997,1079.3228765443314,1105.505911285299,7494200
2014-11-06,1105.5057373046875,1119.3245590209963,1098.5963264465333,1102.9601648832622,5265500
2014-11-07,1103.687744140625,1113.8700363435698,1097.1419848673033,1106.5969704843235,2825500
2014-11-10,1106.9605712890625,1110.960757321973,1096.0509730174883,1100.0511590503988,2599300
2014-11-11,1110.5970458984375,1119.6883773154188,1098.5964884280222,1112.778965438513,3301000
2014-11-12,1106.5966796875,1130.234137518485,1104.7784137005012,1125.1429927548884,3123300
2014-11-13,1117.5064697265625,1121.8703088533828,1106.2332186489434,1109.1424447334903,2299800
2014-11-14,1130.234375,1134.5982142857144,1116.415550595238,1132.4162946428573,5063300
2014-11-17,1088.77783203125,1141.1439001048973,1085.504952776647,1136.4164078482486,5319600
2014-11-18,1116.052001953125,1118.2339218005407,1106.2333626397544,1109.1425891029753,3395100
2014-11-19,1118.2340087890625,1137.871288943407,1114.2338220909553,1125.5070755128938,3764300
2014-11-20,1110.9605712890625,1125.1430466672207,1107.3240391408167,1120.779208089326,3580400
2014-11-21,1091.6871337890625,1103.6876918886758,1074.959083104753,1103.6876918886758,6313800
2014-11-25,1109.1424560546875,1109.1424560546875,1088.777873254995,1101.869390769083,4674500
2014-11-26,1113.8699951171875,1120.7794074277415,1105.1423164091195,1106.2332762476278,3155400
2014-11-27,1097.5054931640625,1111.6879697158843,1097.5054931640625,1106.2331710421067,2562100
2014-11-28,1122.59765625,1124.4159226190477,1097.8692336309525,1097.8692336309525,3363000
2014-12-01,1148.41748046875,1148.41748046875,1115.6886732356318,1118.597900545242,4525700
2014-12-02,1155.690185546875,1159.3267185410439,1142.598666767867,1149.144426157371,3484200
2014-12-03,1153.1444091796875,1170.5997644747442,1148.053263885296,1163.6903530037844,3073500
2014-12-04,1148.41748046875,1161.5090033619972,1137.1442246440092,1158.5997760523867,4771000
2014-12-05,1149.8714599609375,1150.5987663872252,1138.5982103534773,1141.8710892717722,3251800
2014-12-08,1169.87255859375,1170.2362118603319,1151.6898952646584,1161.8721867289496,4232900
2014-12-09,1173.872802734375,1182.2368282804998,1156.4174450728974,1161.144937772881,5039000
2014-12-10,1130.9615478515625,1170.5997500109902,1121.506563850231,1156.4172740089932,3856400
2014-12-11,1112.051513671875,1115.3243925544934,1096.7780788863229,1105.5057559066383,2735900
2014-12-12,1108.4150390625,1122.9611681840552,1097.1417889932948,1097.8690954493725,5628100
2014-12-15,1076.4134521484375,1089.5049671069996,1066.2311627362226,1085.141128787479,3458200
2014-12-16,1057.8675537109375,1064.7769670902803,1048.4125669813106,1056.0492870321632,3422100
2014-12-17,1051.6854248046875,1061.8677179909016,1044.048704915027,1049.139851508134,3074500
2014-12-18,1076.0499267578125,1089.1414432712568,1072.0497411564825,1083.6866447239884,3034900
2014-12-19,1107.323974609375,1107.687627803007,1089.1413149277762,1098.9599511558395,3111200
2014-12-22,1114.233642578125,1118.597481909371,1108.4151901364637,1109.1424966916716,2974500
2014-12-24,1127.688720703125,1131.6889064263544,1123.6885349798956,1130.234293436089,1747900
2014-12-25,1122.2342529296875,1132.7802002190463,1117.8704126720218,1128.4163599613805,1312300
2014-12-26,1115.324462890625,1123.6884872292244,1112.0515838016079,1122.2338743007722,1700400
2014-12-29,1111.3243408203125,1130.2343099703962,1095.3235976933186,1130.2343099703962,2524700
2014-12-30,1100.4146728515625,1112.4152294292562,1100.0510196219354,1111.324269740375,2278200
2015-01-05,1093.868896484375,1102.2329206263764,1070.9587433997622,1095.3235093786361,4104100
2015-01-06,1057.14013671875,1071.6862686309446,1056.7764834209452,1069.1406955463106,3357300
2015-01-07,1056.049072265625,1070.2315494758038,1048.7760070296358,1048.7760070296358,2337600
2015-01-08,1092.7779541015625,1116.0517607779352,1076.413558782238,1112.7788817140702,6272700
2015-01-09,1085.5048828125,1103.3238909390705,1073.8679795461685,1100.0510118954146,5027400
2015-01-13,1088.4141845703125,1089.5051443276498,1055.6853918501895,1072.0497882102509,5018500
2015-01-14,1073.50439453125,1081.5047660352093,1065.8676762774708,1079.3228465341294,5646700
2015-01-15,1060.7764892578125,1093.8689337290025,1049.8668921793983,1081.8683769427469,6182700
2015-01-16,1051.6854248046875,1053.867344773162,1028.4116118076267,1042.9577449307897,5926000
2015-01-19,1082.9593505859375,1086.5958829922033,1067.3222612389948,1069.5041806827544,4948200
2015-01-20,1092.7779541015625,1100.7783251465655,1078.595478158148,1079.3227846167845,3009400
2015-01-21,1087.6868896484375,1091.6870754679403,1078.5955582404767,1090.9597689553034,4275400
2015-01-22,1083.6865234375,1089.141321374266,1072.7769275639682,1081.868257458578,3412500
2015-01-23,1095.32373046875,1108.77890245658,1091.6871974990663,1101.142183220244,2916400
2015-01-26,1101.8692626953125,1103.6875288053707,1084.0502548167415,1087.686787036858,2147300
2015-01-27,1115.324462890625,1120.051954908094,1107.6877450162515,1112.7788902658338,3820500
2015-01-28,1110.5970458984375,1114.9608849785886,1101.5057144814562,1106.960513331645,3235400
2015-01-29,1111.3243408203125,1117.5064461193783,1102.596662751043,1104.4149290154742,4420700
2015-01-30,1112.779052734375,1119.3248118681067,1109.142519882302,1114.9609724456188,3767300
2015-02-02,1112.779052734375,1115.3246257308263,1092.4144687627656,1095.323695044424,3658700
2015-02-03,1104.7786865234375,1117.870204862754,1100.4148470769985,1112.7790588419086,3432300
2015-02-04,1070.9586181640625,1084.4137858625584,1033.5023405168984,1036.7752191462623,9278000
2015-02-05,1033.866455078125,1059.6858424543286,1021.1385880616866,1054.5946956477533,8819800
2015-02-06,1024.0474853515625,1043.684759573503,1022.5928724462336,1039.6845740838485,9123000
2015-02-09,1048.048583984375,1049.5031968698495,1025.5020842595202,1031.3205358014184,6031300
2015-02-10,1046.5941162109375,1061.8675536261076,1040.7756638623014,1053.1398751031534,4548100
2015-02-12,1060.0491943359375,1067.685912374035,1054.9580489772056,1066.9586058942164,4131600
2015-02-13,1067.685791015625,1071.322323001373,1056.0488886612313,1064.7765654270265,5625000
2015-02-16,1086.5958251953125,1088.777744523014,1073.8679624503875,1083.686599425044,4862500
2015-02-17,1090.959716796875,1096.0508621419272,1077.1408937174479,1079.3228131510416,3472700
2015-02-18,1112.779052734375,1116.415585586448,1090.9598556219364,1108.05156002668,5150900
2015-02-19,1118.5975341796875,1123.6886803040425,1112.7790814661391,1112.7790814661391,3107200
2015-02-20,1125.1431884765625,1128.0524145618283,1117.1428167420813,1120.0520428273471,3341400
2015-02-23,1123.324951171875,1137.8710819737123,1117.5064988511401,1129.5070567626558,3404200
2015-02-24,1128.77978515625,1130.2343982814514,1117.5065334359394,1122.9613326554445,3360800
2015-02-25,1129.507080078125,1137.1437989067279,1124.7795874699423,1129.1434268005723,4081200
2015-02-26,1130.59814453125,1132.0527577760633,1115.3247054607089,1119.3248918839458,3468600
2015-02-27,1128.052490234375,1137.5074756457527,1118.2338515379442,1134.5982493653287,3849300
2015-03-02,1129.1434326171875,1134.9618850880006,1117.142874396135,1128.4161260583357,4224100
2015-03-03,1131.3253173828125,1141.507608892526,1122.5976389459152,1137.5074229422814,2960000
2015-03-04,1125.1431884765625,1129.8706808651193,1120.4156960880055,1128.0524145618283,3383600
2015-03-05,1141.5079345703125,1142.9625480581371,1112.0520114418655,1117.5068120212075,4733500
2015-03-06,1138.5982666015625,1151.6897829214784,1132.7798149038222,1141.143839219324,4425500
2015-03-09,1141.8712158203125,1148.7806276357858,1126.2341259221362,1129.1433519497039,4059200
2015-03-10,1145.871337890625,1152.4170960886672,1138.2346199929088,1140.052886159032,3708500
2015-03-11,1145.871337890625,1151.689789622218,1135.3253941271123,1139.3255796925826,2085100
2015-03-12,1151.3265380859375,1154.963071686967,1128.0527230393486,1141.1442440030548,5211500
2015-03-13,1158.599365234375,1172.0545367703676,1142.5986207050867,1152.053606108757,7084800
2015-03-16,1159.690185546875,1162.5994114748696,1146.598668870899,1153.144427208887,3070300
2015-03-17,1175.3271484375,1176.7817612449721,1158.2354479497021,1164.4175523814588,3110900
2015-03-18,1188.0550537109375,1188.0550537109375,1166.235860805319,1170.9633526015361,3710000
2015-03-19,1173.5089111328125,1193.8734909355512,1170.9633386574703,1188.4186927741034,4033900
2015-03-20,1171.6907958984375,1172.7817556711548,1149.8716004440903,1162.9631177166987,3169700
2015-03-23,1175.3271484375,1181.1455996673885,1170.2360036113473,1171.3269632169515,2647500
2015-03-24,1169.509033203125,1174.2365261856003,1162.5996203825841,1170.963646428502,2766800
2015-03-25,1159.690185546875,1172.4180489818518,1152.053467485889,1167.6905568488603,3465400
2015-03-26,1169.509033203125,1173.8728728792562,1152.417327804945,1160.0540472381745,4343000
2015-03-27,1172.08349609375,1187.1620726045262,1163.6247824413635,1178.7033589521398,3719900
2015-03-30,1167.30224609375,1169.8766366805983,1152.223672656496,1164.7278555069017,2503500
2015-03-31,1158.4757080078125,1194.1494044131325,1158.4757080078125,1182.012992234003,4113700
2015-04-01,1128.6866455078125,1161.418190457371,1128.31887533984,1154.4305572658923,5172300
2015-04-02,1145.60400390625,1153.6949471120083,1126.4799563290028,1129.4221174947331,3594800
2015-04-03,1149.6494140625,1149.6494140625,1133.4675285158748,1144.8684024237245,2500300
2015-04-06,1151.120361328125,1155.1658322465305,1137.5128682389427,1142.6616494078223,1781000
2015-04-07,1160.68212890625,1166.9342189542242,1154.430038858276,1159.211048894962,1787900
2015-04-08,1170.97998046875,1177.9676122617482,1164.3601187701202,1169.5089000912767,2292400
2015-04-09,1183.4842529296875,1188.2652645170356,1179.0710114644432,1179.8065517086507,2444200
2015-04-10,1179.8065185546875,1187.8974610136038,1173.554426654616,1184.9553001194524,3000600
2015-04-13,1190.471923828125,1191.2074640961685,1179.806589941497,1185.6909120858434,2212000
2015-04-14,1192.6785888671875,1193.414129162511,1184.2198754709664,1186.794266504599,1405700
2015-04-15,1205.9178466796875,1208.4922367152953,1190.1037364609542,1190.471506466041,3161500
2015-04-16,1212.9056396484375,1215.8478000842128,1201.8725380142794,1206.2857786679426,3479600
2015-04-17,1220.99658203125,1225.4098226891942,1206.653549892931,1216.5833413733058,4709800
2015-04-20,1217.686767578125,1229.4554104541444,1206.653664881857,1217.3189974882494,3176900
2015-04-21,1231.294189453125,1232.7652697272626,1220.2610873970934,1228.35202890485,2999400
2015-04-22,1243.4307861328125,1253.7283495790468,1233.5009928096579,1235.7076135481366,3168000
2015-04-23,1251.15380859375,1259.2447503306878,1241.2240164620537,1247.1083377252812,4378600
2015-04-24,1256.3026123046875,1262.9224738449348,1250.4182909355789,1262.9224738449348,2705300
2015-04-27,1254.0958251953125,1254.831365268741,1241.959413983745,1251.8892049750275,2999100
2015-04-28,1260.7156982421875,1267.7033290084073,1250.4181371130214,1250.4181371130214,2543600
2015-04-30,1248.9471435546875,1255.5670047396063,1236.8107313823364,1248.5793734888587,4365500
2015-05-01,1238.6497802734375,1240.8564010221432,1219.8935039094395,1236.810929649516,3418600
2015-05-07,1229.455322265625,1235.339643281554,1208.124658582883,1231.2941725831029,4468300
2015-05-08,1235.7073974609375,1237.17847769601,1215.1122741699219,1227.6164561680387,3326800
2015-05-11,1235.7073974609375,1251.8892800467356,1231.29415675572,1250.418199811663,3677100
2015-05-12,1243.79833984375,1246.372730257383,1232.7652380710379,1236.442938661942,2378100
2015-05-13,1264.3936767578125,1265.1292170002546,1233.868756696469,1240.8563889996683,3326000
2015-05-14,1268.0711669921875,1272.1166376525455,1251.5215142907234,1258.141375371309,2817400
2015-05-15,1261.451171875,1264.0255620216835,1247.843681099672,1256.6701616025873,3091200
2015-05-18,1357.071533203125,1369.9434854150788,1324.7077676416413,1360.749233835112,8141700
2015-05-19,1358.175048828125,1366.633761561146,1345.30309466918,1357.071738471644,5211700
2015-05-20,1375.0924072265625,1375.0924072265625,1357.439442383857,1364.4270743007614,4267600
2015-05-21,1395.3199462890625,1397.526567184617,1365.5305641990747,1368.4727253931476,4269200
2015-05-22,1392.3778076171875,1404.5142227390488,1385.7579448234449,1397.5265897900983,2346300
2015-05-25,1396.0552978515625,1404.5140101409688,1392.745366955708,1398.9974586478777,1665000
2015-05-26,1388.699951171875,1393.1131925421246,1375.8279971753136,1387.9644109435,3490600
2015-05-27,1460.04736328125,1460.4151333979455,1399.7330641431831,1400.4686043765741,7254300
2015-05-28,1448.6463623046875,1463.7249357635583,1441.658730701796,1441.658730701796,5009500
2015-05-29,1461.5186767578125,1476.5972539463053,1450.4855714979396,1460.047596056496,5102000
2015-06-01,1458.2086181640625,1462.2540897403057,1435.406869279782,1436.8779498529616,2609700
2015-06-02,1460.04736328125,1467.4027656151604,1454.1630414141214,1467.034995498465,2710900
2015-06-03,1449.3822021484375,1454.1632142336773,1442.0267989403765,1449.7499723088406,2916200
2015-06-04,1458.2086181640625,1461.518549453716,1445.7044332920377,1460.0474688805368,2153000
2015-06-05,1452.69189453125,1454.898515130538,1439.8199410354036,1446.4398028332675,2000500
2015-06-08,1463.72509765625,1468.1383391567213,1444.968821279248,1465.9317184064857,2379200
2015-06-09,1423.2703857421875,1460.047398293665,1418.85714423601,1455.6341567874879,3508900
2015-06-10,1415.5472412109375,1429.1547361251503,1409.6629190858725,1412.2373100155885,4298700
2015-06-11,1440.9234619140625,1449.014405293876,1422.1671840790405,1422.1671840790405,3807100
2015-06-12,1454.8984375,1457.105057981547,1435.7743933265924,1453.4273571789686,5794600
2015-06-15,1468.8739013671875,1471.0805221504131,1437.613440271491,1440.9233714463296,3585300
2015-06-16,1444.968994140625,1459.6798009020465,1443.8656836335185,1457.4731798878333,3264800
2015-06-17,1461.150634765625,1466.2994162624082,1453.4274625204507,1460.0473244448858,3593000
2015-06-18,1440.5555419921875,1461.5184385695566,1438.3489212998327,1461.5184385695566,2834800
2015-06-19,1440.1876220703125,1465.5637573927977,1438.7165417617628,1452.6918046929864,2888900
2015-06-22,1456.0020751953125,1468.8740308992367,1450.1177525878043,1452.6921437285891,2501000
2015-06-23,1482.1136474609375,1485.423578683555,1460.0474393101542,1464.4606809403108,3258700
2015-06-24,1472.5516357421875,1498.29554545796,1471.4483253257972,1482.113659350903,3521300
2015-06-25,1479.906982421875,1491.6756264172775,1471.8160396750357,1474.39043054903,3026700
2015-06-26,1474.758056640625,1482.481228508319,1460.0472530831125,1471.8158959291225,1766700
2015-06-29,1429.8905029296875,1448.6467826749072,1419.2251673882881,1425.4772606366946,2455200
2015-06-30,1395.3199462890625,1430.2581104686778,1389.0678537516576,1429.8903403194188,6914500
2015-07-01,1382.44775390625,1391.2742359742867,1371.4146513212042,1389.0676154572775,3877800
2015-07-02,1402.3074951171875,1411.1339781706397,1395.3198626998715,1399.3653340993703,3040100
2015-07-03,1421.799072265625,1428.4189334401676,1388.6997663929126,1398.261788089474,3720400
2015-07-06,1392.7452392578125,1405.9849616273084,1384.2865277439678,1392.009699126174,2783500
2015-07-07,1401.2041015625,1413.7082851459975,1397.5264005085303,1412.9727449352033,3125100
2015-07-08,1360.013916015625,1390.171066127383,1360.013916015625,1382.4478935377865,3586200
2015-07-09,1350.451904296875,1350.8196744233173,1297.4930060891543,1319.5592136757045,3504800
2015-07-10,1346.7742919921875,1370.3115816392383,1339.051118826749,1354.8652353083612,4010600
2015-07-13,1384.2867431640625,1389.0677547637258,1371.0470187342257,1373.2536394725319,2994400
2015-07-14,1430.6256103515625,1441.6587127450193,1413.3404166018136,1413.7081866815954,4115300
2015-07-15,1421.43115234375,1450.4849844356402,1411.1335916023204,1440.9229637471701,2151600
2015-07-16,1440.5555419921875,1444.6010132615042,1421.799266107173,1427.683587953452,2636300
2015-07-17,1427.68359375,1437.9811570227973,1415.1794097758886,1432.0968351526274,2618500
2015-07-21,1424.005859375,1454.1630082563922,1413.7082963423297,1454.1630082563922,2762700
2015-07-22,1380.2412109375,1425.844704184569,1377.2990500828503,1417.3859917274513,5201800
2015-07-23,1394.2164306640625,1407.0883839938547,1385.7577184759132,1396.790821330021,2015300
2015-07-24,1373.9892578125,1388.7000635706638,1371.7826369487755,1388.7000635706638,1844600
2015-07-27,1360.38134765625,1380.9764694374746,1357.4391874017892,1368.1045183242093,2366400
2015-07-28,1356.7041015625,1368.1049763655462,1337.2122833508404,1353.7619403230042,2246600
2015-07-29,1359.6461181640625,1372.5180722175496,1354.4973365426677,1364.4271296696434,1478900
2015-07-30,1390.1708984375,1401.2040008060517,1357.4393614107971,1358.910441726604,2892400
2015-07-31,1360.38134765625,1364.4268180061333,1321.0299542528385,1327.649814825375,6506800
2015-08-03,1366.6336669921875,1374.7246090465007,1355.968334284229,1372.1502183928558,2766200
2015-08-04,1353.0260009765625,1367.0012627425613,1343.8317498147212,1365.162412510193,3238100
2015-08-05,1376.19580078125,1401.9397094008887,1367.7370879490832,1375.8280306581123,3485400
2015-08-06,1394.9517822265625,1411.133664224445,1390.9063117270919,1396.7906324535945,2835800
2015-08-07,1397.5263671875,1401.9396083470394,1379.5056324527138,1385.7577240953947,1614500
2015-08-10,1386.8609619140625,1398.9973744686008,1372.885698972473,1397.52629415896,2798300
2015-08-11,1387.2288818359375,1410.7661693326236,1381.344559961766,1396.7909048814663,2515300
2015-08-12,1366.6336669921875,1383.5510912875698,1358.5427249378743,1373.2535286729892,1891000
2015-08-13,1372.5177001953125,1385.7574207759747,1354.1291993888372,1373.2532402275715,1917500
2015-08-14,1368.84033203125,1384.2866764550308,1361.4849299246878,1365.1626309779688,1604000
2015-08-17,1380.976806640625,1382.4478871270599,1358.5428292224951,1369.208162749147,1294900
2015-08-18,1389.435302734375,1399.3650944691099,1374.7245001643976,1385.3898320276312,1625600
2015-08-19,1365.8980712890625,1385.0221153674229,1362.5881405831924,1383.918805132133,2162400
2015-08-20,1331.3277587890625,1362.2204471145544,1330.5922185908364,1362.2204471145544,1897000
2015-08-21,1297.1251220703125,1307.4226847065383,1291.2408005638977,1297.1251220703125,2281000
2015-08-24,1212.9056396484375,1264.7612173289801,1212.9056396484375,1254.095885749294,3913000
2015-08-25,1145.9716796875,1206.285978618421,1145.9716796875,1158.475863612203,6782900
2015-08-26,1186.0587158203125,1197.0918201535246,1141.9262984874636,1153.3271729651162,4524400
2015-08-27,1191.5751953125,1226.1455867814427,1186.7941837263695,1215.480253243152,3030800
2015-08-28,1255.567138671875,1270.2779428742401,1219.52566837608,1236.4430932088,3491400
2015-08-31,1226.1455078125,1248.5794838102693,1214.0090945678053,1248.5794838102693,2567800
2015-09-01,1171.715576171875,1223.5711619346605,1171.715576171875,1214.0091390280475,2792100
2015-09-02,1151.85595703125,1175.3932435095385,1140.0873137921055,1151.1204168288034,2630400
2015-09-03,1161.0504150390625,1189.736488011203,1160.3148747064436,1171.7157498620377,2524700
2015-09-04,1141.558349609375,1181.2775189901135,1123.537615353299,1181.2775189901135,2691300
2015-09-07,1137.1448974609375,1155.165628371541,1111.0332261414917,1132.7316572379327,2272200
2015-09-08,1139.7196044921875,1159.9469611385477,1136.7774435254441,1147.4427770298887,2371000
2015-09-09,1250.4180908203125,1250.4180908203125,1185.3227960923139,1187.161646225873,4808300
2015-09-10,1241.5916748046875,1244.9016052173777,1200.401429668987,1205.5502103109495,3699600
2015-09-11,1215.1124267578125,1234.23647221526,1212.538036023156,1223.2033690667326,6215300
2015-09-14,1191.9427490234375,1225.0420539947763,1189.736128692015,1224.6742839395392,2769400
2015-09-15,1201.87255859375,1219.1577514499024,1189.368376527597,1201.87255859375,2634000
2015-09-16,1249.3148193359375,1265.1289309731012,1224.3064567469344,1225.7775368992286,3133100
2015-09-17,1246.0050048828125,1275.0588405928897,1235.7074428589874,1252.2570961115632,3109700
2015-09-18,1225.7777099609375,1235.7075023908642,1199.2982634811333,1229.8231809509077,3913700
2015-09-24,1154.0625,1175.7609345124283,1152.9591897705545,1164.3600621414914,4364200
2015-09-25,1157.0048828125,1161.418124577837,1125.74442030803,1154.0627216356088,5468300
2015-09-28,1138.41552734375,1172.9918317340075,1132.8387040549987,1159.9792440602548,3387800
2015-09-29,1100.12109375,1121.3130174890166,1098.6339412069112,1118.710500538611,3160900
2015-09-30,1132.838623046875,1142.5051160561363,1116.8517307623279,1123.9157064229416,3839500
2015-10-01,1158.1199951171875,1164.440393164376,1103.838929535451,1125.7744286403993,3754600
2015-10-02,1163.3250732421875,1170.389047800066,1139.9024207608013,1150.3124885303062,2793300
2015-10-05,1181.171142578125,1191.9530006627224,1168.5303434444593,1176.7096840603606,2196400
2015-10-06,1181.171142578125,1202.7348587473195,1177.0814722701743,1193.8119417117907,2603000
2015-10-07,1212.4012451171875,1215.3755505329916,1178.5685210124147,1183.029979136121,2453500
2015-10-08,1205.708984375,1229.5034262498073,1197.9014331348287,1203.4782554492367,3142300
2015-10-09,1261.10546875,1267.425867620504,1225.7855927089474,1230.6188389040387,3611700
2015-10-13,1252.9261474609375,1262.592639993277,1242.5160785799565,1243.6314431029186,2032500
2015-10-14,1224.2982177734375,1262.2206041120014,1217.2342438476267,1248.464444361738,2243500
2015-10-15,1233.593017578125,1244.3748733676866,1207.9396365615817,1225.7854668339596,2723400
2015-10-16,1255.9002685546875,1274.117886423006,1250.3234467582636,1262.5924547103964,2314800
2015-10-19,1223.5548095703125,1253.6696499152517,1219.0933517414326,1243.631369800272,2942500
2015-10-20,1216.1190185546875,1222.4394170002486,1206.0807386705615,1220.5804762809657,3117000
2015-10-21,1257.7593994140625,1262.9644338780874,1225.0420399259049,1225.0420399259049,2349200
2015-10-22,1236.93896484375,1258.5026738791985,1232.8492958887512,1236.567176756932,2181200
2015-10-23,1265.195068359375,1280.8101705842043,1264.0797039147444,1271.5154668789487,3249100
2015-10-26,1280.0667724609375,1304.9765818582314,1279.694984260978,1294.1947240594027,1850400
2015-10-27,1256.6439208984375,1288.617701134315,1252.9260394756611,1280.8101501464844,3132700
2015-10-28,1235.82421875,1252.5546910254964,1218.7219582017149,1248.8368082976083,5640800
2015-10-29,1227.2728271484375,1267.7977402533088,1212.4012994035306,1267.7977402533088,8002700
2015-10-30,1237.6827392578125,1259.618239893502,1190.4656446691245,1200.875712767418,5747100
2015-11-02,1181.914794921875,1227.2729594328748,1179.3122772859979,1212.0296418513094,4499400
2015-11-04,1220.58056640625,1238.4263986290646,1209.0551330956823,1217.9780492070895,3692400
2015-11-05,1228.7598876953125,1232.1059811867672,1210.9140557408873,1222.0677007124032,2890200
2015-11-06,1225.413818359375,1244.3750151847173,1219.836995763686,1232.1060054742018,2174200
2015-11-09,1260.7335205078125,1263.7078254809953,1231.7340470192814,1235.0801401141118,3074100
2015-11-10,1257.7593994140625,1261.4772811740804,1236.5674733819603,1245.4903896060034,2035500
2015-11-11,1259.6182861328125,1263.707955892984,1245.8621242122358,1252.926099252532,2096900
2015-11-12,1270.400146484375,1273.0026636120865,1253.6696792348002,1265.1951122289518,3371400
2015-11-13,1257.3876953125,1261.4773655219728,1244.0033200814976,1256.6441189107777,2384700
2015-11-16,1245.862060546875,1250.3235182390752,1224.6701365089245,1231.3623230472247,2153100
2015-11-17,1258.5030517578125,1268.9131213144503,1251.8108641856882,1264.0798747345827,3069500
2015-11-18,1286.759033203125,1292.7076447406141,1268.9131985906574,1271.143927917216,4332400
2015-11-19,1313.5277099609375,1321.335262157139,1299.027970167992,1299.027970167992,4311400
2015-11-20,1310.925048828125,1310.925048828125,1293.4510053525373,1305.7200146013543,2518000
2015-11-24,1309.8096923828125,1312.0404213508218,1297.540683058761,1298.6560475427657,2413800
2015-11-25,1304.23291015625,1311.2968854393084,1295.3099940092288,1305.3482746746276,2705700
2015-11-26,1320.2197265625,1333.9758881741059,1298.6560137659287,1312.4121753775346,2401400
2015-11-27,1307.578857421875,1321.335018276185,1305.719916765887,1319.4760776201974,1871400
2015-11-30,1302.74560546875,1307.2070630217252,1287.8740802921661,1303.1173935981647,3980900
2015-12-01,1323.56591796875,1323.56591796875,1291.5921345571455,1295.3100163491924,2408900
2015-12-02,1303.861083984375,1317.9890341387538,1299.399626040887,1312.783999871351,2746500
2015-12-03,1307.207275390625,1311.6687336684088,1298.656147024873,1304.9765462517332,1796200
2015-12-04,1273.746337890625,1282.2974662535803,1268.9130914246068,1279.6949489257242,2519300
2015-12-07,1289.361328125,1307.2071596561418,1286.7588110267084,1292.3356333801903,2676200
2015-12-08,1275.233154296875,1297.5404397947796,1265.9384520060814,1295.6814993366208,1746000
2015-12-09,1255.9002685546875,1273.0025220637212,1244.7466249618394,1255.528480434926,2771900
2015-12-10,1234.336669921875,1251.0671368334667,1232.1059410003295,1240.2852803793298,3279500
2015-12-11,1243.63134765625,1258.8746616335015,1227.6444573874253,1227.6444573874253,5928700
2015-12-14,1214.6319580078125,1215.7473225238896,1181.5428106975294,1207.567982739325,4318200
2015-12-15,1195.6707763671875,1220.2087960314395,1188.6068010092968,1219.4652196779773,4365700
2015-12-16,1241.0286865234375,1248.8362366783183,1221.6957051875422,1222.8110694953823,4204000
2015-12-17,1262.9644775390625,1274.1181232047004,1246.6057972294602,1256.2722901396799,3729800
2015-12-18,1239.5418701171875,1290.8486421856255,1236.9393526934261,1262.5927387276452,4433900
2015-12-21,1262.2208251953125,1270.028376691366,1227.64452571279,1244.746781370812,4860000
2015-12-22,1259.9898681640625,1268.9127825446874,1238.426158410886,1245.4901322955473,2279500
2015-12-24,1255.1568603515625,1280.0666677104352,1254.785072182027,1269.2848107939083,1764300
2015-12-25,1255.1568603515625,1255.1568603515625,1255.1568603515625,1255.1568603515625,0
2015-12-28,1270.77197265625,1281.182041478478,1252.9261403895734,1252.9261403895734,1813300
2015-12-29,1284.1561279296875,1289.3611614534327,1261.4770532905125,1274.1178489910362,1789500
2015-12-30,1281.9256591796875,1299.7714920220963,1281.5538709954706,1293.079304706193,2143000
2016-01-04,1248.4644775390625,1287.874017330349,1244.3748083154383,1269.2846117684214,3109800
2016-01-05,1245.4901123046875,1264.823093152402,1238.054350440182,1255.9001789149952,2986000
2016-01-06,1210.5421142578125,1252.182383544322,1200.5038350548148,1249.9516548325448,4884200
2016-01-07,1167.7864990234375,1210.5421333398,1165.5557702764968,1208.6831927173496,3506900
2016-01-08,1159.6072998046875,1184.1453189733663,1144.7357730357912,1146.5947138819033,4714000
2016-01-12,1129.8641357421875,1158.8636101047707,1129.8641357421875,1143.6202966577719,2776400
2016-01-13,1170.017333984375,1175.9659445162308,1149.940773439362,1151.056137914085,2735300
2016-01-14,1136.556396484375,1140.2742780561264,1117.5952004684434,1128.3770570265222,3147900
2016-01-15,1125.0311279296875,1165.5560429806908,1117.9671519116228,1158.1202787511488,2410500
2016-01-18,1128.376708984375,1136.9278339618513,1093.428632989472,1104.210486221942,2491800
2016-01-19,1132.466796875,1137.6718313977349,1111.6466587840612,1121.31315146914,2087200
2016-01-20,1090.0830078125,1135.8129566395592,1090.0830078125,1130.607921813715,2072000
2016-01-21,1056.6220703125,1111.6467242203994,1056.6220703125,1084.1343972664497,2614500
2016-01-22,1122.4287109375,1125.4030168955987,1084.5063099717415,1096.031745559374,3532200
2016-01-25,1119.454345703125,1136.1848158315345,1103.0956637997913,1136.1848158315345,3402400
2016-01-26,1091.9420166015625,1103.839239799128,1088.2241343523233,1102.3520868994324,2197500
2016-01-27,1126.51806640625,1131.7231003764439,1108.6722356512996,1108.6722356512996,1859500
2016-01-28,1108.6724853515625,1125.4029554524411,1101.236720862283,1116.8518262897699,1924700
2016-01-29,1162.5816650390625,1170.761005183245,1107.928801348387,1127.261787143728,4820900
2016-02-01,1183.0296630859375,1187.4911200177512,1168.901716135194,1182.286086930635,3764000
2016-02-02,1159.6072998046875,1182.6581662964768,1153.2869009279066,1180.7992254503647,4000900
2016-02-03,1088.22412109375,1129.1208253371092,1082.6472977878373,1121.6850609292258,3390800
2016-02-04,1137.671630859375,1147.338121840533,1110.9028866038602,1132.8383853687958,5293500
2016-02-05,1126.1463623046875,1129.4924558209445,1108.300530217984,1114.620929082025,4415800
2016-02-08,1121.31298828125,1128.748750803009,1099.005700715973,1103.4671582290284,2604300
2016-02-09,1033.5712890625,1083.3909123482465,1026.5073126264613,1054.3914301371403,4371500
2016-02-10,998.6231079101562,1038.4044454181185,983.0080034677785,1028.7379521918847,5479100
2016-02-12,932.8165283203125,958.8417004934579,929.4704347551938,948.0598434502976,5811400
2016-02-15,1014.6099243164062,1026.5071458547445,964.7903091246149,977.4311070090993,4065200
2016-02-16,1018.6993408203125,1039.147685252837,990.4434466953695,993.4177513401004,3114700
2016-02-17,1001.5973510742188,1024.6482180996834,986.7258239610159,1009.7766909864804,2541000
2016-02-18,1029.1097412109375,1049.9298804839912,1019.0714597757152,1041.0069636526825,2576400
2016-02-19,995.2767333984375,1023.5326287059762,983.3795143215791,1016.8404429752434,2799100
2016-02-22,996.7640991210938,1003.0844981084338,975.5721731047183,987.0976065522208,2172900
2016-02-23,992.302490234375,1012.3790486729873,988.9563971612729,1006.4304387652503,2688400
2016-02-24,988.2130126953125,993.4180473746708,973.341485040003,981.1490370590404,3043600
2016-02-25,1011.2636108398438,1015.7250679464901,990.8152657677145,994.1613585976993,2932500
2016-02-26,1003.8277587890625,1035.4297437879775,1003.0841826714409,1020.9300094943576,2159700
2016-02-29,1006.8024291992188,1036.5454847147053,1006.8024291992188,1022.4175333448492,3308500
2016-03-01,1002.3406372070312,1036.545139663651,984.4948098383601,1029.109378260038,2488700
2016-03-02,1054.019287109375,1062.570413600915,1030.96842439305,1041.0067033179014,2815200
2016-03-03,1066.28857421875,1067.7757270419281,1050.6734695753792,1056.2502926622974,2672500
2016-03-04,1072.60888671875,1074.4678275969454,1054.391266112435,1063.3141823277729,2308600
2016-03-07,1058.109130859375,1074.096022154861,1056.6219781807251,1070.3781404582364,2150100
2016-03-08,1013.1227416992188,1045.4683118011756,1002.3408849985666,1035.8018195867976,4777300
2016-03-09,1004.199951171875,1014.9818092185186,993.4180931252314,1010.8921389249641,3555300
2016-03-10,1033.1993408203125,1036.5454344033938,1013.8663556736208,1023.1610600710687,3453100
2016-03-11,1033.1993408203125,1035.801858051598,1003.0844985725812,1015.7252965531103,4810400
2016-03-14,1051.0452880859375,1064.4296638804524,1042.8659473226228,1048.4427705703374,2130100
2016-03-15,1045.840087890625,1061.4551905182134,1041.7504181548281,1056.9937326246168,2529000
2016-03-16,1034.314697265625,1052.532317742266,1033.199332746647,1039.5197316875224,2377700
2016-03-17,1019.8148803710938,1051.4168726538292,1008.6612360360108,1034.6864061512044,3546300
2016-03-18,997.1361694335938,1026.1356553455328,989.700403815148,1016.0973717606308,3807200
2016-03-22,1019.0712280273438,1035.8016932813498,1002.7125508900934,1019.4430161440994,3681800
2016-03-23,1024.2763671875,1033.1992829089156,1020.5584856369102,1021.3020619470282,2415200
2016-03-24,1021.6738891601562,1035.801839592502,1014.2381257747112,1024.6481945143344,3231800
2016-03-25,1035.4302978515625,1038.4046039136135,1019.071614510281,1023.9048618611141,1926800
2016-03-28,1049.9295654296875,1051.0449296989118,1034.314465660549,1045.0963202630494,1836000
2016-03-29,1051.436279296875,1061.2275913533647,1039.385433688888,1039.385433688888,2230000
2016-03-30,1034.4896240234375,1052.565889750822,1034.4896240234375,1049.9297676655783,1641400
2016-03-31,1031.1002197265625,1057.8380267391942,1030.7236308953986,1043.9042399861326,2833600
2016-04-01,985.90966796875,1039.7618767233455,981.7671903722427,1036.7491657440676,3768400
2016-04-04,968.5865478515625,991.1818794499659,961.4313595120681,978.754447070844,2387100
2016-04-05,939.9659423828125,974.6121229514098,936.9532310290215,968.5867002438276,3740900
2016-04-06,936.576416015625,951.2633803198507,927.5382841361015,939.9657154704464,3321700
2016-04-07,937.706298828125,957.2889203297565,932.0574657026543,943.731720828627,3930200
2016-04-08,931.6807861328125,943.7316289607227,906.8259228002476,915.8640549211802,6215700
2016-04-11,915.8641967773438,927.5384525750812,904.5665298763074,921.8896191245632,4495500
2016-04-12,939.58935546875,944.8616003491358,910.9685975466558,916.9940202670967,3854400
2016-04-13,969.3397216796875,975.3651434150702,957.2888782089221,960.3015890766135,3627400
2016-04-14,1016.7897338867188,1017.1663226770472,989.2987521927445,991.9348737250434,4264900
2016-04-15,1008.8816528320312,1018.2963752362122,996.4542192585124,999.4669304278502,2388100
2016-04-18,968.5865478515625,977.6246804909239,961.0547706520946,963.314303811935,3132000
2016-04-19,1004.7392578125,1007.3753803030125,991.9352342871533,991.9352342871533,3351400
2016-04-20,995.3245239257812,1023.1921042400105,993.8181682331202,1013.777381160879,3098400
2016-04-21,1040.5150146484375,1042.7745477964254,1016.4133277365664,1025.828049186516,3972100
2016-04-22,1040.5150146484375,1042.3979589384276,1022.4387494645342,1026.581226902512,3070400
2016-04-25,1061.6041259765625,1066.49978175439,1043.5278584891998,1058.214825822682,3663500
2016-04-26,1065.7462158203125,1072.5248136594523,1054.8251415239206,1061.6037393630604,3641400
2016-04-27,1056.708251953125,1068.3825056275894,1053.6955413274568,1059.7209625787932,2785300
2016-04-28,1013.0241088867188,1082.6930531781845,979.1311089611407,1079.3037531856266,4274700
2016-05-02,965.1973266601562,967.8334488944993,954.2762488321638,956.5357821758864,3613900
2016-05-06,965.9505615234375,975.7418732581781,956.9124276144463,973.1057508680557,3526600
2016-05-09,965.1973266601562,978.3779378318712,963.3143822070541,974.2354600350465,2022400
2016-05-10,983.2734985351562,986.2862093694271,957.2888675895699,962.561111549544,2798700
2016-05-11,982.5205078125,1008.5051437032866,981.0141521086862,994.5713534430097,2531100
2016-05-12,964.8209838867188,970.4698186869923,955.0296702329113,959.925327059815,4123700
2016-05-13,948.2507934570312,978.7544925317014,946.7444379471709,973.8588371246556,4777900
2016-05-16,1083.4459228515625,1094.7435862806717,1016.7897086198188,1031.853259858631,12116700
2016-05-17,1095.4971923828125,1097.756725952526,1072.9018566856764,1083.0697577493877,5788100
2016-05-18,1090.6015625,1106.4182978677486,1082.6931948161257,1097.0035744345648,4438800
2016-05-19,1096.2503662109375,1116.9627571905328,1090.9781212343132,1101.5226111875618,4167300
2016-05-20,1118.468994140625,1122.6114718967015,1084.9525832050979,1089.0950609611743,3747200
2016-05-23,1115.4560546875,1115.4560546875,1092.4841372884664,1104.1583903928934,3210700
2016-05-24,1101.899169921875,1117.3393155017782,1098.133280756045,1110.9373039198672,4037500
2016-05-25,1129.7666015625,1134.6622568359376,1119.5987021484375,1129.7666015625,4105800
2016-05-26,1132.779296875,1154.621450870595,1129.766585979056,1147.8428513547208,3732600
2016-05-27,1168.178466796875,1183.6186077184325,1142.947016998232,1159.5169243286841,6705400
2016-05-30,1174.957275390625,1183.9954082782453,1159.8937205779248,1171.19138668745,4079600
2016-05-31,1182.112060546875,1183.24182677231,1152.7381386855636,1162.9060347144791,3786600
2016-06-01,1182.489013671875,1196.4228014125945,1176.0870030883011,1187.761257681877,4342200
2016-06-02,1173.8275146484375,1193.0335471306544,1170.8148036708349,1185.5017696866478,5590300
2016-06-03,1179.0997314453125,1192.2803416658767,1173.4508984936424,1173.827487357087,4172400
2016-06-06,1166.2958984375,1168.5554319830683,1142.1942072847714,1144.0771519060784,3828800
2016-06-07,1172.6978759765625,1176.4637651094351,1159.517264011508,1166.672453363966,3288100
2016-06-08,1182.489013671875,1182.489013671875,1160.270271058295,1174.9572365147292,3045200
2016-06-09,1168.55517578125,1173.8274195649876,1158.7638658971662,1173.0742418815964,3692800
2016-06-10,1156.127685546875,1162.1531067093342,1147.4661426258397,1153.1149749656454,6340000
2016-06-13,1117.7158203125,1139.9345647189816,1116.2094647595181,1133.532553618809,3683400
2016-06-14,1098.88623046875,1112.8200174897725,1082.6929104172914,1110.1838956209303,4123900
2016-06-15,1112.443603515625,1119.2222036724568,1088.3419140691117,1091.354625249926,4369100
2016-06-16,1055.955078125,1103.028681821728,1051.812600999688,1095.4969052302515,4999000
2016-06-17,1069.8890380859375,1077.0442270066108,1059.3445491502084,1071.0188047576228,4112000
2016-06-20,1083.4459228515625,1104.9114833668698,1080.0566238228298,1100.015829214256,4850900
2016-06-21,1077.0443115234375,1079.303845044116,1044.2810754735985,1047.6703757546165,4282400
2016-06-22,1077.7974853515625,1088.7185639941883,1066.4998177902255,1073.655007245739,2931700
2016-06-23,1087.5887451171875,1087.9653340178513,1066.1231777793482,1070.6422445873145,3134800
2016-06-24,1010.3876953125,1126.0004506091595,1000.2197982668655,1126.0004506091595,5388600
2016-06-27,1010.7646484375,1032.2302166047643,1005.8689925397028,1025.4516161308914,3500600
2016-06-28,995.7008056640625,1006.998469873564,974.9884212799765,989.6753847523285,3658600
2016-06-29,1020.5557861328125,1027.7109743012713,1005.4922320939518,1023.1919080896131,3931400
2016-06-30,1009.6348266601562,1036.7492270777361,1009.6348266601562,1020.9324935008145,3639800
2016-07-01,1007.3751220703125,1022.8152641282126,1005.1155890862295,1011.8941880384783,2861900
2016-07-04,1004.3623657226562,1015.2834413154411,992.6881125027829,997.2071782653145,3509400
2016-07-05,992.68798828125,999.0899973103778,982.5200915879291,991.9348107484113,2970100
2016-07-06,960.3015747070312,980.2607839068245,945.2380205939799,974.2353622616039,3852000
2016-07-07,935.4469604492188,953.1466412628714,932.810837774845,949.0041627745697,4567300
2016-07-08,936.9529418945312,954.652615636108,931.6806986523594,942.9783627427275,3779800
2016-07-11,936.9529418945312,936.9529418945311,936.9529418945311,936.9529418945311,0
2016-07-12,1020.5557861328125,1032.606629363901,1006.6219986468662,1008.8815317526954,3729000
2016-07-13,1047.2935791015625,1068.3825544448516,1045.787223719899,1065.7464325269405,4354300
2016-07-14,1060.850830078125,1064.9933075828674,1045.7872755154253,1058.9678857577876,2943900
2016-07-15,1074.031494140625,1087.2121050434728,1050.6829833984375,1066.4997164818549,3475500
2016-07-19,1070.6419677734375,1074.0312670031108,1058.5911260679327,1074.0312670031108,3185700
2016-07-20,1071.3953857421875,1073.2783301811016,1052.1893524652626,1061.9806635476164,1919000
2016-07-21,1087.96533203125,1095.497110030774,1080.810142931702,1084.9526208314403,2044100
2016-07-22,1067.2529296875,1078.9271854462554,1060.0977406740694,1065.7465741057251,2261700
2016-07-25,1070.2657470703125,1087.212249047147,1066.8764466749456,1073.6550474656794,2258300
2016-07-26,1042.7742919921875,1062.3569078042474,1038.6318155704057,1061.9803190386308,2592000
2016-07-27,1072.52490234375,1083.069388743197,1051.435929544856,1053.6954623447375,3484000
2016-07-28,1072.1485595703125,1075.161270661483,1054.825470796082,1061.980659637612,2307600
2016-07-29,1080.4332275390625,1090.2245359796395,1045.4104704246906,1059.3442555132042,3534400
2016-08-01,1083.0694580078125,1084.575813304068,1054.825296203019,1061.9804838602333,3143200
2016-08-02,1036.37255859375,1049.9297577614009,1014.9069932449696,1015.2835821107376,4884500
2016-08-03,994.5712280273438,1010.387960922894,991.1819281211543,1006.2454832597737,3135000
2016-08-04,1022.4386596679688,1025.4513702673587,984.0265995257467,985.156366000518,3015300
2016-08-05,1013.4004516601562,1028.0874147276947,1010.3877412873279,1022.8151715752451,1992900
2016-08-08,1046.1639404296875,1053.695718258555,1026.5813180746322,1035.6194514692731,2155900
2016-08-09,1058.968017578125,1061.9807288656873,1037.5024496542442,1048.0469391607119,2551300
2016-08-10,1046.5404052734375,1052.565826822331,1034.8661510224563,1043.9042833457966,2217300
2016-08-12,1058.968017578125,1063.4870845094683,1046.917172427876,1056.3318952015081,1911800
2016-08-15,1057.0849609375,1072.5251046490916,1054.8254277114136,1055.2020165824279,1904300
2016-08-16,1032.9832763671875,1058.9679085470402,1032.9832763671875,1049.176597870574,2673500
2016-08-17,1063.86376953125,1067.2530700359514,1043.904555448009,1052.1895122372787,2381500
2016-08-18,1051.436279296875,1064.616891680611,1047.670390044379,1053.6958128483727,1697600
2016-08-19,1061.2275390625,1066.1231948495165,1049.9298718616928,1058.9680056223385,2322700
2016-08-22,1081.9398193359375,1085.3291191528617,1057.084954011826,1062.7337870400331,2410600
2016-08-23,1066.1231689453125,1082.3164915396778,1062.3572799698786,1073.65494689618,2202800
2016-08-24,1073.278076171875,1090.6011609100876,1071.0185433799343,1079.6800857490405,1754700
2016-08-25,1075.914306640625,1081.9397280288817,1065.3698192111754,1071.7718294361982,2661000
2016-08-26,1065.7462158203125,1077.7970564232278,1064.9930382826303,1076.2907013478632,2753700
2016-08-29,1118.09228515625,1122.9879401603023,1099.6394316794374,1100.3926093723687,2787100
2016-08-30,1139.55810546875,1142.9474058485314,1119.5988921211479,1122.6116035698426,2955900
2016-08-31,1154.998046875,1168.1786571262633,1152.7385136890691,1161.7766464327926,4509800
2016-09-01,1150.478759765625,1161.776423527644,1132.7790865384613,1146.3362830528845,3441900
2016-09-02,1151.9852294921875,1155.3745289578396,1130.5196662097244,1130.5196662097244,2465000
2016-09-05,1163.6595458984375,1175.7103890922078,1161.4000127996055,1171.5679117443492,2207700
2016-09-06,1156.127685546875,1160.2701625960658,1149.3490867391083,1155.3745079015675,2631200
2016-09-07,1123.3646240234375,1135.0388792513043,1113.1967243088438,1133.9091126163494,3975000
2016-09-08,1135.038818359375,1140.687651231104,1122.2347971834565,1125.6240969064936,2791700
2016-09-09,1132.0260009765625,1144.830020947688,1128.636701572441,1136.5450668487244,2618700
2016-09-12,1123.7412109375,1126.75392195878,1111.3137779747192,1117.7157888949396,2770500
2016-09-13,1113.5732421875,1120.3518415650365,1103.028754266888,1112.4434756245773,2132900
2016-09-14,1107.9244384765625,1115.8328046247636,1098.133128007361,1103.7819609703618,1896800
2016-09-15,1090.977783203125,1098.1329705972773,1082.3162405680985,1097.0032041666218,2791800
2016-09-16,1082.3165283203125,1086.0824174237234,1073.2783944721261,1080.056994858266,3559200
2016-09-20,1084.19921875,1094.7437057680618,1069.888843511202,1076.2908534864537,2845600
2016-09-21,1116.5859375,1118.4688817453625,1077.7972860455313,1084.5758853288364,3377100
2016-09-23,1103.405517578125,1113.196829338204,1093.614205818046,1103.0289286642758,2679200
2016-09-26,1082.3165283203125,1090.9780732581578,1080.8101726789482,1089.4717176167935,2604900
2016-09-27,1096.2503662109375,1096.2503662109375,1055.9553510324524,1066.8764299126026,3962900
2016-09-28,1085.199951171875,1093.5828159632308,1073.3877326022373,1073.3877326022373,3643700
2016-09-29,1101.203857421875,1110.7298423476698,1088.2485179227942,1094.7261876723346,2428800
2016-09-30,1079.103515625,1087.1053425417108,1072.625846216234,1076.0552006091102,2848000
2016-10-03,1084.8189697265625,1091.296638319942,1079.8654584492722,1082.913773081451,2213800
2016-10-04,1096.25,1101.5845498783456,1089.7723322905804,1089.7723322905804,2610200
2016-10-05,1129.400634765625,1136.640382424379,1101.965801532452,1107.681391789363,3018800
2016-10-06,1132.44873046875,1153.024851412664,1127.114180594402,1140.069516003533,3155700
2016-10-07,1129.400634765625,1134.7351856720752,1123.3040051582532,1129.400634765625,1801200
2016-10-11,1155.6922607421875,1164.4561651263189,1130.1626262318919,1132.448862158187,5012600
2016-10-12,1146.16650390625,1153.7872918311587,1139.3077947738323,1141.594031151305,3261300
2016-10-13,1159.8836669921875,1172.8390036143078,1155.3111952432039,1164.075099428756,4524400
2016-10-14,1160.6458740234375,1169.7908185331428,1144.261181776882,1167.8856217602877,2698100
2016-10-17,1172.839111328125,1179.3167802340959,1162.932088295464,1171.314953938485,2076400
2016-10-18,1174.7445068359375,1175.1255462478207,1160.2650091843755,1173.601388600288,2779500
2016-10-19,1163.3131103515625,1171.3149365282356,1155.6923235166357,1169.0287004777576,2242700
2016-10-20,1171.3148193359375,1171.3148193359375,1160.2646795308815,1166.3613083888433,3388900
2016-10-21,1165.9803466796875,1178.1736052070567,1162.1699533898845,1167.5045039956087,2654200
2016-10-24,1168.2666015625,1170.933876908533,1159.1216575189578,1164.4562082110242,2018700
2016-10-25,1182.365234375,1184.6514707289316,1169.028855643732,1173.6013283515952,1795400
2016-10-26,1174.7445068359375,1181.6032162498352,1169.4099550695726,1180.4600980141856,2334700
2016-10-27,1162.169921875,1175.8873373463114,1157.5974500512295,1174.744219390369,3365200
2016-10-28,1188.461669921875,1194.9393385299775,1166.3613887883487,1172.8390573964512,5387100
2016-10-31,1184.651123046875,1189.9856729737508,1175.8872195955794,1181.221769522455,2919700
2016-11-01,1180.8411865234375,1186.175738511604,1171.315200830283,1185.0326202284255,2596700
2016-11-02,1044.0477294921875,1066.9100885321623,1034.9027858761974,1051.2874765215129,11688100
2016-11-04,1052.430419921875,1053.9545769384165,1037.569889010596,1045.5717133474384,5374300
2016-11-07,1057.7652587890625,1063.861888522717,1051.668629055408,1059.6704555808296,4538300
2016-11-08,1076.4364013671875,1082.533032312984,1068.815612684942,1074.150164762514,5938200
2016-11-09,1033.378662109375,1106.9192527388402,1016.6129316031758,1098.5363874857405,9459700
2016-11-10,1083.676025390625,1097.3934434335442,1074.1500406385978,1097.3934434335442,6350400
2016-11-11,1122.541748046875,1129.400455265084,1093.9638013043375,1097.7741942033424,7246800
2016-11-14,1164.837158203125,1168.2665119564217,1132.4488171997668,1139.3075247063603,5592300
2016-11-15,1165.5994873046875,1174.3633932242717,1161.4080540387995,1169.0288417949596,4329000
2016-11-16,1178.173583984375,1188.461645681522,1176.2683873737922,1184.6512524603563,4280800
2016-11-17,1181.9837646484375,1186.5562356915648,1174.7440188301523,1178.9354506196858,4502500
2016-11-18,1196.0821533203125,1209.0374872524217,1196.0821533203125,1200.2735848865832,3463300
2016-11-21,1193.0341796875,1200.2739271848052,1188.0806682419754,1199.5118485008782,2523100
2016-11-22,1199.892822265625,1210.5619232575073,1194.1772324485453,1194.9393110908225,2539100
2016-11-24,1226.1844482421875,1229.2327625945609,1211.704955068414,1219.3257409493474,3594600
2016-11-25,1245.6175537109375,1265.0505592903985,1235.3294919335758,1236.4726099088382,3835700
2016-11-28,1239.52099609375,1244.855546953053,1222.755264821655,1235.7106026228194,2830000
2016-11-29,1236.4727783203125,1239.1400539592162,1225.803675764698,1239.1400539592162,2771300
2016-11-30,1221.231201171875,1242.5694062469531,1216.2776892794461,1236.4727762255022,4096900
2016-12-01,1231.9002685546875,1245.9987250769652,1225.0415599762823,1245.9987250769652,4225600
2016-12-02,1234.9482421875,1244.474223691569,1229.6136925452213,1234.5672029273373,3301700
2016-12-05,1224.2794189453125,1228.4708517521592,1213.6103172551573,1222.3742222149276,2092800
2016-12-06,1242.1883544921875,1266.5748743349789,1235.710685158946,1261.2403231193682,4621500
2016-12-07,1242.9503173828125,1246.7607107530848,1237.9968060014587,1242.188238708758,2795200
2016-12-08,1288.2938232421875,1288.674862527382,1250.5709340079443,1258.1917197118319,4754800
2016-12-09,1282.959716796875,1292.4857022200772,1277.2441255429537,1282.1976379630187,4336800
2016-12-12,1285.626708984375,1306.583872290285,1278.0059223276803,1295.9147709709127,2326800
2016-12-13,1282.5784912109375,1288.2940816352288,1267.7179561077805,1281.4353731260794,3001500
2016-12-14,1283.34033203125,1286.7696856500984,1274.9574676296209,1282.9592927402668,2361400
2016-12-15,1293.247314453125,1308.1078463516728,1287.1506859819258,1295.5335501298246,2945400
2016-12-16,1300.868408203125,1309.6323137065438,1295.9148963968448,1308.4891955974022,3085300
2016-12-19,1287.1507568359375,1296.6767393465645,1284.864521033387,1289.818031938913,2580700
2016-12-20,1286.77001953125,1289.4372952602162,1273.0526014965667,1282.1975468530222,3102300
2016-12-21,1297.8201904296875,1308.1082541823598,1288.6752448717566,1298.5822692261818,2645100
2016-12-22,1305.059814453125,1305.059814453125,1294.7717516822536,1300.8683814723995,2262900
2016-12-26,1290.19921875,1304.6787138216184,1287.9129826860603,1301.2493597257087,1984900
2016-12-27,1289.4371337890625,1297.81999931606,1284.1025829991552,1290.5802518154712,1589600
2016-12-28,1306.5838623046875,1308.108019624378,1298.5820363763123,1300.8682723558481,1718600
2016-12-29,1291.7235107421875,1302.0115741020809,1287.1510381377902,1294.3907864280857,2902500
2016-12-30,1285.245849609375,1288.2941646988725,1266.574919686203,1281.054416361316,2296600
2017-01-04,1318.0150146484375,1320.6822899021347,1286.0077116040695,1286.7697902479829,3366600
2017-01-05,1298.58203125,1318.3960763277582,1289.4370873679577,1314.585683043574,2689300
2017-01-06,1257.4300537109375,1282.9596941953716,1244.093674353397,1276.4820242217093,4301400
2017-01-10,1248.28466796875,1262.0020819024726,1242.5690788296988,1248.28466796875,3717900
2017-01-11,1262.002197265625,1265.8125903733112,1256.6676469148645,1260.8590793333192,2346300
2017-01-12,1251.71435546875,1257.4299461329908,1242.9504497835806,1251.3333160911338,1985400
2017-01-13,1264.2884521484375,1264.6694914649381,1244.0933683739147,1251.7141547039232,2881200
2017-01-16,1249.4281005859375,1259.7161636282735,1241.4262737752315,1259.7161636282735,1769500
2017-01-17,1235.3294677734375,1249.046883208306,1231.5190745970851,1249.046883208306,2113500
2017-01-18,1244.093505859375,1247.5228600868588,1213.99139652924,1220.088026266989,2750200
2017-01-19,1263.5263671875,1267.7177996480134,1256.2866202102496,1260.097013356171,2120300
2017-01-20,1273.052490234375,1279.149119939179,1255.905719189614,1256.2867585461643,2405100
2017-01-23,1246.7606201171875,1255.9055635410298,1244.8554235705535,1250.9520525197818,2018100
2017-01-24,1235.3294677734375,1245.617529349589,1227.7086814207328,1237.2346643616138,1784700
2017-01-25,1251.71435546875,1260.8593005315354,1247.5229223149734,1249.0470798254375,1749000
2017-01-26,1270.38525390625,1275.3387656941268,1263.526545276882,1263.526545276882,2302600
2017-01-27,1270.38525390625,1274.9577263258284,1266.5748602232677,1273.4335688526357,2344300
2017-01-30,1263.1455078125,1263.907586550245,1254.000562959559,1263.1455078125,1453500
2017-01-31,1255.5245361328125,1260.4780472010148,1240.282963615267,1245.9985533093466,3518900
2017-02-01,1272.67138671875,1273.814504730773,1238.3778463580652,1245.2365544302022,2987800
2017-02-02,1265.0506591796875,1285.2457450039417,1259.3350688520684,1272.290406928005,3199600
2017-02-03,1340.115234375,1367.9311036128092,1339.7341950703724,1360.3103175202586,7376600
2017-02-06,1348.8792724609375,1365.2639641885703,1337.829131528348,1364.120846161061,3018000
2017-02-07,1348.498291015625,1352.6897239631164,1324.4928114072654,1335.5429528142881,2834500
2017-02-08,1355.3570556640625,1355.738095038722,1346.212110672233,1354.9760162894029,2536600
2017-02-09,1356.5001220703125,1370.5985783952005,1343.9258231859528,1350.4034923081988,3045500
2017-02-10,1407.9405517578125,1414.0371820225284,1389.2696215721203,1390.0317003552098,4683500
2017-02-13,1418.2283935546875,1426.9922981897648,1408.7024102556904,1419.3715115505672,3460800
2017-02-14,1423.56298828125,1457.094450531986,1421.6577915624582,1440.3287194066181,3638800
2017-02-15,1436.8995361328125,1451.7600723060239,1425.4683544611116,1430.8029059079054,3035800
2017-02-16,1429.2786865234375,1438.8046708377767,1424.7062140525547,1431.1838833863053,2763000
2017-02-17,1426.9921875,1433.0888163384514,1413.6558119158879,1414.7989298230975,2539800
2017-02-20,1432.7078857421875,1437.661397049275,1418.6094304835544,1427.3733351037858,2161300
2017-02-21,1435.7562255859375,1444.9011696979499,1425.0871241219231,1425.8492027979241,2251900
2017-02-22,1437.6612548828125,1446.8061979300396,1433.088783359199,1439.1854120573503,2086900
2017-02-23,1424.7060546875,1430.802683966719,1415.1800714387202,1424.3250153575489,2756100
2017-02-24,1422.0386962890625,1425.4680500582485,1406.79712398157,1413.6558315199416,2032600
2017-02-27,1403.36767578125,1409.0832650119637,1386.6019473711563,1407.5591078837733,3233100
2017-02-28,1394.222900390625,1423.1818893028108,1393.4608217350412,1415.1800634191804,4115500
2017-03-01,1413.27490234375,1415.5611383680323,1388.1263060766464,1395.3660534868732,3038400
2017-03-02,1429.6597900390625,1444.9013656258328,1426.6114749217083,1439.9478535601324,2580600
2017-03-03,1434.2320556640625,1442.2338816919437,1426.611268970842,1430.8027016521132,2286500
2017-03-06,1443.7581787109375,1444.9012968255147,1428.8976432214345,1432.7080369366918,1925700
2017-03-07,1433.0889892578125,1447.949523844639,1431.1837925159116,1438.0425007867548,2421500
2017-03-08,1429.6597900390625,1436.8995384427783,1424.3252385836927,1432.7081051564164,2595200
2017-03-09,1453.283935546875,1455.5701714182126,1446.8062672447522,1447.5683458685314,2677200
2017-03-10,1473.4788818359375,1485.2910994043145,1470.0495283483442,1478.0513531527286,3844900
2017-03-13,1469.2877197265625,1483.767214889843,1465.8583656089436,1477.289546001007,2461800
2017-03-14,1469.668701171875,1473.8601338171668,1464.7151898638028,1470.0497405032652,1909700
2017-03-15,1460.904541015625,1461.6666195451062,1452.5216771913308,1452.5216771913308,1567800
2017-03-16,1473.0982666015625,1473.860345373731,1447.9496671200045,1448.3307065060887,2896800
2017-03-17,1455.189208984375,1465.477270948915,1452.140894328215,1460.142720300635,3253200
2017-03-21,1438.42333984375,1444.1389292735928,1431.183593232616,1439.1854184343958,2632000
2017-03-22,1403.7489013671875,1416.3231993436036,1401.843704704094,1406.4161766955183,2759900
2017-03-23,1402.9869384765625,1410.2266863937418,1393.8419937390727,1403.3679778406245,2163200
2017-03-24,1415.56103515625,1421.2766248002188,1396.8901089859523,1402.6056986299209,2301000
2017-03-27,1390.031494140625,1402.6057921961733,1386.983179460492,1399.1764381810237,2381000
2017-03-28,1417.8475341796875,1418.9906523206548,1403.7490771077582,1403.7490771077582,2464500
2017-03-29,1420.1619873046875,1439.8382332575643,1414.7606648862509,1433.6652933507794,2332300
2017-03-30,1425.949462890625,1440.2243898730258,1410.5171093961376,1414.3751977697596,2912700
2017-03-31,1424.40625,1444.8541187026,1424.40625,1434.8230887730226,4320400
2017-04-03,1402.80078125,1425.9493089933994,1395.85622292698,1424.7918826062294,2948300
2017-04-04,1381.5811767578125,1398.1709535242426,1368.0778700874625,1395.0844834281625,3123100
2017-04-05,1371.550537109375,1382.738994374121,1356.5039911326478,1375.7944346925547,3649900
2017-04-06,1341.071533203125,1363.8342548541564,1336.8276359461531,1358.4329310725557,3606600
2017-04-07,1341.457275390625,1359.9760988645248,1331.812054831302,1349.1734518380833,3097800
2017-04-10,1360.3619384765625,1368.4639239297694,1347.2444382189892,1351.1025265300402,1795200
2017-04-11,1355.346435546875,1358.4329062227573,1341.0715086709188,1347.2444500226836,1998500
2017-04-12,1335.284423828125,1354.5748662411288,1330.268908800744,1346.8586892759272,2244800
2017-04-13,1321.781005859375,1324.8674763926135,1307.891888459802,1319.851961776101,2556200
2017-04-14,1326.41064453125,1337.5990996480057,1317.1512334001418,1336.0558644594878,2800200
2017-04-17,1310.2066650390625,1317.5370321285036,1300.5614451845347,1316.3796057459604,1507900
2017-04-18,1310.978515625,1341.4574157822617,1306.7346181347484,1327.1824878605062,2983400
2017-04-19,1295.16015625,1304.8053763591004,1285.9007449452636,1298.632435489276,3918100
2017-04-20,1312.1358642578125,1321.3952764137043,1303.2622609417497,1305.5771139807227,3303500
2017-04-21,1338.370849609375,1343.3863644681014,1326.0249668802023,1326.4107757154889,3098200
2017-04-24,1340.2998046875,1362.2909068369495,1337.2133342103841,1361.133480408031,2663700
2017-04-25,1359.97607421875,1364.9915888187056,1336.8275452958776,1339.1423981881649,2204800
2017-04-26,1404.343994140625,1405.1156117198232,1377.3373788686897,1378.494805237487,3775800
2017-04-27,1398.9427490234375,1406.2731164342056,1390.8407639904833,1400.4859842678097,2264800
2017-04-28,1401.6434326171875,1409.3596089596988,1392.7698298232995,1405.1157119713175,2763200
2017-05-01,1415.532470703125,1422.4770290221918,1407.8162947930507,1410.5169563615768,2059700
2017-05-02,1441.767578125,1450.2553722697016,1425.1777986603558,1425.9494163098743,3605300
2017-05-08,1466.8453369140625,1472.246661142573,1440.224524644975,1440.996142391905,3875300
2017-05-09,1452.5703125,1469.1600929614874,1448.3264151726428,1466.845239873838,3409700
2017-05-10,1457.9715576171875,1468.0025871218309,1444.0824398415277,1444.0824398415277,3282500
2017-05-11,1461.0579833984375,1473.403865486832,1455.656659984765,1462.6012186594867,2697400
2017-05-12,1449.8695068359375,1465.3018592237602,1430.5790663511593,1449.0978892165465,3603700
2017-05-15,1463.7586669921875,1481.5058727596204,1447.5546965088793,1480.7342551175582,4084400
2017-05-16,1445.23974609375,1469.9315089741558,1438.2951877836358,1469.9315089741558,3682700
2017-05-17,1424.7919921875,1435.9804481239846,1422.091330409728,1432.8939775208164,2871600
2017-05-18,1400.1002197265625,1413.2177197184894,1390.840807967555,1403.1866903128982,2872900
2017-05-19,1397.013671875,1402.0291863004004,1386.982643024199,1402.0291863004004,3401800
2017-05-22,1401.257568359375,1408.5879355947352,1395.4704363314593,1398.5569067463477,2367300
2017-05-23,1398.556884765625,1407.044678273168,1388.9116648706897,1392.7697528286637,2207600
2017-05-24,1402.4149169921875,1416.689841869412,1394.698741382877,1414.374989186619,1922900
2017-05-25,1400.486083984375,1408.973878432765,1398.9428486301222,1402.415128177191,2102100
2017-05-26,1383.510498046875,1400.4860869799654,1382.7388803680983,1399.7144693011887,1735200
2017-05-29,1373.8651123046875,1385.8251848914454,1373.4793035115663,1381.1954793739908,1515500
2017-05-30,1367.6922607421875,1373.4793930161318,1356.1179961942987,1373.4793930161318,1829800
2017-05-31,1354.5745849609375,1367.3062743097587,1351.4881148157688,1363.4481866282977,2991100
2017-06-01,1368.849609375,1371.5502709493023,1348.0159343732385,1361.1334334484216,3263200
2017-06-02,1403.572265625,1412.060058325316,1384.6676364288414,1387.3682977425783,3954800
2017-06-05,1386.2109375,1393.92711304968,1380.42380583774,1390.454834052324,2755400
2017-06-06,1359.97607421875,1382.3529855108598,1358.4328389572252,1369.6212946032801,3089300
2017-06-07,1361.9052734375,1365.3775531714766,1351.1026253762393,1358.0471848441928,2667700
2017-06-08,1336.82763671875,1359.9761672247023,1335.2844013516865,1352.259990389385,3806900
2017-06-09,1337.5992431640625,1348.0160818042211,1332.197919424721,1334.8985812943918,3799700
2017-06-12,1335.284423828125,1341.8431742485463,1326.7966291664034,1327.1824380146634,2095900
2017-06-13,1338.370849609375,1343.772173303388,1330.654672903642,1335.6701877623684,2520900
2017-06-14,1346.4727783203125,1358.0470428904011,1341.843072492277,1356.5038076143894,3894200
2017-06-15,1331.040283203125,1336.8274148692255,1319.466019870924,1328.3396217589448,3398100
2017-06-16,1329.883056640625,1346.8586454112046,1325.63915944798,1343.3863658899497,3490500
2017-06-19,1331.81201171875,1334.1268645780526,1321.3951738518883,1327.1823060001448,2021700
2017-06-20,1337.98486328125,1348.4017004521247,1337.5990544971435,1344.54361261106,3441000
2017-06-21,1323.323974609375,1340.2995591233143,1322.9381658704217,1335.2840455169232,2568500
2017-06-22,1318.3087158203125,1326.7965097178974,1317.5370981932595,1322.9384215826315,2613400
2017-06-23,1316.765380859375,1326.0247916828807,1312.1356754476221,1324.8673653299425,2654400
2017-06-26,1312.521484375,1318.6944249246767,1310.978249237581,1314.450528296774,2227200
2017-06-27,1327.953857421875,1332.583562909691,1310.9782706332164,1315.6079761210324,2592400
2017-06-28,1326.41064453125,1336.0558644594878,1323.7099829513434,1333.3552028795812,2444700
2017-06-29,1348.015869140625,1349.9449130289202,1334.5125619225591,1338.7564584768083,2524800
2017-06-30,1334.8984375,1341.0713782514451,1326.0248351697978,1334.8984375,2897100
2017-07-03,1348.7877197265625,1350.7167639481393,1327.954042133532,1331.8121305766858,2350700
2017-07-04,1358.8184814453125,1368.0778918810558,1353.417158691129,1364.2198041994961,2275800
2017-07-05,1378.880615234375,1380.0380416041855,1359.5901757375316,1360.3617933174053,2711700
2017-07-06,1368.849609375,1378.4948292832228,1364.9915214117107,1369.6212269676578,2938000
2017-07-07,1374.2510986328125,1379.652422434289,1351.4883768980187,1351.8741857409814,2538900
2017-07-10,1383.8961181640625,1390.0690587524718,1376.5657512153261,1388.140014818594,2233100
2017-07-11,1382.3529052734375,1385.4393756173358,1374.636729413692,1382.7387140664248,2130400
2017-07-12,1373.8651123046875,1379.6522442015057,1369.621215580354,1374.63672989093,2679200
2017-07-13,1358.4327392578125,1377.3373698240246,1358.046930470747,1376.1799434628279,2163800
2017-07-14,1372.70751953125,1376.1797982484454,1357.6609784234033,1358.0467871697583,2341500
2017-07-17,1372.70751953125,1372.70751953125,1372.70751953125,1372.70751953125,0
2017-07-18,1354.1890869140625,1372.322103177584,1350.7168072040263,1372.322103177584,2939000
2017-07-19,1348.4017333984375,1352.2598213337692,1344.1578366695726,1350.3307773661033,1729300
2017-07-20,1353.4173583984375,1358.8186819496286,1343.0005201211407,1344.1579465963957,1483500
2017-07-21,1353.0313720703125,1355.7320334916105,1346.4726229043029,1347.2442404532453,1526700
2017-07-24,1341.071533203125,1343.7721950939253,1332.9695475307242,1339.9141066784964,1876200
2017-07-25,1338.7567138671875,1348.78774399991,1332.5837722470505,1343.0006112310316,1813200
2017-07-26,1351.4881591796875,1369.621171877788,1350.3307328372557,1359.2043347959004,2679500
2017-07-27,1361.13330078125,1370.0069022319215,1349.1732292607799,1357.2752131940015,2439900
2017-07-28,1364.991455078125,1373.4792481848856,1359.2043234144246,1363.834028745385,2788600
2017-07-31,1379.2666015625,1384.2821164772727,1365.3774833369755,1366.5349098557692,3425100
2017-08-01,1373.8651123046875,1388.9116552364153,1370.7786419597176,1381.1954793739908,2871200
2017-08-02,1334.126708984375,1367.3062627647844,1317.9227408590586,1346.4725894608064,5893200
2017-08-03,1329.4970703125,1348.0158919535331,1323.324129765489,1343.3861865432748,4228300
2017-08-04,1348.4017333984375,1349.1733509855037,1323.3241618187812,1326.4106321670467,3649000
2017-08-07,1353.4173583984375,1363.4483878506494,1346.4727995469061,1359.2044907747136,2048300
2017-08-08,1360.74755859375,1361.1333673713496,1348.401677710563,1354.960426929756,2589400
2017-08-09,1348.7877197265625,1363.0626469662313,1338.3708809300472,1359.590367367393,3094700
2017-08-10,1363.4482421875,1366.920521242307,1353.4172138069468,1364.9914773229698,3416900
2017-08-11,1363.4482421875,1363.4482421875,1363.4482421875,1363.4482421875,0
2017-08-14,1326.02490234375,1358.8186517470724,1325.2532847107307,1355.7321812149949,3103400
2017-08-15,1362.6766357421875,1372.3218554175994,1337.2132557991001,1341.071343669265,4024500
2017-08-16,1376.95166015625,1377.7232777859258,1360.7476899330609,1368.8496750446554,2649700
2017-08-17,1354.1890869140625,1366.534970327524,1345.7012920673076,1364.6059260441705,2925700
2017-08-18,1324.0960693359375,1332.198055774182,1322.1670249458793,1329.4973936281006,3638500
2017-08-21,1313.6790771484375,1329.1114304776409,1312.9074594819772,1327.5681951447204,1725600
2017-08-22,1324.0960693359375,1325.2534959699724,1308.2779053374604,1312.1359941175767,2114900
2017-08-23,1327.953857421875,1334.898415653599,1321.009299190151,1330.6545189564342,2620200
2017-08-24,1337.98486328125,1342.6145686905277,1322.1667031328845,1323.324129485204,2699900
2017-08-25,1338.370849609375,1345.7012174798213,1332.5837170800753,1338.370849609375,2027800
2017-08-28,1330.268798828125,1341.843063319089,1324.8674753990085,1339.5282104208961,2013000
2017-08-29,1329.4970703125,1332.9693493701936,1313.6789101607842,1313.6789101607842,1935500
2017-08-30,1329.4970703125,1332.5835405860055,1322.1667034129243,1329.4970703125,2345300
2017-08-31,1328.7255859375,1337.5991888633312,1323.3242624174288,1325.25330653174,2414300
2017-09-01,1315.608154296875,1332.5837433845766,1309.8210216533403,1332.1979345416744,3267200
2017-09-04,1311.364013671875,1315.60791015625,1299.4039417613635,1307.1201171875,2894900
2017-09-05,1307.891845703125,1318.308683412265,1302.8763312505762,1313.2931689597162,2372600
2017-09-06,1298.24658203125,1305.9627578531297,1298.24658203125,1301.333052360002,2273300
2017-09-07,1292.45947265625,1301.7188838036382,1290.144619869403,1298.2466046233676,3163600
2017-09-08,1290.530517578125,1302.4905911341555,1286.2866205098562,1287.8298558074084,3544800
2017-09-11,1313.2928466796875,1315.2218902265142,1302.104394108092,1308.2773334579379,2266900
2017-09-12,1326.02490234375,1332.1978434079049,1322.9384318116727,1323.710049444692,2276000
2017-09-13,1339.5279541015625,1347.244128952378,1334.8982491910733,1335.669866676155,2128300
2017-09-14,1327.182373046875,1344.5437703687091,1324.4817112412563,1339.91406441622,2472900
2017-09-15,1336.4415283203125,1341.0712333837778,1324.0956481510718,1325.638883172227,3431200
2017-09-18,1336.4415283203125,1336.4415283203125,1336.4415283203125,1336.4415283203125,0
2017-09-19,1369.6212158203125,1371.164450993068,1350.3307761608714,1353.803055299571,2969000
2017-09-20,1390.8404541015625,1393.1553064523557,1364.6054607925732,1366.9203131433665,3323300
2017-09-21,1398.171142578125,1404.7298924191373,1389.683348666227,1400.4859954631881,2477900
2017-09-22,1403.9583740234375,1408.2022712793478,1395.4705795116167,1404.3441828648838,2376400
2017-09-25,1415.146728515625,1421.319669534232,1412.4460668199845,1415.918346142951,2327800
2017-09-26,1394.3131103515625,1407.4306105596293,1388.9117867364762,1400.8718604555959,3484500
2017-09-27,1385.725341796875,1388.0674127970951,1375.1860222958846,1381.041199796435,2903500
2017-09-28,1394.3131103515625,1398.6069077238658,1385.725515606956,1397.04552686121,1862600
2017-09-29,1434.9088134765625,1435.689503799455,1405.6329263680907,1416.952936050033,4686800
2017-10-02,1448.1806640625,1455.9875679118934,1429.0537496314857,1435.6896179034702,3079000
2017-10-03,1434.9088134765625,1445.8384779970586,1430.6150167006533,1439.9833005753642,3037700
2017-10-04,1434.128173828125,1436.8605900547982,1423.5888540966719,1426.3212703233448,2710400
2017-10-05,1431.005615234375,1437.2511389233412,1427.1021629287711,1432.957341387177,1412800
2017-10-06,1435.689697265625,1438.031768549908,1424.7600312723032,1428.6634834127751,2337100
2017-10-09,1435.689697265625,1435.689697265625,1435.689697265625,1435.689697265625,0
2017-10-10,1442.7159423828125,1445.4483589403558,1423.9793717025161,1425.931097815047,2106500
2017-10-11,1446.619140625,1449.7419018567864,1429.4439538501754,1440.3736181614274,1965500
2017-10-12,1443.8868408203125,1454.4261608263,1441.1544245224638,1452.4744348992654,2292500
2017-10-13,1449.3515625,1450.5225979666038,1429.443959567735,1439.2025884561,3500700
2017-10-16,1427.1024169921875,1448.5714084950787,1426.3217263920824,1448.5714084950787,3140100
2017-10-17,1438.4219970703125,1448.9613169945726,1431.7861289698524,1439.9833777998324,2141500
2017-10-18,1439.9832763671875,1444.6674182257957,1433.737753889043,1439.2025860574195,1471500
2017-10-19,1449.3515625,1453.6453592108808,1443.1060400114463,1444.6674206335847,1658400
2017-10-20,1449.7420654296875,1450.5227558257186,1436.079983499144,1444.2772326574702,1741300
2017-10-23,1462.62353515625,1468.869058658385,1459.5007734051826,1461.842844718483,1851300
2017-10-24,1486.824951171875,1489.167022504779,1456.768369066274,1462.2332021763832,3120900
2017-10-25,1485.6539306640625,1499.7063588048682,1479.4084070459267,1493.4608351867323,3010600
2017-10-26,1489.94775390625,1491.8994800706544,1481.360158782871,1483.3118849472753,1745500
2017-10-27,1499.3157958984375,1506.7323541181902,1486.4344053062352,1506.3420089487295,2159200
2017-10-30,1501.65771484375,1502.4384051036116,1491.1183963356186,1493.8508122451342,3975600
2017-10-31,1500.096435546875,1502.4385064844969,1485.653664764873,1489.9474614838464,2304900
2017-11-01,1516.4912109375,1517.6622466216218,1508.2939611486488,1512.9781038851352,2048800
2017-11-02,1525.07861328125,1525.07861328125,1515.319983813108,1519.6137807790906,2328000
2017-11-03,1525.07861328125,1525.07861328125,1525.07861328125,1525.07861328125,0
2017-11-06,1473.1627197265625,1500.0965373368256,1465.7461612541713,1497.3641210575236,5560800
2017-11-07,1510.2454833984375,1511.8068640998058,1472.7723465655997,1479.4082145464147,4337200
2017-11-08,1522.3463134765625,1525.4690751452322,1467.307639066256,1467.6979842748397,4198600
2017-11-09,1518.052734375,1550.4513913441758,1495.8030542877348,1526.2499849334663,4769500
2017-11-10,1507.9033203125,1512.1971169791937,1489.166753039655,1495.4122754639368,3294100
2017-11-13,1492.679931640625,1512.1971901610307,1488.7764799365439,1503.6095964120523,1901200
2017-11-14,1489.1668701171875,1500.4868804011714,1488.386179752775,1492.2896315748383,1845600
2017-11-15,1448.571044921875,1482.5310775029054,1445.4482833052286,1480.1890062904204,3218100
2017-11-16,1457.9393310546875,1461.4524378765059,1439.9834517431705,1444.2772489698377,2450100
2017-11-17,1460.671875,1479.4084463522179,1454.0360059794227,1470.820851149118,3519000
2017-11-20,1477.45654296875,1480.1889592965654,1456.7682479152907,1459.891009432794,2376600
2017-11-21,1505.95166015625,1510.6358021785088,1485.2633662246062,1486.8247468986926,2370100
2017-11-22,1521.5655517578125,1525.0786584704394,1507.1227797170122,1508.6841604781798,2423400
2017-11-23,1521.5655517578125,1521.5655517578125,1521.5655517578125,1521.5655517578125,0
2017-11-24,1493.4608154296875,1506.3422077216842,1479.0180422538124,1506.3422077216842,2549500
2017-11-27,1466.136474609375,1497.7544337263505,1465.3557842608077,1493.4606368092302,2828600
2017-11-28,1484.0926513671875,1487.9961038957704,1470.4305675171477,1478.6278178271714,3338000
2017-11-29,1513.3682861328125,1513.7586313188153,1496.5834431346925,1500.8772401807232,3278600
2017-11-30,1528.982177734375,1537.179427091644,1512.5876790198374,1524.6883804519962,4870900
2017-12-01,1481.75048828125,1516.49121363874,1478.2373812226276,1515.3201779525323,3953000
2017-12-04,1474.33349609375,1492.6797164581678,1471.9914254089306,1489.1666104309388,2833000
2017-12-05,1474.72412109375,1484.8730959874601,1463.4041106353807,1484.092405611021,3216000
2017-12-06,1425.54052734375,1459.1102111749556,1421.2467305746425,1459.1102111749556,3992700
2017-12-07,1424.759765625,1439.5928809931506,1423.9790753424656,1431.005287885274,3624600
2017-12-08,1436.8604736328125,1440.3735799253132,1420.8563227447535,1420.8563227447535,3819400
2017-12-11,1450.52294921875,1450.9132944688088,1439.5932822171017,1441.935353717455,2459400
2017-12-12,1460.671875,1463.7946368920364,1450.1325536143772,1451.303589323891,2324000
2017-12-13,1460.671875,1467.307744020577,1455.9877321619454,1462.233255946018,1926000
2017-12-14,1468.0882568359375,1476.28550581056,1463.4041145647248,1470.8206731608116,2842600
2017-12-15,1432.9571533203125,1456.7682092594405,1429.053701527013,1455.2068285421205,3315900
2017-12-18,1448.571044921875,1451.3034613364407,1438.4220696677742,1447.4000093156326,1816700
2017-12-19,1463.4041748046875,1469.2593528847276,1452.0841638499433,1452.8648542606152,2305400
2017-12-20,1479.408203125,1484.873035537599,1462.2330155425461,1465.7461220935027,2414800
2017-12-21,1486.824951171875,1489.167022504779,1476.2856301738072,1482.140808506067,1536200
2017-12-22,1502.4385986328125,1505.1710148942907,1491.8992787671107,1495.0220402088003,1638900
2017-12-25,1499.7061767578125,1507.9034255115641,1493.0703087190611,1506.732389975314,784300
2017-12-26,1492.679931640625,1501.6578705600116,1489.55717027736,1496.9737285151143,1014000
2017-12-27,1488.3861083984375,1497.3640471587742,1483.3116212730297,1491.5088697063807,1022600
2017-12-28,1487.2152099609375,1496.9738399475577,1483.3117579662894,1490.337971556656,989300
2017-12-29,1487.2152099609375,1493.0703879529096,1483.3117579662894,1489.1669359582615,1062000
2018-01-01,1487.2152099609375,1487.2152099609375,1487.2152099609375,1487.2152099609375,0
2018-01-02,1487.2152099609375,1487.2152099609375,1487.2152099609375,1487.2152099609375,0
2018-01-03,1487.2152099609375,1487.2152099609375,1487.2152099609375,1487.2152099609375,0
2018-01-04,1508.2939453125,1509.4649809843265,1493.8511720266401,1498.1449694900039,2410600
2018-01-05,1525.07861328125,1530.153100604684,1513.7586030982052,1516.1006741705594,2248600
2018-01-08,1525.07861328125,1525.07861328125,1525.07861328125,1525.07861328125,0
2018-01-09,1543.425048828125,1544.5960845252632,1530.9340013919843,1540.30228696909,2695200
2018-01-10,1543.815185546875,1555.5255409366112,1533.2758656961125,1549.6703632417432,2719900
2018-01-11,1536.0084228515625,1536.789113282491,1521.5656498793876,1528.9822089732072,2363100
2018-01-12,1522.3463134765625,1533.2759793169068,1518.0525161821413,1530.1532176482372,2133200
2018-01-15,1520.3946533203125,1528.5919030558007,1519.2236176438144,1526.2498317028042,1505700
2018-01-16,1523.90771484375,1532.1049643344566,1522.3463339883774,1524.6884052714363,2022000
2018-01-17,1528.2015380859375,1530.5436094086745,1516.100836251796,1522.3463597790947,2075900
2018-01-18,1514.5394287109375,1536.7891058852993,1508.6842505071581,1534.8373798173727,2786600
2018-01-19,1524.6883544921875,1525.8593900947162,1509.855236860159,1517.662140877016,1364400
2018-01-22,1523.5172119140625,1524.297902260931,1514.5392729250736,1522.3461763937596,1230000
2018-01-23,1527.8109130859375,1533.2757451715797,1511.026071680037,1518.0522843615768,1720700
2018-01-24,1513.7587890625,1532.8857051697878,1512.1974081557826,1523.907764956163,1579200
2018-01-25,1485.2633056640625,1503.219182683917,1482.1405444432182,1500.4867666156783,2580600
2018-01-26,1475.5050048828125,1498.9257192460318,1474.3339691646515,1493.070540655227,1930800
2018-01-29,1485.6539306640625,1493.8511804128657,1470.8208120709899,1475.1146095584581,1743900
2018-01-30,1474.33349609375,1487.6052299743926,1462.6231426696534,1483.7017788330272,2805900
2018-01-31,1452.474609375,1476.6760137773783,1452.0842641427037,1470.820835292932,3455600
2018-02-01,1461.8426513671875,1465.74610303973,1445.838499509763,1462.2329965344418,2280900
2018-02-02,1458.32958984375,1466.917183788226,1447.0095796442133,1452.4744121543345,1809400
2018-02-05,1420.07568359375,1428.272931904764,1411.0977449674015,1423.5887900127561,3638200
2018-02-06,1323.660400390625,1354.1073220156527,1297.5072754050243,1334.9804097127508,6329300
2018-02-07,1326.0025634765625,1377.1377815558765,1324.4411827718507,1369.330878032317,5640300
2018-02-08,1325.6123046875,1347.4716359779889,1309.2178062196333,1334.980589526281,3562600
2018-02-09,1296.336181640625,1299.4589426924542,1266.669951648247,1273.305818883384,3898100
2018-02-12,1296.336181640625,1296.336181640625,1296.336181640625,1296.336181640625,0
2018-02-13,1278.770751953125,1320.5376843276624,1276.0383358164731,1318.5859585157682,3366600
2018-02-14,1244.810791015625,1279.9418575541656,1241.6880295455326,1275.6480605327886,4341900
2018-02-15,1262.7666015625,1274.4769564456144,1252.6176273304675,1266.2797080274343,4147200
2018-02-16,1280.33203125,1295.165146246189,1270.963748094512,1278.3803055926066,3480600
2018-02-19,1311.9501953125,1313.1212308929632,1295.5556971860124,1298.6784587339146,2467900
2018-02-20,1317.8052978515625,1320.928059220879,1299.8494199779927,1310.7790847706003,2957600
2018-02-21,1314.6824951171875,1324.8314692481397,1307.6562822572976,1318.976291864898,2836700
2018-02-22,1296.336181640625,1305.314119664634,1286.967898485137,1302.972048875762,3672900
2018-02-23,1320.9281005859375,1327.5639687035382,1306.0949836171828,1309.6080902676774,3694200
2018-02-26,1328.7347412109375,1337.7126786515519,1323.6602548314597,1327.1733607864828,3008300
2018-02-27,1362.3046875,1372.0633170666188,1342.787428366762,1343.1777735494268,3900600
2018-02-28,1325.6123046875,1356.059230413538,1325.6123046875,1352.936468800611,3142300
2018-03-01,1316.6343994140625,1329.90613661539,1311.9502568724174,1320.1475063202963,2880600
2018-03-02,1290.8714599609375,1304.5335407285918,1280.7224856763942,1290.4811147961473,3486500
2018-03-05,1273.6961669921875,1284.2354855667475,1264.7182289471918,1277.9899634484896,2433200
2018-03-06,1296.7266845703125,1313.5115272664364,1294.7749586754144,1297.5073749282717,2553100
2018-03-07,1260.4248046875,1286.1875910329243,1258.8634236968683,1286.1875910329243,2652200
2018-03-08,1261.9859619140625,1284.6259822638972,1256.1307842373812,1278.770804587216,2986000
2018-03-09,1271.3543701171875,1296.7268091892222,1265.108846653302,1274.4771318491303,3849000
2018-03-12,1289.31005859375,1300.6300681908492,1286.1872973255847,1293.994200495998,2948600
2018-03-13,1294.77490234375,1298.6783539637192,1271.7445377859324,1274.4769539199108,2610700
2018-03-14,1283.8453369140625,1294.3846571015602,1279.9418849927672,1281.8936109534147,1917500
2018-03-15,1282.6741943359375,1288.9197168890034,1270.9638395489387,1272.5252201872052,2717300
2018-03-16,1287.748779296875,1295.165337892401,1281.8936014583019,1286.9680889183987,2661300
2018-03-19,1265.8895263671875,1286.1874774529397,1263.9378003012498,1283.0647157474393,2790600
2018-03-20,1281.893798828125,1282.2841440774637,1261.5958458625153,1263.1572268598698,2204500
2018-03-21,1281.893798828125,1281.893798828125,1281.893798828125,1281.893798828125,0
2018-03-22,1286.1873779296875,1287.7487586616203,1274.4770224401911,1279.1611646359897,2852700
2018-03-23,1214.36376953125,1255.740355699785,1212.02169861605,1255.740355699785,4350100
2018-03-26,1235.4422607421875,1235.4422607421875,1208.11810331661,1210.0698288470082,2645100
2018-03-27,1265.108642578125,1269.0120941133862,1243.2493139806627,1247.54311066945,3646500
2018-03-28,1263.1265869140625,1267.0912026921983,1243.6999696011972,1252.8185858909094,2739100
2018-03-29,1273.8309326171875,1286.914163484404,1258.7653940428168,1278.984932655788,2381000
2018-03-30,1287.3106689453125,1293.2575922696674,1278.588514736259,1284.5354380606136,2017200
2018-04-02,1280.5706787109375,1294.8432930866632,1280.1742172005006,1284.5352938153057,1594000
2018-04-03,1265.50537109375,1273.434602742207,1259.1619857749843,1265.50537109375,2249600
2018-04-04,1280.1746826171875,1286.9145307449337,1267.4879096708419,1276.606527726028,2335000
2018-04-05,1290.8785400390625,1303.1688455492624,1282.1563877415012,1296.032539123985,2213100
2018-04-06,1287.70703125,1305.9442613723832,1286.1211851524015,1295.6362617379928,2499100
2018-04-09,1292.464599609375,1299.2044456809576,1282.9495228024348,1292.464599609375,2422700
2018-04-10,1299.9974365234375,1305.5478982835255,1272.2451277229982,1284.138974351758,2802900
2018-04-11,1293.6539306640625,1303.961930111585,1292.4645461124253,1300.3937764566733,2232000
2018-04-12,1294.0501708984375,1298.0147853926117,1280.174020168828,1292.4643251007678,2064200
2018-04-13,1319.8204345703125,1324.9744344649998,1304.754896416611,1307.530127129135,2035600
2018-04-16,1315.4593505859375,1323.7850426782536,1308.7195046064435,1321.009811980815,1506100
2018-04-17,1320.6136474609375,1329.7322646604575,1316.2525696698626,1325.3711868693829,2291400
2018-04-18,1321.8028564453125,1326.1639336561398,1305.9443938604857,1322.595779574554,2198600
2018-04-19,1313.08056640625,1326.9567197348185,1312.6841048825765,1321.4062584033911,2892700
2018-04-20,1314.2701416015625,1317.838295832155,1306.3409099780235,1311.8913721145009,2190600
2018-04-23,1324.181640625,1326.9568716083459,1310.7019472773204,1315.0630245368638,2003500
2018-04-24,1347.9693603515625,1348.7622835047105,1329.732127829159,1337.2648977840647,1996400
2018-04-25,1338.4542236328125,1338.4542236328125,1322.5957612674947,1334.8860696006159,2141400
2018-04-26,1329.7320556640625,1344.4011332012033,1326.5603632235996,1337.6612867652198,2528800
2018-04-27,1331.71435546875,1341.6258942858738,1326.5603552838456,1336.8683556536544,2613000
2018-04-30,1331.71435546875,1331.71435546875,1331.71435546875,1331.71435546875,0
2018-05-01,1348.3658447265625,1352.3304605593369,1326.956919229581,1332.507381395465,2235500
2018-05-02,1347.1763916015625,1362.2419310014623,1340.0400834647678,1357.4843922435991,2306100
2018-05-03,1347.1763916015625,1347.1763916015625,1347.1763916015625,1347.1763916015625,0
2018-05-04,1347.1763916015625,1347.1763916015625,1347.1763916015625,1347.1763916015625,0
2018-05-07,1331.71435546875,1340.0400480751339,1316.252354914037,1340.0400480751339,2276500
2018-05-08,1328.5426025390625,1344.0046023895618,1321.8027564503832,1324.5779871927805,2646000
2018-05-09,1318.2344970703125,1328.1460346422698,1309.9088055098684,1324.1814196134867,2542500
2018-05-10,1319.4241943359375,1330.5251190478984,1311.4949623988225,1311.4949623988225,1918800
2018-05-11,1344.0045166015625,1349.5549777320705,1316.252210949023,1317.045133967667,2909200
2018-05-14,1391.5802001953125,1406.2492792287103,1355.1057334095665,1355.1057334095665,4188000
2018-05-15,1407.0421142578125,1412.1961146763392,1391.1836514315762,1403.0774985512535,2851300
2018-05-16,1410.2137451171875,1422.9005148230492,1399.905744731175,1406.645591137414,2192700
2018-05-17,1404.2667236328125,1418.1428770283935,1404.2667236328125,1412.9888771957492,2331700
2018-05-18,1420.1253662109375,1422.107674092304,1406.249211041372,1416.5572120244778,1768800
2018-05-21,1440.3447265625,1444.705803356386,1422.5039578602396,1427.6579577075593,2228900
2018-05-22,1438.7589111328125,1441.137680343834,1431.226141964578,1437.5695265273018,1493700
2018-05-23,1418.935791015625,1438.7588671684,1414.5747142620146,1438.3624056453446,1836900
2018-05-24,1397.5269775390625,1416.1606705729166,1390.787131122562,1415.367747465093,2268300
2018-05-25,1382.06494140625,1400.6986339610673,1380.0826336876523,1388.0118645620428,2132100
2018-05-28,1364.22412109375,1378.100274606764,1359.466582746431,1374.5321208462747,2038100
2018-05-29,1351.53759765625,1362.6385224829953,1345.194212040967,1356.2951368677122,2227400
2018-05-30,1301.186767578125,1315.0629214066546,1298.8079983503771,1304.3584598817888,2956300
2018-05-31,1303.9619140625,1318.23452850648,1301.1866834761706,1313.8734518708195,3420900
2018-06-01,1315.855712890625,1324.1814043551333,1298.4114069649886,1302.7724834463977,2046900
2018-06-04,1341.2294921875,1345.9870310306126,1332.5073376417936,1336.075491774128,2085300
2018-06-05,1346.7796630859375,1352.3301238699241,1341.2292023019506,1348.7619705087898,1875000
2018-06-06,1359.4666748046875,1364.2242134741703,1347.1763665751905,1347.969289686771,1567900
2018-06-07,1366.6029052734375,1371.3604436729968,1360.2595207406916,1368.1887514066239,1514200
2018-06-08,1349.158447265625,1373.3425980981856,1349.158447265625,1361.0522919373761,2346400
2018-06-11,1340.8330078125,1344.0047003206314,1331.3179302881063,1335.2825459232704,2041400
2018-06-12,1345.59033203125,1363.0346380446192,1343.211563029427,1355.1054080385422,2160200
2018-06-13,1345.59033203125,1348.7620240336807,1341.6257170282115,1344.0044860300347,1059300
2018-06-14,1346.3834228515625,1351.9338845476525,1342.4188073543553,1345.9869613018418,1649000
2018-06-15,1342.0223388671875,1348.762185177599,1332.5072617230776,1348.762185177599,2114100
2018-06-18,1325.370849609375,1336.0753105544702,1320.21684989507,1332.9036184225902,1587300
2018-06-19,1313.87353515625,1338.4541504790284,1313.0806120813218,1317.4416889934275,2340200
2018-06-20,1308.3231201171875,1310.3054278749407,1283.3460423694958,1308.3231201171875,2228500
2018-06-21,1313.4771728515625,1322.5957889021468,1295.2399407503938,1296.429325452644,1798800
2018-06-22,1301.186767578125,1301.979690654041,1282.5530752940995,1292.464613743049,2391800
2018-06-25,1289.2928466796875,1300.790230613793,1286.9140775898727,1299.9973075838548,1829100
2018-06-26,1300.3935546875,1303.9617077338987,1272.2447917659108,1281.3634051067074,1705000
2018-06-27,1289.6893310546875,1303.9619458465625,1282.9494851807467,1301.9796382365798,1909300
2018-06-28,1299.9974365234375,1306.7372829464014,1284.9318974603418,1288.5000514489698,2260600
2018-06-29,1308.3231201171875,1308.3231201171875,1288.1035809881037,1301.5832737408261,2081800
2018-07-02,1281.7603759765625,1311.4949965142187,1278.5886831192124,1296.0329938346374,1822500
2018-07-03,1282.1566162109375,1289.6893854465613,1268.6769238945578,1285.3283085206738,2088100
2018-07-04,1284.1387939453125,1288.1034089312504,1276.6060254720303,1279.7777174607809,1540400
2018-07-05,1280.5706787109375,1290.878677982295,1275.8131405856957,1285.3282168361793,1617500
2018-07-06,1289.2928466796875,1298.8079230389471,1280.9671548653353,1284.9317700150268,1484700
2018-07-09,1305.547607421875,1309.1157606155575,1288.4997643853915,1292.4643790450386,1076200
2018-07-10,1316.25244140625,1330.128596662039,1316.25244140625,1319.0276724574078,1710900
2018-07-11,1300.79052734375,1314.2702219276232,1289.293140786917,1313.873760322215,1693100
2018-07-12,1294.447021484375,1299.997483444798,1282.9496359949273,1298.01517560179,1228500
2018-07-13,1327.7496337890625,1333.3000950828955,1306.3407116557064,1307.5300962186707,2474500
2018-07-16,1327.7496337890625,1327.7496337890625,1327.7496337890625,1327.7496337890625,0
2018-07-17,1314.2701416015625,1322.992296387455,1304.3586020721389,1315.0630647639164,2259500
2018-07-18,1332.50732421875,1337.2648630139374,1321.4064003633125,1332.1108626524845,2170900
2018-07-19,1332.1107177734375,1338.4541021437872,1322.1991796947661,1336.075333004906,1617900
2018-07-20,1321.009765625,1333.3000725680897,1312.6840738248425,1319.027458053534,2382300
2018-07-23,1334.48974609375,1337.2649772947768,1315.459589286709,1317.4418972874425,2090800
2018-07-24,1330.52490234375,1346.383363635094,1324.1815178272125,1342.0222867799744,1160100
2018-07-25,1345.194091796875,1351.5374768451363,1338.0577836175812,1338.850706748614,1505600
2018-07-26,1357.484619140625,1359.8633889171565,1348.366001663921,1351.9341563287182,1398300
2018-07-27,1367.3956298828125,1367.3956298828125,1356.6911700373976,1361.448707746471,1285100
2018-07-30,1361.05224609375,1374.1354747920004,1359.8628616666363,1366.9991682293185,1302200
2018-07-31,1359.0701904296875,1374.1357292967612,1354.7091133892188,1373.7392677476275,2600300
2018-08-01,1449.463623046875,1449.463623046875,1399.1129993797651,1407.4386930570038,5195700
2018-08-02,1449.463623046875,1478.008858511693,1445.4990070100946,1447.4813150284847,4094000
2018-08-03,1437.1729736328125,1469.286355940194,1435.9835891029095,1460.960664230873,1945300
2018-08-06,1435.1905517578125,1445.102088717466,1427.657783668476,1432.4153214091095,1194600
2018-08-07,1441.1376953125,1443.9129260875172,1424.4863106623968,1430.8296952910075,1241300
2018-08-08,1447.481201171875,1461.7538177816223,1434.3979692796065,1438.7590465770293,1796700
2018-08-09,1430.0367431640625,1437.9659737887594,1417.3499741645478,1431.6225892890018,1437500
2018-08-10,1415.76416015625,1439.1553910297362,1413.7818524551071,1436.7766217883645,2289200
2018-08-13,1386.426025390625,1401.4915641280695,1377.3074098390139,1399.9057179451806,2651000
2018-08-14,1404.2667236328125,1406.6454927863406,1387.615339558115,1394.7516470186997,1716500
2018-08-15,1410.2137451171875,1438.362515402068,1399.1128216245586,1426.0722072495146,2258700
2018-08-16,1399.1126708984375,1402.284362983217,1375.7214417731873,1388.408210112306,2354700
2018-08-17,1412.5924072265625,1419.7287146444908,1399.5091769603607,1407.8348689479437,1392500
2018-08-20,1390.3905029296875,1407.4383477047022,1384.4435803337522,1405.4560401727238,1965000
2018-08-21,1388.0118408203125,1393.9587638743842,1377.7038408599217,1390.3906100419413,1316700
2018-08-22,1408.2313232421875,1412.195938454018,1398.3197852126114,1406.6454771574554,1377600
2018-08-23,1388.408447265625,1408.6279877597844,1386.8226009523576,1408.6279877597844,1273600
2018-08-24,1374.9285888671875,1387.6153578532744,1367.7922813125135,1387.6153578532744,2113400
2018-08-27,1402.284423828125,1405.059654522724,1381.2719628547322,1382.064885910332,1371000
2018-08-28,1419.3323974609375,1437.9660909471565,1418.143012770328,1427.2616287316691,1643000
2018-08-29,1438.3621826171875,1445.498488925652,1420.521416846026,1423.693108538677,1868700
2018-08-30,1416.1605224609375,1442.326982282444,1415.3675994360433,1439.9482132077617,2192200
2018-08-31,1393.9588623046875,1410.6102480318766,1393.9588623046875,1403.8704014280145,3002000
2018-09-03,1374.9285888671875,1398.7162807161008,1370.1710504974048,1390.390588568981,1791100
2018-09-04,1361.05224609375,1377.307166597637,1356.691169861,1375.7213206948186,1472300
2018-09-05,1349.9517822265625,1359.863322477859,1346.7800893461476,1356.691629597444,1973600
2018-09-06,1330.9215087890625,1347.176433382554,1330.9215087890625,1342.022432901691,2179600
2018-09-07,1318.631103515625,1321.8027958872801,1306.3407955754615,1317.8381804227113,2040000
2018-09-10,1327.7496337890625,1337.2647102927763,1319.820403369301,1319.820403369301,1399400
2018-09-11,1331.3177490234375,1339.2469792141667,1320.2168267564166,1330.5248260043645,1857900
2018-09-12,1322.9920654296875,1345.9868331237005,1315.0628351903727,1342.8151410279747,1704100
2018-09-13,1332.90380859375,1343.6082710660971,1322.1993461214026,1337.6613474703488,1639800
2018-09-14,1359.4666748046875,1360.6560594720581,1341.6259047941273,1342.815289461498,2932500
2018-09-17,1359.4666748046875,1359.4666748046875,1359.4666748046875,1359.4666748046875,0
2018-09-18,1400.698486328125,1407.8347933629132,1358.2771056213294,1359.0700286251947,2365300
2018-09-19,1426.468505859375,1437.9658895919827,1421.7109677631236,1423.6932753032283,2197300
2018-09-20,1430.8297119140625,1449.0669429331942,1422.9004810361791,1439.9483274236284,1839000
2018-09-21,1434.3978271484375,1445.8952116114847,1432.4155194823948,1439.5518270801483,3763200
2018-09-24,1434.3978271484375,1434.3978271484375,1434.3978271484375,1434.3978271484375,0
2018-09-25,1447.481201171875,1449.0670474618469,1422.9005836773101,1427.658122547226,2522400
2018-09-26,1446.677734375,1461.1404942854415,1427.7957978252568,1440.651584412316,3183100
2018-09-27,1414.1363525390625,1449.0880180705678,1406.9049734635787,1433.8217733556573,3528500
2018-09-28,1431.813232421875,1454.310858969469,1426.9923124473905,1433.018462415496,3521400
2018-10-01,1398.0665283203125,1419.7606641045932,1392.8438660018744,1416.948461317742,3302600
2018-10-02,1429.000732421875,1445.0704623338445,1408.5118267841142,1408.5118267841142,3340700
2018-10-03,1388.82666015625,1415.341719331926,1388.82666015625,1414.5382326902388,2889900
2018-10-04,1398.8699951171875,1415.3414683509052,1392.8438463731445,1405.6996303604362,3110500
2018-10-05,1383.60400390625,1402.8876834032012,1383.2022605833968,1390.0318970719004,2483700
2018-10-08,1383.60400390625,1383.60400390625,1383.60400390625,1383.60400390625,0
2018-10-09,1364.721923828125,1396.4596429869187,1357.892288059777,1384.0056012916957,3125300
2018-10-10,1359.901123046875,1376.3725989833365,1352.2680000519294,1369.9447059349613,1757900
2018-10-11,1308.8797607421875,1320.5303172374372,1300.8448941937395,1311.6919640341443,2793300
2018-10-12,1259.0634765625,1288.7924801571473,1257.8582466870412,1277.1419246943801,8084200
2018-10-15,1240.98486328125,1258.259822530552,1233.7534849908445,1253.4389036702817,3852500
2018-10-16,1261.4737548828125,1263.482471053008,1238.1726473085441,1240.5831067127788,2527600
2018-10-17,1279.552490234375,1285.176896784856,1269.5089071085165,1279.1507469093408,2888400
2018-10-18,1272.321044921875,1282.766370835348,1269.910585095689,1279.1506810960689,2329100
2018-10-19,1268.3035888671875,1271.1157919467157,1246.6094508251133,1255.0460600636977,3783100
2018-10-22,1262.277099609375,1269.5084770100652,1246.2073720522856,1257.054438153321,2470800
2018-10-23,1243.3953857421875,1257.4563997974303,1240.583182931139,1255.4476835038242,2976400
2018-10-24,1251.0286865234375,1258.6618095304848,1240.1816169871072,1254.644376368881,3106400
2018-10-25,1220.897705078125,1233.7534887446272,1215.2732997240303,1222.1029347968597,3892500
2018-10-26,1229.736328125,1241.7886279759475,1214.8718249754982,1236.1642213788386,3050600
2018-10-29,1221.29931640625,1249.823083335475,1219.2906004253186,1245.403908177426,1731600
2018-10-30,1222.10302734375,1235.3605552537906,1209.2472427037105,1209.2472427037105,3186200
2018-10-31,1238.97607421875,1241.7882767218405,1222.1028592002067,1228.9324938505695,2873500
2018-11-01,1225.7186279296875,1241.386614324069,1221.7011955208718,1234.1552359882005,3774400
2018-11-02,1271.11572265625,1276.3383852335355,1211.6577179302308,1225.3169892862081,5310900
2018-11-05,1243.7972412109375,1248.6181607505148,1228.1292527073113,1241.3867814411487,3172600
2018-11-06,1275.9366455078125,1283.569767757387,1238.574520812527,1249.4215892724487,3367100
2018-11-07,1271.5174560546875,1298.0325120103303,1265.4913069738595,1265.4913069738595,2880000
2018-11-08,1296.4254150390625,1306.8707391143694,1292.407982702406,1299.237617674722,2375900
2018-11-09,1285.97998046875,1303.656681231207,1282.3642916764293,1301.2462220363266,1589600
2018-11-12,1267.9019775390625,1279.1507910280022,1251.8322439834344,1259.8671107612486,2045900
2018-11-13,1236.5657958984375,1247.4128642835117,1226.1204707868849,1237.3692824454802,2949100
2018-11-14,1252.635498046875,1260.6703633326151,1240.583200118265,1247.4128356111441,2151000
2018-11-15,1251.8319091796875,1261.875489965789,1240.984841930698,1248.617963328135,1526500
2018-11-16,1249.421630859375,1265.8931057356563,1241.3867650660673,1257.456496652683,1978300
2018-11-19,1265.0894775390625,1266.6964505178355,1242.190112591547,1245.0023153043996,2252300
2018-11-20,1263.8843994140625,1270.7140353930959,1234.5571390335074,1249.0198975773428,2119000
2018-11-21,1248.6182861328125,1253.4392061564913,1225.7189160203382,1230.1380927087105,2183600
2018-11-22,1258.6617431640625,1263.884405998768,1247.4129309046964,1259.8669730489946,1664800
2018-11-23,1258.6617431640625,1258.6617431640625,1258.6617431640625,1258.6617431640625,0
2018-11-26,1255.0460205078125,1262.6791429116693,1245.404181681888,1258.6617100675342,2449000
2018-11-27,1277.141845703125,1287.9889139113616,1268.303493829747,1270.3122101646056,3125000
2018-11-28,1298.8360595703125,1302.8534924795927,1284.3733010969033,1287.1855041333997,3447600
2018-11-29,1300.8447265625,1312.49528155642,1298.836010184238,1309.683078626853,1805000
2018-11-30,1279.552490234375,1310.4867262620194,1275.936800309066,1306.8710363367102,5552200
2018-12-03,1311.69189453125,1321.7354771846285,1290.3994993060874,1290.3994993060874,2003000
2018-12-04,1288.390625,1313.2987069301528,1287.587138486124,1310.486504131587,2403000
2018-12-05,1267.4998779296875,1270.7138237374331,1254.644094698705,1265.4911617998464,1868500
2018-12-06,1241.7884521484375,1265.089561894348,1229.736154004001,1257.0546964647237,2134900
2018-12-07,1235.7623291015625,1248.216370779764,1230.5396664623165,1238.1727887812144,1984300
2018-12-10,1213.6666259765625,1216.8805726855371,1199.2038657861765,1215.6753426696716,1903800
2018-12-11,1187.55322265625,1210.0508479839732,1179.5183564677775,1206.8369015085843,2167100
2018-12-12,1211.2562255859375,1228.1294466388758,1198.400438117032,1198.400438117032,2902500
2018-12-13,1232.5487060546875,1237.3696266781087,1215.6754838727134,1225.7190685048408,2022500
2018-12-14,1216.88037109375,1240.1814808736897,1212.8629383730706,1221.2995470864971,3106400
2018-12-17,1212.8631591796875,1232.5485830948264,1206.4352656563767,1207.6404956919976,1808900
2018-12-18,1204.828125,1215.6751938146049,1187.553163554518,1192.3740830276759,1840800
2018-12-19,1208.0418701171875,1219.6924235702631,1201.6139785568698,1208.0418701171875,1505300
2018-12-20,1178.31298828125,1212.461165575456,1173.090325871548,1205.6315301166148,2238800
2018-12-21,1153.8067626953125,1177.1078741982121,1142.9596935474108,1172.6886978786968,2923200
2018-12-24,1153.8067626953125,1153.8067626953125,1153.8067626953125,1153.8067626953125,0
2018-12-25,1092.340087890625,1126.086526795668,1087.9209113673455,1120.4621203114943,2976500
2018-12-26,1105.999267578125,1113.2306467341027,1083.5016435373059,1087.519076401738,3005500
2018-12-27,1159.8328857421875,1168.6712381794332,1135.326544893461,1154.2084796457586,2686100
2018-12-28,1174.6973876953125,1180.7235370849944,1154.2084797703942,1157.0206828189125,1846600
2018-12-31,1174.6973876953125,1174.6973876953125,1174.6973876953125,1174.6973876953125,0
2019-01-04,1146.9769287109375,1151.7978475006157,1130.5054561795368,1150.5926178031962,3403100
2019-01-07,1181.125244140625,1193.9810291108631,1177.5095546177456,1189.9635963076637,1595200
2019-01-08,1184.740966796875,1200.0072118759801,1181.5270204644316,1190.767116170206,1893600
2019-01-09,1203.6226806640625,1204.827910317598,1192.3738705643984,1195.1860730893145,1711600
2019-01-10,1191.5706787109375,1194.3828819310916,1179.920122513157,1189.5619621251133,1686000
2019-01-11,1196.79345703125,1202.4178640129344,1189.1603332703928,1197.5969437429192,2067700
2019-01-15,1208.4437255859375,1212.461158184295,1182.3304136966137,1191.570508672836,1580800
2019-01-16,1200.8106689453125,1207.640304733894,1187.5531406498305,1202.4176420720376,1733600
2019-01-17,1208.0418701171875,1213.6662752324653,1203.6226946694692,1209.247099784747,1179200
2019-01-18,1222.906494140625,1225.316953721717,1214.4698856068035,1216.8803451878953,1399400
2019-01-21,1232.146728515625,1243.3955411659144,1227.325808808358,1240.583338003342,1152600
2019-01-22,1224.9151611328125,1239.7796612843094,1217.683782680733,1236.1639720582696,1208300
2019-01-23,1222.906494140625,1227.7274133028088,1212.4611692892267,1219.6925480325026,1256600
2019-01-24,1224.9151611328125,1224.9151611328125,1201.6140527872228,1207.6402014972891,1462800
2019-01-25,1247.8145751953125,1254.6442106680493,1229.7361283557152,1229.7361283557152,1757900
2019-01-28,1246.609375,1253.840753907509,1242.5919422736063,1249.0198346358363,1413400
2019-01-29,1238.57470703125,1257.0549005192283,1226.1206635936992,1249.4217771220199,2510600
2019-01-30,1222.906494140625,1246.2076034245133,1218.4873182419565,1245.4041168974827,2522400
2019-01-31,1242.5919189453125,1257.054676488808,1231.744850787691,1255.0459601633224,1857300
2019-02-01,1232.146728515625,1248.2164608731812,1226.9240654994192,1238.1728781497086,1306900
2019-02-04,1249.421630859375,1252.6355771766982,1225.3170334794515,1226.1205200587822,2049500
2019-02-05,1270.312255859375,1283.9715274277553,1260.670417105224,1281.5610677392176,2661700
2019-02-06,1251.4305419921875,1260.6706390919692,1238.5747547229257,1259.0636656833115,2476300
2019-02-07,1221.29931640625,1244.6004217850536,1216.8801412482012,1240.1812466270046,2937200
2019-02-08,1181.5267333984375,1217.2818776597298,1175.5005854892308,1207.2382978110522,2306500
2019-02-12,1214.4700927734375,1224.9154194066195,1186.348059530255,1186.348059530255,2367800
2019-02-13,1238.1728515625,1238.9763381631246,1222.9066061506328,1229.3344989556294,2634300
2019-02-14,1229.736328125,1242.9938579610423,1228.1293548115405,1233.3520180802843,1373400
2019-02-15,1207.6402587890625,1210.050718387444,1192.3740146659807,1204.0245693914906,2154800
2019-02-18,1229.3345947265625,1236.9677180271524,1224.9154180788528,1235.7624880323224,1774700
2019-02-19,1235.360595703125,1241.3867449504573,1226.5222434737043,1237.3693121189024,1496900
2019-02-20,1246.20751953125,1261.0720192806557,1244.6005465853684,1249.4214654230134,1806500
2019-02-21,1232.9500732421875,1235.3605328184185,1216.07685620857,1231.3431001913666,2870900
2019-02-22,1243.7972412109375,1245.0024710958317,1222.1031032828396,1228.1292527073113,1617600
2019-02-25,1259.0634765625,1259.0634765625,1247.011177807913,1253.439070477026,1612900
2019-02-26,1253.037353515625,1259.8669896200704,1248.6181772127484,1257.05478651824,1354800
2019-02-27,1247.8145751953125,1261.0721028776838,1247.8145751953125,1254.6442106680493,2289800
2019-02-28,1244.6007080078125,1254.6442902222075,1240.1815318334789,1250.6268573364496,2634500
2019-03-01,1227.7274169921875,1241.7884312574777,1217.6838353741232,1230.5396198452454,2634700
2019-03-04,1242.5919189453125,1250.2250409821572,1233.7535671131764,1246.6093515962834,1454800
2019-03-05,1235.7623291015625,1240.9849917408083,1230.1379231823746,1233.7536127018525,1502600
2019-03-06,1226.1204833984375,1233.3518623962002,1221.2995640665958,1230.1379161749724,1676600
2019-03-07,1216.0767822265625,1224.9151334683809,1211.2558633673889,1221.2994443240007,1859600
2019-03-08,1187.9549560546875,1213.2647843372188,1186.3479828303998,1203.2212016854207,2573100
2019-03-11,1197.5968017578125,1197.9985450660172,1187.1514757444938,1191.570652134744,857200
2019-03-12,1219.290771484375,1224.513433767504,1200.007095362052,1204.8280143926327,1229000
2019-03-13,1193.9810791015625,1214.8717305528685,1189.9636461301575,1208.4438377986205,1302100
2019-03-14,1198.4002685546875,1211.6577975061807,1194.7845788406437,1207.6403644905768,929500
2019-03-15,1200.4088134765625,1212.4611108006243,1200.4088134765625,1205.2297324061872,2699700
2019-03-18,1203.220947265625,1210.8540684669763,1197.9982853910165,1210.0505820247288,774700
2019-03-19,1212.059326171875,1216.880244936894,1206.0331777156011,1210.452353250202,1025000
2019-03-20,1215.6754150390625,1218.0858752142888,1199.6056805375547,1207.238804425771,1752900
2019-03-22,1222.906494140625,1224.5134671946862,1212.862912552742,1219.290804768987,1487400
2019-03-25,1185.1427001953125,1204.0246347407972,1179.1165508722854,1200.0072018587791,1392000
2019-03-26,1219.6925048828125,1222.1029643786283,1189.9635044344172,1198.4001126697726,1329700
2019-03-27,1209.8956298828125,1217.65137110001,1201.3234948532784,1207.4464484458026,1228900
2019-03-28,1196.0172119140625,1213.977879942806,1192.7516359088363,1213.977879942806,1038100
2019-03-29,1198.8746337890625,1205.4057860330615,1192.7516785603136,1202.1402099110621,1724100
2019-04-01,1227.0401611328125,1239.2860709245572,1215.6106453271843,1219.2844182647077,1111000
2019-04-02,1243.7760009765625,1247.857970129751,1238.8776379927363,1245.408788637838,1060000
2019-04-03,1249.4910888671875,1255.2058471958842,1246.633709702839,1252.756665055014,2187500
2019-04-04,1244.184326171875,1251.123674447768,1238.877765725604,1244.5925231292804,1688600
2019-04-05,1238.4697265625,1243.7762876848838,1213.1615119788232,1216.4270880541364,2839600
2019-04-08,1236.4285888671875,1248.674497637744,1231.9384223179834,1247.0417098016699,761700
2019-04-09,1237.2449951171875,1238.469586006449,1224.5908892614855,1225.815480150747,878300
2019-04-10,1229.8975830078125,1231.5303710370297,1221.7336428617268,1225.8156129347697,835500
2019-04-11,1232.7548828125,1238.8778375284562,1223.366352248034,1236.8368526231375,924900
2019-04-12,1225.4072265625,1238.0613318334651,1224.9990296182752,1238.0613318334651,1572800
2019-04-15,1245.408935546875,1257.246647487504,1240.1023750217655,1253.1646778528045,1790700
2019-04-16,1237.2449951171875,1245.4089343789306,1232.3466315601415,1234.7958133386644,1177200
2019-04-17,1256.4302978515625,1260.5122676301576,1242.9597975821987,1245.0007824714962,1300800
2019-04-18,1257.2467041015625,1276.0237652667158,1253.572931264902,1265.4106437385856,1881800
2019-04-19,1254.389404296875,1265.8189205091473,1248.674646190739,1265.410723501566,1364100
2019-04-22,1244.592529296875,1253.1646654448691,1240.9187566620203,1245.0007262563033,1143500
2019-04-23,1245.408935546875,1253.5728748162744,1240.9187689487053,1251.9400869623946,1486000
2019-04-24,1224.5908203125,1242.9596826171876,1218.8760631510418,1240.5105009765625,2256300
2019-04-25,1221.7335205078125,1227.4482780377523,1211.9367933136302,1227.4482780377523,1415700
2019-04-26,1203.77294921875,1211.9368891931058,1190.302448261063,1211.1204951956702,2452500
2019-05-07,1176.4237060546875,1214.7942224908916,1174.790918121232,1213.5696315408,2761100
2019-05-08,1151.9317626953125,1161.7284892384337,1146.6252024844553,1157.6465198454664,2515500
2019-05-09,1134.37939453125,1149.8908795950094,1133.1548036051636,1149.4826826196472,2434900
2019-05-10,1132.33837890625,1146.6252726559683,1124.5826365849744,1139.2777272989704,2712400
2019-05-13,1119.2760009765625,1137.2366662001107,1095.600578636431,1097.6415633209251,3285800
2019-05-14,1133.97119140625,1134.7875853525468,1105.397403285862,1106.2137972321589,3470900
2019-05-15,1129.48095703125,1133.1547295694795,1111.1120943401022,1130.7055478773266,3241700
2019-05-16,1116.0106201171875,1122.949969254712,1103.3565128664072,1120.500787206174,2612600
2019-05-17,1124.17431640625,1134.3792393946874,1104.172667348913,1113.9693934178129,2671500
2019-05-20,1129.88916015625,1136.420311371026,1117.2350546776215,1129.4809632053266,2286000
2019-05-21,1116.4185791015625,1123.3579267595978,1108.2546406803444,1113.9693975751973,3185400
2019-05-22,1118.4599609375,1133.5632523808165,1116.0107785412865,1123.7665227959626,2536000
2019-05-23,1101.3154296875,1121.3170813015429,1099.6826418006394,1115.1941267258155,2111200
2019-05-24,1094.376220703125,1102.540161178344,1079.6811278477305,1087.8450683229496,2238900
2019-05-27,1092.7431640625,1104.5808748424076,1085.3956194404884,1091.9267702156098,1413800
2019-05-28,1098.8663330078125,1104.5810910546584,1087.8450139174668,1094.784362974351,3677400
2019-05-29,1085.803955078125,1089.8859248340577,1075.1908337126997,1086.2121520537182,2232000
2019-05-30,1092.7431640625,1093.151360985945,1076.0070902012515,1078.456271741922,1519600
2019-05-31,1070.7005615234375,1093.1513929697924,1069.4759707172727,1089.8858174866862,2635300
2019-06-03,1060.90380859375,1064.5775809205463,1036.0037961565747,1036.820190006974,2740000
2019-06-04,1064.5777587890625,1066.2105467626652,1042.9433181388247,1046.617091079431,3333700
2019-06-05,1097.2335205078125,1106.2138543810163,1087.8449896403722,1092.7433535712105,3211600
2019-06-06,1078.8646240234375,1089.0695485790886,1077.6400330767594,1085.8039727212804,2027000
2019-06-07,1091.927001953125,1092.7433959732768,1080.9056826810747,1084.987652781834,1274500
2019-06-10,1103.3563232421875,1116.010428318217,1099.6825508007596,1106.2137018077426,1473800
2019-06-11,1113.5615234375,1117.6434938313325,1097.6418389015535,1104.9893856104518,1277100
2019-06-12,1118.051513671875,1130.297422912531,1118.051513671875,1120.5006955200063,2631500
2019-06-13,1111.9287109375,1115.6024842115226,1098.4582089327505,1105.3975584503487,2028100
2019-06-14,1109.8875732421875,1120.5006945751397,1107.4383913961217,1112.3367550882533,2133600
2019-06-17,1107.8466796875,1111.9286497674098,1102.1319215756264,1103.3565125995992,1463700
2019-06-18,1110.7039794921875,1127.8482526045254,1107.0302066824008,1110.2957825133224,2185300
2019-06-19,1130.29736328125,1136.8285145317013,1117.6432577335004,1118.86784859296,2419000
2019-06-20,1119.684326171875,1136.0122055181655,1116.418750302617,1135.6040085345082,1694800
2019-06-21,1123.766357421875,1127.848327481526,1113.153235266783,1120.0925843681894,4789000
2019-06-24,1130.29736328125,1133.1547419533224,1114.7858790614277,1118.86784859296,895100
2019-06-25,1125.8074951171875,1135.6042245888382,1124.1747068719123,1131.5222539756503,1809300
2019-06-26,1126.2154541015625,1136.4203784772562,1120.9088934262018,1123.3580752763683,1429200
2019-06-27,1146.6253662109375,1147.0335632085205,1129.0728953148641,1129.0728953148641,1813500
2019-06-28,1154.789306640625,1156.8302916293853,1144.176184699071,1147.8499576788397,2458600
2019-07-01,1177.2401123046875,1179.6892942304255,1162.54502075026,1173.1581424284577,2208700
2019-07-02,1184.179443359375,1184.5876403408847,1172.749927877106,1182.5466554333366,1712900
2019-07-03,1165.4022216796875,1168.2596001566606,1155.6054954729232,1164.9940247544057,1769200
2019-07-04,1167.4434814453125,1168.2598754882813,1160.504132080078,1163.3615112304688,1042000
2019-07-05,1172.75,1176.831970066133,1165.4024538809608,1167.8516359206405,1172400
2019-07-08,1165.4022216796875,1172.7497663347608,1163.3612370532783,1165.8104186049693,1165500
2019-07-09,1158.463134765625,1179.281182641963,1152.3401795078785,1173.1582273842164,1211600
2019-07-10,1155.605712890625,1159.6876829114326,1147.8499698510907,1153.1565308781405,1856800
2019-07-11,1157.646728515625,1162.545092670134,1151.115576309613,1154.7893494254947,1307700
2019-07-12,1157.646728515625,1166.2188657860156,1154.381152412619,1165.81066877314,1284600
2019-07-16,1143.76806640625,1151.5238098972275,1129.8893675276588,1135.6041258894318,1958500
2019-07-17,1135.60400390625,1151.1154892220075,1131.9302310683074,1138.869579762199,1420800
2019-07-18,1099.274658203125,1128.6648458713853,1097.2336729483848,1126.623860616645,2391200
2019-07-19,1120.500732421875,1121.7253233862705,1092.7433372289104,1099.6826860271517,1759000
2019-07-22,1122.9500732421875,1131.5222112058684,1118.4599057374023,1120.9090880127396,1643100
2019-07-23,1138.8697509765625,1140.5025391500058,1118.8680958518846,1123.3582633288531,1325600
2019-07-24,1142.13525390625,1145.4008300432229,1135.1959046151828,1141.318859872007,1532300
2019-07-25,1132.7467041015625,1145.400811426661,1131.5221130701013,1144.9926144161739,1606000
2019-07-26,1113.5615234375,1125.3992375796142,1106.6221737679848,1120.092676067632,1866000
2019-07-29,1099.6826171875,1105.3973746636043,1090.2940870481857,1105.3973746636043,1850000
2019-07-30,1113.5615234375,1118.8680849494822,1108.2549619255178,1109.0713560042843,1906600
2019-07-31,1105.397216796875,1114.3775486910888,1097.6414756155084,1102.1316415626154,2912800
2019-08-01,1073.9661865234375,1086.2120951497025,1044.9842027746104,1049.8825662251163,2988100
2019-08-02,1039.26953125,1058.0465926944228,1029.4728035398666,1046.6170770326003,3641200
2019-08-05,1020.084228515625,1036.412107323398,1007.8383194097951,1032.3301376214547,2690900
2019-08-06,1014.7777099609375,1016.002300922274,980.4891630435123,981.713754004849,2451500
2019-08-07,1002.5317993164062,1011.1039360369456,998.0416324627904,1003.7563902764833,1983200
2019-08-08,1002.5317993164062,1010.6957390502532,995.5924505426364,997.2252384894058,1817700
2019-08-09,1007.0216674804688,1010.2872424054156,1000.4905176305751,1007.8380612117055,2214100
2019-08-13,988.2449951171875,990.2859802372146,980.8974486850894,982.9384338051167,1975800
2019-08-14,1004.1643676757812,1007.8381397526439,997.6332173169144,1000.8987924963478,1708900
2019-08-15,991.5103149414062,994.3676933706322,979.6726043060415,981.7135888983458,1600900
2019-08-16,987.4285278320312,989.4695128006796,976.4072090013307,980.8973759323569,1520600
2019-08-19,993.1432495117188,994.3678404482314,981.3055371254303,987.8366887868309,1689000
2019-08-20,1000.0827026367188,1001.7154907226562,991.1023681640625,993.1433532714843,1485900
2019-08-21,989.8776245117188,993.5513971387725,983.7546701332957,985.3874579675419,1713300
2019-08-22,989.4696044921875,990.2859985552999,981.71386089262,982.9384519872887,1414500
2019-08-23,991.5103149414062,993.9594964521714,980.4889981429633,980.4889981429633,1333900
2019-08-26,980.897216796875,982.530004506899,959.670976566564,960.895567349082,2490500
2019-08-27,996.8168334960938,1001.3069994127429,990.6938799733905,991.1020768749041,2435300
2019-08-28,990.6940307617188,996.8169852163647,988.2448489798604,996.8169852163647,1758200
2019-08-29,999.2662353515625,999.2662353515625,988.6531135708677,994.3678714527803,1642800
2019-08-30,1021.3089599609375,1022.125354013664,1007.4302610645858,1009.063049170039,2606900
2019-09-02,1020.084228515625,1027.431773979123,1018.4514406348477,1024.5743951877625,1130600
2019-09-03,1027.4317626953125,1031.105535386714,1011.5120810325722,1015.1858537239738,1012300
2019-09-04,1015.1860961914062,1021.3090521394847,1012.3287167489697,1019.6762638866637,1119900
2019-09-05,1041.310546875,1044.984319874559,1011.5121658785771,1013.961347878283,2619100
2019-09-06,1053.556640625,1058.8632025498837,1049.066472842406,1058.046808407594,1759400
2019-09-09,1060.4957275390625,1060.4957275390625,1049.882606324276,1055.1891669316692,1326100
2019-09-10,1090.2940673828125,1090.7022643380287,1075.5989769950247,1075.5989769950247,2033000
2019-09-11,1131.9302978515625,1133.5630858758707,1107.8466744930186,1107.8466744930186,3142300
2019-09-12,1144.17626953125,1153.9729982036545,1132.746752746778,1133.9713438308286,2718100
2019-09-13,1152.7481689453125,1156.8301383820876,1138.0530789729219,1155.605547551055,3686900
2019-09-17,1153.1566162109375,1156.422192469234,1139.6861141454644,1146.2172666620575,2345000
2019-09-18,1135.1959228515625,1142.9516663014654,1124.9909972595851,1142.5434692777862,2257800
2019-09-19,1140.9105224609375,1159.279385971042,1136.4203558251343,1137.2367497589166,2349900
2019-09-20,1144.17626953125,1154.7893922596882,1137.6451170829803,1149.482830895469,3095900
2019-09-24,1133.15478515625,1148.2580729987505,1131.9301942501013,1140.9105275618583,2273500
2019-09-25,1139.68603515625,1144.1762022002038,1127.4401250363762,1133.1548830923173,2149000
2019-09-26,1152.7481689453125,1169.4842436360907,1149.4825933958923,1163.7694864246055,2571900
2019-09-27,1144.0279541015625,1161.8839257989735,1134.4770855192264,1154.4093329954062,3094100
2019-09-30,1138.6295166015625,1151.502425067882,1133.6464552597613,1141.53630238428,2254700
2019-10-01,1161.4686279296875,1168.1127101774082,1141.9516363270077,1144.8584223103855,1769700
2019-10-02,1146.9345703125,1158.1464578571913,1141.1209989930303,1147.3498254067479,1674300
2019-10-03,1123.2652587890625,1126.172045041012,1108.731327529315,1110.3923482447146,1973000
2019-10-04,1119.112548828125,1122.019334669237,1112.4684669055832,1113.71423226606,1368100
2019-10-07,1114.1292724609375,1123.2648833420933,1104.993661579782,1115.375037581095,1178400
2019-10-08,1120.3585205078125,1130.3246452269332,1117.8669893280323,1118.6974997212924,1386100
2019-10-09,1113.2989501953125,1114.5447155256318,1100.84129689212,1102.917572442652,1475500
2019-10-10,1122.8499755859375,1124.926251428367,1105.8245136780147,1119.1126790695641,1332400
2019-10-11,1150.2569580078125,1151.0874684468074,1133.6467492279162,1139.46032230088,2224100
2019-10-15,1175.5872802734375,1183.8923829246098,1167.697432754824,1169.773708417617,2223400
2019-10-16,1183.06201171875,1210.4688536890685,1179.7399702678024,1204.2400259685417,2225700
2019-10-17,1175.5872802734375,1184.3076380571683,1170.6042186827342,1182.646617526934,1415600
2019-10-18,1168.1126708984375,1182.2313452000894,1161.0533337476115,1175.1720080492635,2194800
2019-10-21,1167.697509765625,1187.62975744299,1166.4517442857898,1185.9687368032096,2237000
2019-10-23,1196.3499755859375,1198.4262511423171,1174.3414546883137,1179.7397711349006,2607400
2019-10-24,1210.884033203125,1211.714543513964,1198.4263785405415,1199.6721440067997,2006700
2019-10-25,1210.884033203125,1215.8670950681585,1206.316226493511,1212.5450538248028,1840400
2019-10-28,1228.739990234375,1231.64677628765,1220.0196320745501,1223.341673278293,1836000
2019-10-29,1243.6890869140625,1244.104342034902,1227.494137201325,1229.1551576846828,2311200
2019-10-30,1244.519775390625,1244.519775390625,1233.7231407025515,1243.2740098496934,2326600
2019-10-31,1242.858642578125,1247.0111940067188,1225.8331817208903,1229.1552228637654,3071700
2019-11-01,1229.1551513671875,1234.138212791649,1213.3754568563925,1219.6042836369695,2696100
2019-11-05,1274.0029296875,1287.2910958380867,1256.146956422649,1264.0368050745599,5076200
2019-11-06,1303.901123046875,1303.901123046875,1281.4773457715467,1283.9688765799165,3938300
2019-11-07,1312.6214599609375,1313.4519702171608,1290.1976830429082,1291.8587035553549,2620100
2019-11-08,1316.774169921875,1325.9097838412322,1312.621618140349,1321.7572320597062,3164000
2019-11-11,1306.3927001953125,1321.7571407252638,1305.5621898963961,1320.5113752768893,1709800
2019-11-12,1312.2061767578125,1313.867197234721,1294.3502066310448,1303.4858192540423,2099600
2019-11-13,1299.333251953125,1305.9773337783886,1296.4264661545722,1303.485803093915,1588300
2019-11-14,1296.8416748046875,1306.8077971855112,1291.0281034158736,1295.5959095070846,1897500
2019-11-15,1300.163818359375,1304.7316248116117,1286.4603990026649,1288.951929794794,1551700
2019-11-18,1291.028076171875,1303.0704737945782,1285.2145049057424,1297.6721576188836,1309300
2019-11-19,1277.7401123046875,1287.706236027571,1271.096029822765,1275.663836529087,1567000
2019-11-20,1278.1552734375,1285.214610555251,1268.6044055723075,1270.6806811951756,1403100
2019-11-21,1267.77392578125,1273.1722425304004,1247.0111690537483,1267.77392578125,1749200
2019-11-22,1274.41796875,1279.8162853331705,1269.0196521668297,1276.0789892371295,1746600
2019-11-25,1285.6298828125,1289.3671789834666,1280.2315661211037,1284.3841174221777,1220100
2019-11-26,1312.2061767578125,1336.2909736729875,1308.0536255655409,1308.8841358039952,5746200
2019-11-27,1343.3505859375,1351.655690023667,1329.2319089910163,1329.2319089910163,3868200
2019-11-28,1341.2740478515625,1354.1469566699523,1335.8757312503024,1348.3333849455182,2401400
2019-11-29,1357.0537109375,1391.9351404720012,1356.223200710488,1362.4520274130775,4439400
2019-12-02,1390.6893310546875,1422.6639737812359,1388.6130555529635,1411.8673411722716,4367700
2019-12-03,1381.9693603515625,1386.9524229489841,1358.2998130138105,1370.3422142909124,2965700
2019-12-04,1360.3758544921875,1361.2063647818654,1336.7063112363712,1356.2233030437988,3335300
2019-12-05,1380.3082275390625,1384.8760345495707,1367.4353168730845,1377.401441259648,2418100
2019-12-06,1376.1556396484375,1386.1217637738334,1368.6810465543904,1382.7997223987015,2057900
2019-12-09,1385.706298828125,1401.9012480802369,1382.7995130649256,1396.9181867718946,1486900
2019-12-10,1370.342041015625,1376.570868474787,1366.1894893761837,1372.0030616714016,2421900
2019-12-11,1372.0030517578125,1373.664072401587,1362.0369278951648,1367.8505001483759,1840100
2019-12-12,1359.54541015625,1372.0030651057575,1358.2996446612992,1372.0030651057575,2217100
2019-12-13,1403.9776611328125,1408.545467779503,1389.0284757436432,1402.316640534016,4101600
2019-12-16,1390.274169921875,1404.8080994162792,1387.7826391514056,1398.1640173616945,1389500
2019-12-17,1397.3333740234375,1402.7316901786542,1391.5198027793576,1397.7486291123003,1834100
2019-12-18,1391.104736328125,1400.2403495219216,1386.5369297312266,1398.9945840864038,1768200
2019-12-19,1395.672607421875,1398.5793935724114,1378.6471456830184,1384.8759731484538,1886600
2019-12-20,1381.1385498046875,1403.147071494299,1378.6470190473729,1399.4097753583274,3134100
2019-12-23,1366.189453125,1376.9860871010637,1362.4521567486702,1376.9860871010637,2110500
2019-12-24,1367.0198974609375,1382.3843373777222,1362.8673461320768,1376.9860206502033,2096600
2019-12-25,1364.528564453125,1369.9268819631343,1362.4522884877367,1366.604840418513,795800
2019-12-26,1372.418212890625,1372.418212890625,1350.4096908684758,1352.0707113984492,1224700
2019-12-27,1378.6470947265625,1386.952197706843,1375.3250535344503,1378.6470947265625,1137200
2019-12-30,1372.0030517578125,1376.155603367249,1363.2826933779959,1372.0030517578125,1544500
2020-01-06,1359.54541015625,1359.9606653212336,1338.3673967420873,1344.596224216841,2535700
2020-01-07,1373.248779296875,1376.1555653431642,1357.8843387664897,1365.7741866064173,2228100
2020-01-08,1348.7486572265625,1355.3927392818657,1335.4604931159558,1345.8418713273672,2388300
2020-01-09,1364.1131591796875,1373.6640275696823,1361.621628295341,1365.3589246218608,1856900
2020-01-10,1360.3758544921875,1374.9097845615486,1359.9605993473488,1373.664019127032,1555600
2020-01-14,1359.54541015625,1371.1725547757903,1350.4097965266112,1364.9437273010367,2252500
2020-01-15,1341.2740478515625,1352.0706810540828,1332.9689453880853,1345.4265990833012,2102000
2020-01-16,1337.1214599609375,1342.5197764141958,1327.1553372779988,1330.4773781723118,2435900
2020-01-17,1344.5963134765625,1358.7149900232591,1339.613251165964,1355.3929484828598,2638700
2020-01-20,1349.1639404296875,1354.5622572119546,1343.7656236474204,1352.9012366635648,1468200
2020-01-21,1332.968994140625,1348.7486893983644,1330.892718448817,1343.7656277380256,2116700
2020-01-22,1339.19775390625,1340.0282641412307,1323.8333145591084,1326.3248452640503,1554800
2020-01-23,1331.3082275390625,1334.2150140620736,1323.0031231876023,1325.4946544930403,1820000
2020-01-24,1328.4012451171875,1341.2741549635873,1325.0792038665038,1341.2741549635873,1570200
2020-01-27,1286.045166015625,1302.2401164433322,1283.968890319765,1299.3333304691282,2325800
2020-01-28,1265.6976318359375,1274.4179895355946,1260.7145702932764,1272.3417138928191,2624600
2020-01-29,1258.63818359375,1267.3585405239608,1250.333081755454,1251.5788470311984,3486100
2020-01-30,1233.7230224609375,1257.3925654701175,1227.9094504937705,1254.9010346270459,3044900
2020-01-31,1229.1551513671875,1245.3501009966876,1227.0788757736618,1241.6128049283416,2408700
2020-02-03,1210.884033203125,1219.6043914669335,1195.5195924526051,1204.2399507164137,2619200
2020-02-04,1221.6807861328125,1221.6807861328125,1201.748536732957,1204.6553231037692,2943600
2020-02-05,1225.417724609375,1241.6126725117017,1223.341449237282,1240.7821623628643,2415800
2020-02-06,1281.062255859375,1293.9351666962116,1232.4773988300244,1283.5537869890854,4383100
2020-02-07,1260.714599609375,1276.909549999614,1257.392558503685,1273.587508893924,2026400
2020-02-10,1237.8756103515625,1245.3502031010855,1233.7230588240498,1242.0281618790752,2191900
2020-02-12,1239.5364990234375,1242.0280296747408,1227.0788457669205,1234.968692829381,2067100
2020-02-13,1233.307861328125,1238.2909233940973,1225.4180130570023,1238.2909233940973,1754000
2020-02-14,1220.0194091796875,1225.8329802241108,1212.129562762256,1224.1719599257042,2554200
2020-02-17,1211.71435546875,1215.8669063785128,1192.6126212838417,1202.1634883762958,1568200
2020-02-18,1210.053466796875,1218.773824656427,1202.9941294819996,1203.4093846181686,1921400
2020-02-19,1199.2568359375,1205.9009181310596,1191.7822434697455,1205.9009181310596,2028500
2020-02-20,1211.2991943359375,1227.0788890170363,1206.7313879808826,1217.9432763069265,1715700
2020-02-21,1206.7315673828125,1220.8502436701544,1204.2400362732815,1210.4688640471088,1487700
2020-02-25,1153.994140625,1161.4687338352376,1136.1381679560993,1137.7991886694854,3263100
2020-02-26,1146.1041259765625,1148.5956566852071,1126.5871354255123,1137.7990236144135,3172700
2020-02-27,1115.79052734375,1129.493946548195,1111.2227209422683,1121.1888440000466,2772600
2020-02-28,1071.7735595703125,1091.7058070942858,1064.2989667488225,1088.3837658402902,4989900
2020-03-02,1072.6041259765625,1085.8922916874608,1053.5023877671463,1057.2396843733366,4065600
2020-03-03,1072.1885986328125,1094.197117504826,1072.1885986328125,1091.290331993428,3851700
2020-03-04,1062.2225341796875,1074.2649319479483,1048.5191160295976,1056.4089628432857,2825600
2020-03-05,1055.578857421875,1082.9857042314122,1053.9178364031152,1081.7399384673424,3505000
2020-03-06,1024.434326171875,1038.552999495687,1015.2987140211733,1033.1546832248177,3749300
2020-03-09,961.3157958984375,987.0616185099724,952.5954366267887,982.0785560690301,3504900
2020-03-10,971.28173828125,977.5105651620618,930.1714808678922,960.4851050211763,4720700
2020-03-11,953.0104370117188,981.6630383859273,952.5951819193389,978.7562527392685,3962500
2020-03-12,921.0359497070312,950.1038110593722,903.5952328956267,937.6461561940832,5379800
2020-03-13,855.0104370117188,886.5698314813111,827.3544514698526,829.0154722314102,7495300
2020-03-16,827.7697143554688,872.451163118673,823.6171624129715,863.7308040394287,3881200
2020-03-17,817.9695434570312,845.0441566012473,796.4593082855982,808.4186758394251,5752400
2020-03-18,820.0458984375,854.1798518219247,818.9661944847834,830.4272772880338,5498900
2020-03-19,823.7000122070312,850.0271958763914,823.7000122070312,838.4000529919073,5913800
2020-03-23,867.0528564453125,882.4172988248511,819.2154777451522,828.8493780961895,5890900
2020-03-24,874.52734375,895.2901011989553,837.5696354908595,891.9680600071225,5385600
2020-03-25,972.1121826171875,973.7732030061105,919.3747852688822,942.2138156165735,4670600
2020-03-26,927.2645874023438,960.0697385016654,915.6374452405588,958.4087181928389,4347100
2020-03-27,981.6632080078125,981.6632080078125,938.061415773963,968.3750427555917,4374100
2020-03-30,982.0840454101562,984.1888119026769,937.0420424702133,942.9353886492713,4143100
2020-03-31,958.08984375,985.0308586884885,956.8269836747583,973.6651180113137,2903400
2020-04-01,887.3696899414062,950.933647807228,876.8458558576609,941.2517204501823,4099000
2020-04-02,861.6914672851562,875.161973857274,849.4838207041745,863.3752806066709,3047600
2020-04-03,853.693359375,867.1638660318047,843.1695260493713,858.7447993713017,2024300
2020-04-06,872.6362915039062,879.3715450803955,824.816001388013,830.625126766191,3412900
2020-04-07,895.7886352539062,911.7848608834403,866.3219038310804,903.3657947626328,2438100
2020-04-08,900.840087890625,909.6801074446919,880.2133755978023,903.3658077632156,2077600
2020-04-09,912.2056884765625,912.2056884765625,890.3161195791092,892.4208858192491,1975100
2020-04-10,913.46875,921.4668634792627,892.4210829493087,917.6782834101382,1877200
2020-04-13,879.3714599609375,906.3124716591184,877.266693422017,902.5238918890617,1647900
2020-04-14,897.4725341796875,905.89160110445,875.582960175305,878.9505869452099,2226900
2020-04-15,880.2134399414062,895.7887136276005,872.6362797697442,889.0534601416787,2070700
2020-04-16,860.4285888671875,865.9009820449141,846.5371292621888,858.744775581733,2208500
2020-04-17,903.78662109375,904.6285275875495,873.4779873169684,875.5827535514671,2865900
2020-04-20,897.0516357421875,899.9983093462209,885.6858946980584,894.1049621381541,2214500
2020-04-21,885.6858520507812,894.1049190854844,876.0039249608725,884.0020386438406,1991600
2020-04-22,869.2686157226562,874.3200556203182,856.6400159785014,868.8476623978511,2390400
2020-04-23,898.7354125976562,899.1563659525029,862.1124707259953,862.9543774356887,2384900
2020-04-24,887.3696899414062,892.421130301604,867.1639285006152,892.421130301604,2411800
2020-04-27,908.8382568359375,912.2058835402855,879.7924765109353,883.5810565533269,2448700
2020-04-28,906.3124389648438,914.7315048168163,899.156232990667,913.4686449390204,2719300
2020-04-30,937.4630737304688,947.145000401237,931.5697270613055,938.304980397492,2857400
2020-05-01,896.630615234375,924.8344890469117,892.8420351700044,924.413535706426,2579100
2020-05-07,867.5848388671875,889.8953660190365,862.1124454148471,871.373418949577,3334800
2020-05-08,913.46875,914.7316100230414,876.0039026497695,882.7391561059908,2807600
2020-05-11,954.7222290039062,963.9832030065896,918.5202397206893,919.7830998119643,3447500
2020-05-12,944.6192626953125,947.1449826490432,931.1487562754149,947.1449826490432,2326000
2020-05-13,936.2001953125,949.2497483946437,923.1506422303563,928.6230354583521,3141400
2020-05-14,901.2610473632812,921.8877597970976,901.2610473632812,921.8877597970976,2153500
2020-05-15,913.0477905273438,927.7811573638845,900.8401437199242,927.7811573638845,2273800
2020-05-18,918.941162109375,921.8878355563588,909.6801884188545,919.7830688085132,1166000
2020-05-19,958.9317626953125,963.1412963331321,947.1450685094176,958.5108093315306,2318100
2020-05-20,998.080322265625,1017.0232216759806,947.9868771582402,957.247850203303,4350100
2020-05-21,986.2936401367188,998.0803332326761,978.7164802893176,995.1336599586868,2442400
2020-05-22,963.5621948242188,992.1870219312729,958.5107547465033,989.2403485526055,2654000
2020-05-25,999.34326171875,1002.7108885484678,983.3470342775905,988.3984745221672,1735100
2020-05-26,1033.01953125,1042.2805050427874,1012.3928168933375,1017.4442571439487,2465300
2020-05-27,1060.8023681640625,1067.5376212952629,1027.5470558287604,1039.3337488083612,3679500
2020-05-28,1076.798828125,1086.0598031909697,1059.5397382293295,1086.0598031909697,3392200
2020-05-29,1056.1719970703125,1069.2215514382597,1052.3834167699408,1067.11678460472,4406100
2020-06-01,1052.8045654296875,1065.8541222183,1038.913101751487,1053.6464723192753,2215800
2020-06-02,1073.4310302734375,1082.2710505227483,1054.0671763939952,1057.4348031556374,2284500
2020-06-03,1123.5245361328125,1139.0998107064036,1118.473095730567,1123.9454894996663,4033000
2020-06-04,1123.5245361328125,1146.256017942918,1102.897821156976,1143.3093443749415,3107600
2020-06-05,1134.89013671875,1138.6787165520097,1116.7891441820636,1125.2082104781969,2324100
2020-06-08,1159.726318359375,1161.8310848173776,1134.469120863345,1149.2024860693625,2978100
2020-06-09,1143.30908203125,1159.3053063012012,1130.2595306531318,1157.6214932201538,3135700
2020-06-10,1159.3055419921875,1161.8312621272466,1126.4711802364175,1126.8921335922607,3595200
2020-06-11,1117.210205078125,1144.1512198200242,1114.2635315907298,1121.840691986889,3264400
2020-06-12,1099.1092529296875,1101.634973158557,1065.8539365829065,1083.5339781849925,4081200
2020-06-15,1072.589111328125,1105.8444252193817,1071.326251306938,1086.4805715611815,2719100
2020-06-16,1118.89404296875,1128.5759703533554,1066.2748724002422,1075.5358464202995,4266700
2020-06-17,1107.9490966796875,1115.5262561554605,1097.0043107702377,1113.8424429386218,3256300
2020-06-18,1099.951171875,1105.0026123887774,1078.4825496914466,1095.741638113519,2430900
2020-06-19,1075.956787109375,1106.26542899978,1074.2729736710191,1104.160662201835,4382700
2020-06-22,1072.589111328125,1082.6919914976206,1068.8005312645641,1082.6919914976206,1872700
2020-06-23,1080.5872802734375,1092.794927771657,1067.9586794132103,1083.954907169498,2372300
2020-06-24,1087.3223876953125,1090.2690608326982,1074.6937885350883,1081.4290414205411,2355300
2020-06-25,1046.4898681640625,1062.4860930193458,1041.0174754504128,1054.4879805917042,3392600
2020-06-26,1057.0137939453125,1064.1700004355835,1046.4899608713847,1046.4899608713847,3232300
2020-06-29,1022.49560546875,1048.1737577674712,1021.6536988360051,1042.701364654629,2529000
2020-06-30,1043.5433349609375,1074.2729289311467,1041.8595215927069,1070.4843488526276,2643500
2020-07-01,1032.1776123046875,1048.1738395753148,1025.8633120662819,1043.9643060830444,1882900
2020-07-02,1035.966064453125,1047.3318034780068,1025.021278725461,1030.9146248865109,2466100
2020-07-03,1035.124267578125,1049.436681200596,1022.4956673230035,1047.3319144914092,1369000
2020-07-06,1064.5909423828125,1067.1166622935664,1032.5984901799284,1035.1242100906825,1639400
2020-07-07,1069.221435546875,1074.2728753998524,1059.9604624830831,1073.010015436608,2198900
2020-07-08,1051.962646484375,1069.2217375231342,1047.7531120846777,1057.8559946439514,2329900
2020-07-09,1035.5452880859375,1047.7529357910155,1033.861474609375,1046.4900756835937,1604400
2020-07-10,1022.91650390625,1039.7546356577932,1022.0745973186729,1035.124149426119,1957100
2020-07-13,1083.9547119140625,1085.6385250587834,1055.750841739988,1056.171795026168,3037300
2020-07-14,1078.9033203125,1086.0595264948302,1068.379487691426,1074.6937872640704,2316100
2020-07-15,1092.7947998046875,1111.316745564089,1081.8500136741322,1081.8500136741322,2469200
2020-07-16,1090.26904296875,1107.9490815033782,1087.3223698796453,1104.58145511583,2231800
2020-07-17,1077.219482421875,1095.7414274107623,1072.5889961746532,1090.2690345731364,1467900
2020-07-20,1080.5872802734375,1088.5853941515813,1066.6958193271876,1087.7434874275662,1517200
2020-07-21,1061.223388671875,1068.800548924193,1049.015741598696,1068.800548924193,2631500
2020-07-22,1065.01171875,1087.3222409214427,1065.01171875,1073.0098304718379,2456700
2020-07-27,1059.5394287109375,1059.5394287109375,1032.1774649182435,1033.4403247855987,3029300
2020-07-28,1054.4881591796875,1062.065319604931,1048.5948121822762,1056.5929259644774,1882400
2020-07-29,1025.4423828125,1046.91100412754,1019.549035784842,1041.4386104590003,2227800
2020-07-30,1019.1280517578125,1035.1242789229495,1017.4442383720085,1030.4937921119888,1398100
2020-07-31,981.6632080078125,1018.2861493014144,979.9793946150031,1018.2861493014144,3874200
2020-08-03,997.2384033203125,1008.6041428262848,964.8249980625395,964.8249980625395,3641300
2020-08-04,1041.017578125,1046.4899713783866,1005.2365453143955,1006.9203586231298,3310500
2020-08-05,1042.701171875,1045.2268913062676,1017.4439775623234,1022.9163696634033,3087900
2020-08-06,1038.49169921875,1051.1202971014263,1034.2821665911913,1042.7012318463087,1553200
2020-08-07,1028.38916015625,1038.4920417951162,1022.0748591319586,1035.9663213853996,1893600
2020-08-11,1095.741455078125,1099.530034830604,1066.2747236699543,1078.9033228448845,2829900
2020-08-12,1104.16064453125,1110.8958981768847,1092.7949040042413,1105.0025512369543,3336300
2020-08-13,1104.16064453125,1110.0539914711803,1093.2158573570935,1107.9492247069195,2252000
2020-08-14,1101.214111328125,1106.6865056122479,1089.848369353408,1106.6865056122479,2366600
2020-08-17,1088.585205078125,1107.5281030783244,1088.1642517892317,1102.897616900498,1190300
2020-08-18,1059.9603271484375,1086.9013362578496,1057.43460754443,1085.638476455846,2612900
2020-08-19,1055.7508544921875,1062.0651538611598,1042.7013024629778,1047.7527419581559,2293600
2020-08-20,1051.962646484375,1064.5912496834671,1047.3321586447078,1048.1740655246474,1775800
2020-08-21,1049.8577880859375,1071.7473650628697,1049.8577880859375,1061.6444833812086,1319300
2020-08-24,1025.4423828125,1047.7529108457768,1025.4423828125,1045.2271906910662,1608800
2020-08-25,1049.0157470703125,1058.2767207603392,1045.6481202739392,1046.4900269730324,2110200
2020-08-26,1044.80615234375,1052.8042655164056,1038.4918524706009,1045.6480589935031,1343600
2020-08-27,1036.8079833984375,1043.1222829319238,1030.9146371671836,1043.1222829319238,1495300
2020-08-28,1049.4366455078125,1077.2195651241445,1037.6499523372474,1047.7528321977318,3357100
2020-08-31,1051.54150390625,1075.5358456687225,1049.4367370849805,1059.5396178270742,2077400
2020-09-01,1038.49169921875,1047.3317177366234,1034.2821665911913,1042.280278583553,1867600
2020-09-02,1032.1776123046875,1038.491912543093,1026.284265415509,1033.0195190031416,1522600
2020-09-03,1040.17578125,1057.0139161144273,1037.650061020336,1052.8043823983205,2131600
2020-09-04,1033.01953125,1038.0709715006112,1025.0214175198655,1031.3357178331296,1601300
2020-09-07,1038.49169921875,1049.8574373131587,1034.703119853947,1038.9126524815058,1832700
2020-09-08,1055.3299560546875,1058.697582559848,1043.9642165997707,1046.0689831654959,1623900
2020-09-09,1043.5433349609375,1047.3319150394564,1029.230921330977,1035.1242681197843,2167000
2020-09-10,1075.5357666015625,1077.6405332681018,1047.7528466032443,1052.3833332696306,2647200
2020-09-11,1076.798828125,1076.798828125,1055.751157520524,1062.9073655260459,2961300
2020-09-14,1105.4234619140625,1110.0539486166729,1078.0614950350016,1079.3243550448044,2792100
2020-09-15,1098.2674560546875,1100.3722231226343,1082.2712263382912,1098.6884094682769,1812900
2020-09-16,1090.26904296875,1099.1090622360641,1083.5337901936534,1093.2157160578547,1711500
2020-09-17,1055.7508544921875,1089.8480710846386,1055.7508544921875,1089.8480710846386,2194300
2020-09-18,1051.54150390625,1060.381524555582,1048.1738769922188,1059.1186644628203,2714500
2020-09-23,1035.5452880859375,1039.7548217773438,1025.0214538574219,1035.5452880859375,2028700
2020-09-24,1015.3394165039062,1034.7032693891383,1014.9184631803142,1031.3356428004024,1734500
2020-09-25,1017.0231323242188,1030.4936373881158,1010.2878797922702,1026.7050578388946,2063900
2020-09-28,1032.5985107421875,1034.2823240495534,1009.8670310927467,1023.3375375516746,2682200
2020-09-29,1033.025146484375,1043.6880815224054,1028.759972469163,1037.290320499587,1841000
2020-09-30,1005.7279663085938,1032.1720434549607,1004.8749315619368,1015.9643832684777,3575500
2020-10-02,995.065185546875,1015.5380226262791,991.653046033641,1006.5811564040398,2971800
2020-10-05,1030.892578125,1036.863821854313,1010.4197424816404,1010.4197424816404,1943000
2020-10-06,1051.7919921875,1057.7632362631794,1037.716916866256,1039.8495040361415,2274000
2020-10-07,1049.6590576171875,1052.2181613740763,1033.8779177830404,1046.2469192746692,1665000
2020-10-08,1043.2613525390625,1049.6591122643633,1025.77414262324,1045.8204564291827,2202900
2020-10-09,1028.759765625,1045.820458255597,1027.4802136777053,1043.2613543610073,1622800
2020-10-12,1014.6847534179688,1026.6272389563055,1012.5521667146944,1025.3476869343408,1899100
2020-10-13,1015.537841796875,1023.2151543346085,1000.1832167214077,1020.2295327921566,1704400
2020-10-14,993.7852783203125,1002.3156240569675,990.3731400256505,1002.3156240569675,1796900
2020-10-15,985.6817626953125,997.1977330946086,983.5491755843317,991.6530066060586,1625500
2020-10-16,969.4740600585938,994.6385869144921,969.4740600585938,991.6529650841313,2039200
2020-10-19,990.7998657226562,992.0794178523024,980.1369313089384,980.9899660620358,1799000
2020-10-20,969.4740600585938,983.9756518060606,969.0475426542564,980.5635125713625,1608200
2020-10-21,986.1079711914062,990.7996613657598,977.1511081312767,980.1367291513199,1670800
2020-10-22,989.5203247070312,997.6241549524768,973.3126642161402,978.8573901735504,1926400
2020-10-23,1002.7423095703125,1005.3014137206408,992.5058929689992,1001.4627574951483,1817900
2020-10-26,1016.8173217773438,1020.2294604410262,1001.0361804578129,1002.3157324566937,1809600
2020-10-27,1018.9500732421875,1036.0107693199136,1006.154551183893,1027.9069386829938,2739100
2020-10-28,986.5347290039062,1001.0363203511318,975.4452767972043,998.4772159957391,2730500
2020-10-29,994.2119140625,997.1975354260511,964.3557004269895,970.7534604917417,2155100
2020-10-30,977.1512451171875,1001.4627339743153,975.0186583753341,1001.4627339743153,2063300
2020-11-02,1012.5521240234375,1019.8029185088623,982.6959114363942,983.5489460817383,2496000
2020-11-04,1031.74560546875,1053.0714757760825,1027.4804314072835,1049.2328191207628,3667800
2020-11-05,1010.8461303710938,1031.3189633912677,995.4915056059632,1031.3189633912677,3160800
2020-11-06,1018.9500732421875,1025.774351673278,1007.4341033897224,1014.2583818208128,2932800
2020-11-09,1069.70556640625,1094.8700912937973,1063.7343232125947,1090.1784002130682,4603600
2020-11-10,1131.550537109375,1138.374814754965,1104.6799438798648,1107.239047996961,5272200
2020-11-11,1150.3175048828125,1174.6289983119266,1135.3893948824793,1165.2456148831457,3911300
2020-11-12,1129.41796875,1147.3316978615937,1117.0489653158045,1129.41796875,2773400
2020-11-13,1107.66552734375,1131.1239809455622,1098.70866324124,1119.6080128137635,2451500
2020-11-16,1138.375,1141.7871393780442,1109.3718152866243,1110.2248501311353,2540000
2020-11-17,1146.4786376953125,1155.008984701974,1127.285356930324,1149.037741797311,2660300
2020-11-18,1071.838134765625,1094.0170376736285,1071.838134765625,1089.3253466738586,4603500
2020-11-19,1059.8956298828125,1082.9275671116543,1050.0857306927503,1073.5441852776817,3089600
2020-11-20,1079.0888671875,1081.2214538815465,1045.3939974215662,1046.673549437994,2917500
2020-11-24,1078.23583984375,1100.8412589543982,1074.8237011100673,1099.9882242709775,3121700
2020-11-25,1088.0457763671875,1117.475473963948,1081.2214986635909,1103.8269185567547,3947600
2020-11-26,1071.41162109375,1085.0601767764729,1065.8668953476438,1069.7055516334096,2282600
2020-11-27,1076.9564208984375,1084.6337339979116,1066.7200034324721,1069.7056251933789,3152700
2020-11-30,1018.5234985351562,1077.8094140696564,1018.5234985351562,1076.9563793137645,7273100
2020-12-01,1046.6737060546875,1050.0858452757298,1030.8925621573674,1040.7024624178637,3532100
2020-12-02,1082.927490234375,1088.0456981441082,1060.3220719663868,1066.2933145277423,3827200
2020-12-03,1080.7950439453125,1094.8701175247108,1078.2359396581492,1088.8988741879964,3164000
2020-12-04,1077.809326171875,1088.8987770941023,1069.7054966517858,1075.2502221128993,1900900
2020-12-07,1068.4261474609375,1094.0171929091036,1068.4261474609375,1093.5906754849675,1677200
2020-12-08,1052.21826171875,1061.6016430555203,1047.5265710503647,1049.232640384323,2182700
2020-12-09,1076.5296630859375,1080.3683187783993,1047.9530040420557,1049.6590732387053,1910400
2020-12-10,1058.189453125,1083.3539745818218,1057.7629358121724,1079.088801453547,2142200
2020-12-11,1072.6910400390625,1076.5296958483475,1059.0424860504938,1067.999349605492,2854100
2020-12-14,1091.4578857421875,1106.8125101606006,1074.397191943951,1074.823709288907,2131500
2020-12-15,1091.4578857421875,1097.0026112266144,1082.0745041531575,1086.3396776027166,1681600
2020-12-16,1101.2679443359375,1115.3430187600607,1093.5906310136886,1096.1497354544383,2102500
2020-12-17,1102.5472412109375,1110.224552755153,1097.429033514794,1104.2533104429854,2308500
2020-12-18,1110.2247314453125,1122.1672179917853,1102.5474186654371,1103.4004534187566,2955800
2020-12-21,1157.1416015625,1157.994636285362,1126.8588689008939,1151.596875863896,4610800
2020-12-22,1166.5250244140625,1180.1735804583952,1144.772638218407,1149.890846735032,3777100
2020-12-23,1136.668701171875,1169.5105360650211,1125.579250428735,1168.6575013924719,2876800
2020-12-24,1147.331787109375,1162.2598958635863,1142.2135783936455,1149.8908914672397,1639400
2020-12-25,1158.8477783203125,1163.1129523295886,1147.7583258961947,1147.7583258961947,1191200
2020-12-28,1187.42431640625,1189.1303858263739,1166.0984486547009,1177.1878998855063,3066800
2020-12-29,1192.96923828125,1197.2344125332388,1177.6146109740905,1186.1449594780681,2788300
2020-12-30,1165.671875,1192.1159497347237,1165.671875,1192.1159497347237,2735100
2021-01-04,1145.6256103515625,1169.93709947667,1139.6543674085535,1165.2454085928773,1748500
2021-01-05,1143.9195556640625,1148.1847292496855,1133.6831390585676,1134.536173775692,1933400
2021-01-06,1149.8907470703125,1151.1702990885658,1131.1239841359306,1138.8012962454504,1925900
2021-01-07,1200.646484375,1207.8972801953819,1172.0698184946714,1183.1592709258437,3974600
2021-01-08,1269.7420654296875,1269.7420654296875,1218.133469555656,1226.2372986598427,5921200
2021-01-12,1271.021728515625,1276.9929715354972,1245.0041696433254,1251.4019300217597,3644500
2021-01-13,1268.4625244140625,1282.5375961375541,1261.6382472147939,1271.0216283637883,2709500
2021-01-14,1274.8603515625,1284.670250554115,1256.0935882741928,1259.0792097064236,2675400
2021-01-15,1234.34130859375,1268.0361819105801,1229.6496173724192,1261.63842115422,3341600
2021-01-18,1227.5169677734375,1240.3124886327853,1222.3987594296982,1228.7965198593722,1756300
2021-01-19,1241.1654052734375,1252.2548556298325,1227.0903336672438,1231.7820242026417,2037900
2021-01-20,1233.061767578125,1245.430771818791,1227.0905241515966,1233.4882849657342,3015400
2021-01-21,1236.9002685546875,1252.6814099121095,1229.6494738769532,1232.635095214844,1942000
2021-01-22,1236.473876953125,1241.5920854813892,1218.986664481556,1221.119251368333,2068100
2021-01-25,1236.04736328125,1249.269402018903,1230.9291547376424,1244.1511934752955,2101600
2021-01-26,1218.986572265625,1227.9434365125032,1215.14791615982,1220.2661243008934,2121300
2021-01-27,1248.8426513671875,1252.254789758901,1220.69250963555,1220.69250963555,2188000
2021-01-28,1227.0904541015625,1239.4594576361283,1197.6607560365615,1197.6607560365615,6421500
2021-01-29,1187.8509521484375,1232.2087614925802,1183.5857781730392,1225.8110005294827,3276000
2021-02-01,1211.7359619140625,1217.7072056545753,1184.0123302616817,1184.4388476717183,1477000
2021-02-02,1248.416259765625,1256.5200892618827,1213.8683550710518,1213.8683550710518,3081400
2021-02-03,1308.128662109375,1310.2612487773067,1263.3443420828069,1278.698966091916,4706900
2021-02-04,1336.705322265625,1403.2420262456626,1331.1605969339553,1374.2388475876976,5787400
2021-02-05,1355.47216796875,1358.8843068434353,1335.8523694393093,1337.1319215173164,3559700
2021-02-08,1364.0025634765625,1372.959428339917,1349.0744553709715,1353.339629115426,3041600
2021-02-09,1369.12060546875,1377.6509519202687,1351.2068779205606,1364.8554322429907,2636200
2021-02-10,1370.4002685546875,1375.518476840606,1357.1782304827311,1364.0025081972892,2211900
2021-02-12,1361.0169677734375,1373.3859718679,1348.2214462964073,1372.9594544853323,2159000
2021-02-15,1366.1351318359375,1383.6223439512273,1358.8843365686223,1373.385927103253,1489200
2021-02-16,1364.0025634765625,1377.651119458817,1356.7517681109898,1370.8268414676897,1318900
2021-02-17,1358.4580078125,1372.9596003605768,1349.9276592548076,1358.8845252403846,2037700
2021-02-18,1327.74853515625,1364.0025105781199,1326.8955004404413,1363.5759932202157,2279000
2021-02-19,1300.0247802734375,1320.497611458846,1293.2005032116347,1311.9672651315925,2437300
2021-02-22,1321.77734375,1340.1175908559212,1321.77734375,1326.8955522446759,1807000
2021-02-24,1316.6591796875,1349.0745012476718,1315.3796275206512,1338.8380839128806,2588900
2021-02-25,1329.028076171875,1355.4721521419187,1323.9098679196084,1355.4721521419187,1866800
2021-02-26,1319.2181396484375,1342.2500761311453,1305.996102037994,1329.028038520702,4471900
2021-03-01,1368.2677001953125,1372.1063564614465,1332.0137243484917,1346.0887973243161,3439800
2021-03-02,1361.0169677734375,1379.3572152238473,1350.3540332092457,1373.8124892504677,2471800
2021-03-03,1411.7725830078125,1413.478652594529,1369.5473607365818,1372.1064651166564,3471100
2021-03-04,1401.962646484375,1424.568067921452,1376.3716033480614,1421.5824462222154,2642300
2021-03-05,1428.40673828125,1430.9658426197652,1398.5505209985722,1424.5680817734772,3327400
2021-03-08,1428.8331298828125,1459.5423792414879,1420.302782838736,1448.8794454363924,3030000
2021-03-09,1448.452880859375,1459.5423316551182,1433.9512913572494,1455.27715827214,2843100
2021-03-10,1436.936767578125,1444.1875615967738,1417.7434892934662,1430.1124908546906,2164000
2021-03-11,1449.732666015625,1469.352466732518,1442.9083875054014,1447.60007898118,2668400
2021-03-12,1447.5999755859375,1449.7325624680618,1412.199033342675,1443.334801821689,4556100
2021-03-15,1494.09033203125,1497.9289883225094,1467.219737992435,1469.778842186608,3524800
2021-03-16,1497.0758056640625,1500.9144615760217,1473.1908355452056,1488.5454591930422,2681300
2021-03-17,1500.0614013671875,1503.9000572137343,1459.9687736365888,1462.5278775342867,3139700
2021-03-18,1511.15087890625,1520.9607773580829,1494.5167032705333,1516.6956041181554,2467700
2021-03-19,1532.9033203125,1537.1684937134808,1503.4736238457324,1504.7531758660266,4545100
2021-03-22,1469.77880859375,1504.3267144254662,1455.2772184915482,1503.473679713572,4847400
2021-03-23,1456.556640625,1490.678026056918,1454.8505713534041,1469.7786774798683,2856600
2021-03-24,1410.4927978515625,1439.9224933616194,1409.6397631990972,1428.833042879569,3247000
2021-03-25,1450.15869140625,1462.9542092715992,1409.2130342371324,1409.2130342371324,2369600
2021-03-26,1456.9832763671875,1484.280386931444,1456.5567590146209,1473.1909357647146,1969600
2021-03-29,1457.4097900390625,1475.3235188016147,1444.6142694943824,1471.0583452867213,2505000
2021-03-30,1461.7154541015625,1464.729300398679,1438.4657826666628,1457.8405088624124,2125900
2021-03-31,1427.701904296875,1456.979265422384,1427.2713548685588,1453.1043205675371,3162600
2021-04-01,1416.5076904296875,1449.2294486280632,1403.5912069303288,1447.9378002781275,2608000
2021-04-02,1420.382568359375,1430.2852052409346,1410.0493820481822,1419.9520189297418,1612000
2021-04-05,1447.5072021484375,1449.6599493259337,1412.2021484375,1426.4102798089748,1729800
2021-04-06,1426.8406982421875,1462.5762981076375,1421.243556094587,1460.4235511277911,1779200
2021-04-07,1446.6461181640625,1453.534909202939,1422.9658989679247,1444.9239204043433,1778100
2021-04-08,1451.382080078125,1463.8680131313038,1444.9238388437223,1462.5763648844231,2517900
2021-04-09,1435.451904296875,1467.3125644402369,1432.4380580670975,1458.2710257509045,2005600
2021-04-12,1425.979736328125,1441.0489666335247,1419.521494768668,1432.0074284502848,1375400
2021-04-13,1446.2156982421875,1463.007127903231,1428.132620145679,1434.1603128445154,1649400
2021-04-14,1430.28515625,1437.17394688817,1412.6326302396901,1427.7018597606864,1409700
2021-04-15,1444.0631103515625,1452.6741008724425,1435.0215703046385,1436.7437684088145,1034900
2021-04-16,1456.1181640625,1458.2709112003809,1430.2851984079318,1448.3682743661295,2148600
2021-04-19,1475.062255859375,1481.9510463128922,1460.8541255489959,1463.8679713724096,1823600
2021-04-20,1440.1878662109375,1459.5625908684838,1428.1324819795755,1457.409843684312,2382000
2021-04-21,1391.1053466796875,1415.2161171575774,1386.7998519514929,1405.7440287555492,2230100
2021-04-22,1408.7576904296875,1414.7853822591544,1395.4106585215823,1407.8965915969065,1822200
2021-04-23,1398.4246826171875,1403.160726800928,1390.674792134703,1400.577429973433,1310900
2021-04-26,1393.6885986328125,1414.3549726625854,1388.9525545843228,1409.1883791551422,1339700
2021-04-27,1377.75830078125,1395.4108290100098,1371.730608215332,1377.75830078125,1635900
2021-04-28,1396.2718505859375,1401.438443927606,1378.1887738900973,1381.2026200060707,1575000
2021-04-30,1400.146728515625,1404.8827721852658,1386.7996963557282,1391.9662894498817,2621100
2021-05-06,1414.78564453125,1423.3966344553598,1403.1608081337017,1413.924545538839,2912500
2021-05-07,1417.3687744140625,1428.5630599957046,1404.4522910506294,1421.6742688685404,2053900
2021-05-10,1444.4932861328125,1453.965373254995,1423.826914229869,1427.701858961671,1974800
2021-05-11,1404.452392578125,1437.1741527976033,1391.9664577575347,1429.4242622193058,1769600
2021-05-12,1385.9384765625,1407.0353965226002,1363.5499084415774,1400.5771557184878,2336900
2021-05-13,1376.466552734375,1396.7023763122654,1351.92523477821,1354.0779819673473,2203500
2021-05-14,1410.910400390625,1446.2154516057703,1370.0082069096638,1445.3543527956447,4571300
2021-05-17,1377.32763671875,1415.6465362711003,1372.1610435206803,1404.0217015754436,2971800
2021-05-18,1410.049560546875,1423.396594555105,1381.6332945938693,1381.6332945938693,3012600
2021-05-19,1401.4384765625,1410.0494656658025,1382.4943005352343,1391.535839093702,2126100
2021-05-20,1403.5911865234375,1409.1883292917826,1388.521955993278,1397.1329448676547,1828200
2021-05-21,1394.980224609375,1399.2857191297744,1382.924839952257,1392.8274773491753,1980900
2021-05-24,1399.28564453125,1405.743885967548,1392.3968536658654,1394.9801502403848,3034800
2021-05-25,1413.9244384765625,1415.6466363309796,1389.3831190511166,1402.7301524228503,2644900
2021-05-26,1420.813232421875,1420.813232421875,1393.6886161665482,1401.0079570608427,3019500
2021-05-27,1435.021484375,1438.0353308768376,1411.7718113608237,1417.3689548642365,8011100
2021-05-28,1464.7291259765625,1470.7568178530094,1449.2293468656994,1457.8403352606233,2989900
2021-05-31,1443.6322021484375,1463.4374754257497,1438.8961585386453,1449.6598940154456,3035000
2021-06-01,1473.3399658203125,1481.9509533470239,1455.2568920142187,1457.8401882722321,2857800
2021-06-02,1492.71484375,1496.589788541967,1459.131988886285,1478.9372622674503,3473100
2021-06-03,1493.575927734375,1504.339663160538,1476.3539510525143,1484.1038405593515,3240800
2021-06-04,1522.4228515625,1522.4228515625,1494.8676868283371,1506.9230713995335,2307200
2021-06-07,1506.492431640625,1514.2423212575245,1484.5344110594099,1506.9229810637862,2792500
2021-06-08,1499.603759765625,1517.6868369721012,1490.13167170509,1508.645298368863,2591400
2021-06-09,1493.1455078125,1508.6452881704151,1487.9789143598616,1496.1593539932057,1849700
2021-06-10,1487.9788818359375,1511.228551864624,1485.3955851660835,1507.7841563048187,2331800
2021-06-11,1460.4234619140625,1481.0898316581295,1446.6458820846847,1478.0759860704532,4272100
2021-06-14,1450.52099609375,1478.0761589759109,1444.4933042132773,1473.3401153555394,2581900
2021-06-15,1459.132080078125,1463.8681240087417,1447.9377944239407,1450.9516405616057,2642400
2021-06-16,1473.770751953125,1487.117784763685,1464.2986641520824,1468.1736091615999,2166400
2021-06-17,1454.8262939453125,1473.3399165080968,1450.090250964135,1465.5900279934428,2380400
2021-06-18,1429.854736328125,1442.3406704905808,1424.2575934277138,1438.8962748595586,3156800
2021-06-21,1375.1749267578125,1391.535805661005,1360.9667950787243,1388.9525089920799,2927200
2021-06-22,1423.8270263671875,1425.1186747128488,1407.8966967706995,1420.8131802273115,1944000
2021-06-23,1413.0631103515625,1420.8129994394137,1409.1881658076368,1413.9242091391015,1318700
2021-06-24,1416.938232421875,1425.9797708238377,1412.2021884970375,1415.6465840787375,890800
2021-06-25,1442.3406982421875,1447.0767423259679,1427.271467066523,1428.9936649151703,1759300
2021-06-28,1448.798828125,1451.3821246981797,1437.173993545691,1442.3405866920505,1643900
2021-06-29,1412.6326904296875,1437.604557557064,1404.021701765075,1428.1324700259902,1926300
2021-06-30,1411.3409423828125,1428.5629184948662,1410.0492941744085,1422.9657762584488,2037100
2021-07-01,1413.0631103515625,1420.8129994394137,1404.452122476172,1413.0631103515625,1518800
2021-07-02,1411.7718505859375,1419.9522913182134,1406.1747069270118,1410.9107515614874,1726700
2021-07-05,1404.021484375,1414.785218539175,1401.007638809031,1412.63247170634,1369700
2021-07-06,1397.9940185546875,1409.6188533255456,1397.9940185546875,1407.8966555817149,937300
2021-07-07,1357.9530029296875,1369.1472889398879,1352.3558599245873,1364.4112448586493,2420100
2021-07-08,1339.0087890625,1361.3973604551848,1339.0087890625,1352.7863714579983,2625800
2021-07-09,1329.5367431640625,1334.272787262121,1304.5648742833903,1321.7868528217848,3525000
2021-07-12,1373.8834228515625,1377.7583682623,1360.1058391689394,1377.7583682623,2011000
2021-07-13,1376.466552734375,1386.799739242234,1375.1749044208925,1382.4942448639592,1868000
2021-07-14,1352.355712890625,1367.8554918349303,1351.9251634755055,1356.2306576267013,2223400
2021-07-15,1339.0087890625,1350.2030747588424,1336.4254923633441,1344.1753824608118,1950700
2021-07-16,1343.74462890625,1354.938912902265,1335.5641906014698,1338.5780362927046,2204600
2021-07-19,1322.2174072265625,1335.5644406436982,1313.1758684601157,1326.0923524121824,1619500
2021-07-20,1298.536865234375,1317.4810370083512,1297.2452171588766,1300.6896120268723,1964000
2021-07-21,1324.3701171875,1342.0226447572945,1322.6479193758128,1327.3839633579528,1586300
2021-07-26,1351.0640869140625,1356.6612294028716,1343.314197314173,1350.6335374918465,1639300
2021-07-27,1352.786376953125,1364.4112121465478,1338.5782450500526,1360.5362670820734,1797400
2021-07-28,1346.3282470703125,1354.5086873307332,1336.4256088603295,1340.7311037342351,1460600
2021-07-29,1354.078125,1364.8418620826708,1346.7587837837837,1356.661421899841,1487800
2021-07-30,1332.5504150390625,1354.9389842093472,1329.1060197820957,1339.0086561458754,2390900
2021-08-02,1391.96630859375,1391.96630859375,1348.4808161198964,1357.9529035894486,2296100
2021-08-03,1378.6192626953125,1382.4942075311208,1358.3834396638697,1358.3834396638697,2620100
2021-08-04,1299.828857421875,1305.8565500366171,1277.0097353803517,1291.648417444725,5989500
2021-08-05,1286.9122314453125,1290.7871762706748,1274.426298119145,1277.0095946693866,2616000
2021-08-06,1288.2037353515625,1289.925932858717,1279.1621984390013,1283.037142830099,1698800
2021-08-10,1295.5233154296875,1304.1343045651458,1286.9123262942294,1300.2593594541895,2095100
2021-08-11,1309.30078125,1321.7867143826045,1301.9814411377836,1319.2034178724105,1909400
2021-08-12,1313.6063232421875,1326.9533556972867,1312.3146749400812,1321.3562130548257,2039800
2021-08-13,1317.4813232421875,1321.786817762587,1305.4259385850694,1317.4813232421875,2473400
2021-08-16,1289.9261474609375,1305.4259276039927,1286.4817518735917,1303.2731803619017,1895000
2021-08-17,1286.0513916015625,1303.7039215833715,1283.4680945310538,1302.4122730481174,1633200
2021-08-18,1287.7735595703125,1291.217955583874,1274.4265250177616,1276.1487230245423,1875000
2021-08-19,1258.4959716796875,1283.0372889515802,1256.7737739763968,1282.6067395257576,2592400
2021-08-20,1195.6357421875,1226.2047510803025,1190.03859971417,1215.8715649756932,6847700
2021-08-23,1220.1771240234375,1232.2325084527445,1216.302179028303,1226.204816238091,3382900
2021-08-24,1233.524169921875,1242.1351588916611,1222.7604337096423,1223.6215326066208,2052500
2021-08-25,1239.9822998046875,1248.5932879977756,1236.9684539371067,1240.4128492143418,1823700
2021-08-26,1238.6905517578125,1246.8709898820387,1236.5378048830162,1244.7182430072423,1395600
2021-08-27,1238.2601318359375,1238.2601318359375,1218.4548585172822,1228.7880445965807,3266300
2021-08-30,1264.523681640625,1270.9819231198928,1252.898846977943,1264.0931322086738,1941700
2021-08-31,1266.245849609375,1272.7040909368625,1248.5933233142425,1253.7599163762325,2737700
2021-09-01,1274.4263916015625,1279.162435624406,1266.2459519257416,1270.120897035341,2119300
2021-09-02,1270.120849609375,1274.4263440148304,1264.5237068822828,1265.8153552039194,1856000
2021-09-03,1286.481689453125,1291.217733155931,1269.69026177954,1273.5652066272903,2281700
2021-09-06,1307.5784912109375,1310.161787538651,1299.3980528398451,1301.120250391654,2084300
2021-09-07,1323.9395751953125,1330.8283664808816,1320.0646300971798,1325.2312235613567,2254500
2021-09-08,1331.259033203125,1332.120132189673,1310.1621080327004,1312.7454049923442,2319100
2021-09-09,1313.17578125,1331.2588575819673,1310.5924846311475,1321.786769979508,2462900
2021-09-10,1323.9395751953125,1329.5367181148374,1317.4813333650914,1319.6340806418318,3318900
2021-09-13,1319.634033203125,1332.1199669593698,1307.14809944688,1308.0091983266211,3096900
2021-09-14,1339.0087890625,1345.0364813605306,1335.133844013766,1339.8698879622186,3060200
2021-09-15,1314.89794921875,1329.5366297274068,1312.314652658399,1322.6478388998034,2296400
2021-09-16,1317.0506591796875,1329.5365922023127,1309.7313191319415,1325.6616474711532,1814800
2021-09-17,1316.6202392578125,1323.509030568514,1308.8703490332734,1313.1758436024618,3788300
2021-09-21,1285.1900634765625,1296.8148982215766,1276.579074776552,1286.0511623465636,3066600
2021-09-22,1276.5791015625,1286.481738775295,1272.7041565661889,1281.3151454468803,2082300
2021-09-24,1318.772705078125,1321.7865506333148,1308.8700696825008,1320.4949025382336,2759800
2021-09-27,1322.2174072265625,1331.258945993009,1318.3424620409423,1321.7868577614936,1692800
2021-09-28,1346.758544921875,1348.4807425496522,1320.9255805052148,1330.3976674579903,3168800
2021-09-29,1332.7572021484375,1337.1326361673096,1318.7558132880467,1331.4445719427758,2672800
2021-09-30,1309.1297607421875,1325.756408773004,1306.5045005267955,1321.3809750806838,3853800
2021-10-01,1284.6273193359375,1301.253967202002,1278.9392555922839,1295.1283600934519,2178600
2021-10-04,1274.5640869140625,1299.5040638979629,1270.6261958113414,1297.7538900745312,1911700
2021-10-05,1282.439697265625,1283.752327457299,1257.0621802265919,1264.062874582187,2849700
2021-10-06,1286.3778076171875,1300.8167421924825,1271.9388730418925,1285.9402641452089,2330700
2021-10-07,1278.9393310546875,1293.378262948223,1270.6260066311365,1280.251961226827,2638900
2021-10-08,1300.3790283203125,1329.6944371014233,1298.1913112470954,1306.0670927106773,3292200
2021-10-11,1332.31982421875,1334.5075414998973,1308.6924775823584,1310.4426514072763,1737600
2021-10-12,1338.8829345703125,1345.446086210363,1325.7566312902113,1332.319782930262,2262700
2021-10-13,1356.384521484375,1366.448019547001,1334.9448951770414,1343.6957630575857,2422500
2021-10-14,1355.947021484375,1355.947021484375,1333.194764266825,1343.6958060595405,1609900
2021-10-15,1373.01123046875,1373.4487738819014,1358.1347544216062,1367.3231660977833,2206800
2021-10-18,1382.19970703125,1387.0126848018558,1373.8863817911126,1373.8863817911126,1553500
2021-10-19,1366.8857421875,1382.1997629866557,1361.6352207706466,1380.8871326324424,1324800
2021-10-20,1358.1346435546875,1373.8862051423064,1353.759209780349,1373.8862051423064,1639400
2021-10-21,1339.7579345703125,1363.82282235652,1339.3203911560176,1358.5723013849838,1915500
2021-10-22,1335.382568359375,1344.1334370904324,1323.5688955724472,1325.7566127552118,1357700
2021-10-25,1331.0069580078125,1338.0076520670252,1320.0683735402927,1320.0683735402927,1513000
2021-10-26,1348.0712890625,1358.5723312363073,1345.0084850951396,1349.3839193342258,1671900
2021-10-27,1325.3189697265625,1338.0077284330896,1317.4431884604423,1331.4445773779894,2615500
2021-10-28,1323.5687255859375,1334.0697667145532,1317.8806616412705,1320.9434653037836,7539600
2021-10-29,1318.3184814453125,1324.4440900547497,1295.5662208959743,1320.5061988058258,2553200
2021-11-01,1331.88232421875,1352.8844108030141,1318.3184766330794,1350.2591499799812,2940200
2021-11-02,1309.5675048828125,1336.6951979341773,1305.6296139560015,1331.007133262117,2704200
2021-11-04,1331.88232421875,1335.8202154532996,1282.4399120516282,1335.8202154532996,5655200
2021-11-05,1326.631591796875,1330.5694824057707,1308.2547689553614,1322.2561577869908,2364200
2021-11-08,1333.63232421875,1345.0084529686474,1329.256890084174,1343.258279314817,1785500
2021-11-09,1306.9423828125,1336.6953396358178,1306.9423828125,1334.0700787396427,1895400
2021-11-10,1334.9449462890625,1337.570206753741,1307.3797114099373,1313.505319160854,2386200
2021-11-11,1341.070556640625,1358.5722931057555,1334.9449488778293,1335.3824922894576,1823000
2021-11-12,1364.697998046875,1368.6358890319414,1343.695912793188,1343.695912793188,1924200
2021-11-15,1358.5723876953125,1376.5116688210799,1354.1969532743935,1374.3239516106205,1360900
2021-11-16,1368.6357421875,1378.69924029182,1360.32241766654,1370.38591577086,1191800
2021-11-17,1344.13330078125,1371.698534488678,1343.6957573890686,1369.510817527771,2549600
2021-11-18,1394.888427734375,1399.2638619493512,1340.6330434686715,1342.383217154662,3272500
2021-11-19,1418.078125,1423.766189062018,1395.3258687519283,1397.9511290882444,4013500
2021-11-22,1423.328857421875,1429.4544657845884,1402.326771606858,1415.4530752412438,3146600
2021-11-24,1421.57861328125,1450.4564798483668,1414.1403749230533,1435.1424596991383,2913800
2021-11-25,1431.20458984375,1445.643523339575,1427.7042423296105,1428.141785768878,2161700
2021-11-26,1390.0753173828125,1430.7668516971346,1381.7619931680586,1425.078787760724,2538700
2021-11-29,1352.446533203125,1374.3237013235248,1349.821273028677,1361.6349438136929,3011700
2021-11-30,1303.441650390625,1372.1359569066801,1303.441650390625,1366.8854366634146,6258700
2021-12-01,1313.50537109375,1318.7558922307005,1291.62819968979,1303.8794156760077,2934500
2021-12-02,1284.6273193359375,1301.253967202002,1282.8771458763517,1293.8157299987627,2564100
2021-12-03,1316.130615234375,1317.0057020796105,1284.1899453832748,1304.316942823694,2028900
2021-12-06,1315.25537109375,1325.3188686104354,1311.7550241314245,1318.3181746857847,1354900
2021-12-07,1362.94775390625,1369.0733617889746,1332.3197144926264,1338.8828657955457,2603500
2021-12-08,1359.8848876953125,1369.5108424988184,1338.007717687344,1345.8834988902126,2207700
2021-12-09,1333.1947021484375,1364.6978260587387,1332.7571587607945,1355.9469583058772,1445000
2021-12-10,1332.31982421875,1345.4461279056343,1327.5068462002257,1329.694563481373,1806800
2021-12-13,1328.3818359375,1347.633746603261,1326.6316622406127,1346.3211163305955,1824600
2021-12-14,1315.25537109375,1331.006932424214,1310.4423940205527,1317.0055445749126,2333700
2021-12-15,1337.5701904296875,1343.6957981058456,1316.1305635631338,1317.0056503740134,1645700
2021-12-16,1340.6329345703125,1363.822734026,1335.3824139388362,1354.6343229209162,1477900
2021-12-17,1337.1326904296875,1346.7586456618385,1331.8821693939688,1339.7579509475468,2336000
2021-12-20,1278.5018310546875,1328.381779288854,1278.0642876491247,1317.8807375553454,2420800
2021-12-21,1290.3155517578125,1303.441854420659,1289.0029214915278,1296.003616245046,1937400
2021-12-22,1275.0015869140625,1293.8159548747024,1261.875283685709,1286.3777163786356,2302500
2021-12-23,1296.4410400390625,1297.3161268025042,1278.939304770226,1282.0021084422724,1324900
2021-12-24,1306.067138671875,1318.755898143059,1300.816617511385,1309.1299426821608,1180000
2021-12-27,1291.6280517578125,1305.1918964747813,1289.440334867979,1303.8792663408813,1263400
2021-12-28,1313.94287109375,1314.8179579209852,1301.6916555124562,1307.3797198894856,1473500
2021-12-29,1313.06787109375,1321.818739944758,1307.3798063405948,1316.568218634153,995900
2021-12-30,1312.192626953125,1317.443147634498,1297.3161516892349,1300.8164988101503,1111400
2022-01-04,1383.5123291015625,1390.0754805678887,1345.4460505968707,1349.3839414766662,3510600
2022-01-05,1432.954833984375,1445.6435943463741,1412.82783478948,1419.3909867008588,3742400
2022-01-06,1417.2030029296875,1441.2678887466473,1415.0152860372366,1421.578436714589,2115000
2022-01-07,1422.89111328125,1447.831086669021,1411.5149850692842,1433.3921547076798,2186000
2022-01-11,1426.828857421875,1429.8916608570032,1410.639753550483,1421.1407938994942,1803100
2022-01-12,1464.4576416015625,1466.6453584249887,1438.2050397204468,1444.3306468260405,3215400
2022-01-13,1461.39501953125,1475.8339523589539,1455.2694116649513,1466.2079971404846,2555400
2022-01-14,1438.205078125,1450.0187492869638,1422.0159731993458,1445.2057721469046,2512200
2022-01-17,1452.64404296875,1459.2071937652956,1438.642654602786,1453.0815863551863,1972700
2022-01-18,1427.2667236328125,1457.4572214656341,1421.1411153768777,1452.2067001034043,2056500
2022-01-19,1373.01123046875,1409.327333760307,1365.1354490320268,1395.3259445394658,2619000
2022-01-20,1381.76220703125,1394.4509670071545,1363.3853822385609,1363.3853822385609,2125100
2022-01-21,1365.135498046875,1367.323215191181,1335.382544884315,1350.259021465595,2268300
2022-01-24,1378.6993408203125,1382.6372316700056,1352.0091917279485,1352.0091917279485,1553000
2022-01-25,1350.69677734375,1371.698865232477,1335.8202984225684,1370.8237782371134,2079800
2022-01-26,1330.1322021484375,1355.5097244262695,1325.7567672729492,1351.1342895507812,1510700
2022-01-27,1284.1900634765625,1343.2584309618558,1278.50199845946,1343.2584309618558,3451700
2022-01-28,1311.7552490234375,1323.1313786013593,1297.316315328383,1300.379119445516,2422400
2022-01-31,1323.5687255859375,1327.0690726288094,1295.1284058626034,1306.942077132296,1920700
2022-02-01,1308.2547607421875,1342.8206892032686,1301.6916097685644,1324.8814098753658,2336100
2022-02-02,1336.695068359375,1341.0705022983582,1298.1912496963225,1298.1912496963225,3287900
2022-02-03,1355.5096435546875,1361.635252014909,1327.5068620222473,1335.8201877896904,1781000
2022-02-04,1363.38525390625,1379.1368165316112,1289.0028748420452,1320.5060000927672,4956300
2022-02-07,1366.010498046875,1382.637147286395,1352.0091092135951,1355.509456421915,2221500
2022-02-08,1401.88916015625,1412.3902025544241,1379.5744450601298,1379.5744450601298,2686400
2022-02-09,1417.2030029296875,1448.26858280249,1411.9524823878053,1426.8289572564713,3203800
2022-02-10,1412.8277587890625,1424.2038881568283,1394.8884778629704,1418.0782800357235,2509900
2022-02-14,1382.19970703125,1394.0133797409187,1375.6365555258785,1389.6379454040045,1997300
2022-02-15,1382.63720703125,1390.9505320102355,1372.5737083724782,1387.4501846506625,2305500
2022-02-16,1412.39013671875,1418.953287911681,1399.2638343328879,1411.515049893026,2196000
2022-02-17,1406.264404296875,1418.9531621452288,1399.7012536856575,1410.6398380376868,1895700
2022-02-18,1390.950439453125,1400.5763940514166,1380.0118546823392,1391.825526234788,1525700
2022-02-21,1382.63720703125,1391.8256188501286,1359.0098623541337,1375.6365123121045,1253500
2022-02-22,1363.38525390625,1368.6357747813704,1345.0084308433288,1356.8221028123496,1318200
2022-02-24,1289.0030517578125,1357.6973759689383,1284.6276170946835,1341.070724249048,4037800
2022-02-25,1322.256103515625,1330.1318844101588,1297.753674065964,1299.9413909811124,2859700
2022-02-28,1332.31982421875,1342.383323712028,1320.506150900554,1327.0693027439963,2214300
2022-03-01,1328.3818359375,1348.5088334517045,1328.3818359375,1331.8821833312747,1873400
2022-03-02,1286.3778076171875,1310.0051551040337,1284.1900902572943,1296.441307472696,2700400
2022-03-03,1304.7545166015625,1311.3176680935221,1292.9408439160354,1305.1920600343599,2115100
2022-03-04,1246.561279296875,1299.5040363326495,1244.8111055105683,1292.503341187423,2768700
2022-03-07,1137.17529296875,1201.4941725633657,1118.3609268288285,1194.0559347871176,5460800
2022-03-08,1128.4244384765625,1166.928258013568,1125.3616346497552,1152.0517822833613,3158500
2022-03-09,1124.0491943359375,1142.8635638791238,1121.4239334694464,1127.5495421579258,2660300
2022-03-10,1176.5543212890625,1185.3051901718372,1157.739953191097,1166.0532786297329,2938500
2022-03-11,1159.9276123046875,1164.3030465268855,1142.8634188381154,1148.5514833269726,3489500
2022-03-14,1180.0546875,1189.680643423248,1165.1782101640713,1173.0539922830924,1973800
2022-03-15,1185.30517578125,1193.1809576801288,1168.6785251058393,1170.8662422999723,2093100
2022-03-16,1192.305908203125,1197.993973086296,1178.7420611740251,1189.6806474878153,2567100
2022-03-17,1238.6854248046875,1242.6233155935404,1216.8082537555056,1223.3714050702602,2984700
2022-03-18,1249.6241455078125,1250.9367759127576,1224.246624345539,1224.246624345539,6246000
2022-03-22,1281.1270751953125,1289.440399795282,1268.4383165953589,1273.2512939953413,3623100
2022-03-23,1320.506103515625,1327.944342004613,1300.8166486918335,1300.8166486918335,3422700
2022-03-24,1333.63232421875,1333.63232421875,1292.503243353736,1293.8158735941088,2842200
2022-03-25,1314.81787109375,1342.8206477160463,1311.7550674006864,1335.3824101757489,3322000
2022-03-28,1311.7552490234375,1328.3818999450154,1311.7552490234375,1321.3812048201405,1861700
2022-03-29,1318.3184814453125,1321.381285750031,1304.3170903380274,1306.5048076985406,2633500
2022-03-30,1319.2081298828125,1328.996520728486,1300.96612876133,1321.4327641659202,2250600
2022-03-31,1300.9661865234375,1319.2081884548538,1296.0719908833016,1303.6357477816937,2737400
2022-04-01,1301.85595703125,1314.7588356211018,1281.3893220266575,1291.1777126810277,2021800
2022-04-04,1301.4112548828125,1309.8648664529915,1295.627204861111,1297.406912560096,1482900
2022-04-05,1293.84716796875,1311.6442404304935,1286.7283389840527,1306.3051186919704,1916600
2022-04-06,1254.69384765625,1276.050338680186,1253.359066967254,1273.3807773021942,2517400
2022-04-07,1225.32861328125,1244.0155420241013,1214.2054414105053,1240.9010539002927,2538500
2022-04-08,1209.3111572265625,1236.0067677613652,1199.9676935393816,1232.4473530233915,2615100
2022-04-11,1212.87060546875,1224.4387036867206,1205.751775796153,1214.6503128868994,1932800
2022-04-12,1211.0908203125,1219.5444300060847,1203.0821374448935,1213.3154544423908,1750700
2022-04-13,1227.55322265625,1230.667710716632,1213.7604898174159,1213.7604898174159,1722000
2022-04-14,1240.901123046875,1245.350392043099,1226.2185353593359,1231.112731255182,1698500
2022-04-15,1243.570556640625,1244.0154834945215,1224.438701923077,1236.8966538321781,959800
2022-04-18,1236.0068359375,1238.676397138229,1220.4343955999145,1228.8880060688896,1134600
2022-04-19,1249.354736328125,1260.9228357385707,1237.3417100172776,1259.5880550373654,1746300
2022-04-20,1261.3675537109375,1264.9269683245839,1246.2400416029404,1256.9182854438795,1824800
2022-04-21,1281.834228515625,1288.5081311285144,1250.6893496554744,1254.2487643823488,2083500
2022-04-22,1261.3675537109375,1265.3718951512897,1247.5748220830578,1261.3675537109375,1562300
2022-04-25,1223.1038818359375,1235.116906502933,1215.5401255641257,1220.8792476383458,1675800
2022-04-26,1215.9852294921875,1227.5533290043709,1214.6504487792433,1216.4301563965023,2744500
2022-04-27,1196.408447265625,1205.7519122684432,1182.1707863089496,1182.6157132138458,2353600
2022-04-28,1244.46044921875,1246.2401566899246,1189.734444480135,1207.086592324086,3067900
2022-05-02,1260.9227294921875,1268.486486161689,1249.3546310564793,1257.8082414518046,2339200
2022-05-06,1304.08056640625,1305.8602737640203,1266.7067118930718,1271.6009071269405,3848500
2022-05-09,1276.0501708984375,1295.1820249251575,1271.1559756822999,1290.28782970902,1788700
2022-05-10,1267.5968017578125,1272.4909979035956,1252.9142133204632,1262.7026056120294,2301900
2022-05-11,1260.0328369140625,1276.4951303341968,1253.3589341761701,1272.4907886914614,2664400
2022-05-12,1237.7864990234375,1260.477768416031,1203.9720583599646,1204.4169852107998,3646500
2022-05-13,1251.579345703125,1264.927152447204,1229.7779280211296,1234.2271969358226,3116900
2022-05-16,1240.4560546875,1272.9357146560035,1232.447371407595,1271.156007260469,2012700
2022-05-17,1241.7908935546875,1241.3459666849078,1224.4387456332854,1224.4387456332854,1661500
2022-05-18,1252.0242919921875,1253.359072687275,1240.9011195331238,1250.6895112971,2129800
2022-05-19,1234.227294921875,1235.562075702252,1204.8621177535824,1214.6505101430132,2909800
2022-05-20,1263.592529296875,1267.151944872359,1248.0200861541318,1255.1389173051002,3001800
2022-05-23,1263.592529296875,1280.0548263334892,1260.033113721391,1276.9403377049407,2156500
2022-05-24,1259.14306640625,1271.601019006736,1255.5836513775398,1268.0416039780257,1690100
2022-05-25,1259.14306640625,1272.0459458853247,1258.2532126490726,1267.5966770994369,2268900
2022-05-26,1257.808349609375,1277.3851332608826,1257.808349609375,1273.8257180515177,1820100
2022-05-27,1268.04150390625,1284.5037971148574,1266.7067233758223,1284.5037971148574,2424000
2022-05-30,1297.8515625,1302.7457576276997,1273.8255136912924,1284.0588307764826,2343200
2022-05-31,1268.486572265625,1281.3894521659067,1261.3677419758144,1272.4909143036434,7557500
2022-06-01,1324.1024169921875,1324.5473438796175,1278.71987447431,1284.9488508983325,2880500
2022-06-02,1333.0008544921875,1336.5602693239425,1318.763195165168,1321.4327562889844,1632200
2022-06-03,1319.6531982421875,1333.4459322764114,1308.9749525382724,1333.0010053720816,1510600
2022-06-06,1316.5386962890625,1319.653184587144,1303.6358161970102,1305.8604506956399,1146800
2022-06-07,1333.0008544921875,1350.3530017969924,1329.4414396604327,1338.7849035937893,1823600
2022-06-08,1355.692138671875,1361.0312609771138,1338.784918038619,1338.784918038619,2419700
2022-06-09,1357.471923828125,1368.1501690499783,1353.9125087541738,1357.9168507123688,2042600
2022-06-10,1352.5777587890625,1356.1371739437707,1336.5603905928763,1348.1284898456774,2370200
2022-06-13,1312.5343017578125,1328.5516695080773,1306.7502522924392,1320.542985632945,2290700
2022-06-14,1300.9661865234375,1300.9661865234375,1283.1691114683974,1284.9488189739013,1373100
2022-06-15,1293.402587890625,1305.860541953555,1291.1779532365304,1303.1909803686412,1594800
2022-06-16,1318.7633056640625,1331.2212586190537,1308.5299871653199,1312.534329186567,2217600
2022-06-17,1291.1778564453125,1301.856101984488,1269.8213653669613,1272.935853649221,3278300
2022-06-20,1281.389404296875,1308.5299437628853,1270.2662323845757,1308.0850168863933,1292900
2022-06-21,1307.6400146484375,1316.5385516654394,1291.177721166984,1298.7414776314356,1741400
2022-06-22,1300.9661865234375,1321.8777497131098,1300.9661865234375,1317.4284809493497,2241400
2022-06-23,1313.424072265625,1318.7631945106073,1292.5125101394447,1293.4023638469419,1708800
2022-06-24,1328.1068115234375,1331.6662267637014,1296.0720743610632,1308.0851007969536,2578100
2022-06-27,1350.7979736328125,1355.6921691894531,1342.7892899946733,1352.5776811079545,2272100
2022-06-28,1358.806640625,1368.1501047550344,1348.1283959049608,1366.3703973016945,1980000
2022-06-29,1349.018310546875,1357.0269944485385,1344.5690417126175,1352.577725614281,2258200
2022-06-30,1333.890869140625,1359.6966297844397,1331.6662346023652,1347.2386763701843,2856200
2022-07-01,1286.728515625,1341.0095940849758,1279.609685663036,1334.3356909956346,1932500
2022-07-04,1294.7371826171875,1312.5342572923378,1291.6226945490362,1302.7458662210051,1278000
2022-07-05,1297.40673828125,1316.093666610404,1292.9574696314517,1316.093666610404,1576400
2022-07-06,1272.0457763671875,1290.2877759583223,1268.9312886321156,1279.609532295219,1687400
2022-07-07,1288.9532470703125,1294.737296850055,1264.4822672329403,1284.9489049151061,1737000
2022-07-08,1296.9617919921875,1316.5385737581073,1296.516865133871,1299.1864262837694,2903000
2022-07-11,1322.3226318359375,1337.8950719820539,1321.4327781133024,1327.2168273104312,1611900
2022-07-12,1288.9532470703125,1312.5343730954166,1284.9489049151061,1312.5343730954166,1389800
2022-07-13,1298.296630859375,1312.0893640864622,1296.0719964679092,1304.970534033772,1358000
2022-07-14,1300.521240234375,1304.0806551922522,1278.7198236173772,1279.6096773568465,1476100
2022-07-15,1290.287841796875,1301.411012846848,1283.1690123248923,1292.5124760068695,1789800
2022-07-19,1326.7720947265625,1331.221363991239,1306.30545610905,1315.2039946384034,1705100
2022-07-20,1353.9124755859375,1355.2472562059695,1343.2342306256803,1350.797987472529,1696700
2022-07-21,1355.692138671875,1357.0269192481846,1339.2298448973888,1345.0138940613974,1160400
2022-07-22,1352.5777587890625,1355.2473201550936,1343.6792209022924,1350.35312431737,1075900
2022-07-25,1337.4500732421875,1358.8065614376715,1335.225439055158,1354.3572930636124,1254000
2022-07-26,1346.7935791015625,1348.128359655677,1336.5602615200178,1337.8950420741323,1104900
2022-07-27,1341.8994140625,1343.6791215082062,1331.6660962496892,1335.2255111411016,1506900
2022-07-28,1333.0008544921875,1356.137050898594,1331.6660739302795,1355.2471971906552,2412600
2022-07-29,1311.1993408203125,1337.4500232459652,1306.305145791801,1335.67031596287,2849600
2022-08-01,1337.4500732421875,1341.0094879414348,1321.8776339329804,1323.657341282604,1592400
2022-08-02,1318.7633056640625,1326.7719897065567,1309.864767839069,1325.8821359240574,1950100
2022-08-03,1305.4154052734375,1312.5342350227133,1292.9574532122049,1301.8559903987996,1918100
2022-08-04,1383.2777099609375,1387.2820519968488,1353.912535030921,1359.6965846383484,5204700
2022-08-05,1372.5994873046875,1377.9386101078176,1359.2516802968623,1365.0357300002534,2794500
2022-08-08,1377.49365234375,1383.2777019175448,1364.5907725252846,1372.599456550539,1720700
2022-08-09,1388.61669921875,1403.299285272649,1375.7138205653237,1401.5195778721763,2475400
2022-08-10,1403.744140625,1403.744140625,1388.6166284914818,1394.8456040758715,1663800
2022-08-12,1419.7618408203125,1423.321256278339,1400.1850558011668,1413.0879368365129,2838100
2022-08-15,1422.8759765625,1429.994805713532,1417.0919278772867,1425.9904643160764,1148400
2022-08-16,1413.087890625,1421.5415020613586,1405.0792061063444,1421.5415020613586,975100
2022-08-17,1446.0123291015625,1447.347109713041,1432.6645229867788,1432.6645229867788,1984800
2022-08-18,1429.9947509765625,1438.8932870747365,1423.7657757078407,1438.0034334649192,1135800
2022-08-19,1452.2413330078125,1459.3601630715764,1450.4616254918717,1454.910894281724,1846700
2022-08-22,1440.67333984375,1447.7921704297598,1433.9994361693657,1438.8936321972474,1446200
2022-08-23,1423.76611328125,1430.8849438476561,1419.7617710876464,1423.76611328125,1419600
2022-08-24,1423.76611328125,1438.0037744140625,1423.3211863708495,1437.1139205932618,1186100
2022-08-25,1424.2109375,1434.4442557013433,1423.7660106216808,1427.7703525265542,939100
2022-08-26,1438.0035400390625,1446.90207679673,1432.2194911465785,1438.0035400390625,1730700
2022-08-29,1427.325439453125,1430.4399276314828,1407.3037297351104,1409.9732910308458,1732000
2022-08-30,1429.5501708984375,1436.6690015035963,1423.766121031746,1429.99509781126,1470500
2022-08-31,1425.990478515625,1433.109307737544,1416.6470151618564,1418.4267224673363,2507800
2022-09-01,1423.76611328125,1425.990747833252,1414.8675750732423,1423.76611328125,2786300
2022-09-02,1426.8804931640625,1427.7703469172052,1412.1979062372106,1417.9819556326372,1966800
2022-09-05,1412.1978759765625,1425.545681987683,1408.6384610402638,1423.7659745195338,2273400
2022-09-06,1417.9820556640625,1425.9907400073173,1405.079175333263,1423.7661054675243,1992900
2022-09-07,1426.4356689453125,1428.6603034882714,1406.4139580586814,1414.8675693219257,2630000
2022-09-08,1463.8095703125,1463.8095703125,1433.5545396799012,1438.0038088905774,2880600
2022-09-09,1456.24560546875,1470.0383380595022,1452.6861906066206,1466.9238500551387,2485200
2022-09-12,1459.360107421875,1470.0383521103277,1454.9108388016864,1469.14849838629,1903200
2022-09-13,1457.1356201171875,1462.4747430000596,1447.3472281652553,1460.2501084655296,1632700
2022-09-14,1436.223876953125,1444.6774871334565,1426.4354862180046,1428.6601204759866,2146700
2022-09-15,1432.6644287109375,1433.9992092345813,1420.651403998144,1425.990526092719,1820900
2022-09-16,1428.2152099609375,1431.329697957737,1423.3210145373953,1428.6601368176232,2420900
2022-09-20,1445.12255859375,1463.3645613346193,1439.783435840325,1450.4616813471753,2810400
2022-09-21,1423.76611328125,1432.2197245788575,1418.8719172668457,1428.2153823852539,2767400
2022-09-22,1425.990478515625,1430.8846736056942,1417.0919419882264,1423.7658443837754,2513700
2022-09-26,1357.471923828125,1398.4051971785634,1353.46758186993,1396.1805627573438,3396900
2022-09-27,1372.154541015625,1390.3965436685564,1367.2603451819118,1371.264687227677,2219200
2022-09-28,1349.018310546875,1371.7095816015883,1336.560357810954,1361.476263282796,2667200
2022-09-29,1371.185302734375,1382.4949802561036,1348.1135605900488,1376.1615608439356,2635400
2022-09-30,1324.58935546875,1366.661353439581,1320.5178717941533,1356.7088377905673,3440900
2022-10-03,1352.637451171875,1353.5422253867057,1319.613192330555,1324.1370634047084,2082900
2022-10-04,1381.5902099609375,1385.6616938802722,1365.7566613857466,1379.780661552344,2384900
2022-10-05,1402.39990234375,1418.6858366935485,1401.0427411479334,1409.1857083228326,2655900
2022-10-06,1413.2572021484375,1421.4001693823275,1402.399912503251,1402.399912503251,2247900
2022-10-07,1401.0428466796875,1408.7334273685976,1387.9236207986055,1396.9713627855585,2716000
2022-10-11,1372.994873046875,1394.7094542350958,1366.661453533644,1378.8759054520183,2857400
2022-10-12,1361.68505859375,1378.8757669746678,1360.7802844684386,1377.5186057867006,2417900
2022-10-13,1360.7803955078125,1365.3042665035166,1349.9231051181225,1357.1612987112492,2498300
2022-10-14,1387.0189208984375,1398.7809861115359,1372.0901458202743,1388.8284693927603,2903400
2022-10-17,1379.3282470703125,1382.494956722491,1367.113795554767,1369.8281181137772,1554400
2022-10-18,1389.7330322265625,1399.2331603765488,1375.2566464742024,1397.875999212265,2225700
2022-10-19,1395.6141357421875,1399.6856194445147,1385.6616200253875,1395.6141357421875,1722000
2022-10-20,1383.3997802734375,1394.7094580062158,1376.6139736337705,1385.661715819993,1944900
2022-10-21,1368.4708251953125,1383.3995978338069,1364.3993417484503,1369.8279863442665,2596300
2022-10-24,1378.42333984375,1390.1854031308974,1375.2566304972104,1386.1139196853462,2170600
2022-10-25,1407.8284912109375,1409.6380394001546,1380.232881325376,1388.8282352241574,2630000
2022-10-26,1396.0665283203125,1414.162011513058,1393.3522058414007,1411.4476890341462,2738600
2022-10-27,1379.3282470703125,1399.6856662628886,1375.2567632317973,1398.3285049833835,1941400
2022-10-28,1373.447265625,1379.7806851634552,1353.0898456799655,1363.9471363173172,9381100
2022-10-31,1406.01904296875,1406.4714300482124,1384.3044631545608,1390.6378822670326,2733400
2022-11-01,1415.971435546875,1425.9239504293132,1403.7569854638828,1410.0904040254343,2037500
2022-11-02,1443.11474609375,1444.924294364714,1415.9715220292908,1415.9715220292908,2232700
2022-11-04,1421.4002685546875,1442.6624622599932,1411.900139452317,1438.5909783589773,3263900
2022-11-07,1434.5194091796875,1442.2099894244225,1421.8525711295358,1438.590892838665,2834900
2022-11-08,1448.9957275390625,1454.8767592149936,1433.6145677712423,1438.590825343184,1808900
2022-11-09,1441.30517578125,1450.3529169977048,1430.4478863215043,1447.6385946327684,2658400
2022-11-10,1424.56689453125,1433.162248928231,1412.352443546066,1432.2574747811805,2941200
2022-11-11,1453.519775390625,1455.3293238193717,1439.4957750678398,1447.638742997199,2532000
2022-11-14,1424.114501953125,1448.995790900845,1424.114501953125,1447.6386296855146,2429300
2022-11-15,1446.7337646484375,1448.5433128218565,1430.4478310876673,1430.4478310876673,1632500
2022-11-16,1446.281494140625,1448.5434295396562,1433.1622688262435,1436.7813654646934,2478100
2022-11-17,1447.638671875,1449.9006072998047,1436.7813818359375,1436.7813818359375,1420700
2022-11-18,1459.85302734375,1472.5198648912012,1456.6863179568873,1465.7340590622096,2423100
2022-11-21,1458.04345703125,1468.9007461931333,1453.0671994987201,1463.9244886606034,1307700
2022-11-22,1458.495849609375,1472.9722352134381,1455.3291402584862,1462.5673330605177,1859900
2022-11-24,1463.924560546875,1468.4484312531386,1459.8530769112378,1464.8293346881276,1792700
2022-11-25,1455.781494140625,1463.0196867777443,1448.9956885433255,1460.7577515786445,1855900
2022-11-28,1464.376953125,1472.9723074992278,1458.0435341124112,1472.5199204269,2063300
2022-11-29,1447.638671875,1453.972091064453,1439.0433172607422,1450.3529943847657,1937600
2022-11-30,1448.0909423828125,1453.519586965316,1434.9717179750958,1445.8290071401027,4170200
2022-12-01,1440.4005126953125,1459.4007707145345,1440.4005126953125,1453.0673513747938,2161200
2022-12-02,1410.0904541015625,1425.9240010677333,1401.4951000342126,1423.2096787306755,2281900
2022-12-05,1390.1854248046875,1410.0904552932675,1385.6615542391012,1406.923745897357,1678300
2022-12-06,1396.9713134765625,1401.4951843103597,1386.1140234754494,1387.0187976422087,1379900
2022-12-07,1416.8763427734375,1426.3764715085085,1388.828343650847,1396.066536972806,2369600
2022-12-08,1411.44775390625,1414.162076509916,1403.3047860952524,1410.0905926044172,1774700
2022-12-09,1416.8763427734375,1434.0670519130897,1412.8048590298356,1420.0430523517946,3134500
2022-12-12,1429.5433349609375,1431.8052706175213,1413.2573982335346,1413.2573982335346,1815300
2022-12-13,1434.5194091796875,1445.3766989369606,1434.5194091796875,1438.1385057654452,1102300
2022-12-14,1440.8529052734375,1442.662453663106,1420.9478729870855,1422.7574213767539,1454900
2022-12-15,1441.30517578125,1445.3766593286546,1425.9240157132767,1425.9240157132767,1143500
2022-12-16,1419.1383056640625,1432.7099184055103,1416.8763702071544,1426.8288862175496,2394600
2022-12-19,1416.423828125,1425.4715689625918,1406.9237002455286,1406.9237002455286,1678000
2022-12-20,1391.0902099609375,1430.9002712541285,1368.0184698932926,1424.1144653518802,2001600
2022-12-21,1360.3280029296875,1380.6854223283692,1351.7326480724662,1377.9710997418783,2494200
2022-12-22,1374.3519287109375,1379.32818651733,1367.5661226113116,1376.1614770041713,1246500
2022-12-23,1353.08984375,1358.9708761701772,1349.0183597668004,1357.1613277331996,1995800
2022-12-26,1372.994873046875,1377.5187441277544,1359.4232598042372,1359.4232598042372,1005800
2022-12-27,1367.566162109375,1382.9473230460999,1363.4946783320067,1377.971065095983,902900
2022-12-28,1363.0423583984375,1369.3757779197047,1355.8041646598465,1368.4710037023808,1324900
2022-12-29,1356.708984375,1358.518532870332,1337.2563380501833,1348.566016146007,1317700
2022-12-30,1361.23291015625,1368.9234915695622,1353.5423287429378,1353.5423287429378,1075700
2023-01-04,1329.5655517578125,1344.0419374863766,1325.4940682716538,1343.589550432359,1781300
2023-01-05,1328.20849609375,1337.708624982704,1321.8750768344473,1330.0180444535508,1598500
2023-01-06,1338.1610107421875,1349.4706879796975,1325.4941722361764,1326.398946415177,1626700
2023-01-10,1340.4228515625,1355.351624462116,1337.7085292171153,1339.5180774473718,2180900
2023-01-11,1358.9708251953125,1364.3994703026174,1349.0183091652536,1350.3754704420799,1611600
2023-01-12,1362.1375732421875,1374.3520250779693,1360.7804119271007,1363.9471216623033,1229000
2023-01-13,1343.5897216796875,1363.042367481784,1340.8753990096275,1351.7326896898674,1798800
2023-01-16,1320.0654296875,1330.470331977703,1317.3511073509253,1326.3988484728409,1635700
2023-01-17,1350.827880859375,1358.0660744607649,1336.3514936565955,1336.8038807566822,2277500
2023-01-18,1369.8280029296875,1382.9472275284197,1344.9467148976094,1352.637294834797,1872600
2023-01-19,1347.6611328125,1361.6851325161547,1343.589649027568,1358.0660358184375,1660800
2023-01-20,1348.5657958984375,1349.922957048285,1335.446571449912,1341.7799901492,1632000
2023-01-23,1357.1612548828125,1368.9233190917969,1354.4469323730468,1365.7566094970703,1460100
2023-01-24,1379.7806396484375,1382.042575123271,1367.1138009893698,1380.2330267434043,1737500
2023-01-25,1390.637939453125,1393.804649139583,1375.2567781189005,1381.5901974918163,1229500
2023-01-26,1397.4237060546875,1398.780867310163,1388.375964351517,1390.6378997773095,1403100
2023-01-27,1395.6141357421875,1399.2332323664784,1385.6616200253875,1396.5189098982603,2315200
2023-01-30,1396.0665283203125,1397.876076639587,1389.7331092028517,1395.1617541606752,1836100
2023-01-31,1406.471435546875,1411.9000805216458,1401.947564734566,1402.3999518157968,2665500
2023-02-01,1405.1142578125,1418.685870090148,1401.495161205127,1411.4476768754023,1585500
2023-02-02,1404.2093505859375,1406.018898718136,1390.6377395944496,1400.5902543215407,2768700
2023-02-03,1434.0670166015625,1442.6623709597422,1405.5666310981244,1429.9955329582142,3389400
2023-02-06,1462.5673828125,1476.1389947779733,1457.1387380263109,1470.2579629262682,4018700
2023-02-07,1472.0675048828125,1475.2342143278584,1458.0435059118945,1462.1149894840964,2911700
2023-02-08,1490.6156005859375,1494.6870847757018,1480.6630836776246,1483.829793602997,3103000
2023-02-09,1484.2821044921875,1484.2821044921875,1474.3295880951048,1481.5677818384377,2185100
2023-02-10,1487.4488525390625,1497.4013691923044,1475.234400282811,1486.0916911772567,2374500
2023-02-13,1482.02001953125,1491.9725349249277,1475.6866006443645,1487.4486642914378,1361700
2023-02-14,1491.9725341796875,1504.6393719471316,1489.2582118009493,1501.9250495683937,1285200
2023-02-15,1520.472900390625,1521.3776745057041,1500.5678698588822,1503.2821922041198,2443200
2023-02-16,1555.7591552734375,1557.1163165022308,1530.8778660788928,1533.5921885364796,2697300
2023-02-17,1527.711181640625,1538.5684716493236,1524.5444720547546,1537.211310398236,2216400
2023-02-20,1510.5205078125,1523.6397335467207,1510.0681207182165,1520.020636792453,2026700
2023-02-21,1524.092041015625,1524.9968151569224,1498.758365059295,1498.758365059295,2232800
2023-02-22,1515.948974609375,1529.52058584133,1506.9012337880717,1526.806263594939,2081900
2023-02-24,1521.3778076171875,1527.7112269768784,1506.4490334122017,1515.9491624517382,2104900
2023-02-27,1527.2587890625,1529.9731115549096,1517.3062732569979,1520.4729828314757,1741000
2023-02-28,1515.948974609375,1531.782521046656,1513.234652362984,1529.9729728823952,2549300
2023-03-01,1529.068359375,1530.4255206407174,1506.4490049463757,1506.4490049463757,2126900
2023-03-02,1529.97314453125,1541.7352089185392,1527.7112090721557,1534.9494025412569,1944700
2023-03-03,1543.9970703125,1551.6876505045047,1535.8541030503773,1538.116038400967,2406700
2023-03-06,1548.9732666015625,1554.8542982796644,1538.1159773496825,1544.9017831321075,1680400
2023-03-07,1558.0211181640625,1562.997376090835,1543.0923443837448,1548.9733764790215,2017300
2023-03-08,1556.6639404296875,1562.5449724626972,1547.1638117609798,1547.1638117609798,2324300
2023-03-09,1571.5927734375,1577.926192789292,1559.378321830473,1561.1878702166991,2122200
2023-03-10,1563.4498291015625,1578.3786035113865,1547.1638933817546,1548.9734417950665,3298700
2023-03-13,1513.23486328125,1543.9971863614069,1501.472798574131,1543.092412153167,2073900
2023-03-14,1445.3768310546875,1480.2106388766626,1435.8767016486943,1478.4010904183783,3040800
2023-03-15,1464.829345703125,1468.44844229535,1453.5196688524215,1464.829345703125,2192000
2023-03-16,1449.4482421875,1453.5197260138693,1421.400242494733,1428.6384359638341,2139400
2023-03-17,1438.5909423828125,1461.210296822794,1428.6384264292208,1457.1388130235973,2345200
2023-03-20,1437.233642578125,1443.5670612108268,1422.7572571319495,1424.1144182675284,2188900
2023-03-22,1462.1148681640625,1474.3293178671656,1454.8766757474086,1472.0673827369615,1921400
2023-03-23,1475.6866455078125,1478.8533550475288,1451.2577433442864,1454.8768399611051,1656100
2023-03-24,1475.234130859375,1480.2103882771773,1462.5672937958784,1471.162647517537,1536300
2023-03-27,1484.734375,1489.710632807739,1476.5914076782449,1480.6628913391223,1615500
2023-03-28,1496.4964599609375,1507.3537498760109,1489.258266684222,1501.9251049184743,2083200
2023-03-29,1530.425537109375,1530.8779242028156,1496.9488921947745,1505.544246970145,2513500
2023-03-30,1540.986572265625,1550.6292176820666,1531.3439268491834,1539.6090514918476,2099700
2023-03-31,1558.4351806640625,1570.8328677229692,1549.251708768576,1552.9250975267705,2766900
2023-04-03,1560.7310791015625,1561.6494263090362,1545.1191765745095,1557.9760374791413,2472300
2023-04-04,1563.02685546875,1564.8635497759988,1546.4966067035105,1556.139251816567,2297100
2023-04-05,1523.9971923828125,1544.2008309681828,1519.864629944896,1539.1499213218403,2330500
2023-04-06,1488.6407470703125,1507.0076902790763,1481.2939697868069,1507.0076902790763,2140600
2023-04-07,1502.4158935546875,1502.4158935546875,1487.7223395834924,1489.0998602682919,1553200
2023-04-10,1512.5177001953125,1523.9970391464,1501.4975348022683,1519.8644771240085,1687500
2023-04-11,1528.5887451171875,1535.9355219035722,1516.1910592901631,1533.639654157827,1911600
2023-04-12,1545.119140625,1550.1700501485884,1532.2622800195022,1538.2315367291976,1880100
2023-04-13,1529.5072021484375,1537.313153045022,1523.078771998309,1535.476458716414,1837000
2023-04-14,1531.8031005859375,1535.4764893163594,1525.374670307699,1531.3439269946348,2188800
2023-04-17,1541.9049072265625,1543.2824279894212,1532.721435474171,1540.5273864637038,1365800
2023-04-18,1551.0882568359375,1553.8432981447047,1538.2313973950238,1545.119000666942,1508400
2023-04-19,1550.1700439453125,1563.4860780905774,1543.741613668288,1561.1902101344972,1105100
2023-04-20,1550.629150390625,1555.2208861039521,1530.8846868233177,1542.3640261066357,955300
2023-04-21,1545.119140625,1553.3842652999629,1530.8847592403417,1533.6398007986627,1136500
2023-04-24,1552.0067138671875,1552.465887451172,1540.5273742675781,1551.5475402832033,832600
2023-04-25,1546.037353515625,1563.0267749828297,1545.5781799624574,1557.9758658979852,1331700
2023-04-26,1537.313232421875,1543.2824892980652,1528.5889339105204,1534.0990171808496,1854100
2023-04-27,1556.5985107421875,1558.8943787521318,1535.0173514487117,1535.9356986526896,1644500
2023-04-28,1583.2305908203125,1587.8223268725756,1568.5370354530705,1568.5370354530705,2024300
2023-05-01,1593.7913818359375,1595.6280760241668,1580.4753489712755,1588.7404728183071,1501000
2023-05-02,1588.7406005859375,1598.3832458496095,1581.8529968261719,1597.924072265625,1216100
2023-05-08,1593.3323974609375,1607.566779109724,1585.5264462341836,1607.10760550815,1689500
2023-05-09,1613.9951171875,1615.8318114887093,1591.4956119976885,1598.842389202525,1843100
2023-05-10,1606.1890869140625,1625.474376122293,1593.3322274419088,1619.96429349137,2010100
2023-05-11,1591.9547119140625,1602.515703657363,1586.9038028194404,1590.5771912518928,1139300
2023-05-12,1602.9749755859375,1624.0969603687943,1597.0057190168693,1624.0969603687943,2346700
2023-05-15,1552.925048828125,1558.4351317926246,1516.6503359785029,1529.507196229002,4089000
2023-05-16,1535.4765625,1562.56780567808,1527.2114374626196,1552.4659861879486,3136600
2023-05-17,1528.5887451171875,1552.006596123789,1522.6194889782498,1539.1497367476156,2590600
2023-05-18,1550.629150390625,1552.9250182472886,1537.7722903933086,1552.0066711046231,2311900
2023-05-19,1554.302734375,1563.4862069562407,1544.660088164697,1556.5986025203101,2706600
2023-05-22,1581.393798828125,1581.8529724050206,1555.6800785219766,1559.8126407140362,1785800
2023-05-23,1580.0162353515625,1598.8423514949552,1570.8327640621026,1588.7405330765494,1684300
2023-05-24,1568.9962158203125,1580.934729607649,1563.945306141055,1578.6388615716226,1516300
2023-05-25,1573.128662109375,1580.4754392820985,1559.812628483814,1568.536926376423,2673700
2023-05-26,1559.8126220703125,1581.8529534978588,1557.5167542132765,1579.0979120694155,1716300
2023-05-29,1566.7003173828125,1595.6282540754025,1563.486102194747,1587.822302904386,1618500
2023-05-30,1560.2718505859375,1568.9961487498965,1549.2516844840945,1563.0268921113982,1473200
2023-05-31,1518.9461669921875,1537.3131097611376,1517.1094727152924,1529.0479855151102,3943200
2023-06-01,1501.4976806640625,1512.0586735250024,1495.9875974322679,1504.25272227996,2374700
2023-06-02,1526.29296875,1528.5888366331978,1502.8751163413808,1507.4668521077767,2102200
2023-06-05,1558.8944091796875,1560.7311036234926,1545.5783744620994,1547.4150689059047,2801200
2023-06-06,1553.8433837890625,1554.761730942602,1530.8847049505716,1540.9865236395076,1795100
2023-06-07,1545.119140625,1582.7713752553864,1544.6599670319465,1574.965424173477,3524400
2023-06-08,1526.7520751953125,1556.1391828080943,1515.7319098405192,1551.0882736871474,2664600
2023-06-09,1547.8740234375,1551.088238259233,1527.6703874151772,1540.986420248072,3671300
2023-06-12,1562.5677490234375,1567.6186585853704,1551.0884091099535,1552.0067563030323,2503400
2023-06-13,1582.7713623046875,1593.791528447801,1572.669543340167,1574.9654112866488,2746400
2023-06-14,1616.2908935546875,1623.1784967942672,1600.678992878307,1600.678992878307,2730900
2023-06-15,1622.7193603515625,1632.3620051074718,1601.1382030407183,1614.9134098348743,2637700
2023-06-16,1611.2401123046875,1622.7194519477816,1606.189202861726,1619.5052368477152,4506300
2023-06-19,1594.2506103515625,1630.5253218198152,1585.9854862195555,1630.066148256926,1775600
2023-06-20,1584.1488037109375,1591.0364072053328,1574.965332385077,1579.5570680480073,2387400
2023-06-21,1591.036376953125,1596.5464596438717,1561.6492692691422,1562.1084428267045,2535100
2023-06-22,1581.393798828125,1592.4139646736173,1576.80206305917,1584.6080138663935,2114400
2023-06-23,1550.629150390625,1589.658903953907,1538.690637535974,1581.3937796699179,3052400
2023-06-26,1565.32275390625,1574.047052035971,1550.170025575682,1569.9144897639978,2127700
2023-06-27,1557.0576171875,1574.965386892694,1541.9048889754129,1568.996130324296,2444500
2023-06-28,1589.19970703125,1592.873095547936,1570.3735908832346,1577.2611943520208,3224600
2023-06-29,1623.1785888671875,1656.6982598678394,1616.2909852369166,1625.015283168593,5628500
2023-06-30,1613.535888671875,1616.2909300298804,1588.2813428901582,1607.1074588365288,3774100
2023-07-03,1629.14794921875,1633.739685265026,1622.7195187539635,1629.6071228233775,2199300
2023-07-04,1608.9442138671875,1625.4744626397958,1604.8116516740356,1625.0152890627787,2493800
2023-07-05,1605.2708740234375,1605.2708740234375,1585.526409611822,1597.9240965679526,2279900
2023-07-06,1591.9547119140625,1605.729918535759,1580.4753730626487,1593.332232576232,2452200
2023-07-07,1575.8836669921875,1597.0056508737846,1570.83275780311,1588.2813531835598,3603600
2023-07-10,1564.863525390625,1582.3121210375864,1556.5984011368014,1580.016253189302,3010100
2023-07-11,1553.8433837890625,1573.1286740133949,1550.6291687516737,1573.1286740133949,1811500
2023-07-12,1538.2315673828125,1559.3535530841884,1529.5072689409399,1559.3535530841884,2125000
2023-07-13,1541.9049072265625,1549.7108582160954,1531.343914711312,1540.068212876084,1601700
2023-07-14,1550.1700439453125,1554.3026062662568,1535.0173154351835,1541.445745712208,2896100
2023-07-18,1561.1900634765625,1564.404278313132,1546.0373363898782,1548.333204130285,1608800
2023-07-19,1599.3016357421875,1599.3016357421875,1579.097997507144,1585.5264278546579,2153900
2023-07-20,1602.056640625,1619.5052368828817,1597.9240783533962,1599.7607726963313,1928800
2023-07-21,1616.7501220703125,1618.1276427650614,1592.4139231297484,1597.924005908744,2692500
2023-07-24,1636.035400390625,1640.16796244606,1624.0968877860344,1625.4744084711795,2038300
2023-07-25,1669.095947265625,1675.5243773238694,1638.3313177011692,1647.514789212947,3480300
2023-07-26,1642.004638671875,1659.9124073822227,1629.1477790849588,1658.5348867121959,1835200
2023-07-27,1635.116943359375,1636.9536374827778,1616.290828594496,1623.6376050881072,2126500
2023-07-28,1629.14794921875,1651.1882822408752,1593.7915816624243,1651.1882822408752,3968400
2023-07-31,1671.391845703125,1673.6877136230469,1643.8414306640625,1654.8615966796876,2851500
2023-08-01,1697.1055908203125,1701.6973267262117,1669.555175384918,1678.2794736061262,3087300
2023-08-02,1724.1966552734375,1785.2667365387815,1670.932524245017,1685.6260776321676,6140000
2023-08-03,1608.4849853515625,1651.1881265555862,1592.4139107048868,1639.7087875222464,6955000
2023-08-04,1591.036376953125,1603.4340630073052,1579.5570380140693,1586.903814935065,2926300
2023-08-07,1597.924072265625,1602.0566345214845,1579.55712890625,1585.9855590820314,3099000
2023-08-08,1637.8720703125,1639.2495909771867,1606.648268579601,1611.6991776834525,3295000
2023-08-09,1630.9844970703125,1650.269786731617,1628.2294556901263,1646.596398224702,1456400
2023-08-10,1647.9739990234375,1652.5657348802874,1626.3928404962428,1633.7396178672027,1789200
2023-08-14,1635.116943359375,1662.2081816795667,1626.8518198040622,1648.4329757540454,1729200
2023-08-15,1635.116943359375,1647.9738022231948,1630.5252080508678,1641.5453727912848,1504300
2023-08-16,1605.2708740234375,1624.556164844085,1605.2708740234375,1616.7502137976326,1327300
2023-08-17,1614.4542236328125,1624.0968683132132,1589.1996780412867,1602.5157111713638,1747900
2023-08-18,1614.4542236328125,1623.178521200794,1603.434058283783,1608.9441409582978,1869200
2023-08-21,1593.7913818359375,1617.2092327358605,1589.6588199124217,1614.4541914535166,1185700
2023-08-22,1602.056640625,1610.321765168207,1593.332342496059,1605.270855725136,1385100
2023-08-23,1614.4542236328125,1618.5867856386985,1592.873066490963,1593.7914136033824,1100000
2023-08-24,1625.93359375,1632.82119722536,1608.484998279088,1614.4542546244,1521000
2023-08-25,1605.2708740234375,1614.4543458427934,1600.6791381137593,1611.2401307060188,1139400
2023-08-28,1617.2093505859375,1623.6377807131955,1608.485052556087,1609.8625732976425,1397900
2023-08-29,1615.831787109375,1626.8519527503597,1613.5359192675032,1626.3927791819854,1225400
2023-08-30,1628.2296142578125,1631.9030031224663,1617.6686212719328,1620.8828365285049,1413900
2023-08-31,1639.708740234375,1640.627087330558,1623.6376660511762,1628.2294015320902,2828000
2023-09-01,1641.0863037109375,1652.5656427128326,1634.1987003098004,1636.953741670255,1830400
2023-09-04,1664.96337890625,1664.96337890625,1637.8721380470474,1640.6271794903562,1911800
2023-09-05,1670.014404296875,1672.310272325878,1646.596550401043,1671.3919251142768,2149700
2023-09-06,1689.7586669921875,1697.56461735601,1666.3408159007197,1669.5550307564113,1915200
2023-09-07,1675.983642578125,1694.8097602070848,1674.606121776006,1688.381329797196,1243400
2023-09-08,1636.035400390625,1659.912425599806,1633.2803590203348,1652.1064750506507,2260700
2023-09-11,1613.0767822265625,1642.9230648467521,1610.7809143327017,1642.46389126798,1422800
2023-09-12,1636.95361328125,1636.95361328125,1619.5050193668915,1622.2600605112639,1605700
2023-09-13,1646.596435546875,1655.7799070223177,1635.1170962025717,1643.8413941042422,1847700
2023-09-14,1665.8817138671875,1672.310143854547,1649.3514653282627,1660.3716310208792,2095500
2023-09-15,1688.8404541015625,1699.8606201968419,1680.1161559427997,1683.3303710539228,3743300
2023-09-19,1712.7174072265625,1717.3091429027731,1680.116083925467,1683.3302988988144,2159400
2023-09-20,1720.5234375,1737.9720338771017,1717.7683959667734,1719.1459167333867,3306500
2023-09-21,1713.6358642578125,1727.8702457669208,1705.3707395105882,1721.9009890050365,2246400
2023-09-22,1687.4627685546875,1697.5645864888925,1666.34078560135,1682.411859587585,2390500
2023-09-25,1692.5137939453125,1706.2890011667882,1678.2794131497876,1706.2890011667882,1842500
2023-09-26,1683.78955078125,1708.1257509970683,1683.78955078125,1704.9115358742245,1903900
2023-09-27,1692.97314453125,1693.891491775368,1661.2901646091843,1678.2795886253646,2163900
2023-09-28,1707.8685302734375,1742.7799883738758,1701.3517247613559,1716.7127663255485,3385900
2023-09-29,1677.146484375,1722.2986378538717,1666.4403036532055,1719.5057211438384,2951800
2023-10-02,1676.6810302734375,1708.3340869249073,1676.6810302734375,1687.38721119967,1829600
2023-10-03,1597.082763671875,1661.7853297314466,1593.358874977799,1661.7853297314466,3034600
2023-10-04,1523.5361328125,1582.1873863213223,1520.7432159787465,1582.1873863213223,3655800
2023-10-05,1543.552001953125,1548.2068632376638,1516.5538065027988,1533.776793255593,2948500
2023-10-06,1550.5343017578125,1563.1024272899233,1531.449370394237,1545.4139543188044,2027700
2023-10-10,1587.773193359375,1593.8245130643506,1565.4298590640803,1568.6882619821442,2454300
2023-10-11,1592.8934326171875,1604.0650990060867,1584.9801689250507,1587.7730855222756,1977300
2023-10-12,1603.13427734375,1606.8581664897285,1592.4280960490619,1596.1519851950404,2562300
2023-10-13,1587.773193359375,1599.8758327693263,1578.4634707363357,1582.6528459167034,3211500
2023-10-16,1574.2740478515625,1592.893492533426,1571.0156450322363,1575.6705062027022,2164500
2023-10-17,1570.5501708984375,1598.0138520137332,1559.3785040040798,1577.9979488280092,2042700
2023-10-18,1543.552001953125,1572.8776280457205,1536.5697100263164,1570.550197403451,2569700
2023-10-19,1512.8299560546875,1520.2777342998797,1509.1060669320914,1517.4848174579326,2148800
2023-10-20,1495.1414794921875,1509.5715498110721,1488.1591874024045,1497.9343963281005,2785100
2023-10-23,1497.00341796875,1510.9680020915928,1482.573347708479,1487.6936952201881,2621600
2023-10-24,1479.31494140625,1490.4866086792993,1445.7999395871027,1483.9698027700206,3552200
2023-10-25,1484.900634765625,1502.1236201845365,1484.435148673222,1500.7271619073276,2091700
2023-10-26,1476.52197265625,1491.417528496414,1468.6087086161629,1482.5732922163165,2092000
2023-10-27,1507.244140625,1515.1574051063542,1490.0211532244055,1492.3485839542157,2393900
2023-10-30,1463.02294921875,1483.5043395355253,1450.92030948611,1480.2459365305838,8280500
2023-10-31,1460.695556640625,1476.9875720907276,1442.0761104119363,1476.056599779293,3298700
2023-11-01,1505.382080078125,1509.1059689589615,1481.1768023526884,1496.072357876034,2826400
2023-11-02,1505.382080078125,1540.2935383359666,1493.2794412154067,1538.4315938955483,3103500
2023-11-06,1677.146484375,1698.0933597002497,1630.1323864227727,1630.1323864227727,9934800
2023-11-07,1698.0933837890625,1701.8172727886,1670.1642162925318,1694.369494789525,4403200
2023-11-08,1673.4227294921875,1733.4704435685414,1659.9236309788987,1715.3164834989461,4041400
2023-11-09,1675.7501220703125,1681.8014419555664,1650.1483840942383,1667.3713714599608,2254000
2023-11-10,1674.819091796875,1680.404925343724,1638.9766598712608,1654.3377021250956,2549000
2023-11-13,1690.6456298828125,1693.4385466722663,1670.1642400934832,1688.7836853565097,2393300
2023-11-14,1756.279052734375,1766.519746919415,1722.2985674840147,1722.2985674840147,4426500
2023-11-15,1757.2100830078125,1773.9675831371585,1744.176471796099,1769.3127219901178,3070600
2023-11-16,1744.6419677734375,1765.588843053535,1737.1941898960697,1758.1410651761669,2391700
2023-11-17,1759.072021484375,1759.072021484375,1725.09153522654,1726.0225074527818,1884500
2023-11-20,1701.8172607421875,1756.744623096558,1699.0243440123043,1742.7800394471417,2813900
2023-11-21,1684.59423828125,1693.4384744037545,1669.6986827065057,1689.7145855100684,1946000
2023-11-22,1711.126953125,1712.5234114654177,1674.8190362741432,1676.2154946145606,1539100
2023-11-24,1740.9180908203125,1760.9339940035406,1733.4703128916694,1739.521632458692,2555700
2023-11-27,1729.746337890625,1745.1073791044007,1726.487935208915,1737.1941154488193,1680100
2023-11-28,1724.626220703125,1735.797888529542,1718.1094144710482,1723.2297622248227,1342500
2023-11-29,1708.3341064453125,1730.2119546749936,1705.541189650034,1712.5234816382301,1205900
2023-11-30,1707.403076171875,1707.8685622886067,1688.783631502607,1692.9730065531921,3330400
2023-12-01,1720.9022216796875,1733.9358333126418,1714.3854158632105,1724.1606245879261,1702100
2023-12-04,1699.9552001953125,1709.2649219926582,1690.1799923080996,1704.6100610939852,1436200
2023-12-05,1691.111083984375,1702.7482370533564,1680.4049031609122,1700.42080643956,1601800
2023-12-06,1714.8509521484375,1724.160675015693,1682.2669221130438,1682.2669221130438,1657100
2023-12-07,1683.1978759765625,1708.3341274430268,1665.509402722384,1706.0066967516873,1876600
2023-12-08,1629.6668701171875,1671.5606199916654,1608.7199951799485,1671.5606199916654,3825800
2023-12-11,1681.80126953125,1695.3003663528405,1667.8366866123633,1672.4915475853256,2787800
2023-12-12,1681.80126953125,1713.9198102446894,1681.80126953125,1705.075574396061,2276300
2023-12-13,1684.128662109375,1705.5410221030265,1679.0083151543713,1702.7481055821154,1585700
2023-12-14,1615.7022705078125,1660.8544226942884,1604.9960900924625,1646.889839543832,3273700
2023-12-15,1642.235107421875,1663.6474699336113,1638.0457321478395,1645.4935104127915,3026400
2023-12-18,1640.838623046875,1647.3554289256426,1625.9430667525487,1641.7695953152704,1654100
2023-12-19,1648.2862548828125,1657.1304906475043,1623.6154919602513,1633.8561860035786,1636300
2023-12-20,1673.8880615234375,1687.3871587937876,1668.302228170189,1669.2332003957304,2268100
2023-12-21,1651.0792236328125,1663.647348537827,1644.5624181265089,1652.941168063185,1702200
2023-12-22,1658.527099609375,1665.974877772089,1648.751890770813,1655.7341827983573,1214300
2023-12-25,1660.8544921875,1688.7836596570207,1659.458033814024,1687.8526874080367,1101300
2023-12-26,1657.5960693359375,1682.732319755522,1649.682805314957,1682.2668336366407,1247400
2023-12-27,1665.50927734375,1677.6119160276342,1659.9234441050342,1672.4915688921446,1472100
2023-12-28,1668.767822265625,1670.6297668371906,1654.8032379788833,1654.8032379788833,760100
2023-12-29,1671.5606689453125,1689.2491416325645,1655.7341407514555,1673.8880995620561,1670000
2024-01-04,1716.7127685546875,1719.0401990977389,1654.3376300009108,1689.7145742552916,2110400
2024-01-05,1711.592529296875,1740.452669850698,1710.1960708829804,1716.7128768144887,1947300
2024-01-09,1717.6436767578125,1739.0560369558773,1707.4029827500424,1722.2985376704353,1609200
2024-01-10,1744.176513671875,1757.2101251965112,1716.7128322449626,1717.6438044967224,2190700
2024-01-11,1774.8985595703125,1793.9834903183805,1765.588837254182,1766.9852956016016,2983300
2024-01-12,1780.01904296875,1816.792448929663,1774.4332091519025,1810.7411289614115,2955800
2024-01-15,1780.01904296875,1787.9323075426173,1768.847375335055,1770.7093199406709,234400
2024-01-16,1761.3995361328125,1787.9322458472866,1748.831410478588,1770.7092588396456,1642900
2024-01-17,1778.1568603515625,1807.0169978755932,1773.5019994605898,1779.0878325297572,1994900
2024-01-18,1776.2950439453125,1788.397683133619,1764.1924047570058,1765.1233770022602,1498900
2024-01-19,1779.553466796875,1797.7074257832937,1772.105688751165,1795.3799951440092,1599300
2024-01-22,1817.2578125,1825.6365626600923,1794.914478739754,1805.155173379867,2542100
2024-01-23,1817.2578125,1841.9285768602715,1804.6896872598618,1827.4985071401127,1974900
2024-01-24,1799.1038818359375,1806.5516598719983,1789.3286731636076,1801.4313124722064,1679200
2024-01-25,1800.034912109375,1804.2242873896917,1786.5358139839102,1795.380050686801,1661300
2024-01-26,1776.2950439453125,1799.103863954044,1773.5021272095494,1793.9835166051453,1536000
2024-01-29,1820.5162353515625,1828.894985603756,1805.6206793476633,1808.8790822235162,2326100
2024-01-30,1800.9658203125,1822.8436682201473,1798.1729035583323,1815.3958902090333,1443700
2024-01-31,1839.601318359375,1844.2561799948996,1781.8810340788682,1783.7429787330782,2891500
2024-02-01,1816.7923583984375,1825.1711087061935,1807.482635834264,1814.4649277573942,1801700
2024-02-02,1823.3092041015625,1834.4808714230937,1799.1039249049118,1813.99948133362,1882600
2024-02-05,1864.7373046875,1874.512512725053,1847.9798051945518,1861.944388105342,3222600
2024-02-06,1916.4063720703125,1954.576234229595,1868.4613013092626,1931.7674141588043,7112100
2024-02-07,1930.3709716796875,1955.507222576891,1899.648887249772,1908.4931236765658,3058000
2024-02-08,1933.1636962890625,1947.128278732759,1917.3371695195399,1938.2840431850846,3173300
2024-02-09,1933.6292724609375,1943.8699667301096,1901.0452452408447,1916.4062866446027,3148800
2024-02-13,1975.52294921875,1982.0397544235243,1941.0769788506568,1959.6964222928693,2787200
2024-02-14,1931.302001953125,1972.2647824235696,1919.664848410385,1967.6099210064735,2763900
2024-02-15,1954.576171875,1956.4381163111755,1923.3886025690642,1942.9390191489047,1776800
2024-02-16,1989.953125,2000.6593055555554,1960.1620138888889,1973.661111111111,2846700
2024-02-19,2002.9869384765625,2022.0718709603038,1985.2984644672413,1990.4188122067817,1823100
2024-02-20,2000.19384765625,2016.48586177493,1989.9531530673653,2001.5903060092796,1626300
2024-02-21,2005.77978515625,2013.22756342557,1985.7638810574524,1996.4700623196,1686300
2024-02-22,2042.0877685546875,2047.6736024326578,2016.9515161038205,2020.2099191993034,2384100
2024-02-26,2053.724853515625,2072.809785291269,2047.2080475434539,2048.1390198251925,2231700
2024-02-27,2074.206298828125,2088.6363695785003,2049.0700465532777,2050.9319911662296,2819400
2024-02-28,2088.63623046875,2122.151231269675,2080.2574802685185,2107.7211614803878,3387200
2024-02-29,2067.223876953125,2084.4468635433673,2045.8115152463374,2076.533599434337,3572400
2024-03-01,2076.9990234375,2079.7919400983305,2040.6911068467055,2051.862773490027,2947600
2024-03-04,2042.0877685546875,2076.0682579790077,2037.8983931462096,2076.0682579790077,3700500
2024-03-05,2070.482177734375,2079.791899756562,2005.7796096801758,2007.6415540846133,3595500
2024-03-06,2106.7900390625,2114.2378164873785,2054.6555970883505,2062.103374513229,3111900
2024-03-07,2082.5849609375,2150.5459364173557,2067.6894046679427,2122.6167684119355,3111500
2024-03-08,2103.066162109375,2128.667897150547,2063.034358226815,2091.8944959095907,4004200
2024-03-11,2045.8116455078125,2082.5850516500464,2027.192199359846,2073.2753285760627,2784100
2024-03-12,2070.016845703125,2070.016845703125,2008.1071896476908,2036.0363577929995,2684300
2024-03-13,2080.722900390625,2097.9458863670125,2062.5689421992975,2085.3777614653245,2863400
2024-03-14,2088.63623046875,2089.56720271322,2063.9654659902912,2080.7229663907538,3113100
2024-03-15,2110.048583984375,2123.0821953568793,2076.533583312221,2079.3265000349,2915800
2024-03-18,2144.49462890625,2169.1653941183254,2124.4787250549434,2133.3229616404046,2684400
2024-03-19,2174.7509765625,2178.0093791386853,2131.9262569897796,2155.2005611053883,3228400
2024-03-21,2195.232666015625,2209.1972504050373,2183.1300262114673,2198.0255828935074,3038400
2024-03-22,2213.851806640625,2231.0747916796713,2196.1633355194426,2223.1615282833527,2809300
2024-03-25,2211.989990234375,2218.50679576116,2194.301518090245,2215.7138791068237,1677200
2024-03-26,2228.74755859375,2234.3333920739346,2197.094502206036,2214.7829748932877,1849100
2024-03-27,2242.71240234375,2258.5389323727427,2238.9885129251634,2238.9885129251634,2516600
2024-03-28,2221.779052734375,2276.9667122883766,2206.0791151026333,2248.421371139755,3705300
2024-03-29,2240.333251953125,2249.372608883919,2210.3606473931236,2218.924248695981,1414300
2024-04-01,2167.067138671875,2249.8486276134568,2152.3187124811334,2240.809269625583,2191500
2024-04-02,2157.075927734375,2194.1848651766513,2148.036571177923,2171.824351589639,2253500
2024-04-03,2176.581787109375,2197.9907882940574,2143.7546519595285,2157.5515638341017,2543400
2024-04-04,2197.039306640625,2217.021041348054,2180.387861051101,2202.7483736998906,2459300
2024-04-05,2179.912353515625,2185.621421224527,2152.3185262559336,2179.4365978732167,1812000
2024-04-08,2221.779052734375,2225.1093425350473,2195.136734328995,2197.991268443857,1775500
2024-04-09,2291.715087890625,2291.715087890625,2237.0031852318284,2237.0031852318284,3327600
2024-04-10,2299.802734375,2304.560290714212,2268.878618170123,2275.5391970450196,2334700
2024-04-11,2318.8330078125,2326.4450981130744,2260.7908192706195,2265.5483757084785,2363300
2024-04-12,2341.669189453125,2342.144945078776,2305.511761903666,2325.9692538066492,3107500
2024-04-15,2347.37841796875,2354.514752842996,2311.2209879392353,2317.881567155199,2155400
2024-04-16,2289.811767578125,2377.8265560680384,2282.67543337624,2340.717618218237,3422000
2024-04-17,2272.208984375,2332.1541962743404,2257.4605592251623,2324.542105874424,2439400
2024-04-18,2315.50244140625,2316.929708166928,2244.1391033723608,2261.742060087387,2249700
2024-04-19,2268.878662109375,2315.0269594934407,2236.0515227330807,2315.0269594934407,2953100
2024-04-22,2285.054443359375,2328.8239642398794,2271.733284830526,2293.1422896090335,1949800
2024-04-23,2273.160400390625,2315.978407095346,2260.3149983792086,2303.608760713982,1626300
2024-04-24,2303.60888671875,2303.60888671875,2255.5575654551,2272.684769073827,3063900
2024-04-25,2264.596923828125,2302.1816206731714,2264.596923828125,2296.948308454241,1869200
2024-04-26,2254.60595703125,2266.0240922852595,2229.3909083453127,2245.5665999551593,2159000
2024-04-30,2322.638916015625,2327.39647217297,2274.1118432107105,2289.336022914213,3070900
2024-05-01,2300.278564453125,2314.0754782833505,2284.578628025627,2304.560365296988,1614500
2024-05-02,2286.005859375,2305.9875963351974,2276.4907465368105,2289.811904510276,1980600
2024-05-07,2315.978271484375,2320.2600719041284,2295.045024987803,2301.7056034185307,2498200
2024-05-08,2280.7724609375,2310.745065242686,2267.4513034685283,2307.890531499335,1861200
2024-05-09,2296.9482421875,2315.0269566040542,2275.063482630618,2290.287663191927,1909600
2024-05-10,2300.75439453125,2323.5906664372674,2275.539344301689,2300.2786388665413,3156200
2024-05-13,2263.645263671875,2276.4906655464315,2178.9607624247974,2205.603077423878,5545700
2024-05-14,2235.57568359375,2271.2573554961828,2210.360635449364,2267.4513104932566,4235500
2024-05-15,2243.187744140625,2286.9572610994665,2236.527165472975,2236.527165472975,2293500
2024-05-16,2235.57568359375,2264.1210211156963,2214.1666804522906,2258.887709236673,2135500
2024-05-17,2256.033203125,2256.033203125,2206.078861849562,2206.078861849562,2552700
2024-05-20,2309.79345703125,2325.0176363566875,2259.8391186196573,2263.6451634510167,2081200
2024-05-21,2298.851318359375,2339.766304571897,2296.948295744839,2329.2996801919494,1793100
2024-05-22,2253.1787109375,2288.3846282958984,2250.7999327376083,2284.5785831760713,2066500
2024-05-23,2252.702880859375,2253.1786364836325,2200.845517815305,2247.4695689925425,1899000
2024-05-24,2257.46044921875,2271.7331180230835,2205.127330269527,2207.981864030394,1916400
2024-05-27,2349.757080078125,2349.757080078125,2266.4998439951787,2266.4998439951787,2498200
2024-05-28,2488.2021484375,2498.668773153681,2363.5541631811666,2366.8844528635877,7084600
2024-05-29,2434.91748046875,2547.1958168092397,2423.4993445697173,2500.096006225729,5510100
2024-05-30,2393.051025390625,2417.3145646142675,2349.281503653858,2391.1480027064176,2816600
2024-05-31,2421.12060546875,2440.6265879455077,2396.8570662903444,2433.9660085632,5100000
2024-06-03,2451.093017578125,2482.968644941816,2441.5779049322473,2461.0838858562965,3404700
2024-06-04,2438.723388671875,2471.5505275361666,2421.5961857861575,2426.353742143301,3266200
2024-06-05,2367.3603515625,2433.014637839756,2358.3209933069356,2425.878302374837,2909700
2024-06-06,2391.62353515625,2409.226493342202,2376.875110730182,2389.7205126496606,2209800
2024-06-07,2452.99609375,2508.183748302948,2448.238537323022,2460.6081840331653,5819200
2024-06-10,2530.544189453125,2544.3411026875942,2491.0564722648173,2521.980588135179,4726300
2024-06-11,2563.371337890625,2589.062141945208,2551.9532027552546,2568.1288941970292,4648900
2024-06-12,2572.88671875,2580.0230539536337,2524.3596393652924,2531.971730249168,3192600
2024-06-13,2492.008056640625,2589.5379634010924,2485.347477642349,2578.5955836182106,3790200
2024-06-14,2508.659423828125,2521.029070143227,2445.859680997609,2449.189970390136,4550800
2024-06-17,2425.40234375,2507.7080725590918,2424.450832434288,2482.4930226927227,3187900
2024-06-18,2417.314208984375,2447.2868118511365,2410.653630569539,2440.6262334363005,3037600
2024-06-19,2416.36279296875,2427.3051722241707,2381.6326327232846,2391.6235007391037,2940700
2024-06-20,2396.381103515625,2409.2265054999257,2362.602453853205,2409.2265054999257,2201300
2024-06-21,2397.33251953125,2417.7900107675755,2377.3507839050717,2404.9446092936037,4234500
2024-06-24,2385.438720703125,2404.9447014667526,2346.902514804251,2401.138656439703,2762500
2024-06-25,2390.672119140625,2416.362924003032,2384.0115401022235,2413.9841457750313,2925000
2024-06-26,2416.36279296875,2427.3051722241707,2380.681121483683,2406.3719249529313,3117000
2024-06-27,2370.214599609375,2423.4992313147645,2360.6994868048414,2417.3144079918175,3221100
2024-06-28,2381.1572265625,2384.963272079483,2355.9421750124875,2369.263334321928,2908400
2024-07-01,2341.193603515625,2402.5660836728116,2329.7754676724276,2398.7600383917456,3702900
2024-07-02,2345.475341796875,2371.1661467577333,2329.775405431906,2370.69039111031,4255500
2024-07-03,2322.638916015625,2366.8841882789297,2309.793514390795,2352.1357641911613,3987000
2024-07-04,2345.475341796875,2361.651033809267,2307.414890003011,2331.202672374176,2787600
2024-07-05,2281.72412109375,2340.7178223063493,2275.0635419245855,2334.532998792125,3475400
2024-07-08,2294.569580078125,2304.0846934103997,2246.9940134167496,2274.112086413734,3875200
2024-07-09,2323.11474609375,2346.4267720119547,2288.384585031935,2292.190630079805,4388700
2024-07-10,2379.729736328125,2388.293337938262,2329.299637957317,2334.057194407393,4312100
2024-07-11,2401.61474609375,2435.869156101426,2391.6238765081775,2416.8389283193837,3478300
2024-07-12,2329.299560546875,2382.5841910169015,2329.299560546875,2354.038853265102,3084300
2024-07-16,2358.32080078125,2384.9631176752887,2322.639126369591,2339.7663300871873,3166400
2024-07-17,2391.147705078125,2411.605196386991,2370.2144581574253,2376.8750367231023,3167000
2024-07-18,2283.626953125,2329.775247802734,2283.626953125,2322.638913574219,3020800
2024-07-19,2293.617919921875,2309.3178559014273,2270.7816494061626,2289.336119200179,2302300
2024-07-22,2245.0908203125,2288.8603383181685,2238.43024148555,2283.1512707522115,2977900
2024-07-23,2262.218017578125,2283.6270208990536,2247.469593068152,2274.587663941328,1529700
2024-07-24,2211.31201171875,2257.936060158603,2211.31201171875,2247.4694370394527,1470100
2024-07-25,2143.279052734375,2188.951591926939,2140.900274651429,2188.4758363103497,2995400
2024-07-26,2119.015625,2157.5518319207454,2115.209579872025,2131.385271665918,3056700
2024-07-29,2186.09716796875,2202.748615385269,2132.8125362358883,2166.5911867093987,2803100
2024-07-30,2172.30029296875,2176.58209380903,2148.5125105227494,2165.16395823495,2447400
2024-07-31,2197.990966796875,2208.9333460688076,2136.1427361294304,2141.3760479551374,2865100
2024-08-01,2111.87939453125,2150.8913590168463,2070.9644073878194,2117.1127068402934,5120500
2024-08-02,2098.082275390625,2166.591084382972,2069.5369383104803,2155.172949550914,9365800
2024-08-05,1765.5291748046875,1954.8799189632068,1715.0990771142276,1951.5496294930822,5767300
2024-08-06,1995.3193359375,2011.9707848544797,1911.5863356692598,1924.4317391195011,4503200
2024-08-07,2017.6795654296875,2068.585416290564,1911.1103075527128,1923.4799535562902,5332500
2024-08-08,1977.2403564453125,2018.6310953795623,1952.5010642087493,1970.104022146304,2802000
2024-08-09,2027.670654296875,2050.031170662889,1988.1829339058283,2024.8161202927029,4624100
2024-08-13,2114.73388671875,2127.1035337501758,2045.7493167357986,2048.6038506661275,4797600
2024-08-14,2167.542724609375,2169.4457471946334,2117.112626100026,2135.667096306296,3627300
2024-08-15,2267.451416015625,2276.490773318247,2188.4759785295582,2188.4759785295582,5180800
2024-08-16,2277.4423828125,2330.727017630758,2265.548491111996,2325.017949614516,5330200
2024-08-19,2223.681884765625,2268.4029153963415,2210.3607267054117,2266.499892816311,2731400
2024-08-20,2278.393798828125,2289.811934382912,2234.148523553325,2264.596885032757,2252500
2024-08-21,2262.218017578125,2304.5602685906283,2252.2271493616913,2274.1119083119743,3121000
2024-08-22,2210.83642578125,2243.187808813986,2196.5637567962194,2227.963628563287,3483400
2024-08-23,2250.32421875,2267.451422106237,2222.730391120507,2234.624282340116,2029900
2024-08-26,2187.524658203125,2229.866914527631,2180.388322867534,2225.5851133262763,1713600
2024-08-27,2208.457763671875,2215.1183428815707,2187.048759069283,2211.7880532767226,2684900
2024-08-28,2215.118408203125,2215.118408203125,2178.9609771413902,2191.8063802817433,1902300
2024-08-29,2217.97265625,2224.157479186776,2191.330342060811,2203.699987934363,2200400
2024-08-30,2291.715087890625,2302.657468422384,2229.8668501024204,2236.0516738812407,4272900
2024-09-02,2349.28125,2349.28125,2309.3177779465373,2320.735912818955,2663900
2024-09-03,2346.427001953125,2374.9723426094893,2334.057354335367,2348.3300246635495,2946400
2024-09-04,2217.021240234375,2291.239118662822,2212.2636839248594,2269.354359639049,2842600
2024-09-05,2224.63330078125,2256.9846832562553,2168.0183814499906,2178.9607608165365,2043400
2024-09-06,2186.572998046875,2222.7304279536556,2166.5912604668124,2214.1668261336285,2052700
2024-09-09,2194.18505859375,2196.0880811944385,2085.7127703545098,2102.8399737607056,2079700
2024-09-10,2178.00927734375,2218.924261583934,2176.5820104516506,2184.1941005428475,3047700
2024-09-11,2124.724609375,2175.630460965489,2103.315606369654,2160.4062810505766,2627400
2024-09-12,2182.291015625,2219.399953758584,2165.1638134094997,2182.291015625,2525400
2024-09-13,2153.745849609375,2161.3579400873405,2136.6186460339527,2161.3579400873405,2856300
2024-09-17,2146.609619140625,2181.815539312701,2115.685500070558,2165.164090582665,2544000
2024-09-18,2168.494384765625,2180.864032418961,2136.6187542743355,2166.591362049727,1700800
2024-09-19,2221.30322265625,2239.857693781458,2215.1183989478477,2229.866824714038,2140800
2024-09-20,2231.76953125,2261.742134206459,2222.25441920033,2252.702777759273,5063300
2024-09-24,2258.8876953125,2272.2088527406277,2242.7120041497737,2255.0816503330348,2699600
2024-09-25,2237.95458984375,2265.5484176947148,2234.1485446229276,2260.790861168686,2152900
2024-09-26,2298.37548828125,2305.5118228546753,2250.3241688201847,2255.0817252024685,3586900
2024-09-27,2363.09130859375,2365.5060759231937,2300.7903114940987,2337.4947749016455,2861900
2024-09-30,2217.2392578125,2265.0516486910533,2203.7165614024043,2224.000606017548,3892000
2024-10-01,2226.41552734375,2250.0802476994645,2218.205318240747,2243.80185250305,2500200
2024-10-02,2205.6484375,2221.5859015765272,2195.9893683627106,2202.7507167588133,2403200
2024-10-03,2239.455078125,2277.1254460555047,2232.6937300349095,2271.8129582704337,3202700
2024-10-04,2248.1484375,2250.563204887218,2229.7962053571428,2245.733670112782,1990900
2024-10-07,2341.3583984375,2359.227676643397,2304.653935095658,2327.8357014168214,3739500
2024-10-08,2303.204833984375,2367.920591533946,2289.199184962453,2361.642197144809,3033600
2024-10-09,2276.159423828125,2330.733159218021,2241.3867782699613,2323.00590464954,3164800
2024-10-10,2333.148193359375,2337.4947745517234,2297.8925903547724,2313.3471012608998,2833000
2024-10-11,2295.960693359375,2338.4605968123883,2293.062972669397,2332.665155432432,3037000
2024-10-15,2291.131103515625,2339.9094006182972,2289.6822432056447,2338.460540308317,2789500
2024-10-16,2270.364013671875,2286.784429852442,2233.1766005570626,2252.9776906571574,1919700
2024-10-17,2253.4609375,2286.7847276173384,2248.631402700386,2276.159751058187,1624300
2024-10-18,2249.59716796875,2261.6710042073114,2233.1767506843066,2261.188050757769,1479300
2024-10-21,2241.386962890625,2266.5005423067664,2237.0403818378313,2257.3244267508685,1425300
2024-10-22,2238.4892578125,2260.2221632281553,2215.7904454894824,2250.5630941545305,1619300
2024-10-23,2221.10302734375,2261.67111916738,2220.137120395568,2229.796189877385,1665100
2024-10-24,2218.205078125,2235.5914014022696,2171.3585959612456,2185.364245267935,1656500
2024-10-25,2210.9609375,2225.4495412844035,2191.159845661315,2218.2052393922017,1307000
2024-10-28,2232.2109375,2246.6995415945476,2184.8814974578104,2192.125799505084,1358600
2024-10-29,2249.59716796875,2252.4948886660045,2224.483588592542,2245.7335403724105,1302100
2024-10-30,2291.614013671875,2324.454846744517,2243.318670917989,2244.2845777730668,9936900
2024-10-31,2301.273193359375,2317.2106572378348,2284.369822579191,2294.028891596439,2447600
2024-11-01,2252.494873046875,2268.432336771263,2239.9380834458416,2242.835804123003,2948400
2024-11-05,2491.073974609375,2534.0568330312894,2397.38100231891,2467.892208269466,10274900
2024-11-06,2582.35205078125,2582.35205078125,2475.136386806416,2511.357894906022,5735400
2024-11-07,2494.9375,2594.4259097948125,2464.5114329268295,2593.4600029036005,5605800
2024-11-08,2514.738525390625,2586.6985869007467,2506.045363597456,2559.170241222378,3765300
2024-11-11,2610.36328125,2645.1359281047644,2535.0225463980114,2578.9713083950046,4964900
2024-11-12,2631.61328125,2691.0165540695543,2615.6758178106074,2628.2326071870984,4172800
2024-11-13,2611.329345703125,2675.562155575238,2601.1873230917386,2625.3349959759917,4003000
2024-11-14,2781.81201171875,2798.2324298434787,2704.5394558376734,2704.5394558376734,8550500
2024-11-15,2748.005126953125,2838.8003754359347,2747.5221735037485,2825.277678853389,5883900
2024-11-18,2719.510986328125,2775.533588781341,2718.5450793892765,2733.999590410853,3319600
2024-11-19,2757.18115234375,2785.192451491751,2718.544877656852,2719.5107845240245,4686600
2024-11-20,2787.607421875,2815.618723065012,2762.493841497748,2763.4597484353344,3699700
2024-11-21,2858.601318359375,2918.9704963953477,2788.5730718376467,2801.129860869129,6411200
2024-11-22,2893.85693359375,2907.3796295451225,2835.4195689467465,2881.7830979228816,5015800
2024-11-25,2878.885498046875,2946.016027191065,2874.5389170231506,2909.311565212947,7503100
2024-11-26,2863.9140625,2935.3911756956154,2827.6925524346543,2912.209409253794,4458300
2024-11-27,2770.220947265625,2855.703706621625,2727.2380908662803,2833.487848257919,6269300
2024-11-28,2771.186767578125,2776.9822087093444,2733.516400225198,2752.834537329263,4007200
2024-11-29,2787.607421875,2801.613072470006,2735.4484472453223,2797.2664912508662,2711800
2024-12-02,2848.45947265625,2861.499215918664,2772.152826898419,2778.4312218025443,2986300
2024-12-03,2909.3115234375,2932.493288564492,2867.7775275849726,2876.4706895075947,3964100
2024-12-04,2882.26611328125,2926.6978295047543,2871.1581842253736,2921.8682951326346,3898000
2024-12-05,2947.94775390625,3016.527141366061,2939.2545921155697,2982.720401068971,5825400
2024-12-06,2831.072998046875,2941.186379751871,2787.6071894791135,2941.186379751871,6326800
2024-12-09,2835.419677734375,2894.822951514196,2795.3345417691303,2845.078746641663,5145600
2024-12-10,2824.794677734375,2868.7434408859954,2806.9254004089908,2865.362766797409,2720500
2024-12-11,2828.658447265625,2829.6243541965678,2785.1926353732047,2819.4823314216696,3045600
2024-12-12,2805.4765625,2886.612741274316,2794.36863326304,2885.16388093906,5018700
2024-12-13,2786.641357421875,2801.129960666703,2763.4595922301505,2780.36296268245,3822000
2024-12-16,2770.220947265625,2810.306083008834,2760.5618784118396,2779.8800161194104,2160700
2024-12-17,2743.658447265625,2792.436743898934,2735.448238921405,2782.2947218266618,3398200
2024-12-18,2763.9423828125,2784.709379573104,2748.9708270083433,2757.663988443015,2085700
2024-12-19,2713.715576171875,2725.3064595725023,2658.175926543869,2677.4940655449145,3896600
2024-12-20,2705.022216796875,2741.243724788263,2684.255218881812,2730.6187491107894,3313600
2024-12-23,2701.15869140625,2720.476829732059,2677.9769254152793,2717.0961555250424,1771000
2024-12-24,2682.806396484375,2709.368836053527,2670.7325603165787,2708.4029291601037,1347900
2024-12-25,2712.74951171875,2712.74951171875,2651.4144239515645,2688.6018393694644,1886300
2024-12-26,2740.27783203125,2740.27783203125,2696.329068775197,2704.539277295559,2382000
2024-12-27,2786.158447265625,2789.539121408606,2739.794916161881,2760.561914468766,2558100
2024-12-30,2756.21533203125,2783.74367861015,2738.8290078761556,2779.880051020129,1888800
2025-01-06,2720.959716796875,2789.056152733751,2719.0279030114316,2754.283504595772,2712000
2025-01-07,2712.74951171875,2774.5675529329214,2698.260908309179,2769.2550650160783,2341300
2025-01-08,2729.65283203125,2734.4823664120554,2691.982463860967,2692.9483707371282,2353000
2025-01-09,2675.56201171875,2722.408494595414,2651.897293564559,2716.130099983078,1832300
2025-01-10,2648.03369140625,2686.1870128764476,2643.2041570429337,2669.7665960411728,2073900
2025-01-14,2586.69873046875,2637.891797203195,2565.931731699117,2635.959983364159,3284200
2025-01-15,2644.653076171875,2656.7269123487004,2587.664569417258,2609.3974745355445,3793200
2025-01-16,2621.9541015625,2648.999492921406,2613.743893471403,2648.999492921406,2229200
2025-01-17,2599.255615234375,2603.1192430533783,2548.0625466325832,2589.113592209492,2557100
2025-01-20,2624.369140625,2638.374791173054,2603.1191880693323,2609.8805366097718,1941900
2025-01-21,2626.783935546875,2689.08493346663,2615.193052212967,2685.221305688661,2411800
2025-01-22,2808.857421875,2831.0732818141764,2658.1759370701516,2663.9713787934147,6939200
2025-01-23,2952.77734375,2970.1636676582434,2813.6867524840527,2897.720651373896,9050700
2025-01-24,2915.10693359375,2982.7204144922134,2898.686516804123,2960.5045564827183,4507400
2025-01-27,2759.113037109375,2946.0160207189197,2749.9369216350046,2941.186486258725,5449100
2025-01-28,2598.28955078125,2717.5790524620993,2598.28955078125,2675.562102477347,9032800
2025-01-29,2671.215576171875,2721.925689261379,2609.3975335484797,2683.289412621757,6002500
2025-01-30,2731.101806640625,2744.141550014506,2644.170184148085,2661.0735551883013,3552500
2025-01-31,2813.203857421875,2829.141321335166,2742.209699989941,2750.9028621244634,4440600
2025-02-03,2690.050537109375,2752.83448142252,2666.8687730552906,2716.612975088013,5343700
2025-02-04,2906.413818359375,3037.7771547823972,2767.323226852645,2829.6242209650345,11878800
2025-02-05,2874.055908203125,3008.799917342542,2855.220724129873,2926.697832920675,9125900
2025-02-06,2811.27197265625,2874.5388732606084,2780.362952513663,2852.8059684728514,4855000
2025-02-07,2772.6357421875,2814.652692121364,2772.6357421875,2802.0959024859562,2880500
2025-02-10,2746.0732421875,2787.1242843236128,2728.686918459264,2772.152727779854,3898500
2025-02-12,2862.947998046875,2894.3399717096695,2794.3686094296927,2794.3686094296927,4949000
2025-02-13,2823.345947265625,2902.5503152696556,2813.2039245334017,2888.0617113664794,3653900
2025-02-14,2807.891357421875,2860.050330005563,2796.3004746255,2825.277681616438,3155300
2025-02-17,2771.186767578125,2782.2946964129624,2741.726608494426,2764.4254195917024,3053300
2025-02-18,2778.43115234375,2800.6470106798897,2746.07327172372,2752.83461991298,2505900
2025-02-19,2737.863037109375,2827.2094230443254,2735.93122335943,2791.470868670345,2480200
2025-02-20,2681.84033203125,2749.4538105985785,2668.800589736122,2739.794742231817,2772100
2025-02-21,2641.272216796875,2660.1073999117184,2619.539313202825,2657.6926328457125,3363600
2025-02-25,2552.4091796875,2592.9772726096853,2546.6137378414733,2559.653481995033,4007200
2025-02-26,2538.4033203125,2542.266947892884,2481.4148135018313,2523.9147168860586,3508400
2025-02-27,2629.681396484375,2649.4824868894916,2568.3463115709656,2571.7269855425707,4979700
2025-02-28,2529.227294921875,2597.3237334523287,2509.9091563316756,2588.6305710867387,5012200
2025-03-03,2550.477294921875,2578.4885963999036,2534.056876814065,2565.4488526084074,2144900
2025-03-04,2465.477294921875,2511.357871418952,2431.18760090827,2504.1135698667817,4795400
2025-03-05,2502.181884765625,2519.0852559230843,2476.585351298615,2476.585351298615,3052600
2025-03-06,2549.0283203125,2577.039620535714,2519.085206280788,2533.5738098445195,3404600
2025-03-07,2586.2158203125,2607.4657728977004,2516.1875674749067,2524.880729896125,5728600
2025-03-10,2535.505615234375,2603.6020517578127,2535.505615234375,2588.6304947916665,3237200
2025-03-11,2433.602294921875,2442.2954565231043,2362.60814184517,2426.8409470098077,5593100
2025-03-12,2550.960205078125,2577.039692218265,2448.5740703797983,2448.5740703797983,5337100
2025-03-13,2524.880615234375,2580.90321496031,2524.880615234375,2549.028287530037,2352200
2025-03-14,2564.48291015625,2575.590839898923,2520.051191185558,2525.363679323358,3233700
2025-03-17,2552.4091796875,2616.64199348096,2549.5114587644866,2607.9488307119204,2583700
2025-03-18,2587.66455078125,2603.1190609762853,2560.619157939938,2569.312319924645,2185800
2025-03-19,2622.920166015625,2681.840486445363,2598.2895402622103,2598.2895402622103,3301900
2025-03-21,2686.670166015625,2731.584838933017,2644.6532139316128,2649.482748653913,5036800
2025-03-24,2696.3291015625,2736.8971912152406,2677.0109636326238,2733.516517077512,2252900
2025-03-25,2689.084716796875,2837.3514208300357,2677.4938343968884,2792.919704963421,4898700
2025-03-26,2670.732421875,2688.11874505538,2660.5904000197784,2686.669884790348,3495000
2025-03-27,2606.499755859375,2670.732564369528,2571.2441541959074,2574.141874880576,4788200
2025-03-28,2588.21728515625,2621.3235390900927,2558.0757703806617,2608.970459264032,3570800
2025-03-31,2437.015625,2479.5102202453368,2427.133160989457,2450.851074614761,3705600
2025-04-01,2376.732666015625,2439.9804375852714,2368.332571354031,2437.0156982929443,4772600
2025-04-02,2384.144287109375,2406.379829683452,2360.9204981986722,2396.4973663171954,2873300
2025-04-03,2241.8369140625,2281.8608924709333,2208.7306603172524,2231.4603270677208,4965200
2025-04-04,2062.96435546875,2168.7067200364895,2020.963883561003,2150.4241616766467,6732500
2025-04-07,1729.43115234375,1797.620152064732,1600.9591238839284,1608.3709716796875,11168600
2025-04-08,1984.398681640625,1997.7400074385077,1911.26845134112,1927.0803930274994,8054900
2025-04-09,1846.044189453125,1886.5622899711004,1821.3380306007011,1862.3502542957249,5506200
2025-04-10,2124.235595703125,2201.812936602262,2080.2586317539326,2201.812936602262,7006100
2025-04-11,2025.4110107421875,2034.305228403412,1907.3155651292616,1929.0569860789217,4627100
2025-04-14,2016.5167236328125,2078.7762451171875,2013.5519845145088,2032.822788783482,2970000
2025-04-15,2122.753173828125,2169.2007525850718,2061.4818997232164,2065.4348851493396,5660900
2025-04-16,2037.7640380859375,2104.964792009237,2019.9756032238877,2104.964792009237,3141100
2025-04-17,2050.611328125,2060.4937923569278,2004.16374623494,2023.4345514871989,2916600
2025-04-18,2031.8345947265625,2048.140660297082,2022.9403771426428,2034.7993339212023,2513800
2025-04-21,1974.0220947265625,2010.0930866952833,1944.8688272449938,2009.104840339976,2947200
2025-04-22,1989.3399658203125,2002.1871687789135,1960.186697568102,1972.0456541452725,2487600
2025-04-23,2056.540771484375,2083.7175476572825,2032.822857733474,2075.3174532038383,3408000
2025-04-24,2158.330078125,2233.930925641741,2134.612165178571,2154.8712158203125,7445800
2025-04-25,2195.389404296875,2223.0603038333647,2179.0833384985863,2186.4951865887174,4051400
2025-04-28,2229.97802734375,2293.7199208796114,2222.07205605248,2268.0255141829853,3411000
2025-04-30,2262.095947265625,2275.437273297991,2233.436802455357,2253.201729910714,3626400
2025-05-01,2320.402587890625,2335.2262841505735,2245.789983382217,2260.1195564335007,3617900
2025-05-02,2312.00244140625,2341.15571006258,2288.778651120699,2340.661586865015,2735000
2025-05-07,2342.637939453125,2354.4968954849483,2303.1080860137135,2340.661446781154,3267300
2025-05-08,2371.791259765625,2382.6619697062174,2324.8495577494305,2355.9793180338543,2169100
2025-05-09,2412.803466796875,2431.086024296667,2396.9915251754333,2421.203560783266,2848600
2025-05-12,2433.0625,2451.839180544273,2402.9209864947197,2449.8626878554023,2987600
2025-05-13,2601.55859375,2643.064941684473,2397.485716405508,2500.2633398622984,8404200
2025-05-14,2625.276611328125,2695.4421070572034,2582.2878921138304,2650.9710182148297,7128200
2025-05-15,2624.288330078125,2674.6888967638656,2577.8407490147956,2613.9117428192963,3549900
2025-05-16,2623.794189453125,2641.5826246358583,2573.8877463015683,2641.5826246358583,3580900
2025-05-19,2575.3701171875,2621.8176979656323,2575.3701171875,2598.0997843767987,2179800
2025-05-20,2622.311767578125,2666.2887314587456,2610.9469342157176,2648.5002966306292,3489400
2025-05-21,2593.652587890625,2621.817609325139,2564.005196906926,2599.087942904303,3392800
2025-05-22,2661.347412109375,2684.0770780872863,2531.887140669966,2563.511023769669,3845400
2025-05-23,2789.819580078125,2875.3028934599024,2788.8313336806477,2846.1496247343252,7962300
2025-05-26,2793.7724609375,2803.654924541807,2750.783744258766,2802.666678181376,3145600
2025-05-27,2827.866943359375,2845.161254562866,2803.6549076744877,2806.6196467379436,2499600
2025-05-28,2855.537841796875,2919.7738548499283,2855.537841796875,2875.7968920674534,4905100
2025-05-29,3012.175048828125,3016.1280344565084,2930.1505970391704,2977.5864245797707,5588000
2025-05-30,3000.31591796875,3011.186627816463,2964.2449262013392,2964.739049376235,4657800
2025-06-02,2978.57470703125,3011.186838860059,2955.845039392989,2958.8097786501535,1852400
2025-06-03,2934.59765625,2968.6921567183026,2925.2093155413368,2947.4448593250127,3039800
2025-06-04,2958.8095703125,2985.492221748184,2938.5505201483697,2964.7390484093185,3181900
2025-06-05,2919.27978515625,2963.7508719308034,2905.4443359375,2940.032958984375,3121900
2025-06-06,2937.562255859375,2970.6685083644343,2927.679792425029,2933.6092704856364,2241800
2025-06-09,2981.539306640625,2981.539306640625,2945.962437220982,2956.8331473214284,1806600
2025-06-10,2961.2802734375,2994.3865271201817,2951.397809651625,2984.5040633343065,2292800
2025-06-11,2885.185302734375,2970.6686144954724,2873.8204693788534,2954.856672435616,3936400
2025-06-12,2842.690673828125,2897.5383471802757,2837.255318811245,2889.6323762466322,3196600
2025-06-13,2772.031005859375,2824.9021854720227,2759.1838033366757,2793.278302339224,3852200
2025-06-16,2832.314208984375,2860.4792316487346,2775.9841636556557,2785.8666277484135,3110400
2025-06-17,2885.185302734375,2885.185302734375,2832.8082446611015,2835.7729837973247,2536100
2025-06-18,2893.09130859375,2900.9972797188566,2856.032068944812,2890.620692617154,2326800
2025-06-19,2875.302734375,2879.255719746198,2849.1142062908148,2866.902640461205,1648100
2025-06-20,2828.361083984375,2861.9614602441475,2828.361083984375,2852.078996638332,5254000
2025-06-23,2784.87841796875,2825.396521281993,2755.2310253005235,2816.502303481525,1668800
2025-06-24,2868.879150390625,2884.6910919704565,2811.560862163737,2813.537354861216,2402000
2025-06-25,2892.10302734375,2914.832694054465,2844.6672011648675,2895.5618896692936,2233900
2025-06-26,2992.41015625,3024.034041652906,2893.585514365918,2895.5620072035995,4353000
2025-06-27,3076.410888671875,3110.9995109344886,3031.939802905658,3043.7987591099823,4319600
2025-06-30,3058.62255859375,3129.776298244396,3050.716587521456,3128.7880518603592,3571700
2025-07-01,3084.31689453125,3103.093575401514,3024.033866474087,3047.751779152315,2804200
2025-07-02,3021.069091796875,3059.6106994449215,2974.621513349229,3021.069091796875,3198900
2025-07-03,3061.58740234375,3070.481620103948,2985.492428173166,2999.327878022363,3037200
2025-07-04,3073.4462890625,3159.4237254446343,3046.7636363921824,3122.8586088223474,2182000
2025-07-07,2989.4453125,3043.7988636363634,2975.6098631198347,3041.8223708677688,1621300
2025-07-08,3227.61279296875,3245.401228447451,3063.563887998507,3063.563887998507,7728200
2025-07-09,3171.28271484375,3250.3424272736347,3126.81162660194,3243.4247024360197,4397200
2025-07-10,3175.235595703125,3210.8124651227677,3161.400146484375,3185.1180594308034,3845000
2025-07-11,3128.7880859375,3196.9770871787155,3113.964390015497,3192.035855204714,3191600
2025-07-14,3132.740966796875,3138.6704449674685,3095.187605049783,3125.823242264516,2000600
2025-07-15,3232.553955078125,3233.5422014722176,3158.4354755211516,3183.141635373476,2850500
2025-07-16,3224.64794921875,3235.518659436772,3189.0710794143138,3202.9065287827057,2249300
2025-07-17,3286.907470703125,3287.895717086379,3173.259136628904,3195.000557060494,2799800
2025-07-18,3294.8134765625,3323.47262197951,3261.2130991770396,3299.75470853095,3909500
2025-07-22,3321.49609375,3395.614572485867,3303.707658853392,3310.625383535406,3273000
2025-07-23,3419.33251953125,3486.533274250361,3385.7321421716942,3438.109200996884,5141000
2025-07-24,3528.03955078125,3551.7574637276784,3490.486188616071,3510.2511160714284,3968900
2025-07-25,3505.309814453125,3533.968958693086,3489.4978728034916,3528.039480574473,2742100
2025-07-28,3461.8271484375,3543.8515998563735,3461.8271484375,3542.863353453736,2384200
2025-07-29,3467.756591796875,3468.7448381895215,3420.3207649498386,3439.0974464101237,2285600
2025-07-30,3561.639892578125,3629.8288916313686,3518.1570526021433,3528.0395162330483,5826600
2025-07-31,3713.829833984375,3819.572194877491,3567.56937218829,3568.557618551777,10306000
2025-08-01,3697.02978515625,3818.5840924468725,3671.3353787370943,3715.806466770249,10123400
2025-08-04,3691.100341796875,3702.9592987183105,3525.0749448967745,3545.828119509287,5165300
2025-08-05,3871.94921875,3908.514333883678,3764.230366058895,3783.007046803216,6741000
2025-08-06,3938.161865234375,3938.161865234375,3810.678080889272,3853.172675670973,4644100
2025-08-07,3926.302978515625,3960.891602791499,3855.149237148113,3924.3264856998608,5054700
2025-08-08,3881.831787109375,3939.1500772449003,3869.972830529611,3902.5849611239614,5171600
2025-08-12,3905.5498046875,3997.456720637889,3905.5498046875,3950.0208930505914,4353600
2025-08-13,3977.691650390625,3977.691650390625,3886.772984095982,3943.10302734375,4381400
2025-08-14,3887.76123046875,3933.220563616071,3855.1491001674103,3933.220563616071,3278300
2025-08-15,4002.39794921875,4022.16287736304,3869.972930652006,3903.5733084972994,3792000
2025-08-18,3989.550537109375,4040.9393475948063,3967.809117288615,3992.515276175842,2586100
2025-08-19,3916.42041015625,3983.621164102913,3880.8435404197817,3980.656424958207,3497500
2025-08-20,3831.43115234375,3852.1843259829607,3791.9012977928733,3844.278355072785,3535700
2025-08-21,3865.031494140625,3886.772913949138,3825.501639943329,3833.407610782788,2459000
2025-08-22,3950.020751953125,3954.961983816964,3886.772984095982,3903.5731724330353,2554000
2025-08-25,4026.11572265625,4091.3399832589284,3984.609375,4088.375244140625,3084700
2025-08-26,3975.715087890625,4053.786549969511,3949.0324362940432,4041.927593704364,3775800
2025-08-27,4008.327392578125,4015.2451173680774,3963.8563046427166,3995.4801893967847,1957600
2025-08-28,4078.492919921875,4089.363630394165,3939.150176595249,3951.009133474111,2779800
2025-08-29,4153.599609375,4180.282262111884,4029.0805632695397,4051.810230415774,4104500
2025-09-01,4039.951171875,4045.880650111607,3978.6798967633927,3998.44482421875,3507100
2025-09-02,4012.2802734375,4053.78662109375,3960.891462053571,4033.033447265625,3360900
2025-09-03,4036.986572265625,4132.846473736804,4032.045340231028,4061.6927324386093,4187800
2025-09-04,4053.78662109375,4125.928606305803,4017.221505301339,4052.798374720982,4301200
2025-09-05,4091.340087890625,4149.646625375057,4054.7749711631,4108.140276657326,3601300
2025-09-08,4186.2119140625,4186.2119140625,4103.199213217068,4129.881867060242,2718000
2025-09-09,4065.6455078125,4199.058765847183,4057.7395369660003,4190.1645486448715,3581800
2025-09-10,4240.5654296875,4244.518415406155,4077.5047687929678,4101.222683104899,5080100
2025-09-11,4185.2236328125,4235.624200763725,4145.693775595853,4211.906286433737,5475300
2025-09-12,4131.85791015625,4228.706050599999,4131.85791015625,4198.07041433718,3910700
2025-09-16,4220.80029296875,4234.635742301825,4135.811104208434,4172.376220302988,3226800
2025-09-17,4091.340087890625,4234.635815606601,4091.340087890625,4234.635815606601,3013300
2025-09-18,4160.51708984375,4173.364292258944,4059.715963201455,4101.222309465929,3047400
2025-09-19,4134.82275390625,4204.988245189076,4068.610248047809,4190.164549847634,6414700
2025-09-22,4110.11669921875,4185.223424186441,4092.328264357981,4157.552525514134,2332300
2025-09-24,4169.41162109375,4193.129535032183,4083.4341830669296,4110.1168362476665,2657600
2025-09-25,4250.44775390625,4280.095145819105,4184.235245300874,4195.1059556689215,3987900
2025-09-26,4204.0,4310.730606488011,4191.152797367184,4261.318288669488,3762900
2025-09-29,4245.0,4257.0,4190.0,4220.0,2086600
2025-09-30,4218.0,4257.0,4178.0,4220.0,2259200
2025-10-01,4129.0,4207.0,4095.0,4199.0,2649800
2025-10-02,4197.0,4258.0,4153.0,4193.0,2883900
2025-10-03,4200.0,4207.0,4121.0,4159.0,1922600
2025-10-06,4359.0,4398.0,4277.0,4383.0,4104300
2025-10-07,4465.0,4646.0,4397.0,4398.0,5812600
2025-10-08,4533.0,4563.0,4442.0,4466.0,3817600
2025-10-09,4630.0,4671.0,4578.0,4603.0,3752000
2025-10-10,4535.0,4604.0,4526.0,4560.0,4163800
2025-10-14,4329.0,4505.0,4317.0,4465.0,4267800
2025-10-15,4437.0,4457.0,4315.0,4323.0,2656500
2025-10-16,4544.0,4567.0,4462.0,4500.0,3334800
2025-10-17,4458.0,4496.0,4409.0,4425.0,3158400
2025-10-20,4577.0,4577.0,4434.0,4495.0,2981900
2025-10-21,4534.0,4612.0,4503.0,4582.0,2918800
2025-10-22,4494.0,4529.0,4411.0,4527.0,4280800
2025-10-23,4530.0,4537.0,4404.0,4430.0,2870400
2025-10-24,4610.0,4619.0,4530.0,4579.0,2939600
2025-10-27,4770.0,4780.0,4672.0,4750.0,3742100
2025-10-28,4758.0,4895.0,4749.0,4822.0,4781900
2025-10-29,4994.0,5027.0,4820.0,4850.0,6359900
2025-10-30,5299.0,5379.0,4989.0,4994.0,11547200
2025-10-31,5650.0,5944.0,5053.0,5320.0,15669400
2025-11-04,6062.0,6629.0,6036.0,6350.0,23844500
2025-11-05,5902.0,6031.0,5627.0,5962.0,12241200
2025-11-06,6207.0,6250.0,5975.0,6100.0,9302100
2025-11-07,5855.0,6073.0,5760.0,6020.0,8538800
2025-11-10,6030.0,6092.0,5766.0,5825.0,7633900
2025-11-11,5860.0,6228.0,5827.0,6130.0,7241200
2025-11-12,5955.0,5955.0,5760.0,5860.0,4597400
2025-11-13,6375.0,6580.0,6095.0,6127.0,11341300
2025-11-14,6297.0,6315.0,6012.0,6075.0,8741700
2025-11-17,6533.0,6544.0,6248.0,6300.0,6559200
2025-11-18,5941.0,6231.0,5941.0,6203.0,9713500
2025-11-19,5942.0,6108.0,5813.0,5980.0,7142000
2025-11-20,6388.0,6460.0,6286.0,6320.0,8774000
2025-11-21,5698.0,5970.0,5668.0,5888.0,15065600
2025-11-25,6062.0,6184.0,5871.0,5898.0,9114500
2025-11-26,6051.0,6195.0,5919.0,5951.0,5382300
2025-11-27,6089.0,6214.0,6074.0,6151.0,3666900
2025-11-28,6141.0,6262.0,6091.0,6189.0,4490200
2025-12-01,6330.0,6390.0,6038.0,6183.0,9017400
2025-12-02,6565.0,6686.0,6396.0,6400.0,11581700
2025-12-03,6839.0,7008.0,6590.0,6634.0,13909700
2025-12-04,6720.0,6757.0,6592.0,6739.0,8209100
2025-12-05,6675.0,6713.0,6462.0,6572.0,7881000
2025-12-08,6941.0,6951.0,6690.0,6700.0,6756500
2025-12-09,7109.0,7189.0,6946.0,7013.0,8157500
2025-12-10,6936.0,7215.0,6815.0,7151.0,11046300
2025-12-11,6671.0,6989.0,6652.0,6969.0,7131900
2025-12-12,6659.0,6761.0,6624.0,6672.0,6163400
2025-12-15,6632.0,6654.0,6480.0,6500.0,5403800
2025-12-16,6242.0,6455.0,6170.0,6350.0,8500100
2025-12-17,6321.0,6424.0,6132.0,6311.0,6768400
2025-12-18,6080.0,6234.0,6033.0,6100.0,4531600
2025-12-19,6303.0,6374.0,6172.0,6188.0,6104000
2025-12-22,6761.0,6764.0,6509.0,6545.0,6909100
2025-12-23,6608.0,6671.0,6543.0,6661.0,4478600
2025-12-24,6502.0,6581.0,6482.0,6551.0,4289100
2025-12-25,6540.0,6563.0,6437.0,6510.0,2564800
2025-12-26,6255.0,6574.0,6218.0,6574.0,6026100
2025-12-29,6336.0,6499.0,6300.0,6326.0,5132000
2025-12-30,6325.0,6433.0,6225.0,6324.0,3855300
2026-01-05,6710.0,6785.0,6452.0,6525.0,6979500
2026-01-06,6527.0,6651.0,6394.0,6643.0,9784000
2026-01-07,6647.0,6836.0,6535.0,6542.0,9009000
2026-01-08,6356.0,6632.0,6340.0,6601.0,7853600
2026-01-09,6304.0,6350.0,6115.0,6345.0,10274000
2026-01-13,6479.0,6624.0,6428.0,6582.0,7538000
2026-01-14,6479.0,6579.0,6375.0,6565.0,4850500
2026-01-15,6716.0,6784.0,6548.0,6550.0,6408600
2026-01-16,6828.0,6908.0,6693.0,6720.0,5332900
2026-01-19,6750.0,6777.0,6601.0,6636.0,4098400
2026-01-20,6597.0,6810.0,6526.0,6800.0,4590500
2026-01-21,6690.0,6735.0,6403.0,6409.0,5273800
2026-01-22,6709.0,6967.0,6669.0,6890.0,4738500
2026-01-23,6725.0,6897.0,6715.0,6845.0,4409700
2026-01-26,6547.0,6734.0,6540.0,6625.0,4355800
2026-01-27,6679.0,6718.0,6486.0,6523.0,3665500
2026-01-28,7010.0,7188.0,6901.0,6965.0,8743500
2026-01-29,6860.0,7115.0,6809.0,7042.0,5121400
2026-01-30,6724.0,6914.0,6686.0,6772.0,4809900
2026-02-02,6804.0,7050.0,6716.0,6740.0,7519100
2026-02-03,7655.0,7804.0,6852.0,6915.0,20974000
2026-02-04,7833.0,8239.0,7732.0,7930.0,19803200
2026-02-05,7407.0,7800.0,7234.0,7720.0,10388500
2026-02-06,7540.0,7580.0,7190.0,7277.0,8982900
2026-02-09,8367.0,8578.0,8136.0,8400.0,14295700
2026-02-10,8728.0,8882.0,8571.0,8733.0,8858100
2026-02-12,8770.0,9004.0,8475.0,8546.0,12577400
2026-02-13,8593.0,8899.0,8540.0,8690.0,8134200
2026-02-16,8653.0,8874.0,8632.0,8820.0,4100100
2026-02-17,8651.0,8815.0,8487.0,8644.0,5261300
2026-02-18,8826.0,8965.0,8453.0,8512.0,5499500
2026-02-19,9320.0,9484.0,8992.0,9020.0,11917400
