Price,Close,High,Low,Open,Volume
Ticker,6501.T,6501.T,6501.T,6501.T,6501.T
Date,,,,,
2011-02-21,376.3520202636719,380.8955054177605,374.0802776866276,380.8955054177605,41136000
2011-02-22,365.75048828125,372.5657147709627,365.75048828125,370.29397260772515,49510000
2011-02-23,364.2358093261719,370.2937853648608,361.2068213068274,361.96406831166354,74176000
2011-02-24,358.93524169921875,364.23597311671773,358.1779943538617,361.96423108064675,70331000
2011-02-25,364.99310302734375,364.99310302734375,357.42063201017896,358.9351262136119,68337000
2011-02-28,374.83746337890625,374.83746337890625,361.2070101651278,364.9932471689552,63896000
2011-03-01,377.8664245605469,379.3809192481643,374.08018784150335,377.10917721673815,50338000
2011-03-02,372.5657043457031,377.109188545041,369.5367148794779,371.80845697914685,64766000
2011-03-03,376.3520202636719,378.6237628407162,374.0802776866276,376.3520202636719,42201000
2011-03-04,378.6236572265625,382.40989379882814,376.35191528320314,381.652646484375,52518000
2011-03-07,382.40985107421875,385.4388399936185,377.8663676951191,380.89535661451885,91910000
2011-03-08,389.2250671386719,396.0402920496603,387.7105727140078,393.7685504126642,98282000
2011-03-09,383.9244079589844,392.2541288417237,383.16716060600805,390.7396341357711,63844000
2011-03-10,383.1671447753906,384.6816394187716,378.6236608452477,384.6816394187716,50038000
2011-03-11,374.0801696777344,379.380900827014,373.3229223706944,377.10915890589416,68131000
2011-03-14,313.5003356933594,327.1307850713315,313.5003356933594,313.5003356933594,174484000
2011-03-15,319.558349609375,337.73228418431574,298.3554259386108,336.97503691035985,270252992
2011-03-16,319.558349609375,326.3735750749778,308.199640500037,310.4713823219046,198342000
2011-03-17,305.9278869628906,317.28659563725535,301.3844034931447,302.89889798306,121105000
2011-03-18,311.2286682128906,315.77215242037806,305.170689269574,311.98591558080517,82551000
2011-03-22,331.6742858886719,333.9460275728409,321.8300719239396,325.61630806422124,87104000
2011-03-23,333.1888427734375,336.21783225319604,323.3446269642223,332.4315954034979,97572000
2011-03-24,318.80108642578125,331.674289440599,315.77209748111824,329.40254773210177,73490000
2011-03-25,310.471435546875,322.58739400724085,303.65620891291917,321.0728991996951,73596000
2011-03-28,307.4424133300781,315.0148865648091,303.65617671271264,311.9858972709167,56247000
2011-03-29,306.6794738769531,309.73101093045517,298.2877469798226,306.6794738769531,61099000
2011-03-30,333.38043212890625,333.38043212890625,315.0712093117581,315.83409359580594,115607000
2011-03-31,330.328857421875,338.72058359194574,325.7515522382,335.6690468028291,55670000
2011-04-01,324.98876953125,333.38049832196305,324.98876953125,330.3289605798856,43710000
2011-04-04,325.7515869140625,330.3288925849861,324.98870263557524,326.51447119254976,31080000
2011-04-05,318.8856506347656,325.7516096197247,315.0712289764551,324.9887252880626,46390000
2011-04-06,318.12274169921875,325.75158442581875,315.0712046085788,322.70004733517874,53682000
2011-04-07,323.4629211425781,325.7515738865115,318.1227314067337,319.64849990268925,45079000
2011-04-08,322.7000427246094,324.22581124813,316.59696863052693,321.1742742010888,49767000
2011-04-11,313.5455322265625,320.41149278626824,312.78264771992855,318.1228392663663,43233000
2011-04-12,305.1537780761719,312.01973808288574,302.86512474060055,309.7310847473144,48971000
2011-04-13,312.01971435546875,313.54548312982314,301.33933293498814,302.8651017093425,43907000
2011-04-14,308.9682312011719,312.0197692871094,303.62803955078124,307.4424621582031,49334000
2011-04-15,308.9682312011719,313.54553833007816,307.4424621582031,307.4424621582031,41130000
2011-04-18,302.8650817871094,308.96815648307125,302.8650817871094,307.4423878090808,24305000
2011-04-19,295.2361755371094,300.57636475871084,295.2361755371094,299.8134805841963,34225000
2011-04-20,308.9682312011719,308.9682312011719,297.52496337890625,299.81361694335936,52517000
2011-04-21,318.12274169921875,321.9371630625187,309.7310146999588,312.7825517905988,66590000
2011-04-22,322.7000427246094,324.22581124813,316.59696863052693,317.3598528922872,46597000
2011-04-25,319.64849853515625,324.9886882481541,318.1227300457283,322.70003551401214,21786000
2011-04-26,317.35986328125,318.88563185471753,313.5454418475811,316.59697899451623,26804000
2011-04-27,321.1742858886719,323.4629387572372,318.1227487305847,321.93717017819364,22205000
2011-04-28,334.1434020996094,334.90628657928886,327.2774417824941,327.2774417824941,74207000
2011-05-02,344.0608825683594,344.0608825683594,337.95780704608245,340.24646036693633,47406000
2011-05-06,340.2464904785156,341.77225949411434,336.4320679395188,338.72072146291686,35046000
2011-05-09,335.6690979003906,343.2979410344904,333.3804449601607,343.2979410344904,24416000
2011-05-10,344.8237609863281,345.58664541328903,339.4835699976018,340.2464544245627,55863000
2011-05-11,344.0608825683594,348.638189210067,341.77222924750555,347.8753047697824,28697000
2011-05-12,352.4525451660156,358.5556195411847,344.0608179001581,344.8237021970542,89053000
2011-05-13,348.6381530761719,356.266996688342,346.34949999252086,355.5041123271249,58079000
2011-05-16,344.8237609863281,350.92683640201534,344.0608765593672,345.58664541328903,39388000
2011-05-17,349.40106201171875,349.40106201171875,341.7722178629913,343.2979866927368,33913000
2011-05-18,357.0298767089844,357.0298767089844,347.8752644856771,349.40103318956164,46658000
2011-05-19,350.9267883300781,359.31851587710173,350.16390400762145,357.02986290973166,35234000
2011-05-20,352.4525451660156,359.31850383808086,350.1638922753272,350.92677657222333,53079000
2011-05-23,344.8237609863281,354.7412585368199,344.0608765593672,352.45260525593716,30760000
2011-05-24,346.3494567871094,347.8752253192112,341.0092669247531,342.53503545685487,43104000
2011-05-25,336.4320373535156,345.5866506148358,336.4320373535156,344.82376617639244,40059000
2011-05-26,344.0608825683594,344.823767008644,337.95780704608245,340.24646036693633,36692000
2011-05-27,346.3494567871094,349.400993851313,341.772151190804,341.772151190804,43117000
2011-05-30,347.1124267578125,347.8753112122253,342.53512003133585,344.0608889401614,32208000
2011-05-31,353.9783020019531,353.9783020019531,346.34945928639377,346.34945928639377,34260000
2011-06-01,360.84429931640625,360.84429931640625,353.2154557790615,355.5041088402649,44586000
2011-06-02,353.2154235839844,358.55561357337507,351.68965501558705,354.7411921523817,47724000
2011-06-03,349.40106201171875,357.0299061604462,348.638177596846,354.741252915828,21235000
2011-06-06,353.2154235839844,355.5040764365804,347.112349310395,348.63811787879234,45573000
2011-06-07,352.4525451660156,353.97831375980786,348.6381236815349,352.4525451660156,41084000
2011-06-08,353.2154235839844,353.97830786818304,348.63811787879234,351.68965501558705,28253000
2011-06-09,357.7927551269531,357.7927551269531,352.452564751924,354.7412177697936,38277000
2011-06-10,353.9783020019531,361.6071447175124,352.45253345884123,360.0813761744006,48419000
2011-06-13,357.7927551269531,358.555639466243,350.92679607334424,352.452564751924,27734000
2011-06-14,360.84429931640625,362.37006802387515,356.2669931939994,357.02987754773386,33529000
2011-06-15,361.607177734375,363.8958307580103,359.3185247107397,361.607177734375,29261000
2011-06-16,349.40106201171875,360.08144381993725,349.40106201171875,358.55567499019173,40707000
2011-06-17,345.58660888671875,352.45256800367343,341.7721871550773,350.92679931101685,42890000
2011-06-20,341.0092468261719,347.112320594873,340.24636260508424,344.0607837105224,28537000
2011-06-21,344.0608825683594,344.823767008644,337.95780704608245,343.29799812807477,32822000
2011-06-22,354.7412414550781,354.7412414550781,345.5866287723664,347.1123975528184,41195000
2011-06-23,349.40106201171875,353.97836850095524,349.40106201171875,351.689715256337,22506000
2011-06-24,354.7412414550781,354.7412414550781,347.1123975528184,350.92681950394825,28872000
2011-06-27,348.6381530761719,353.9783436046909,347.87526871495487,353.2154592434739,24095000
2011-06-28,352.4525451660156,355.50408235360015,350.92677657222333,352.4525451660156,33084000
2011-06-29,360.0814514160156,360.8443358469818,357.02991369215107,358.5556825540834,29152000
2011-06-30,360.84429931640625,361.6071836701407,357.79276190146834,360.84429931640625,34999000
2011-07-01,365.42156982421875,366.94733838298373,363.1329169860712,364.65868554483626,40677000
2011-07-04,366.9473571777344,369.9988944515617,366.18447285927755,369.9988944515617,21605000
2011-07-05,366.9473571777344,368.47312581464803,364.6587042223639,365.4215885408207,28490000
2011-07-06,374.5762023925781,375.33908671516997,366.94735916666,367.71024348925187,47072000
2011-07-07,370.7618408203125,373.05049415870945,369.9989563741801,372.28760971257714,21959000
2011-07-08,368.4731140136719,374.57618836586516,367.7102297196477,373.813304071841,26143000
2011-07-11,364.6587829589844,369.2360898580511,363.1330139926288,366.9474364085177,24351000
2011-07-12,360.84429931640625,363.1329523776096,360.0814149626718,360.0814149626718,22631000
2011-07-13,366.1844482421875,368.47310104370115,360.84425837198893,360.84425837198893,30656000
2011-07-14,362.37005615234375,366.18447779605265,361.607171823602,363.89582480982733,24254000
2011-07-15,369.2359924316406,370.76176099540777,365.42157102222285,366.18445530410645,29703000
2011-07-19,368.4731140136719,371.5246511897685,366.94734542562355,371.5246511897685,18084000
2011-07-20,368.4731140136719,372.2875354837927,366.94734542562355,371.5246511897685,19631000
2011-07-21,366.1844482421875,369.23598531087237,365.4215639750163,369.23598531087237,14792000
2011-07-22,364.6587829589844,368.4732053748733,363.8958984758066,367.7103208916955,22735000
2011-07-25,366.9473571777344,366.9473571777344,362.3700512669934,363.89581990390707,22284000
2011-07-26,366.9473571777344,368.47312581464803,363.89581990390707,366.9473571777344,13042000
2011-07-27,366.1844482421875,366.9473325093587,362.37002690633136,363.8957954406738,26474000
2011-07-28,369.9989013671875,373.0504386980509,364.65871103817653,364.65871103817653,57186000
2011-07-29,365.42156982421875,369.23599122113126,361.60714842730624,369.23599122113126,36480000
2011-08-01,359.3185119628906,370.7617766750846,359.3185119628906,370.7617766750846,37391000
2011-08-02,356.2669982910156,359.31853574961104,353.21546083242015,357.7927670203133,37514000
2011-08-03,353.2154235839844,355.5040764365804,347.8752335945937,350.9267707313884,37304000
2011-08-04,359.3185119628906,366.9473551043533,357.7927433345981,362.3700492194757,93450000
2011-08-05,344.0608825683594,350.16395809063624,341.77222924750555,345.5866514489286,56160000
2011-08-08,330.328857421875,337.9576993946666,327.27732063275835,336.43193100010825,46796000
2011-08-09,327.27740478515625,328.0402891785949,314.3083700967002,318.8856764573317,62416000
2011-08-10,330.328857421875,330.328857421875,330.328857421875,330.328857421875,35561000
2011-08-11,322.7000427246094,324.9886955098903,318.88562141580786,320.41138993932844,33317000
2011-08-12,322.7000427246094,322.7000427246094,322.7000427246094,322.7000427246094,30102000
2011-08-15,327.27740478515625,327.27740478515625,324.2258672114019,325.7516359982791,20639000
2011-08-16,328.80322265625,329.5661071635731,326.51456913428075,328.04033814892693,17708000
2011-08-17,319.64849853515625,325.7515724928681,317.35984580101433,324.9886882481541,28456000
2011-08-18,310.4938659667969,310.4938659667969,310.4938659667969,310.4938659667969,30420000
2011-08-19,299.8134765625,306.6794340410305,299.05059239821884,302.86501321962464,47466000
2011-08-22,294.473388671875,305.15377064443004,293.7105042452639,298.28781080493036,53600000
2011-08-23,301.3393249511719,302.1022093181369,292.18471254759197,295.9991343824169,42315000
2011-08-24,295.99920654296875,305.1538211783183,294.47343743707717,305.1538211783183,34405000
2011-08-25,307.4424133300781,308.2052977304009,299.81356932685037,300.57645372717315,40296000
2011-08-26,308.9682312011719,311.256884765625,304.39092407226565,307.4424621582031,45458000
2011-08-29,311.2568359375,314.3083735447304,303.62799191942406,308.2052983302696,36857000
2011-08-30,314.93646240234375,317.359914851301,312.7826083870996,314.3083772085,27308000
2011-08-31,312.9777526855469,315.0712613501098,309.73107047976896,312.019723709915,28324000
2011-09-01,317.3427429199219,318.88559987217144,315.0711788210689,315.8340630312894,18580000
2011-09-02,312.44354248046875,316.5969874931429,310.4939130354437,315.07121887871807,23521000
2011-09-05,303.62799072265625,308.2052971154601,300.5764531274537,307.4424127166595,27462000
2011-09-06,298.28790283203125,300.5765568179547,293.7105948601842,299.05078749400576,33303000
2011-09-07,299.0506591796875,302.10219651825577,296.7620061757613,299.0506591796875,26740000
2011-09-08,299.0506591796875,304.3908495221819,298.2877748450454,303.62796518753987,20278000
2011-09-09,294.9365234375,300.57646222184894,292.9476180030203,297.52492453431745,32405000
2011-09-12,289.1331481933594,289.896032489384,284.5558424172112,287.60737960130996,34933000
2011-09-13,292.1847229003906,292.1847229003906,285.3187633544284,289.13318532440746,29846000
2011-09-14,288.3702392578125,293.71042887369794,286.0815865652902,290.6588919503348,23745000
2011-09-15,290.658935546875,294.47335727321195,288.37028251107284,292.94758858267716,22728000
2011-09-16,302.1022033691406,304.39085642496747,293.71047549777563,295.23624420166016,36236000
2011-09-20,297.52484130859375,299.81349393404446,295.23618868314304,296.7619571001102,20807000
2011-09-21,302.8650817871094,304.39085046109983,298.28777576513795,298.28777576513795,21290000
2011-09-22,292.1847229003906,299.8135668403486,291.4218385063948,299.0506824463528,29194000
2011-09-26,283.0301513671875,290.658996417516,279.2157288420233,289.89611191248315,50825000
2011-09-27,290.658935546875,290.658935546875,286.84451382053805,289.1331668563402,21467000
2011-09-28,299.1173095703125,299.886248669465,291.42791857878774,293.73473587624517,36473000
2011-09-29,301.424072265625,301.424072265625,292.9657437071508,292.9657437071508,41642000
2011-09-30,299.1173095703125,302.9620050660749,296.8104922728551,302.1930659669224,29802000
2011-10-03,290.6589660644531,292.19684419177827,286.04533168247764,291.4279051281157,30205000
2011-10-04,285.2763977050781,286.0453367824503,280.66276324084504,282.9695804729616,44973000
2011-10-05,279.1248474121094,289.1210540687414,276.81803049134817,288.3521150951543,33096000
2011-10-06,282.2005615234375,284.50737810264815,280.6626838039637,283.7384392429113,25716000
2011-10-07,287.5832214355469,290.6589778145367,285.2764041513045,286.8142823407994,28706000
2011-10-11,293.7347412109375,296.0415585502904,289.1211065322317,293.7347412109375,32124000
2011-10-12,299.1173095703125,301.4241268677699,289.8900403804828,292.1968576779402,29451000
2011-10-13,304.4998474121094,306.8066644379587,302.9619693948765,304.4998474121094,25384000
2011-10-14,303.7309875488281,305.26886596679685,298.34841308593747,301.424169921875,27592000
2011-10-17,314.4960632324219,315.26500226233,308.3445509931569,309.8824290529731,23078000
2011-10-18,309.88250732421875,311.4203857724779,306.03781120357087,306.8067504277004,19802000
2011-10-19,310.6513366699219,313.727092478535,308.34451981346206,312.18921457422846,15763000
2011-10-20,306.8066101074219,311.42024334211993,304.4997934900728,310.65130446967027,15308000
2011-10-21,309.1134338378906,309.8823727280346,304.49980049702657,306.03767827731457,20071000
2011-10-24,319.1096496582031,319.1096496582031,311.4202605098127,311.4202605098127,24074000
2011-10-25,314.4960632324219,320.6475754716868,314.4960632324219,319.10969741187057,20211000
2011-10-26,326.0301208496094,328.3369377424132,320.64754809973374,320.64754809973374,47495000
2011-10-27,334.48846435546875,336.02634235250537,326.03013537176724,330.64376936287715,44736000
2011-10-28,333.7195739746094,339.871086858934,331.4127566429877,338.3332086378528,29288000
2011-10-31,328.33697509765625,338.33318277041866,328.33697509765625,331.4127313046601,25609000
2011-11-01,327.56805419921875,334.48850604849804,326.03017601049004,326.03017601049004,22396000
2011-11-02,319.87860107421875,326.0301126333384,319.1096621293288,322.1854179088886,32011000
2011-11-04,331.4126892089844,332.1816281630655,322.1854217600103,325.261177576335,28860000
2011-11-07,331.4126892089844,332.9505671171467,327.5679944385785,330.6437502549032,21579000
2011-11-08,323.72332763671875,330.6437788213517,322.95438861620397,329.10590078032214,21105000
2011-11-09,328.33697509765625,329.1059141494072,322.9544017353996,326.79909699415435,19546000
2011-11-10,319.87860107421875,322.1854179088886,316.03390634976904,320.6475400191087,29633000
2011-11-11,319.1096496582031,321.41646640272023,314.49601616916885,319.1096496582031,24803000
2011-11-14,323.72332763671875,325.2612056777483,319.8786325341449,323.72332763671875,10804000
2011-11-15,319.87860107421875,323.7232957986685,319.1096621293288,320.6475400191087,14031000
2011-11-16,316.033935546875,321.416508658379,316.033935546875,319.8786306265207,15088000
2011-11-17,319.87860107421875,321.41647896399866,313.7270895150992,313.7270895150992,18665000
2011-11-18,317.5718688964844,319.87868634609566,313.72717314713225,315.2650514468731,17922000
2011-11-21,313.7271423339844,316.80289863137637,312.1892641852884,315.26502048268037,13756000
2011-11-22,313.7271423339844,316.03395955702837,309.8824469622444,310.6513860365924,26285000
2011-11-24,306.03778076171875,309.11353735228874,305.2688416140762,307.57565905700375,40320000
2011-11-25,303.7309875488281,307.57568359375,301.424169921875,305.26886596679685,22220000
2011-11-28,309.88250732421875,312.18932499660747,307.57568965183003,309.88250732421875,16400000
2011-11-29,326.7991027832031,329.1059199793199,316.802894933364,317.5718339987362,62117000
2011-11-30,325.2611083984375,329.1058023511377,322.95429202681737,326.79898597951757,32621000
2011-12-01,332.1816711425781,335.2574273568613,331.41273208900736,335.2574273568613,22449000
2011-12-02,335.2574157714844,335.2574157714844,330.64378160949144,332.1816596634891,20482000
2011-12-05,332.9505920410156,336.79528709922596,331.4127140177315,336.0263480875839,20593000
2011-12-06,326.7991027832031,332.9506153061811,326.0301637178309,332.1816762408088,15311000
2011-12-07,330.6437072753906,332.18158498364824,326.79901300474654,327.56795185887535,26804000
2011-12-08,329.874755859375,330.64369468422206,326.0300617351399,329.105817034528,19414000
2011-12-09,326.0301208496094,329.10587670668116,324.49224292107345,324.49224292107345,29467000
2011-12-12,329.1058654785156,332.9505601686852,329.1058654785156,329.8748044165495,18601000
2011-12-13,326.7991027832031,328.3369809139476,323.7233465217142,325.2612246524586,21409000
2011-12-14,325.2611083984375,327.56792477005763,323.7232308173574,325.2611083984375,13952000
2011-12-15,315.2649230957031,322.95431146389103,314.49598425888433,322.95431146389103,19949000
2011-12-16,312.9581298828125,316.03388545905636,310.6513132006296,315.2649465649954,22758000
2011-12-19,309.88250732421875,311.4203857724779,307.57568965183003,310.6514465483483,17713000
2011-12-20,310.6513366699219,313.727092478535,309.11345876561535,309.11345876561535,14443000
2011-12-21,313.7271423339844,315.26502048268037,311.4203251109404,313.7271423339844,12126000
2011-12-22,309.88250732421875,311.4203857724779,307.57568965183003,311.4203857724779,14256000
2011-12-26,312.1893310546875,313.7272095327894,310.6514525765856,312.95827029373845,11808000
2011-12-27,309.88250732421875,312.18932499660747,309.88250732421875,309.88250732421875,7536000
2011-12-28,309.88250732421875,311.4203857724779,309.1135681000892,310.6514465483483,6229000
2011-12-29,309.1134338378906,309.8823727280346,307.5755560576026,308.3444949477466,6869000
2011-12-30,310.6513366699219,310.6513366699219,308.34451981346206,309.11345876561535,7777000
2012-01-04,321.41650390625,321.41650390625,314.4960528652063,315.26499186976673,23932000
2012-01-05,323.72332763671875,324.49226665723353,319.10969351363013,321.4165105751744,24782000
2012-01-06,320.6475524902344,325.2611863390147,318.3407355658442,325.2611863390147,22644000
2012-01-10,319.1096496582031,322.1854053175593,318.34071074336407,321.41646640272023,11852000
2012-01-11,320.6475524902344,322.1854304398278,319.1096745406409,320.6475524902344,10362000
2012-01-12,317.5718688964844,320.64762549596605,315.2650514468731,319.87868634609566,11798000
2012-01-13,321.41650390625,322.9543819153708,319.10968689256873,319.10968689256873,15060000
2012-01-16,315.2649230957031,319.1096172797971,313.72704542206554,319.1096172797971,11710000
2012-01-17,315.2649230957031,317.5717396061595,313.72704542206554,316.0338619325219,13250000
2012-01-18,316.8028564453125,320.6475513050857,312.18922261358466,313.72710055749394,15191000
2012-01-19,319.1096496582031,319.8785885730422,315.2649550840079,319.1096496582031,18531000
2012-01-20,333.7195739746094,334.48851308515,321.41654820596017,322.18548731650077,38726000
2012-01-23,330.6437072753906,333.71946269190585,330.6437072753906,330.6437072753906,17320000
2012-01-24,331.4126892089844,332.9505671171467,329.10587234674085,332.1816281630655,9543000
2012-01-25,337.564208984375,339.1020869296341,332.1816361759681,334.4884530938568,28987000
2012-01-26,335.2574157714844,336.795293825482,331.4127206364903,336.795293825482,20556000
2012-01-27,330.6437072753906,336.0262792542923,329.10582956713296,336.0262792542923,17521000
2012-01-30,329.1058654785156,331.4126822926174,328.3369265404817,329.1058654785156,18434000
2012-01-31,327.56805419921875,330.6438105766762,326.03017601049004,328.33699329358313,16321000
2012-02-01,312.9581298828125,320.64751882342216,312.18919098875153,318.34070214123926,53467000
2012-02-02,306.8066101074219,312.1891822145696,306.0376712349722,311.42024334211993,23588000
2012-02-03,329.874755859375,331.41263350906905,321.41642878605774,322.9543064357518,67758000
2012-02-06,329.1058654785156,335.2573769827869,328.3369265404817,334.488438044753,23742000
2012-02-07,329.1058654785156,330.6437433545834,326.7990486644139,328.3369265404817,15123000
2012-02-08,332.1816711425781,332.1816711425781,328.3369758747242,331.41273208900736,16643000
2012-02-09,328.33697509765625,331.4127313046601,326.79909699415435,329.87485320115815,27525000
2012-02-10,328.33697509765625,332.181670356411,326.79909699415435,331.4127313046601,22769000
2012-02-13,327.56805419921875,329.87487148231185,325.26123691612565,326.03017601049004,12820000
2012-02-14,327.56805419921875,330.6438105766762,326.03017601049004,326.03017601049004,16908000
2012-02-15,336.7952880859375,338.33316611372715,329.10589794698916,329.87483696088395,26484000
2012-02-16,342.1778869628906,345.2536432501975,334.48849624462343,334.48849624462343,41833000
2012-02-17,350.63623046875,352.1741086725603,346.79153495922424,348.32941316303453,36725000
2012-02-20,355.2498779296875,357.5566953188413,353.7119996702516,356.7877561891234,22684000
2012-02-21,352.9429931640625,357.5566270616319,352.9429931640625,354.48087112991897,21823000
2012-02-22,352.9429931640625,352.9429931640625,345.25360333478005,352.17405418113424,31227000
2012-02-23,352.1740417480469,354.48085861539215,349.0982859249198,351.4051027922651,19592000
2012-02-24,353.7119445800781,356.0187616099482,352.17406656016476,352.94300557012144,27531000
2012-02-27,364.4770812988281,368.3217762492377,359.0945083682547,359.86344735833666,41509000
2012-02-28,366.0149230957031,366.78386200976973,357.5565950409705,358.3255339550371,43263000
2012-02-29,363.7081298828125,368.32176366568115,361.4013129913782,367.5528247018697,35626000
2012-03-01,360.6323547363281,368.32174396311547,357.55659904561315,366.0149271950793,28103000
2012-03-02,358.3255615234375,363.7081343360213,355.2498056305324,362.93919536279503,25905000
2012-03-05,361.4012756347656,364.4770311720828,353.71188679147275,356.7876423287899,46722000
2012-03-06,354.4808044433594,363.7080705026225,354.4808044433594,359.86337631126287,43066000
2012-03-07,358.3255615234375,360.6323784431163,349.0982938447224,349.8672328179486,38613000
2012-03-08,361.4012756347656,365.2459700564121,361.4012756347656,362.17021451909494,26467000
2012-03-09,365.2460021972656,367.55281905324836,362.9391853412829,365.2460021972656,41736000
2012-03-12,367.5528869628906,369.09076515101987,363.7081914925675,368.3218260569552,23795000
2012-03-13,375.24224853515625,376.01118756903975,366.01498012855404,369.09073626408815,52339000
2012-03-14,377.5491027832031,379.8559201118174,375.24228545458885,379.0869810022793,34369000
2012-03-15,376.01116943359375,379.08692542078063,373.7043524432036,378.31798642398394,22349000
2012-03-16,385.2384033203125,385.2384033203125,378.317952961265,378.317952961265,48259000
2012-03-19,389.0831298828125,390.62100786653906,381.3937399641799,384.46949593163293,41840000
2012-03-21,382.1627197265625,386.77635416994156,382.1627197265625,385.2384760221485,32082000
2012-03-22,387.5451965332031,387.5451965332031,379.0868688310896,379.8558077130999,33152000
2012-03-23,384.4695129394531,386.77633001708983,382.1626958618164,382.1626958618164,30905000
2012-03-26,397.5414733886719,397.5414733886719,386.00738808725976,386.7763271073539,52819000
2012-03-27,406.7687072753906,407.53764623054263,398.31037876871903,399.079317723871,48204000
2012-03-28,419.96539306640625,420.741669208858,406.7686986447262,408.32125092962974,55244000
2012-03-29,410.6500549316406,424.6230246646643,409.8737788353615,419.18909199071066,56725000
2012-03-30,412.2026672363281,417.6366007027204,405.9924575604512,409.0975623983897,52227000
2012-04-02,426.9519958496094,428.50454856178976,416.08412686434656,417.636679576527,59877000
2012-04-03,427.7282409667969,431.60962246377323,423.8468594698205,430.05706986498274,52242000
2012-04-04,416.0841369628906,428.5045589617829,415.30786058795985,428.5045589617829,52699000
2012-04-05,416.8603210449219,419.9654258571746,405.21617799897433,409.87383521735336,57517000
2012-04-06,409.8738708496094,415.30780474344886,408.32131830851233,413.75525220235187,33270000
2012-04-09,402.88739013671875,408.32132410773426,402.11111385514516,405.2162189814397,36307000
2012-04-10,402.11114501953125,411.4264611203698,400.55859233605815,407.5450794116871,30323000
2012-04-11,399.7821960449219,402.11102437139715,394.34826328314625,395.1245393919713,41373000
2012-04-12,400.5584411621094,403.6635453571645,392.7956806744716,403.6635453571645,42000000
2012-04-13,405.21612548828125,409.0975060006211,401.33474497594136,402.88729718087734,35367000
2012-04-16,390.46685791015625,401.3347227426457,390.46685791015625,398.2296185047916,37493000
2012-04-17,387.3618469238281,392.79578064821044,385.0330181848071,391.2432281555298,27214000
2012-04-18,399.7821960449219,402.8873004802222,396.6770916096215,398.2296438272717,28115000
2012-04-19,409.8738708496094,413.75525220235187,402.88738441467285,402.88738441467285,59700000
2012-04-20,416.0841369628906,417.6366897127521,406.7688204637214,409.0976495885137,45243000
2012-04-23,408.32122802734375,419.18909341210195,408.32122802734375,416.86026511536807,32028000
2012-04-24,397.45343017578125,404.4399162530899,395.9008777141571,402.88736379146576,49408000
2012-04-25,397.45343017578125,399.0059826374054,392.7957727909088,397.45343017578125,46331000
2012-04-26,399.7821960449219,404.4398526978724,394.34826328314625,395.9008155007964,55183000
2012-04-27,397.45343017578125,405.99246871471405,393.5720490217209,399.0059826374054,42122000
2012-05-01,388.1380615234375,388.1380615234375,388.1380615234375,388.1380615234375,1000
2012-05-02,381.927978515625,388.1381895483994,381.927978515625,388.1381895483994,20595000
2012-05-07,363.2972412109375,375.71765971387555,360.9684127416366,370.28372661884015,51613000
2012-05-08,372.612548828125,375.7176534016927,368.73116811116535,370.2837203979492,31478000
2012-05-09,369.5074462890625,377.27020776572346,365.626065550732,370.28372243672857,43063000
2012-05-10,375.7176208496094,376.49389692574493,368.7311361643894,375.7176208496094,40611000
2012-05-11,388.91436767578125,388.91436767578125,378.8227772969686,379.59905347995414,54149000
2012-05-14,383.48040771484375,392.7957212625727,381.9278554568889,390.4668928756405,31133000
2012-05-15,372.612548828125,378.8227579752604,369.5074442545573,378.8227579752604,34623000
2012-05-16,368.731201171875,372.6125822368421,366.40237253289473,372.6125822368421,33249000
2012-05-17,380.37530517578125,381.9278574418048,367.17861091458064,369.50743931361603,38623000
2012-05-18,364.07354736328125,372.61258578758,364.07354736328125,368.731204685626,49226000
2012-05-21,358.63958740234375,367.9549013608462,358.63958740234375,364.0735205448035,37084000
2012-05-22,367.1785888671875,367.9548649535875,361.7446562623877,363.29720843518766,29101000
2012-05-23,357.0870361328125,364.07352162236754,354.7582076362942,363.2972454568614,32398000
2012-05-24,356.310791015625,358.63961971507354,350.8768573835784,354.758238549326,31527000
2012-05-25,354.7581787109375,358.63955922199807,352.42935040430115,355.53445481314964,25682000
2012-05-28,353.2057189941406,357.08710052154873,352.429442688659,354.75827160510386,23271000
2012-05-29,356.310791015625,357.0870672487745,346.2191999846814,351.6531336167279,32725000
2012-05-30,350.87689208984375,355.5345499494435,345.4429579203108,354.7582736395102,29120000
2012-05-31,348.54803466796875,348.54803466796875,341.5615484496799,344.66665343558606,47595000
2012-06-01,339.2326965332031,344.6666298872819,336.1275917594439,342.33780130696243,31648000
2012-06-04,330.69366455078125,333.02249317437827,327.5885597193185,329.14111213504987,35859000
2012-06-05,343.89031982421875,344.66659594120347,336.12755865437185,336.9038347713565,40962000
2012-06-06,349.3243408203125,350.87689344618053,340.7853013780382,346.2192355685764,34276000
2012-06-07,356.310791015625,356.310791015625,356.310791015625,356.310791015625,25240000
2012-06-08,346.9954528808594,354.75821469027454,346.21917669991785,354.75821469027454,32290000
2012-06-11,360.19207763671875,361.7446296954977,354.7581454309924,356.3106974897713,30580000
2012-06-12,360.96844482421875,360.96844482421875,351.6531301190776,352.42940634450605,23511000
2012-06-13,369.5074462890625,369.5074462890625,361.7446848124015,361.7446848124015,33297000
2012-06-14,363.2972412109375,369.5074504624065,362.52096505450385,366.402345836672,28494000
2012-06-15,361.7447204589844,367.95493025227165,357.86333933817986,366.40237780394983,24913000
2012-06-18,372.612548828125,374.9413772583008,371.05999654134115,371.05999654134115,23579000
2012-06-19,367.9549560546875,371.06006116907304,367.9549560546875,370.2837848904767,14691000
2012-06-20,375.7176208496094,375.7176208496094,371.83624046893163,374.16506869733826,16368000
2012-06-21,374.94134521484375,378.04644952304125,372.6125169836957,376.4938973689425,26140000
2012-06-22,374.94134521484375,378.04644952304125,371.8362409066463,371.8362409066463,25099000
2012-06-25,367.1785888671875,376.4939019039872,366.40231278078755,375.7176258175872,16136000
2012-06-26,366.40240478515625,367.17868106648075,360.96847081588487,361.7447470972093,27365000
2012-06-27,367.1785888671875,367.1785888671875,358.6395519167878,361.7446562623877,20282000
2012-06-28,371.8362731933594,372.6125493378131,367.9548924710905,367.9548924710905,18638000
2012-06-29,378.0465087890625,380.375337385299,367.1786420066254,367.1786420066254,25587000
2012-07-02,376.4939270019531,383.48041224528833,375.71765086380475,382.70413610713996,18269000
2012-07-03,380.37530517578125,381.9278574418048,377.27020064373403,377.27020064373403,14899000
2012-07-04,385.80926513671875,386.58554132411655,382.70416038712744,383.4804365745253,24038000
2012-07-05,385.03302001953125,385.8092962695706,381.15163876933434,382.7041912694131,27622000
2012-07-06,383.48040771484375,385.809236101776,381.1515793279115,385.809236101776,17774000
2012-07-09,373.5733642578125,378.822847635713,370.283808037367,376.4940186543459,21529000
2012-07-10,370.08636474609375,374.16515539012505,367.17866908616,372.6126028781328,16517000
2012-07-11,366.40240478515625,371.06006247310313,362.5210233785338,371.06006247310313,15566000
2012-07-12,360.1869201660156,367.17868974934373,358.6396504528474,364.84986085029925,21290000
2012-07-13,357.0870361328125,360.192140794837,354.7582076362942,357.0870361328125,22619000
2012-07-17,355.8553466796875,360.1920974829725,352.4293367613567,358.6395453386493,22176000
2012-07-18,354.9891662597656,357.08706413277946,351.6531305481502,354.7582354536527,20214000
2012-07-19,361.33978271484375,362.52096953240573,357.8633125362721,357.8633125362721,23137000
2012-07-20,358.63958740234375,363.29724438159496,354.75820658630107,361.7446920551779,15150000
2012-07-23,353.2057189941406,354.75827160510386,350.87689007769575,351.6531663831774,13799000
2012-07-24,343.89031982421875,351.6530809940657,342.33776759024937,350.1005287600963,22065000
2012-07-25,336.9039611816406,341.56161963115636,334.57513195688273,336.9039611816406,26940000
2012-07-26,342.33782958984375,346.21921087771045,339.2327245595504,343.1141058474171,25610000
2012-07-27,352.42938232421875,352.42938232421875,344.6666205990157,349.3242776341375,21517000
2012-07-30,353.9819641113281,357.0870690596731,350.1005829258969,355.5345165855006,18115000
2012-07-31,362.52093505859375,364.84976333520143,354.7581741365682,357.08700241317587,27351000
2012-08-01,355.5345153808594,357.86334408422744,352.42941044303524,355.5345153808594,17724000
2012-08-02,357.8633117675781,359.4158640962878,350.1005501240298,353.981930945804,14629000
2012-08-03,349.3243408203125,350.87689344618053,344.66668294270835,350.10061713324654,21512000
2012-08-06,356.79412841796875,359.4159324869615,353.20572199042647,357.08710355076084,23887000
2012-08-07,357.0819396972656,358.6395377928062,355.53443356949185,356.31070962532044,14235000
2012-08-08,355.5345153808594,362.52100149096356,352.42941044303524,362.52100149096356,26846000
2012-08-09,353.9819641113281,357.0870690596731,350.1005829258969,353.9819641113281,25172000
2012-08-10,350.87689208984375,353.98199732957687,349.3243394699772,350.87689208984375,14849000
2012-08-13,353.4501647949219,353.98198322104264,348.54804926808805,351.65315438406213,12770000
2012-08-14,350.87689208984375,354.7582736395102,345.4429579203108,353.98199732957687,21203000
2012-08-15,344.6666564941406,348.5480377609665,343.8903802407754,346.99548525423614,14024000
2012-08-16,363.2972412109375,364.84979352380475,346.2191657693977,346.2191657693977,42395000
2012-08-17,371.05999755859375,372.6125498496339,365.6260645399533,365.6260645399533,30996000
2012-08-20,368.731201171875,372.6125822368421,364.0735438939145,372.6125822368421,15524000
2012-08-21,369.4615783691406,372.61247522143213,367.1785432911196,367.1785432911196,15431000
2012-08-22,370.2837829589844,374.16516433172006,367.17867786079586,369.50750668443726,21497000
2012-08-23,370.633056640625,372.61255134361073,364.07351370865297,364.8497898572855,21659000
2012-08-24,367.1785888671875,368.73114103998745,364.8497606079876,368.73114103998745,11395000
2012-08-27,367.9549560546875,373.3888900048622,367.17867977609114,370.2837848904767,12786000
2012-08-28,360.96844482421875,367.9549308530746,358.63961614793345,366.4023784022178,17359000
2012-08-29,364.84979248046875,365.6260686346825,358.63958324675866,360.19213555518616,16595000
2012-08-30,357.8633117675781,364.0735210824168,356.31075943886844,364.0735210824168,18479000
2012-08-31,348.54803466796875,357.0870733792108,345.4429296820626,353.205692146828,33671000
2012-09-03,346.2191467285156,353.20563175218524,342.3377661598103,345.44287061477456,27648000
2012-09-04,350.10052490234375,353.20562933606743,346.99542046862007,349.32424879391283,21855000
2012-09-05,343.89031982421875,347.7717004091422,343.89031982421875,346.21914817517285,19359000
2012-09-06,342.33782958984375,344.6666583625638,341.5615533322704,343.1141058474171,16358000
2012-09-07,355.5345153808594,355.5345153808594,347.7717530362991,352.42941044303524,24193000
2012-09-10,355.5345153808594,355.5345153808594,350.8768579741232,353.9819629119473,14236000
2012-09-11,351.65313720703125,353.2056896891815,350.100584724881,350.8768609659561,11073000
2012-09-12,355.5345153808594,355.5345153808594,349.32430550521116,354.7582391464033,21262000
2012-09-13,354.7581787109375,356.3107309153617,351.653074302089,353.98190260872536,11468000
2012-09-14,371.05999755859375,372.6125498496339,360.96840766683283,362.520959957873,38040000
2012-09-18,368.731201171875,371.06002981085527,367.17864874588815,371.06002981085527,22507000
2012-09-19,372.612548828125,375.7176534016927,364.0735112508138,367.95489196777345,24757000
2012-09-20,361.7447204589844,370.2837589247544,361.7447204589844,367.95493025227165,24634000
2012-09-21,357.8633117675781,365.62607341112647,357.0870356032233,365.62607341112647,19181000
2012-09-24,353.9819641113281,360.1921740080181,353.9819641113281,358.6396215338456,12748000
2012-09-25,353.9819641113281,355.5345165855006,350.8768591629832,353.2056878742419,20401000
2012-09-26,345.34820556640625,349.2726169932972,345.34820556640625,348.48773470791906,19530000
2012-09-27,341.423828125,345.3482399425287,340.63894576149426,341.423828125,29525000
2012-09-28,340.6390075683594,350.0575976393739,340.6390075683594,349.2727151334561,33168000
2012-10-01,340.6390075683594,344.5634200979488,338.28436005060576,341.42389007427727,21164000
2012-10-02,339.8539733886719,342.9935020112,339.06909123303984,342.9935020112,18679000
2012-10-03,335.9297180175781,342.2087781674394,335.14483549884545,339.85413061124143,22207000
2012-10-04,344.5633544921875,346.9180015616102,335.929648570971,339.8540603533421,32106000
2012-10-05,344.5633544921875,348.4877662745587,341.4238250662906,343.7784721357133,28472000
2012-10-09,331.2203063964844,343.7784222788156,331.2203063964844,342.20865779352414,23740000
2012-10-10,321.8017578125,327.2959341653964,321.8017578125,325.7261694931403,37131000
2012-10-11,317.8773498535156,325.72617330668885,317.8773498535156,317.8773498535156,39100000
2012-10-12,317.09246826171875,323.37152703917855,316.3075859145363,319.4471153032662,32030000
2012-10-15,323.37152099609375,324.1564033286085,314.73781533843106,317.8773446684902,28137000
2012-10-16,324.9412841796875,326.5110488375604,319.4471078771324,325.726166508624,26739000
2012-10-17,332.79010009765625,336.7145116554116,328.0808062283498,329.6505708514519,36001000
2012-10-18,342.99359130859375,342.99359130859375,334.3598853488809,336.71453242880256,33357000
2012-10-19,345.34820556640625,348.48773470791906,339.8540295687589,342.2086764248935,33053000
2012-10-22,342.20867919921875,343.7784437827014,337.4993854487708,339.8540323239948,23608000
2012-10-23,330.4353942871094,341.42374469095625,329.65051211540606,340.63886251925294,40351000
2012-10-24,330.4353942871094,332.00515863051606,326.5109834285927,327.295865600296,40207000
2012-10-25,331.2203063964844,331.2203063964844,327.2958951832559,328.0807774259016,27135000
2012-10-26,321.8017578125,329.6505811737805,321.016875476372,328.0808165015244,37235000
2012-10-29,322.586669921875,325.72619955615113,321.80178751330595,323.37155233044405,19590000
2012-10-30,321.8017578125,326.5110518292683,317.8773461318598,323.3715224847561,21613000
2012-10-31,332.00518798828125,334.3598347116024,325.72613005942486,325.72613005942486,37474000
2012-11-01,329.6506042480469,331.22036903018045,324.1564275105794,330.43548663911366,32597000
2012-11-02,335.1448059082031,337.4994532565043,332.79015855990195,334.3599234587694,25414000
2012-11-05,331.2203063964844,335.14471760971287,329.650541911193,335.14471760971287,20220000
2012-11-06,328.86566162109375,331.2203083630109,327.2958971264823,328.86566162109375,18587000
2012-11-07,329.6506042480469,332.79013381231397,326.5110746837798,332.79013381231397,22062000
2012-11-08,324.9412841796875,327.29593116649687,324.1564018507511,324.9412841796875,16539000
2012-11-09,326.5111083984375,328.8657558147724,321.80181356576776,322.5866960378794,18361000
2012-11-12,319.4471435546875,323.3715556376689,318.6622611380912,322.58667322107266,20051000
2012-11-13,321.0169677734375,324.9413805824037,319.44720264985096,321.0169677734375,26202000
2012-11-14,317.09246826171875,321.8017623448136,316.3075859145363,321.0168799976311,20531000
2012-11-15,328.080810546875,328.080810546875,316.30757571863785,317.87734036240283,30679000
2012-11-16,340.6390075683594,342.20877258019516,330.43553499142695,332.7901825091806,38189000
2012-11-19,350.05755615234375,351.627320978139,345.34826167495794,346.91802650075323,40350000
2012-11-20,348.48773193359375,350.8423787709829,345.3482028170749,350.8423787709829,16809000
2012-11-21,350.8424377441406,355.55173221050495,347.7029080998978,350.0575553330799,26128000
2012-11-22,355.5516357421875,358.691164534613,353.98187134597475,357.12140013840025,26089000
2012-11-26,356.3365783691406,361.045872356398,355.5516960379311,359.47610769397886,20298000
2012-11-27,354.7668151855469,356.33657985450947,351.6272858476217,353.1970505165843,20310000
2012-11-28,348.48773193359375,353.19702560837203,347.70284965446405,352.4121433292423,18380000
2012-11-29,358.6912536621094,360.26101844837683,353.98195930330706,354.7668416964408,32647000
2012-11-30,373.6039123535156,375.1736766911354,366.5399728342265,367.32485500303636,52633000
2012-12-03,372.8191223144531,375.17376940275494,370.4644752261513,375.17376940275494,18986000
2012-12-04,365.75518798828125,368.89471749891027,363.4005408553095,368.109835121253,25184000
2012-12-05,364.1853942871094,367.3249235482051,360.26098271073965,363.40051197183544,23186000
2012-12-06,367.3249816894531,370.4645114474826,365.75521681043836,369.6796290079753,12414000
2012-12-07,368.1098327636719,370.4644798815632,367.32495039104145,368.1098327636719,10176000
2012-12-10,364.1853942871094,369.67957049402696,362.61562965656145,369.67957049402696,10173000
2012-12-11,364.97027587890625,364.97027587890625,361.8307466240339,362.615628937752,12989000
2012-12-12,372.8191223144531,375.17376940275494,367.32494577508226,368.8947105006168,26298000
2012-12-13,378.3132629394531,381.45279209247764,374.38885149817247,376.7434983629409,30371000
2012-12-14,370.4644775390625,373.6040070097325,367.3249480683925,372.0342422743975,44325000
2012-12-17,373.6039123535156,375.95855885994536,371.2492658470859,375.95855885994536,30181000
2012-12-18,382.2377014160156,384.5923484473258,375.9586426658552,376.7435250096253,35640000
2012-12-19,389.30169677734375,390.08657923052385,386.9470494178033,388.5168143241636,29474000
2012-12-20,383.8074645996094,389.30164098447085,383.0225822589149,384.59234694030386,36140000
2012-12-21,378.3132629394531,388.5167326867828,375.1737337864286,387.73185039852666,28604000
2012-12-25,379.883056640625,387.73188012493546,379.883056640625,384.5923507312113,19213000
2012-12-26,387.7319030761719,388.5167854710629,383.80749110171666,384.5923734966077,19476000
2012-12-27,393.2260437011719,397.15045531495605,390.8713967329014,391.6562790556582,27462000
2012-12-28,395.5807800292969,398.7203100295294,393.22613252912254,397.93542752947127,21552000
2013-01-04,415.9877014160156,415.9877014160156,408.9237593164984,411.2784066830041,42164000
2013-01-07,412.8481140136719,423.8364668581422,410.4934669755711,423.8364668581422,36064000
2013-01-08,408.9237060546875,412.0632354677753,406.5690589948716,409.70858840795944,30543000
2013-01-09,423.83648681640625,426.19113396538626,405.7841920075593,406.56907439055266,48310000
2013-01-10,422.2668151855469,426.97611052218866,421.4819326294399,426.19122796608167,25891000
2013-01-11,423.0516052246094,427.7608995313768,421.4818404556869,426.19113476245434,32072000
2013-01-15,426.97601318359375,427.7608955607695,423.83648367489087,425.40624842924234,23472000
2013-01-16,414.4178466796875,422.2666695334695,413.63296439430934,421.4817872480913,30937000
2013-01-17,414.4178466796875,422.2666695334695,408.13878839666194,420.69690496271306,34347000
2013-01-18,431.6853942871094,432.47027682217686,424.62145147150216,425.40633400656964,48630000
2013-01-21,424.6213684082031,432.47019222351184,423.05160364514137,431.685309841981,28746000
2013-01-22,423.83648681640625,429.33066349735964,419.1271925184462,425.40625158239294,30082000
2013-01-23,411.2783203125,419.91202550989976,409.70855573115455,418.34226092855437,28356000
2013-01-24,417.55743408203125,421.4818460564864,404.9993157637747,406.5690805535567,28932000
2013-01-25,440.3190002441406,440.3190002441407,425.4062355299897,427.7608825901188,54978000
2013-01-28,433.2550964355469,442.67368548849356,433.2550964355469,441.88880306741464,35859000
2013-01-29,429.3306884765625,436.39463033449493,428.54580604790334,430.11557090522166,35280000
2013-01-30,428.5458068847656,430.9004541753413,423.83651230361437,430.1155717451494,41332000
2013-01-31,425.4062194824219,429.3306311012634,421.48180786358034,425.4062194824219,42859000
2013-02-01,427.7608642578125,432.47015817624714,426.9759819380734,430.1155112170298,30802000
2013-02-04,445.0283508300781,445.81323328304126,432.47023158266853,434.03999648859474,42549000
2013-02-05,416.7725524902344,422.2667292650586,414.417905301024,415.98767009383096,88856000
2013-02-06,422.2668151855469,428.5458756344026,417.5575198489051,423.8365802977608,73466000
2013-02-07,421.48187255859375,424.6214023355665,416.7725778931346,420.69699011435057,52158000
2013-02-08,412.0633544921875,419.1272977120536,410.49358933221725,416.7726499720982,42685000
2013-02-12,415.9877014160156,419.9121136935252,412.06328913850604,415.2028189605137,38224000
2013-02-13,412.0633544921875,415.9877673921131,408.923824172247,415.20288481212793,31188000
2013-02-14,410.493408203125,413.6329371377569,401.0748213992292,409.708525969467,41616000
2013-02-15,405.7842102050781,408.9237398778447,396.36562118677847,405.7842102050781,40846000
2013-02-18,407.3539733886719,413.6330327087285,405.7842085586577,412.0632678787143,27024000
2013-02-19,403.4295654296875,406.56909512174735,401.8598005836576,404.21444785270245,19703000
2013-02-20,411.2783203125,412.06320260317267,404.2143796964456,404.2143796964456,25808000
2013-02-21,409.7086181640625,410.4935005743385,406.56908852295857,408.13885334351056,23517000
2013-02-22,406.5691223144531,407.35400478996365,398.72029755934784,404.21447488792154,25799000
2013-02-25,415.9877014160156,418.34234878252136,412.06328913850604,412.84817159400797,28354000
2013-02-26,405.7842102050781,410.493504714228,404.9993277868865,405.7842102050781,31075000
2013-02-27,399.5050964355469,405.78415492569303,397.93533181301035,404.2143903031565,47546000
2013-02-28,408.1388244628906,408.1388244628906,403.4295303344727,404.214412689209,33868000
2013-03-01,408.9237060546875,412.0632354677753,406.5690589948716,407.3539413481436,23940000
2013-03-04,401.8597717285156,411.2783601284027,401.8597717285156,410.49347776174545,31522000
2013-03-05,404.9992980957031,408.9237098989561,403.42953337440196,404.9992980957031,26697000
2013-03-06,420.69696044921875,421.48184283811656,410.4934893935474,411.27837178244516,48005000
2013-03-07,422.2668151855469,429.3307581905095,421.4819326294399,425.40634540997473,36000000
2013-03-08,426.1911315917969,432.4701906207736,424.62136683455265,427.76089634904105,51978000
2013-03-11,436.3946838378906,441.1039789872204,431.68538868856086,432.47027121344917,36599000
2013-03-12,433.2550964355469,441.1039206463358,431.6853315933891,438.7492733830991,25580000
2013-03-13,430.90045166015625,434.82486378820863,428.54580438332476,431.6853340857667,19078000
2013-03-14,431.6853942871094,432.47027682217686,424.62145147150216,429.330746681907,28032000
2013-03-15,440.3190002441406,441.10388259751704,435.60970612388246,439.53411789076426,45556000
2013-03-18,425.4062194824219,434.82480736764154,424.62133715865355,434.0399250438732,27351000
2013-03-19,434.82489013671875,435.6097726098897,426.976065405009,426.976065405009,27593000
2013-03-21,445.8132629394531,453.66208799120403,438.7493203928773,439.53420289805234,52220000
2013-03-22,440.3190002441406,446.59805907115157,439.53411789076426,446.59805907115157,27980000
2013-03-25,443.45855712890625,447.38296913889656,442.6736747269082,444.2434395309043,16963000
2013-03-26,436.3946838378906,440.3190964623321,434.0400362632257,435.6098013130023,26670000
2013-03-27,436.3946838378906,441.1467130629856,435.60267896704147,437.97869357958893,15441000
2013-03-28,432.4344787597656,440.35452415829616,428.4744560605004,437.978510538737,24285000
2013-03-29,430.05853271484375,434.0185560363432,427.682518721944,432.43454670774344,13327000
2013-04-01,418.9705810546875,431.6426591206138,418.1785761755671,430.85065424149343,16807000
2013-04-02,415.010498046875,418.1785171159351,412.63448374507993,415.010498046875,27377000
2013-04-03,419.762451171875,420.5544557967276,414.21841879790685,417.38643729731723,20891000
2013-04-04,420.5544128417969,422.1384219297132,402.3383083307586,409.46634922638225,41504000
2013-04-05,433.2265625,447.4826468235832,431.642553130713,442.73061871572213,46101000
2013-04-08,443.52276611328125,449.06680068969723,439.56274141584123,445.89878093174525,31387000
2013-04-09,450.650634765625,453.02664865718367,443.52259309094904,449.85863013510544,44471000
2013-04-10,463.32275390625,468.0747821514423,449.0666691706731,451.4426832932692,50983000
2013-04-11,497.37890625,498.1709108777866,475.2027766719745,475.2027766719745,74313000
2013-04-12,500.5469970703125,512.4270682033103,495.7949686171133,498.17098284371286,41558000
2013-04-15,484.7068786621094,498.1709586249458,480.7468551436281,497.3789539212495,33702000
2013-04-16,472.826904296875,479.954948080245,464.90685564868613,468.86687997278057,41889000
2013-04-17,481.5388488769531,483.12285824825886,475.99481607738295,479.9548395056473,27553000
2013-04-18,471.2429504394531,482.3310198615579,471.24295043945307,476.7869851505055,24052000
2013-04-19,476.7867431640625,478.37075227756435,466.49068392630033,468.86669759655314,26714000
2013-04-22,485.49884033203125,492.62688203348034,483.91483106504256,491.04287276649166,21645000
2013-04-23,491.04296875,497.3790070564516,484.7069304435484,487.08294480846774,29463000
2013-04-24,491.8349304199219,496.5869587331578,488.66691154443123,495.0029492954125,18488000
2013-04-25,495.7949523925781,498.1709665414244,491.0429240948857,493.41893824373193,21896000
2013-04-26,492.626953125,501.3390053506833,491.04294362942125,500.54700060289395,24157000
2013-04-30,492.626953125,494.2109626205788,483.91490089931676,487.08291989047433,26031000
2013-05-01,483.1229248046875,494.21099193135245,481.5389152151639,494.21099193135245,15478000
2013-05-02,483.1229248046875,491.83497754706707,479.1629008308786,479.1629008308786,19013000
2013-05-07,503.7149963378906,505.2990057603368,494.2109398032134,498.17096335932894,33006000
2013-05-08,506.8829345703125,517.9709987640381,502.1309070587158,503.71491622924805,41242000
2013-05-09,497.37890625,513.2189988057324,497.37890625,512.4269941779459,23329000
2013-05-10,510.84320068359375,517.179240381995,507.6751808343932,511.6352056458939,32978000
2013-05-13,550.4432983398438,556.7793363063456,529.8511749487129,530.6431796945257,55755000
2013-05-14,570.2434692382812,576.5795077853733,555.9873825073242,556.7793873257107,54235000
2013-05-15,585.29150390625,613.8036745972175,581.3314801991712,590.0435323547447,52906000
2013-05-16,587.6674194335938,600.3394931680109,571.0353226571713,595.5874655176045,33750000
2013-05-17,606.6755981445312,607.4676028418478,582.1234525277159,587.6674854089323,45354000
2013-05-20,622.515625,634.3956941793892,617.7635973282443,623.3076296119592,49421000
2013-05-21,607.4676513671875,624.8917561000143,605.8836418460214,616.971708494184,37145000
2013-05-22,608.2594604492188,616.1795055071512,607.4674559434254,615.387501001358,20003000
2013-05-23,563.9075317382812,622.5158988009678,562.323521817668,612.2198343169823,57431000
2013-05-24,570.2434692382812,591.6275993347168,545.6913198682997,583.7075511508517,42522000
2013-05-27,537.7713012695312,556.779417956525,536.187291545615,547.2753596130281,31251000
2013-05-28,552.0272216796875,555.9872447907326,529.0590876356259,529.8510922578349,34775000
2013-05-29,555.9871826171875,573.4112823573273,555.1951780835448,573.4112823573273,26113000
2013-05-30,541.7313842773438,550.4434387028566,533.8113347996049,544.8994040684394,31207000
2013-05-31,554.4034423828125,557.5714620535714,537.7713391113281,548.8594079589843,40424000
2013-06-03,524.3070678710938,544.8991883614992,520.3470446998618,541.7311698245137,30153000
2013-06-04,534.6031494140625,536.1871587456596,499.75494411892356,515.5950374348959,40664000
2013-06-05,518.7631225585938,552.027322783725,517.9711177913288,541.7312608092797,35653000
2013-06-06,513.2190551757812,533.0191730452173,505.2990080280068,506.09101274278424,35652000
2013-06-07,500.5469970703125,514.0110776877101,483.9148974841154,501.3390018125123,39372000
2013-06-10,530.6431274414062,532.2271367770522,517.1790480884154,524.3070900988223,19927000
2013-06-11,521.1390991210938,533.8111744796613,515.5950661517204,532.2271650598404,21867000
2013-06-12,526.6831665039062,532.2271998355263,509.25906174738606,514.0110903173461,24277000
2013-06-13,499.7548828125,517.178983322603,498.17087367521793,513.2189604793978,27833000
2013-06-14,509.2588806152344,521.1389478146566,502.9228447755425,514.8029119749648,36815000
2013-06-17,510.84320068359375,511.6352056458939,496.58711136219114,498.9631262490916,23162000
2013-06-18,525.0990600585938,526.6830692895397,514.8030000574448,516.3870092883908,24416000
2013-06-19,519.5550537109375,533.0191328467392,513.2190164705602,530.6431188815977,35784000
2013-06-20,507.6750183105469,519.5550889418389,506.8830136017941,513.2190512718165,26556000
2013-06-21,511.6351318359375,511.6351318359375,485.4989718505103,492.62701548289954,27064000
2013-06-24,495.7949523925781,514.8030655833479,492.62693352744986,514.8030655833479,21506000
2013-06-25,495.00286865234375,502.92291455078123,487.87482734375,488.66683193359376,36368000
2013-06-26,488.66680908203125,506.8829137965964,487.8748045292241,499.75487282133184,26579000
2013-06-27,491.8349304199219,496.5869587331578,481.5388690745773,495.0029492954125,32932000
2013-06-28,504.5069885253906,512.4270354410169,498.96295568445225,501.3389697591401,30280000
2013-07-01,505.2991027832031,510.0511319629825,498.9630638768307,509.2591270996859,27143000
2013-07-02,533.8111572265625,533.8111572265625,514.0110401187522,517.9710635403143,40989000
2013-07-03,533.8111572265625,541.7312040696866,529.059129120688,540.9391993853741,19394000
2013-07-04,521.93115234375,532.2272145295902,521.1391475602238,530.6432049625379,19130000
2013-07-05,544.8992309570312,545.6912356531898,533.8111652108126,535.3951746031296,41558000
2013-07-08,533.8111572265625,553.6112743343726,532.2271478579377,552.8192696500603,31615000
2013-07-09,534.6031494140625,542.5231960720486,529.0591167534722,542.5231960720486,27677000
2013-07-10,525.8909912109375,534.6030407641307,521.138964181923,532.2270272496235,23581000
2013-07-11,514.802978515625,517.970996844952,506.8829326923077,511.6349601862981,46383000
2013-07-12,521.93115234375,525.8911762613809,514.8031092920144,514.8031092920144,26681000
2013-07-16,527.4751586914062,529.0591681769661,521.931125491947,528.2671634341862,33309000
2013-07-17,536.1873168945312,539.3553364921355,525.0992483029161,527.4752630011194,32535000
2013-07-18,539.3551025390625,540.9391116507778,533.0190660922012,536.9790888714896,123819000
2013-07-19,533.8111572265625,548.8592462284983,530.6431384893128,548.0672415441858,38820000
2013-07-22,537.7713012695312,540.1473158554055,532.2272672358247,540.1473158554055,14449000
2013-07-23,547.275146484375,549.6511601449439,533.0190645209615,533.8110690744844,26948000
2013-07-24,540.9390869140625,544.899109512262,538.5630733551427,542.5230959533424,16262000
2013-07-25,540.9390869140625,548.8591321104617,536.979064315863,543.3151004729823,22051000
2013-07-26,519.5550537109375,530.6431188815977,515.5950304357017,529.8511142265505,28279000
2013-07-29,502.1309814453125,511.6350378764541,500.5469720401222,503.7149908505028,23493000
2013-07-30,506.8829345703125,509.25894832611084,495.7948703765869,500.5468978881836,24578000
2013-07-31,521.1390991210938,537.7711980292137,521.1390991210938,533.0191697697509,51697000
2013-08-01,528.2670288085938,533.0190560542483,518.7629743172847,519.5549788582272,23048000
2013-08-02,531.43505859375,536.9790905015834,523.5150130111308,536.1870859433216,26468000
2013-08-05,522.72314453125,525.8911635890152,517.1791111801609,522.72314453125,19679000
2013-08-06,522.72314453125,523.5151492956912,512.4270825935132,518.7631207090435,20354000
2013-08-07,507.6750183105469,516.3870701068278,507.6750183105469,512.4270465630638,23362000
2013-08-08,498.96295166015625,506.8829985119048,496.5869376046317,500.546961030506,29738000
2013-08-09,499.7548828125,505.2989147929873,496.5868645379358,503.71490565570525,18131000
2013-08-12,496.5870056152344,499.7550247898132,492.6269816470108,498.9630199961685,14395000
2013-08-13,500.5469970703125,503.7150160391119,495.00296387491346,498.96298758591274,16494000
2013-08-14,502.9229736328125,507.6750017301304,498.1709455354946,507.6750017301304,21449000
2013-08-15,494.21087646484375,505.29894100091394,492.62686724540515,499.75490873287885,23858000
2013-08-16,491.8349304199219,495.0029492954125,487.8749068255586,488.66691154443123,18647000
2013-08-19,496.5870056152344,496.5870056152344,488.66695767878724,493.4189864406555,14504000
2013-08-20,491.04296875,497.3790070564516,490.2509639616935,491.04296875,20889000
2013-08-21,483.9149169921875,491.83496473346713,481.5389026698036,489.45895041108326,19958000
2013-08-22,475.20281982421875,480.74685272216794,470.45079162597654,480.74685272216794,23766000
2013-08-23,489.45904541015625,495.0030799050933,483.123005987371,484.7070158430673,23284000
2013-08-26,488.66680908203125,496.5868546101031,486.2907954236097,487.8748045292241,15385000
2013-08-27,484.7068786621094,490.2509115879832,482.3308645510206,483.1228692547169,11916000
2013-08-28,475.20281982421875,477.57883392333986,466.4907681274414,468.8667822265625,20923000
2013-08-29,474.410888671875,476.7869031393468,470.4508645594219,472.8268790268938,13746000
2013-08-30,469.65875244140625,479.9548127816057,468.8667477998524,478.3708034984981,19249000
2013-09-02,469.65875244140625,472.03476636606763,467.2827385167448,470.45075708296,11840000
2013-09-03,480.746826171875,483.1228401397755,475.2027935801071,476.7868028920407,16490000
2013-09-04,477.578857421875,479.1628668992278,474.41083846716936,475.2028432058458,18789000
2013-09-05,478.37091064453125,484.70694919611446,475.9948961876876,481.53892992032286,29272000
2013-09-06,467.2827453613281,476.7868011991856,464.90673140186374,475.20279189287606,44448000
2013-09-09,479.9548645019531,481.5388739557549,476.7868455943495,481.5388739557549,22972000
2013-09-10,493.4188537597656,495.0028629211132,483.12279421100646,483.12279421100646,23687000
2013-09-11,499.7548828125,506.0909193616284,498.17087367521793,500.54688738114106,23293000
2013-09-12,499.7548828125,502.9229010870642,496.5868645379358,502.1308965184231,12128000
2013-09-13,501.33892822265625,505.29895135237706,496.5869004669912,500.5469235967121,20766000
2013-09-17,506.8829345703125,514.0109758377075,506.8829345703125,506.8829345703125,17498000
2013-09-18,514.802978515625,516.3869876802885,509.25894643930286,510.0509510216346,19107000
2013-09-19,524.3070678710938,525.0990725053401,515.5950168943837,519.5550400656156,19663000
2013-09-20,525.0990600585938,528.2670785204857,521.1390369812287,526.6830692895397,14950000
2013-09-24,520.3470458984375,524.307069078791,510.8429902655894,520.3470458984375,16476000
2013-09-25,519.5550537109375,523.5150769861733,514.0110211256074,517.179039745796,10857000
2013-09-26,538.709228515625,538.709228515625,521.9493858506944,522.7474735966435,28013000
2013-09-27,530.7283935546875,536.3150082236842,527.5360423152608,534.7188326039709,16854000
2013-09-30,516.3627319335938,524.3436087795535,513.9684688798059,522.7474334103615,17192000
2013-10-01,513.1702880859375,519.5549884042696,512.372200546146,517.9588133246865,21962000
2013-10-02,503.5931396484375,520.3529747239005,502.7950522638916,512.372100878442,24659000
2013-10-03,508.3818054199219,514.7665062729193,505.98754260004785,507.5837178132972,20328000
2013-10-04,501.1990051269531,506.78561824142554,494.81430442469895,497.20856718804424,19521000
2013-10-07,498.80474853515625,503.59327412109377,497.2085733398438,500.4009237304688,16193000
2013-10-08,498.80474853515625,501.99709892578124,495.61239814453126,497.2085733398438,17352000
2013-10-09,502.7951965332031,503.5932841467479,488.42961948939734,494.81432039775547,19069000
2013-10-10,496.4106140136719,498.80487742531335,493.21826279814985,497.20870181755237,25931000
2013-10-11,497.20855712890625,501.1989949870836,493.2181192707288,500.40090741544816,42167000
2013-10-15,498.80474853515625,503.59327412109377,498.00666093750004,501.19901132812504,19224000
2013-10-16,494.016357421875,498.00679649636515,493.218269606977,495.61253305167105,15025000
2013-10-17,495.6125183105469,501.19913284866897,492.4201671459057,499.60295726634837,15350000
2013-10-18,494.016357421875,498.00679649636515,491.62209397718095,495.61253305167105,20054000
2013-10-21,494.81439208984375,498.00674300655237,492.42012890231223,494.01630436066654,15226000
2013-10-22,494.016357421875,494.81444523677305,490.82400616228296,494.01635742187506,19782000
2013-10-23,485.2372741699219,495.6124132557919,483.64109892594183,494.0162380118119,23849000
2013-10-24,525.93994140625,528.3342051759295,508.38200709526745,509.1800950184939,121072000
2013-10-25,518.7569580078125,532.3244476787861,517.9588703801082,525.9397466571514,60917000
2013-10-28,537.1129760742188,541.9015018638848,529.1320997581084,534.7187131793856,51318000
2013-10-29,533.9207763671875,541.1035670806474,529.1322492248809,530.7284249389832,32000000
2013-10-30,534.7186889648438,536.3148641557835,526.7378130101446,527.5359006056145,28832000
2013-10-31,546.6901245117188,555.4690900148266,532.3245445975422,533.9207201435618,73192000
2013-11-01,545.0938110351562,562.6517375985142,540.305285608786,553.8727743168353,55845000
2013-11-05,542.69970703125,551.4786728802849,538.7092680089613,550.6805850758271,26940000
2013-11-06,543.4976196289062,548.2861449119803,537.1129192514742,537.9110067986531,22461000
2013-11-07,544.2958374023438,547.4881883548502,540.3053987117107,544.2958374023438,18099000
2013-11-08,541.901611328125,545.0939624994247,536.3149967783505,537.1130845711755,21105000
2013-11-11,549.0842895507812,552.2766400714253,545.8919390301371,551.4785524412644,22812000
2013-11-12,561.0555419921875,562.6517170760914,548.2861413209571,549.8823164048608,44732000
2013-11-13,549.0842895507812,557.8632534825524,545.0938513999762,556.2670782222305,36779000
2013-11-14,556.2669677734375,560.257405131927,551.4784429432501,555.4688803017397,27997000
2013-11-15,559.45947265625,565.0460865058844,557.0652095778353,561.8537357346647,36235000
2013-11-18,558.6614990234375,566.6423775809152,556.2672354561942,564.2481140136719,24402000
2013-11-19,554.6710205078125,561.055722902147,553.8729327085207,559.4595473035633,18689000
2013-11-20,554.6710205078125,561.055722902147,553.0748449092289,558.6614595042715,17183000
2013-11-21,559.45947265625,561.8537357346647,557.0652095778353,560.2575603490549,24235000
2013-11-22,577.8153076171875,578.6133950586477,565.0459085538242,566.6420834367447,56934000
2013-11-25,583.4022216796875,593.7773637889022,581.0079581160226,586.5945730979074,46970000
2013-11-26,580.209716796875,584.2001550141849,576.219278579565,580.209716796875,25798000
2013-11-27,581.0079345703125,587.3926371480082,581.0079345703125,581.0079345703125,22606000
2013-11-28,607.3447875976562,608.9409631235371,588.9887690500267,589.7868568129671,75759000
2013-11-29,602.5562133789062,622.5084058748965,596.1715117801893,602.5562133789062,139740000
2013-12-02,604.9505615234375,612.1333518317633,599.3639468391841,610.5371762076909,63311000
2013-12-03,604.1522827148438,610.5369831926757,602.5561075953858,608.9408080732177,26404000
2013-12-04,590.5848999023438,598.5657769280512,588.9887244972023,595.3734261177682,29856000
2013-12-05,587.3925170898438,601.7580949534541,586.5944294307543,596.1714813398279,34705000
2013-12-06,590.5848999023438,591.3829876049144,582.6040228766363,587.3925490920608,20287000
2013-12-09,608.1430053710938,608.9410933046516,598.5659501683994,602.5563898361887,34138000
2013-12-10,605.74853515625,608.9408858026597,602.5561845098403,608.1427981410573,21063000
2013-12-11,597.7676391601562,602.5561649745233,592.9791133457892,601.7580773387955,18734000
2013-12-12,600.9599609375,601.7580485350265,593.777172559761,595.3733477548141,23018000
2013-12-13,600.9599609375,608.142749315239,599.3637857424469,602.5561361325531,53318000
2013-12-16,598.5657958984375,606.5466731770833,596.9696204427083,598.5657958984375,34290000
2013-12-17,600.1618041992188,604.1522417271391,597.7675416824666,602.5560667159709,18241000
2013-12-18,612.9312744140625,613.7293620109558,598.5656976699829,598.5656976699829,40072000
2013-12-19,613.7293701171875,618.5178957617949,610.5370196874492,618.5178957617949,29207000
2013-12-20,610.537109375,613.7294602736929,607.3447584763072,610.537109375,25698000
2013-12-24,610.537109375,619.3160743464052,607.3447584763072,613.7294602736929,41232000
2013-12-25,608.9409790039062,610.5371545714132,604.9505400851389,606.5467156526458,22421000
2013-12-26,628.8931274414062,632.0854783421241,611.3351974874583,612.1332852126378,35952000
2013-12-27,630.4891357421875,631.2872232557852,621.7101730926128,628.8929607149921,23796000
2013-12-30,635.2777709960938,636.873946300104,631.287332736068,636.0758586480989,19661000
2014-01-06,654.4320678710938,656.0282436463891,636.0760464551972,637.6722222304926,75798000
2014-01-07,658.4224243164062,665.6052143998579,651.2396342329545,660.0185998905066,72777000
2014-01-08,679.970703125,681.5668784844484,659.2204234521713,662.412774171068,60219000
2014-01-09,672.7877807617188,676.7782183700326,667.9992556317421,676.7782183700326,34204000
2014-01-10,675.1820678710938,676.7782429724438,669.5954550163683,674.3839803204187,29889000
2014-01-14,664.80712890625,667.2013922756602,653.6338998490021,656.0281632184124,38353000
2014-01-15,691.942138671875,696.730665583099,673.5861188455162,676.7784701196656,67421000
2014-01-16,683.1630859375,696.730577130184,682.3649982202833,692.7401385441004,40196000
2014-01-17,687.153564453125,691.1440032710874,679.1726868172002,679.9707745807926,23958000
2014-01-20,684.75927734375,687.1535405512456,679.1726631929268,683.1631018720863,17697000
2014-01-21,690.3458251953125,699.9228771055365,683.9611239218299,685.5572992402006,35041000
2014-01-22,685.557373046875,694.3363382430515,684.759285301768,687.1535485370889,30739000
2014-01-23,675.1820678710938,689.5476437832447,675.1820678710938,680.7686807258191,51516000
2014-01-24,652.03759765625,658.4222987348913,643.2586336731181,656.0280358304008,68476000
2014-01-27,627.2969360351562,632.8835499693116,620.1141466912422,623.3064975107596,71744000
2014-01-28,612.9312744140625,629.691113948822,611.3350992202759,624.1045007705688,73951000
2014-01-29,647.2492065429688,648.0472943438849,632.8836261264787,634.4798017283109,48658000
2014-01-30,633.681640625,635.2778160421914,621.7103249960642,627.2969389562343,38617000
2014-01-31,632.08544921875,652.8357291173453,630.489273841935,651.2395537405304,49076000
2014-02-03,628.094970703125,643.2586358153986,625.7007077906607,637.672022352982,27053000
2014-02-04,597.7676391601562,608.1427784246182,595.3733762529728,602.5561649745233,48385000
2014-02-05,614.527587890625,630.4893434202517,612.1333245611811,626.498904537845,42300000
2014-02-06,605.74853515625,622.5083760499011,604.1523598330451,620.9122007266963,34658000
2014-02-07,622.5084228515625,623.3065105731671,610.537107027494,621.7103351299579,25401000
2014-02-10,638.4700317382812,638.4700317382812,626.4987186431885,634.479594039917,21087000
2014-02-12,648.0472412109375,650.4415044173819,640.8644515916045,645.6529780044932,28170000
2014-02-13,629.6912231445312,644.8548901150587,628.0950476739495,643.2587146444768,21369000
2014-02-14,618.5178833007812,636.0758103106099,610.5370073872227,633.6815475365423,29846000
2014-02-17,627.2969360351562,629.6911991497942,611.3351819375696,617.7198835766043,19272000
2014-02-18,648.0472412109375,651.2395921528633,630.4893110303457,630.4893110303457,34873000
2014-02-19,648.0472412109375,649.6434166819005,640.8644515916045,645.6529780044932,19647000
2014-02-20,628.094970703125,645.6528987278629,626.4987954281488,642.4605481779106,23971000
2014-02-21,648.0472412109375,649.6434166819005,641.6625393270859,644.8548902690118,27237000
2014-02-24,651.2393798828125,658.4221671609317,641.6623301786535,647.2489425060796,32360000
2014-02-25,649.6433715820312,658.4223360628695,648.845283901955,653.6338099824122,22192000
2014-02-26,644.8548583984375,650.4414722707012,644.0567707023998,649.6433845746635,14265000
2014-02-27,648.0472412109375,652.0376798883448,639.2682761206416,643.2587147980488,19435000
2014-02-28,640.8644409179688,651.239581306429,635.277826862644,644.854879528915,18500000
2014-03-03,628.094970703125,631.2873212530774,622.5083572407084,629.6911459781012,21520000
2014-03-04,634.4796142578125,636.0757893880209,620.9121256510417,622.50830078125,19764000
2014-03-05,644.8548583984375,650.4414722707012,640.8644199182492,648.8452968786258,23059000
2014-03-06,656.8262329101562,659.2204962135954,642.460653089521,644.8549163929601,26992000
2014-03-07,656.8262329101562,664.0090228204739,656.0281451423432,662.4128472848478,22289000
2014-03-10,657.6242065429688,660.8165570601676,652.0375931378707,656.826118913669,17121000
2014-03-11,652.8357543945312,660.0185438683097,648.8453157979876,654.4319298331487,16981000
2014-03-12,642.4605712890625,650.4414479510384,641.6624836228649,649.6433602848408,18620000
2014-03-13,632.8834228515625,642.4604733865167,632.8834228515625,641.6623858419372,15947000
2014-03-14,616.1235961914062,626.4987344692408,614.5274210717395,621.7102091102403,33618000
2014-03-17,602.5562133789062,610.5370903773023,596.9695994800289,608.9409149776232,26206000
2014-03-18,601.7579345703125,616.1235086051475,601.7579345703125,614.5273337123881,22474000
2014-03-19,588.9886474609375,603.3542242282774,573.824983095412,596.1714358446075,91194000
2014-03-20,581.0079345703125,597.7677788367638,577.8155832814647,597.7677788367638,35790000
2014-03-24,576.2192993164062,590.5848774157073,573.0269486276727,582.6040006938733,50761000
2014-03-25,584.9982299804688,587.39249285897,557.065163064621,567.4403022047929,51014000
2014-03-26,604.1522827148438,604.9503702745727,591.38288175918,593.7771444383669,48792000
2014-03-27,601.3386840820312,602.1426128040661,588.4758245294745,598.122969193892,32955000
2014-03-28,606.966064453125,606.966064453125,594.1032074580919,599.7307073934189,21668000
2014-03-31,612.59375,616.6133940288713,603.7505331364829,616.6133940288713,27071000
2014-04-01,624.6526489257812,627.06443521507,611.7897887162414,615.8094325317226,28700000
2014-04-02,625.4564819335938,634.2996969737859,625.4564819335938,630.2800537736986,22268000
2014-04-03,627.8683471679688,631.8879908758303,619.0251310106734,626.2604896848242,19910000
2014-04-04,629.4761352539062,631.8879212127334,621.4368487244822,623.8486346833093,14853000
2014-04-07,606.966064453125,620.6328500103477,606.966064453125,619.8289214481581,25809000
2014-04-08,597.3189086914062,606.966051227472,597.3189086914062,599.7306943254226,18825000
2014-04-09,582.8482666015625,594.9071962553879,582.8482666015625,590.0836243938577,23052000
2014-04-10,587.671875,596.515090629275,584.4561602257182,594.9072332421341,18461000
2014-04-11,573.2010498046875,576.4167639690896,561.9460502292799,563.553907311481,40431000
2014-04-14,575.6129150390625,582.8482729096652,568.3775571684597,568.3775571684597,18518000
2014-04-15,584.4561157226562,599.7307597374162,582.8482584579447,599.7307597374162,23171000
2014-04-16,606.966064453125,606.966064453125,590.083564647144,590.8874932093336,24325000
2014-04-17,604.5543212890625,614.201464713888,602.9464640515915,606.9661071452688,21012000
2014-04-18,610.1818237304688,612.5936095950161,606.16218062289,612.5936095950161,13706000
2014-04-21,607.7700805664062,614.2015099903895,606.1622232104105,610.9857952783979,11965000
2014-04-22,599.7308349609375,613.3976234251948,598.9269062277459,610.1819084924283,14577000
2014-04-23,601.3386840820312,606.1622564142401,597.3190404718573,604.5543989701705,12605000
2014-04-24,588.4757690429688,599.7307700902386,587.6718403967352,597.318984151538,19525000
2014-04-25,602.9464111328125,605.3581967773438,589.2796258138021,589.2796258138021,22712000
2014-04-28,588.4757690429688,597.318984151538,584.4561258118009,596.5150555053044,16775000
2014-04-30,584.4561157226562,591.6914734138583,583.6521870903005,587.6718302520793,17258000
2014-05-01,600.53466796875,601.3385965737951,587.6718102880271,590.0835961031627,19311000
2014-05-02,604.5543212890625,606.1621785265334,595.7111064829725,599.7307495766497,14584000
2014-05-07,580.4364624023438,594.1032489132023,579.632533784058,592.4953916766307,26148000
2014-05-08,585.2600708007812,587.6718568068285,576.416855445275,582.8482847947341,20955000
2014-05-09,591.6914672851562,594.9071817812712,583.6521810448688,584.4561096688975,14037000
2014-05-12,587.671875,602.9465201778386,586.8679463064296,594.9072332421341,17878000
2014-05-13,570.7893676757812,578.8286545444543,561.946152120241,569.1815103020467,46166000
2014-05-14,569.9852294921875,578.0245134060406,566.7695159266462,571.5930862749581,28761000
2014-05-15,565.161865234375,568.3775799725507,560.3382931271116,564.3579365498312,25625000
2014-05-16,555.5146484375,560.338219914526,549.0832198014652,558.7303627555174,31305000
2014-05-19,536.2203369140625,556.3185504415761,534.6124798318614,553.1028362771739,39589000
2014-05-20,538.632080078125,541.0438655113106,530.5927953008396,534.6124376894822,32624000
2014-05-21,539.4360961914062,542.651810624738,533.8085959330756,535.4164531497415,18501000
2014-05-22,553.102783203125,556.3184970589572,543.4556416356286,546.6713554914608,28298000
2014-05-23,551.4951171875,557.1226183832908,550.6911884452442,552.2990459297558,28348000
2014-05-26,555.5146484375,561.1421484940304,552.2989341194826,561.1421484940304,18179000
2014-05-27,555.5146484375,561.9460770735348,553.102862698987,557.1225055965086,20652000
2014-05-28,552.2989501953125,559.534307621452,551.4950215924082,557.9264504156432,19406000
2014-05-29,546.6715087890625,549.8872235466453,541.0440079632928,549.8872235466453,24036000
2014-05-30,549.8873291015625,555.5148310075726,547.4755425704153,547.4755425704153,27369000
2014-06-02,569.1814575195312,569.985386131847,557.1225283347954,557.1225283347954,27965000
2014-06-03,587.671875,590.8875897742819,574.8090159028728,578.8286593707251,47623000
2014-06-04,588.4757690429688,589.2796976892023,581.2404112268666,585.2600544580345,23039000
2014-06-05,586.0640869140625,590.0837308572317,583.652300548161,589.2798020685977,26009000
2014-06-06,578.8286743164062,587.671890174018,578.0247456020779,586.0640327453614,26125000
2014-06-09,569.9852294921875,579.6323701888113,569.9852294921875,578.0245134060406,25866000
2014-06-10,566.7697143554688,574.0050724110705,565.1618570097795,571.5932863925366,21638000
2014-06-11,576.4168701171875,576.4168701171875,569.1815119148797,570.7893692931704,16867000
2014-06-12,570.7893676757812,574.8090111101178,567.5736529283121,574.8090111101178,20542000
2014-06-13,577.220703125,579.6324887926532,563.5539176749652,563.5539176749652,27981000
2014-06-16,577.220703125,582.0442744603064,574.8089174573469,578.8285602367688,18470000
2014-06-17,572.3970947265625,581.2403082686864,571.5931662227331,577.2206657495392,14758000
2014-06-18,569.9852294921875,574.8087998404993,568.3773727094168,573.2009430577288,18746000
2014-06-19,589.27978515625,592.4955002184943,571.593352313907,572.397281079468,36517000
2014-06-20,591.6914672851562,597.3189676533574,589.27968141307,596.5150390293287,25876000
2014-06-23,588.4757690429688,593.2993409203701,587.6718403967352,590.8875549816694,12872000
2014-06-24,589.27978515625,592.4955002184943,584.4562125628837,588.4758563906889,16139000
2014-06-25,589.27978515625,594.1033577496163,585.2601413284448,586.0640700940058,20822000
2014-06-26,595.7110595703125,604.5542736799933,593.299273904036,595.7110595703125,31778000
2014-06-27,595.7110595703125,601.3385594582912,589.2796311269084,596.5149881257381,25975000
2014-06-30,596.5150146484375,598.9268004219487,590.0835859190743,598.9268004219487,15298000
2014-07-01,602.9464111328125,606.1621253255208,595.7110541992188,598.9267683919271,21465000
2014-07-02,600.53466796875,605.3582395990211,598.9268107586596,604.554310993976,14597000
2014-07-03,603.75048828125,604.554417027297,598.9269158049684,603.75048828125,16307000
2014-07-04,623.0445556640625,623.8484841229839,609.3777718623992,609.3777718623992,38848000
2014-07-07,619.0250854492188,624.6525862260298,619.0250854492188,622.2408001788251,24645000
2014-07-08,616.6134033203125,623.0448338634188,612.5937592308711,615.8094745024242,25310000
2014-07-09,618.2210083007812,619.0249367901191,611.7895803860788,612.5935088754165,16373000
2014-07-10,614.2015380859375,621.436896518887,611.789751941621,620.6329678041149,15593000
2014-07-11,605.3582763671875,610.181848290432,604.5543477133134,609.3779196365579,19554000
2014-07-14,608.5739135742188,610.9856992290703,606.9660564709843,607.7699850226015,13778000
2014-07-15,617.417236328125,619.8290224075317,614.2015215555828,614.2015215555828,19367000
2014-07-16,617.417236328125,621.436879793803,617.417236328125,619.0250937143962,10579000
2014-07-17,614.2015380859375,620.6329678041149,614.2015380859375,619.0251103745705,12683000
2014-07-18,607.7700805664062,610.1818666004,602.9465084984189,605.3582945324126,20024000
2014-07-22,619.9093627929688,621.9996067250813,615.0054176519282,616.6132749529789,17007000
2014-07-23,621.8388671875,627.0644038865546,619.1859122154092,619.1859122154092,18910000
2014-07-24,627.0643920898438,630.7624445185926,621.8388554890951,621.8388554890951,20101000
2014-07-25,634.7821044921875,636.7115530680447,625.9388884773535,627.0644083245895,18933000
2014-07-28,648.529296875,650.9410829927442,636.389943974939,636.7919083278963,32629000
2014-07-29,658.7390747070312,660.3469318099843,651.0213311721137,651.18212669599,32767000
2014-07-30,657.6135864257812,663.6430508490005,648.4487808753252,662.3567847325432,23268000
2014-07-31,650.1370849609375,664.0450402766363,647.2429124875094,663.2411116564467,23265000
2014-08-01,630.8427734375,645.9566210931803,628.3505653715051,631.164315432272,39456000
2014-08-04,633.0135498046875,635.5860826821377,623.0448131668501,626.3409015835327,19245000
2014-08-05,620.8742065429688,638.0783026042042,619.0251801042932,637.515542626889,20765000
2014-08-06,613.5585327148438,623.2056793013415,611.5487105093234,615.0055948892334,16158000
2014-08-07,610.985595703125,612.9150435272409,601.9012144226973,612.0306928295643,21124000
2014-08-08,595.4698486328125,604.5542308519814,590.0835178794606,602.9463738550346,26725000
2014-08-11,612.5132446289062,615.6485368543985,603.0268475126273,610.0210364278173,19011000
2014-08-12,616.6937255859375,618.0604142769323,612.513335332895,617.4172810893809,12538000
2014-08-13,623.2056274414062,624.6526894953789,612.4329616890924,612.9957216733931,15434000
2014-08-14,626.0194091796875,631.727284422814,624.0899603005872,624.6527203126518,13108000
2014-08-15,623.2859497070312,628.2703177677806,621.3565501488783,625.9389047669395,8697000
2014-08-18,623.527099609375,626.6624412646775,621.7584956683484,626.6624412646775,7742000
2014-08-19,628.672119140625,630.2799762228261,625.9387424737215,628.4309503918756,11587000
2014-08-20,624.2505493164062,632.4506307372347,622.4015233754124,632.4506307372347,15580000
2014-08-21,626.501708984375,629.4762553814987,624.0899225652888,628.3507354254236,12883000
2014-08-22,623.527099609375,630.7624581358434,620.6329758259538,629.4761918027485,12934000
2014-08-25,633.9779663085938,634.8623170586528,627.0642011538014,629.4759865428545,15771000
2014-08-26,629.7976684570312,638.8820515867452,629.0741131087212,635.1035774516163,16564000
2014-08-27,633.897705078125,637.917348103351,629.5564709837178,635.1035979856928,10534000
2014-08-28,631.96826171875,633.1741546357057,629.1545115791866,632.2898527904349,9344000
2014-08-29,632.2898559570312,639.7663822660184,626.9839467230169,627.0643199573864,17397000
2014-09-01,631.4859619140625,632.1290950279548,627.0643542876751,628.8330071518124,8951000
2014-09-02,646.1978759765625,647.4841913308018,633.6566079471886,634.2997410903515,22209000
2014-09-03,651.0214233398438,655.6038265455902,647.9665042253167,653.1116673103498,19682000
2014-09-04,643.9468994140625,650.860666721929,643.1429707006866,648.1273385371999,12612000
2014-09-05,646.0369873046875,650.2978480333019,641.5350068835445,649.5742926840901,13566000
2014-09-08,648.6096801757812,650.1371643678701,646.439062822571,650.1371643678701,9138000
2014-09-09,648.6900634765625,655.603830411679,648.6900634765625,651.1822227264992,12654000
2014-09-10,654.4783935546875,654.6391891226458,645.1528394281273,645.6351770640839,11491000
2014-09-11,654.4783935546875,659.2215929359058,652.2274028070266,657.6137353921597,16106000
2014-09-12,659.2216186523438,662.8392982668993,656.0059034394054,659.2216186523438,26725000
2014-09-16,659.2216186523438,660.2667162829646,651.2627038731534,653.7549126039327,19200000
2014-09-17,649.8958129882812,659.2213638744669,649.8958129882812,659.2213638744669,16344000
2014-09-18,665.8138427734375,667.2609048015919,656.568661562331,657.5333859370741,24126000
2014-09-19,667.9842529296875,670.9587493152956,663.8038146491754,665.8136360275076,27710000
2014-09-22,670.63720703125,671.2803400584436,666.617564276409,671.2803400584436,13053000
2014-09-24,671.36083984375,673.5314571541254,663.4019751295923,663.4019751295923,14528000
2014-09-25,687.7610473632812,687.7610473632812,674.8981873307711,676.4256715867984,27794000
2014-09-26,687.5181884765625,689.7850779107434,680.2317263859561,684.1987705421517,18967000
2014-09-29,690.9992065429688,694.3995640151766,687.4369178740914,692.2136163962956,12937000
2014-09-30,678.0457153320312,692.2138347568797,673.5928777985074,690.9994245204641,21120000
2014-10-01,681.5269775390625,686.54654945809,674.4833886699817,675.4549266889024,16910000
2014-10-02,658.2911987304688,672.9451098879238,656.0243098164261,669.9495551662196,22819000
2014-10-03,658.372314453125,659.586724754226,650.9239213901425,653.3527419923445,15273000
2014-10-06,676.0216064453125,680.4744433739942,668.249401753766,671.9735728737837,20482000
2014-10-07,670.5165405273438,680.7985595133383,668.2496507654647,679.5841489893505,13776000
2014-10-08,648.9807739257812,650.5999874828959,638.7797482817491,647.68542284588,28680000
2014-10-09,640.7228393554688,658.1293855030276,639.5893700730925,655.4576435394947,20529000
2014-10-10,632.4647216796875,637.2413712419655,627.5260914908627,629.0643638839078,23816000
2014-10-14,614.6533813476562,620.9683033633731,611.5768859466115,614.4914501340289,24745000
2014-10-15,620.887451171875,622.5876056216966,611.9007863835266,613.9248033068741,17019000
2014-10-16,605.8286743164062,612.0626556924643,597.7326074421673,599.108948693682,21936000
2014-10-17,599.1090698242188,613.1152584655915,597.894659547548,608.0147451864707,21261000
2014-10-20,623.6400146484375,627.2832447021711,612.305521147933,614.8153315002982,18600000
2014-10-21,610.767333984375,627.7690752338319,609.3100023457002,627.4452127775768,15513000
2014-10-22,629.226318359375,629.7930529153692,621.7779270585917,624.2067470861642,11443000
2014-10-23,627.9310302734375,631.9790643763206,620.1588245616935,623.3972518439999,11728000
2014-10-24,650.1951904296875,663.7156336462455,648.0902325507163,659.8295309541959,30139000
2014-10-27,651.4096069335938,658.2103237715631,649.5475211895831,657.4007169772561,15817000
2014-10-28,645.904296875,661.3678164448145,645.5804838028253,651.7334757333992,17384000
2014-10-29,651.3286743164062,657.1578531925624,649.3046573048574,651.733477718716,19472000
2014-10-30,664.3633422851562,671.8927253057401,655.2147950255031,662.2583843013349,28952000
2014-10-31,695.5331420898438,696.2618079337038,671.9736053313653,672.6212808511995,45642000
2014-11-04,711.644287109375,727.0268143620236,708.4058603193438,724.5979942695002,49949000
2014-11-05,713.425537109375,714.4780160887062,705.0056064457676,710.1061195105873,27859000
2014-11-06,706.7058715820312,721.3597364741302,703.5483849562504,716.502095151072,22889000
2014-11-07,707.1914672851562,714.0731243795167,705.3293817189885,713.8302522473161,14400000
2014-11-10,704.3579711914062,705.8962439977317,695.5332366141351,699.743202186911,13067000
2014-11-11,710.9157104492188,712.2111109763291,705.2484628561143,708.244017895365,16115000
2014-11-12,703.1435546875,719.7404952414364,701.2004784666126,713.3445813109563,22683000
2014-11-13,708.6487426757812,709.4583493849766,699.7430688746325,700.5526755838279,16053000
2014-11-14,718.6068115234375,720.5498871647244,708.5677191486986,720.4689462690317,22583000
2014-11-17,695.9378662109375,714.8826818490556,694.7234562191214,713.3444094269677,24537000
2014-11-18,716.501953125,719.7403800317796,708.4058858580509,708.4058858580509,21080000
2014-11-19,722.978759765625,730.9938856027228,718.6068639609408,720.549939744016,27103000
2014-11-20,723.545654296875,728.6461675870885,717.39261256634,723.8694673893364,16374000
2014-11-21,719.254638671875,722.9788098639515,709.458367590544,722.9788098639515,17826000
2014-11-25,740.7901611328125,740.7901611328125,727.0268466636783,728.6460601306352,30251000
2014-11-26,737.3899536132812,740.466449946113,734.6373198057934,737.713816138625,16761000
2014-11-27,733.50390625,740.6284376198619,731.8846923289183,734.3135132105408,14042000
2014-11-28,742.0045776367188,742.0855185449757,733.5846477700869,733.5846477700869,17522000
2014-12-01,744.9190673828125,751.3149797564404,740.0614274274907,744.838126482678,15203000
2014-12-02,742.490234375,745.4857888444392,734.637089449955,740.7900801862613,17243000
2014-12-03,737.7945556640625,747.8336982354933,735.3657356304392,746.2954257817439,20874000
2014-12-04,751.7199096679688,752.1247130657437,742.0046281213714,748.8053449697804,23207000
2014-12-05,754.148681640625,754.5534850124128,743.2189906023551,751.6389205013304,21166000
2014-12-08,754.7153930664062,760.9493746833847,750.1815657929344,759.4111021520425,15624000
2014-12-09,738.2804565429688,748.7243545556769,735.5277736726242,744.0286450249221,18786000
2014-12-10,718.9308471679688,727.1888465115776,711.2395824741673,726.5411709465741,27552000
2014-12-11,727.5125732421875,731.0748625486342,706.1389856469241,706.7866611350584,24957000
2014-12-12,725.7315673828125,734.0705076789166,721.2787299085894,721.4406117397057,28276000
2014-12-15,712.4539184570312,720.5499857122247,708.4058848294344,711.6443117315118,14955000
2014-12-16,700.9575805664062,713.5874767096757,698.6906913348898,708.4059732537992,22442000
2014-12-17,698.6906127929688,707.5153459764214,697.3952617818535,698.3667503329531,21047000
2014-12-18,705.8961791992188,721.1167769517729,705.4913758046589,714.8827947926561,21470000
2014-12-19,732.6941528320312,733.4228187166607,722.1692644488087,730.1843915218229,22190000
2014-12-22,734.71826171875,738.0376302428155,730.5082959560324,734.6373207945469,14378000
2014-12-24,745.6478271484375,748.5623917232929,743.2999477749054,745.6478271484375,16718000
2014-12-25,741.27587890625,744.3524239150595,739.980527944783,742.4093480583873,9700000
2014-12-26,748.88623046875,750.1815814799876,741.8426419857708,744.7572558827658,12574000
2014-12-29,747.1050415039062,752.2055537533668,738.1184270364984,751.3150061627122,13091000
2014-12-30,729.212890625,744.1906171640572,728.7270968723426,743.8667546622856,18284000
2015-01-05,729.61767578125,735.7706678450496,716.7449075824983,729.131882040753,16561000
2015-01-06,706.6248168945312,716.0972264947686,706.462885648946,715.6924230880446,23003000
2015-01-07,706.543701171875,711.8870850528253,698.1237726294122,699.5001137546468,18043000
2015-01-08,707.920166015625,714.0731575850349,707.3534314044879,712.4539440757718,16231000
2015-01-09,715.4495239257812,720.954840166561,711.3204996843391,711.644362163287,16339000
2015-01-13,716.2590942382812,716.5019663778875,700.3907724528663,706.2199508757845,17658000
2015-01-14,707.2725830078125,720.307284021722,706.9487698896655,715.6115737854718,16045000
2015-01-15,712.4539184570312,714.8827386335893,701.1194242997602,701.4432867557572,16978000
2015-01-16,713.0206909179688,713.2635630656295,698.7715821433412,700.3098547693183,20154000
2015-01-19,711.806396484375,718.8499863984738,706.3820203705525,716.5021066222796,12972000
2015-01-20,723.4646606445312,723.7885231499879,710.6728823106827,714.2351722127835,13791000
2015-01-21,720.3880615234375,725.8124365203156,716.7448312230009,725.3266922460467,15417000
2015-01-22,715.5305786132812,717.4736549669805,707.1916373064173,716.5830577154999,14052000
2015-01-23,733.0988159179688,733.9893634603094,721.6023916937885,722.411998337541,20483000
2015-01-26,742.9761352539062,744.1095550718436,724.3551797308232,725.8124620192999,18640000
2015-01-27,744.838134765625,747.186013869261,739.980494756284,744.838134765625,18764000
2015-01-28,739.1708374023438,741.8425293413867,733.5035911133882,734.3131977260962,18224000
2015-01-29,727.9984130859375,738.0375073248387,726.5411307916023,732.9369945874278,16940000
2015-01-30,726.460205078125,735.1230081183629,726.2982738278021,731.236905183012,17344000
2015-02-02,710.025146484375,716.0971973380042,702.171950830786,710.025146484375,20706000
2015-02-03,700.22900390625,715.6115344862809,698.1239963887145,714.1542025839556,19657000
2015-02-04,701.6052856445312,712.4540373425858,699.8241900827597,704.5198999914396,21301000
2015-02-05,632.302978515625,647.6855093629961,621.9400202487136,628.7406884483354,132128000
2015-02-06,637.4033203125,640.8846191046222,633.1124148517694,637.8891139623468,51174000
2015-02-09,646.6329345703125,646.875806717474,640.9656872023246,644.6898585640693,28028000
2015-02-10,641.20849609375,647.847280809938,637.5652660023082,647.6853495896464,36368000
2015-02-12,639.7510986328125,647.6852328523615,637.6460919773652,647.6852328523615,40926000
2015-02-13,633.193359375,641.9371509775648,630.1978542155888,639.7512030769236,38220000
2015-02-16,626.5547485351562,632.7886816247434,625.4212792018787,630.2789202053885,37075000
2015-02-17,631.6552124023438,634.7317082482026,620.1587863751572,625.8260337702304,40443000
2015-02-18,663.5538330078125,665.0921059706176,638.051214215269,638.7798802322791,59533000
2015-02-19,658.93896484375,671.164007211732,656.7530166985248,667.9255801564282,35479000
2015-02-20,673.4308471679688,675.6167951538173,661.5296187245458,668.0874626820915,42303000
2015-02-23,675.7787475585938,684.84635281943,672.459330316199,683.2271393590833,30839000
2015-02-24,670.5165405273438,675.7789861312907,669.6259431610583,672.7834302892228,29364000
2015-02-25,664.9299926757812,670.7591709726811,648.5759269647054,663.4727104551746,31563000
2015-02-26,665.496826171875,666.063560845915,655.7815440379791,656.6720918011274,27826000
2015-02-27,662.2583618164062,669.7876951668758,657.967455663083,668.7352162106987,35362000
2015-03-02,654.72900390625,661.6106614420463,654.1622692851129,661.4487302053678,33741000
2015-03-03,651.0048828125,657.3198561086814,648.6570524717893,655.7815832463842,25538000
2015-03-04,652.7049560546875,655.781451747894,636.1889589856179,647.6853844423645,26943000
2015-03-05,658.12939453125,658.7770700952881,648.5759946573961,651.0858054129509,20138000
2015-03-06,656.7529296875,660.5580908562439,654.6479227317526,657.4006051298572,25994000
2015-03-09,651.1666259765625,654.8908462567912,647.7662681257342,652.5429671798107,15691000
2015-03-10,649.70947265625,656.2672681284841,646.1471828846173,654.1623101635514,22759000
2015-03-11,647.361572265625,649.5475204907976,641.2085804013024,641.9372462811856,20380000
2015-03-12,645.3374633789062,647.361480074254,641.2084890861847,645.3374633789062,30056000
2015-03-13,656.5912475585938,659.4248719315347,646.4711605123763,647.6855709579223,47241000
2015-03-16,648.4951782226562,656.5912478633885,648.0903747406196,656.5912478633885,23747000
2015-03-17,676.5884399414062,681.8508843537317,657.805551540672,660.6391754550011,60990000
2015-03-18,672.29736328125,680.6363016620961,667.4397235159648,673.5927141195392,27919000
2015-03-19,669.4638061523438,678.2884896148148,666.3063202275181,671.5687638259128,22926000
2015-03-20,672.702392578125,672.702392578125,664.6872645070697,669.7877780911577,20454000
2015-03-23,676.5074462890625,682.4985565871733,676.1026428747166,679.8268639353863,16192000
2015-03-24,679.2601318359375,682.4176182455436,674.483431762837,676.9932425899411,21964000
2015-03-25,679.8268432617188,684.117749440402,671.9736473793298,680.0697154200446,18193000
2015-03-26,671.6497192382812,678.6123667213852,670.6782306999405,676.1025562254105,18198000
2015-03-27,677.43994140625,688.2046162162757,670.3450387059283,684.2901528130155,26343000
2015-03-30,675.8904418945312,679.8864357595095,666.3490247405084,679.8864357595095,18877000
2015-03-31,671.3236694335938,685.3503642075278,671.3236694335938,684.2086373938641,20747000
2015-04-01,665.2889404296875,674.0148535092634,662.6793145870378,668.4694297026782,22514000
2015-04-02,677.6844482421875,684.2084862517393,666.9197755715352,668.9585374495201,21450000
2015-04-03,678.0108032226562,679.1524802338922,672.0575775500809,673.2808349171356,13733000
2015-04-06,673.2808837890625,675.6458681134917,667.3277074588293,669.6111114215179,12955000
2015-04-07,674.6671752929688,677.6845532950242,672.5468825209663,674.4225337845788,19919000
2015-04-08,671.8944091796875,677.4398317372788,669.7740668837666,675.8088221747837,20463000
2015-04-09,665.125732421875,672.7914978833013,661.4559606152387,670.3449833455438,27568000
2015-04-10,658.6018676757812,665.6152410684972,656.72621598946,665.1259081669707,27434000
2015-04-13,660.8851928710938,663.9025211906558,653.3825378134803,656.4814464879706,15565000
2015-04-14,664.7996215820312,665.2889046248637,659.0095067780057,659.7434811167246,10854000
2015-04-15,658.1124877929688,659.7434976759749,654.1164936698152,657.215452267104,25993000
2015-04-16,659.5802612304688,659.5802612304688,652.8115814588051,654.9318739934837,21365000
2015-04-17,647.5924682617188,657.2969971870485,646.6954327162897,655.3397653749656,41862000
2015-04-20,651.0174560546875,652.7300459577212,639.5188585640775,643.759493375853,25255000
2015-04-21,658.3570556640625,659.4987823642199,648.8156389610685,653.5456069121784,23168000
2015-04-22,682.5774536132812,683.2298474372315,672.3021140063054,676.0534158248628,50796000
2015-04-23,687.0628051757812,692.3635864620039,683.3115029445476,685.8395479558837,34984000
2015-04-24,682.3330078125,687.1444571964837,681.5175028550988,686.4920631854573,17526000
2015-04-27,683.6376342773438,686.7365424282401,678.0106812657201,681.7619832734692,12335000
2015-04-28,682.5774536132812,686.3287554318385,680.5386918044004,684.860856884336,15536000
2015-04-30,668.1430053710938,678.9892081634689,667.9798944726343,677.6028899627079,22886000
2015-05-01,667.7353515625,668.7139673232319,661.3744237794403,664.6364431322365,18186000
2015-05-07,664.8810424804688,670.752686898178,662.3529975520963,669.2032078940388,19150000
2015-05-08,671.0789184570312,674.0962463912888,661.3743914470977,665.6150263533156,15533000
2015-05-11,672.220703125,681.2728377029989,667.3276735502343,678.2554595103326,17527000
2015-05-12,672.5468139648438,672.5468139648438,664.9626293310464,668.7954620455454,14081000
2015-05-13,678.3369140625,679.8863931639585,668.306214513409,672.5468496244579,14476000
2015-05-14,683.6376342773438,685.3502241478507,676.8689546853822,680.946478508788,20958000
2015-05-15,684.8610229492188,695.4625869260626,681.2728311601999,693.0976525189873,28782000
2015-05-18,695.29931640625,696.4410429438103,686.5734555706663,687.4704908684216,25402000
2015-05-19,693.1791381835938,699.3769552740367,692.2005223865588,697.9090564657179,18158000
2015-05-20,690.9772338867188,699.7031455400718,690.0801984817097,698.88764070844,19019000
2015-05-21,692.1189575195312,697.0119864878213,689.9986151019268,690.4063675159509,16683000
2015-05-22,693.1791381835938,695.5441222118893,687.7152456100767,695.5441222118893,15412000
2015-05-25,689.9986572265625,694.8101559155772,688.3676474708922,693.1791461599067,16748000
2015-05-26,681.1912231445312,689.8356048239541,679.4786827891338,686.4104743386911,23522000
2015-05-27,689.2647094726562,694.2392691500189,678.7446769933252,681.7620548945218,23556000
2015-05-28,691.7927856445312,695.05480519233,689.5093819159657,693.5053757718065,21779000
2015-05-29,693.1791381835938,695.2994309317803,689.9171187097886,692.2821027380842,23971000
2015-06-01,688.53076171875,689.6724884630073,682.5775860367638,689.1016250908787,18750000
2015-06-02,690.243408203125,698.7246298014035,686.899808050159,691.2219743215816,22658000
2015-06-03,686.2474365234375,688.6124208609369,681.354406673003,685.8396840359013,15890000
2015-06-04,688.6123657226562,688.938537821884,684.6979023361671,687.0628864842985,13174000
2015-06-05,680.9464721679688,684.942465387481,677.2767007610755,684.2084911963183,21149000
2015-06-08,678.6630859375,685.1055438164695,676.9504960397019,685.0240132484865,12956000
2015-06-09,672.8731079101562,683.964004988936,672.2207139112802,675.6458446234691,24178000
2015-06-10,673.2808837890625,683.7193872318792,672.2207372822221,675.3196462154762,20254000
2015-06-11,683.8007202148438,693.9945294011115,677.2766823356324,680.1309489077873,28026000
2015-06-12,688.7754516601562,692.7714457715701,686.9813806136975,692.3636933020165,23992000
2015-06-15,686.818115234375,691.3849219567034,682.9852329275315,684.7793533450391,10868000
2015-06-16,678.8263549804688,686.3289608632572,677.1137646837228,686.3289608632572,16279000
2015-06-17,675.645751953125,683.3930478415434,672.4652632049357,682.9852954263635,13958000
2015-06-18,668.1430053710938,675.2379063711899,666.022713014494,674.5039322153511,16874000
2015-06-19,674.0962524414062,678.2553568149048,671.9759598564987,674.3409437026721,17569000
2015-06-22,676.6243286132812,679.4785953546389,670.426462395942,672.4652243540546,18037000
2015-06-23,684.8610229492188,685.1056644707134,675.4827163543184,679.8864628391032,24733000
2015-06-24,687.7968139648438,692.5267321644671,685.8395824049124,686.6550872591395,19816000
2015-06-25,682.2513427734375,684.3716852641948,678.989323348703,682.4960340498657,13739000
2015-06-26,676.4613037109375,681.2728024536297,669.6926231042871,677.7660916202431,15859000
2015-06-29,658.683349609375,663.4947988878906,654.1980724419866,659.6619654916994,24188000
2015-06-30,657.94921875,658.9278343995447,654.6056692030535,658.6016125915432,17887000
2015-07-01,652.8930053710938,660.7218799056343,652.4037224890086,660.5587690201212,20555000
2015-07-02,654.361083984375,662.1899103047939,654.034862148331,657.8677447367613,17250000
2015-07-03,655.9921875,658.3571219391608,653.3825617615545,658.112480414347,16496000
2015-07-06,645.7168579101562,650.8545295257964,643.5965647908367,650.8545295257964,28691000
2015-07-07,652.40380859375,657.7045895385742,648.9786786437406,650.201935784854,18554000
2015-07-08,632.01611328125,650.772720514113,632.01611328125,649.1417111895162,30620000
2015-07-09,623.4534912109375,624.6767485514429,596.2971882066105,618.8866837161713,42555000
2015-07-10,616.9295654296875,625.9001209085064,613.3413233283688,624.676863343213,26170000
2015-07-13,625.7366943359375,629.4880455087517,620.6805556613765,623.2086498858833,20154000
2015-07-14,636.9909057617188,647.4294090924931,633.891996861727,637.0724861225837,22943000
2015-07-15,631.6085205078125,643.9226241095402,630.711485062456,636.6646606462417,21696000
2015-07-16,631.934814453125,636.583152913192,629.3251886219384,636.0938698461763,21659000
2015-07-17,632.1793823242188,635.4414017894887,629.5697567971093,632.9948871905362,13124000
2015-07-21,637.1539916992188,641.3130967058902,633.07646705021,640.1713698943795,19846000
2015-07-22,627.9388427734375,633.6473777077415,627.9388427734375,632.8318727171267,23852000
2015-07-23,622.230224609375,629.2435466807682,618.152700201712,629.2435466807682,20693000
2015-07-24,615.6245727539062,619.7020966169617,614.238204685575,617.337112866605,18227000
2015-07-27,613.5042724609375,615.7061454525482,608.448132569878,611.6286213104784,17020000
2015-07-28,608.611328125,614.4829736609947,603.0659044755217,609.1006609547746,24396000
2015-07-29,600.700927734375,609.4268406756835,600.1301140875519,604.860032854265,27275000
2015-07-30,639.8450927734375,651.5883826585471,630.4667868903671,634.1365587576555,66627000
2015-07-31,655.9921875,662.5977575423259,646.6954113613101,646.6954113613101,40806000
2015-08-03,647.7554931640625,658.5201671516514,644.6565846853009,656.8891574497279,26571000
2015-08-04,635.8492431640625,643.759651428729,631.6086073111459,643.759651428729,23711000
2015-08-05,635.2781372070312,641.7206440024814,624.6765765090962,631.4452553075023,19192000
2015-08-06,635.2781372070312,643.5147144548758,635.2781372070312,640.1711652214628,14936000
2015-08-07,641.2314453125,643.3517877597752,632.0162505814951,632.0162505814951,16129000
2015-08-10,641.1499633789062,641.8023573450747,632.3425203994585,641.2314939592515,11289000
2015-08-11,633.6472778320312,646.4507141214972,630.2221474564243,643.1886946731985,22583000
2015-08-12,627.531005859375,636.7462010587517,623.2088399454516,626.8786119095415,22364000
2015-08-13,621.0068969726562,622.4747956383164,615.7061158428832,620.1098616143257,21431000
2015-08-14,619.7020874023438,621.3330969233137,615.9507356394364,620.6806532953574,13940000
2015-08-17,618.152587890625,622.8009748256969,616.7662198890129,622.2301115574497,12483000
2015-08-18,619.78369140625,625.0844729774876,617.4187074108344,617.4187074108344,8879000
2015-08-19,613.1780395507812,622.8825161812882,613.1780395507812,617.3370938532186,15589000
2015-08-20,605.5939331054688,611.6286894175096,599.3961156291593,609.997679579063,22941000
2015-08-21,587.734375,595.5632019119599,585.5325018764902,592.8720457718779,29239000
2015-08-24,554.2986450195312,567.5098332708008,551.6074890251623,566.4496371681863,36278000
2015-08-25,533.095458984375,561.4750140076475,523.1462911923106,529.8334400213677,45087000
2015-08-26,548.345458984375,551.770539396977,521.1891087525732,533.3401504384019,45686000
2015-08-27,551.28125,565.5525841346154,549.8948818720304,563.7584636027997,22879000
2015-08-28,568.8961181640625,572.8105809520301,562.6983017072171,565.7972099356398,23405000
2015-08-31,556.01123046875,565.2264258772872,550.6289180423745,565.2264258772872,24324000
2015-09-01,540.6796264648438,549.1608954172126,540.2718741070271,548.9162041829564,23768000
2015-09-02,527.3870849609375,537.0915644399546,523.309560026609,528.0394789955352,34998000
2015-09-03,529.4256591796875,540.5165031476886,529.4256591796875,534.971081163688,23675000
2015-09-04,520.4553833007812,531.3015915619616,515.3992415459089,529.2628287393907,23389000
2015-09-07,515.3991088867188,521.9231482397153,506.4285547763487,514.5836039675942,25201000
2015-09-08,516.4591064453125,529.1810093809527,515.6436017612762,516.4591064453125,27004000
2015-09-09,534.400390625,537.2546579865591,529.3442499153438,530.8937292499792,39812000
2015-09-10,517.60107421875,523.2280292972177,511.4847862370596,519.3136149438317,37033000
2015-09-11,512.4632568359375,514.9097713343118,506.6731426584392,507.2440059962862,39063000
2015-09-14,506.1023254394531,517.0301111044453,505.61304240497805,516.2146061973405,25542000
2015-09-15,509.11968994140625,522.0862375275528,509.1196899414062,511.076921575927,29651000
2015-09-16,525.919189453125,531.3830330820495,515.9700185919986,516.4593016775972,27393000
2015-09-17,531.3829345703125,536.6021854633286,528.8548894725966,530.0781467342912,24203000
2015-09-18,523.3095092773438,526.1637764545738,513.1156979300932,526.0006655181239,28133000
2015-09-24,506.8362121582031,513.7680026704231,506.8362121582031,513.0340284711097,29929000
2015-09-25,507.24395751953125,507.89635136852286,499.08890997098575,505.61294800982216,35229000
2015-09-28,507.1617431640625,515.9725982915015,504.279674596582,510.53786052511043,21839000
2015-09-29,487.4812927246094,496.2098227946805,482.2935795599714,495.13935027805445,37322000
2015-09-30,494.8099365234375,499.99764901018096,491.680793832415,493.6570891889262,25450000
2015-10-01,517.537109375,524.3717182695439,506.50288518914743,507.902756952917,27907000
2015-10-02,512.8433227539062,516.795862473195,502.7972487003981,508.1496598488205,22652000
2015-10-05,511.8553771972656,520.4192585170853,508.31456001554204,520.1722341107862,28160000
2015-10-06,516.8784790039062,525.3599859668734,516.466754876973,520.0075723167407,31022000
2015-10-07,543.4757080078125,546.9341998379,522.1483836050061,524.5364030317826,40753000
2015-10-08,548.5811157226562,561.1798611747976,542.4052551814809,542.8993039210623,36001000
2015-10-09,566.5322265625,567.1909749136241,555.4156785122184,555.8274025140806,35041000
2015-10-13,564.3914184570312,569.3321076751811,560.6859015434189,566.5323636811803,21826000
2015-10-14,548.6634521484375,555.1687121611741,545.1226354143698,555.0040124913675,25851000
2015-10-15,549.4868774414062,553.1923936915482,535.6529601593994,540.4289488299484,21911000
2015-10-16,556.4039306640625,557.803802585153,548.8281975551794,552.8631136349188,18524000
2015-10-19,548.251708984375,556.1568405258671,544.4638680073324,555.2510175031614,18444000
2015-10-20,548.7457885742188,550.2279849798163,544.1344494399075,548.2516895995001,14834000
2015-10-21,561.26220703125,563.5679019276116,546.5225161397019,547.5929886219934,20658000
2015-10-22,557.885986328125,567.8496864230431,554.7568941688406,554.9215938107554,16956000
2015-10-23,567.0264282226562,577.5666057210818,565.2148823331997,573.6963890076872,27225000
2015-10-26,601.52880859375,612.8100570819298,600.2936365021818,611.821909356819,60055000
2015-10-27,592.0591430664062,602.5992679676101,588.1066025108648,600.2936234984842,28249000
2015-10-28,588.6007080078125,596.0941160793641,582.5895467644323,592.0592001747375,23236000
2015-10-29,574.7666625976562,584.8127375258597,569.9082996439092,577.2370064197092,62506000
2015-10-30,578.8016357421875,584.4010722493609,570.8141798634813,576.825340382348,29154000
2015-11-02,567.108642578125,570.814158544973,558.7917876969667,569.4966116011942,21426000
2015-11-04,582.671875,590.7417068581015,579.6251571352352,581.3543780995226,31915000
2015-11-05,586.4596557617188,591.3179686413797,582.1777162550878,585.8009074359161,25016000
2015-11-06,590.4945678710938,592.8002625846246,587.0361263193566,589.8358194926333,13691000
2015-11-09,600.78759765625,600.78759765625,591.8120452548193,596.258633980702,20805000
2015-11-10,598.235107421875,598.5645068001518,593.953166800721,595.929462551804,11903000
2015-11-11,591.8121948242188,598.0703806538143,590.3299982076605,593.6237908041395,18188000
2015-11-12,599.7994995117188,601.116996111816,592.3884680528059,592.9648414033024,16142000
2015-11-13,592.7179565429688,594.282528100601,585.8833470856051,588.9301152319341,17082000
2015-11-16,586.13037109375,587.6125676814856,577.2371413080508,577.2371413080508,15214000
2015-11-17,598.3997192382812,603.5874319989673,595.8470000797155,596.8351478101512,24599000
2015-11-18,600.4583129882812,603.5874054476136,599.0584412866833,601.9405093890934,17588000
2015-11-19,602.2699584960938,606.798923031448,601.3641354334529,605.8107752627868,20673000
2015-11-20,600.5405883789062,602.6815832347592,594.6941279549069,601.0346873114607,18425000
2015-11-24,602.3521728515625,603.7520444124367,593.7882941044403,598.8936814244834,17464000
2015-11-25,596.505859375,599.7996519717493,591.4004707981815,596.9999081607979,14927000
2015-11-26,596.505859375,600.2937007575471,594.0355149274382,597.082232872002,16515000
2015-11-27,589.1771240234375,596.999881085943,587.6125525072227,595.9294085924043,16350000
2015-11-30,598.3173217773438,602.5169369089551,591.4827131426971,591.8121124602162,28051000
2015-12-01,614.37451171875,616.1861073087493,603.1756394048413,604.904860042087,30240000
2015-12-02,612.56298828125,621.3738416878887,610.0926442773077,616.515528635702,17791000
2015-12-03,609.433837890625,610.998409176864,603.0109536142061,608.7750895498368,17034000
2015-12-04,600.12890625,602.6816252646996,597.1645134850414,598.48201021185,14953000
2015-12-07,605.7283935546875,608.5281371581812,603.340424254562,606.9635656869436,14740000
2015-12-08,599.1407470703125,608.3633747587115,598.3996740229425,607.2929024063254,14665000
2015-12-09,595.4353637695312,600.2937281753518,593.8708423701894,596.999935428162,15588000
2015-12-10,586.048095703125,587.7773168244586,578.3900374726213,584.9776230918571,21651000
2015-12-11,590.9063110351562,594.0354538879654,578.4722653637895,579.048689060848,25481000
2015-12-14,571.472900390625,580.1191042149788,564.8853165244507,572.7080723655326,28885000
2015-12-15,558.7919921875,571.967164891095,558.7919921875,568.1793228425295,21975000
2015-12-16,571.8846435546875,575.0961109008224,565.8734831271346,570.1554228355552,17613000
2015-12-17,579.048583984375,588.6005596963903,579.048583984375,581.3542280949367,24446000
2015-12-18,570.73193359375,592.8003858039119,569.0850371756358,578.8840909671312,27406000
2015-12-21,564.5560302734375,567.6027984734795,556.8979725474251,560.7681888956251,27123000
2015-12-22,568.2615356445312,569.7437824891815,561.7563255589619,564.8854184079066,14992000
2015-12-24,563.5679321289062,575.4255552947295,563.4032324475852,572.2964623867742,16530000
2015-12-25,563.5679321289062,563.5679321289062,563.5679321289062,563.5679321289062,0
2015-12-28,564.4736328125,570.4024687669819,555.5804040104173,555.6627287109085,14677000
2015-12-29,568.3438110351562,571.1435040371434,555.8273915730631,559.4505828218425,15767000
2015-12-30,569.4143676757812,582.5072127195454,569.249668002037,571.6376876231183,18246000
2016-01-04,557.1448364257812,570.5670775812193,554.262768737556,565.296990847613,26066000
2016-01-05,554.427490234375,560.7680494503527,550.1455508768788,556.6508097333898,25388000
2016-01-06,536.8057250976562,557.309548377204,531.9473622121334,554.4274806252807,37105000
2016-01-07,522.6427001953125,539.2763676300272,522.2309760026676,532.029981632036,27802000
2016-01-08,521.3250122070312,531.0417407437405,514.7374268990452,514.7374268990452,27862000
2016-01-12,505.10308837890625,515.8079137580675,505.10308837890625,513.4198941466949,28410000
2016-01-13,519.760498046875,522.0661428847292,511.5260162979045,514.6551093106557,26055000
2016-01-14,506.4205627441406,507.98513417990836,494.5628904395896,502.30332239662727,27408000
2016-01-15,497.8566589355469,517.0430382458725,495.96273851801755,513.0904474936452,25091000
2016-01-18,494.398193359375,498.18603401012143,479.57612953758627,484.1874181784321,21077000
2016-01-19,504.2796630859375,506.255908474385,490.77509343142543,491.02211782257064,24029000
2016-01-20,483.1170654296875,505.5971910720767,482.5406416420797,504.8560675938254,29881000
2016-01-21,471.50634765625,494.06884501567873,471.25932328559855,482.54057196531295,31248000
2016-01-22,495.7980041503906,496.95085141562845,485.09318050763477,490.03386834275284,27358000
2016-01-25,492.25714111328125,510.4553697311213,490.4455456941415,510.4553697311213,34696000
2016-01-26,477.0235900878906,485.9168216750947,474.71794489999263,485.8344969488216,32076000
2016-01-27,482.622802734375,487.81056480475115,477.5997905580765,485.0108217908742,31750000
2016-01-28,472.08282470703125,480.3996813601876,471.0946768534806,479.41153350663694,37022000
2016-01-29,482.8698425292969,483.857939748401,450.5083016033867,469.36527759649726,65620000
2016-02-01,497.1979675292969,506.42059657570326,496.1274950192865,498.92723874634584,39183000
2016-02-02,487.8106384277344,495.5510198390906,485.9166677305313,494.0688234206845,24731000
2016-02-03,457.83709716796875,477.18812555546384,454.21390579170514,477.0234259003103,32506000
2016-02-04,422.0995178222656,422.7583165750354,402.0074123449984,412.13581492772823,99942000
2016-02-05,420.6996154785156,423.993432900225,410.15949019575294,414.19438072760863,53935000
2016-02-08,407.8537902832031,415.01779803930873,398.71353745390576,411.7240059913777,65682000
2016-02-09,383.6444396972656,398.9605783824583,382.9856913121641,387.0205817126015,49857000
2016-02-10,379.1978759765625,390.39677592818333,374.75126095846633,383.89154051933497,50699000
2016-02-12,354.9061584472656,371.29277187400646,354.9061584472656,359.43512334624467,68104000
2016-02-15,383.3150329589844,386.8558492051391,373.10428307902276,378.0449709367111,37326000
2016-02-16,395.2550354003906,403.1601411343261,383.7267635345459,383.8914631844848,36755000
2016-02-17,387.84405517578125,399.78405262811424,381.58584458863015,392.78474377674667,27709000
2016-02-18,403.4895935058594,411.724075005979,392.2906936397681,394.43166385572783,46715000
2016-02-19,391.1378479003906,400.19577700966283,387.3499816105848,400.19577700966283,33311000
2016-02-22,392.4552917480469,394.67858609986973,387.1852299778736,387.84397827553147,16837000
2016-02-23,387.84405517578125,399.1253041998422,386.7735826974288,395.66681212730975,30102000
2016-02-24,378.7861022949219,383.47976622304105,372.7749415929672,379.85657470607316,25879000
2016-02-25,381.50347900390625,382.90335076824863,375.73934254072833,378.7861104374072,28188000
2016-02-26,392.043701171875,395.5021686057723,390.3144548901037,394.67872038870456,29185000
2016-02-29,393.5257873535156,410.406471060941,393.5257873535156,410.2417965415783,37796000
2016-03-01,382.32696533203125,391.38489496636845,378.20972458915065,391.1378705736529,28960000
2016-03-02,405.4658508300781,407.60682097628614,392.3730306973744,395.2550991285199,36712000
2016-03-03,417.6528625488281,422.346526502957,408.26553464057037,408.43023430303253,35162000
2016-03-04,427.61651611328125,432.63957883115575,420.86425791058207,421.1936320690683,29118000
2016-03-07,426.299072265625,432.39255777623725,424.2404521081314,432.31023307365,24047000
2016-03-08,422.59356689453125,429.4281759420399,415.18253413618345,424.89921147860514,27582000
2016-03-09,415.511962890625,418.064657312869,411.3123720836617,415.1002387944452,22317000
2016-03-10,425.5579528808594,426.546100617544,418.476319576636,422.4288602640928,19394000
2016-03-11,427.7812194824219,429.26341577333557,417.8998438639636,418.31156784806603,28535000
2016-03-14,440.79168701171875,442.76798223770163,432.80423167401153,434.9452265453722,22230000
2016-03-15,436.59210205078125,445.32062999533423,433.3806350236548,443.83843377484243,22311000
2016-03-16,438.0743408203125,446.22649621372494,434.61584913040184,434.78054878406954,23951000
2016-03-17,432.55731201171875,446.14420676528624,426.21675107486305,443.5915375516643,30915000
2016-03-18,429.3457946777344,434.7805312142015,424.2404071760155,428.27527210179386,24817000
2016-03-22,440.3800048828125,447.21461361173016,435.27461694652317,435.52169156771015,26676000
2016-03-23,430.4986267089844,445.97943986122897,429.67517866621307,441.5328505858319,22519000
2016-03-24,423.1700134277344,430.2516472305908,420.86434358967006,428.19302690891334,18966000
2016-03-25,435.1922912597656,436.427463325782,422.67587093894383,424.1580673663074,14733000
2016-03-28,443.26202392578125,443.26202392578125,436.5921155969835,438.2390115062446,17007000
2016-03-29,444.5111999511719,448.5915966950731,440.09774175062046,444.8443122336203,15432000
2016-03-30,436.9333801269531,445.677043905491,436.0173467594367,445.51048776359727,16791000
2016-03-31,438.51556396484375,450.6734515258573,438.01594633356723,441.1803099251893,22387000
2016-04-01,412.03472900390625,434.1020705317564,410.2027385398995,433.0195318672478,39786000
2016-04-04,412.6176452636719,421.944229852551,408.12090910624386,408.787082828493,21583000
2016-04-05,394.8805236816406,407.0383597354219,392.88195161694836,405.95582104446316,33997000
2016-04-06,394.0478515625,398.62786662523325,387.7190983932335,392.88200921620904,27139000
2016-04-07,390.1339111328125,397.29539249232283,386.3033489718747,393.797917168663,20487000
2016-04-08,395.2968444824219,400.79284080787437,380.14115202407976,383.05570631123044,30143000
2016-04-11,388.88482666015625,393.8812055894088,380.7240845742027,392.63211085709565,26929000
2016-04-12,406.0390930175781,407.0383536220167,388.3852094639403,391.5495982435768,22258000
2016-04-13,419.61248779296875,421.8608681322956,409.2866446682508,414.5328315761554,28063000
2016-04-14,435.1846008300781,435.1846008300781,427.1071619169385,428.85587427784986,23588000
2016-04-15,433.26934814453125,437.8493625029846,431.0209672943126,433.93552188605565,19247000
2016-04-18,417.7806091308594,419.19623474068686,409.7031187784015,411.0354917269276,23133000
2016-04-19,436.1839294433594,436.6835978994458,425.60827452495215,426.1079175681377,19016000
2016-04-20,439.01519775390625,447.84211404809537,436.85006959581244,441.3468312254093,17882000
2016-04-21,443.5953063964844,448.34187783162645,438.2658137630251,448.00876548235703,21192000
2016-04-22,448.5082092285156,448.758068806465,437.26635794919105,438.0990876735855,18465000
2016-04-25,454.8370666503906,455.586493040369,446.42646444033693,449.9239400709633,23596000
2016-04-26,448.9246520996094,452.005762780426,445.0941150320845,448.5082871650611,21444000
2016-04-27,447.00927734375,448.7580401487756,444.17802695708593,447.34238954255073,14446000
2016-04-28,429.35552978515625,461.91530040770283,428.2729910458361,452.4221589150153,36683000
2016-05-02,405.9558410644531,411.4518636875982,402.7081994185176,406.0391191400721,36789000
2016-05-06,401.9587707519531,408.28749825767784,396.3794697313303,406.37222947245624,30511000
2016-05-09,402.7914733886719,407.8711055819476,401.45910043105016,404.7900201186542,20587000
2016-05-10,399.8768005371094,401.95862472688424,383.0556509185715,384.72111027039136,49975000
2016-05-11,395.9630126953125,410.1194190377317,394.7971960791043,401.5423124189539,28169000
2016-05-12,403.7074279785156,403.8739841165066,389.3844895627416,393.3815827455393,26774000
2016-05-13,396.46270751953125,407.45472686991747,395.9630645006729,406.37218817314067,22826000
2016-05-16,411.035400390625,426.6907345844543,386.4698733209585,386.4698733209585,40709000
2016-05-17,415.4489440917969,421.7776964458246,411.20201649811384,416.531508214916,21343000
2016-05-18,423.0267639160156,427.1904131671575,411.4518240804208,416.4482031817911,24657000
2016-05-19,413.0339660644531,431.5205771300769,411.1186977579416,428.85583169998665,27468000
2016-05-20,416.3649597167969,417.53077652142383,406.871843717834,411.11877138952536,22592000
2016-05-23,411.9515075683594,414.8660623306622,401.45910534148913,413.28385512937723,23657000
2016-05-24,402.0418701171875,410.61900087218925,400.4596888440567,410.2026360417394,21687000
2016-05-25,406.78851318359375,409.5365113981808,404.6234105896994,407.87105177409234,24489000
2016-05-26,398.87762451171875,411.2020169410753,397.7950858003333,410.5358431822074,26509000
2016-05-27,402.7082214355469,405.0398552029508,399.37730153188295,402.2918564475889,19762000
2016-05-30,417.1976318359375,419.1961782831111,401.70885239777243,406.62195315916915,30525000
2016-05-31,426.357666015625,428.8558554649353,415.11581349372864,417.4474468145927,33898000
2016-06-01,422.2773132324219,428.2729529219317,420.94494038600914,426.357684426581,20901000
2016-06-02,412.4510803222656,421.27802172458416,411.45181976022263,420.6951260832836,22955000
2016-06-03,409.3699645996094,417.1143413821897,406.45541037196574,412.20124076674114,18807000
2016-06-06,409.7863464355469,409.7863464355469,397.87829485099206,399.8768667343419,22350000
2016-06-07,412.2012634277344,414.1165318603204,405.2896160445091,412.2012634277344,23159000
2016-06-08,415.1990966796875,415.1990966796875,407.3714413912024,414.3663668529785,16250000
2016-06-09,409.0368957519531,414.2830834271786,406.7885150837724,411.61833785103084,14304000
2016-06-10,404.2903137207031,412.1179686772064,402.37504536566064,410.6190652178598,25756000
2016-06-13,379.9746398925781,391.88269260651475,379.9746398925781,391.38304958829025,31993000
2016-06-14,379.0586242675781,383.72189092973287,375.72770498724054,378.3924251637722,26770000
2016-06-15,384.7211608886719,388.8015317549119,373.9789517386454,377.06003669715886,24542000
2016-06-16,370.7313232421875,383.5553572912034,368.48294257993075,383.05571432038,23985000
2016-06-17,380.5575256347656,382.13970720143357,374.56186079877455,374.56186079877455,25921000
2016-06-20,392.0492248535156,397.37871651798895,387.30267969427484,389.7175913099833,23928000
2016-06-21,393.7146911621094,395.2136202473898,384.72121830202724,387.88558179389685,20240000
2016-06-22,388.8016052246094,391.9659942551029,387.88559720491645,389.71761324430224,19574000
2016-06-23,403.041259765625,403.9572677113085,389.71758175684397,391.38304150794164,24029000
2016-06-24,361.5712890625,414.69944009874706,351.07888850754273,414.69944009874706,64602000
2016-06-27,349.080322265625,364.3192665647764,342.08537201726506,359.6559748701682,35862000
2016-06-28,341.8356018066406,344.4170694119988,333.0919384230359,337.6719525763527,40750000
2016-06-29,354.99267578125,357.3243342864345,345.58283994313695,348.4973940149465,34687000
2016-06-30,352.994140625,362.15416799651064,350.1628645200213,360.9883514136248,36047000
2016-07-01,347.5814208984375,356.2418059217578,345.9159612626875,354.9094585434757,27572000
2016-07-04,350.5793151855469,350.91240208889104,338.92109567818903,344.4171185285238,26241000
2016-07-05,343.8341064453125,349.7464927142515,341.0028303963952,349.7464927142515,28801000
2016-07-06,340.08685302734375,340.08685302734375,333.0919276296995,337.089020596097,41091000
2016-07-07,335.6733703613281,344.9166757529971,334.75736254541584,338.92101133329413,25339000
2016-07-08,335.8399353027344,343.6676161522648,335.17376159391813,338.92104588503025,24623000
2016-07-11,335.8399353027344,335.8399353027344,335.8399353027344,335.8399353027344,0
2016-07-12,364.65240478515625,372.2302516804704,359.7393036375016,360.57203350703287,27554000
2016-07-13,377.3932189941406,384.7212323013876,374.1455518976393,382.8892162681254,28923000
2016-07-14,374.1455383300781,377.97610099796435,369.3989930916778,377.1433710881152,22469000
2016-07-15,388.21868896484375,393.2983210169308,377.3932002810259,378.14265210732566,34666000
2016-07-19,391.2997741699219,394.88052798072994,385.3873868087874,393.38159891589174,24758000
2016-07-20,392.21575927734375,393.38157598454814,385.8870073359365,391.2164732923696,29743000
2016-07-21,402.45831298828125,406.4554313834157,399.2106717636014,399.7103147396054,20915000
2016-07-22,404.7067565917969,406.0391295973131,395.9630920975297,398.0449169771171,27270000
2016-07-25,404.62335205078125,410.8688247375485,404.1237091532612,406.3720894856548,22167000
2016-07-26,388.6350402832031,397.12886970485323,384.5546435920989,395.79649683099666,28576000
2016-07-27,396.7124938964844,399.7103264272685,389.1346472087211,392.71540079737093,27927000
2016-07-28,388.8016052246094,395.79653166179867,388.21870951236923,393.7979848815876,24932000
2016-07-29,396.79583740234375,401.0427654036062,385.6372606985834,388.80162447283254,31989000
2016-08-01,391.0499572753906,392.9652258368993,377.8095572475239,378.47573098729237,22884000
2016-08-02,381.97320556640625,390.30050435431224,380.97391954669786,384.38811713231917,21125000
2016-08-03,368.5661926269531,377.0600208336955,367.89999357886467,373.0629281967456,23671000
2016-08-04,380.5575256347656,382.3895413937899,367.3171266525906,368.64949943979946,20368000
2016-08-05,384.2215270996094,389.7175488974086,381.39025084404517,389.7175488974086,16795000
2016-08-08,402.125244140625,402.6248871389925,389.13465324756277,394.7139534723525,22702000
2016-08-09,409.0368957519531,409.9528782191628,400.7928502438885,405.20633351607717,19412000
2016-08-10,403.7074279785156,408.8703633014531,400.876151522959,408.78708523245757,13040000
2016-08-12,406.5387268066406,407.7045435251631,402.0419652434992,405.28963201974545,14332000
2016-08-15,401.29248046875,403.8739478987232,399.6270208897862,403.0412181092413,11420000
2016-08-16,398.6277770996094,408.0376139500328,398.6277770996094,403.0412350037058,14705000
2016-08-17,408.1208801269531,409.95287043950407,394.9637340371398,395.38009893720545,15514000
2016-08-18,399.1273498535156,404.70664921567976,398.62773234529345,403.8739194847833,18260000
2016-08-19,407.4547424316406,410.11948835872556,399.9601731012273,402.2085540655115,15380000
2016-08-22,412.117919921875,415.1157518988082,410.1193737415507,413.7833793076275,16816000
2016-08-23,397.2954406738281,405.20637472982656,394.9637817043203,403.8740018062364,25270000
2016-08-24,395.54669189453125,401.7921659770765,394.79724008720564,397.21215164987666,14212000
2016-08-25,395.9630126953125,396.71246441909665,390.6335471548634,391.38299887864747,14559000
2016-08-26,388.0521545410156,396.8790970444859,386.8863377000821,396.795818967369,15173000
2016-08-29,401.29248046875,404.2903127934641,396.4626578549135,397.2121095828679,15594000
2016-08-30,403.041259765625,409.1201776919717,400.62634820911325,401.209243874258,14681000
2016-08-31,413.0339660644531,414.44961683910657,405.7059542510486,406.78849278726886,22510000
2016-09-01,411.70159912109375,414.3663445885414,409.7863307877319,413.94997969755866,17437000
2016-09-02,413.20050048828125,413.86667410437803,404.5400910016568,409.7863035267729,18589000
2016-09-05,417.4474182128906,424.6921772846697,417.1976094502343,420.52852848776115,19482000
2016-09-06,419.61248779296875,421.11141649015116,416.61465581149747,420.11213069202955,9712000
2016-09-07,415.5321350097656,416.3648647392441,409.61974884788947,412.28449414737844,17194000
2016-09-08,409.6198425292969,414.5329439742835,406.5387570733088,413.8667702035024,17095000
2016-09-09,407.9543151855469,410.3692264711603,402.20848477139197,402.9579364927346,18906000
2016-09-12,397.8783264160156,402.2085319562739,395.0470499071848,402.2085319562739,18845000
2016-09-13,397.4619445800781,401.87542800328265,394.54739012458197,399.7936033922139,12220000
2016-09-14,393.8812255859375,397.46195383519563,392.8819395841964,395.4634072446121,10412000
2016-09-15,389.3011779785156,392.5488190865592,387.96880522798847,391.3830024596841,15348000
2016-09-16,396.212890625,397.12889863080244,391.7994321600891,391.7994321600891,14131000
2016-09-20,394.2142639160156,398.9608337205739,391.3829878101807,391.4662658688896,18028000
2016-09-21,408.1208801269531,408.2874108392413,388.5517298238664,392.215735861865,25871000
2016-09-23,402.7914733886719,405.3729158162446,399.8769186620184,401.79218731723046,18875000
2016-09-26,391.9659423828125,399.71031966108694,390.13392658587344,399.71031966108694,21782000
2016-09-27,397.71173095703125,397.71173095703125,384.22149893432277,387.635695968504,19719000
2016-09-28,397.4587707519531,400.41040608754093,394.2541483963734,398.89243249515425,12211000
2016-09-29,407.0727233886719,409.43402156044397,401.42243926420457,403.10908816867607,16439000
2016-09-30,395.18182373046875,399.0611211642742,392.3145258832972,398.63945895921313,22321000
2016-10-03,391.9771728515625,396.6997946632164,389.19421261166525,393.0735100189602,23686000
2016-10-04,398.3863830566406,400.2417067593579,392.6517882711383,394.5914238125308,21872000
2016-10-05,423.6861877441406,424.02351236830714,406.6510497296501,408.1690234065089,61039000
2016-10-06,433.21563720703125,437.68524502163086,429.5893278277457,430.93865164942844,33152000
2016-10-07,442.32354736328125,442.74520946753603,432.28796869304716,432.28796869304716,30278000
2016-10-11,443.7572326660156,451.6001379322584,443.7572326660156,445.9498551370331,27195000
2016-10-12,437.432373046875,443.8416178462139,434.480737670678,435.32406206387714,20914000
2016-10-13,434.90234375,445.5282091442345,433.2156951812371,439.62493915356436,20319000
2016-10-14,437.5166320800781,438.19128121870637,432.4566863317216,434.39632190743896,15994000
2016-10-17,441.1429443359375,444.6006050343317,437.34798478296085,438.5286594550824,12716000
2016-10-18,440.88995361328125,442.5766022892865,437.17935740952936,440.636966606367,15007000
2016-10-19,432.54107666015625,434.5650242024535,428.83042895729494,433.215725840922,24374000
2016-10-20,441.05865478515625,441.4803169790235,430.43276235245764,431.4447619122262,20348000
2016-10-21,441.8175964355469,445.1908934452554,440.6369218931779,442.74523252424575,15154000
2016-10-24,440.29962158203125,443.4199319646863,439.03463505980085,441.9019584324965,13660000
2016-10-25,445.02227783203125,448.2269001254592,443.58861611663514,444.6849274969612,18301000
2016-10-26,442.8296203613281,445.19096985133365,439.70936126977404,444.43195730491243,13127000
2016-10-27,438.02276611328125,441.9020382262907,436.2517537789088,440.3840644200019,18626000
2016-10-28,448.81719970703125,452.4434838779228,440.46826860474806,440.6369437580888,42416000
2016-10-31,471.5870056152344,474.7073161291184,456.57584188127134,460.4551134569528,51414000
2016-11-01,471.1652526855469,472.09288873990965,465.5992819420933,471.5025514905762,20673000
2016-11-02,461.9730529785156,466.1896745856077,460.708066496388,465.0933632622501,19600000
2016-11-04,451.4314880371094,457.925095449386,448.2268659877507,453.5397987896387,21861000
2016-11-07,462.39483642578125,464.4188359170549,458.0939018473813,461.214212949576,19176000
2016-11-08,462.9849853515625,467.11729451652974,461.12966181887464,465.514957949112,12558000
2016-11-09,428.9991760253906,471.5870625388771,424.02354097246206,468.2137645972148,49869000
2016-11-10,474.37005615234375,476.05670524088544,458.9372272866766,471.41842024739583,46373000
2016-11-11,475.97222900390625,485.24879578732987,474.5385674792553,479.1768508709671,27601000
2016-11-14,496.127685546875,496.2963607048124,479.8515365183318,480.77917267834016,29855000
2016-11-15,494.52532958984375,501.35623499491754,491.65800673176943,497.81426307389165,20934000
2016-11-16,497.2239990234375,506.7536050277401,496.5493498611906,505.9945925499425,27350000
2016-11-17,496.127685546875,496.127685546875,487.86311753225823,492.75438827785337,18730000
2016-11-18,501.2720031738281,506.50057285056954,500.0070166767264,505.1512745093006,21726000
2016-11-21,517.3794555664062,520.0781036079379,501.60928093762226,504.72959112712977,31749000
2016-11-22,513.4158935546875,518.6445152221462,511.054595487188,517.8011908071509,17272000
2016-11-24,518.8131713867188,522.8611181358641,515.4398738503584,521.596131559729,21505000
2016-11-25,522.017822265625,529.101768067898,518.8131997255256,519.319173794643,25572000
2016-11-28,520.8370971679688,520.8370971679688,509.8738806348725,518.6444744503228,21626000
2016-11-29,515.1868286132812,517.6324381673262,511.39186931370784,513.8374788677528,14205000
2016-11-30,513.83740234375,519.4033727043284,511.8977670628726,518.2226982868784,19127000
2016-12-01,521.8489990234375,530.2822409322598,519.9936755090118,524.5476467287453,25960000
2016-12-02,524.1260375976562,526.7403222646021,518.8974167913354,525.1380370234649,22235000
2016-12-05,520.5841064453125,523.7044168077357,515.6085237069275,522.4394302937073,21839000
2016-12-06,525.9814453125,529.9450803377629,523.1141217267939,528.8487174257689,18776000
2016-12-07,535.0892333984375,535.3422203774265,528.2583276035984,530.4509500514062,20502000
2016-12-08,545.4620971679688,545.5464604737282,536.9445431042321,543.5224617494613,27967000
2016-12-09,549.8475341796875,551.3655078752663,543.3539257054703,545.715223839975,29951000
2016-12-12,542.7634887695312,558.2806761891377,537.1132572428415,556.5940276205904,31737000
2016-12-13,534.9205322265625,536.1855185323824,526.908952289703,531.3785602757819,31122000
2016-12-14,536.101318359375,540.7396024467698,534.4989814493009,539.3902525560666,20937000
2016-12-15,541.5829467773438,546.642893240902,537.5349999009845,543.9442448325169,22919000
2016-12-16,552.9678344726562,554.4014962862881,545.7152135511695,546.9802001857087,33074000
2016-12-19,549.1727905273438,552.1244255562366,544.787493904217,546.1367921855959,17480000
2016-12-20,545.2090454101562,550.6906522085569,541.7514370955175,549.1726790819453,15739000
2016-12-21,543.2696533203125,551.7028983222657,540.9083550142541,548.4139121825268,15154000
2016-12-22,540.40234375,540.6553308122736,532.5594359848543,538.041045381373,17408000
2016-12-26,538.88427734375,543.9442236098886,537.8722777960353,543.6912365910687,10344000
2016-12-27,536.8602294921875,541.0768509976946,533.5712956013504,533.8242825971946,11929000
2016-12-28,543.8599853515625,545.1249720892644,540.823986297613,540.9926614904616,14724000
2016-12-29,532.8123168945312,541.1612485933042,531.884680693527,540.8238982625206,15654000
2016-12-30,532.9811401367188,533.8244647255426,526.4032186383818,531.2944909590709,13672000
2017-01-04,553.136474609375,553.2207864573611,541.3299334349801,543.1008940221654,23887000
2017-01-05,555.7508544921875,565.6177615963251,552.4618682999939,565.0274241422848,35734000
2017-01-06,553.5582275390625,557.1845126283115,546.6429562802371,548.2452419616785,19592000
2017-01-10,550.437744140625,557.0156629467982,549.9317187109643,551.9557174847531,16253000
2017-01-11,560.8949584960938,561.8226460883072,554.148364250596,555.7507009728735,18216000
2017-01-12,554.3170776367188,559.0397248177819,551.1967672884584,557.0157258155501,17433000
2017-01-13,554.8230590820312,555.5820200432977,549.425763152802,551.4497619943701,12734000
2017-01-16,550.1004638671875,555.8350591595464,548.245140000486,551.7028007230737,11096000
2017-01-17,543.4381713867188,550.437752420013,542.5948471303598,548.4981169248729,13475000
2017-01-18,549.3414916992188,551.196764055879,534.2459655332218,535.0049780227156,19359000
2017-01-19,554.654541015625,557.4375016066157,550.4379184618684,556.0038396438498,13666000
2017-01-20,555.4133911132812,557.4373901232769,551.7871067367693,554.3170797630473,16338000
2017-01-23,547.3175048828125,551.0281526235339,545.2091940011376,548.3295044005032,12782000
2017-01-24,543.0164794921875,548.4980868580376,542.5948173871221,546.4740881647538,13765000
2017-01-25,554.0640869140625,556.4253847525431,552.2931264033101,553.8954117529355,15207000
2017-01-26,569.0751342773438,571.5207949363455,558.6179455510004,560.0515554485994,24369000
2017-01-27,568.0633544921875,570.8463664803664,566.9670429523446,570.4247042363929,14476000
2017-01-30,563.2564697265625,564.9431187732389,559.6301330982529,562.7504441290931,11947000
2017-01-31,546.1369018554688,554.401522773933,546.1369018554688,553.6425101679711,22222000
2017-02-01,546.642822265625,549.4257821647593,535.5952430377947,536.3542554977544,16214000
2017-02-02,552.9678344726562,573.0389454461882,551.2811856266042,565.8706878504669,40597000
2017-02-03,557.1845092773438,566.3767154741159,553.642536071204,556.6784836922136,22874000
2017-02-06,560.5577392578125,565.7863608349426,555.1604425061099,563.2563876336638,14286000
2017-02-07,566.9671020507812,571.7740624276269,555.5822202767798,555.7508954864396,19894000
2017-02-08,570.677734375,571.183708516993,564.4371121040418,564.6900991750383,15223000
2017-02-09,524.80078125,542.7635812719153,522.3551712922625,539.7276339200902,76443000
2017-02-10,529.1017456054688,536.1013277841038,526.8247594462309,535.5109904135701,40918000
2017-02-13,536.8602294921875,538.0409041027017,529.9450114011004,531.2943096938903,24123000
2017-02-14,533.5712280273438,542.0887818007922,533.1495659301944,541.1611457760331,21944000
2017-02-15,540.5709228515625,545.5465572390142,540.2335725135392,542.0045845795091,21606000
2017-02-16,542.1732788085938,547.3175370734683,539.3902671031522,542.9322398871751,21158000
2017-02-17,532.2219848632812,537.1976191936086,530.1980372756827,535.510970467726,19342000
2017-02-20,528.511474609375,529.2704357761462,522.3552160519429,526.9935008033899,16379000
2017-02-21,534.4989624023438,534.8363127311069,526.8247314111007,528.5113801100493,13514000
2017-02-22,537.1976318359375,540.9925915584834,535.9326452617555,538.0409562187255,13311000
2017-02-23,534.6676025390625,538.5468737035285,532.3063048097166,538.5468737035285,15991000
2017-02-24,533.8243408203125,538.4626249822584,530.7040302714254,533.0653282775651,16308000
2017-02-27,520.246826171875,524.9694220706045,516.9578405289648,523.6201236630917,24164000
2017-02-28,521.8489990234375,529.2702416087163,521.7646871933188,524.4633348986267,22249000
2017-03-01,532.0532836914062,532.5592576465177,524.716352507729,527.7522991832515,15914000
2017-03-02,534.83642578125,542.0046842669603,534.667750581215,542.0046842669603,18983000
2017-03-03,528.3427124023438,533.2339834038403,524.9694149568379,532.0533601813738,22686000
2017-03-06,523.9573974609375,528.4270061284722,523.2827482894586,526.4030586140353,18531000
2017-03-07,532.72802734375,532.8967025162011,525.0537445129269,525.3910948578292,21306000
2017-03-08,530.61962890625,533.486900475559,528.2583312984581,532.1376022632286,13690000
2017-03-09,532.8123168945312,533.7400045679692,529.9450449726058,533.2339790717939,14067000
2017-03-10,531.2943725585938,535.0893323625837,531.0413855328151,532.896709509253,27499000
2017-03-13,534.4147338867188,535.2580583676912,529.9451244320531,530.7040855814635,15270000
2017-03-14,536.944580078125,539.8118517504463,534.6675942246383,537.1132552288332,16540000
2017-03-15,538.4625854492188,538.4625854492188,532.3063281261965,535.7639372950024,12443000
2017-03-16,535.3422241210938,539.3901702305068,530.7039407416268,534.6675750149295,17166000
2017-03-17,526.8248291015625,530.1137637909278,524.1261803883407,528.9331403661978,25922000
2017-03-21,529.5233154296875,530.9569254720502,523.6200456990217,525.3910060292505,14148000
2017-03-22,515.7771606445312,523.6201184108888,515.6085369496097,523.282768076177,18856000
2017-03-23,517.8011474609375,519.4034843042687,510.2112283613472,510.54857868808006,15660000
2017-03-24,519.8252563476562,521.6805291195211,514.0062965524248,515.35559519968,12968000
2017-03-27,511.64483642578125,515.0181334498874,509.45216247665564,512.7411476641302,12960000
2017-03-28,524.0418701171875,524.294857175223,515.5242616987442,515.5242616987442,21301000
2017-03-29,529.073974609375,531.6327718930497,526.9416435396461,529.841634618023,14704000
2017-03-30,522.4212036132812,530.6946600251356,521.5682710359534,529.2446642319037,12497000
2017-03-31,513.891845703125,526.6858335629538,513.891845703125,524.9799685149767,22597000
2017-04-03,514.9152221679688,517.9004851150396,512.5270222220829,513.9769654350052,22814000
2017-04-04,509.20068359375,512.0153503274697,503.912491878323,511.7594809987437,18076000
2017-04-05,507.66558837890625,516.3655129292326,506.3008647296856,513.2949237626493,20062000
2017-04-06,499.47723388671875,505.61835808591337,495.8949591578163,499.13609213384865,21959000
2017-04-07,499.9037780761719,506.47136953474404,497.4303047614043,501.26850147706494,22424000
2017-04-10,505.1919250488281,506.81251767277314,497.94199857336787,500.9272624162045,15926000
2017-04-11,502.88909912109375,503.65675937468365,497.51563352260655,501.60970007103106,13055000
2017-04-12,494.3597106933594,499.56263075244703,492.65384550524027,498.96556752483053,14583000
2017-04-13,489.83917236328125,490.77742944059133,484.89217379003884,487.87743783272157,18977000
2017-04-14,488.47442626953125,490.86262672627873,484.12443952369233,485.3185657814989,13697000
2017-04-17,488.9009704589844,490.0950448483392,483.0157147709447,487.2803777162274,12346000
2017-04-18,493.93310546875,498.3683641221381,490.3508312283784,493.7625606450062,14397000
2017-04-19,491.2890625,493.76258728404844,488.9861346077588,492.99492730034723,14497000
2017-04-20,494.0185546875,497.77142675813843,486.85390027984164,489.6685673475386,14127000
2017-04-21,501.01263427734375,504.25376777282855,497.8567732190263,499.47731393733125,15580000
2017-04-24,503.65667724609375,509.7978020967706,503.65667724609375,508.6036756878796,13878000
2017-04-25,509.1154479980469,510.1389253869859,496.4920049065168,500.67139512720854,19556000
2017-04-26,527.5386962890625,527.5386962890625,511.84471910057187,515.5976425331257,33197000
2017-04-27,524.89453125,526.2592020362772,518.0710732009073,523.3592115418713,16923000
2017-04-28,524.638671875,528.7327888349686,523.1034040444416,527.0269241212683,11873000
2017-05-01,531.8887329101562,532.4005236904451,525.7476600176736,526.4299956658525,13990000
2017-05-02,531.803466796875,535.8122603585219,530.7799372830052,532.2299330894145,13068000
2017-05-08,542.0386352539062,545.5356378836086,539.9063038799727,542.3798290972842,26457000
2017-05-09,540.2474365234375,544.1709049834711,538.2003778128061,542.4650400775669,17318000
2017-05-10,541.6121826171875,543.7445140448142,540.3327837606115,542.9768539073195,17750000
2017-05-11,538.797607421875,545.3651997506654,535.8976153622383,543.318140407524,16356000
2017-05-12,532.74169921875,540.3328204399573,530.2682258301202,538.7975521196222,19036000
2017-05-15,564.5560302734375,572.1470981227282,554.4913853456235,558.3295815119998,62274000
2017-05-16,575.7294921875,577.0941634935803,566.944297014784,568.4795652488426,40028000
2017-05-17,576.7529296875,581.6146550354925,575.3029341193106,578.5440669983507,29015000
2017-05-18,566.0913696289062,571.0383682324386,561.741382190467,564.2149075216702,23598000
2017-05-19,567.7119140625,570.0148424793715,563.5325755848713,565.9207764376412,15957000
2017-05-22,575.047119140625,575.047119140625,569.1618638907509,572.402997076084,14081000
2017-05-23,569.673583984375,577.4352481806882,568.3941853547279,574.3647122930807,13688000
2017-05-24,575.8147583007812,576.4971460052036,570.185424151407,571.7206923686116,13223000
2017-05-25,574.8765258789062,577.0941296358999,571.720665102515,574.0235933479287,11079000
2017-05-26,571.8059692382812,574.3647667401372,568.991250339145,573.7677035779304,11677000
2017-05-29,569.673583984375,573.7676491874728,569.2471177744926,571.8059150337867,9043000
2017-05-30,571.6353759765625,572.5735809096866,564.982512841029,569.2471753713542,9846000
2017-05-31,570.3560791015625,571.6354780892023,568.1384229543269,568.1384229543269,14952000
2017-06-01,575.5588989257812,576.5824284412979,570.100161607815,572.3177655090399,14847000
2017-06-02,590.3145751953125,592.361634063139,580.6764481486077,580.8470450640715,29397000
2017-06-05,585.964599609375,596.7968522555573,585.7087302833274,594.9203904330991,20507000
2017-06-06,581.4441528320312,589.2058185216465,580.8470896115516,584.5146893103931,13255000
2017-06-07,585.5382080078125,586.9882037853748,578.8000198961911,580.2500156737533,15656000
2017-06-08,579.39697265625,590.2292246180945,578.2881709408498,587.670427401542,17261000
2017-06-09,578.5440673828125,580.7617229764772,571.9764771405539,577.4352656154126,20598000
2017-06-12,573.4265747070312,578.5441702904209,571.9765788799626,573.853041005647,14653000
2017-06-13,577.435302734375,577.8617689845481,570.6118427316054,571.7206445702818,13314000
2017-06-14,570.1854858398438,581.700076802952,569.3325531759098,579.2265512539923,13755000
2017-06-15,562.9354858398438,567.8824842430256,558.8414199909647,567.8824842430256,16658000
2017-06-16,568.650146484375,575.9853456551631,566.944281369413,570.9530748013482,19368000
2017-06-19,570.6118774414062,573.5971413742088,565.15308828359,565.2384127741359,9384000
2017-06-20,575.047119140625,581.102919248514,574.5353283899702,577.8617860631808,16678000
2017-06-21,578.9705200195312,580.2499186577854,574.2793916792658,574.8764547888906,18924000
2017-06-22,571.7206420898438,579.823500807978,571.6353696637265,578.9705683113323,13080000
2017-06-23,575.1323852539062,577.0088472012941,570.9530471599059,575.7294484270118,10903000
2017-06-26,572.4883422851562,576.0706694339214,571.8060066517895,572.4883422851562,11286000
2017-06-27,585.6234741210938,588.2675962890246,581.444135817779,583.7470641385988,22578000
2017-06-28,580.8470458984375,585.7087716723569,579.2264532875078,582.6381833662064,18377000
2017-06-29,588.3529052734375,592.1058295893258,584.0029697763227,587.244103289749,19433000
2017-06-30,588.0116577148438,588.0116577148438,579.6528779744311,584.2587340738885,24864000
2017-07-03,591.67919921875,594.920331833454,587.2439404549579,588.0116004163518,15242000
2017-07-04,590.39990234375,596.5410269160415,588.1822465504634,593.8116324329263,14555000
2017-07-05,597.8204956054688,599.5263608495319,590.7411131955062,590.9970346292163,23190000
2017-07-06,596.967529296875,605.4968550358852,596.2851415906558,603.8762623219241,23237000
2017-07-07,595.602783203125,599.3557072085516,592.2763775272374,592.958713148532,12997000
2017-07-10,597.90576171875,602.170424783791,596.2851689304842,600.2939626233979,12412000
2017-07-11,607.3732299804688,607.9702931594985,599.0998261384494,601.2321574500771,16526000
2017-07-12,608.9939575195312,613.5144904899028,607.2880920923056,607.4586890468046,21964000
2017-07-13,612.6614379882812,617.2672945648025,610.5291066211643,614.111433729695,18179000
2017-07-14,617.6082763671875,621.3611994247303,616.4142023462296,620.5082670988213,18940000
2017-07-17,617.6082763671875,617.6082763671875,617.6082763671875,617.6082763671875,0
2017-07-18,622.5554809570312,622.6407533873717,615.8172930762771,618.9731538819325,17143000
2017-07-19,615.9879150390625,622.8966480613747,613.3437928256931,622.5555062672731,17337000
2017-07-20,628.440673828125,628.8671400905027,615.8172828735167,617.4378754941002,21560000
2017-07-21,629.1231079101562,631.340764056963,626.3937650508218,626.9055038222275,16625000
2017-07-24,625.4553833007812,627.1612482774963,619.1437141222564,622.640716500975,16215000
2017-07-25,621.6171875,628.014181166765,620.934851920652,626.052446854064,15553000
2017-07-26,619.0584106445312,628.8671345934807,616.8408069230992,628.8671345934807,18293000
2017-07-27,621.5318603515625,627.3317903536647,615.9024751851308,616.4142658687318,18072000
2017-07-28,615.0496215820312,623.1524805514571,610.9555558829373,621.7878093380491,20539000
2017-07-31,647.8875122070312,651.0433728981799,632.8759208908498,639.6993809543629,50632000
2017-08-01,628.8673095703125,647.3759607573658,624.5173733452988,646.7788974173542,37841000
2017-08-02,631.8524780273438,634.8377422140836,624.6025507166897,630.4024821534377,17931000
2017-08-03,634.24072265625,638.6759830224302,628.6966602132447,632.2789878958856,17962000
2017-08-04,630.1466064453125,633.9848032182645,628.0995994017301,632.5348073589297,14743000
2017-08-07,628.8673095703125,632.8761039288081,627.41731347568,632.2790405887966,12756000
2017-08-08,623.0672607421875,626.7348604894701,620.5937353927619,626.223121755942,14714000
2017-08-09,618.2908325195312,620.5937087805302,611.1261782041267,618.1202355960461,25955000
2017-08-10,613.258544921875,618.9732038051055,611.2114858398932,615.3056040038568,17157000
2017-08-11,613.258544921875,613.258544921875,613.258544921875,613.258544921875,0
2017-08-14,614.7083740234375,621.1053668458151,608.5672505021829,613.5142478730494,22006000
2017-08-15,618.5466918945312,624.602492139002,614.282029170574,618.6319643254619,21341000
2017-08-16,619.826171875,623.7496412712518,619.3143810457859,622.6408392296048,13488000
2017-08-17,619.5702514648438,621.2761166373142,616.1585211199027,618.3761250205649,9300000
2017-08-18,610.9555053710938,614.7937014077025,607.6291000413521,612.4055009522524,14795000
2017-08-21,611.5526733398438,614.7085343671799,609.5909387743778,614.1114711362447,11020000
2017-08-22,615.5614013671875,616.1584645344951,609.5908738118488,611.9790744222105,10821000
2017-08-23,619.4849243164062,624.0907810858901,618.461394805535,620.9349201185677,13021000
2017-08-24,611.9791259765625,616.5849827308065,611.7232566144097,615.8173225854748,11639000
2017-08-25,613.258544921875,616.0732121154438,607.7997554091734,613.8556081590259,11844000
2017-08-28,614.8790893554688,617.4378869773244,612.5761610840245,615.7320218960873,9484000
2017-08-29,617.5231323242188,619.6554635822444,610.1026091345159,610.1879336201581,13780000
2017-08-30,634.9229736328125,637.8229128966203,624.0053959889975,626.3083241500793,25855000
2017-08-31,645.669921875,652.4933820797556,641.7464530808135,648.3139918807948,28576000
2017-09-01,643.1111450195312,650.9581349196076,640.2111535155232,648.228740337989,17978000
2017-09-04,632.8758544921875,639.3581200488856,630.7435234460548,638.8463814213591,12318000
2017-09-05,628.2701416015625,635.0083300644806,626.4790039386984,634.325994386193,14357000
2017-09-06,631.8524780273438,634.0701340871047,623.0672824038558,623.579021155175,16343000
2017-09-07,626.8201293945312,634.5817944983149,626.5642079915895,631.9377245114531,14788000
2017-09-08,629.2936401367188,633.0465642706682,626.9907117844713,628.5260320585514,16202000
2017-09-11,636.1170654296875,640.63759739115,634.5817972996076,634.8376666448092,10205000
2017-09-12,644.2200317382812,644.6464980709637,639.2730326909409,642.0877000748692,14538000
2017-09-13,665.372802734375,666.8227987890799,655.5640763263297,656.7582029734708,32479000
2017-09-14,658.7198486328125,664.7757014390514,656.9287109635573,661.108049544778,17404000
2017-09-15,667.5050048828125,669.8079332212509,655.1374826840619,655.9051428164988,25631000
2017-09-18,667.5050048828125,667.5050048828125,667.5050048828125,667.5050048828125,0
2017-09-19,676.460693359375,678.0812858093834,672.2813556632899,673.8166236344816,21362000
2017-09-20,677.2284545898438,677.484323946806,670.4902665228947,672.7931948532995,15846000
2017-09-21,676.546142578125,684.6490022044239,675.7784824215576,680.6402086091117,17261000
2017-09-22,675.0107421875,681.6636046928852,671.5136880085473,680.6400753707804,10931000
2017-09-25,674.6697387695312,681.5784725402063,673.0491458806674,678.4226633232798,10168000
2017-09-26,668.7843627929688,670.4049553916361,664.0079615424793,669.5520228784152,16866000
2017-09-27,673.2594604492188,673.6897681770437,667.6654599874955,671.021881275649,11915000
2017-09-28,682.1239013671875,685.4803232075755,677.7347828323485,684.0172661866933,15287000
2017-09-29,682.3821411132812,683.3287972772271,677.2184474310856,678.6814519521275,16383000
2017-10-02,691.2463989257812,692.1070144492128,682.5541506224408,682.8984178429347,18018000
2017-10-03,699.5945434570312,703.1230469163544,693.5702333855324,693.5702333855324,25774000
2017-10-04,701.4017944335938,703.2951594762778,690.9883654905518,699.594522477467,21044000
2017-10-05,697.356689453125,701.4015925784623,694.9469766958385,701.4015925784623,12728000
2017-10-06,698.9060668945312,703.2952389706601,695.8078710401741,701.4018737139664,13917000
2017-10-09,698.9060668945312,698.9060668945312,698.9060668945312,698.9060668945312,0
2017-10-10,705.0161743164062,705.0161743164062,697.6148500644089,698.4754654987482,14616000
2017-10-11,704.2418823242188,704.5861496473734,698.9921470769303,704.1558417573394,15516000
2017-10-12,704.3277587890625,710.8684156947454,700.7992036593683,705.7047226025318,17819000
2017-10-13,716.3765258789062,716.892874285033,707.684275838474,709.1473330262511,29342000
2017-10-16,729.0272827148438,733.5024932904948,722.8308938707986,722.91693439949,27881000
2017-10-17,728.3390502929688,735.9124578838578,724.1220649150415,735.8264173257053,20089000
2017-10-18,735.0518798828125,735.998588710102,728.4251807308664,731.5233763726122,21955000
2017-10-19,735.9984741210938,738.7524545559932,733.2444936861943,738.4081873037028,18692000
2017-10-20,738.06396484375,738.4082321169336,732.4699630852884,735.223943687324,21220000
2017-10-23,747.014404296875,750.1986927931039,740.1294789116504,740.2155194678409,26846000
2017-10-24,744.0021362304688,744.6906181586667,737.3753860499808,740.3014999045768,22980000
2017-10-25,741.5064086914062,747.5307181249226,739.1827885035833,746.1537541226712,19543000
2017-10-26,742.5391235351562,743.5718727528745,718.441886918165,735.8263324116987,22988000
2017-10-27,755.6204833984375,756.0507911908056,743.7439988346384,753.0386366442287,32959000
2017-10-30,773.177001953125,773.177001953125,761.5586924665744,761.6447330072056,37857000
2017-10-31,771.9722290039062,774.5540759236518,765.431571151675,765.9479195245001,28325000
2017-11-01,781.5250244140625,782.0414253033446,774.7261925248906,777.9104808281323,20911000
2017-11-02,771.9722290039062,780.578385403058,769.9928235376634,780.3202112166455,20532000
2017-11-03,771.9722290039062,771.9722290039062,771.9722290039062,771.9722290039062,0
2017-11-06,762.591552734375,774.5541320064897,759.579397776572,774.4680914473922,21777000
2017-11-07,774.3818359375,775.5867186790282,765.345372959447,769.8205841779481,23935000
2017-11-08,772.8328247070312,772.9188652576792,763.5381865412835,769.390362236176,20740000
2017-11-09,765.345458984375,777.0498629120161,752.0059168983589,773.6934409889274,28302000
2017-11-10,760.267822265625,764.0544992903945,754.0713796013221,755.706517682084,14267000
2017-11-13,752.0919799804688,759.7514271625228,751.7477127356949,757.341714032526,11680000
2017-11-14,753.8131103515625,757.5137463629154,750.026381276625,751.747612214724,14885000
2017-11-15,733.846923828125,747.1864654682091,730.490502017239,746.8421982212132,22057000
2017-11-16,737.2033081054688,739.4409402008404,729.6299012677825,731.5232661091561,16291000
2017-11-17,737.4615478515625,749.4240734863324,735.4820898977795,746.2397851778652,18262000
2017-11-20,726.1873779296875,737.2032462721609,724.6382804722434,731.5232047522647,16449000
2017-11-21,728.0806884765625,738.5802077284748,727.3922066053125,737.5474586576998,15193000
2017-11-22,734.9656982421875,740.0433511264116,733.2444670987632,738.4081605290361,14244000
2017-11-23,734.9656982421875,734.9656982421875,734.9656982421875,734.9656982421875,0
2017-11-24,727.4783935546875,728.3390091989088,722.2286591360619,725.9292959006513,15165000
2017-11-27,724.380126953125,731.437185046746,724.2940338804899,727.4783219562731,13492000
2017-11-28,716.2042846679688,723.8637316901528,712.7618224033093,723.6055575258645,18642000
2017-11-29,724.810546875,725.8432962117706,720.6796020557309,725.412988365434,14699000
2017-11-30,717.9254760742188,721.3679381483912,710.1799364073308,720.3351890205789,34261000
2017-12-01,719.3885498046875,726.0152474303812,714.0527229592294,724.3801094235467,17426000
2017-12-04,713.8806762695312,724.3801976255916,713.3643278945652,722.9171405261076,13519000
2017-12-05,718.1837768554688,719.732874556425,700.1108477794174,700.9714634497055,24344000
2017-12-06,706.3071899414062,714.3109040230921,703.4671691418151,713.8805962495842,20485000
2017-12-07,726.1014404296875,726.8759630044216,712.5897641071183,715.601918907088,23282000
2017-12-08,732.0396728515625,733.5888230903099,727.564513359486,728.9414774296923,24022000
2017-12-11,737.2894287109375,737.8918701640234,732.0396417943999,735.8263716185317,10956000
2017-12-12,734.0191040039062,740.9900697113206,732.2117796342657,737.8918744030943,13506000
2017-12-13,722.4008178710938,733.7609027472853,720.2492786857829,733.2445543539355,18682000
2017-12-14,723.6917114257812,729.2857130760314,718.7000987002333,718.7000987002333,13884000
2017-12-15,708.5447998046875,720.1631101887375,706.9957022590422,718.6140126430921,22369000
2017-12-18,731.1790161132812,731.3511497443433,716.118242632023,718.1837411491479,18909000
2017-12-19,752.0919799804688,753.4689439039506,731.781420678367,731.781420678367,28145000
2017-12-20,768.357666015625,768.8740669385766,751.5756603120371,751.7477939530211,21847000
2017-12-21,764.3126831054688,769.9927775060281,758.3744670617381,767.6691049116087,13819000
2017-12-22,769.0460815429688,769.6485229704057,759.235095189111,760.0096177148376,13471000
2017-12-25,765.7756958007812,767.8411941047049,764.0544647234462,766.808444952743,8528000
2017-12-26,764.3988647460938,765.1733873487669,761.6448840383586,764.312771660588,7672000
2017-12-27,759.3211669921875,765.5176100920868,757.4278020828002,761.5587991679397,8346000
2017-12-28,754.41552734375,760.5259289189748,752.7803894081446,757.4276815979619,8271000
2017-12-29,755.5344848632812,760.6120855788859,754.1574683344489,755.6205254154165,9546000
2018-01-01,755.5344848632812,755.5344848632812,755.5344848632812,755.5344848632812,0
2018-01-02,755.5344848632812,755.5344848632812,755.5344848632812,755.5344848632812,0
2018-01-03,755.5344848632812,755.5344848632812,755.5344848632812,755.5344848632812,0
2018-01-04,766.378173828125,769.1321541891047,761.0423467276908,768.5297127776706,21669000
2018-01-05,771.6279296875,777.5661983673946,767.8412525458377,768.4436939743181,25565000
2018-01-08,771.6279296875,771.6279296875,771.6279296875,771.6279296875,0
2018-01-09,785.3117065429688,787.3772049192452,780.6643614602497,783.1601676209332,24605000
2018-01-10,789.6148681640625,789.8730423565376,779.8899217102199,784.8814820333787,20409000
2018-01-11,786.8609008789062,786.8609008789062,778.5129183286874,784.1069202142819,13674000
2018-01-12,779.975830078125,787.7213697065628,778.1685585092771,786.8607541922919,12375000
2018-01-15,799.856201171875,800.0282822785617,787.4633148774338,787.4633148774338,21713000
2018-01-16,796.4136962890625,802.4380054817851,788.668155898419,800.8028148326374,16734000
2018-01-17,786.2584228515625,790.3033268402185,781.783263573366,790.2172862878722,21221000
2018-01-18,789.8728637695312,802.6960552172372,789.184381902657,795.3808237601244,22753000
2018-01-19,801.0609741210938,804.1592217364627,797.6185117892215,800.3724921602806,17637000
2018-01-22,802.8682861328125,802.8682861328125,794.9506123845463,798.2209410444502,12469000
2018-01-23,808.9786376953125,812.5932336033421,801.4912717132096,805.7083090272118,17000000
2018-01-24,797.876708984375,804.5034596700308,795.5530888655494,802.09374647374,17858000
2018-01-25,790.1311645507812,794.5203356452524,786.2583943350874,787.4632771910931,12135000
2018-01-26,791.766357421875,801.1470885372356,789.9590856606222,797.1021846839753,14315000
2018-01-29,777.9965209960938,788.1517748132686,775.6728483149905,787.4632928223737,20361000
2018-01-30,759.235107421875,776.0171119445095,756.1368596856265,775.5007110578971,26126000
2018-01-31,745.6372680664062,766.8083877265236,742.7111544421884,748.8215032995963,28888000
2018-02-01,771.1115112304688,771.9721267563956,754.6737756963869,765.0872025489807,27740000
2018-02-02,760.526123046875,773.779573631732,756.1369513536999,771.7141274183099,18155000
2018-02-05,738.06396484375,752.3502162358924,737.8918837349693,744.6046753395609,22198000
2018-02-06,704.3277587890625,706.3932045092664,689.0948536614717,695.9797777844233,39656000
2018-02-07,699.250244140625,729.8021009615385,699.1642035832405,729.4578336763749,29432000
2018-02-08,711.2127075195312,711.6430152921041,698.6476890437215,703.9835159291856,22004000
2018-02-09,692.3653564453125,694.4308552133919,679.0258125983239,687.8041035709376,26380000
2018-02-12,692.3653564453125,692.3653564453125,692.3653564453125,692.3653564453125,0
2018-02-13,695.2052612304688,712.5036660597231,692.6234144673986,707.0817458350301,21200000
2018-02-14,689.3530883789062,708.9751133478006,684.9639698760061,700.54109106171,19435000
2018-02-15,696.6683349609375,704.3278348863935,692.5373905464096,698.8198739818175,13687000
2018-02-16,700.7133178710938,707.8564177206451,699.2502606662907,702.2624156353147,13946000
2018-02-19,718.3558959960938,718.4419365502612,703.897563532636,705.7048353926391,12137000
2018-02-20,714.4832153320312,721.7984493009845,710.6964849722697,718.6141604795238,15909000
2018-02-21,708.0283813476562,715.9460544419454,705.7907495341607,715.9460544419454,17013000
2018-02-22,709.66357421875,712.7618217708778,702.692609150122,710.0078414560327,15357000
2018-02-23,715.6019287109375,717.7534678832494,706.2211969085329,706.99577202169,12357000
2018-02-26,712.159423828125,722.6589448723008,711.6430754684969,719.7328307602521,17154000
2018-02-27,729.7158813476562,733.0722501792633,723.1751722291864,723.1751722291864,18943000
2018-02-28,703.983642578125,732.5560943227999,696.2381012783657,727.2202664774029,24126000
2018-03-01,705.9629516601562,714.4830669361095,701.5738332015176,707.770275899683,24027000
2018-03-02,688.4924926757812,692.7955707550049,685.9966863787081,689.0088410341647,20614000
2018-03-05,670.8497924804688,681.263219178153,668.181905400904,680.0583889764603,22931000
2018-03-06,678.3373413085938,690.9884032767358,677.2185513446774,686.7713651114163,15688000
2018-03-07,666.8910522460938,681.5215175074106,666.8049591690483,671.4523044396486,18774000
2018-03-08,669.9031372070312,678.6813734288776,668.8703880845192,674.378295858246,16793000
2018-03-09,680.5748291015625,687.6318877669353,676.0135767721247,678.5093831080596,21271000
2018-03-12,696.4100952148438,700.2828650877946,693.2258072581902,695.4633866181072,14901000
2018-03-13,705.9629516601562,706.1350852821788,690.816138422691,692.7955437564337,11523000
2018-03-14,689.8695068359375,696.4102175088595,688.6646764027922,694.5168525107028,17740000
2018-03-15,686.9434204101562,691.5046728368096,680.9191108770416,688.4064775166177,14595000
2018-03-16,679.7142333984375,687.8900821159457,679.3700186533342,683.2427890984698,18387000
2018-03-19,675.6693115234375,680.4026974983962,670.6777513644975,677.3045022350016,14142000
2018-03-20,674.5504150390625,675.5831641394857,667.1491427869988,671.2800866608902,10830000
2018-03-21,674.5504150390625,674.5504150390625,674.5504150390625,674.5504150390625,0
2018-03-22,682.726318359375,683.414800306974,673.948029076022,679.111722474723,15708000
2018-03-23,655.7889404296875,667.4932889590465,654.1537501445318,664.9975357942988,21396000
2018-03-26,650.71142578125,651.9163086168793,634.0155148726307,640.3840387140519,26831000
2018-03-27,674.3782958984375,674.6365225749327,660.1781399145073,661.5551562538728,20533000
2018-03-28,671.5960083007812,672.2046105770348,655.4234164388752,664.4661593984104,19662000
2018-03-29,663.5097045898438,675.1609253013166,657.1624199626846,672.987194054371,19167000
2018-03-30,670.204833984375,675.1609520375947,667.3355192387044,673.8567132377797,13993000
2018-04-02,668.7266845703125,676.9868636173577,668.7266845703125,673.3350374417224,9585000
2018-04-03,663.7704467773438,666.2050146171031,654.0321223487076,659.9446594080085,15313000
2018-04-04,650.3804321289062,664.7270593082204,648.0327916129139,663.4228204737373,20166000
2018-04-05,666.2051391601562,669.2483627961675,658.3797069532701,660.8142752481574,15993000
2018-04-06,665.2486572265625,671.1612483863266,664.2922367522754,666.1181496830445,14219000
2018-04-09,670.0308837890625,672.1176869686849,661.0751218599346,665.0748191092758,10592000
2018-04-10,673.1611328125,676.2043566922404,663.3358777575464,666.0312833946142,12511000
2018-04-11,679.856201171875,688.4641450065968,679.682292059438,685.420921282586,13286000
2018-04-12,674.6392211914062,680.0300319897138,671.4220884742945,676.8998803603993,13127000
2018-04-13,683.6819458007812,685.855677062433,677.8563354056324,678.2041536353411,13074000
2018-04-16,679.9430541992188,682.9862775875785,674.3782816326622,680.4647284093816,12583000
2018-04-17,672.9869995117188,682.2905771731512,670.117685709115,682.2905771731512,14853000
2018-04-18,679.59521484375,680.9864344768556,669.8569427600233,676.4650635410668,15773000
2018-04-19,686.2903442382812,695.7678326749018,682.6384655255648,686.1164351434653,16216000
2018-04-20,686.8990478515625,687.7685403171974,680.6386914850696,686.2034644929763,10953000
2018-04-23,696.8982543945312,701.0718078743004,692.8986100325883,692.9855380566954,11840000
2018-04-24,720.8961791992188,721.6787436430606,708.6363567097522,712.983819020855,20244000
2018-04-25,704.1151123046875,713.4186939426036,698.2025731089709,713.0708756671305,19642000
2018-04-26,703.3325805664062,709.5059567564158,702.8978342693741,707.8538995998472,13079000
2018-04-27,696.9851684570312,701.9412863329342,691.7682134444199,695.5940016815125,17553000
2018-04-30,696.9851684570312,696.9851684570312,696.9851684570312,696.9851684570312,0
2018-05-01,739.3294677734375,744.1116765599016,715.8531700944316,728.6347205558126,36104000
2018-05-02,751.502197265625,755.5888217601811,744.3723496684676,746.0244062948623,22529000
2018-05-03,751.502197265625,751.502197265625,751.502197265625,751.502197265625,0
2018-05-04,751.502197265625,751.502197265625,751.502197265625,751.502197265625,0
2018-05-07,747.3287353515625,751.8501065516712,736.4600800963042,751.5022883556605,17812000
2018-05-08,746.0245361328125,756.1106275146901,743.9377329857165,747.1548657251526,13911000
2018-05-09,751.9371337890625,759.6756385797968,748.4591636484381,748.6330727693919,17539000
2018-05-10,751.502197265625,757.2408783865758,745.0679859761701,752.1108525000651,14251000
2018-05-11,758.7191772460938,759.0669954936384,752.6327294013566,753.9369682252288,13491000
2018-05-14,756.0238037109375,756.9802243279239,748.7200447589142,752.1110870729856,12555000
2018-05-15,751.502197265625,758.0233896283423,748.893720320538,757.7625525477536,10956000
2018-05-16,740.8945922851562,749.5895179219713,740.2859899462708,748.6330973297673,12331000
2018-05-17,739.59033203125,747.4157648778663,739.59033203125,746.0245980440909,9603000
2018-05-18,736.3732299804688,739.3294726808662,730.7215286498606,739.0686355410681,11700000
2018-05-21,732.7212524414062,735.4166576401283,729.5041199635223,734.8080023492414,8737000
2018-05-22,723.5045776367188,730.8952627591184,721.2439187094727,730.3735885665548,13421000
2018-05-23,713.766357421875,726.3739976640646,713.1577021066066,722.1134635267924,16215000
2018-05-24,706.1149291992188,710.8971385667213,702.2891935469871,709.5928996483115,15574000
2018-05-25,712.7230224609375,717.1574130428036,702.3760403437682,704.0280973438579,13397000
2018-05-28,717.9398193359375,719.7657319803469,712.6358843414536,712.9837024973409,10051000
2018-05-29,707.9408569335938,715.244562636759,702.1152461350212,715.0707065794761,10883000
2018-05-30,690.7249145507812,696.6374533761785,686.6382888832105,693.8550665555167,17549000
2018-05-31,692.6376342773438,698.0284978464897,688.6379904093739,695.6808577198094,21841000
2018-06-01,687.9424438476562,692.5507432642438,683.5949815547232,686.8990422834307,12401000
2018-06-04,696.5503540039062,701.0717251860524,693.507130544524,693.9418767530071,12526000
2018-06-05,693.6812744140625,702.8109478820919,691.9422889915807,702.5501106826443,16445000
2018-06-06,715.3314208984375,718.3746443529116,700.8978149583115,701.4195422494132,20979000
2018-06-07,725.7655029296875,729.6782197326357,721.0702215383023,721.5919489537996,19485000
2018-06-08,716.9834594726562,725.4175469272217,716.0270389969213,721.7656679905471,15572000
2018-06-11,717.157470703125,720.7224221295207,713.5055912464138,716.1140689912625,6878000
2018-06-12,719.1572875976562,728.2000316060431,712.4622372254481,726.8957927434651,11624000
2018-06-13,725.5045166015625,727.6782477118625,718.2876868596808,718.7224330817409,8707000
2018-06-14,710.6361694335938,721.0700788433211,710.5492414163557,720.8092417219995,12483000
2018-06-15,711.1578979492188,715.4183791236355,708.0276932792393,714.8097237931166,15061000
2018-06-18,689.4205932617188,704.9844764652387,687.5076992344101,704.288893110656,13668000
2018-06-19,683.0732421875,695.3331174790559,682.6384959658761,695.1592083764849,14296000
2018-06-20,683.5079956054688,688.5510942850872,673.9435786290453,683.6819047098707,15562000
2018-06-21,684.464599609375,689.6815553181818,679.3345719345346,682.9864515446228,11932000
2018-06-22,680.8126220703125,682.4646790349811,670.3787121535261,671.4221137591268,11868000
2018-06-25,679.59521484375,688.8118658031661,678.3779573680855,683.4210024977873,9352000
2018-06-26,677.4215698242188,682.812433813218,672.9871794048214,676.291240214334,14870000
2018-06-27,668.031005859375,680.7256268466672,666.6398392356521,678.6388238414779,13656000
2018-06-28,671.422119140625,672.2046305488898,664.2922700264193,665.9443270043292,12331000
2018-06-29,679.59521484375,680.3777792042221,670.4655449630543,672.5523478779115,13070000
2018-07-02,667.8572387695312,686.8991477645208,667.5094735744582,678.6389681395044,9285000
2018-07-03,668.987548828125,672.4655188182486,661.7707186429301,671.1612800719523,11871000
2018-07-04,659.9448852539062,667.335572374668,656.8147331129597,665.6835152021804,10521000
2018-07-05,654.2930297851562,663.3357719562081,653.0757191995747,660.5533856674533,12488000
2018-07-06,659.7708740234375,662.5532605346175,656.7276503858113,658.2057981951515,12949000
2018-07-09,671.0743408203125,671.9438333720542,659.5970285233994,660.8143393236834,7691000
2018-07-10,687.0730590820312,691.9421963854697,682.3777778418741,684.2906721645165,16017000
2018-07-11,678.1171875,680.7256648673759,665.5095468910165,680.030028447056,13423000
2018-07-12,679.33447265625,684.2036624479879,676.0304118041197,678.8997264107168,9847000
2018-07-13,684.8993530273438,687.2469937345976,680.2910527173228,683.3342769123806,10326000
2018-07-16,684.8993530273438,684.8993530273438,684.8993530273438,684.8993530273438,0
2018-07-17,689.15966796875,694.2896944530391,681.6820544160084,688.2901755524031,11083000
2018-07-18,689.2466430664062,697.6807300456472,688.1163135488927,696.2895103498108,7737000
2018-07-19,694.289794921875,699.7675873236166,692.5508098375371,696.1157080325845,9772000
2018-07-20,691.7681274414062,696.898153793869,687.3337374598296,694.2896766118583,13031000
2018-07-23,687.8555297851562,691.4204810544976,683.8558853137729,685.7687795229788,7806000
2018-07-24,689.5076293945312,690.2901939596478,681.5952679899816,688.6381367975646,8412000
2018-07-25,692.029052734375,700.5500680141137,690.7248140771821,696.2895338394409,10225000
2018-07-26,703.3325805664062,703.5934177307023,694.3767643918516,697.6808787049888,11501000
2018-07-27,704.4628295898438,705.1584129714546,698.5502912417363,703.8541742298304,13799000
2018-07-30,698.2893676757812,716.4617811687043,698.0285305538404,712.9838113572058,14002000
2018-07-31,676.9868774414062,696.7243689181495,676.2912940161107,696.4635317673652,22093000
2018-08-01,677.6824340820312,690.6378396941127,675.0739567423308,688.6380176809304,15859000
2018-08-02,662.5531616210938,676.2911299489234,659.4230104318266,669.5091003257772,18368000
2018-08-03,658.8143920898438,664.640001695303,657.5970815204868,662.5531987391493,10288000
2018-08-06,657.5101928710938,664.9008786013053,656.1189731271722,659.770851984257,11089000
2018-08-07,666.9876098632812,667.2485000432874,657.5971024016136,658.6405039128223,10246000
2018-08-08,676.2042846679688,681.6820764541251,672.378496684516,673.8566444540139,12898000
2018-08-09,666.90087890625,671.2483422628749,660.5535930195019,670.3788495915499,10657000
2018-08-10,653.6844482421875,663.7705930431595,652.7280277239001,663.422774816722,14285000
2018-08-13,635.2511596679688,650.3803494525966,635.2511596679688,648.1196903213797,14604000
2018-08-14,645.7720947265625,646.5546061400826,635.8598589317542,642.3810527258094,10638000
2018-08-15,641.6854858398438,658.64059014049,638.99008023015,658.2058438763709,12042000
2018-08-16,636.6424560546875,641.6855022333849,622.5566661234466,633.2514138800802,16877000
2018-08-17,630.295166015625,642.3810805285958,627.8605444381166,642.207171405972,17559000
2018-08-20,632.9906616210938,634.2949006216867,626.4694666181292,626.4694666181292,11177000
2018-08-21,623.4262084960938,630.6429866276619,622.817553048213,629.1648385598425,10954000
2018-08-22,631.2515869140625,632.7297348527151,624.9912299836367,624.9912299836367,10214000
2018-08-23,623.5130004882812,631.3384323603285,622.1218338277598,630.8167581300346,12780000
2018-08-24,624.3825073242188,627.8604771253722,621.7740299733538,627.6866210910006,7889000
2018-08-27,633.3384399414062,635.338262335502,626.1216088045995,626.4694270773194,10499000
2018-08-28,635.7728881835938,642.9027368665405,635.1642328564628,636.468471527626,10212000
2018-08-29,639.5986938476562,644.207046784451,638.3814361283779,638.3814361283779,8978000
2018-08-30,635.2511596679688,647.8588001319562,633.8599929825441,646.9023796694277,13164000
2018-08-31,630.8167724609375,635.1642347108406,624.6433972939182,630.5559353398648,11777000
2018-09-03,622.5567016601562,630.2952070287506,622.0350273279525,628.1214755285406,10231000
2018-09-04,618.2960815429688,621.8610325541343,614.818111621603,621.513214334154,11228000
2018-09-05,617.4265747070312,620.2959422811308,611.8618548039951,614.9920064326025,18133000
2018-09-06,612.0358276367188,617.0788738166183,612.0358276367188,612.9922482145982,12708000
2018-09-07,609.166259765625,609.9488240321363,601.7755755114937,609.4271499008596,14317000
2018-09-10,614.818115234375,618.7308314189033,605.3406789847278,607.1665919763304,15661000
2018-09-11,626.4692993164062,628.3821932870188,616.4701363155198,617.7743749678093,21321000
2018-09-12,618.90478515625,634.2948138723532,615.5137960602495,634.2948138723532,16505000
2018-09-13,624.7303466796875,628.5561348183045,614.296436923033,618.2960811019068,13826000
2018-09-14,636.8163452148438,637.2510914764406,620.6437524416754,620.9045895847111,25030000
2018-09-17,636.8163452148438,636.8163452148438,636.8163452148438,636.8163452148438,0
2018-09-18,636.9901733398438,640.5551243704268,626.9910097614538,635.8598437231651,18372000
2018-09-19,649.6848754882812,654.7279219089824,645.1635033950397,646.4677422833046,22928000
2018-09-20,658.0318603515625,659.1621898965407,650.2934095670145,657.4232050366953,15523000
2018-09-21,671.0743408203125,672.2916516205963,664.0314723790503,664.727055806521,26405000
2018-09-24,671.0743408203125,671.0743408203125,671.0743408203125,671.0743408203125,0
2018-09-25,676.2911987304688,676.378179814884,662.7271381046567,666.0311987114975,16923000
2018-09-26,678.556640625,680.2992103508881,669.3210423493965,672.1091645466189,15365000
2018-09-27,672.1090698242188,683.9585210186747,668.798145268444,679.6020973179188,15569500
2018-09-28,672.6318359375,681.3446835532708,668.1011445414989,678.382294092308,15010500
2018-10-01,667.4041137695312,676.9882459516002,666.0100794510123,676.9882459516002,13151500
2018-10-02,668.1010131835938,677.8594112304212,664.7901423763642,677.8594112304212,16430000
2018-10-03,659.3883666992188,670.1923201576005,659.3883666992188,664.4418082152978,12580500
2018-10-04,662.3505859375,675.9426048851956,661.130766184684,671.5861817379863,13560500
2018-10-05,661.6536254882812,664.6159615744783,658.6912362230862,662.1763750390813,14056000
2018-10-08,661.6536254882812,661.6536254882812,661.6536254882812,661.6536254882812,0
2018-10-09,636.2120971679688,653.4635235539947,633.4239754983389,651.7209541578508,20327000
2018-10-10,635.863525390625,640.3942161954255,629.0675157729214,636.3863280867528,13567500
2018-10-11,610.7705688476562,615.1269923059134,606.0656102411396,609.2022670384831,21287500
2018-10-12,610.2479248046875,610.770674438453,601.535076381885,605.5429653847715,17883000
2018-10-15,599.2696533203125,607.8082334184027,598.0498865514436,605.8914494703226,14899000
2018-10-16,604.3230590820312,605.0201293995714,598.0498516561615,604.1488446816451,11307000
2018-10-17,611.6419067382812,613.2102086838611,602.2320418858004,611.6419067382812,13822000
2018-10-18,607.634033203125,615.6498107198163,606.4142132267572,611.6419219614706,11971000
2018-10-19,596.4813842773438,599.7923081250718,594.0417981624302,596.4813842773438,14422000
2018-10-22,593.8677368164062,596.655858992527,584.6321386107015,586.8974579656079,14071000
2018-10-23,579.22998046875,591.6022321901146,577.6616788542651,590.5566800541278,15890500
2018-10-24,575.396484375,583.7607969098689,572.7826300604783,582.1924949569562,14828000
2018-10-25,555.5311279296875,563.5469581587307,554.8341107747708,558.1449821448755,17766500
2018-10-26,567.3807983398438,573.8282753836166,559.7135010337004,567.7292804297956,20506000
2018-10-29,563.8954467773438,574.8736123033095,553.2657632105698,553.7885127388555,16824000
2018-10-30,595.6101684570312,597.7012728991218,559.3647481067584,559.8874976277834,41081500
2018-10-31,603.2775268554688,605.5428457261553,595.6101792153077,603.4517412462939,23320500
2018-11-01,602.9290161132812,614.4299848599122,601.1864467025492,608.8537414739704,15191500
2018-11-02,615.6497802734375,619.8319895975836,603.9745965840314,610.7706069672679,16554000
2018-11-05,611.8162841796875,617.3924757850702,608.505412104771,611.4677489385335,12010000
2018-11-06,607.8082885742188,613.0359976611954,601.7092946394126,607.8082885742188,9800000
2018-11-07,613.7329711914062,621.2259984281975,606.5884259313272,609.0280124843058,18679000
2018-11-08,623.8399047851562,633.4240374005707,623.1428875943812,631.5072002416872,11028000
2018-11-09,603.9746704101562,621.7488494943804,603.4518675912335,620.7033502145491,17686000
2018-11-12,604.1488037109375,606.4141225523222,594.5646724637025,596.8299913050872,9588000
2018-11-13,587.94287109375,589.8597079592541,575.9191535613987,585.8518198414686,14341500
2018-11-14,587.0716552734375,591.9508817921349,584.283533431182,584.4578010173857,12508000
2018-11-15,586.7232666015625,590.5568882127964,582.8895918113193,583.7608767019192,11823500
2018-11-16,586.5489501953125,593.1706935414352,581.8439909058534,590.2083570672245,11427500
2018-11-19,577.8360595703125,587.9429414465413,576.0934900620662,584.8063376032982,11929500
2018-11-20,561.1072998046875,562.6756014975355,555.7053244813281,561.2815673658913,21464500
2018-11-21,568.0775756835938,569.2973954305852,551.6974353640985,553.2657370538068,18972500
2018-11-22,568.774658203125,570.6914952351344,560.7588280922668,570.3429600733148,10205500
2018-11-23,568.774658203125,568.774658203125,568.774658203125,568.774658203125,0
2018-11-26,563.5469360351562,567.5548775818353,559.7133152441132,566.8578072752838,10021000
2018-11-27,575.2220458984375,579.9269503594466,565.6379162591024,567.2062177461054,15101000
2018-11-28,571.0399780273438,572.7825473186338,565.28946745869,572.6082797537059,17504500
2018-11-29,575.2220458984375,584.9804430761033,574.6992432834456,581.1467699487747,12873500
2018-11-30,572.9569091796875,576.6163162691014,569.4717697000568,572.7826947489125,24235500
2018-12-03,596.65576171875,602.057737583227,583.5864910042081,584.457775718511,22066000
2018-12-04,573.828125,595.9587793042436,573.6539105901885,594.3904773629276,18878000
2018-12-05,570.343017578125,576.7905464688653,564.0698094648698,564.7668266797865,18494500
2018-12-06,559.1905517578125,565.4638127040429,554.834127931125,564.9410631164411,17952500
2018-12-07,561.4559936523438,570.6915920381517,558.8421390323217,566.5094352819181,20158000
2018-12-10,567.0322265625,577.6619134334273,542.8105159412146,548.5609752558247,30034500
2018-12-11,557.6222534179688,579.2301051021146,552.5688123821689,577.4875355601835,20651500
2018-12-12,575.0479125976562,583.935027337238,563.8954788679257,567.380617732154,23023000
2018-12-13,572.0855712890625,588.6399822830506,566.8578625541189,580.6242047660063,24945000
2018-12-14,566.6835327148438,575.5705932108889,563.1983942680833,569.6458684871947,17423000
2018-12-17,561.2816162109375,575.0479038801475,556.4023899675859,565.638039725181,19272500
2018-12-18,546.818359375,556.4024928790036,545.4243248642026,551.3490513036032,18933500
2018-12-19,544.0302124023438,544.552961974239,528.8698366693809,539.8480031111815,17466500
2018-12-20,531.1351928710938,545.9470344728421,528.1728564581464,536.8857044591748,15641000
2018-12-21,524.5134887695312,534.446157502883,520.8540817004539,531.1352324724271,20593000
2018-12-24,524.5134887695312,524.5134887695312,524.5134887695312,524.5134887695312,0
2018-12-25,486.5254211425781,497.6778552029609,486.263993176811,494.88973339311514,20765500
2018-12-26,491.75311279296875,500.4659599141837,482.2560881592451,491.23031005829677,16519500
2018-12-27,512.7510375976562,516.4975511108287,504.82236822840764,516.3232835378678,16046000
2018-12-28,511.53125,517.1946008146234,500.03033396581117,502.8184025928871,14872500
2018-12-31,511.53125,511.53125,511.53125,511.53125,0
2019-01-04,498.20062255859375,498.81053253548566,486.6125457136572,492.27589673807756,21311500
2019-01-07,523.9906616210938,526.7787302337274,516.7589557674501,517.1945981355491,18322000
2019-01-08,529.7410888671875,534.0975122953716,526.0816825517135,530.9609086986778,19292500
2019-01-09,539.1510009765625,544.9015123226216,534.2718275729382,536.3628790977765,14700500
2019-01-10,536.71142578125,541.5905992894784,533.0520190605772,536.71142578125,14374500
2019-01-11,583.0638427734375,586.3747146273595,540.3708843533177,547.1668956701066,63593000
2019-01-15,624.3626098632812,624.3626098632812,579.0558043664715,582.8894784108782,59059000
2019-01-16,607.9824829101562,625.5824453510986,597.5270659962102,625.2339101823669,38664000
2019-01-17,606.7627563476562,624.1884523578818,604.4973839589246,613.7330347517465,22082000
2019-01-18,605.5429077148438,612.5131857892593,594.0419382562579,594.5647410192399,31903000
2019-01-21,605.5429077148438,611.293365854636,601.0122163306735,605.8914428901651,17635500
2019-01-22,601.1865234375,608.6795515884523,597.3528489729632,606.9369819553002,11299000
2019-01-23,590.7310791015625,600.6637468359331,590.7310791015625,600.6637468359331,19196000
2019-01-24,590.556884765625,597.1786818029373,587.5945480622827,589.8598674930156,14965000
2019-01-25,589.1627807617188,593.1706694909742,585.5033740381796,587.5944787884885,15543000
2019-01-28,597.1785278320312,602.5804501862301,588.2914136553561,590.3824649340473,14415500
2019-01-29,587.4201049804688,592.9962946746834,581.4953801645561,584.9805186655627,14987000
2019-01-30,589.1627807617188,591.2538323330248,583.7608044725897,583.7608044725897,16352000
2019-01-31,594.7389526367188,604.845887704589,589.859779279127,602.5805154336348,14805500
2019-02-01,590.0341186523438,599.6182521257371,586.7232468155185,595.6103098567316,13018000
2019-02-04,614.255859375,624.7112782579787,609.8994348404256,610.7707197473404,34845000
2019-02-05,597.7012939453125,614.7784525007227,594.7389047445387,614.2557029612906,20988500
2019-02-06,616.6953735351562,619.1349603501588,601.0122470657055,603.8003690738532,21303000
2019-02-07,610.422119140625,622.7943741296284,605.7172130545565,618.0894680435599,19409500
2019-02-08,586.3746337890625,601.0122068793489,584.1093147221018,598.2240850576276,19030000
2019-02-12,596.65576171875,599.9666329973008,586.897362282759,593.8676399971813,14920500
2019-02-13,601.0123291015625,602.7548989471334,590.9054452688565,593.170764796494,18573500
2019-02-14,599.6181030273438,607.1111296990289,597.1785166583529,601.0121371870545,12479500
2019-02-15,589.8598022460938,596.4815453719376,586.3746630895438,592.8221918007627,12987000
2019-02-18,611.9904174804688,612.513167048455,598.5726113261572,598.5726113261572,14485000
2019-02-19,609.5507202148438,611.119075128931,606.239849178761,609.2022382620426,8683500
2019-02-20,606.7627563476562,610.7706451584065,602.0577971532938,609.8993603578953,13914500
2019-02-21,606.2399291992188,610.2478710279206,599.4439186641177,599.6181862530182,14103000
2019-02-22,601.534912109375,602.4061967137171,592.8220660659541,596.8299539743309,16412500
2019-02-25,609.8993530273438,611.1191730049998,601.8835223231837,607.111231063418,9805000
2019-02-26,605.0202026367188,613.2102480692236,602.4063481665354,611.4676784224346,9972000
2019-02-27,598.22412109375,604.323114680347,596.4815514975794,602.2320630723445,14934000
2019-02-28,581.1469116210938,593.3448977720612,579.7528773325829,591.9508634835504,30655000
2019-03-01,582.7152099609375,589.1627381589961,580.9726405213539,588.1171858594463,12624000
2019-03-04,591.2537841796875,595.9587428951963,587.594430933179,592.473604047856,15471000
2019-03-05,578.5331420898438,585.8519561228242,578.1846068772229,581.1469966474785,14355000
2019-03-06,577.8360595703125,582.889500508427,577.8360595703125,580.9726634135557,10086500
2019-03-07,563.3726806640625,572.608330635981,560.236076932618,569.8202088863642,14843500
2019-03-08,549.6064453125,559.5391133783481,546.9925908929615,548.7351605059872,17978500
2019-03-11,580.79833984375,582.3666947931989,549.6063592885359,549.6063592885359,25243000
2019-03-12,604.497314453125,609.7250226551047,586.7231384737926,586.7231384737926,22484000
2019-03-13,588.1172485351562,595.0875270363136,584.1093596685927,593.3449574110243,19196000
2019-03-14,589.8598022460938,598.3983825438407,586.5489306831719,586.5489306831719,10895500
2019-03-15,591.4281005859375,595.4360424986721,590.7310833947237,593.6934729311361,18361500
2019-03-18,595.4360961914062,598.9212356407467,591.950956742066,593.344991250199,7412500
2019-03-19,622.6201171875,627.4993441346053,601.8835489045681,609.8993799627366,23554000
2019-03-20,629.0675048828125,629.9387895156142,610.4219924692591,611.6418122267789,22926000
2019-03-22,633.0753784179688,654.160476684496,630.4615245794487,634.4694657059083,23021500
2019-03-25,613.0359497070312,616.5210888257272,605.1943866899652,609.8993457718059,15500000
2019-03-26,622.9684448242188,625.4080308954251,610.9447288326397,613.0357798169647,13228000
2019-03-27,627.2100219726562,627.9169258467546,613.6019471130112,614.1321115352578,10357500
2019-03-28,623.498779296875,627.0333529979532,619.0805621705272,625.0893806090119,8265500
2019-03-29,633.572265625,639.0508650404971,630.5678567390894,632.8653617498765,18847000
2019-04-01,647.180419921875,654.2495668180908,637.6370284653352,637.6370284653352,12837500
2019-04-02,657.6073608398438,663.2626456531196,655.4865953265481,659.9048118681578,18887000
2019-04-03,665.5601806640625,668.918014600627,661.6721283585816,663.6161545113221,14100500
2019-04-04,657.2539672851562,672.6293844197212,656.1935843908217,670.6853581023269,16001000
2019-04-05,667.150634765625,668.0342779904802,654.4261507543902,655.6632728425083,15817500
2019-04-08,659.021240234375,672.2758913007675,656.1935705535486,671.3922478963414,13200000
2019-04-09,658.4910278320312,660.0815750575563,649.8313338856756,654.426236107568,7648000
2019-04-10,651.775390625,652.6590340797158,643.8225995325585,648.9477747165628,11674500
2019-04-11,645.58984375,647.7106094744008,637.4603676508596,645.58984375,13325000
2019-04-12,640.2880249023438,645.4132000798536,638.6974774725342,643.1156947405142,13238000
2019-04-15,645.9432373046875,656.7236961010849,645.2363334677593,653.0123835405801,10721000
2019-04-16,653.8961181640625,654.2495970985575,642.5854933932927,645.0596841348184,18464000
2019-04-17,664.6765747070312,668.5645732979204,660.4350971836462,666.2671220366366,19209000
2019-04-18,650.3615112304688,672.9827596129869,648.4174850569765,671.2154728976868,17223000
2019-04-19,644.1759643554688,654.4262050407516,642.4086777591575,653.0123973370253,11717000
2019-04-22,644.5296630859375,646.8271148714405,636.4001311834019,639.9347055816065,10800500
2019-04-23,645.2363891601562,650.5382492946961,642.5854590928864,649.4778664811261,12549000
2019-04-24,636.04638671875,650.7148967094482,632.6885532284995,650.0079389781932,16477500
2019-04-25,648.0641479492188,651.2452428947807,640.1113566519962,640.2880422008359,14015000
2019-04-26,651.9521484375,653.8961748792099,638.3440712121666,639.7578792061458,17176000
2019-05-07,675.810546875,681.2891474335028,665.5603037139198,677.5778338981738,46731000
2019-05-08,653.8961181640625,663.969674530726,650.1848050851173,663.969674530726,26981000
2019-05-09,651.068359375,656.7236979529839,644.5294314483435,648.240690086008,17084000
2019-05-10,650.8917846679688,665.2068202457119,645.5899236342357,650.5383596257116,22247000
2019-05-13,654.9564208984375,660.0815412216632,649.3010822383429,652.4822304596361,18611500
2019-05-14,658.4910278320312,661.6721222830813,629.1540581539224,630.2144409487089,22093500
2019-05-15,675.810546875,675.9872863639813,654.2496775522715,670.3319463164972,22337500
2019-05-16,666.97412109375,671.5690782049745,656.7238777892128,671.5690782049745,17675000
2019-05-17,660.0816040039062,671.03880347502,657.9608383213321,667.8576549511587,18239500
2019-05-20,652.6590576171875,655.4867275609181,645.2364846898777,654.779823558315,17305000
2019-05-21,656.3702392578125,657.0771431184795,644.7061367902314,651.775283263516,16592000
2019-05-22,647.7105712890625,663.2626725734297,646.4734490338769,661.4953858850557,15110000
2019-05-23,636.04638671875,644.5293940940858,629.1539803054353,640.9948211710215,21759500
2019-05-24,640.111328125,641.1716571040546,621.37807645085,627.563580517473,16597000
2019-05-27,653.189208984375,654.4262773785497,641.5251053727533,641.5251053727533,14033500
2019-05-28,670.5086059570312,674.2199190503934,657.9608588000991,658.4910772039013,41854500
2019-05-29,665.9137573242188,668.0345234163295,658.8446089282787,662.7326621193746,23617500
2019-05-30,655.1331787109375,662.7324896860139,653.189152621197,656.0168220305188,16681500
2019-05-31,651.4219360351562,655.8401531081927,647.7106229071428,654.7797702240011,22928500
2019-06-03,655.4866943359375,655.6634338109593,640.2880163504219,640.4647558254438,18893000
2019-06-04,666.2671508789062,666.2671508789062,656.0169085925568,657.2539770432182,24966500
2019-06-05,669.6249389648438,676.870825428416,667.5042272242716,675.987182053183,23530500
2019-06-06,671.5690307617188,672.9828387268378,668.0344569156044,669.9784833176307,12507000
2019-06-07,678.10791015625,679.1682390011324,669.9783807678643,670.155120219781,13730500
2019-06-10,706.2078857421875,707.4449542642507,691.1859464601005,691.5393714949822,28822500
2019-06-11,714.8675537109375,722.997084267861,710.9795009431386,712.3933628283911,23451500
2019-06-12,706.9147338867188,719.9926456769603,706.5612549464498,708.6820207214356,15689500
2019-06-13,700.7291870117188,707.7983339172594,695.2505873732625,706.9146905540669,14655500
2019-06-14,707.7984619140625,710.0959135005053,703.733723281642,708.5053659457894,17369500
2019-06-17,701.082763671875,703.2034756792101,696.4878067560048,700.199120185489,13016500
2019-06-18,691.1858520507812,701.2593540687171,688.534921951328,701.082668542069,15385500
2019-06-19,701.082763671875,709.7424590517928,696.8412317905681,699.8456412176074,17164500
2019-06-20,701.61279296875,705.8542700992798,692.7763598079345,704.6172018167504,11505000
2019-06-21,695.4273071289062,704.440479964761,690.1254470999692,698.0782371433747,19501500
2019-06-24,697.901611328125,700.1991167414185,690.3022989559126,691.0092029548806,8779000
2019-06-25,690.1255493164062,699.3154629676981,689.5953848083121,696.6645325605929,10762500
2019-06-26,688.004638671875,692.9530734173878,686.4140915489018,692.9530734173878,10074500
2019-06-27,699.6688232421875,702.3197534039538,691.1858682978602,695.2506063059103,15046000
2019-06-28,697.901611328125,706.5613066654485,695.780899331221,704.9707591844409,16187500
2019-07-01,714.8675537109375,715.2210326655796,704.2638322714674,711.8631443964279,13564000
2019-07-02,738.0189819335938,738.1957214010866,716.6348007664765,716.8115402339693,26109000
2019-07-03,733.424072265625,736.7819066290934,729.00585496282,735.1913591867469,19694000
2019-07-04,736.9585571289062,741.9069383372631,734.1308876098551,737.8422004827778,10222000
2019-07-05,732.5404052734375,738.7259092986656,731.1265973552828,738.7259092986656,12370000
2019-07-08,726.0014038085938,732.1869076762586,721.2297617563833,732.1869076762586,15256500
2019-07-09,724.764404296875,727.9454993007686,721.7599948450609,726.0014728280253,11540500
2019-07-10,716.9883422851562,724.94113361669,714.5140973909135,724.7643941337701,13739000
2019-07-11,715.3977661132812,721.229845655501,713.1003145542164,717.5185321165102,14931500
2019-07-12,713.1002197265625,718.4020800962767,710.6260290073584,717.5184367013244,7785000
2019-07-16,710.4493408203125,712.3933672161857,703.9103576523711,708.682053902849,12384000
2019-07-17,701.082763671875,710.4493630542379,700.3758057361116,709.5657195678519,14512500
2019-07-18,686.060791015625,697.7248413216237,681.8192593407357,688.711721345773,23243000
2019-07-19,700.3756103515625,702.319636265948,678.4612687893244,680.0518158344387,19680500
2019-07-22,697.371337890625,701.9662940662132,693.3065461481276,698.0782417791826,10075500
2019-07-23,704.7938842773438,707.444814214094,699.1385994389278,702.4964332388166,9247000
2019-07-24,713.9839477539062,721.0530957514696,709.5657302554291,720.5229312249801,10338000
2019-07-25,702.8499755859375,718.2253382470959,700.5524704066984,713.1002173600431,10927000
2019-07-26,694.8971557617188,701.0826592450844,686.7676261112047,699.8455369750872,13144000
2019-07-29,676.8707275390625,687.2977070721942,672.2757718657136,686.5908032609028,23699000
2019-07-30,697.0178833007812,706.5612209625779,684.6468760527789,687.4745456389846,24996500
2019-07-31,687.8280639648438,693.4833495279097,681.995984996705,683.940011319418,16561000
2019-08-01,685.7072143554688,692.9531003453711,682.5261199859057,689.5952665256528,11260500
2019-08-02,675.810546875,683.7633384792821,667.3275907370936,673.3363558292206,22199000
2019-08-05,654.7797241210938,671.3922083593664,651.4218901686733,669.2714966736161,21387000
2019-08-06,646.6502075195312,649.4778770908065,633.0421319785677,635.3395831677414,24071500
2019-08-07,651.775390625,655.309964443863,642.2320521007333,648.2408168061371,14324500
2019-08-08,646.6502075195312,651.4219032918902,641.3483472983818,647.7105903504233,14619000
2019-08-09,654.6030883789062,659.374784811162,651.0685144093297,653.5427054013696,15537500
2019-08-13,649.8313598632812,655.3099056442874,641.7018300226788,653.8960978169267,15629500
2019-08-14,656.0167236328125,660.965103906924,652.6588363754154,657.4305311587586,12845500
2019-08-15,643.4690551757812,644.1759590217914,636.2231694042384,637.9904559859168,12119000
2019-08-16,647.5338745117188,648.9477363155895,641.1716312275829,643.2923969667326,9546000
2019-08-19,648.5941772460938,653.5425581149757,645.7665079210299,650.7149427232183,6571500
2019-08-20,652.8357543945312,653.5426583508907,647.7106332942818,650.3615635806158,5897000
2019-08-21,644.8829345703125,651.245177758414,643.9992911812237,644.3527701101842,11660000
2019-08-22,645.0597534179688,654.6030924078996,643.6459453947638,646.4735614411737,9656000
2019-08-23,643.29248046875,648.7710810616039,640.6415499173678,643.29248046875,7802500
2019-08-26,621.3779296875,627.9168572249391,619.2571643636642,625.0892420375613,16206500
2019-08-27,629.6842651367188,632.3351953361716,626.8566494039527,630.2144835365972,10251000
2019-08-28,630.7447509765625,632.5120380647195,626.14979376069,628.4472993352872,10110500
2019-08-29,622.26171875,631.6283176032734,620.6711713510141,630.0377702042874,11567000
2019-08-30,641.3484497070312,643.645955196375,634.6327805945613,643.2924762185314,17852000
2019-09-02,646.4735717773438,647.0037902445122,639.5811631707119,641.1717107055777,8330000
2019-09-03,658.3143920898438,659.198035569159,645.5899044143773,646.4735478936925,10705500
2019-09-04,656.193603515625,659.5514917677693,652.6590297203708,657.0772469644386,9487000
2019-09-05,689.4185180664062,691.1858046782487,665.2066699108417,666.9739565226841,25408000
2019-09-06,693.3065795898438,694.7204413684661,687.6512942752909,693.1298940591641,15476000
2019-09-09,700.3756103515625,700.5523497861981,691.8926568220843,692.5995606273236,10712000
2019-09-10,704.970703125,707.9751122983502,701.4361294779122,703.3801557704733,14435000
2019-09-11,724.5875854492188,724.5875854492188,704.7939517855735,708.1518398404031,23479500
2019-09-12,735.3680419921875,737.3120682422629,728.2988948525045,731.6567289571915,19385500
2019-09-13,732.3636474609375,737.3120829171933,719.9926397202686,736.074960569801,24916000
2019-09-17,729.1825561523438,732.0102258643218,715.2210009952622,719.9926430717435,15678000
2019-09-18,720.5228881835938,727.2385568067821,717.3417394147289,725.4712699129624,14728000
2019-09-19,718.4020385742188,731.6566887324146,716.6347518864593,721.4064475167337,16973000
2019-09-20,704.2637939453125,719.2857318337319,694.5437164880999,717.8719239587355,25340000
2019-09-24,722.8203735351562,726.0014685201744,711.8631727053058,712.2166516740049,19648000
2019-09-25,721.9367065429688,725.1178014244215,714.690819387086,718.5788721829206,12336500
2019-09-26,723.1737060546875,734.8377545932249,719.9925577805622,733.4239468713741,14478500
2019-09-27,729.2493896484375,731.0363276017378,721.9229331333028,730.857622899804,13798500
2019-09-30,718.8850708007812,723.5311200886827,717.8129517238167,720.4933584822581,15930500
2019-10-01,736.0396118164062,736.3970211618864,724.9606310356472,726.0327500060683,11695500
2019-10-02,727.8197631835938,727.8197631835938,720.3146569468928,721.029421179005,13741500
2019-10-03,715.8473510742188,716.0260557751727,709.2356588700474,710.4865372437074,13532500
2019-10-04,717.0980224609375,719.4210740134263,712.4520284219734,718.7063098945862,9733000
2019-10-07,715.8473510742188,724.4246313898295,713.7030037288068,719.5999316621803,9215500
2019-10-08,716.9194946289062,721.0294299130979,715.6686163077961,719.242492044664,10340500
2019-10-09,709.2356567382812,710.3078304077645,703.8748429238831,707.4487188001485,14317000
2019-10-10,702.4453125,707.0913620332707,696.0123250333959,706.5552479334599,13304500
2019-10-11,715.132568359375,715.4899232190483,706.1978788722914,709.0569358817447,14101000
2019-10-15,734.2527465820312,740.1496741660712,727.2836999218158,727.6411093025511,18681500
2019-10-16,742.6514892578125,753.3731179154335,738.3628487013689,742.4727845402475,23016500
2019-10-17,747.65478515625,748.3695493892864,732.6445181304249,732.6445181304249,17394500
2019-10-18,738.8988037109375,753.015601871605,737.2905705465857,750.3351950866802,15765000
2019-10-21,737.8265380859375,743.7234649972551,736.2183051221269,737.6478334159566,10131000
2019-10-23,744.9744262695312,747.1187736394943,735.1462674677352,740.6857860626241,15740000
2019-10-24,750.5137939453125,752.1220268828795,747.833387538365,750.5137939453125,10615000
2019-10-25,748.54833984375,758.3764991398277,745.3318731600605,752.3009206634022,12104000
2019-10-28,749.4415893554688,754.9811066064009,748.1907658039715,748.1907658039715,8932000
2019-10-29,765.702880859375,765.702880859375,751.0499684439587,753.0156110167121,16502500
2019-10-30,765.5241088867188,768.3832201473577,752.3007806559013,768.3832201473577,42178000
2019-10-31,727.10498046875,731.0362654449582,712.9881827445705,714.7751205459354,46625000
2019-11-01,733.3591918945312,743.3660535216163,721.3867425023296,722.8162707920524,22610000
2019-11-05,723.8886108398438,738.8988794677722,723.8886108398438,736.2184724080342,27560000
2019-11-06,739.0775146484375,739.7922788905208,728.3558874181401,735.5036389050051,21747500
2019-11-07,749.9779052734375,749.9779052734375,738.8988677884319,741.5792748058022,16160000
2019-11-08,762.1290283203125,766.4176684523226,757.6616834884233,763.0224972866904,21337000
2019-11-11,764.9880981445312,772.4932043324525,762.6650462389963,764.8093934544108,18570000
2019-11-12,755.8746948242188,758.7338062313387,749.7991171672227,758.3763968555684,14233500
2019-11-13,744.2595825195312,756.0533827289644,741.7578805437154,751.2286289282376,12418000
2019-11-14,734.788818359375,745.8677995952737,732.4657665843392,738.5413439760272,10782500
2019-11-15,739.9711303710938,740.5071900257394,731.7512036240231,733.8955513086596,9651500
2019-11-18,735.3248901367188,737.1118279013281,732.4657788067414,735.6822995028458,10226000
2019-11-19,731.3936157226562,736.0396648838234,730.678851513172,732.6444939890137,8878000
2019-11-20,730.857666015625,731.5724303325078,724.24597338516,726.3903208688303,10934000
2019-11-21,728.7132568359375,735.8610084656495,720.8507409498577,732.2871326507935,17014000
2019-11-22,731.2150268554688,734.9675529030247,729.0706795142783,730.3215578854757,11566000
2019-11-25,737.6478881835938,743.0087014829891,736.0396551003777,736.575769150125,9125000
2019-11-26,744.2595825195312,764.4519575429904,744.2595825195312,759.4485535913584,23910000
2019-11-27,762.6651000976562,763.9159784838197,748.7270058122116,752.1221770322026,16846500
2019-11-28,776.6032104492188,780.3557908888166,761.4142385299544,767.8472257788343,21047000
2019-11-29,768.3832397460938,776.7818690635004,767.489770862668,775.5309908134993,13904000
2019-12-02,769.9915161132812,773.744096541216,762.8437646440783,767.3111093123301,9056500
2019-12-03,759.8059692382812,760.8780882846245,751.5860445072303,753.0155729243637,14702500
2019-12-04,756.9468994140625,758.0190730522628,751.4073810608749,752.4795546990752,9260000
2019-12-05,759.9847412109375,762.4864981414555,754.4452768068478,757.3043340994016,11994000
2019-12-06,753.9090576171875,759.2698710932988,751.4073555682718,755.1599359081526,10351000
2019-12-09,766.9537353515625,767.132385507429,752.3008233915381,759.4485746826691,14937000
2019-12-10,769.4553833007812,774.6374917159235,767.3110362509931,769.9914427967229,12059500
2019-12-11,749.9779052734375,764.9881736641075,749.2630864423891,764.8094689563454,16718000
2019-12-12,748.7269897460938,755.8747414381805,745.8678781626555,753.194334553648,12369500
2019-12-13,767.48974609375,769.2766838029322,757.4828840157274,762.1289329662034,21984500
2019-12-16,771.5997314453125,775.1736070972742,761.771573402418,762.6650423154084,11473500
2019-12-17,773.5653686523438,779.6409463123854,770.7062572437906,776.4244800608969,19152000
2019-12-18,797.8677368164062,803.0498455890141,787.5035192711907,789.2904570916082,35164500
2019-12-19,834.5000610351562,834.8574704548037,803.2286454717403,804.3008191976617,48385500
2019-12-20,835.5721435546875,838.6099051580217,830.0326253529411,836.2869077829416,32249000
2019-12-23,826.994873046875,832.8918010844011,822.3488779381214,830.2113941218037,14240000
2019-12-24,824.4931030273438,828.7817429084336,821.4553414392035,822.3488103533061,11585500
2019-12-25,823.7783813476562,826.1013788310912,818.4175675861748,822.1701481258153,8212500
2019-12-26,821.276611328125,825.7439557603569,818.9535595035566,821.8126708467876,8530000
2019-12-27,823.7783813476562,829.1391951091377,823.0636170860622,826.1013788310912,8160500
2019-12-30,826.637451171875,828.4243890021069,818.5962309358315,823.0635755114113,11518000
2020-01-06,825.7440185546875,835.2147676580244,820.5619095258237,828.7817802798063,21661500
2020-01-07,833.9639282226562,838.609923072062,818.2388422000757,821.6340132565707,19803000
2020-01-08,819.13232421875,820.0257931706756,805.194230381918,816.8093267569503,21365500
2020-01-09,828.7817993164062,830.7474419678193,822.8849258951856,829.139208719579,14665500
2020-01-10,815.5584716796875,828.6031514697878,813.2354741516107,826.9948636840221,16805500
2020-01-14,819.6682739257812,819.6682739257812,807.1597111074075,815.0222254009269,20033000
2020-01-15,807.3385009765625,826.1013484517564,807.3385009765625,820.7405348874153,21053500
2020-01-16,811.9845581054688,814.3076100588077,806.8024491834298,807.6959181194026,14091000
2020-01-17,810.9124145507812,815.9158734976066,806.8024791060838,813.5928214581104,12892000
2020-01-20,820.5618896484375,821.6340087413217,813.9501977329003,816.0945449847004,9110500
2020-01-21,820.5618896484375,824.8505296190219,816.6306045311425,818.7749517829427,9407000
2020-01-22,810.3762817382812,813.7714526074288,809.3041081656522,811.627159995184,14992500
2020-01-23,801.262939453125,810.3763336042302,800.9055845947192,809.661569354402,13146000
2020-01-24,809.30419921875,811.2698419008847,800.905623443112,804.1220899898636,9021500
2020-01-27,793.9364624023438,805.5515583901922,793.9364624023438,795.1873407065489,13829000
2020-01-28,782.3213500976562,787.6821635186992,779.6409433871348,781.4278811941491,13290500
2020-01-29,786.0739135742188,788.75432022737,778.032693614765,782.142683202738,11849500
2020-01-30,755.8746948242188,778.2114174845088,749.4417077914522,777.3179485780972,20935000
2020-01-31,755.8746948242188,766.7750263890432,754.4451663871658,762.8437413876263,18182500
2020-02-03,732.64453125,734.2527644363845,722.8163729039634,726.5689533608715,22934000
2020-02-04,730.3215942382812,732.4658871531888,725.8542491659477,726.9263683568911,15945500
2020-02-05,733.5379638671875,738.7200725591592,726.926272221318,735.8609611843774,19300500
2020-02-06,757.3042602539062,763.2011880440832,739.970995342638,743.3661664462459,22202000
2020-02-07,762.8436889648438,768.2045020349171,749.4416562896603,766.7749736961018,21986000
2020-02-10,761.235595703125,768.3833477754548,754.8026079314241,758.1977792591766,14148500
2020-02-12,762.1290283203125,769.2767800513353,754.9812765892897,768.3833110849575,13971000
2020-02-13,751.7648315429688,759.4486430595398,749.9778935592992,759.4486430595398,14200000
2020-02-14,744.0809936523438,746.2253411271055,738.1841198962811,745.3318721014583,13204500
2020-02-17,735.5036010742188,737.6478936901765,728.3558499549999,735.5036010742188,12223000
2020-02-18,727.9984130859375,735.324868612985,723.1737139825242,727.462353585451,10042000
2020-02-19,743.0087280273438,745.6891347728003,730.6788679048467,735.324917170241,14285500
2020-02-20,748.54833984375,758.9126132757904,746.7614017899177,752.3009206634022,14744500
2020-02-21,746.5827026367188,751.5861619445162,741.4005931486253,744.9744692828997,17097500
2020-02-25,718.3489990234375,722.101579327924,702.4452634342479,708.5208410765995,25819500
2020-02-26,715.3111572265625,717.4555043329168,706.5551731861381,711.7372817379801,19666000
2020-02-27,690.115478515625,707.091389542743,683.1463766780763,703.3388088301444,25644500
2020-02-28,649.9093627929688,677.6069013829779,645.0846084511788,675.8199634094289,33039500
2020-03-02,652.768310546875,663.3112864506563,635.0776384795794,640.4384515019726,28401500
2020-03-03,643.476318359375,673.6755565390033,643.476318359375,669.5656213759764,19754000
2020-03-04,633.290771484375,638.2942302501631,628.8234268004657,634.3629451151164,17859000
2020-03-05,659.7373657226562,660.0947205130959,648.837035753629,658.3077829618786,25068500
2020-03-06,647.0501708984375,651.1601059147857,643.2975907126777,647.228875580238,25249000
2020-03-09,592.7273559570312,621.1396592285605,587.0091325482241,616.8510189384651,27762500
2020-03-10,598.981689453125,606.12944205026,563.4215766559586,580.2188388856455,33017500
2020-03-11,581.2908935546875,619.7100594950801,579.8613650073222,604.8784963173453,29537500
2020-03-12,540.9060668945312,570.0331297685603,535.0985193341933,563.9575524581936,36790500
2020-03-13,516.2463989257812,535.724013035352,483.7241586828067,491.4079705915752,44459000
2020-03-16,518.8372802734375,544.3011379916308,504.80981090453423,512.0468854954519,32018000
2020-03-17,518.1227416992188,530.8993386463299,491.49731946855144,500.4320102753458,36706500
2020-03-18,490.8719177246094,530.809940620287,489.5317141500424,525.9852404716597,43442500
2020-03-19,458.6175842285156,495.2498098286323,458.6175842285156,492.3013733088844,44855000
2020-03-23,470.768798828125,472.3770319879991,451.02310284767856,462.37016911220434,37882500
2020-03-24,503.6484375,508.294486757296,467.0162120426126,472.01961614553767,32519500
2020-03-25,573.0709838867188,573.0709838867188,538.225696202174,551.9850847731853,32863000
2020-03-26,559.6688842773438,567.3526942284948,551.9850197931843,563.4214096521334,23212500
2020-03-27,581.2908935546875,586.4730572381785,562.3493949035134,584.6861192874626,29848500
2020-03-30,564.2315063476562,565.8648447905194,539.2775553518791,556.790680792055,30747000
2020-03-31,570.4017944335938,590.1835116675336,568.0425344951569,571.8536935670302,30533000
2020-04-01,558.0610961914062,583.6502502155801,549.1684263858672,562.779672634438,27139500
2020-04-02,536.7367553710938,544.8127828042763,527.6625921357414,532.8348762567516,29296500
2020-04-03,532.7442016601562,583.6503002219597,526.3015667042241,562.9612152283793,19239500
2020-04-06,556.0647583007812,558.4240741690612,529.931177083131,535.1034616349466,29086500
2020-04-07,569.4944458007812,584.0131065516927,554.7943460979199,574.5760102941775,19335500
2020-04-08,571.6723022460938,578.5686443734382,555.5203022436194,563.8685437659777,18615500
2020-04-09,574.7573852539062,582.9241302300694,568.0424838975696,582.74263593152,13111500
2020-04-10,567.6796264648438,572.9426854174021,553.7054483963076,572.9426854174021,15275000
2020-04-13,558.7869873046875,564.9574075188223,552.4350727404283,553.5239834568755,9776000
2020-04-14,573.6686401367188,576.0279005447761,554.975829685903,555.8832460558174,12416000
2020-04-15,571.49072265625,577.2982086014745,565.1388091342878,574.2129713085195,12049000
2020-04-16,556.2462158203125,562.5981301934645,549.7128071024965,562.5981301934645,14180000
2020-04-17,564.0499877929688,578.5686495676583,559.8758946864652,563.1425714320507,14272000
2020-04-20,556.6092529296875,561.1463350194817,550.2573380039754,551.3461933980838,10282000
2020-04-21,551.8905639648438,559.1498938285463,548.6238322956027,549.3498095894062,15434000
2020-04-22,524.486572265625,542.9071103531132,520.4939187659421,542.6348965654736,23917000
2020-04-23,525.3939819335938,530.2940515872085,518.1346523041141,526.3013981372787,19879000
2020-04-24,528.0255126953125,528.751434583626,518.9513506306691,525.3032640759195,16889500
2020-04-27,552.9794921875,553.5239197909541,527.7532757977891,528.1162644562874,18625000
2020-04-28,553.886962890625,555.7017955929084,541.5460672845184,543.9053830280661,14105000
2020-04-30,588.187255859375,595.4465862485453,577.2982602756197,581.1094198067932,33967000
2020-05-01,561.6907958984375,582.1983860020732,558.6055577413957,581.4724639016828,16715000
2020-05-07,558.60546875,560.4203014040082,553.523959472496,557.8795467652562,14232000
2020-05-08,581.65380859375,584.1945629834478,565.3203163087461,570.4018250881417,14979000
2020-05-11,593.0872802734375,598.8947668328076,586.3724327849809,586.9168604192921,13321000
2020-05-12,594.5391845703125,597.2614335331946,583.287200036681,588.7316979624452,17002000
2020-05-13,582.3796997070312,587.642702532552,576.2092806914452,585.6464312218396,16315000
2020-05-14,560.6018676757812,580.3835350657504,559.3315178855584,577.8427801010001,14595500
2020-05-15,560.6018676757812,572.7612701714995,555.7018521118281,568.9501100322218,12196500
2020-05-18,564.2315063476562,566.9537555471956,556.0647587490382,558.42407461922,9741500
2020-05-19,590.364990234375,595.0835658123373,582.3797383093657,586.1908976371157,18095500
2020-05-20,591.8169555664062,594.1762159267512,580.9279593476473,582.9242863979463,12242500
2020-05-21,587.0983276367188,602.5244042515939,586.5539000275584,598.531750503438,13276500
2020-05-22,580.7463989257812,587.8242345858307,574.5759795140533,580.2019713305053,12468000
2020-05-25,592.1798095703125,593.4502144460848,586.5538732514983,591.0909544016978,5925000
2020-05-26,618.6763305664062,628.8394026969519,598.1687473796435,601.6169177317158,19616500
2020-05-27,623.3950805664062,630.4729175658455,614.8653440643237,616.8616712652689,17788000
2020-05-28,649.7100830078125,656.9694135442127,639.7285035202623,641.7248304946316,27180000
2020-05-29,627.0247192382812,639.7285485716183,618.8579718097074,634.6470389920037,32389500
2020-06-01,649.5286254882812,653.3397853127992,632.2877144869713,653.3397853127992,24845000
2020-06-02,660.5990600585938,668.9473010153141,651.8878858159347,653.3397297282795,26939000
2020-06-03,664.4102783203125,681.4696950284523,660.5991184829737,675.1177804276546,23331000
2020-06-04,664.5917358398438,676.0251593339201,655.3360782861978,675.84366499281,17916000
2020-06-05,682.5585327148438,689.9993572421565,670.0361992043532,673.3028756386398,27836500
2020-06-08,681.1067504882812,697.8032349609647,678.9289842859554,693.8105805135784,29428500
2020-06-09,682.5585327148438,683.4659489892894,668.039872323714,674.3917862448333,17821000
2020-06-10,673.1213989257812,681.469639946054,671.4880606658854,672.3954769640826,14093000
2020-06-11,640.2728881835938,659.1471906188854,638.0951223994168,650.7989499854746,28173500
2020-06-12,648.439697265625,651.8879236802474,617.5875415697703,620.128351640397,28802500
2020-06-15,621.5802001953125,642.087787566285,621.0357725386419,639.002605204654,17123000
2020-06-16,652.61376953125,658.0582669599575,639.0025259594815,644.265529063707,21457000
2020-06-17,647.169189453125,657.5137000160054,644.9913686060529,654.4285184309855,11345000
2020-06-18,642.8137817382812,646.0804585321958,632.8322016205086,635.1914620400802,12173500
2020-06-19,633.195068359375,641.3618148697306,628.8394812973776,640.9988815887358,20593500
2020-06-22,627.9320068359375,634.4654145157126,624.6653306881946,626.8430963252601,7828500
2020-06-23,640.2728881835938,644.9914637924167,624.483878557212,634.8283906467119,14459500
2020-06-24,630.8358154296875,637.5506627402655,630.4728267602314,635.1914025416858,13749000
2020-06-25,617.0430908203125,623.2135106516564,613.0504369024626,617.0430908203125,17530000
2020-06-26,625.7543334960938,627.3877273397445,617.5875858150492,619.5839129917206,12655000
2020-06-29,616.1356201171875,617.9504525770319,608.1503683707302,615.2282038872653,19492500
2020-06-30,617.5875244140625,631.7432522177487,616.8616024358906,627.9320926019756,16057500
2020-07-01,608.3319091796875,624.1209195562877,606.6985155335775,623.7579862671599,11893500
2020-07-02,603.4318237304688,609.4207490002415,595.9909991880613,599.9836529574392,14937500
2020-07-03,614.32080078125,617.4060381826129,605.428132614894,607.2429651135092,14295000
2020-07-06,634.64697265625,636.8247385123275,617.2245688861559,622.4875722687117,19767000
2020-07-07,626.8432006835938,634.8284534508163,621.3987026080831,634.6470144890714,15649500
2020-07-08,615.4097900390625,626.4802807728656,615.4097900390625,620.4912995311525,13269500
2020-07-09,614.1392822265625,621.5801062542008,611.4170335860332,617.406013825772,12681000
2020-07-10,606.5172119140625,615.7728159243233,606.5172119140625,615.228388177005,15004000
2020-07-13,618.6763305664062,622.6689838483559,615.2281602143339,621.3985790629299,12909500
2020-07-14,617.5875244140625,619.9468400734919,612.3245208419457,613.7764201825862,13691000
2020-07-15,626.6617431640625,631.3803195169907,621.0358057961921,623.939493966331,11771000
2020-07-16,622.6690673828125,626.2987325317833,615.0467484162557,617.9504916122913,15193000
2020-07-17,639.3654174804688,652.4322326099608,636.6431689438487,638.8209899268601,26901500
2020-07-20,635.1913452148438,648.0766664374886,632.4690965924945,647.3507445483867,15666000
2020-07-21,631.3801879882812,643.7210816777313,625.7541964081121,643.3580930399306,18714500
2020-07-22,616.861572265625,624.3023967926285,616.861572265625,624.1209024608881,18742500
2020-07-27,606.1541137695312,608.694868439011,595.6281064027017,597.805872383271,20481500
2020-07-28,594.3577880859375,605.0652913593267,594.3577880859375,601.4356254778859,15727500
2020-07-29,576.2092895507812,588.5501277716962,575.4833676644256,585.283451590951,17402000
2020-07-30,573.6686401367188,578.931644005362,568.9500639363041,568.9500639363041,15500500
2020-07-31,567.6796264648438,585.1020308496896,566.590771190532,584.0131201910812,28679500
2020-08-03,594.1761474609375,594.3576417871966,568.5869982185844,573.3055737798603,18171500
2020-08-04,595.26513671875,599.8022185534966,590.5465605337537,594.1762260015508,14470000
2020-08-05,614.32080078125,615.5912056839977,595.8094871416578,595.9909814683779,18662000
2020-08-06,615.4097900390625,626.843214088415,611.5986302278451,611.5986302278451,11890000
2020-08-07,602.5244750976562,612.3245609049147,597.6244045018768,609.7838061229293,12930500
2020-08-11,636.82470703125,637.5506289473904,614.865222916181,615.2282115663971,20853500
2020-08-12,646.624755859375,648.0766549962366,635.7357615622137,642.0876749022245,16645500
2020-08-13,646.2618408203125,651.5248438020222,642.6321759523347,651.3433494817652,15093500
2020-08-14,644.2655029296875,651.343338223043,643.5395810454979,645.3544134481167,10765500
2020-08-17,651.7064208984375,653.7027479062459,641.7248412436933,641.9063355870027,11876500
2020-08-18,640.091552734375,646.9878952424248,634.6470543171877,642.0878245132354,18951500
2020-08-19,639.18408203125,646.806345937201,632.650673408794,634.6470004023635,13699500
2020-08-20,643.5397338867188,651.8879759983378,631.3803317475886,631.3803317475886,20816000
2020-08-21,642.9951171875,657.1508435788467,641.9062620210275,649.1655918470643,12566000
2020-08-24,635.0099487304688,639.7285248130416,630.2913726478959,639.7285248130416,11281500
2020-08-25,649.7100830078125,656.0619972271626,644.2655851055124,646.0804177396125,14678500
2020-08-26,642.6321411132812,646.0803114740662,639.3654096786263,640.0913869202969,12053500
2020-08-27,642.2692260742188,648.258206698405,639.5469772589415,641.1803154712491,9417500
2020-08-28,640.6358032226562,654.0655511935261,633.9209015450781,642.9950630638126,22627500
2020-08-31,640.6358032226562,649.3469761269267,640.0913756852468,642.4506355264032,13213500
2020-09-01,627.3876342773438,637.0062246323192,618.3134715332936,635.5543807469888,17748500
2020-09-02,632.28759765625,632.28759765625,624.3023461658701,632.28759765625,12712000
2020-09-03,644.0840454101562,645.7173835889706,639.1840308737133,639.1840308737133,14082000
2020-09-04,644.9915161132812,646.0804267858473,634.1025201562164,635.0099364859718,12662000
2020-09-07,646.98779296875,651.5248742658661,643.3581279310572,644.6285328479669,11483500
2020-09-08,653.7028198242188,654.9731695985487,648.9842433005415,650.9805705279784,10047000
2020-09-09,656.0619506835938,658.058277516336,646.8062938294563,648.258193064311,16046000
2020-09-10,673.847412109375,673.847412109375,659.8732324559659,660.599154515936,17030000
2020-09-11,671.8510131835938,676.2066001036875,665.4990994380385,675.8436114502244,15845500
2020-09-14,682.9215698242188,685.6438190614415,679.2919041745885,680.7438036650221,12216000
2020-09-15,683.8290405273438,687.6402008388926,673.6660202089561,675.2993588041036,14499500
2020-09-16,672.3955688476562,677.6585730195358,669.8548139423665,675.6622458138427,12759000
2020-09-17,668.2213134765625,676.7509925469593,667.6768305246502,671.3064953335738,15287500
2020-09-18,665.6806640625,672.3955677293073,665.1362363638088,667.8584856258708,16101500
2020-09-23,669.4917602539062,673.8473475809335,655.1545932513051,655.1545932513051,14978500
2020-09-24,647.5322875976562,659.6916888862811,644.0841165317817,657.5138674845189,22726500
2020-09-25,654.7915649414062,658.2397911099303,647.8952233729469,651.161899824471,22132500
2020-09-28,676.025146484375,676.025146484375,660.7805636539355,660.9620579915959,20060500
2020-09-29,675.6572265625,684.119049239782,672.8979402202009,680.8079280841529,13627500
2020-09-30,651.7434692382812,669.7708419517309,651.7434692382812,664.8041036411879,21549500
2020-10-02,645.3049926757812,661.6768010827997,641.6259446989802,651.7433266351832,16194000
2020-10-05,671.4263916015625,671.4263916015625,655.4225072096268,656.8941603807656,18277500
2020-10-06,678.0487670898438,679.1524930583694,671.2425037321314,671.7943947853115,13700000
2020-10-07,676.2091064453125,676.76094124961,669.7707717519988,673.0818928534308,8140000
2020-10-08,676.3931274414062,680.2560836746605,671.6103528932958,674.1856757614081,11978500
2020-10-09,671.4263916015625,680.4400497407028,669.7708309046311,680.4400497407028,10357000
2020-10-12,660.7571411132812,668.851036684424,660.5731774584727,668.1152382030157,9502500
2020-10-13,666.4596557617188,671.0584666795827,662.7806070274275,667.7473452738521,13688000
2020-10-14,653.7669677734375,662.7806262057053,653.2151329024573,662.7806262057053,10873500
2020-10-15,653.5829467773438,657.4459589488665,648.6162649606646,653.7669104308115,10964000
2020-10-16,653.0310668945312,663.5163769026142,653.0310668945312,663.5163769026142,11354500
2020-10-19,660.5731811523438,664.4361933736211,656.8941325869037,658.5496932137864,7145000
2020-10-20,649.3519897460938,657.4458843397277,647.8803929610035,657.0780132123647,8515000
2020-10-21,663.516357421875,666.0916799036358,652.2952493179674,653.9508097606837,11539500
2020-10-22,653.0310668945312,660.9409982074209,651.191542762434,655.0545546674025,13973000
2020-10-23,671.4263916015625,672.5301174454595,651.7434584885224,656.8941603807656,14521000
2020-10-26,674.737548828125,681.5438117787539,670.6906287026909,672.7141168343236,12292500
2020-10-27,669.954833984375,669.954833984375,657.2620702395359,667.3794548178194,11658000
2020-10-28,652.479248046875,660.5731431982326,652.479248046875,659.6533811097187,18271500
2020-10-29,680.4400024414062,683.1992887904288,660.5731631835733,662.412687416255,23993500
2020-10-30,644.201416015625,676.9449252720221,640.3384038558012,676.3930904511152,27171000
2020-11-02,647.1447143554688,660.5732772556718,645.8570808529292,649.720093636216,16037000
2020-11-04,657.9978637695312,672.5300944943947,656.5262106486147,663.8843078397178,18425500
2020-11-05,655.2386474609375,659.2855676665389,648.0644570214108,658.5497690962325,14384500
2020-11-06,655.6064453125,658.549695402198,649.7200012709303,651.5595255597632,16035500
2020-11-09,660.5731811523438,663.3324675764238,652.6631930539519,652.6631930539519,10876000
2020-11-10,713.7354125976562,724.4046308463055,684.3030244492993,686.3265123620639,47023500
2020-11-11,750.52587890625,751.4456410127527,729.0034231589559,730.2911125631894,39258000
2020-11-12,739.3047485351562,750.5258571365764,733.2343412634452,739.6726758222148,18149000
2020-11-13,715.9429931640625,729.5554639078367,712.0799802959796,726.4282496484756,17845500
2020-11-16,712.2637329101562,717.4143777826994,702.6981854179261,710.7920799909876,28364000
2020-11-17,730.2910766601562,738.0171004300772,724.4045770128048,738.0171004300772,23090000
2020-11-18,728.6355590820312,736.7294544703706,723.3009500400229,726.6120712004903,17894000
2020-11-19,729.0034790039062,729.9232411808669,711.1601264535659,721.0935467371756,17991500
2020-11-20,728.8194580078125,731.5787441090973,719.4378740358804,728.4515307391802,12110500
2020-11-24,732.3145751953125,740.4084702261206,729.7392526133948,735.0738614197577,18645500
2020-11-25,736.361572265625,752.3654565095909,734.5220479220808,745.191322797334,18506500
2020-11-26,747.3986206054688,747.5825842433358,726.6120206963717,726.7959843342386,14644000
2020-11-27,751.8135986328125,757.8840063254343,741.3282877406554,741.5122513969404,17739000
2020-11-30,729.5553588867188,751.8136144578942,724.5886207516087,751.4456871375796,27903500
2020-12-01,729.7393188476562,732.498605322546,716.8626486315038,717.966318311198,14317500
2020-12-02,738.2009887695312,746.1109759739426,735.0738315250317,745.9270123388968,15551000
2020-12-03,747.9506225585938,750.5259454575981,739.8567265312246,742.0641220998732,11336000
2020-12-04,754.02099609375,754.02099609375,738.3850396111172,739.8566927274726,13715000
2020-12-07,747.7666625976562,764.6903093969415,747.7666625976562,763.402619872146,15633500
2020-12-08,742.7998046875,751.4455903609795,741.6961351443495,746.8467801384521,8854000
2020-12-09,774.2557983398438,778.1188107555577,754.2049938765452,756.2284819169505,21695500
2020-12-10,773.8878784179688,789.5238346235408,772.7841526347163,779.9582860191196,26365000
2020-12-11,762.6668090820312,774.6237173937873,758.8037967075907,773.5199915528287,18848000
2020-12-14,767.8173828125,775.9112779907242,766.3457859211221,769.8408706415117,14250500
2020-12-15,766.713623046875,768.3692396484745,758.2518570902666,766.1617882715555,13113500
2020-12-16,769.105224609375,775.1756331615601,766.8977726970345,773.7040359785559,12141500
2020-12-17,770.7607421875,777.5670050867702,770.0249436373216,774.4397910762232,11480000
2020-12-18,773.3358764648438,776.6470533393665,768.9210301032973,769.8407921010286,23720500
2020-12-21,769.105224609375,784.1892922175878,764.8742844670281,778.1188836654027,8696500
2020-12-22,743.903564453125,755.4926004275801,740.4084797514281,754.2049110511442,13404000
2020-12-23,736.9133911132812,742.7998347536889,731.3948186228739,736.7294274693699,9265500
2020-12-24,742.9838256835938,748.8703256780049,740.9603378019009,748.5023983766699,7231000
2020-12-25,741.5122680664062,745.3752803839285,737.649255748884,740.4085422417103,6346500
2020-12-28,744.0875854492188,745.9271097642971,735.4417987132193,740.9603716584546,8064000
2020-12-29,746.8468627929688,753.1012341602215,740.960362601539,751.4456735244526,10640000
2020-12-30,747.7666625976562,753.653163085537,743.5357789667495,747.0308640711285,9770500
2021-01-04,740.408447265625,756.9641640988937,729.5552663469351,756.9641640988937,9375000
2021-01-05,751.4457397460938,754.2050264281479,740.0406656718038,743.3518433729677,12106500
2021-01-06,751.2616577148438,754.2049076062375,743.7195974112169,745.9270488642178,12450500
2021-01-07,790.9955444335938,794.1227585760226,770.3928473327481,770.7607746922693,25836500
2021-01-08,794.8584594726562,795.4102943062865,783.2694227259843,788.9719592707442,21269000
2021-01-12,800.56103515625,804.0561202617084,790.0757237020458,800.1931078239579,16716500
2021-01-13,796.1460571289062,803.1362828227359,793.5707344576317,793.9386617554527,12010000
2021-01-14,798.3535766601562,804.7919119558027,790.9954791794174,792.8350035496021,10041500
2021-01-15,799.0892944335938,804.7918306324972,793.5707218806851,798.3534959874372,13438500
2021-01-18,785.476806640625,798.9053103880176,784.5570445719592,797.8016408158758,12181000
2021-01-19,805.8955078125,808.8387575576077,784.924944602565,785.4767793694766,14513500
2021-01-20,801.8486938476562,806.447504957287,796.1461568441479,805.3437790634094,10587500
2021-01-21,802.0325317382812,810.1264267943142,800.3769712260189,806.4473784835881,9730000
2021-01-22,801.6647338867188,802.5844961129027,790.0757522919347,791.1794781909215,7802000
2021-01-25,809.0228271484375,813.4377307195675,798.9054427172878,803.6882174941247,10513500
2021-01-26,804.60791015625,811.046245146747,804.60791015625,809.3906845196129,8512000
2021-01-27,814.3572998046875,814.3572998046875,799.8250152489364,802.5843012575751,11014000
2021-01-28,808.4708251953125,815.8289214428239,789.8916209427824,789.8916209427824,16286500
2021-01-29,792.09912109375,811.5980885790516,790.0756332734014,805.7115887630962,12843000
2021-02-01,823.1870727539062,829.9933346932577,793.3867585029932,794.6744478875698,19080500
2021-02-02,821.8994750976562,826.3143785444611,811.2302560894796,820.243914374019,16965000
2021-02-03,839.0070190429688,839.7428175131151,824.474788740734,827.2340751071516,19906000
2021-02-04,878.5567626953125,878.9246338499167,840.1107184252307,840.1107184252307,32412000
2021-02-05,890.3296508789062,898.6075092031937,883.3394818601914,883.8913166266827,26497000
2021-02-08,919.2103271484375,919.7621619905009,896.9520716007019,899.3434307667463,26122500
2021-02-09,891.0655517578125,910.9324477036007,883.5234909674066,910.7484840476735,23717500
2021-02-10,908.1731567382812,909.4607900476826,884.9951396529731,885.9149017901851,18388000
2021-02-12,899.8952026367188,914.2434680095066,889.2259292871152,913.3237059692556,17466500
2021-02-15,891.4334106445312,905.0458780708784,889.0419955766915,901.3668297860374,15725000
2021-02-16,899.5272827148438,899.711246351961,887.5703760938898,888.4901381416555,12736500
2021-02-17,914.7953491210938,916.8188369397177,898.2396315578803,903.390332926907,16544500
2021-02-18,882.9716796875,912.2201053495829,882.0519175211589,901.9187578589966,19046500
2021-02-19,891.24951171875,900.0792057883875,874.6937932348104,875.2456280624781,12913500
2021-02-22,907.6212768554688,919.7621484424748,905.0459540673951,908.725002661165,13748500
2021-02-24,912.77197265625,938.1573853336779,911.4842832016419,918.842380341514,27097000
2021-02-25,947.5388793945312,947.5388793945312,928.0399676019545,933.9264675522799,21679500
2021-02-26,896.9520263671875,933.558547340768,896.584099065815,927.1202125315214,23503500
2021-03-01,936.1338500976562,936.317813744424,912.0360719544689,916.0830476320691,16628500
2021-03-02,926.3844604492188,942.5723081770909,916.4510403308808,938.157404890872,15322500
2021-03-03,946.987060546875,946.987060546875,923.6251362767233,927.120221120844,13539500
2021-03-04,948.0908203125,952.8735383359738,935.9498931922517,947.5388732303976,19214500
2021-03-05,964.8306274414062,966.1183170828297,939.813082308781,944.0440224607194,20911500
2021-03-08,970.90087890625,982.122044222198,960.9675152990152,971.268806212218,20214500
2021-03-09,969.6131591796875,990.3998724231159,960.2316306866854,987.8244936374523,18444500
2021-03-10,962.0712890625,964.4626483966242,940.1809592961012,947.355093436305,20802000
2021-03-11,961.703369140625,973.6602781792103,956.9206504354561,963.3589860716174,13253500
2021-03-12,985.065185546875,985.9849476248834,963.1748031800201,972.5564437410912,17977000
2021-03-15,994.0789794921875,995.1826491651037,983.0418336604118,987.2727171074619,13570000
2021-03-16,991.3196411132812,995.9184516356556,986.168883507704,995.3665045524527,11360500
2021-03-17,995.1826171875,997.7579960424226,985.6170686521945,987.8245202027496,9522000
2021-03-18,992.4232177734375,1007.1394100666488,989.8478392118708,1006.9555025732385,21007000
2021-03-19,999.0455322265625,1001.0690761797797,973.1082863291808,974.028048414558,18967000
2021-03-22,994.8145751953125,1002.356691100574,985.0651202696201,986.1687897798355,11523000
2021-03-23,974.3960571289062,999.5975628293284,973.6602024888549,996.1024217025663,13739500
2021-03-24,955.264892578125,974.763916422143,954.8969652837762,963.1748241662135,19101000
2021-03-25,981.0183715820312,987.2727996532308,962.9910543379997,965.5664334910025,16407500
2021-03-26,992.7913818359375,1014.497748190687,989.8480753098772,1002.5408391004977,17116500
2021-03-29,983.4097290039062,1002.9087555976805,971.2689125078234,1002.5408282514466,19127500
2021-03-30,1003.2969970703125,1004.4122526347614,985.4540424665169,995.1190234780473,10944000
2021-03-31,930.0664672851562,1004.5981848505348,929.3230202132607,992.5169855877625,41063500
2021-04-01,915.5691528320312,953.4855249354816,905.5324744401447,951.626878688044,47273500
2021-04-02,919.4722290039062,924.6764152858085,907.5768488371988,910.3648179285127,19968500
2021-04-05,910.922607421875,914.8257761866031,898.0979586703853,912.0378066005668,24119000
2021-04-06,917.9854125976562,930.4383657183037,909.4356281208973,914.2681199313597,19677500
2021-04-07,937.872802734375,941.4042188646166,912.4093293085191,920.7732364850064,23739500
2021-04-08,929.69482421875,944.9356885716635,923.189562712641,943.262918385797,16571000
2021-04-09,954.414794921875,959.0614102817673,925.6057796905428,928.9513200611137,21848500
2021-04-12,946.7943115234375,965.7524677011542,944.7497894701819,965.7524677011542,12952500
2021-04-13,975.603515625,982.8521683327551,959.8050216316545,960.9201640658413,19205000
2021-04-14,955.5299072265625,971.1425797226503,949.768149738324,971.1425797226503,15249000
2021-04-15,951.8126220703125,964.4515062997019,950.1399086466027,959.0613872346532,10909500
2021-04-16,961.1058959960938,965.5666922130657,952.1844170049101,958.6896786463841,10295500
2021-04-19,965.009033203125,970.2132193540218,956.0875550240518,959.6189143851693,6340500
2021-04-20,939.7313842773438,948.4669860293019,933.0402476511092,948.0952908797939,14673500
2021-04-21,924.3046875,928.7654835395847,913.1528108437939,923.3753644453162,14935500
2021-04-22,951.8126220703125,951.8126220703125,931.925142840715,934.8989879438577,12327500
2021-04-23,956.4593505859375,957.2028544908048,947.9096228938067,950.6975923729061,10273500
2021-04-26,962.5929565429688,967.2395722562622,957.388656189867,965.3809259709449,8815500
2021-04-27,944.0064086914062,960.7342814795747,941.5901912814229,958.8756352499317,10858000
2021-04-28,949.7682495117188,963.5222773670771,948.467174426574,957.5745865798203,12697500
2021-04-30,1000.137451171875,1017.980522335226,990.4725819148298,990.6584011533274,44683000
2021-05-06,1001.9959716796875,1026.344301335844,996.605966568809,1020.768363567025,25367000
2021-05-07,1016.4934692382812,1023.9280527004219,998.0928297923867,999.7656564484647,15215500
2021-05-10,1000.695068359375,1024.1139629703441,995.6767013876671,1016.8651980731271,14575500
2021-05-11,979.3206176757812,992.5169588299415,975.7891449170772,986.0116978638276,16168000
2021-05-12,1000.3235473632812,1006.0853060116101,986.9412701640272,1004.0408402829198,25354000
2021-05-13,975.7892456054688,997.7212478657634,974.859922514416,981.7369360767589,16505500
2021-05-14,1000.695068359375,1002.1819624954642,986.7552231283812,994.3756264775575,13222000
2021-05-17,1000.695068359375,1014.4489809216383,995.4907687189366,1010.73168886004,12917000
2021-05-18,1019.4673461914062,1021.1401729934332,999.2080591124165,1010.3599352785942,15692000
2021-05-19,1004.783935546875,1006.4567622462655,991.7734141512631,1003.2970415044966,14091500
2021-05-20,1005.527587890625,1013.1479918857049,1000.5092204935614,1003.6689417022875,10729000
2021-05-21,1023.1846923828125,1028.9464499964215,1007.9437714607661,1010.3599887360615,18031000
2021-05-24,1046.975341796875,1055.5251820560902,1031.5486016144357,1031.5486016144357,16275000
2021-05-25,1048.6484375,1063.7034296272682,1048.2766854903468,1059.4285651232228,14335000
2021-05-26,1054.409912109375,1064.0748945387145,1047.7188315120852,1053.4805890573762,16074500
2021-05-27,1054.038330078125,1054.038330078125,1034.5225428408123,1044.0017075645999,34316000
2021-05-28,1080.988525390625,1081.7320292070447,1060.915170217602,1062.2162451749587,20441500
2021-05-31,1066.1192626953125,1083.5905798574186,1062.5879034852665,1076.1559961191174,13308500
2021-06-01,1087.6795654296875,1088.980640202854,1065.1898827584944,1072.066895037169,14115000
2021-06-02,1089.1666259765625,1096.7870296890571,1084.8917625904617,1095.85770662935,15031500
2021-06-03,1104.03564453125,1113.143054652796,1087.493650944847,1089.1664776015361,14041500
2021-06-04,1126.8970947265625,1130.056815748621,1109.0541377497384,1113.1431818110639,18131500
2021-06-07,1130.056884765625,1139.5359349679693,1114.8159633022733,1126.89716355059,24779000
2021-06-08,1131.543701171875,1133.4023472360348,1121.5070804910645,1127.2688379128583,15289500
2021-06-09,1143.8109130859375,1148.2715958855738,1125.2244511472175,1125.9678415591097,19159500
2021-06-10,1128.7557373046875,1146.7846268991075,1127.0830239048464,1143.0673347535674,16194500
2021-06-11,1112.0279541015625,1128.012378845129,1108.8682329999356,1117.7898251557663,19556000
2021-06-14,1121.1353759765625,1124.8526682620002,1114.6301144770464,1118.347406762484,8669500
2021-06-15,1133.7740478515625,1135.8185130525565,1115.5593399352838,1117.4179859153683,16200500
2021-06-16,1161.83984375,1165.3713173615392,1143.067560091462,1143.4393120678517,19201000
2021-06-17,1148.829345703125,1161.2822998271079,1148.2717744468107,1149.5728496733961,17475000
2021-06-18,1141.58056640625,1152.732444072004,1141.58056640625,1149.7585419621435,15910500
2021-06-21,1094.1849365234375,1121.8786942028862,1092.3262905002764,1112.9572159802635,25580500
2021-06-22,1163.1407470703125,1165.3711451562926,1129.1275449480827,1131.3579430340628,24633500
2021-06-23,1150.130126953125,1169.8318427017123,1150.130126953125,1157.7506436508543,16722000
2021-06-24,1144.5543212890625,1148.271613734589,1137.677307576286,1138.9783826207727,8627500
2021-06-25,1191.577880859375,1192.5072038403737,1156.077788362325,1157.5646824433736,23623000
2021-06-28,1206.075439453125,1212.7665197019671,1188.604121608288,1204.216793445919,20417500
2021-06-29,1198.826904296875,1209.4212112559599,1193.0651459479056,1195.109611570373,16975500
2021-06-30,1182.28466796875,1206.0754273769762,1179.1250605423356,1205.3319236044385,20384000
2021-07-01,1179.6826171875,1196.4104308797807,1173.5491081888797,1194.1800330322606,10755000
2021-07-02,1204.4027099609375,1204.96028111959,1184.3293541501403,1186.7455714661398,13239500
2021-07-05,1218.5284423828125,1224.662065793534,1197.525762338469,1198.455085468243,13495000
2021-07-06,1214.8109130859375,1232.2822298974786,1213.8815901372968,1223.9183233597128,11944000
2021-07-07,1197.8975830078125,1214.9971522652913,1194.7378614967395,1208.1201380218436,15165500
2021-07-08,1204.216796875,1220.9446109874882,1201.614647080402,1202.3581508625014,15532500
2021-07-09,1218.900146484375,1222.9891907834492,1193.2508517978335,1196.596392245163,22143000
2021-07-12,1250.68310546875,1255.5155403357196,1244.9212340351555,1245.2929859732526,17114000
2021-07-13,1268.7117919921875,1273.7301591883522,1260.347884479498,1263.507605561732,19443500
2021-07-14,1230.4237060546875,1258.860968415437,1229.4943830138607,1251.6123167626404,24573500
2021-07-15,1186.931396484375,1208.1200081584109,1172.8057309968572,1174.6643771632548,31479000
2021-07-16,1215.36865234375,1223.9183784791858,1193.4365390139185,1194.551794668159,24278500
2021-07-19,1178.3817138671875,1194.9237107481067,1174.8502406409534,1193.6226356940856,15923000
2021-07-20,1163.6983642578125,1177.080639860231,1155.8921408122683,1159.7952525350404,16521500
2021-07-21,1171.5045166015625,1193.6224487271177,1171.5045166015625,1189.533404959022,11450500
2021-07-26,1207.5623779296875,1214.253458424324,1201.614687799592,1207.3764452564872,15776000
2021-07-27,1206.6331787109375,1216.6698004828029,1206.6331787109375,1207.5625018440417,12188500
2021-07-28,1197.154052734375,1207.3766075234032,1193.6226927820082,1196.410662269925,9010500
2021-07-29,1191.577880859375,1198.2690743882133,1186.1878756352307,1193.6224594832202,9903500
2021-07-30,1163.1407470703125,1207.56243577953,1161.6538528272454,1203.4733915290262,20198000
2021-08-02,1149.3865966796875,1166.1144087135222,1128.0121701920098,1128.1979893930693,18980500
2021-08-03,1135.6329345703125,1146.970632075166,1132.4732130458015,1143.067520066681,13636500
2021-08-04,1130.6143798828125,1149.9443443569746,1126.8970877487623,1146.412871452526,10623000
2021-08-05,1132.2872314453125,1136.7479140379262,1116.1169876205438,1129.8710141939691,11055000
2021-08-06,1128.1982421875,1136.9339020066639,1124.6667690341908,1129.1275652865013,8498000
2021-08-10,1129.8709716796875,1135.260977123294,1116.1169456237926,1118.904914680305,11361500
2021-08-11,1158.493896484375,1159.6091520223474,1135.8183951917692,1142.8813399373862,11857500
2021-08-12,1167.229736328125,1183.2140472128417,1166.4862325202412,1177.080537847439,15303500
2021-08-13,1172.8057861328125,1177.638221015525,1155.8921506005545,1159.7952623563788,8701500
2021-08-16,1157.00732421875,1180.9839069170166,1149.5727390028865,1180.9839069170166,11357000
2021-08-17,1158.493896484375,1168.3446964680827,1157.564573590766,1164.8133375380103,8613500
2021-08-18,1150.130126953125,1159.795108882361,1148.6432328354153,1152.5463440747467,7931500
2021-08-19,1118.5333251953125,1142.5099079398206,1118.5333251953125,1140.2795096822065,12372000
2021-08-20,1104.965087890625,1128.3839829801711,1101.619547655369,1120.3918275729611,13940000
2021-08-23,1134.7034912109375,1138.606602806058,1113.886631337189,1114.444202501812,9677500
2021-08-24,1139.3502197265625,1150.1303459359106,1134.7036038222943,1134.7036038222943,8022500
2021-08-25,1150.3160400390625,1159.2375180362092,1143.810779122409,1148.8290325039152,8394500
2021-08-26,1128.5699462890625,1142.8815440957362,1125.59604443263,1142.8815440957362,14688500
2021-08-27,1123.92333984375,1125.0384821469731,1114.2583572590402,1121.135370642935,8328500
2021-08-30,1146.7845458984375,1153.475625910698,1133.7740243080175,1135.818489466557,9192500
2021-08-31,1130.986083984375,1143.0672829094342,1127.082972785686,1137.4913449440223,16089000
2021-09-01,1147.7139892578125,1148.4574930894953,1135.632789370888,1140.2794047120128,9685500
2021-09-02,1152.9180908203125,1162.5830727064217,1146.2270105991017,1153.6615945972244,8614500
2021-09-03,1207.934326171875,1209.0494686213192,1163.512632370401,1165.1854594873396,22456500
2021-09-06,1228.007568359375,1241.5756629455268,1215.740435360424,1239.7170167435127,17992500
2021-09-07,1219.829345703125,1238.2299864589806,1213.5100173760702,1232.2822965772975,16341000
2021-09-08,1226.70654296875,1230.2380162725847,1206.447253169887,1208.1200801964962,18923500
2021-09-09,1217.970703125,1227.6356850295278,1215.3686667863478,1216.4838090110916,13483500
2021-09-10,1220.572998046875,1229.3086579886392,1213.881803574502,1215.3688113079822,16036500
2021-09-13,1233.211669921875,1234.1409929587414,1209.0492709633454,1211.6514208436731,10828500
2021-09-14,1244.7353515625,1248.0808919499123,1235.4421207959333,1235.9996919533755,13069000
2021-09-15,1224.662109375,1232.6542658869182,1221.3164552345409,1226.1490037469991,11425000
2021-09-16,1216.4837646484375,1231.5387513472026,1209.0491809072705,1228.3791440114026,9261500
2021-09-17,1226.5206298828125,1229.8661702373136,1204.4026954988633,1210.350385819508,20241500
2021-09-21,1197.52587890625,1206.6332918416633,1186.002248286781,1186.002248286781,13175000
2021-09-22,1174.6641845703125,1198.640761562847,1174.6641845703125,1195.1092890485932,12857500
2021-09-24,1213.696044921875,1216.2981951426127,1201.6148438621626,1207.934286716658,14029500
2021-09-27,1271.31396484375,1290.2721782361118,1228.5651034528053,1230.4237496002374,31534500
2021-09-28,1288.5994873046875,1290.6440663482704,1255.1438531205272,1255.1438531205272,23185500
2021-09-29,1238.7279052734375,1273.0380386569532,1228.22855382053,1273.0380386569532,26332500
2021-09-30,1244.9146728515625,1254.1015889515584,1226.3533992752746,1233.2904466943455,18213000
2021-10-01,1211.3544921875,1228.0408951621725,1201.605251436494,1216.791665588168,16954500
2021-10-04,1204.230224609375,1229.7285516624254,1190.7311237498898,1225.6038105063185,13505000
2021-10-05,1185.6689453125,1194.4807510269927,1167.4826663766553,1185.1063922387318,14098500
2021-10-06,1188.6685791015625,1208.5421720325523,1174.7944836668928,1186.9811489100478,13844500
2021-10-07,1176.107177734375,1193.5434643739381,1171.9824364652159,1179.8569217185006,14274000
2021-10-08,1189.418701171875,1205.542552681785,1186.60639350621,1190.5435784649044,14567000
2021-10-11,1235.1654052734375,1235.3529610960315,1191.855916452716,1197.2929755124537,17280500
2021-10-12,1224.103759765625,1234.7904367438261,1223.353765323993,1223.353765323993,9364000
2021-10-13,1216.0416259765625,1231.0405981843921,1216.0416259765625,1226.9159723737002,10292000
2021-10-14,1225.6036376953125,1227.8535065935105,1210.0422256684951,1210.0422256684951,8898000
2021-10-15,1252.976806640625,1261.6012856189388,1240.7901398862825,1244.3524420954047,14648500
2021-10-18,1253.9140625,1260.8511100814876,1246.789573537828,1250.5393166161373,9282000
2021-10-19,1258.0390625,1266.1009888961667,1252.4144467213114,1261.413809080593,8895500
2021-10-20,1280.5374755859375,1295.161453152569,1265.5385007620905,1265.7259421741498,18569000
2021-10-21,1254.6640625,1286.3493229935696,1254.6640625,1277.7249596481195,10045000
2021-10-22,1253.3516845703125,1268.7256548218904,1243.2273319957635,1248.289508283038,11510500
2021-10-25,1262.16357421875,1276.6001083134133,1246.0396099239401,1246.6021629460424,9905500
2021-10-26,1270.2255859375,1287.6618699869987,1269.1007086825987,1280.9123775914147,11781000
2021-10-27,1271.162841796875,1279.5997633132258,1254.663995940403,1279.2247661369959,13349000
2021-10-28,1246.789794921875,1263.1012030954425,1204.6051778004583,1218.8541582548978,28348000
2021-10-29,1228.791015625,1246.7897390165126,1223.1664002610157,1234.4156309889843,23447500
2021-11-01,1274.7252197265625,1274.7252197265625,1240.9775316383732,1247.5395820999654,20651000
2021-11-02,1268.7257080078125,1274.3503231332204,1261.6012184022466,1267.038277696955,13948500
2021-11-04,1291.7864990234375,1297.7861108750385,1254.4765093742028,1258.038811095394,20484500
2021-11-05,1314.4725341796875,1314.4725341796875,1291.2241932097934,1295.3489339339474,18307500
2021-11-08,1333.2213134765625,1357.2197644639014,1327.4092565727167,1327.4092565727167,17189000
2021-11-09,1315.7850341796875,1357.219770495808,1310.9104131698361,1352.157593642134,13182000
2021-11-10,1315.034912109375,1328.9088925098204,1314.6599149238334,1324.5967109587775,9353500
2021-11-11,1332.8463134765625,1337.3459368162726,1306.2231129258755,1308.6604232056875,10944000
2021-11-12,1368.468994140625,1368.468994140625,1341.8457912748077,1343.3456658518055,15757000
2021-11-15,1363.40673828125,1374.2809713755025,1357.7821231187309,1371.0936665634574,13988500
2021-11-16,1380.843017578125,1387.9675072058278,1369.9687845218327,1373.3435307209459,15361000
2021-11-17,1357.0321044921875,1381.2179950335715,1353.6573583413885,1375.9683771953191,16927000
2021-11-18,1350.4700927734375,1363.0317563305016,1334.1586857326581,1362.8443149295517,13101500
2021-11-19,1366.5938720703125,1378.7805367306653,1359.2818275008713,1360.9692576116884,17979500
2021-11-22,1374.093505859375,1378.5931292505625,1353.8448000832288,1357.9695406832989,11522000
2021-11-24,1365.46923828125,1398.654495168518,1361.3444970442663,1379.905775394141,21286500
2021-11-25,1368.6563720703125,1389.092519837475,1366.2190616915998,1369.968805176724,11941500
2021-11-26,1328.7216796875,1368.4689850973002,1323.8469443031022,1364.9066828715133,17054500
2021-11-29,1306.78564453125,1327.409234330165,1298.1612800249409,1300.5985904781942,18982000
2021-11-30,1253.9140625,1322.534429492906,1253.9140625,1297.7861022894492,50389000
2021-12-01,1267.6007080078125,1280.1623712587739,1247.9145551980196,1264.2259618413225,21033000
2021-12-02,1255.4140625,1264.7884211340595,1241.5400803814455,1255.4140625,17705000
2021-12-03,1282.7872314453125,1286.3494189916307,1245.8522363157747,1256.3514719923044,16629000
2021-12-06,1255.4140625,1297.7862321858017,1253.5391907731882,1282.7872583713067,15921000
2021-12-07,1252.601806640625,1258.976416548284,1238.5402681088126,1251.6643707385042,25188000
2021-12-08,1243.4149169921875,1251.6642836973308,1227.6659491585087,1240.2276122600042,26628000
2021-12-09,1200.105224609375,1246.6021302559595,1193.7307300458174,1242.10239279562,30983000
2021-12-10,1226.166259765625,1239.6653607414084,1200.1054937924723,1202.7303603052728,25386500
2021-12-13,1206.29248046875,1238.352740311452,1206.29248046875,1235.3529914071717,15832500
2021-12-14,1178.731689453125,1198.2302836408917,1175.919382311643,1187.543608049716,21680500
2021-12-15,1170.2950439453125,1184.7315802285227,1166.3577443591112,1170.6700412058694,15452000
2021-12-16,1208.729736328125,1215.4792282753667,1194.6681994104713,1197.667948179672,19083500
2021-12-17,1189.418701171875,1206.8549858123804,1182.8566499519898,1199.9179373504548,21349500
2021-12-20,1155.8583984375,1181.7316049076346,1155.8583984375,1166.3576341423675,12219500
2021-12-21,1170.4822998046875,1182.856520842819,1163.5452520999427,1179.8566576670237,13594500
2021-12-22,1171.0447998046875,1176.856970644,1163.3578717276664,1164.1078661692181,11409000
2021-12-23,1134.10986328125,1149.2962772894944,1117.423460464174,1136.547173445982,33268000
2021-12-24,1156.0458984375,1162.4205082884478,1137.1097391563608,1138.0471750501417,17431500
2021-12-27,1144.4215087890625,1159.2329236774299,1143.8589558420458,1153.4208683114862,8030000
2021-12-28,1174.044677734375,1176.1069908246545,1154.733522171724,1164.1078806422427,15769500
2021-12-29,1161.67041015625,1185.2938612317087,1160.545532957311,1180.794123569788,11488500
2021-12-30,1168.045166015625,1174.232220252363,1150.6088806455102,1154.5460657689534,11963000
2022-01-04,1215.104248046875,1215.8542424661932,1180.9816761964482,1186.7937324303782,20245000
2022-01-05,1258.9764404296875,1261.413750934816,1234.22810925763,1246.789773470949,32622000
2022-01-06,1243.4149169921875,1266.4758156940784,1241.3524894910875,1263.6635081832846,21277000
2022-01-07,1257.4764404296875,1278.4750258278332,1251.4768282540624,1265.5383656501756,20962500
2022-01-11,1271.9129638671875,1276.6001429580408,1249.2269484076076,1253.1642475037743,18265500
2022-01-12,1293.0989990234375,1294.5988734558136,1268.538111765077,1271.9129722792784,16515000
2022-01-13,1291.0367431640625,1297.2239119738197,1282.4123782066724,1289.1618712660995,12814500
2022-01-14,1286.3494873046875,1319.3472994161848,1273.0379433900462,1303.0358919824478,20945000
2022-01-17,1252.976806640625,1266.1009092991476,1236.1029603653815,1248.8520657756133,16416500
2022-01-18,1251.1019287109375,1270.788082602402,1243.227444267733,1265.538464451297,10959500
2022-01-19,1196.918212890625,1234.790532020483,1189.7936084446414,1227.853597849016,17177000
2022-01-20,1195.6058349609375,1207.2300636415996,1170.8575029644212,1186.0439195995268,14307000
2022-01-21,1180.7943115234375,1186.4189272795984,1159.608281728518,1178.5444423343529,13480000
2022-01-24,1179.29443359375,1186.606479829654,1147.6090524822996,1162.045589102897,17268500
2022-01-25,1156.9832763671875,1183.6064773033818,1150.4212254394747,1174.232118835221,20196500
2022-01-26,1146.4840087890625,1162.045420527056,1141.234391079425,1158.670674458938,13924000
2022-01-27,1117.0487060546875,1172.1699882006626,1112.5490819494291,1163.9205056913654,18311000
2022-01-28,1133.9224853515625,1144.2342806480408,1126.6105537102821,1141.7969701009472,16800500
2022-01-31,1113.4864501953125,1126.6105532950844,1097.3624834414484,1115.1737662197104,25355500
2022-02-01,1087.800537109375,1119.2983574474092,1085.5506682781406,1106.736694703343,28181000
2022-02-02,1134.484619140625,1139.1717975611912,1097.9246274602083,1105.799110093373,23733500
2022-02-03,1097.1749267578125,1130.360178281682,1075.8013438961784,1096.987370930519,26087500
2022-02-04,1108.0491943359375,1114.236248168962,1090.2379128703005,1095.8625280699755,15677000
2022-02-07,1103.92431640625,1119.1108442173725,1088.3629058415559,1115.5485425938427,13531000
2022-02-08,1116.1109619140625,1130.360053729433,1108.0490374889973,1108.9864732229137,12687500
2022-02-09,1123.2354736328125,1130.3600769030968,1113.861116101465,1122.860590878019,13119000
2022-02-10,1138.797119140625,1138.797119140625,1121.173279344253,1136.1722529809654,12675000
2022-02-14,1090.8004150390625,1116.1111849118654,1089.3005404517378,1105.2369511123916,17419500
2022-02-15,1078.2386474609375,1099.9872274084191,1070.7391608100304,1098.862235750932,14670000
2022-02-16,1106.9241943359375,1109.7365016239526,1093.987535037838,1096.9872837051566,11940500
2022-02-17,1153.046142578125,1164.2953732374237,1115.548707047129,1119.2984506002285,25273000
2022-02-18,1147.984130859375,1152.671310974294,1133.735149083264,1134.2975878104328,14955000
2022-02-21,1126.6104736328125,1140.2970144396127,1119.4858694788081,1124.9230432946347,14606000
2022-02-22,1086.4881591796875,1105.799314963563,1081.425982660999,1104.299440477715,14674500
2022-02-24,1039.2415771484375,1082.3636352411786,1031.1796500438081,1071.114402695246,24115000
2022-02-25,1061.3648681640625,1066.4270448532434,1033.241791483159,1039.0539626570676,16992000
2022-02-28,1059.3026123046875,1078.426328369197,1051.053130258633,1055.7403099590963,17824500
2022-03-01,1061.73974609375,1087.8005066627209,1055.9276900060615,1087.4255094624973,14514000
2022-03-02,1013.5556030273438,1038.8663711716424,1005.4936775420737,1038.8663711716424,23777500
2022-03-03,1024.0550537109375,1034.5542905678994,1015.6181301688111,1031.9295385702087,14951500
2022-03-04,997.4318237304688,1020.8677218444366,982.0578516810867,1009.618490749732,20429500
2022-03-07,928.6239624023438,937.8108798249158,910.8126806332237,922.8119057035516,36472500
2022-03-08,894.3138427734375,922.2494209681246,890.5640991978676,915.4998710887893,32728500
2022-03-09,937.0608520507812,956.55956348898,919.9995653671727,933.6861058800012,32024500
2022-03-10,983.3701782226562,992.7445364516616,972.1209483478499,992.7445364516616,26464500
2022-03-11,963.49658203125,975.8706890879503,950.1849247210166,967.4337667039046,19756000
2022-03-14,971.3709716796875,995.5568621260404,970.6210916675044,980.5578886853468,11974000
2022-03-15,981.1204223632812,990.4947816719942,961.434267814984,964.4341314536304,14951500
2022-03-16,1018.0552978515625,1024.0549099704535,1002.6813275572426,1010.3683699209441,21380500
2022-03-17,1057.990234375,1066.239716852036,1041.1163865717845,1066.239716852036,22968500
2022-03-18,1092.86279296875,1094.3626674877871,1063.6147248986194,1067.7394656507893,35544500
2022-03-22,1111.2364501953125,1116.4860679303665,1083.6758140449235,1083.6758140449235,21636000
2022-03-23,1157.7333984375,1165.045444621924,1128.6728839827936,1142.7344232350708,23165000
2022-03-24,1156.6085205078125,1163.1705721556825,1137.2972483976014,1138.7972374635938,14823500
2022-03-25,1156.7957763671875,1174.2320593480183,1153.2334745565197,1162.4203911631382,10473000
2022-03-28,1148.73388671875,1159.7955608312343,1143.8591517524467,1155.6709347337803,8406000
2022-03-29,1153.4208984375,1164.8575681078041,1146.1088542659495,1162.4202581949767,12833500
2022-03-30,1184.307861328125,1185.444750612974,1171.2330562770367,1181.654965456724,17489000
2022-03-31,1168.201416015625,1191.8875761132654,1162.5167375921912,1169.1488624195306,16656000
2022-04-01,1155.50537109375,1162.1374945437117,1137.5038931581396,1149.252249257654,13158500
2022-04-04,1158.158447265625,1161.7586740209056,1149.252428399282,1155.3161082011584,8433500
2022-04-05,1164.22216796875,1186.581879597076,1160.4323824163193,1173.5070731791593,12505000
2022-04-06,1154.36865234375,1169.1487922262934,1150.9578686254818,1153.9896506739265,10965000
2022-04-07,1106.23828125,1110.5965111167195,1094.6794826049966,1099.9851587755709,18741500
2022-04-08,1119.31298828125,1132.1982337519344,1106.9961874119822,1119.8814328826666,14597500
2022-04-11,1108.32275390625,1118.1761031324943,1098.0902873650657,1117.9866601300928,12142500
2022-04-12,1079.7098388671875,1106.6173383765354,1073.4567160792933,1102.448551299582,13472500
2022-04-13,1102.4486083984375,1106.048950982067,1084.2576837723925,1094.6795941770195,14506500
2022-04-14,1130.6824951171875,1131.6299414654245,1107.9437827594968,1110.21767712628,11773500
2022-04-15,1128.78759765625,1129.7350440004882,1101.5010966801651,1113.0600114729123,9843500
2022-04-18,1101.5009765625,1117.607562658139,1096.3847437305208,1109.8385497446188,8508500
2022-04-19,1112.4913330078125,1114.007339521667,1094.110968405446,1108.7015480332943,11706000
2022-04-20,1138.64111328125,1149.8209112461896,1128.0296443619807,1130.6825405055672,12879000
2022-04-21,1149.82080078125,1150.9578057285862,1135.7986650046275,1147.7364651937319,9558000
2022-04-22,1152.2840576171875,1159.6741844664969,1132.5772454441246,1155.3159549434677,11714500
2022-04-25,1145.462646484375,1154.7476670520675,1125.7557159817543,1133.3352868435204,13804000
2022-04-26,1119.5025634765625,1136.177595799419,1110.5965448190495,1131.4403641363876,15794500
2022-04-27,1118.7445068359375,1126.1345177210874,1089.7525609128763,1097.1426874530787,25427000
2022-04-28,1150.578857421875,1153.9896411118812,1112.112559182493,1112.112559182493,14041500
2022-05-02,1227.890380859375,1234.711947824346,1200.0354370514597,1224.4795973768894,29134500
2022-05-06,1233.5750732421875,1248.7342139271914,1223.1531640212474,1248.7342139271914,19174000
2022-05-09,1209.510009765625,1247.0288627921434,1207.615117030396,1225.0481533255172,17709500
2022-05-10,1221.82666015625,1227.132336022143,1192.455826423383,1203.8251814167509,14931500
2022-05-11,1196.4354248046875,1204.5834411537678,1185.6345121302859,1194.9194179587414,14930500
2022-05-12,1172.5595703125,1191.8874988299458,1166.4958905896642,1181.0865873947494,17376500
2022-05-13,1218.60546875,1221.0689218237646,1191.5085258342538,1195.1088682843144,16013500
2022-05-16,1218.2264404296875,1230.9221277173103,1207.425529996209,1227.5113443317541,9792500
2022-05-17,1216.71044921875,1218.4158987605329,1202.119869238202,1208.9414360952098,6873000
2022-05-18,1241.3441162109375,1244.376013813346,1230.3537620829934,1231.490767054547,13438500
2022-05-19,1240.2071533203125,1242.4810474734552,1211.4047639089815,1212.9206547927229,12068000
2022-05-20,1257.26123046875,1259.535124702344,1237.7438599692762,1249.8711031233358,12587500
2022-05-23,1255.177001953125,1270.5255869427524,1251.1976577911319,1265.788355074957,10697000
2022-05-24,1255.5556640625,1271.0938049488097,1253.2818856955241,1262.18778749464,11536500
2022-05-25,1255.366455078125,1259.9142439698724,1232.2487402460486,1246.0814342804224,13247500
2022-05-26,1250.4398193359375,1266.7358513409697,1246.6500336924341,1260.103726464839,9612500
2022-05-27,1262.187744140625,1277.157439921007,1259.3454056244802,1269.5778705446212,8693000
2022-05-30,1284.737060546875,1288.147843771298,1268.4410319996002,1271.4728136090753,22212500
2022-05-31,1274.3153076171875,1288.1480008365163,1270.7149653187694,1279.0525392440172,15611000
2022-06-01,1287.76904296875,1287.76904296875,1264.082884029102,1266.9252231018597,7877500
2022-06-02,1287.95849609375,1288.905942373699,1272.420353971573,1287.5794944507577,8273500
2022-06-03,1299.138427734375,1306.9075574299075,1284.9267320590934,1299.8964310990868,9712500
2022-06-06,1302.5491943359375,1305.2019745316445,1285.4951612654324,1286.8214935357541,9932500
2022-06-07,1315.055419921875,1323.7718793250383,1305.0125126125617,1307.475849778233,12440000
2022-06-08,1327.9405517578125,1329.2669995498134,1309.5600726102189,1321.3084284528597,15110500
2022-06-09,1309.56005859375,1329.2669853224177,1307.6651662411878,1316.9501850307631,16470000
2022-06-10,1316.0029296875,1324.3405035098222,1308.4233591781408,1311.4551411198574,15540500
2022-06-13,1298.948974609375,1305.391656194048,1283.9792756859097,1286.632171786675,15532000
2022-06-14,1288.14794921875,1290.4218434395243,1261.9984548175082,1273.3678102663146,15223000
2022-06-15,1264.8409423828125,1281.3265328527502,1261.430158478189,1279.0526383646418,14063000
2022-06-16,1273.367919921875,1291.7484026112859,1267.49379869617,1274.8838109812432,10250500
2022-06-17,1232.438232421875,1242.4811403896422,1209.8889635040935,1217.0895324816397,22369500
2022-06-20,1214.0576171875,1244.3758964210006,1203.2567070795542,1242.860005590337,10136500
2022-06-21,1233.3856201171875,1240.0177441124142,1215.573583696553,1228.2693870469998,9419000
2022-06-22,1227.3218994140625,1254.79784075435,1227.1323407704037,1252.3345036272674,10465500
2022-06-23,1219.36328125,1243.0494366744367,1215.9524979998923,1224.2899553162606,10458000
2022-06-24,1211.2154541015625,1215.0052395551625,1182.7920631995628,1195.677310610788,15689500
2022-06-27,1250.0606689453125,1253.0924508374515,1229.5958520357094,1230.1642966836023,11858000
2022-06-28,1261.2406005859375,1268.6307287630937,1249.1133560669846,1254.7980344632344,9832500
2022-06-29,1247.59716796875,1264.4616404699937,1241.3439306973946,1242.29137687123,23046000
2022-06-30,1219.931884765625,1249.4922799790893,1211.2154246959906,1228.6484604903303,14912000
2022-07-01,1200.7935791015625,1226.185072987679,1190.5611118165855,1220.3109516254258,19865000
2022-07-04,1217.6578369140625,1218.0368385334573,1200.793363574032,1205.1515930594305,10505000
2022-07-05,1230.3536376953125,1235.0908687935196,1221.4476200996721,1228.6483038929916,10949000
2022-07-06,1199.656494140625,1218.7949793574967,1190.750591182304,1215.7630817151355,16201000
2022-07-07,1219.7423095703125,1219.7423095703125,1192.8348132880844,1210.4572901786441,14000500
2022-07-08,1229.7852783203125,1247.2183131008583,1219.5528121770392,1220.879260107473,15405000
2022-07-11,1243.9969482421875,1262.9458735771789,1238.1228276503648,1253.6608539010083,13937000
2022-07-12,1225.805908203125,1243.99682851188,1216.5208894206048,1243.4283839375535,13210000
2022-07-13,1227.7008056640625,1234.901373497287,1220.3106792019064,1229.4061393941402,8114000
2022-07-14,1218.036865234375,1221.8266502012866,1188.0975871267851,1207.0465119613432,14125500
2022-07-15,1208.751953125,1223.721534248061,1205.5306127943222,1220.3107509323672,12067000
2022-07-19,1244.9444580078125,1247.2183522950047,1227.8904243364727,1230.9222062826836,14103000
2022-07-20,1289.6639404296875,1289.853499094946,1259.3456568753716,1261.8091099382184,16554500
2022-07-21,1294.590576171875,1296.8644702976894,1279.4314362065252,1286.8214475465975,10934000
2022-07-22,1299.7069091796875,1301.4122431641445,1280.9474257651818,1282.0843150881533,10226000
2022-07-25,1274.8839111328125,1292.3169488227281,1271.2836840408727,1283.4109291235784,9854500
2022-07-26,1274.1259765625,1282.6529942400016,1267.493851702221,1271.852082050817,10406500
2022-07-27,1277.9156494140625,1283.2213257030155,1261.05105856714,1261.4300602281514,8513500
2022-07-28,1271.0941162109375,1286.8217039274734,1264.2725481294538,1281.8950287191888,13133000
2022-07-29,1270.3360595703125,1285.4952005405785,1261.2404824640992,1285.4952005405785,16052500
2022-08-01,1253.281982421875,1253.281982421875,1230.164270114645,1249.1131956689214,21086000
2022-08-02,1226.18505859375,1250.6292214569849,1223.5322781230986,1249.8712180910413,15092000
2022-08-03,1248.923828125,1249.4923885026774,1221.4478818670543,1223.532333390016,11642000
2022-08-04,1250.4398193359375,1261.0511728757149,1243.4286927644405,1258.019390622944,10479000
2022-08-05,1259.9139404296875,1266.7355064687715,1238.8805664415902,1242.8599096769292,10133000
2022-08-08,1260.6719970703125,1261.6194433503376,1246.081301226914,1252.7134251870896,8816500
2022-08-09,1251.38720703125,1264.8408991724025,1244.9445254775558,1261.9985600731388,11987000
2022-08-10,1254.039794921875,1258.58758304447,1242.4809972882756,1254.4187965412673,7305000
2022-08-12,1309.370849609375,1312.781633322495,1281.3264609108398,1284.1687999476185,21807500
2022-08-15,1311.6446533203125,1311.6446533203125,1302.928078150229,1306.9074219197444,6071500
2022-08-16,1309.370849609375,1313.3500779988365,1305.5810642270035,1313.3500779988365,7525000
2022-08-17,1324.5299072265625,1331.162031225551,1312.9711088046367,1313.160551799725,12979500
2022-08-18,1312.781494140625,1318.2767286244843,1303.117588702179,1316.9502807502708,8025500
2022-08-19,1333.2462158203125,1352.3846980146957,1323.0138664878677,1326.0456479963584,12178000
2022-08-22,1326.2353515625,1329.646135046062,1307.6653119146533,1316.9503317385768,7859500
2022-08-23,1295.5380859375,1316.9503490573475,1290.2324098205122,1312.9711208833728,10749000
2022-08-24,1320.361083984375,1329.4565449437098,1293.453587086086,1298.001375393284,14245500
2022-08-25,1338.1732177734375,1340.2575534345287,1319.4137342033382,1320.3611805320288,10638500
2022-08-26,1337.794189453125,1350.8689947905436,1334.0044042138811,1336.278298488441,10651500
2022-08-29,1303.87548828125,1308.0442749291858,1297.2433645043259,1300.0857032658648,11737500
2022-08-30,1323.77197265625,1325.666865325758,1302.3597086218238,1311.455170304448,13397500
2022-08-31,1325.666748046875,1325.666748046875,1309.3707187928092,1309.3707187928092,11772500
2022-09-01,1319.0347900390625,1324.5300252470386,1312.213222437159,1319.7927933970848,11552500
2022-09-02,1308.23388671875,1321.6875778078868,1297.4329758551135,1320.7401315155514,11743500
2022-09-05,1310.507568359375,1315.2447994706438,1304.2544464235116,1308.4232329324393,9175000
2022-09-06,1310.507568359375,1312.2130178214543,1294.5905412185457,1309.7496807746058,8039000
2022-09-07,1294.590576171875,1297.2433562727754,1285.8740012987632,1293.6431299240405,11501000
2022-09-08,1323.9615478515625,1323.9615478515625,1297.2434914847686,1297.2434914847686,13956500
2022-09-09,1319.982177734375,1328.8881963474203,1309.5602681277426,1312.2131641078222,14270500
2022-09-12,1327.7513427734375,1349.542608901435,1321.3086613083483,1338.5522543331117,9478500
2022-09-13,1323.77197265625,1335.899332003129,1319.982187317234,1328.3197613250973,9024000
2022-09-14,1300.0858154296875,1313.1606211228084,1282.8423383840423,1294.0222514059903,15642000
2022-09-15,1293.8326416015625,1299.8963210406368,1288.7164084606227,1297.6224267941009,9260500
2022-09-16,1274.1259765625,1291.1800119175034,1272.2310837452774,1285.8742195052168,18462500
2022-09-20,1274.8839111328125,1288.1481613406704,1272.4205735109413,1286.0638254271832,12120000
2022-09-21,1233.9539794921875,1260.8614752588387,1233.9539794921875,1259.9140290392738,16058000
2022-09-22,1244.3759765625,1244.3759765625,1216.7104755871565,1220.31081774003,12354000
2022-09-26,1194.350830078125,1225.4271162142288,1194.1613870726283,1225.4271162142288,19738000
2022-09-27,1200.98291015625,1203.6358060658029,1191.129445477282,1203.4462474122254,17405500
2022-09-28,1189.613525390625,1200.2249931138974,1172.5594923598912,1191.8874195924022,18468000
2022-09-29,1215.483154296875,1219.3156725932292,1190.955060592044,1216.4412838709636,16675000
2022-09-30,1171.600830078125,1213.3752539807285,1168.534745422297,1207.051622506891,14840500
2022-10-03,1198.428466796875,1201.4944345191564,1146.497775926844,1147.264326337,19392000
2022-10-04,1241.73583984375,1246.1432121797568,1221.0402659048546,1223.5313792287568,14971000
2022-10-05,1246.909912109375,1260.5153059433362,1240.7778591433937,1255.7246578385354,13573000
2022-10-06,1266.4556884765625,1272.012769702041,1247.4846765654008,1249.400935669188,12798500
2022-10-07,1253.041748046875,1261.0899419016366,1238.4781101552128,1247.2929713168098,11782500
2022-10-11,1218.1658935546875,1234.8373705731012,1208.3929022877421,1231.0048524980255,15895500
2022-10-12,1211.8421630859375,1217.3992436651483,1198.2366548558143,1211.0756127499,12797000
2022-10-13,1197.853515625,1207.2432319908203,1189.2303496822085,1205.3269728924222,12812500
2022-10-14,1243.0771484375,1253.8081512919675,1224.6809931680652,1228.5135108959691,16997000
2022-10-17,1230.6217041015625,1234.0709473327058,1221.9985375441136,1226.214331252925,10799500
2022-10-18,1241.92724609375,1259.940125083934,1226.7888721807803,1258.4071414794646,12412500
2022-10-19,1239.24462890625,1247.1012434533566,1233.112577158695,1236.3702406145046,10839500
2022-10-20,1228.7052001953125,1230.238183886205,1215.6746633839882,1222.9564236350966,11011500
2022-10-21,1218.7408447265625,1226.7891567156491,1214.141775887319,1220.273828686584,11261000
2022-10-24,1229.4716796875,1246.9097060832091,1227.3638416533374,1237.9032657424762,10293000
2022-10-25,1259.1737060546875,1264.3476285983443,1242.8855050211675,1245.3767352171549,12436500
2022-10-26,1254.0,1260.515210755021,1248.059526623135,1254.7664334633812,12551000
2022-10-27,1246.526611328125,1260.3237009790885,1238.8615745174986,1260.3237009790885,11679500
2022-10-28,1221.6151123046875,1231.7712616112303,1195.554036692521,1204.9436356155195,55048500
2022-10-31,1295.3909912109375,1298.648654669424,1257.6406682231657,1264.5392703045181,23782500
2022-11-01,1345.022216796875,1345.405375023249,1304.3975032721455,1306.697037426218,21341500
2022-11-02,1335.44091796875,1342.3394034512144,1328.5423155271205,1328.734011598901,12255500
2022-11-04,1340.61474609375,1344.6389601586766,1322.4102856415839,1336.7822281038202,13983000
2022-11-07,1350.77099609375,1365.1429383831892,1347.321636376952,1354.7950931511266,13725000
2022-11-08,1361.118896484375,1365.526269285296,1355.944973214085,1359.9691877395019,11307500
2022-11-09,1369.55029296875,1377.2153287576232,1360.9271277062676,1372.4246813895775,10630000
2022-11-10,1357.2862548828125,1359.202513923155,1341.956182560072,1345.022267200122,12083500
2022-11-11,1396.186279296875,1398.2942344005794,1371.2749119635687,1386.0301298528225,19631500
2022-11-14,1374.916015625,1408.0672773485815,1366.867703361212,1398.8692563153309,15544500
2022-11-15,1384.88037109375,1387.371484345078,1373.7660925391722,1375.2990763123614,10042500
2022-11-16,1380.6646728515625,1391.5873730445824,1377.215429885128,1386.4134501153442,8391000
2022-11-17,1389.09619140625,1394.6532723128375,1382.9641392341816,1390.2459000188771,6872000
2022-11-18,1388.32958984375,1396.952754998059,1383.5389425358005,1389.096140196687,8052000
2022-11-21,1398.294189453125,1409.0251928680927,1393.5035420430204,1394.0783963403999,7903000
2022-11-22,1406.5341796875,1430.104143230483,1401.7435319365206,1411.3248274384791,15829500
2022-11-24,1416.8819580078125,1430.1040749941276,1408.6419507019552,1426.4632530526067,12312500
2022-11-25,1421.48095703125,1424.7386208473488,1411.708082542126,1416.8820054313212,6509000
2022-11-28,1416.306884765625,1426.463150349204,1409.025124447692,1421.672503171727,7962500
2022-11-29,1408.0670166015625,1417.4567319970502,1401.9349647285396,1404.617773972725,9568000
2022-11-30,1398.677490234375,1408.0670891545158,1385.64683547309,1397.1443894677527,19041000
2022-12-01,1403.0848388671875,1412.0912794028804,1388.1380423181467,1393.503544033294,16038000
2022-12-02,1370.1253662109375,1381.8145008732597,1358.8193898319573,1380.0899377206717,15869000
2022-12-05,1353.8367919921875,1364.56779409056,1342.1476605293476,1363.9929398637098,16334000
2022-12-06,1365.33447265625,1369.5502656478632,1342.9142200292204,1344.2556246573465,12092000
2022-12-07,1363.2264404296875,1371.0830540536042,1348.662804620647,1349.620933938644,8646500
2022-12-08,1341.7645263671875,1353.6453551266968,1340.6147008335272,1349.0462869103824,12599000
2022-12-09,1360.9271240234375,1367.0591760297748,1356.7113309591327,1358.6275899011655,10105500
2022-12-12,1351.1541748046875,1353.8369841897213,1337.1655074893945,1338.3153330654807,9748000
2022-12-13,1375.682373046875,1383.3474089920664,1369.3586248247589,1374.1492722905034,10930500
2022-12-14,1378.556640625,1380.4728994432394,1366.292537404606,1375.1072811848442,7707500
2022-12-15,1383.1558837890625,1390.8209206811707,1361.6937570993239,1361.8854531971351,7881000
2022-12-16,1358.4361572265625,1368.4006112319437,1356.9030563403408,1361.5021250806526,17936500
2022-12-19,1345.022216796875,1354.7950907527263,1342.7226826428025,1347.1300548785948,7680500
2022-12-20,1320.302490234375,1353.070473324448,1313.020729209822,1349.81292649498,15572500
2022-12-21,1305.5472412109375,1318.386199980488,1289.6423148064948,1318.386199980488,14007000
2022-12-22,1302.864501953125,1318.9610068966492,1294.2413367107915,1311.8708254166754,10130500
2022-12-23,1290.217041015625,1295.0076880689721,1276.9949253238808,1283.7018311985667,9415000
2022-12-26,1311.1043701171875,1315.5117422200472,1290.4087972730745,1290.4087972730745,6184500
2022-12-27,1301.7147216796875,1319.5359070750835,1300.7565921749976,1318.1946193358524,4447500
2022-12-28,1303.82275390625,1303.82275390625,1292.9000535147109,1297.3074261052127,8415500
2022-12-29,1291.9420166015625,1293.091725373994,1275.2705376462065,1290.6006117276036,7584500
2022-12-30,1282.1689453125,1303.4394919672577,1277.9532687668361,1295.774455398158,8394000
2023-01-04,1255.9163818359375,1259.7489004049098,1206.2852195840705,1218.1660505397222,23071500
2023-01-05,1241.92724609375,1251.7002358706527,1233.3040817395633,1250.7421064979653,15463500
2023-01-06,1256.2994384765625,1260.8985071708864,1232.7294745762974,1237.9033976176179,10706000
2023-01-10,1248.8260498046875,1276.4201100271366,1242.8855765574037,1275.46198049943,14297500
2023-01-11,1258.0240478515625,1267.988618157072,1248.826027938465,1249.2093031346708,10481500
2023-01-12,1248.442626953125,1266.4555067273625,1247.867772696321,1255.1495328538708,9822000
2023-01-13,1241.73583984375,1252.275264410325,1231.9629656656841,1231.9629656656841,10228500
2023-01-16,1221.6151123046875,1231.387986419458,1218.7407238051471,1226.597338920224,7868500
2023-01-17,1237.52001953125,1240.2028288731267,1223.5313524409858,1223.5313524409858,8639000
2023-01-18,1275.4619140625,1276.2284644284052,1239.2446899771928,1242.6939327054365,11252500
2023-01-19,1252.4666748046875,1268.3717160298786,1252.4666748046875,1262.4312437171106,8186000
2023-01-20,1272.9708251953125,1274.887084187616,1242.1191022028947,1244.9934906913497,9584000
2023-01-23,1287.151123046875,1293.4747540079707,1280.6357960208002,1290.791944771549,9809000
2023-01-24,1316.4698486328125,1319.7275121158755,1295.39100098367,1297.8821141321912,10270000
2023-01-25,1325.476318359375,1328.5422858477182,1310.9126803918384,1318.00286178769,9219500
2023-01-26,1325.85986328125,1331.6086412108536,1317.4282755341567,1326.6262968296853,8421000
2023-01-27,1324.326416015625,1328.9254839405378,1313.5954134697026,1313.5954134697026,10250000
2023-01-30,1303.6309814453125,1323.75170105547,1301.5231433174395,1322.2187172389106,24215000
2023-01-31,1299.6068115234375,1319.535833940935,1296.1575688895593,1315.7033161345898,11500500
2023-02-01,1285.043212890625,1305.9304823561426,1278.3363065248927,1305.547207171982,14323000
2023-02-02,1342.7227783203125,1364.9513371555531,1320.3025233990597,1326.0513007142952,33172000
2023-02-03,1323.3685302734375,1338.5070244343908,1316.8533192992275,1326.8178903318058,18983500
2023-02-06,1341.7645263671875,1350.1959954848794,1339.4649922590304,1342.5309597637977,13589000
2023-02-07,1344.638916015625,1353.4536603194178,1342.722657083569,1350.9625470995777,9522500
2023-02-08,1344.8306884765625,1360.1607621370742,1340.6148948280857,1351.7292917993009,8776500
2023-02-09,1349.6212158203125,1354.986717729904,1333.9078683314465,1336.7822568857816,8693500
2023-02-10,1345.9803466796875,1360.9271432468363,1340.6147279988743,1349.429589432235,12057500
2023-02-13,1339.081787109375,1345.4054185181335,1326.0512490939275,1342.3394508530291,8638500
2023-02-14,1332.56640625,1347.896476534341,1327.967338381036,1342.3392792726056,11654000
2023-02-15,1328.1590576171875,1339.4650324285053,1325.667944324962,1339.0817572391245,8069500
2023-02-16,1341.3812255859375,1343.1059053739266,1328.7339636712202,1331.7999311174665,8625500
2023-02-17,1339.081787109375,1345.5971145966835,1325.0931195786861,1329.6921880355121,6947500
2023-02-20,1350.962646484375,1351.3459216908147,1338.5069625096962,1342.9143349858252,6311500
2023-02-21,1341.9561767578125,1357.4779450929773,1340.4231929240007,1352.8788766323723,6886500
2023-02-22,1296.7325439453125,1324.9015758374221,1293.8581553228355,1320.6857824659546,12461500
2023-02-24,1311.4876708984375,1311.8708291207363,1278.7195727095511,1285.0432038466176,12179500
2023-02-27,1319.1527099609375,1324.134936454815,1304.972346925802,1304.972346925802,7862500
2023-02-28,1320.302490234375,1332.3748989012875,1313.787162657097,1325.0931378767348,13314500
2023-03-01,1337.3570556640625,1337.548634759306,1316.6613671749617,1321.8352892972368,9206500
2023-03-02,1334.67431640625,1349.4295332457896,1329.5003940132738,1343.297481408157,7926000
2023-03-03,1353.8367919921875,1363.0348104992427,1332.3746708362914,1334.6742047028429,13438000
2023-03-06,1374.3409423828125,1377.4069099192604,1366.6759065825281,1370.1251493008233,8895500
2023-03-07,1379.3231201171875,1381.6226541678286,1364.7595993950604,1367.2507125502716,10945000
2023-03-08,1379.5146484375,1380.6643568434406,1370.3165133533914,1379.1313733158045,9067000
2023-03-09,1377.406982421875,1399.8272367096752,1374.1493186434475,1390.4375205764143,10153500
2023-03-10,1350.962646484375,1367.0592694814745,1345.7887235953663,1348.6631122049075,18448500
2023-03-13,1319.919189453125,1332.183293963575,1304.3975381763335,1328.9256302380645,11191500
2023-03-14,1279.1029052734375,1305.7389526313386,1263.0062826031826,1303.8226935972211,16856000
2023-03-15,1297.4989013671875,1305.7389085027503,1280.635845828689,1294.4329337998843,13410500
2023-03-16,1269.90478515625,1273.5456068584547,1245.951549118744,1255.9161187021787,16579000
2023-03-17,1311.6790771484375,1315.8948696706202,1299.2233956269401,1302.6726378872174,20446500
2023-03-20,1299.7984619140625,1322.9852660895654,1296.540798208179,1322.9852660895654,12904500
2023-03-22,1316.853271484375,1330.2670851290895,1315.128591517814,1325.0931621885793,14064500
2023-03-23,1315.12841796875,1318.3860813872652,1287.9175190599137,1298.6486387350722,9167000
2023-03-24,1312.44580078125,1318.0028815571209,1306.1220526830498,1313.595509366833,9176500
2023-03-27,1339.465087890625,1339.8483630958758,1316.4699790856357,1318.9610924810086,10088000
2023-03-28,1367.634033203125,1374.3409395143756,1345.4053592531961,1346.1719096152904,12375500
2023-03-29,1390.05419921875,1390.05419921875,1361.501895926564,1368.4003809167725,16572000
2023-03-30,1402.2529296875,1416.775018606838,1392.765117654441,1409.6107644370857,12703000
2023-03-31,1404.1890869140625,1442.140095405908,1399.1546922816,1423.1645911599853,18423000
2023-04-03,1424.9073486328125,1426.26264899346,1408.8361430656932,1415.419537021939,13429500
2023-04-04,1440.9783935546875,1454.5323422101958,1425.2944677732528,1427.0371655870968,21089000
2023-04-05,1389.473388671875,1418.3239852692293,1388.311668857389,1418.3239852692293,17745000
2023-04-06,1388.5052490234375,1395.8632017832122,1353.845935182811,1361.7846296685982,19893000
2023-04-07,1393.7332763671875,1403.6083678787952,1388.5053006470498,1396.0568342629224,12117000
2023-04-10,1413.483154296875,1416.1939911802747,1401.6719039785944,1406.5125997124878,9566000
2023-04-11,1413.483154296875,1422.1964066178832,1408.448878006045,1417.7429901789108,11809500
2023-04-12,1424.52001953125,1428.0052969588032,1413.4832091931205,1417.355765930636,12978000
2023-04-13,1414.451416015625,1426.0690867837206,1412.3215569805643,1425.100947553046,11501500
2023-04-14,1434.2015380859375,1435.5569567000289,1418.1304498415875,1428.392702466457,13889000
2023-04-17,1452.2088623046875,1464.407393111835,1443.882888463686,1458.0176977539063,14523000
2023-04-18,1470.409912109375,1477.1868867300352,1457.630403344638,1461.8902395995503,14450500
2023-04-19,1481.6402587890625,1488.8045125220658,1475.4441442583284,1479.5102816354372,10445500
2023-04-20,1487.642578125,1493.4514129620213,1475.8313278954752,1489.966135696018,10072000
2023-04-21,1496.3560791015625,1505.8438915181598,1486.4811055096484,1488.804663466883,17283000
2023-04-24,1505.6500244140625,1524.044669065582,1505.2628632820313,1511.0716984351427,13049500
2023-04-25,1494.22607421875,1510.1035808338088,1484.544682158477,1503.520186960401,10862000
2023-04-26,1468.8607177734375,1475.0568321664982,1454.1450494983385,1470.7969961349531,17444000
2023-04-27,1480.478515625,1481.0594937284027,1451.434337697376,1452.2088963812043,15769000
2023-04-28,1449.304443359375,1452.9834197465389,1410.7724543062543,1428.9735193042336,34143500
2023-05-01,1506.4246826171875,1506.4246826171875,1469.828971461132,1470.9908094771856,18183000
2023-05-02,1497.71142578125,1515.1379323514261,1492.096170836213,1510.2972360819329,12187500
2023-05-08,1512.6207275390625,1529.6599540236207,1510.1035892256145,1526.7555363893987,14939500
2023-05-09,1529.0792236328125,1538.5669177994967,1522.10854981169,1525.593945812784,17436500
2023-05-10,1510.8779296875,1527.7235744872573,1499.8411197717246,1526.755435339927,11537000
2023-05-11,1513.008056640625,1515.1379157033753,1502.9393848744992,1509.5226608200378,7977000
2023-05-12,1519.5911865234375,1526.7554398711543,1512.4269331757207,1525.206440867038,10749000
2023-05-15,1543.2138671875,1543.2138671875,1518.2358288401492,1525.7873617863863,10247500
2023-05-16,1563.9320068359375,1563.9320068359375,1539.1476682275559,1543.2138053858896,14063000
2023-05-17,1568.192138671875,1570.5155785259308,1559.285185900734,1562.576883268741,11215000
2023-05-18,1604.20654296875,1613.3070744528206,1581.3584830720308,1581.7457623613407,16625000
2023-05-19,1607.3046875,1608.2728267210412,1592.5890186125982,1606.3365482789588,12512500
2023-05-22,1598.978759765625,1599.3660391013773,1580.196834701709,1587.9419486925146,11879000
2023-05-23,1583.1011962890625,1600.7214009017198,1573.4198041439947,1595.4934255071719,12055000
2023-05-24,1565.6746826171875,1569.9345187759775,1551.3462932226018,1557.5424078007457,15221500
2023-05-25,1560.0595703125,1561.6085694358032,1535.4688103689919,1543.2139241665657,21885000
2023-05-26,1584.0694580078125,1592.3955504413154,1560.4469538918424,1564.5130916348037,15386500
2023-05-29,1574.000732421875,1605.5620461800993,1570.9026161248325,1602.2703493187023,10721000
2023-05-30,1578.8414306640625,1584.262986465547,1560.6403667079508,1572.258036931583,9854500
2023-05-31,1557.929443359375,1574.96878662104,1549.9907497523623,1574.96878662104,42498000
2023-06-01,1556.18701171875,1568.7728216260991,1548.8291772552805,1554.8315931694392,12264000
2023-06-02,1606.5301513671875,1609.240870116052,1561.0276106878118,1568.385444693373,16054500
2023-06-05,1656.0989990234375,1656.6798589448047,1631.121076956149,1635.574493928047,17751000
2023-06-06,1668.2974853515625,1670.6210431557745,1637.704309109108,1644.8685630966531,12470000
2023-06-07,1646.4176025390625,1688.2412894954311,1636.542629355773,1680.3024766518079,17372000
2023-06-08,1640.9959716796875,1664.8121727651992,1628.6037424382384,1656.4861991409707,13823000
2023-06-09,1677.9788818359375,1682.2387181239362,1652.6136810454493,1670.0401873482133,21288500
2023-06-12,1681.4642333984375,1688.4347884637093,1670.0401434059052,1686.3049294662808,12807500
2023-06-13,1691.7264404296875,1703.3441106835055,1675.8489341132588,1684.36860623848,16400000
2023-06-14,1728.70947265625,1750.5893967217676,1715.3492215169294,1719.9962191467114,17273500
2023-06-15,1724.8369140625,1738.0035846071933,1709.927545544967,1724.8369140625,13388500
2023-06-16,1722.31982421875,1723.2879635241006,1703.1506187003806,1720.3835456080487,15902500
2023-06-19,1708.37841796875,1726.192202981778,1700.6333043266557,1725.6113430948321,10089000
2023-06-20,1693.662841796875,1698.3098393272292,1681.4643107807353,1691.339283941167,11083500
2023-06-21,1709.540283203125,1713.219141333191,1679.1406880366021,1691.532799153063,9331000
2023-06-22,1729.0966796875,1738.7780720709686,1707.6040358686234,1709.3466155890121,11219000
2023-06-23,1684.562255859375,1743.2314694099898,1679.1406998215564,1740.7143310546876,11961000
2023-06-26,1683.0133056640625,1697.1481151603898,1661.907822618394,1667.1357982351346,8482000
2023-06-27,1687.079345703125,1702.5695728977937,1673.9126762238677,1686.8857651356136,9823500
2023-06-28,1725.9986572265625,1725.9986572265625,1690.5646670544327,1713.606427876838,12418000
2023-06-29,1731.032958984375,1736.0672357537403,1717.4790096410968,1724.8368442198073,12850500
2023-06-30,1722.51318359375,1728.128438116072,1703.9249585906368,1723.287742210985,14838500
2023-07-03,1752.5257568359375,1755.2365942152617,1726.966973230058,1728.903251877841,12998500
2023-07-04,1739.165283203125,1749.0402557746033,1725.4176356490623,1737.616284118724,11542000
2023-07-05,1741.1015625,1741.1015625,1715.7362445282938,1722.9004982510216,11320500
2023-07-06,1735.68017578125,1752.7194037412858,1729.0967813011819,1738.5845936669743,12754000
2023-07-07,1708.7657470703125,1728.7093916435333,1697.1480762687013,1715.7363022788556,12206500
2023-07-10,1712.0572509765625,1726.5793378404537,1702.569440286402,1708.7655543178714,11768500
2023-07-11,1711.2828369140625,1731.420179671575,1705.6677004278147,1731.420179671575,9263500
2023-07-12,1686.8857421875,1707.0229663579928,1676.4297917009178,1704.505828109313,11354500
2023-07-13,1709.153076171875,1718.0599101067278,1689.4030115977857,1694.824567826873,8496500
2023-07-14,1711.6700439453125,1734.905383908371,1695.4052586987514,1729.0965489176065,10096500
2023-07-18,1695.211669921875,1706.8293398470962,1686.498417477959,1693.468972160672,11574000
2023-07-19,1742.6507568359375,1744.1997560946893,1713.800158144782,1714.3811362752483,14177000
2023-07-20,1715.929931640625,1748.072105619471,1713.799954504499,1742.4569692010746,8196000
2023-07-21,1709.9273681640625,1722.5131774725633,1702.1822547434465,1715.929901973671,8204500
2023-07-24,1717.8663330078125,1724.2560285115078,1711.282938742755,1722.3197499842631,7856500
2023-07-25,1720.5770263671875,1728.1285597832023,1715.5427495438848,1717.8663073781247,6969000
2023-07-26,1713.6063232421875,1737.616221823312,1711.282765608361,1737.616221823312,6423500
2023-07-27,1719.415283203125,1723.0942595724923,1704.893194662558,1713.2191684562713,6332500
2023-07-28,1686.49853515625,1702.56962270465,1659.197056199393,1690.3710920682047,15779000
2023-07-31,1800.3515625,1800.3515625,1725.2239871449376,1728.9029632339407,24423000
2023-08-01,1856.6973876953125,1856.6973876953125,1803.4497321925182,1807.3222889563576,23460000
2023-08-02,1816.4227294921875,1865.216969069629,1816.0355683549585,1837.7217920062164,19424000
2023-08-03,1760.270751953125,1791.4449069752054,1754.2683358248246,1790.8640470565088,14892000
2023-08-04,1774.9864501953125,1777.5035885036052,1736.4544623877903,1749.4275514302913,9404500
2023-08-07,1790.6702880859375,1801.707098894312,1755.6236953906152,1758.5281130675003,8724500
2023-08-08,1770.7265625,1794.1554834137464,1770.3392831912909,1789.1212069436851,9105000
2023-08-09,1764.9178466796875,1772.469380076139,1746.7167815698647,1755.0428736360761,8073000
2023-08-10,1785.635986328125,1787.5722647522107,1752.331973797638,1760.2706680639674,11389000
2023-08-14,1789.7022705078125,1810.8077543334898,1780.7954362990504,1796.8665249006337,9074500
2023-08-15,1810.42041015625,1816.4228262757872,1798.9963196539625,1807.5159923859458,8214500
2023-08-16,1796.6727294921875,1814.6800945235534,1794.93003170355,1802.675145108959,6906000
2023-08-17,1782.3443603515625,1790.4767536928007,1759.109018337202,1777.5036640985707,7542000
2023-08-18,1766.85400390625,1780.9888123012895,1756.5917522321008,1759.6897503363923,9013000
2023-08-21,1775.95458984375,1787.1849810396404,1764.3369193277827,1775.95458984375,6569500
2023-08-22,1811.9693603515625,1812.1630591063172,1794.542854200793,1798.9962710253335,9404000
2023-08-23,1808.6776123046875,1809.8394502572626,1792.4129445981318,1795.5109427762218,7368500
2023-08-24,1827.0723876953125,1829.7832249305982,1810.4204394815972,1818.1655536611975,7755000
2023-08-25,1807.70947265625,1812.1630075351086,1800.1580577811192,1803.8369158440635,6439500
2023-08-28,1841.981689453125,1841.981689453125,1811.5820937623537,1816.2292093743279,7666000
2023-08-29,1829.9765625,1843.1433494016815,1824.7487056678565,1838.3026536822538,7152500
2023-08-30,1846.0478515625,1853.0184064459884,1838.1090393096376,1843.5305951280234,11154500
2023-08-31,1877.0283203125,1885.7415730757355,1847.2095858058951,1847.4031663726564,16530000
2023-09-01,1920.594482421875,1921.3689228289632,1886.5159136216942,1889.6140297931913,14649000
2023-09-04,1944.99169921875,1944.99169921875,1910.3322677591536,1934.1485871923926,12734000
2023-09-05,1944.99169921875,1948.8642561111715,1925.0480548589903,1944.0235599956445,10937000
2023-09-06,1963.3863525390625,1969.195187901604,1945.9598464514377,1950.800542586889,10216000
2023-09-07,1941.1192626953125,1960.4820483581086,1935.6977063459424,1950.8006555267104,11082000
2023-09-08,1911.3004150390625,1931.4377582369639,1906.2661383301163,1918.4646689564538,15801500
2023-09-11,1939.1827392578125,1941.1190175795878,1921.9498149215938,1928.3396279282917,11267000
2023-09-12,1932.2122802734375,1950.8005058107253,1914.2047964441863,1945.95980976653,10089000
2023-09-13,1881.2882080078125,1914.204943639517,1880.7073480740542,1908.2025273555732,16864500
2023-09-14,1903.168212890625,1913.6240460356435,1882.2563102384636,1892.5186809841239,13722000
2023-09-15,1935.5037841796875,1948.8641520173535,1922.724394389699,1925.8223924657414,17855500
2023-09-19,1926.0162353515625,1942.0873231632618,1912.2685871802553,1940.1510446755617,15022500
2023-09-20,1914.3984375,1929.1141057584425,1908.783182985539,1926.9842468356069,11939000
2023-09-21,1918.077392578125,1938.2147358069844,1914.5921149911073,1921.949949492824,9830500
2023-09-22,1896.0037841796875,1906.0724552370846,1883.22427615955,1893.2929472169471,11670000
2023-09-25,1894.842041015625,1921.9499392743953,1892.1313220983825,1916.5283832588527,9259500
2023-09-26,1887.677978515625,1901.4255087504591,1881.6754441883254,1899.2956496485199,12713500
2023-09-27,1902.3935546875,1905.1043917579507,1876.8346558127391,1885.547908734972,13971000
2023-09-28,1883.26220703125,1910.7878116804193,1862.56909196019,1909.0309266407594,13868000
2023-09-29,1810.6412353515625,1887.7521019783946,1807.3225159956037,1885.2142998183915,22051000
2023-10-02,1815.1312255859375,1847.732552777392,1813.3743406081112,1819.816490495947,13087000
2023-10-03,1771.597900390625,1801.8565973118973,1764.7652914084022,1800.0995930559707,14428500
2023-10-04,1693.9012451171875,1742.5103016776684,1688.2398933864713,1742.3151319564302,18688000
2023-10-05,1733.5303955078125,1741.9247193134702,1697.0247203307226,1717.5225459532812,15390000
2023-10-06,1712.447021484375,1746.8052355187167,1699.9530604803,1745.243520181018,10608500
2023-10-10,1737.434814453125,1748.952688411682,1720.8413358881232,1747.1956841972437,14217500
2023-10-11,1739.7774658203125,1756.7614031888393,1728.2595917373046,1733.5304852863294,10433500
2023-10-12,1821.9638671875,1828.6013060721039,1775.1116938408527,1795.9999782881473,17164000
2023-10-13,1776.478271484375,1801.6613627736058,1769.6456627478967,1794.047836806748,11558500
2023-10-16,1763.20361328125,1766.522332972955,1739.5822359530823,1756.9566325353194,9487000
2023-10-17,1768.669677734375,1805.175356060908,1755.9805464923513,1799.9044623301254,9379500
2023-10-18,1756.1756591796875,1770.6217942463848,1739.9726390273065,1762.0321811011197,10216500
2023-10-19,1724.94091796875,1754.6139869297876,1724.1601198507929,1733.530531325003,9388000
2023-10-20,1708.1522216796875,1714.0087435825892,1692.729999674882,1705.809589088278,10361000
2023-10-23,1700.5386962890625,1720.841353221831,1683.1644194602686,1685.5070520527024,9449000
2023-10-24,1721.0364990234375,1728.0643967030005,1671.2560635193083,1718.6939856148247,12756000
2023-10-25,1713.8134765625,1746.805143252011,1706.980868063631,1737.0442739679124,9591500
2023-10-26,1699.367431640625,1723.7696061328797,1685.5070441895214,1702.6861512018202,10717500
2023-10-27,1734.3114013671875,1743.0961842258998,1705.8095899348411,1713.4231160728893,12760000
2023-10-30,1834.0673828125,1834.4578414235489,1792.8765610984947,1812.5934698684473,22981500
2023-10-31,1850.075439453125,1855.1510445103822,1810.2510396994442,1841.6811145578524,16717500
2023-11-01,1882.2861328125,1907.664393979031,1878.381784940726,1879.3578719086695,16556000
2023-11-02,1863.740478515625,1913.325624945702,1861.2026762318153,1911.568739895945,14159000
2023-11-06,1892.8277587890625,1910.7877824329817,1872.720391523569,1877.7961151355673,17119500
2023-11-07,1875.843994140625,1901.807883816658,1874.282159661359,1885.4095749942994,9491500
2023-11-08,1877.21044921875,1911.5687827156055,1877.21044921875,1892.4375015651797,12863500
2023-11-09,1910.007080078125,1912.3495935458673,1876.8201222376715,1890.094881543604,8854500
2023-11-10,1932.0665283203125,1934.4091608252982,1916.839595764764,1916.839595764764,10545000
2023-11-13,1962.910888671875,1975.6000192301717,1952.1739320456243,1954.1261059776698,10956000
2023-11-14,1942.6082763671875,1969.74354230121,1942.4131066300338,1964.8631073599286,8754000
2023-11-15,1959.006591796875,1978.5283316254438,1948.4648046289503,1968.7674617111595,9110500
2023-11-16,1960.958740234375,1963.887001170514,1940.4609136814024,1946.512605288926,6211500
2023-11-17,2030.2608642578125,2031.2369512117825,1961.9347774799053,1968.7673861576961,14233000
2023-11-20,1994.1456298828125,2032.2130207616326,1994.1456298828125,2030.2608468704111,7444000
2023-11-21,1995.121826171875,2015.619653153093,1985.360956180819,2014.6435661539874,7669000
2023-11-22,2013.6676025390625,2024.4045601871137,1990.2415131251325,1995.1219484197013,5482000
2023-11-24,2035.141357421875,2042.9500532776904,2008.7870089084981,2030.2609225119904,6107500
2023-11-27,2027.3328857421875,2041.9741920908311,2006.8350568540866,2035.1415824614642,7203500
2023-11-28,1988.2891845703125,2026.3565769111285,1979.504401722432,2026.3565769111285,9258000
2023-11-29,1953.1500244140625,1979.5043725695746,1943.1939849935877,1971.695676819793,16409500
2023-11-30,2007.8109130859375,2019.5239568180868,1958.0304772243028,1964.8630860680564,20323000
2023-12-01,2040.9979248046875,2051.7348818457453,2023.4283587375023,2042.9500988121524,12774500
2023-12-04,2029.2847900390625,2039.04565964002,2004.8826160366687,2020.5000073982008,8895000
2023-12-05,1985.36083984375,2015.6195350429418,1983.408665959931,2006.834752565757,10564500
2023-12-06,2029.2847900390625,2036.1173987597326,1984.384789874658,1986.3369637948495,9484000
2023-12-07,1973.6478271484375,2013.6673923873525,1967.7913054061573,2013.6673923873525,9656000
2023-12-08,1926.2100830078125,1959.9826689107874,1915.2778372681616,1944.7557357514902,16584000
2023-12-11,1936.361328125,1961.9347584099478,1913.7160395222616,1915.4730436828254,11502000
2023-12-12,1954.126220703125,1974.6240481930179,1952.1740466564686,1965.839264983064,7941000
2023-12-13,1960.958740234375,1969.7435230427918,1953.1500444046712,1957.0543923195232,5816000
2023-12-14,1935.18994140625,1975.5999645105776,1924.8434436832306,1971.6956167546277,8427000
2023-12-15,1924.6483154296875,1935.3852719899173,1908.6404654550968,1912.349524412432,13456500
2023-12-18,1923.2818603515625,1928.9430934953173,1896.537052558319,1919.9631407010877,9535500
2023-12-19,1940.2657470703125,1951.5883322113657,1910.3973901526083,1943.5843474822861,9607500
2023-12-20,1939.0943603515625,1960.9587324178285,1930.7000361983398,1959.9826454430063,10539000
2023-12-21,1964.863037109375,1968.7673849228065,1919.5725786433225,1920.7439544780955,9219000
2023-12-22,1952.1739501953125,1984.3848203735351,1949.2456892700195,1971.6956896972656,7902000
2023-12-25,1965.8392333984375,1977.552277490186,1960.9587983602091,1967.7914074137288,3410500
2023-12-26,1959.006591796875,1968.7674617111595,1951.5883544922679,1963.8870267540174,5794500
2023-12-27,1991.21728515625,1995.1216327742036,1971.695547066483,1972.6716339709712,7919000
2023-12-28,1985.36083984375,1995.121709262844,1976.5760573665652,1988.289100669478,4299000
2023-12-29,1985.36083984375,2006.834752565757,1971.6956226570182,1985.36083984375,6929500
2024-01-04,1985.36083984375,2029.2847522296736,1975.5999704246558,2028.3086652877641,10070500
2024-01-05,2000.002197265625,2005.858719073138,1982.4326318430867,1985.360892746843,8975500
2024-01-09,2078.08935546875,2130.7980568286903,2063.4480495354333,2099.5632708376143,17534500
2024-01-10,2069.304443359375,2086.874009387898,2043.926181318175,2063.447921349867,12080500
2024-01-11,2156.17578125,2172.7692571582165,2134.7018712511317,2147.3909998868266,19176500
2024-01-12,2147.391357421875,2165.937010054155,2134.702226673473,2164.9609230735086,13199000
2024-01-15,2201.076171875,2204.0044328575386,2167.8892140728935,2167.8892140728935,2692500
2024-01-16,2167.88916015625,2208.8848128922077,2164.9608992465387,2167.88916015625,14023500
2024-01-17,2181.554443359375,2231.334880321938,2181.554443359375,2188.3870523542364,14949000
2024-01-18,2164.960693359375,2195.219386548798,2163.0085196052187,2170.817214621844,7888500
2024-01-19,2186.43505859375,2205.956800188337,2157.1524462018697,2205.956800188337,9484500
2024-01-22,2230.35888671875,2230.35888671875,2200.1001884744255,2217.6697551969364,7799500
2024-01-23,2230.35888671875,2285.9958480067016,2220.5980163173554,2252.8088886419587,11943500
2024-01-24,2222.550048828125,2230.3587446518513,2201.0761353128773,2211.813092070501,9261000
2024-01-25,2222.550048828125,2234.2630925637145,2199.123961356946,2228.40657069592,8479000
2024-01-26,2180.578369140625,2220.597936345086,2177.6501081256647,2220.597936345086,9120500
2024-01-29,2222.550048828125,2227.4304837179543,2180.578308775596,2181.5543957535615,7392000
2024-01-30,2213.765380859375,2227.4305992597415,2210.837119773582,2218.645816002363,6949000
2024-01-31,2279.1630859375,2282.091346861617,2232.310911151633,2244.0239548480995,14637500
2024-02-01,2300.63671875,2322.1106295741406,2248.9041154009333,2314.3019347289987,17231000
2024-02-02,2335.776123046875,2349.4413406493222,2311.3739487567905,2342.6087318480986,11656000
2024-02-05,2328.943359375,2357.249879669164,2311.3737950544846,2345.5368367888204,8362500
2024-02-06,2309.421875,2327.967528265004,2292.828395762891,2300.637091874472,10320500
2024-02-07,2287.94775390625,2325.039057083911,2283.0673192776103,2293.8042754606176,10269500
2024-02-08,2341.63232421875,2349.441018922272,2311.373632242601,2327.967108487586,12826500
2024-02-09,2358.226318359375,2367.0111018300845,2334.8002291041494,2360.1784924639774,13166500
2024-02-13,2411.9111328125,2417.767655190839,2362.130692596621,2377.748085605524,13741000
2024-02-14,2347.4892578125,2359.2023019263256,2325.039256594335,2328.9436046322767,13785000
2024-02-15,2367.9873046875,2378.724262787897,2340.65686588649,2363.1068691873197,12210500
2024-02-16,2375.7958984375,2396.2937266491626,2355.298070225837,2394.3415525337664,12500000
2024-02-19,2378.72412109375,2378.72412109375,2340.656726459915,2344.5610746274874,8043500
2024-02-20,2394.341552734375,2406.054597427735,2374.8198115787745,2390.437204503255,10202000
2024-02-21,2431.432861328125,2435.3372095598843,2401.17416253199,2412.8872072272684,13295000
2024-02-22,2515.376220703125,2515.376220703125,2459.739261223079,2471.4523053241414,16663000
2024-02-26,2481.213134765625,2515.376179500793,2481.213134765625,2511.4718315310593,11332000
2024-02-27,2499.759033203125,2527.089471676256,2494.878597761495,2509.519904086386,10693000
2024-02-28,2483.1650390625,2506.5911243366745,2456.8106931290536,2483.1650390625,9381000
2024-02-29,2472.42822265625,2489.0217006606545,2448.026049120361,2457.7869185347167,12029500
2024-03-01,2526.11328125,2526.11328125,2452.9067526202666,2452.9067526202666,8820000
2024-03-04,2569.06103515625,2583.702340447794,2539.778424573162,2572.965383233995,13393000
2024-03-05,2598.343505859375,2602.247853726932,2536.850026945348,2543.682635713573,10003500
2024-03-06,2553.44384765625,2581.75037349036,2546.6112379721544,2575.893850903992,14892500
2024-03-07,2542.706298828125,2564.1802099890533,2534.8976038605147,2547.5867331828813,10353000
2024-03-08,2536.849853515625,2559.299852219303,2521.2324631130664,2526.1128976138657,12658000
2024-03-11,2437.2890625,2501.710799834802,2409.9586284791753,2499.7586259761715,13382500
2024-03-12,2408.006591796875,2408.006591796875,2356.2739815961313,2382.628330188963,14173500
2024-03-13,2403.126220703125,2449.0023102128926,2388.4849155404336,2438.265353093585,10020000
2024-03-14,2431.432861328125,2436.313296617824,2380.676334315254,2382.6285084311335,10797500
2024-03-15,2431.432861328125,2464.6198212980794,2412.8872072272684,2412.8872072272684,14251500
2024-03-18,2479.260986328125,2486.0935953455646,2442.1696802334523,2442.1696802334523,13049500
2024-03-19,2551.4912109375,2557.3477324622227,2486.093387244764,2486.093387244764,18554000
2024-03-21,2671.550048828125,2690.0957013409984,2586.6304820586524,2610.0565694433344,27669000
2024-03-22,2690.095947265625,2699.856817901567,2646.172029403886,2679.358989566089,14823500
2024-03-25,2696.92822265625,2730.1151787077565,2635.434745266694,2638.363006094768,14334500
2024-03-26,2694.0,2717.426086956522,2671.55,2684.2391304347825,9969500
2024-03-27,2736.947998046875,2760.3740864752363,2688.1436471544557,2694.000169261546,15838500
2024-03-28,2704.505615234375,2729.083092653808,2650.435164911623,2674.029543234278,18509500
2024-03-29,2739.89697265625,2750.7110618917072,2695.6575166930165,2704.5054078856633,6059000
2024-04-01,2632.739501953125,2765.4578861068485,2627.8240062437276,2749.7282998367778,13612000
2024-04-02,2659.282958984375,2677.961841136206,2605.212510650127,2639.6209777719214,12849000
2024-04-03,2658.2998046875,2676.9786864512066,2619.9589421198916,2643.5533190845736,13023500
2024-04-04,2720.235107421875,2751.694277439042,2708.4379186654373,2717.2858102327655,12380500
2024-04-05,2726.1337890625,2747.761969141611,2675.0126361482376,2690.7422216603186,12411000
2024-04-08,2733.015380859375,2774.305541289624,2706.4717062970717,2728.0998855700595,13505500
2024-04-09,2802.815673828125,2802.815673828125,2758.5762121226653,2776.271996804849,10299500
2024-04-10,2777.2548828125,2795.933765210177,2747.761910605642,2754.643604120575,8350500
2024-04-11,2859.835205078125,2870.649294887633,2762.508396792551,2768.406991234101,13536500
2024-04-12,2871.632568359375,2882.4466588256373,2840.1733960938836,2881.463559692341,12294000
2024-04-15,2876.548095703125,2878.5142939913703,2824.44384106462,2843.122724802952,10480000
2024-04-16,2762.50830078125,2864.750600881339,2740.8801219139236,2843.1224220140125,16863500
2024-04-17,2729.0830078125,2767.4238713948803,2712.3703236868473,2749.7280882030122,12233500
2024-04-18,2704.505615234375,2737.9309845248035,2656.333759492287,2674.029543234278,13497000
2024-04-19,2620.942138671875,2712.3703528115916,2568.837887603004,2679.9280832781437,21036000
2024-04-22,2614.060546875,2673.0464937770307,2588.4999698841198,2647.485916786151,13709000
2024-04-23,2598.330810546875,2654.3674568583283,2584.567423733535,2637.654772870702,10570500
2024-04-24,2695.65771484375,2722.2013903728457,2616.026688256462,2620.942183724813,16611500
2024-04-25,2602.26318359375,2685.8266027873537,2588.4997969030387,2636.671650320528,13316000
2024-04-26,2649.4521484375,2654.3676440746754,2606.195786830357,2615.0436789772725,14281000
2024-04-30,2874.58154296875,3010.2492081293817,2850.9871664190746,2850.9871664190746,44144000
2024-05-01,2849.021240234375,2892.2776013697485,2839.1902490672446,2869.6663216853485,16778500
2024-05-02,2842.139404296875,2863.7675837830498,2816.5788285404865,2863.7675837830498,12984500
2024-05-07,2884.41259765625,2966.9929174255494,2871.632310072906,2966.9929174255494,17135000
2024-05-08,2791.018310546875,2874.581733018338,2789.0521123710755,2866.7169403151415,14873500
2024-05-09,2785.11962890625,2829.359086478005,2785.11962890625,2811.663303449303,11457500
2024-05-10,2841.15625,2855.9027357266436,2792.0012975778545,2801.8322880622836,10099000
2024-05-13,2810.680419921875,2873.5987644042116,2803.798725994119,2856.8860791510906,8419500
2024-05-14,2851.970458984375,2888.3451253002736,2821.4943872061895,2831.325378102378,13442500
2024-05-15,2826.409912109375,2879.497263502038,2816.578921110734,2852.953587805707,8633000
2024-05-16,2813.62939453125,2860.8181474793632,2794.950513155955,2848.0378602225824,10907000
2024-05-17,2840.17333984375,2850.0043309820117,2783.153591241833,2822.477555794879,8554500
2024-05-20,2863.767822265625,2889.3284001505913,2836.2410460818155,2839.1903435300806,9722000
2024-05-21,2936.516845703125,2944.3816380585404,2885.395695392927,2890.311190615061,11858000
2024-05-22,2912.922607421875,2967.9761565327844,2901.12541832668,2949.2972737987257,12552500
2024-05-23,2979.7734375,2980.756536621577,2894.243813922798,2941.4325717584957,12644000
2024-05-24,3063.336669921875,3066.2859671008755,2939.4661884038533,2941.432386523187,19091000
2024-05-27,3124.288818359375,3129.2043136683105,3074.1507662082336,3082.01555870253,14613500
2024-05-28,3135.10302734375,3136.0861264429486,3095.779063375813,3109.542450764591,12067000
2024-05-29,3117.4072265625,3185.24106403737,3105.6100374364355,3137.069208439274,16228500
2024-05-30,3086.930908203125,3088.897106233828,3014.181581067128,3058.421036757937,14792500
2024-05-31,3174.4267578125,3174.4267578125,3084.9647463659417,3106.5929249574174,28920500
2024-06-03,3257.00732421875,3257.00732421875,3200.9706754169183,3203.919972722278,14497500
2024-06-04,3256.024169921875,3291.4157369862432,3220.6326028575068,3256.024169921875,18538000
2024-06-05,3138.05224609375,3234.395955403646,3101.6775803338915,3234.395955403646,18595000
2024-06-06,3206.869384765625,3228.497565778759,3172.4609149720027,3195.072195122097,12868000
2024-06-07,3214.734130859375,3243.244005414397,3188.190454549527,3206.8693378786793,12295000
2024-06-10,3372.02978515625,3373.995983281706,3234.3959163743625,3244.22690700164,18088000
2024-06-11,3354.333984375,3409.3875315980367,3348.4353900296746,3389.725550446952,14846000
2024-06-12,3350.401611328125,3358.26640384298,3292.3987665310715,3303.2128562389967,17726500
2024-06-13,3325.82421875,3403.4890467964824,3303.2129396984924,3369.080578674623,15319000
2024-06-14,3378.911865234375,3396.607650388352,3303.213228742363,3303.213228742363,17232500
2024-06-17,3288.46630859375,3351.3846475324644,3283.550813364163,3344.5029542110424,12627000
2024-06-18,3275.686279296875,3295.3482617656437,3234.3961161124607,3283.5510722843824,15096500
2024-06-19,3336.638427734375,3372.029996207692,3272.736984657553,3276.669381154588,13557000
2024-06-20,3350.401611328125,3356.300205714266,3285.5170730805735,3327.790332847918,10973000
2024-06-21,3297.314208984375,3374.9790338233033,3269.787435623742,3352.367755705641,16582000
2024-06-24,3293.3818359375,3329.756500991138,3257.9902699393656,3297.314232159515,12265000
2024-06-25,3445.76220703125,3463.457990120141,3330.7396169534595,3342.536805679387,24056500
2024-06-26,3464.441162109375,3482.1369455707736,3393.6580282637806,3426.1002979430114,17215000
2024-06-27,3592.243896484375,3610.922778266861,3445.762139348039,3450.6776345539565,20194200
2024-06-28,3540.139892578125,3610.9230284475016,3525.3934059386715,3585.362451605782,20068600
2024-07-01,3655.162353515625,3655.162353515625,3580.4468239655475,3597.159508207012,16602400
2024-07-02,3682.68896484375,3695.4692522284186,3629.601617245896,3666.959380370312,18557000
2024-07-03,3624.6865234375,3688.5879674362623,3570.6160708231623,3637.4668122372523,20494800
2024-07-04,3662.044189453125,3675.807577010801,3594.2103507760066,3622.7202250026216,12995000
2024-07-05,3646.314453125,3695.4694066586344,3607.9735893687653,3666.9595336091265,12872000
2024-07-08,3584.379150390625,3621.736914437483,3529.3256033742027,3588.3115466060835,19977300
2024-07-09,3769.201904296875,3797.7117778557194,3692.520175414466,3696.45257176741,23859000
2024-07-10,3753.472412109375,3765.269601461212,3688.5878706742733,3700.3850600261103,19237000
2024-07-11,3715.13134765625,3826.2215414337456,3682.6890786769814,3815.4074517739896,16277700
2024-07-12,3638.44970703125,3670.8919767778134,3588.3116537865612,3646.3144996970836,15131500
2024-07-16,3722.01318359375,3761.3371474985966,3643.3652557840564,3648.2807512721624,11725900
2024-07-17,3742.658203125,3789.8469590351656,3710.215933436761,3755.438491184003,11499700
2024-07-18,3601.092041015625,3668.9258796260747,3589.2948516920683,3605.02443745681,16082700
2024-07-19,3570.61572265625,3616.8213776575835,3503.7649877607037,3530.308661910406,15164000
2024-07-22,3402.505859375,3586.3453842819995,3392.6748687382624,3570.615799263219,19852100
2024-07-23,3392.6748046875,3441.8297569431866,3347.4522486122682,3421.1846769957983,16475500
2024-07-24,3340.570556640625,3397.5903012801646,3332.7057642765503,3342.5367547316437,11896100
2024-07-25,3025.978759765625,3187.2069977778283,3023.0294627288163,3134.119651115274,30390000
2024-07-26,3080.049560546875,3146.900301088588,2960.1114672220365,2980.7565488599184,25546400
2024-07-29,3179.34228515625,3210.801454335285,3110.5253525771104,3140.018323682456,18652500
2024-07-30,3185.240966796875,3223.5818302860966,3143.9508061161746,3179.3423724139175,13990300
2024-07-31,3232.4296875,3249.1423714073903,3056.4549569457117,3067.269046532847,16211400
2024-08-01,3404.47216796875,3489.0186901880143,3331.72283489636,3489.0186901880143,30341500
2024-08-02,3040.725341796875,3187.2070992904846,3040.725341796875,3181.308505028997,25441200
2024-08-05,2650.43505859375,2894.735174343211,2540.3279641714576,2792.492872379654,35730000
2024-08-06,3090.863525390625,3135.102984246407,2969.942337851488,3001.4015085933775,31555600
2024-08-07,3227.51416015625,3336.63815399644,3026.961955260766,3047.6070351764774,29187400
2024-08-08,3082.998779296875,3182.291788451526,3017.1311395606217,3089.8804730006627,22883300
2024-08-09,3198.021240234375,3224.5649148382263,3127.2381079574384,3127.2381079574384,21908400
2024-08-13,3421.184814453125,3421.184814453125,3301.2467261303427,3322.874905991828,19320000
2024-08-14,3365.148193359375,3410.370751610772,3308.1284459989183,3363.1819951745315,18778000
2024-08-15,3338.6044921875,3408.4045272126214,3308.128420556813,3332.7058976783346,14921000
2024-08-16,3598.142578125,3598.142578125,3464.441105276639,3476.238294057377,23263400
2024-08-19,3490.001708984375,3563.7341394558757,3465.4242321605416,3539.1566626320423,13967000
2024-08-20,3450.677734375,3520.4777683181983,3417.252366007835,3498.849588786503,15584100
2024-08-21,3484.103271484375,3519.4948397048706,3411.353936808911,3421.184927981271,10978200
2024-08-22,3450.677734375,3465.424220419338,3425.117158564815,3451.6608334446228,10501900
2024-08-23,3402.505859375,3461.4918031954276,3400.5396612476525,3443.7960200492994,10412500
2024-08-26,3375.962158203125,3418.235417609862,3335.6550969083296,3401.522733658361,8733400
2024-08-27,3313.0439453125,3330.7397289966616,3266.8382879149667,3322.8749362481453,14067400
2024-08-28,3396.607177734375,3405.4550690801375,3290.432481585225,3312.0606604304226,9281700
2024-08-29,3416.269287109375,3430.0326741653553,3347.4523518294736,3371.0467296397255,16687500
2024-08-30,3511.6298828125,3521.4608735258607,3398.57348960885,3404.4720840368664,17605400
2024-09-02,3542.10595703125,3566.683433835519,3491.967904350541,3558.8186412581526,10339700
2024-09-03,3538.173583984375,3587.3285379158056,3513.59610701866,3539.1566830630036,8943400
2024-09-04,3303.212646484375,3384.8098636445548,3275.6858744303386,3361.215487598238,19374000
2024-09-05,3335.6552734375,3385.7933279454023,3286.5003180375957,3290.432714469588,14280200
2024-09-06,3216.7001953125,3329.756589707652,3173.4438357178333,3311.07770715541,15082500
2024-09-09,3198.021240234375,3198.021240234375,3087.9141455813624,3089.880343700166,14050300
2024-09-10,3244.22705078125,3270.7707266512784,3196.05519457268,3214.73407759233,12039200
2024-09-11,3199.00439453125,3273.7199243359137,3153.781837017901,3242.2607538918446,11588000
2024-09-12,3362.198974609375,3384.810254263181,3330.7398029171236,3370.063767532438,17183300
2024-09-13,3373.012939453125,3387.75942563552,3313.043895644719,3362.1988495860355,13579900
2024-09-17,3352.367919921875,3381.8608928244134,3283.5509831492855,3352.367919921875,11352500
2024-09-18,3399.556640625,3403.489036970431,3337.6213981844635,3387.7594515887076,12677600
2024-09-19,3597.159423828125,3622.719999127259,3489.0185283317887,3500.815716931389,19695500
2024-09-20,3609.93994140625,3693.503365975839,3599.1258511678325,3637.466716558585,22932400
2024-09-24,3790.830078125,3843.9174288041363,3721.030042972802,3735.776529272562,21317400
2024-09-25,3722.996337890625,3788.8639784078346,3722.996337890625,3745.6076174711598,12291100
2024-09-26,3915.68359375,3915.68359375,3833.1032719134446,3849.8159560946524,21047500
2024-09-27,3976.958740234375,3982.8885991909865,3860.338180754341,3936.4380373641934,18860400
2024-09-30,3736.799560546875,3882.0811091849046,3721.9749127266678,3785.226743426218,22600300
2024-10-01,3886.0341796875,3904.8120661102016,3797.086296632598,3804.992775126367,15424400
2024-10-02,3782.26171875,3853.420026497583,3739.7643960674154,3747.670874706036,12789400
2024-10-03,3736.799560546875,3921.613503372124,3716.045053598585,3920.625193517443,15899700
2024-10-04,3717.033203125,3790.1681292167978,3716.0448933129487,3737.787709178078,11869400
2024-10-07,3858.361572265625,3888.010867134469,3837.6070658574336,3840.571995344318,14597400
2024-10-08,3900.859130859375,3971.0291329599618,3864.291664975971,3903.8240605255974,17046400
2024-10-09,3924.578369140625,3965.0990725238444,3881.0927362415596,3958.1809036535387,11977900
2024-10-10,3888.999267578125,3951.2627882534543,3862.314901574412,3951.2627882534543,10703500
2024-10-11,3895.917236328125,3938.4145577797003,3890.975687322128,3927.5431499665065,9945500
2024-10-15,4005.61962890625,4036.25723277896,3940.391181951448,3973.005405428849,16752700
2024-10-16,3926.554931640625,3955.2159165431112,3872.1978913083235,3896.905636913915,11758600
2024-10-17,3984.865234375,4070.8481895810082,3965.0990377759176,3982.888614715092,14437900
2024-10-18,3969.05224609375,4050.0936515169788,3967.075626449281,4010.561258627599,10222300
2024-10-21,3908.765380859375,4001.6665049556536,3906.788761197752,3998.701575463219,8488600
2024-10-22,3852.431884765625,3969.0524497739225,3831.67737743364,3908.7655475238703,11201000
2024-10-23,3850.455078125,3866.268035324692,3804.004516350905,3807.957755650828,10019900
2024-10-24,3927.543212890625,3965.0989859378933,3776.3318108845187,3786.214909054853,16089400
2024-10-25,3966.08740234375,4095.555991854598,3877.1395164202672,3896.905713292152,15954100
2024-10-28,3976.958740234375,4048.1170477137175,3932.4847980597856,3938.4146570163975,14603400
2024-10-29,4005.61962890625,4030.327373964887,3929.5197741256475,3976.958644638231,11794100
2024-10-30,4098.52099609375,4098.52099609375,4004.631559240867,4005.6198691024765,40482100
2024-10-31,3878.1279296875,3882.081169167304,3685.407505047066,3806.969619051032,44563700
2024-11-01,3635.99169921875,3765.460281061005,3635.99169921875,3755.5771832104515,23614100
2024-11-05,3607.330810546875,3663.6644697800725,3605.3541909246574,3656.7463011023115,16743900
2024-11-06,3746.6826171875,3788.191630619807,3598.4361406435473,3608.319239079811,22656900
2024-11-07,3923.590087890625,3944.344594652767,3779.2968504014484,3807.9578359301204,23690500
2024-11-08,4005.61962890625,4005.61962890625,3944.34442116083,3947.309350567866,16726000
2024-11-11,4047.12890625,4054.047075320513,3973.0056662087914,4005.6198918269233,12445000
2024-11-12,3950.2744140625,4034.280750113366,3898.882302596088,4030.327510769796,18750400
2024-11-13,3831.67724609375,3932.4848496793993,3784.2383738181506,3889.987526599175,17812500
2024-11-14,3888.010986328125,3935.4498595725963,3862.31492998737,3883.069437031826,12318600
2024-11-15,3904.812255859375,3968.0640868831665,3904.812255859375,3937.4264812310175,10546900
2024-11-18,3829.70068359375,3856.3850496471773,3799.063078125,3811.9111062247985,7557800
2024-11-19,3821.794189453125,3839.583766750812,3765.4605280104493,3829.7006682520973,9243200
2024-11-20,3771.390380859375,3833.653901298091,3755.5774232876374,3816.85263387812,9535500
2024-11-21,3706.161865234375,3755.5773567708334,3670.5827113281252,3754.5890469401043,11859700
2024-11-22,3776.331787109375,3793.1330538931643,3695.290382622861,3706.161790541784,9381800
2024-11-25,3769.413818359375,3804.0046635724266,3751.6242408212343,3786.215086034286,14167600
2024-11-26,3668.606201171875,3711.103525161743,3599.4245109558105,3684.419158935547,14939000
2024-11-27,3691.337158203125,3714.068283943064,3665.6411030188465,3676.5125109814257,9858200
2024-11-28,3744.705810546875,3748.659049724016,3655.757929061201,3656.7462388554864,7236500
2024-11-29,3707.150146484375,3745.694229585652,3699.2436678994977,3716.044934892362,9208200
2024-12-02,3899.87060546875,3902.8355349711337,3722.963145159853,3734.8228631693883,15038400
2024-12-03,3963.12255859375,3974.982276973582,3909.7538258845075,3935.449882374143,14954800
2024-12-04,4039.22216796875,4048.1169562025934,3951.2625954340742,3961.1456934716784,13050300
2024-12-05,4061.953369140625,4096.544212916762,4042.1871726971185,4073.8130870067293,13305300
2024-12-06,4003.64306640625,4051.0819375954625,3985.8534897102954,4046.140388513253,9087700
2024-12-09,3995.73681640625,4083.6963951003277,3954.227801741629,4052.0704791653784,10540300
2024-12-10,3926.554931640625,3971.02887373069,3878.1277502536655,3951.2626772462168,12254900
2024-12-11,3973.005615234375,3977.9471645070544,3882.0811086170706,3913.70702396222,9364200
2024-12-12,4010.561279296875,4096.544234274407,4004.631420332907,4039.2222642893857,12456800
2024-12-13,3950.2744140625,3978.9353993033837,3909.7537107909056,3941.3796255394673,10699200
2024-12-16,3931.49658203125,3981.900384364984,3914.695314586672,3953.239398724233,6662900
2024-12-17,3942.367919921875,4066.8949587562083,3933.473131433708,3971.028905050412,9278900
2024-12-18,3919.63671875,3953.2392523953604,3900.858832301122,3952.250942582262,7021400
2024-12-19,3898.882080078125,3912.7184169909497,3775.3433576421894,3781.273216319114,8248200
2024-12-20,3819.817626953125,3898.882416126799,3807.957908577074,3879.1162188333806,13725700
2024-12-23,3825.747314453125,3903.823790258291,3825.747314453125,3888.9991429535125,7411000
2024-12-24,3814.8759765625,3830.688933978303,3782.2617518924058,3804.992878177623,4740300
2024-12-25,3849.466796875,3849.466796875,3795.109756097561,3838.595388719512,5885100
2024-12-26,3911.73046875,3911.73046875,3833.653988954333,3854.4084962417887,7873300
2024-12-27,3957.1923828125,3964.1105513139205,3916.6716815898944,3952.250833882914,7167800
2024-12-30,3890.975830078125,4008.5847007358075,3869.2330136540154,3996.724982686293,7717100
2025-01-06,3924.578369140625,4027.362592356597,3888.9992149504806,3999.6899168753735,13250100
2025-01-07,3990.795166015625,4041.1989682609933,3949.2861524017926,4023.409390997922,14233200
2025-01-08,3918.6484375,3966.087308874527,3899.8705509142496,3956.2042106715003,10784300
2025-01-09,3863.302978515625,3954.2274794169903,3838.595233705471,3926.554805229618,8217400
2025-01-10,3765.46044921875,3812.899321019931,3765.46044921875,3794.121434265297,10347200
2025-01-14,3695.290283203125,3780.284924646149,3677.500707087143,3764.47196809861,10607000
2025-01-15,3681.4541015625,3740.7526911178693,3667.6177639995803,3727.9046633808725,7783400
2025-01-16,3644.88671875,3729.881365662283,3644.88671875,3725.9281262710138,9887500
2025-01-17,3653.781494140625,3675.5243107138176,3590.5296641095188,3644.8867055425007,9030100
2025-01-20,3754.589111328125,3782.2617870631043,3686.3957318383536,3686.3957318383536,8712900
2025-01-21,3728.89306640625,3778.308558937475,3706.1619398418866,3757.5540520743607,8005200
2025-01-22,3883.0693359375,3910.7420112763266,3814.875957423963,3831.6772245939646,13963600
2025-01-23,3997.71337890625,4036.257463400031,3946.3212662478754,3981.900421165212,15439300
2025-01-24,3986.841796875,4021.4326404274607,3959.1691220330317,3977.947008532939,7490900
2025-01-27,3834.64208984375,4018.467715800177,3834.64208984375,3997.7132096438063,13789400
2025-01-28,3589.541259765625,3705.1735084970614,3544.079008127624,3557.9153455826677,33998200
2025-01-29,3655.758056640625,3695.2904497916456,3595.4711570853187,3657.734676298176,16298100
2025-01-30,3726.91650390625,3765.460588672186,3653.7815738375516,3685.407489542935,17614600
2025-01-31,3899.87060546875,3920.625111985436,3824.7590580750284,3841.5603252552028,23249500
2025-02-03,3824.759033203125,3978.9353663244915,3762.4955140579577,3803.0162169937016,21282800
2025-02-04,3930.50830078125,3999.6899907623133,3906.7888642163143,3953.2394274893136,15650300
2025-02-05,4012.537841796875,4094.5675562966635,3961.145731507851,3995.7365749716173,17085000
2025-02-06,4022.421142578125,4042.187339838951,3980.91212833039,3989.8069170977615,7357100
2025-02-07,4032.30419921875,4051.082086420994,3978.9354671702667,3986.8419459922643,7994700
2025-02-10,3973.993896484375,4040.2106562616577,3968.064037399842,4016.4912199235264,10519100
2025-02-12,3975.970458984375,4009.5729933133507,3928.531586990527,3973.00552948476,10984300
2025-02-13,4084.6845703125,4111.368936002904,3974.98217802973,3981.9003469124273,12303600
2025-02-14,4261.591796875,4302.112498097606,4149.912791066356,4150.901100852273,19352700
2025-02-17,4368.32958984375,4380.189308187218,4206.246772483032,4244.7908570993,14803000
2025-02-18,4294.2060546875,4396.001963463751,4286.299576335947,4383.153936142477,11004400
2025-02-19,4328.796875,4341.644902254567,4245.778852739726,4295.194342180365,8588200
2025-02-20,4266.53369140625,4347.575100416051,4244.79087435484,4292.229747921553,12961300
2025-02-21,4143.9833984375,4213.165091232784,4105.439312451556,4205.25861205618,12053100
2025-02-25,3792.144775390625,3914.6951929429933,3790.1681557526836,3824.7589994166583,24092600
2025-02-26,3782.26171875,3793.1331268781028,3678.489186618108,3730.869607598968,18982300
2025-02-27,3872.197998046875,3877.139547304209,3757.5540552767275,3757.5540552767275,20484300
2025-02-28,3706.161865234375,3748.659187955729,3682.442429296875,3735.81116015625,20785200
2025-03-03,3785.226806640625,3799.063144837223,3725.9282143694927,3795.1099053524804,13848100
2025-03-04,3677.5009765625,3717.033370828154,3619.19069502066,3673.5477371359343,17291500
2025-03-05,3665.64111328125,3724.9397023340607,3633.0268893022044,3679.4774507269058,19631400
2025-03-06,3931.49658203125,3931.49658203125,3720.9865840491843,3721.9748938988655,22419100
2025-03-07,3765.46044921875,3815.864250507505,3711.10340861323,3755.5773509268374,16177000
2025-03-10,3659.711181640625,3755.5772320373685,3642.909915076247,3721.974698908613,14488200
2025-03-11,3582.623291015625,3597.447939116379,3476.8741345635776,3538.149346713362,22713100
2025-03-12,3642.91015625,3705.173677640057,3620.1790293933127,3636.9802970699943,13423900
2025-03-13,3623.143798828125,3720.986470973238,3619.1905595495346,3712.0916825964096,11524600
2025-03-14,3604.365966796875,3654.7697683616243,3550.9972357283173,3553.9621652321257,17795600
2025-03-17,3696.27880859375,3725.9281038498493,3648.8399361839906,3656.7464149189504,11796700
2025-03-18,3753.6005859375,3767.436923010466,3714.0681943004543,3755.5772055193524,12517400
2025-03-19,3689.360595703125,3770.402001770003,3689.360595703125,3713.0800316251384,11494500
2025-03-21,3722.963134765625,3736.799472404786,3688.372290667723,3690.3489103304605,17282900
2025-03-24,3698.255615234375,3739.764630691308,3682.442656965067,3739.764630691308,9186100
2025-03-25,3717.033203125,3800.0512273373106,3703.1968657562816,3767.4370035396173,13959700
2025-03-26,3748.6591796875,3787.203263000923,3696.2787587743874,3786.2149531723735,11761200
2025-03-27,3694.302001953125,3694.302001953125,3628.0852458988556,3661.6877788219176,15959000
2025-03-28,3662.489013671875,3686.348876953125,3602.83935546875,3671.4364624023438,13407800
2025-03-31,3437.80859375,3527.2830799956623,3437.80859375,3489.5049635808273,23373100
2025-04-01,3417.92529296875,3508.3939380124257,3390.088786801465,3507.3997770778797,12733900
2025-04-02,3446.756103515625,3446.756103515625,3349.328327875437,3429.85536692498,13045900
2025-04-03,3224.06396484375,3307.573484747196,3205.1749067703518,3231.0230915023703,25214000
2025-04-04,3036.16748046875,3045.114928839483,2938.739709320768,2945.698835831338,35563300
2025-04-07,2677.7724609375,2800.054255144039,2574.876804836876,2609.6724373346715,31879100
2025-04-08,3054.0625,3075.934041341146,2985.4653930664062,3062.015787760417,26401400
2025-04-09,2821.92578125,2963.593712843491,2785.1418270818654,2958.1258277644442,23871400
2025-04-10,3229.03466796875,3319.503311683392,3166.40253001246,3319.503311683392,22296300
2025-04-11,3174.35595703125,3201.1983030506185,2990.4361787503917,3020.261007660801,19342300
2025-04-14,3198.2158203125,3305.585204395108,3198.2158203125,3232.017293079247,10860200
2025-04-15,3276.75439453125,3297.6317738653383,3219.0930611323383,3267.8069462452117,9984300
2025-04-16,3240.964599609375,3301.608415737035,3187.279909922594,3294.649289296156,11340600
2025-04-17,3342.369140625,3345.3516234988474,3243.9472057880353,3256.871298241374,10772200
2025-04-18,3380.147216796875,3398.0421138269758,3333.4216523293885,3380.147216796875,7315600
2025-04-21,3400.030517578125,3417.9254150390625,3353.3049519856772,3380.1472981770835,8950100
2025-04-22,3345.3515625,3392.0771266716197,3303.596803027489,3350.3223671991086,13234700
2025-04-23,3499.446533203125,3536.230488239635,3403.0129213506525,3514.3589474071155,19066500
2025-04-24,3536.23046875,3565.0611360521507,3506.4056405063957,3549.154560988895,15260100
2025-04-25,3722.138671875,3723.1328328450522,3625.705057779948,3648.570760091146,17783700
2025-04-28,3725.12109375,3841.437925340272,3705.23787467474,3825.531350080064,17078400
2025-04-30,3497.458251953125,3678.3955463975444,3495.469930036153,3653.541522435399,32459600
2025-05-01,3659.50634765625,3668.453795939028,3536.2303935379737,3579.9734740315557,16077300
2025-05-02,3651.55322265625,3689.331339307744,3612.780945040243,3677.4014077335883,12785700
2025-05-07,3779.800048828125,3785.765014712651,3712.1971021368277,3780.7942098088793,20138400
2025-05-08,3795.70654296875,3805.6481525626964,3731.086080608098,3794.712382009355,9555300
2025-05-09,3867.2861328125,3900.0934444790328,3813.6014409945374,3877.227742408419,12875500
2025-05-12,3814.595458984375,3916.9940339844766,3773.8348611688,3908.0465856834967,11304800
2025-05-13,3843.42626953125,3916.9941805362455,3812.6072797859138,3907.052570940976,11412000
2025-05-14,3848.39697265625,3869.2743522547466,3762.899132395739,3840.443685190156,8728800
2025-05-15,3846.40869140625,3894.128416706715,3817.578024037219,3836.467081968653,9021700
2025-05-16,3793.71826171875,3880.2102661132812,3771.8467203776045,3873.251139322917,8355800
2025-05-19,3781.788330078125,3803.659871419271,3769.8583984375,3792.724100748698,5443900
2025-05-20,3827.519775390625,3857.3446048092533,3785.7650142045454,3802.665750875102,8019200
2025-05-21,3792.72412109375,3857.3445844937746,3778.80586743836,3856.3504235183896,7753800
2025-05-22,3710.208740234375,3751.9635009765625,3685.354715983073,3733.074442545573,9405500
2025-05-23,3777.8115234375,3796.7005810546875,3716.1735459498354,3731.0859598581415,8020200
2025-05-26,3833.484619140625,3839.4495848343086,3767.869996510106,3777.8116059995787,7642900
2025-05-27,3907.052490234375,3907.052490234375,3830.502097932073,3851.379477650883,7654500
2025-05-28,3945.82470703125,3945.82470703125,3901.0874654549316,3921.9648448572134,14927900
2025-05-29,4058.1650390625,4071.089131543591,3990.5620937767944,4000.5037033776334,15632300
2025-05-30,4022.375244140625,4022.375244140625,3961.7314255809174,3976.6438399808453,26551100
2025-06-02,3954.772216796875,3969.684630887361,3919.9765839190745,3938.865641767023,9356500
2025-06-03,3907.052490234375,3974.6554340857588,3907.052490234375,3928.924030892176,9660100
2025-06-04,3967.6962890625,3973.661254668708,3915.9999204753667,3924.9473688846783,10556300
2025-06-05,3991.55615234375,4046.235003745719,3937.871461876362,3937.871461876362,11256700
2025-06-06,3996.527099609375,4040.270182291667,3960.7373046875,3979.6263631184897,10141000
2025-06-09,4087.98974609375,4104.890481911745,4046.2349870139988,4066.1182056234043,10371500
2025-06-10,4065.1240234375,4118.808713402192,4056.1765751100515,4095.9430121209343,9708800
2025-06-11,4101.908203125,4163.5461838796655,4068.106729807925,4118.808939783537,10301800
2025-06-12,4048.223388671875,4100.913919025414,3993.544536418203,4095.94311427508,10773800
2025-06-13,3963.7197265625,4015.416096209164,3916.9941616895535,4006.468647616472,13800700
2025-06-16,3990.56201171875,4015.416035209774,3960.7371835295216,3976.643758563777,9000000
2025-06-17,3995.532958984375,4015.416178486661,3970.6789346065175,3990.5621541088035,7539000
2025-06-18,4050.211669921875,4058.1649574425855,3954.772219673348,3962.7255071940585,7386700
2025-06-19,4041.26416015625,4070.094826981473,4031.322550906173,4033.3108727561885,5508600
2025-06-20,3966.7021484375,4065.1240814438443,3966.7021484375,4041.2642188968516,13796500
2025-06-23,3902.081787109375,3936.877420879777,3867.286153338973,3929.918294125697,8611500
2025-06-24,3979.626220703125,4024.3634627544966,3943.8364270620277,4021.380979951072,8007400
2025-06-25,4034.30517578125,4061.147521701924,3982.6088058599526,4048.2234292215994,8211500
2025-06-26,4071.089111328125,4110.855549534016,3984.5971082303113,4109.861388578869,11924200
2025-06-27,4255.0087890625,4289.804421683339,4125.767867899387,4128.750350695459,22272800
2025-06-30,4180.44677734375,4273.897906254645,4166.528524101702,4264.950457741899,12620000
2025-07-01,4165.5341796875,4220.213029301536,4143.662639841886,4216.2363856932425,8931900
2025-07-02,4123.77978515625,4142.668843960004,4071.089252703675,4105.884887342168,10152900
2025-07-03,4054.1884765625,4115.826457324362,4013.4278763812686,4106.879008504092,8636600
2025-07-04,4002.491943359375,4088.9839451160233,3971.6729542276958,4086.001462296829,9699700
2025-07-07,3953.778076171875,3996.526996784244,3920.9707650042433,3992.5503530063493,9464600
2025-07-08,4094.948974609375,4095.943135564609,3929.9182560405097,3935.883221771914,14181300
2025-07-09,4095.943115234375,4095.943115234375,4047.2292286696943,4092.9606323834764,10279300
2025-07-10,4090.972412109375,4095.9432169843562,4008.45705118469,4056.176777984508,12798200
2025-07-11,4016.41015625,4129.744502243193,4006.4685469523515,4092.9605478418935,11551400
2025-07-14,4065.1240234375,4080.036437316581,4016.4101380991688,4026.3517473518896,7346000
2025-07-15,4157.5810546875,4157.5810546875,4094.9489154131547,4124.7737436390335,7994900
2025-07-16,4178.45849609375,4190.388427560113,4142.66870169466,4156.586955072084,7200100
2025-07-17,4211.265625,4212.259785912417,4117.814499232767,4132.726912919027,10171300
2025-07-18,4317.64111328125,4372.319966891766,4263.956420645472,4274.892191367574,14664600
2025-07-22,4384.25,4459.806235827664,4340.506916099773,4342.495238095238,14539800
2025-07-23,4424.01611328125,4498.578182606215,4380.273032610604,4453.840941011236,18592000
2025-07-24,4596.005859375,4662.614639945652,4467.759102753894,4473.724068178131,18686600
2025-07-25,4587.05859375,4635.7724799861835,4547.292156006177,4558.227926385728,10522900
2025-07-28,4500.56640625,4572.14599124006,4490.624797223602,4568.1693476295,9591400
2025-07-29,4430.9755859375,4482.671958041774,4408.109882891378,4472.7303480217215,11426800
2025-07-30,4564.19287109375,4579.105285179223,4460.800133434471,4470.741742824786,10286900
2025-07-31,4669.57421875,4669.57421875,4578.111406715723,4633.784422736588,11446800
2025-08-01,4257.9912109375,4352.4364981285025,4235.1255098281,4342.494888950502,35064900
2025-08-04,4120.79736328125,4171.499574506182,4058.1652200033927,4078.0484400916016,26396100
2025-08-05,4101.908203125,4168.516988779235,4101.908203125,4125.768066642935,15885400
2025-08-06,4126.76220703125,4172.493611879103,4090.9724119329303,4095.943216807697,11798500
2025-08-07,4182.43505859375,4214.248208552152,4126.762046166546,4126.762046166546,14089800
2025-08-08,4203.3125,4281.851215113529,4191.38256859035,4241.090616130558,14610200
2025-08-12,4267.93310546875,4300.7404179496425,4219.219217239547,4228.166666097973,14574900
2025-08-13,4285.82763671875,4315.652463696612,4255.008648841626,4310.6816592003015,11956700
2025-08-14,4174.48193359375,4245.067362811458,4147.639587271523,4225.184143313512,12125400
2025-08-15,4249.0439453125,4249.0439453125,4192.376770562193,4215.242472654422,9263500
2025-08-18,4242.0849609375,4257.991536839773,4228.166707023011,4234.131672986364,8659200
2025-08-19,4242.0849609375,4287.816366656536,4233.137511992471,4259.979858827558,7870400
2025-08-20,4120.79736328125,4210.2718536781895,4112.844075245966,4192.376955598802,9541000
2025-08-21,4082.02490234375,4134.715433231285,4082.02490234375,4125.767984590006,9604400
2025-08-22,4099.919921875,4157.581259282553,4096.937438905644,4103.896565834142,6980700
2025-08-25,4089.97802734375,4138.691912453095,4072.0831307729704,4125.767820485309,7111800
2025-08-26,4023.369384765625,4069.100788694268,4019.392740945743,4027.346028585507,10670400
2025-08-27,4018.398681640625,4050.21183300443,3996.5271400780093,4044.2468671237166,8773400
2025-08-28,4089.97802734375,4094.9488319467446,3992.550257125061,3996.5269008074565,10554700
2025-08-29,4025.357666015625,4093.9547712156937,4025.357666015625,4076.05987420698,10146900
2025-09-01,3958.7490234375,4017.404521273465,3936.877481871547,3986.5855308850764,9303700
2025-09-02,3943.83642578125,3968.690449135052,3922.959046164057,3938.86562111049,8474300
2025-09-03,3806.642333984375,3891.146015987162,3801.6715291606815,3877.2277624808207,18343100
2025-09-04,3810.618896484375,3862.315265547038,3799.6831261057346,3837.461241959219,11141200
2025-09-05,3873.2509765625,3879.215942132155,3812.6071599376764,3841.4378268576747,11733700
2025-09-08,3908.046630859375,3939.8597807417204,3881.204285646146,3939.8597807417204,9935400
2025-09-09,3952.783935546875,4011.4394315723443,3921.964946109764,3926.935750857685,13955100
2025-09-10,4094.948974609375,4094.948974609375,3932.900738906212,3946.8189922794895,15213400
2025-09-11,4091.966552734375,4091.966552734375,3980.620524088542,3993.5446166992188,13740000
2025-09-12,4067.112548828125,4106.878987829133,4044.246846402545,4105.884826854108,11913400
2025-09-16,4028.340087890625,4064.129881366455,3984.597006975722,4064.129881366455,13785600
2025-09-17,3936.87744140625,3981.6146850585938,3916.9942220052085,3962.7256266276045,14225600
2025-09-18,3932.900634765625,3976.643715637639,3932.900634765625,3946.818887770357,11813800
2025-09-19,3840.44384765625,3966.7022915217285,3829.508076927744,3936.877462262167,27231900
2025-09-22,3824.537109375,3869.2743513614505,3809.6246953795167,3818.572143776807,18896900
2025-09-24,4006.46875,4015.4161988213395,3845.414671215881,3865.2978908188584,19353700
2025-09-25,4006.46875,4087.989950372208,3981.6147254962775,4076.0600186104216,11448900
2025-09-26,3916.0,3969.684691546078,3899.0992637725312,3960.7372429550646,17472400
2025-09-29,3918.0,3938.0,3895.0,3928.0,10932900
2025-09-30,3930.0,3956.0,3914.0,3955.0,11427500
2025-10-01,3875.0,3899.0,3826.0,3883.0,13768600
2025-10-02,3900.0,3913.0,3837.0,3895.0,10690000
2025-10-03,4300.0,4321.0,4114.0,4120.0,43965200
2025-10-06,4476.0,4509.0,4352.0,4500.0,29025800
2025-10-07,4473.0,4532.0,4381.0,4520.0,21586600
2025-10-08,4477.0,4528.0,4444.0,4503.0,13593400
2025-10-09,4568.0,4623.0,4506.0,4600.0,16482800
2025-10-10,4414.0,4555.0,4390.0,4555.0,14555600
2025-10-14,4262.0,4381.0,4222.0,4360.0,15691400
2025-10-15,4505.0,4510.0,4283.0,4310.0,18857800
2025-10-16,4602.0,4640.0,4543.0,4605.0,14179400
2025-10-17,4490.0,4603.0,4490.0,4534.0,9690900
2025-10-20,4576.0,4576.0,4496.0,4550.0,9417200
2025-10-21,4498.0,4631.0,4477.0,4555.0,15608700
2025-10-22,4470.0,4502.0,4390.0,4398.0,11951200
2025-10-23,4429.0,4445.0,4380.0,4380.0,7955500
2025-10-24,4569.0,4576.0,4467.0,4477.0,11472700
2025-10-27,4738.0,4764.0,4681.0,4700.0,16158000
2025-10-28,4678.0,4782.0,4645.0,4750.0,12106100
2025-10-29,4850.0,4885.0,4770.0,4850.0,16602200
2025-10-30,4963.0,4977.0,4864.0,4890.0,20737600
2025-10-31,5318.0,5555.0,5235.0,5300.0,43721700
2025-11-04,5221.0,5381.0,5151.0,5159.0,20788800
2025-11-05,4998.0,5165.0,4831.0,5121.0,25195600
2025-11-06,5201.0,5298.0,5153.0,5200.0,21247700
2025-11-07,5138.0,5164.0,5072.0,5128.0,15644000
2025-11-10,5114.0,5157.0,5066.0,5138.0,9764900
2025-11-11,5120.0,5248.0,5107.0,5225.0,9472400
2025-11-12,5238.0,5238.0,5069.0,5120.0,10370800
2025-11-13,5349.0,5370.0,5262.0,5292.0,10417300
2025-11-14,5083.0,5139.0,5047.0,5100.0,19161100
2025-11-17,5122.0,5122.0,5071.0,5099.0,8742000
2025-11-18,4770.0,5077.0,4770.0,5050.0,18965200
2025-11-19,4700.0,4825.0,4700.0,4800.0,17663000
2025-11-20,4875.0,5050.0,4835.0,5050.0,17831400
2025-11-21,4710.0,4777.0,4694.0,4753.0,20930100
2025-11-25,4710.0,4843.0,4688.0,4770.0,16405600
2025-11-26,4853.0,4886.0,4773.0,4785.0,13020300
2025-11-27,4958.0,4978.0,4911.0,4923.0,9604100
2025-11-28,4968.0,4992.0,4934.0,4958.0,8620600
2025-12-01,4864.0,4992.0,4824.0,4977.0,10638500
2025-12-02,4893.0,4902.0,4831.0,4864.0,10466200
2025-12-03,4877.0,4959.0,4847.0,4934.0,9246000
2025-12-04,4957.0,5004.0,4882.0,4885.0,10961000
2025-12-05,4883.0,4899.0,4838.0,4855.0,9957200
2025-12-08,4911.0,4927.0,4821.0,4835.0,7941300
2025-12-09,4910.0,4928.0,4867.0,4919.0,7153300
2025-12-10,4887.0,4959.0,4848.0,4945.0,7443400
2025-12-11,4806.0,4965.0,4803.0,4955.0,7898100
2025-12-12,5010.0,5012.0,4913.0,4946.0,14808600
2025-12-15,4914.0,4930.0,4862.0,4900.0,8696100
2025-12-16,4859.0,4933.0,4837.0,4906.0,9726700
2025-12-17,4959.0,4972.0,4838.0,4859.0,9893300
2025-12-18,4812.0,4886.0,4776.0,4819.0,14790600
2025-12-19,4911.0,4951.0,4878.0,4888.0,12324500
2025-12-22,5004.0,5079.0,5000.0,5018.0,8621300
2025-12-23,5011.0,5040.0,4967.0,5038.0,5980300
2025-12-24,4988.0,5011.0,4970.0,4980.0,4396800
2025-12-25,4960.0,5000.0,4934.0,4988.0,2712000
2025-12-26,4972.0,5003.0,4934.0,4999.0,4262800
2025-12-29,4929.0,4954.0,4899.0,4929.0,5529100
2025-12-30,4902.0,4945.0,4885.0,4892.0,5237300
2026-01-05,5068.0,5109.0,5030.0,5049.0,10535500
2026-01-06,5445.0,5445.0,5232.0,5368.0,23031200
2026-01-07,5263.0,5426.0,5252.0,5345.0,11875300
2026-01-08,5088.0,5246.0,5061.0,5243.0,16518000
2026-01-09,5135.0,5135.0,5033.0,5051.0,11988600
2026-01-13,5330.0,5330.0,5258.0,5321.0,13705100
2026-01-14,5398.0,5398.0,5301.0,5353.0,10936000
2026-01-15,5358.0,5421.0,5351.0,5400.0,12042200
2026-01-16,5204.0,5293.0,5188.0,5285.0,14860700
2026-01-19,5219.0,5229.0,5096.0,5111.0,8735600
2026-01-20,5197.0,5260.0,5163.0,5221.0,10077400
2026-01-21,5181.0,5220.0,5093.0,5098.0,10542300
2026-01-22,5264.0,5317.0,5226.0,5317.0,9160700
2026-01-23,5299.0,5366.0,5248.0,5350.0,12718600
2026-01-26,5107.0,5194.0,5081.0,5175.0,10803900
2026-01-27,5094.0,5146.0,5075.0,5145.0,9552900
2026-01-28,5087.0,5160.0,5053.0,5146.0,10072700
2026-01-29,5077.0,5150.0,5058.0,5145.0,13367200
2026-01-30,5361.0,5361.0,5155.0,5277.0,25204500
2026-02-02,5289.0,5491.0,5273.0,5361.0,14038000
2026-02-03,5381.0,5420.0,5336.0,5389.0,13230100
2026-02-04,5160.0,5343.0,5042.0,5330.0,28853500
2026-02-05,5164.0,5230.0,5073.0,5080.0,18797200
2026-02-06,5367.0,5413.0,5171.0,5206.0,18169600
2026-02-09,5818.0,5842.0,5628.0,5667.0,26195600
2026-02-10,5650.0,6039.0,5650.0,5888.0,25259600
2026-02-12,5575.0,5740.0,5520.0,5644.0,17820600
2026-02-13,5209.0,5460.0,5209.0,5375.0,25954200
2026-02-16,5086.0,5178.0,5060.0,5108.0,16691000
2026-02-17,4897.0,5075.0,4821.0,5060.0,24233700
2026-02-18,4912.0,4975.0,4853.0,4947.0,21394500
2026-02-19,4992.0,5107.0,4980.0,5050.0,20016700
