Price,Close,High,Low,Open,Volume
Ticker,6981.T,6981.T,6981.T,6981.T,6981.T
Date,,,,,
2011-02-21,517.4799194335938,525.9079104907736,515.7943119628676,524.2223030200475,356400
2011-02-22,507.3663330078125,511.5803286369182,504.8378985931877,509.0518942222934,432000
2011-02-23,503.1522521972656,509.8946817199226,496.40986897105677,503.9950790358218,470700
2011-02-24,498.09552001953125,505.68073074928833,496.40991249109055,498.9383006355255,300600
2011-02-25,498.9383239746094,503.1523198446052,495.5671087600309,495.5671087600309,201600
2011-02-28,513.2659301757812,514.1087107732156,503.15228522786214,503.15228522786214,364500
2011-03-01,521.69384765625,522.5366744311017,516.6370258964737,518.3226331497325,308700
2011-03-02,520.85107421875,524.2222424743946,510.7374305624803,513.2658646247704,394200
2011-03-03,518.32275390625,524.2223575188966,516.6371462602858,522.5367961693879,208800
2011-03-04,510.7373962402344,524.2222072459512,509.05178907746455,524.2222072459512,420300
2011-03-07,501.4666442871094,507.366293261429,498.09547582578864,505.68068588254454,452700
2011-03-08,498.09552001953125,502.30951569240693,494.72430496264985,497.2526931070848,270900
2011-03-09,487.1391296386719,501.4667252270841,485.45352198771945,498.9383368988833,474300
2011-03-10,477.86822509765625,485.45343501984127,471.12579570173745,485.45343501984127,792900
2011-03-11,471.1258544921875,477.0255040980405,470.2830738607531,471.1258544921875,3823200
2011-03-14,428.98583984375,445.8418705332566,414.6582438503664,414.6582438503664,925200
2011-03-15,421.4006042480469,432.3570305140877,383.8959624144559,421.4006042480469,1184400
2011-03-16,455.1127014160156,458.4839168997916,421.400639171172,428.14307013872394,666900
2011-03-17,460.1695861816406,467.75479888630247,438.25672890307777,438.25672890307777,755100
2011-03-18,463.54046630859375,475.3397147103633,462.69768599954216,468.59728705220925,663300
2011-03-22,477.86822509765625,478.71100562392246,469.440234649205,478.71100562392246,405000
2011-03-23,466.0689697265625,474.49695926679385,464.3833625592278,474.49695926679385,531900
2011-03-24,467.7546081542969,474.4969909777921,465.2261740860965,468.59738864606675,448200
2011-03-25,475.33978271484375,475.33978271484375,467.7545736624603,471.1257416773981,482400
2011-03-28,482.08233642578125,482.08233642578125,467.75473995349046,472.81151692184795,488700
2011-03-29,478.6812744140625,482.08221754452245,470.1789632926166,475.28033128360255,473400
2011-03-30,500.7873229980469,500.7873229980469,481.2319714239963,482.9323961654784,588600
2011-03-31,508.4393615722656,508.4393615722656,499.937005337697,504.18820680732887,540000
2011-04-01,502.48797607421875,508.4396049347919,502.4879760742187,508.4396049347919,301500
2011-04-04,502.48797607421875,509.28981761285195,501.6377166914411,508.4396049347919,86400
2011-04-05,493.1351318359375,501.6374407585918,488.03371845952984,501.6374407585918,197100
2011-04-06,484.6329040527344,494.83573349701373,483.7826916180632,493.9854743576384,261000
2011-04-07,475.2804260253906,490.584626458476,473.580000825904,485.48325745058975,214200
2011-04-08,488.88421630859375,489.73442893450965,470.1790714912974,473.58001540439034,258300
2011-04-11,482.0822448730469,489.7343439980159,480.3817732114197,489.7343439980159,201600
2011-04-12,467.6281433105469,474.43002827281725,467.6281433105468,473.57981600488097,257400
2011-04-13,475.2804260253906,476.98089792959047,463.37716940070493,465.0776413049048,122400
2011-04-14,492.2850036621094,493.1352628030021,478.6812777501643,478.6812777501643,306000
2011-04-15,487.1836242675781,493.98546371248375,487.1836242675781,487.1836242675781,227700
2011-04-18,481.2319641113281,488.884062150521,480.38170504880674,488.0338030879996,105300
2011-04-19,472.72979736328125,476.9809542735978,470.17911255803506,476.9809542735978,177300
2011-04-20,482.9324035644531,483.7826626529216,473.57988052420967,473.57988052420967,137700
2011-04-21,487.1836242675781,491.434779758732,485.4831527301759,488.8840958049803,94500
2011-04-22,486.33349609375,489.7344400842721,478.6813954674333,478.6813954674333,82800
2011-04-25,483.7827453613281,493.13531670520615,483.7827453613281,491.43484494225476,29700
2011-04-26,473.57977294921875,479.5313983977639,469.32857188195163,479.5313983977639,248400
2011-04-27,482.9324035644531,484.6328750366887,473.57988052420967,473.57988052420967,235800
2011-04-28,493.9854431152344,498.23659842913185,487.1836039539387,488.88407542043797,296100
2011-05-02,485.48309326171875,489.73424823213435,478.6812079452958,488.03377690302864,547200
2011-05-06,475.2804260253906,480.38184173799016,474.4302134256473,479.53162913824684,297000
2011-05-09,481.2319641113281,481.2319641113281,471.87939465179244,476.98076220812106,239400
2011-05-10,474.4300537109375,481.23193903791326,472.7295823791935,478.6812086879486,177300
2011-05-11,472.72979736328125,479.53168578356275,471.87958466310545,476.9809542735978,367200
2011-05-12,466.7779846191406,470.1789274906343,466.7779846191406,468.47845605488743,243000
2011-05-13,462.52691650390625,465.9278600160032,455.7250294797124,465.9278600160032,473400
2011-05-16,450.6236877441406,457.4255284685727,450.6236877441406,452.32411289671467,210600
2011-05-17,457.4254150390625,459.1258864746762,448.9231045656946,453.1742598023786,177300
2011-05-18,453.1742858886719,455.72496983656845,450.6236019407753,453.1742858886719,193500
2011-05-19,442.12127685546875,454.02453176246877,440.42080519665353,454.02453176246877,468900
2011-05-20,441.2710876464844,446.3724561872169,434.4692006525624,436.1696724010429,268200
2011-05-23,432.76873779296875,436.16968135978374,427.66736914745627,436.16968135978374,167400
2011-05-24,439.5706787109375,442.1213633457867,424.26647749241135,425.9669494838827,136800
2011-05-25,432.76873779296875,442.1213092493549,431.0682660095613,440.42083746594744,179100
2011-05-26,432.76873779296875,436.16968135978374,432.76873779296875,434.4692095763763,244800
2011-05-27,437.0198669433594,441.2710694920151,430.21802693398297,435.31944196954555,180000
2011-05-30,434.46917724609375,437.87012055983325,432.76870558922394,436.1696489029635,157500
2011-05-31,437.0198669433594,438.7203386218803,429.367767742369,431.9184986125038,166500
2011-06-01,439.5706787109375,439.5706787109375,431.9185781016744,439.5706787109375,105300
2011-06-02,432.76873779296875,436.16968135978374,430.2180534702125,431.0682660095613,224100
2011-06-03,425.96697998046875,434.46929384182243,425.96697998046875,431.91860902436014,150300
2011-06-06,425.96697998046875,430.21813691114556,424.26650786725423,425.96697998046875,198900
2011-06-07,425.96697998046875,430.21813691114556,425.11672057150196,425.11672057150196,111600
2011-06-08,428.5174865722656,430.2179579782333,426.81701516629795,426.81701516629795,81900
2011-06-09,427.6673278808594,429.367752795479,426.8170687188441,427.6673278808594,76500
2011-06-10,436.1697082519531,437.01992084372205,432.76876447545203,432.76876447545203,1935900
2011-06-13,439.5706787109375,441.2711507024088,437.0199473713727,437.0199473713727,196200
2011-06-14,453.1742858886719,454.0244983030697,440.42077273978293,440.42077273978293,263700
2011-06-15,461.6766662597656,462.52692550669417,454.02456656095893,454.87482580788753,221400
2011-06-16,456.57525634765625,459.1259404485798,453.17431307662105,453.17431307662105,332100
2011-06-17,444.6719665527344,456.5752683133124,442.12128238496405,455.72500912091755,170100
2011-06-20,433.618896484375,443.82167811416883,431.91842509529283,443.82167811416883,225900
2011-06-21,442.9715270996094,442.9715270996094,437.0198530614869,437.8701122260925,91800
2011-06-22,455.7250061035156,456.5752652902808,448.0729069461629,448.0729069461629,201600
2011-06-23,450.6236877441406,456.57531589228563,448.9232158868547,449.77342846314167,165600
2011-06-24,467.6281433105469,467.6281433105468,453.1742078227647,457.4253625718362,240300
2011-06-27,458.2757873535156,464.227415496517,457.4255280732514,464.227415496517,369900
2011-06-28,451.47381591796875,465.0775415283454,449.7733443785838,461.67659844957547,196200
2011-06-29,457.4254150390625,458.2756741092195,454.0244721678352,457.4254150390625,48600
2011-06-30,454.87481689453125,460.82644468756763,451.47387338287933,460.82644468756763,253800
2011-07-01,453.1742858886719,460.82638443706463,449.7733428216744,460.82638443706463,306000
2011-07-04,454.87481689453125,461.6766572131261,454.8748168945313,459.97618545730006,135000
2011-07-05,452.3239440917969,455.724886537155,448.9230483511332,455.724886537155,155700
2011-07-06,460.8263854980469,462.5268570354607,455.7249708858055,455.7249708858055,349200
2011-07-07,460.8263854980469,466.77801252664364,459.12591396063306,459.12591396063306,162000
2011-07-08,461.6766662597656,466.77808162720675,461.6766662597656,464.22739729584123,191700
2011-07-11,454.87481689453125,458.2757604061833,454.8748168945313,456.57528865035727,234000
2011-07-12,443.82171630859375,448.0728717947957,442.9715038932346,446.3724002593743,235800
2011-07-13,441.2710876464844,444.67198443873644,439.5706158980039,444.67198443873644,207900
2011-07-14,442.12127685546875,443.82174851428397,435.3194369249143,437.8701210607839,135000
2011-07-15,442.12127685546875,447.2226918319144,441.27106437841434,443.82174851428397,406800
2011-07-19,446.3724060058594,447.2226651368677,440.42077890761635,442.97150959593745,348300
2011-07-20,457.4254150390625,457.4254150390625,452.3240007322215,454.8747312379922,303300
2011-07-21,448.9232177734375,455.725058526454,447.2227459090053,453.1743740821618,206100
2011-07-22,454.87481689453125,456.57528865035727,450.6236608573209,453.1743451387053,250200
2011-07-25,442.9715270996094,454.8747817664433,442.9715270996094,454.8747817664433,165600
2011-07-26,443.82171630859375,445.52218784401515,442.12124477317235,445.52218784401515,99900
2011-07-27,440.4208068847656,442.1212785500987,437.8701227391194,440.4208068847656,161100
2011-07-28,431.9184875488281,436.1696432838826,431.0682283789937,435.31943081875403,342900
2011-07-29,425.96697998046875,433.61908113757465,425.96697998046875,433.61908113757465,333900
2011-08-01,453.1742858886719,455.72496983656845,445.5221873402791,448.9231304072766,397800
2011-08-02,448.9232177734375,454.0245866620218,443.82180218014105,445.5222740445732,129600
2011-08-03,447.22259521484375,450.62353779774145,442.12118134049734,442.12118134049734,270900
2011-08-04,444.6719665527344,454.024537440835,442.97154157735883,446.37243823281693,176400
2011-08-05,438.7203674316406,439.5706266790892,427.6673708524906,429.36779593796746,329400
2011-08-08,429.3677978515625,438.720369386918,428.51758530503486,433.61900069833155,238500
2011-08-09,415.33892822265625,422.1408148294264,405.56125125395386,422.1408148294264,369900
2011-08-10,416.6142578125,425.1165686351337,416.6142578125,423.84125003456,162000
2011-08-11,406.4114685058594,407.68683393580056,403.86078435068384,404.7110435388803,240300
2011-08-12,400.03472900390625,412.3631367698879,399.1845165326622,412.3631367698879,180000
2011-08-15,413.6383972167969,414.913762448737,408.9621358741823,414.48865627299017,111600
2011-08-16,419.1650390625,422.9910891621625,418.31482646466975,419.5901453614151,175500
2011-08-17,414.0635681152344,420.86545480919204,412.7882493886475,420.86545480919204,323100
2011-08-18,405.986328125,414.0635328577715,405.56122191900215,412.78821423977786,118800
2011-08-19,396.2086181640625,398.3341957179641,392.38256922609975,392.38256922609975,183600
2011-08-22,383.0300598144531,394.9333146580621,383.0300598144531,391.5323947108966,193500
2011-08-23,384.7306213378906,386.8561997204517,377.5036501667114,385.5808573613868,168300
2011-08-24,377.0784606933594,391.957553716938,377.0784606933594,391.957553716938,123300
2011-08-25,389.8318786621094,391.9574561787142,377.5034963725126,380.05418005149875,328500
2011-08-26,390.6821594238281,391.5323952498782,383.8802961677806,383.8802961677806,63000
2011-08-29,388.5565490722656,390.25702058229706,384.3053936495383,390.25702058229706,236700
2011-08-30,397.0589599609375,406.8366374285657,393.65801648401236,393.65801648401236,171900
2011-08-31,393.2328796386719,397.05892907643323,391.10727845475253,392.3826204832221,198900
2011-09-01,395.7835998535156,403.01059316390786,394.508234356179,399.1845433766072,176400
2011-09-02,389.40679931640625,394.5081906839629,388.9816930992566,394.5081906839629,194400
2011-09-05,379.8843078613281,387.70643727411885,374.9529435760595,387.70643727411885,147600
2011-09-06,361.51910400390625,371.1267271104175,357.0978739716121,371.1267271104175,578700
2011-09-07,366.5354919433594,371.1267507150925,364.74999463690216,368.15093743923023,185400
2011-09-08,360.5839538574219,372.8273135858334,357.0979842945517,371.5519480458869,285300
2011-09-09,362.1143493652344,367.30076704380207,357.94819602688585,358.3733256289387,1961100
2011-09-12,352.2516174316406,352.4216459062322,346.0449125670171,350.2960681264938,279000
2011-09-13,373.42254638671875,374.95296665879545,351.5715562142279,356.6729493370303,569700
2011-09-14,362.1993103027344,372.40209198854683,360.92394507774554,371.976985815117,251100
2011-09-15,366.0254821777344,378.3538689273941,362.19943192274883,376.65339695798775,354600
2011-09-16,378.5238342285156,380.90448991764066,372.4021548428666,376.22820445889727,447300
2011-09-20,383.4552001953125,385.15567189293114,371.1268154161081,374.9528650595731,311400
2011-09-21,387.70635986328125,392.3826454011028,381.3296259636324,383.455203930182,350100
2011-09-22,388.13140869140625,388.9816443715487,379.20394572608484,380.0541814062273,373500
2011-09-26,377.92864990234375,391.53237573644805,371.9770227689671,391.1072695207863,416700
2011-09-27,362.1993103027344,380.4793194548605,357.9481318066878,377.92861235723257,883800
2011-09-28,354.456298828125,366.5009436477423,352.3054769913087,366.5009436477423,989100
2011-09-29,364.3502197265625,364.3502197265625,342.4117918649836,351.87543945962943,675900
2011-09-30,360.47869873046875,369.08201183886797,358.7580550125473,359.618388686357,301500
2011-10-03,343.7022399902344,352.73570782697385,338.9704167529811,342.41175133632794,496800
2011-10-04,343.2720642089844,344.56255278479665,333.8084183071724,338.1100626463438,347400
2011-10-05,336.8195495605469,346.7133497244368,333.3782154358752,345.85301619326884,405000
2011-10-06,358.7580871582031,359.188242218802,341.981614460245,342.84194821114284,536400
2011-10-07,363.4898986816406,372.09318864029314,363.4898986816406,369.0820324288249,433800
2011-10-11,368.2216491699219,373.8138057944889,365.6406719814264,369.5121613938657,316800
2011-10-12,368.2216491699219,369.5121613938657,351.8753815437967,359.1881817507954,357300
2011-10-13,372.0931396484375,377.2551412996102,372.0931396484375,374.24398548460755,311400
2011-10-14,371.66302490234375,372.5233586040287,365.6407126202481,368.2216900956041,247500
2011-10-17,394.0316162109375,397.4729272653054,385.85848178082813,386.2886368014874,409500
2011-10-18,400.4841613769531,403.0651391112041,388.0093568957365,388.86969068372053,340200
2011-10-19,400.4841613769531,402.6349840320626,393.1713359939395,401.7746738737797,366300
2011-10-20,378.115478515625,397.47290218826953,375.96463265893436,397.04274719474927,611100
2011-10-21,378.545654296875,383.70763265106905,375.53449828778696,381.98698895280285,339300
2011-10-24,397.4728698730469,397.9030720909838,385.4282474773704,385.85842606561283,286200
2011-10-25,391.8807678222656,400.91423532345163,389.2997669806283,400.4840803313603,167400
2011-10-26,397.903076171875,401.7745653572905,384.5679178747059,386.7187635785882,204300
2011-10-27,406.5063781738281,409.0873552979919,396.18239878808635,398.33324456448355,195300
2011-10-28,391.4506530761719,414.2494384899618,388.4394967510921,413.819283427679,495000
2011-10-31,383.2775573730469,400.0540318664163,383.2775573730469,396.61269649453465,395100
2011-11-01,377.2551574707031,389.29978124700824,372.09315559826047,378.5456461239652,265500
2011-11-02,361.7691345214844,366.93111184259584,361.33895596073756,362.19928945253827,582300
2011-11-04,368.6518859863281,370.3725534700951,361.76923968096014,369.9423747843034,251100
2011-11-07,372.0931396484375,372.0931396484375,365.64067302901583,368.6518288440185,170100
2011-11-08,364.3502197265625,370.3725559602371,363.9200646675786,366.0708872218981,166500
2011-11-09,364.7804260253906,367.3614274637494,363.48993712106216,365.6407598381769,120600
2011-11-10,356.607177734375,358.32784493107096,351.87537838800506,355.746867765723,274500
2011-11-11,364.3502197265625,365.21055347423027,354.0262620139489,354.0262620139489,205200
2011-11-14,367.36138916015625,372.5233678689491,365.6407217139922,369.94236669970303,157500
2011-11-15,363.9200439453125,366.9312000758391,363.9200439453125,365.6407113426702,62100
2011-11-16,358.3279113769531,366.5010702619857,358.3279113769531,365.21055781031197,177300
2011-11-17,369.9423828125,370.8027165730538,357.8977574241481,357.8977574241481,108900
2011-11-18,366.0707702636719,370.8025925491954,360.4786145053538,361.76912652939177,202500
2011-11-21,358.7580871582031,361.7692434714956,354.8865970940128,357.0374196564074,183600
2011-11-22,360.47869873046875,362.62954472984205,352.30556427382334,353.59605296968897,175500
2011-11-24,358.7580871582031,361.3390647811966,347.57377202623104,348.4341057771289,329400
2011-11-25,360.048583984375,365.6407416748424,357.03742760405424,357.89776137410314,226800
2011-11-28,367.36138916015625,369.94236669970303,363.05972054474614,363.05972054474614,154800
2011-11-29,379.4059143066406,379.8360692402766,372.52326996061305,374.2439369545432,205200
2011-11-30,382.8473205566406,382.8473205566406,375.5344962669939,378.11549724505113,381600
2011-12-01,384.9981384277344,389.2997830449393,383.2774711289735,387.57911574617845,253800
2011-12-02,378.115478515625,387.14894604681865,373.38365543841985,387.14894604681865,205200
2011-12-05,375.9646301269531,381.1266317926108,375.9646301269531,380.6964531722912,117000
2011-12-06,363.0597229003906,372.953525335479,363.0597229003906,372.953525335479,415800
2011-12-07,367.36138916015625,368.22169925353893,363.4898992211368,363.4898992211368,126000
2011-12-08,365.21051025390625,368.22166619954254,361.76919930019216,363.0596879541228,109800
2011-12-09,362.1993713378906,363.92003871049735,359.18821525067807,359.18821525067807,2224800
2011-12-12,363.0597229003906,368.22170164267595,362.1993891717265,362.1993891717265,108000
2011-12-13,361.3389892578125,361.7691678581999,354.8865229192573,354.8865229192573,269100
2011-12-14,357.89776611328125,364.7804127351096,354.8866096930876,363.0597451722273,169200
2011-12-15,346.2832946777344,356.607252770862,346.2832946777344,355.74694262118544,652500
2011-12-16,344.13238525390625,348.4340294362174,344.13238525390625,348.4340294362174,187200
2011-12-19,344.13238525390625,346.2832073450618,341.98153953305575,343.7022066578582,244800
2011-12-20,342.4117736816406,347.5737522638271,341.12126131381996,345.4229298237243,169200
2011-12-21,341.5513916015625,346.713369452595,341.5513916015625,345.4228808972607,76500
2011-12-22,337.6799011230469,342.8418789559981,336.81956754593915,342.8418789559981,135900
2011-12-26,340.26092529296875,343.2720812054193,337.67992438385534,343.2720812054193,72000
2011-12-27,338.54022216796875,341.98153271931295,338.54022216796875,339.83071067101105,48600
2011-12-28,337.6799011230469,338.54023470015466,337.6799011230469,338.54023470015466,45000
2011-12-29,337.2497253417969,337.6799039487982,335.52908180287807,336.819570364491,92700
2011-12-30,338.9703674316406,340.26087952747037,337.24970039033013,337.24970039033013,65700
2012-01-04,351.4452209472656,352.3055545974455,344.99273038576496,344.99273038576496,307800
2012-01-05,351.8753662109375,353.59600971839257,349.7245204746522,349.7245204746522,216900
2012-01-06,343.2720642089844,354.4563536686474,340.6910634276641,351.0150429232495,372600
2012-01-10,338.9703674316406,346.71334548784404,336.8195454448494,346.71334548784404,164700
2012-01-11,338.9703674316406,343.7021899803976,338.9703674316406,341.9815229390871,101700
2012-01-12,335.529052734375,339.830696653543,335.529052734375,338.5402082037313,141300
2012-01-13,337.2497253417969,340.2609047017196,335.9592367801839,340.2609047017196,165600
2012-01-16,335.529052734375,337.2496961242261,334.23854065486984,336.81954118418673,182700
2012-01-17,339.830810546875,341.55147814309646,335.5291651860228,335.5291651860228,63000
2012-01-18,345.4229431152344,347.57376563809856,337.67996312916364,339.4006305993348,126000
2012-01-19,355.7469177246094,357.46756153324594,348.0039378817976,348.4340929265319,543600
2012-01-20,363.9200439453125,369.94235620636573,361.339042849276,366.07086637716026,350100
2012-01-23,354.88653564453125,362.62951443219595,354.0262020426023,362.19933581638344,168300
2012-01-24,357.89776611328125,363.48992387779833,357.0374323318401,360.9089225334748,111600
2012-01-25,369.08203125,371.2328773624928,366.5010537225275,370.3725436434355,394200
2012-01-26,370.3724670410156,370.8026219967277,363.0596437563559,366.50097792082977,209700
2012-01-27,366.93115234375,370.8026416693343,365.64066377845376,369.5121531040381,100800
2012-01-30,368.6518859863281,370.3725534700951,360.90890593907665,360.90890593907665,288900
2012-01-31,371.66302490234375,372.09317993833685,364.7803789185632,365.6407126202481,160200
2012-02-01,376.3948059082031,385.42827331042207,376.3948059082031,383.70760610151484,628200
2012-02-02,376.3948059082031,380.69645030077515,373.38365010746344,377.6852945000355,163800
2012-02-03,382.4171447753906,383.70763345923274,377.68532142837256,377.68532142837256,357300
2012-02-06,389.72998046875,390.59031415959697,386.28864570536217,387.14897939620914,179100
2012-02-07,390.16009521484375,392.74109602089334,388.869606626667,388.869606626667,207000
2012-02-08,400.05389404296875,400.05389404296875,392.7410707119283,394.4617378050783,480600
2012-02-09,400.4841613769531,401.7746738737797,395.7523373578916,397.04282622501705,185400
2012-02-10,393.1712341308594,402.2047247494379,393.1712341308594,402.2047247494379,224100
2012-02-13,387.57916259765625,394.8919876865329,386.7188524739768,390.590342549335,252900
2012-02-14,383.2775573730469,388.43953680116687,378.97591178789736,388.43953680116687,501300
2012-02-15,394.4617919921875,398.33328166875333,383.707632997551,384.5679666623098,726300
2012-02-16,396.1824035644531,399.623714314725,390.59027064154924,392.7410928141812,252900
2012-02-17,401.7746276855469,406.9365825606276,401.7746276855469,406.506427530937,468900
2012-02-20,407.7969665527344,411.23825427474486,406.0762990620292,408.657276668387,145800
2012-02-21,404.7857360839844,414.67953747556083,402.6349138040237,409.94773791152625,308700
2012-02-22,407.7969665527344,408.2271216105607,400.0539864742609,405.6461440042028,180000
2012-02-23,409.51751708984375,409.9476720248227,400.91418209333347,405.64602815626074,403200
2012-02-24,414.2493591308594,416.40018128963345,407.3666904152693,408.65720261429027,279000
2012-02-27,416.40020751953125,423.7130316756475,415.53989750558543,421.5622093813888,244800
2012-02-28,421.992431640625,422.42258671615105,411.2382711960635,411.2382711960635,261000
2012-02-29,420.7017517089844,431.88606277754695,418.98108483232994,423.2827756536576,306000
2012-03-01,412.9588623046875,426.72415298890445,411.23819506173623,426.72415298890445,333000
2012-03-02,407.3666687011719,416.8303140509665,402.634869655969,416.8303140509665,314100
2012-03-05,394.89202880859375,406.07634513750673,394.46187370195986,406.07634513750673,461700
2012-03-06,393.6014404296875,400.48408580509454,391.0204395527736,397.0427513025427,310500
2012-03-07,391.8807678222656,391.8807678222656,386.2886111468996,387.5790997528701,482400
2012-03-08,395.3220520019531,397.0427191137322,392.3108963711872,394.46174207575837,441000
2012-03-09,402.2047424316406,404.3555646240706,395.7522522246547,399.623717993211,2416500
2012-03-12,395.7522888183594,408.22709176952515,395.7522888183594,406.5064244045992,260100
2012-03-13,393.1712341308594,402.6348797171345,393.1712341308594,401.7745697817413,538200
2012-03-14,400.4841613769531,404.35565160803066,400.4841613769531,402.20482895292116,414000
2012-03-15,409.94769287109375,414.67949191525156,404.3555366538416,406.0762037406414,363600
2012-03-16,425.0034484863281,425.0034484863281,413.8191372610282,415.1096019920664,603900
2012-03-19,430.1654968261719,434.4671413973669,425.0035422444955,429.30518681569055,461700
2012-03-21,424.5733947753906,435.3275548507064,420.701904709781,433.6068873482799,468000
2012-03-22,427.15435791015625,427.15435791015625,421.1320461519368,424.1431784013498,232200
2012-03-23,417.6908264160156,422.42262721930484,417.2606712992451,422.42262721930484,204300
2012-03-26,425.4337158203125,428.0146932238128,421.5622260853641,422.85269115741613,549900
2012-03-27,441.34991455078125,441.34991455078125,431.0259556945413,431.88626590780916,409500
2012-03-28,437.8746337890625,438.74341145471806,432.66182462148635,438.74341145471806,494100
2012-03-29,428.3178405761719,437.8746335151426,427.44906291105985,437.8746335151426,366300
2012-03-30,422.670654296875,430.05545555324466,421.8018766076781,430.05545555324466,282600
2012-04-02,427.4491882324219,432.66195120048934,427.4491882324219,429.18679179663155,544500
2012-04-03,429.18658447265625,430.92413947295654,424.8425537982898,427.4489817478174,80100
2012-04-04,422.236328125,437.0059328299982,420.064335855069,433.53072610828616,335700
2012-04-05,426.1459045410156,428.31789671301226,417.4579358530291,422.2363090865109,300600
2012-04-06,420.93304443359375,428.3178455713608,419.6298779207277,427.8834567337388,555300
2012-04-09,412.679443359375,417.0234269503636,412.679443359375,413.9826575264898,315000
2012-04-10,413.98260498046875,421.3674047825382,412.67939097876837,416.1545965002763,131400
2012-04-11,405.294677734375,407.9011062944236,402.25390804705137,407.9011062944236,320400
2012-04-12,409.63873291015625,411.8107250183468,403.1227088610322,406.59791532395803,273600
2012-04-13,408.7698669433594,417.8922710738245,408.7698669433594,415.72027918077043,122400
2012-04-16,399.6474609375,406.1634600592995,398.7786594637752,404.8602459175762,258300
2012-04-17,401.385009765625,407.46659576098614,400.5162322196624,401.385009765625,105300
2012-04-18,413.5481872558594,416.1545673521656,407.4665541569177,407.4665541569177,226800
2012-04-19,418.76104736328125,419.19543619555316,412.24507170556024,412.6794605378321,279000
2012-04-20,414.4170837402344,420.4986708613675,414.4170837402344,419.1954565766426,185400
2012-04-23,409.2042541503906,420.4986501290122,406.59787343399626,420.4986501290122,284400
2012-04-24,407.90118408203125,408.76996195135865,404.4259771556038,404.8603660902675,137700
2012-04-25,411.3761901855469,418.7609902247277,409.63863509354303,417.8922126787258,166500
2012-04-26,406.5978698730469,415.7202738873553,405.2946556639893,413.98267085012765,138600
2012-04-27,403.5570373535156,410.5074492393771,397.9098634896622,408.3354574561817,480600
2012-05-01,400.0818176269531,403.991435876009,397.90982604813246,399.6474288560972,147600
2012-05-02,398.77874755859375,406.5979386871936,398.344358656906,406.1635497855059,73800
2012-05-07,392.2626953125,393.5659095704059,387.0499098676999,387.0499098676999,256500
2012-05-08,387.918701171875,393.1314864789776,386.6155108106678,391.3938834225188,137700
2012-05-09,380.533935546875,383.5747292476877,377.058752972636,383.1403403742613,308700
2012-05-10,380.96832275390625,383.14031470004505,377.4931165502646,377.4931165502646,117000
2012-05-11,374.01788330078125,381.8370723324194,373.58347065331736,381.4026596849555,342900
2012-05-14,374.4523620605469,376.18996534337674,369.23957607433414,373.1491715295629,252000
2012-05-15,370.1083068847656,373.1491001166353,365.3299107026069,369.67389421605714,216000
2012-05-16,367.06756591796875,375.32114531362265,365.3299627202704,365.3299627202704,232200
2012-05-17,377.0587158203125,379.665096528611,367.5019229238213,368.8051132779706,144000
2012-05-18,362.7235107421875,369.2395099548452,362.28912193040424,367.06751817138354,353700
2012-05-21,361.854736328125,365.32994253147564,359.6827443821681,359.6827443821681,99000
2012-05-22,375.7554626464844,377.92747816124216,363.15790151715373,363.5922903027425,200700
2012-05-23,363.15789794921875,375.7554589547815,363.15789794921875,375.7554589547815,386100
2012-05-24,364.46112060546875,369.67390575679997,362.723517600934,363.59231910320136,179100
2012-05-25,358.8139953613281,370.54278222130716,357.51080477542314,369.2395916354022,142200
2012-05-28,359.68267822265625,360.55147961368783,353.60109234770516,357.5106866762123,404100
2012-05-29,362.7235107421875,364.8955025256492,357.94511450120825,358.81391598704744,133200
2012-05-30,360.11712646484375,364.46113413746843,357.0763330251435,364.026721439069,149400
2012-05-31,353.1666259765625,354.90422849419934,351.8634360194681,352.2978247177441,150300
2012-06-01,343.6099548339844,350.1259302828541,340.56913765645083,349.69154146450535,299700
2012-06-04,340.5691223144531,341.4379237742858,329.2747510611719,330.577941319785,277200
2012-06-05,354.0355529785156,354.0355529785156,346.2163627342673,348.3883547216085,78300
2012-06-06,366.6331481933594,367.50194978037433,355.33877528671604,358.8139577725003,244800
2012-06-07,373.1492004394531,377.92759790630515,371.84598594522515,372.71478765395085,333900
2012-06-08,370.1083068847656,373.58348892307134,364.8954980338985,373.58348892307134,1661400
2012-06-11,378.79632568359375,381.4027064387927,372.71471490948994,372.71471490948994,366300
2012-06-12,373.1492004394531,374.8868038569046,366.63319955514964,370.1084063900525,497700
2012-06-13,376.1897888183594,377.9273912858287,372.7145838834207,374.01779766515557,90000
2012-06-14,376.1897888183594,376.62417750409384,371.4113939639515,374.01779766515557,90000
2012-06-15,371.8459167480469,378.79632912444345,371.4115279056593,377.49311487273195,104400
2012-06-18,373.1492004394531,381.40278087892926,371.84598594522515,381.40278087892926,190800
2012-06-19,367.501953125,375.3211436170213,367.0675642586769,370.54274677608873,75600
2012-06-20,373.1492004394531,376.18999448885376,371.84598594522515,373.1492004394531,145800
2012-06-21,374.01788330078125,375.32107351863056,372.28028043546806,374.01788330078125,168300
2012-06-22,370.1083068847656,372.28029864149073,365.764299509043,365.764299509043,252000
2012-06-25,363.59234619140625,373.14913956607063,362.28915577205197,373.14913956607063,107100
2012-06-26,358.3795166015625,360.98589711990826,355.33872342197776,357.51071514135657,333000
2012-06-27,357.0763854980469,359.2484015846772,354.4700043737345,356.6419965980873,325800
2012-06-28,362.2891540527344,362.2891540527344,357.07634467550594,357.51075738807907,140400
2012-06-29,364.46112060546875,366.63311243000066,358.3795339518702,359.2483354541376,122400
2012-07-02,361.42041015625,370.542792228508,361.42041015625,370.542792228508,207000
2012-07-03,370.1083068847656,371.41149716634624,362.7235062771733,362.7235062771733,208800
2012-07-04,372.7147216796875,377.05872945438296,372.28033283335526,374.4523247895657,182700
2012-07-05,370.1083068847656,370.9771083599101,367.06751365289597,367.06751365289597,121500
2012-07-06,366.6331481933594,372.28034657781876,366.1987593309896,371.4115449908038,160200
2012-07-09,359.2483825683594,363.59236678712216,358.37958095215157,363.59236678712216,133200
2012-07-10,352.2979431152344,360.5515459166813,352.2979431152344,358.8139428150846,148500
2012-07-11,350.5603332519531,350.9947220582681,347.085127352344,347.9539288272463,107100
2012-07-12,347.95391845703125,354.9043061868319,347.5195296636626,350.99471159742706,137700
2012-07-13,349.69158935546875,350.56039097342347,346.6507956237655,347.08518450160466,149400
2012-07-17,347.51953125,350.56032440427623,345.7819283440502,348.8227214983265,43200
2012-07-18,346.6507568359375,348.8227487066552,346.2163441444298,347.9539471859134,112500
2012-07-19,351.863525390625,354.4699298290908,348.8227321435511,348.8227321435511,128700
2012-07-20,347.95391845703125,348.3883072503999,345.78192676564447,346.65072821465355,133200
2012-07-23,347.95391845703125,356.20749642920964,347.5195296636626,350.12591014841803,407700
2012-07-24,342.30670166015625,345.7819072601568,339.265908691291,345.7819072601568,153900
2012-07-25,328.4059143066406,338.39709422752884,325.79951020726,338.39709422752884,357300
2012-07-26,330.57794189453125,334.4875365394397,325.365156988744,334.4875365394397,216000
2012-07-27,337.0939636230469,338.83156666274175,334.4875590635045,338.83156666274175,81900
2012-07-30,337.9627990722656,344.4787753318748,334.9220053786595,340.56918003119887,211500
2012-07-31,344.0443115234375,345.3475017190572,332.74991695383056,337.96272546085106,208800
2012-08-01,320.5867614746094,326.23395905263453,313.20196097068856,313.6363736332985,794700
2012-08-02,327.1027526855469,329.2747443597884,321.8899440326415,324.9307371490339,403200
2012-08-03,327.5372009277344,330.14360572728333,322.32441519091225,324.4964072593985,184500
2012-08-06,333.1843566894531,334.4875469910522,328.40596043389263,328.40596043389263,146700
2012-08-07,337.0939636230469,337.52835245183377,328.40597228684595,330.1435753265408,65700
2012-08-08,331.44677734375,340.13476898581143,331.0123884996704,338.39716588494423,144900
2012-08-09,332.75,332.75,329.27481732360417,329.27481732360417,273600
2012-08-10,339.26593017578125,339.70034283442624,331.0123521465161,332.7499311942807,126000
2012-08-13,339.7003173828125,342.30669769031556,338.83151599288817,342.30669769031556,64800
2012-08-14,339.7003173828125,341.4378963003912,338.83151599288817,341.4378963003912,138600
2012-08-15,337.0939636230469,340.13475701137617,331.0123768463883,340.13475701137617,77400
2012-08-16,350.9947814941406,351.42919423628945,336.22520164433246,342.3067891362047,281700
2012-08-17,360.11712646484375,361.85472953389365,354.9043411199682,354.9043411199682,355500
2012-08-20,363.15789794921875,364.89547693677395,360.5514936744794,360.5514936744794,182700
2012-08-21,368.80511474609375,369.23952744072193,360.98592486552445,363.59232944647215,279000
2012-08-22,365.3298645019531,365.76425325345514,360.11705631031253,362.7234604061328,131400
2012-08-23,364.0267333984375,364.8955349615052,358.8139478823063,361.4203525715093,127800
2012-08-24,357.0763854980469,360.55159214683334,357.0763854980469,360.55159214683334,66600
2012-08-27,354.4699401855469,367.50191503408286,354.4699401855469,361.8547171835504,99000
2012-08-28,348.8227844238281,355.33878456545057,345.3475779850225,355.33878456545057,241200
2012-08-29,352.7323913574219,353.60119299574666,350.12598644244736,350.9947880807722,75600
2012-08-30,349.2571105957031,353.6011178643342,349.2571105957031,353.6011178643342,79200
2012-08-31,336.6595764160156,345.34756840986915,336.6595764160156,344.47876682425624,128700
2012-09-03,331.01239013671875,339.7003818217474,331.01239013671875,335.3563740480958,282600
2012-09-04,336.2251892089844,336.6595780727908,330.1436019420407,332.7499828494305,234900
2012-09-05,338.83148193359375,341.00347325894137,336.65946674597853,336.65946674597853,123300
2012-09-06,336.6595764160156,338.3971795872414,334.92199710706524,338.3971795872414,103500
2012-09-07,351.4290771484375,352.73226721613906,344.47866648798,348.8226731507659,171000
2012-09-10,354.4699401855469,358.81392384763444,352.29792449222987,355.7731305117185,97200
2012-09-11,347.08514404296875,352.7323419702598,345.7819536990837,352.29792928078245,100800
2012-09-12,350.5603332519531,359.24832413870365,343.6099453150072,343.6099453150072,162000
2012-09-13,359.68267822265625,360.55147961368783,351.863489565642,354.90428250311754,92700
2012-09-14,365.76434326171875,367.9363352782572,364.0267401035779,364.0267401035779,1435500
2012-09-18,375.32110595703125,376.6242962875132,364.46112290361975,366.6331147418474,255600
2012-09-19,377.0587158203125,378.79631886736064,369.23952597086947,369.23952597086947,204300
2012-09-20,373.1492004394531,378.7963996150309,370.97720809877825,376.18999448885376,177300
2012-09-21,372.2803649902344,374.4523571340574,370.1083728464114,374.4523571340574,124200
2012-09-24,370.542724609375,374.4523196215047,367.93631998053047,367.93631998053047,117000
2012-09-25,376.6242980957031,376.6242980957031,370.1083225497367,370.1083225497367,273600
2012-09-26,365.19818115234375,380.14010197518564,362.5613872158355,377.06382628878146,291600
2012-09-27,370.03228759765625,371.79016608797076,360.3639800416403,362.12185853195473,173700
2012-09-28,364.7586975097656,372.22964531761494,363.0008189170781,370.4717908656425,141300
2012-10-01,360.364013671875,363.4403133873716,359.0456167514593,362.1218923262399,133200
2012-10-02,362.5613708496094,366.516585716548,357.7272166632716,358.1666742526133,101700
2012-10-03,365.19818115234375,367.39554162038974,363.0008448250146,363.0008448250146,77400
2012-10-04,374.4269714355469,374.4269714355469,364.75866419940627,366.5165426315615,126000
2012-10-05,381.4584045410156,382.33734362694895,377.5031907246703,377.5031907246703,72000
2012-10-09,366.5166015625,374.42703163837615,366.5166015625,372.2296711745197,191700
2012-10-10,345.8614807128906,358.166579653003,344.54306001165764,354.2113658307227,306000
2012-10-11,337.0721130371094,341.0273268483131,335.31423486752783,339.70893029148164,342000
2012-10-12,335.3143005371094,345.42206578069295,335.3143005371094,345.42206578069295,223200
2012-10-15,343.66424560546875,344.9826425516947,335.3143339041272,338.390609539132,122400
2012-10-16,352.45361328125,352.45361328125,346.30106161824,346.74054338886526,170100
2012-10-17,352.01416015625,353.3325572035621,350.69576310893797,352.89309956803083,238500
2012-10-18,363.0008239746094,363.0008239746094,348.4983615939535,355.9693336466077,431100
2012-10-19,363.0008239746094,363.0008239746094,354.21145502942846,354.21145502942846,305100
2012-10-22,357.72723388671875,358.166691497219,348.93786441026174,350.6957431336965,246600
2012-10-23,353.77203369140625,356.40882774661395,349.37733669819687,356.40882774661395,150300
2012-10-24,353.77203369140625,356.84830951629385,348.9378790692349,348.9378790692349,126900
2012-10-25,349.3772888183594,352.0141066529266,344.10367728993947,352.0141066529266,377100
2012-10-26,343.22467041015625,353.3324339074318,342.7852129279746,351.5745798379955,264600
2012-10-29,341.4667663574219,346.7404005887458,340.14836986994493,344.5430409220068,160200
2012-10-30,336.19329833984375,341.46691065905287,336.19329833984375,339.7090559797953,297900
2012-10-31,338.8300476074219,341.9063228459033,336.1932299141321,338.3905659215169,209700
2012-11-01,366.95599365234375,369.5928112537483,354.2114114566235,359.4850466594327,684900
2012-11-02,369.1533508300781,369.1533508300781,364.75867871551065,369.1533508300781,406800
2012-11-05,364.7586975097656,371.7901877398006,363.87975821342184,365.19815508757995,205200
2012-11-06,355.9693298339844,358.60614773151156,355.09039053480865,355.9693298339844,183600
2012-11-07,355.9693298339844,359.0456053107418,351.1351757588755,357.28772671239034,180900
2012-11-08,355.9693298339844,356.4087874132146,348.05890028211803,349.8167788804695,119700
2012-11-09,350.2561950683594,352.01407345897445,346.3009807598316,351.5746159316769,203400
2012-11-12,346.30096435546875,351.5745992775006,343.664171035164,344.98256769531633,189000
2012-11-13,348.93780517578125,349.37726271168066,345.4220483257344,349.37726271168066,272700
2012-11-14,348.4982604980469,348.9377420952101,346.7404065315191,347.17986398797393,153900
2012-11-15,366.0770568847656,367.3954777645862,352.014077865239,352.014077865239,196200
2012-11-16,375.74530029296875,378.3821174647345,367.8348729183799,367.8348729183799,291600
2012-11-19,378.3822021484375,384.5347527854853,377.06378119713156,379.26114140240344,337500
2012-11-20,381.01885986328125,384.9740730249787,379.26100612307545,384.9740730249787,278100
2012-11-21,394.64251708984375,394.64251708984375,384.0952702071579,384.9742094591079,324000
2012-11-22,402.1134338378906,404.31076959782916,396.8397990451854,396.8397990451854,320400
2012-11-26,403.8712463378906,412.6606367532194,402.99233143706584,409.1448805870879,419400
2012-11-27,403.4319152832031,404.31085460010877,397.71882179367407,402.5529759662974,481500
2012-11-28,395.5215148925781,402.9924875697568,395.5215148925781,402.9924875697568,155700
2012-11-29,399.0372314453125,399.916146596406,397.2793528616955,398.59774972905075,207000
2012-11-30,406.9476013183594,410.46335797058094,393.3240805020681,393.3240805020681,335700
2012-12-03,410.90283203125,413.10016795703245,406.9476177085565,411.3422895601215,159300
2012-12-04,410.02392578125,410.02392578125,404.75031399696473,404.75031399696473,95400
2012-12-05,403.4319152832031,410.46342981844845,401.6740366493918,403.8713728712981,269100
2012-12-06,404.750244140625,409.58439750051895,404.31078662641266,408.26597667645865,299700
2012-12-07,407.3870849609375,410.02387847852646,405.189748982709,410.02387847852646,120600
2012-12-10,412.6607666015625,413.1002241902551,407.8265882816491,411.3423455540531,171000
2012-12-11,413.1002502441406,413.97916547695837,412.22128672988845,412.22128672988845,116100
2012-12-12,417.0553283691406,421.0105421805641,417.0553283691406,419.69212148295003,196200
2012-12-13,428.9210510253906,431.99730219379484,421.45007945987976,421.45007945987976,356400
2012-12-14,429.3604431152344,432.8761995842943,424.5263141813423,424.5263141813423,2720700
2012-12-17,415.73699951171875,435.0736153684101,414.41862680428244,434.1947002301193,473400
2012-12-18,400.7950439453125,413.5396261317523,400.7950439453125,411.3422902025381,558900
2012-12-19,426.2842102050781,426.7236677116944,406.06863380508054,411.78172623536005,800100
2012-12-20,428.0420837402344,431.55784071337183,424.5263750485242,424.5263750485242,318600
2012-12-21,418.373779296875,433.7551299004838,418.373779296875,430.6788790923309,466200
2012-12-25,412.22119140625,426.2842181308203,409.5843980361047,426.2842181308203,331200
2012-12-26,421.4501037597656,421.4501037597656,413.1002166022539,413.5396741828744,381600
2012-12-27,432.4368896484375,433.31580492488825,424.9659166728588,427.60271078364786,822600
2012-12-28,439.4682922363281,441.22617081279355,431.9973203567074,431.9973203567074,291600
2013-01-04,460.56256103515625,464.07831646413285,455.2889278916914,464.07831646413285,666900
2013-01-07,440.3472900390625,465.8364589653674,438.5894113253759,465.8364589653674,534600
2013-01-08,428.0420837402344,439.0288122109321,427.16316863766366,438.14989710836136,420300
2013-01-09,432.4368896484375,437.7104778700157,424.52645903463343,425.84483194930954,398700
2013-01-10,450.89453125,451.773446499674,438.14997044111556,438.14997044111556,471600
2013-01-11,461.4416809082031,462.32064429693656,457.04700880881865,457.9259721975521,251100
2013-01-15,463.1994323730469,463.1994323730469,450.0154196905734,457.04688346494305,655200
2013-01-16,457.9258728027344,465.83630017720446,457.0469096047837,463.1994588647697,147600
2013-01-17,461.4416809082031,464.9574379002817,454.4102152054735,460.56276580089724,272700
2013-01-18,474.6259460449219,478.1417045226134,470.2312720885314,470.2312720885314,414000
2013-01-21,473.7467956542969,477.2625041072425,473.7467956542969,475.5046257400577,158400
2013-01-22,470.2310791015625,478.14150828913483,467.5942371847529,472.86787273694387,163800
2013-01-23,459.6838684082031,468.4732621502781,457.92603794122266,463.19962590503314,349200
2013-01-24,474.6259460449219,477.26274076246654,445.62101102613843,450.89464874267577,508500
2013-01-25,479.8993835449219,483.41509227439343,474.62574802857296,482.5361771623825,204300
2013-01-28,471.98895263671875,481.65726023963094,471.98895263671875,481.65726023963094,344700
2013-01-29,475.5047912597656,479.0205492179446,471.9890815830274,472.8679969318518,82800
2013-01-30,486.05194091796875,488.68873457201875,480.7783053284403,481.65726873407596,337500
2013-01-31,492.20452880859375,494.84132266180444,479.8994264517012,486.05197763014746,208800
2013-02-01,491.3254699707031,498.35698325636355,490.44655495070697,498.35698325636355,221400
2013-02-04,506.2674255371094,509.7831822769891,486.930811749195,493.96232522895446,363600
2013-02-05,507.14642333984375,511.54114412255615,493.0834423668873,494.84132102368585,424800
2013-02-06,533.5145263671875,538.7881137740125,515.9357890211021,515.9357890211021,532800
2013-02-07,532.6353759765625,541.424765705021,530.8774980308708,530.8774980308708,464400
2013-02-08,524.72509765625,536.1512833917385,524.72509765625,531.7566114262202,461700
2013-02-12,523.8463745117188,537.9093589228753,523.8463745117188,537.0304435203097,247500
2013-02-13,517.6935424804688,529.1197262364408,517.6935424804688,523.846091822588,194400
2013-02-14,511.5410461425781,519.4514744423013,510.66208284181846,517.6935961222048,293400
2013-02-15,515.0568237304688,521.209422818493,502.75172211727875,508.0253577864013,392400
2013-02-18,529.119873046875,530.8777033911385,522.0883585440962,523.8462371697909,248400
2013-02-19,525.6040649414062,532.6355304824343,523.8461864857926,525.6040649414062,304200
2013-02-20,536.1512451171875,536.1512451171875,529.1197801306029,529.1197801306029,217800
2013-02-21,522.0883178710938,528.2408684409986,521.2094027674334,528.2408684409986,426600
2013-02-22,524.72509765625,526.4829760987425,513.2989602021876,513.2989602021876,332100
2013-02-25,527.36181640625,536.1511582863841,527.36181640625,530.8775241894548,261900
2013-02-26,511.5410461425781,522.9671828010718,511.5410461425781,515.9357178021082,334800
2013-02-27,500.1148376464844,512.4199370261487,500.1148376464843,510.6620587888508,263700
2013-02-28,529.119873046875,529.119873046875,513.2990136970539,514.1779288691856,362700
2013-03-01,536.1512451171875,537.9091234341894,522.9671818803852,522.9671818803852,501300
2013-03-04,544.9407958984375,548.4565052780799,541.4250382373582,541.4250382373582,208800
2013-03-05,543.1827392578125,548.4563257416937,543.1827392578125,548.4563257416937,190800
2013-03-06,566.0352172851562,566.0352172851562,557.2458718489386,558.1247870799866,318600
2013-03-07,560.761474609375,571.308695878909,560.761474609375,571.308695878909,269100
2013-03-08,558.124755859375,564.2773069768504,558.124755859375,562.5194283316529,4573800
2013-03-11,579.21923828125,581.8560320489723,565.1562577176799,566.914136323305,543600
2013-03-12,574.8245239257812,583.6138680305493,574.8245239257812,581.8559895533102,594000
2013-03-13,592.4032592773438,595.9189679436328,574.8245228201909,577.4613163902643,457200
2013-03-14,609.1030883789062,611.7398821914979,594.1611441175465,594.1611441175465,447300
2013-03-15,623.166015625,626.6817725939217,614.3766714841229,615.2555865856397,654300
2013-03-18,595.0401000976562,609.1030807237897,595.0401000976562,607.3452021103442,917100
2013-03-19,605.58740234375,609.9820753088303,601.1927293786697,608.2242447479479,536400
2013-03-21,617.0134887695312,623.1660395607496,616.1345736342554,621.4081610087687,758700
2013-03-22,601.1924438476562,615.2554196256899,601.1924438476562,615.2554196256899,659700
2013-03-25,600.3138427734375,613.4978622984398,600.3138427734375,613.4978622984398,714600
2013-03-26,605.58740234375,609.1031600283891,595.04017757127,595.04017757127,654300
2013-03-27,623.29443359375,625.9505015933352,611.7847245382902,614.4407925378754,551700
2013-03-28,624.179931640625,626.8360489480132,619.7531343074672,619.7531343074672,350100
2013-03-29,617.0967407226562,625.9503307274082,617.0967407226562,625.9503307274082,602100
2013-04-01,595.8482666015625,621.5237547515258,594.9629267428279,619.7530263996981,416700
2013-04-02,579.911865234375,593.1923059642627,573.7143391962587,586.9947799261463,639000
2013-04-03,591.4214477539062,598.50431225997,572.8288737118377,578.1410099327964,542700
2013-04-04,600.275146484375,602.0458750819864,576.3703833681694,582.5679091426266,599400
2013-04-05,628.6065673828125,634.8040913034645,623.2943831789605,633.9187029523139,1517400
2013-04-08,637.460205078125,648.0845256179757,632.1480204910226,638.3455448587983,1395900
2013-04-09,662.2504272460938,664.0211557752096,640.1163935836898,646.3139191184139,1131300
2013-04-10,675.5308227539062,677.3015511673118,662.2503839705448,664.0211123839504,615600
2013-04-11,707.4038696289062,707.4038696289062,687.9259048153629,688.811293380176,997200
2013-04-12,714.4867553710938,725.1110772884082,706.5185017745177,707.4038416699772,1369800
2013-04-15,698.5502319335938,716.2574671402541,696.7795035494918,712.7160103720502,440100
2013-04-16,692.352783203125,706.5185632026387,685.2698688861858,685.2698688861858,765000
2013-04-17,718.028076171875,720.6841928036083,705.633027338301,707.403755548005,575100
2013-04-18,701.2064208984375,720.6843878421424,701.2064208984375,711.8307443975641,656100
2013-04-19,689.6965942382812,705.6331011584693,688.8112543579862,702.9770328832245,599400
2013-04-22,696.7793579101562,707.4036773597362,695.0086298961681,705.632949345748,342000
2013-04-23,685.269775390625,699.4355534574147,685.269775390625,689.6965719175547,579600
2013-04-24,691.4672241210938,701.2062045886419,686.1550396930623,698.5501366918024,840600
2013-04-25,679.9577026367188,692.3528030466177,679.9577026367188,689.6966857844563,681300
2013-04-26,674.6456298828125,688.8114116426966,669.333443484967,687.9260229258704,583200
2013-04-30,695.0088500976562,702.9771043680314,679.95768152723,687.9259357976052,474300
2013-05-01,708.2891845703125,721.5695739528148,708.2891845703125,718.0281173304046,606600
2013-05-02,702.9769897460938,713.6013108294871,699.4355331735105,699.4355331735105,260100
2013-05-07,717.1428833007812,725.1111375596788,714.4868147592701,725.1111375596788,627300
2013-05-08,712.7161254882812,721.5697202044436,710.9453968181754,716.257582828493,528300
2013-05-09,702.9769897460938,718.0281072280379,702.9769897460938,718.0281072280379,187200
2013-05-10,729.5377807617188,730.4231691783399,718.9134602027426,720.684188401631,822600
2013-05-13,731.3086547851562,738.3915689930584,729.5379262331808,736.6208404410828,468000
2013-05-14,741.0475463867188,743.7036145709175,732.1939533498179,733.9646330497118,300600
2013-05-15,765.837646484375,772.0352199769934,754.3279852529528,754.3279852529528,949500
2013-05-16,783.5448608398438,784.4302493019266,766.7230150381929,782.6595210121176,467100
2013-05-17,768.4937133789062,777.34730584856,767.6083249513281,777.34730584856,493200
2013-05-20,771.1498413085938,774.691298025356,761.4108596546768,768.4937730882012,486900
2013-05-21,752.5571899414062,768.4936949112979,750.7864617631568,757.8693258418011,666900
2013-05-22,776.4619750976562,779.1180431426128,756.0986732728272,756.0986732728272,644400
2013-05-23,718.028076171875,779.118029186425,718.028076171875,773.8058445573129,1148400
2013-05-24,725.1110229492188,758.7547632395689,701.2062639508928,734.8500042412429,1622700
2013-05-27,686.1552124023438,719.7989583128323,686.1552124023438,712.7160925936774,655200
2013-05-28,719.798828125,733.0792658186743,656.0528050103327,668.4479028871282,893700
2013-05-29,710.9451293945312,742.8181361985982,708.2890617056419,733.9644961783857,720000
2013-05-30,694.1234130859375,720.6842912244524,687.9258878227804,690.5820048172485,834300
2013-05-31,699.4356079101562,715.3721155552847,699.4356079101562,710.9453186837184,507600
2013-06-03,695.8942260742188,717.1429214394354,689.6967000581903,691.4674287248223,599400
2013-06-04,739.2767944335938,743.7035908106142,686.1550920062798,692.3526652953359,781200
2013-06-05,698.5502319335938,733.0793138376838,698.5502319335938,725.996400301276,637200
2013-06-06,686.1552124023438,711.8307039823051,686.1552124023438,686.1552124023438,354600
2013-06-07,654.2822265625,673.7601933375405,639.2311057885994,667.5626672971853,608400
2013-06-10,702.9769897460938,703.8623295720614,667.562521288974,667.562521288974,407700
2013-06-11,678.1868896484375,692.3527169262634,674.645481463341,689.6965999944911,630000
2013-06-12,671.1040649414062,679.07231894647,655.1675569312788,661.3650824202881,626400
2013-06-13,633.9188842773438,664.0211727742089,633.9188842773438,659.5943756552743,443700
2013-06-14,627.7213134765625,651.6260745622751,626.8359735701409,644.5432094078201,4200300
2013-06-17,649.855224609375,653.3966808416245,619.7529439039571,620.6383322791954,281700
2013-06-18,641.8871459960938,659.5943833117392,640.1164174010928,653.396857546418,306000
2013-06-19,655.16748046875,664.9064618532624,645.4284990842376,664.0210733813847,342900
2013-06-20,641.8871459960938,648.0846717614149,640.1164174010928,643.6578745910948,469800
2013-06-21,649.855224609375,654.282020582511,614.4407595555828,615.326147930821,545400
2013-06-24,652.511474609375,666.6772538024439,650.7407461309461,664.0211367676197,234000
2013-06-25,647.1991577148438,653.3966818133213,634.8041095178887,645.4284295960856,256500
2013-06-26,628.6065673828125,649.8552069295193,625.0651112469111,647.1991391447685,297000
2013-06-27,637.460205078125,637.460205078125,624.179767927546,629.4919525146485,407700
2013-06-28,665.7918701171875,668.4479871714447,650.7407508919664,653.3968193118615,680400
2013-07-01,671.9892578125,679.0721703265708,667.5624618083818,679.0721703265708,332100
2013-07-02,695.0088500976562,695.0088500976562,679.0723415569058,683.4991386772555,361800
2013-07-03,700.3208618164062,707.4037257222383,694.1232890265687,698.5501336813602,376200
2013-07-04,693.238037109375,703.8623586313992,693.238037109375,701.2062904094827,162000
2013-07-05,700.3208618164062,703.8622694521462,695.8940171616149,702.0915413171,244800
2013-07-08,689.6965942382812,708.2892180680736,689.6965942382812,706.5184896731239,214200
2013-07-09,696.7793579101562,702.0914933177717,691.4671738681918,700.3208139381326,351900
2013-07-10,702.9769897460938,706.5184463186771,692.3526686627005,703.8623295720614,572400
2013-07-11,690.5819702148438,707.4038167099122,687.9258533534635,707.4038167099122,328500
2013-07-12,688.8112182617188,696.7794713042467,687.9258297934618,689.6965580956188,655200
2013-07-16,667.5626220703125,694.1234531058392,658.7090279365915,692.3527731865861,16320600
2013-07-17,647.1991577148438,667.5624581290344,643.6577014773275,667.5624581290344,14578200
2013-07-18,656.052978515625,663.1358934612869,648.9701122043319,651.6261809917708,10530000
2013-07-19,636.5748291015625,662.2502648934238,632.1479845468456,662.2502648934238,16821900
2013-07-22,615.3262939453125,644.5432418429099,610.0141083363775,642.7725133065982,16404300
2013-07-23,622.4090576171875,627.721242356939,609.1286687193417,610.0140085254559,9864900
2013-07-24,646.3138427734375,649.8552994133394,637.4602498080402,641.0017064479421,12348000
2013-07-25,658.7088623046875,662.2502698870729,646.3137655461076,649.8552217628446,10269000
2013-07-26,628.6065673828125,648.9698672127192,627.7211790316619,647.1991391447685,8838000
2013-07-29,596.733642578125,614.4408284562753,593.192185948752,602.0457788878272,11328300
2013-07-30,611.7847290039062,618.8676419003065,602.9311365177608,603.8164763126334,7924500
2013-07-31,596.733642578125,625.0651983443942,596.733642578125,611.7847603014242,8324100
2013-08-01,639.2310180664062,643.657814825686,621.5237823949267,623.2945108255107,14759100
2013-08-02,652.511474609375,652.511474609375,637.4603068599107,646.3139006176931,8080200
2013-08-05,636.5748291015625,647.1991490373103,633.9187126418622,644.5430812119612,5959800
2013-08-06,642.7723999023438,644.5431281262461,626.8358945215779,635.6894870067346,4384800
2013-08-07,631.2627563476562,640.1163497526354,626.8359596451667,627.7212995319206,4927500
2013-08-08,616.2115478515625,635.6895103968213,616.2115478515625,624.179800835136,6481800
2013-08-09,610.8994140625,620.6383953740877,606.4725690049734,619.7530069088397,9180900
2013-08-12,609.1287841796875,617.98237845645,602.9312584590809,606.4726669891671,2930400
2013-08-13,628.6065673828125,629.4919070996125,617.0968592583084,621.5236551110098,4594500
2013-08-14,646.3138427734375,646.3138427734375,633.9187931681383,640.1163179707879,7984800
2013-08-15,636.5748291015625,641.8869647522608,630.3772564518291,635.6894407368786,4374000
2013-08-16,627.7213134765625,632.148110277392,621.5237882285289,625.9505850293584,4550400
2013-08-19,626.8359375,627.7212773554763,616.2115674281362,621.5237524640681,4873500
2013-08-20,610.8994140625,626.8359200933969,609.1286857663607,617.9822786127004,5880600
2013-08-21,607.35791015625,619.7529586292779,604.7018422361306,607.35791015625,5647500
2013-08-22,603.8164672851562,613.5554480549246,600.2750108899033,603.8164672851562,5211000
2013-08-23,626.8359375,634.8041907367189,617.0969559179706,619.7530241187575,7156800
2013-08-26,632.1480102539062,633.0333986545955,621.5236898861076,629.4919423205449,4389300
2013-08-27,633.0335693359375,641.8871639238565,624.1799261136521,629.4921120470233,5406300
2013-08-28,617.9822998046875,619.7530281615491,607.3579782978769,612.6701633684614,8829900
2013-08-29,623.29443359375,625.9505015933352,615.32618096064,617.9822489602252,4547700
2013-08-30,597.6190185546875,619.7530508751174,595.8482901329298,619.7530508751174,13318200
2013-09-02,597.6190185546875,603.816543713659,589.6507649739583,597.6190185546875,5519700
2013-09-03,604.7020874023438,605.587427523212,597.6191718979067,604.7020874023438,9008100
2013-09-04,614.4408569335938,615.3262454491505,601.1604669094786,602.0458067906758,6716700
2013-09-05,625.0652465820312,626.8359750333688,614.4408758740067,623.2945181306939,5663700
2013-09-06,626.8359375,631.2627340460975,621.5237524640681,627.7212773554763,6005700
2013-09-09,632.1480102539062,646.3137869557555,628.6066025542088,645.4284471894194,6708600
2013-09-10,644.543212890625,646.3138927130359,636.5749591523307,638.3456389747417,5508000
2013-09-11,623.29443359375,643.6577350707299,622.4090451709853,642.7723952823197,10611900
2013-09-12,603.8164672851562,622.4090404087026,594.0774865153879,622.4090404087026,15621300
2013-09-13,610.8994140625,615.3262104856699,602.9311610470515,604.7018893431908,16416900
2013-09-17,625.0652465820312,628.6067034847061,612.6701960570304,614.4408758740067,9365400
2013-09-18,639.2310180664062,643.657814825686,629.4920360153745,633.0334928765425,10484100
2013-09-19,648.969970703125,648.969970703125,639.2309890935088,643.6577856521457,7560900
2013-09-20,646.3138427734375,651.6260277332902,642.7724347678931,650.7406878904935,5348700
2013-09-24,656.052978515625,664.0212335123102,649.8554522553553,650.7408409407475,11917800
2013-09-25,668.4479370117188,668.4479370117188,654.2821101436372,656.9382269985817,10036800
2013-09-26,676.4798583984375,676.4798583984375,654.1685230489942,667.5552948442948,7909200
2013-09-27,675.5875244140625,679.1573506118541,668.4479210424322,674.695092376591,5244300
2013-09-30,668.4479370117188,679.15736683699,659.523371304031,660.4158523867768,7119900
2013-10-01,659.5233154296875,669.340312364478,658.6308834465019,668.4478803812924,5023800
2013-10-02,656.8461303710938,671.1253887461216,650.5989578960166,661.3083894212972,8289000
2013-10-03,650.598876953125,657.7385297643549,649.7064448636991,654.1687033587399,4959000
2013-10-04,662.2008056640625,668.4479775261057,642.5668089410942,643.4592410539759,9371700
2013-10-07,655.0610961914062,662.2007485747683,649.7064059278375,662.2007485747683,6077700
2013-10-08,648.8138427734375,653.2761004364523,643.4591041634517,647.0289299034422,4893300
2013-10-09,660.4158325195312,661.308264551476,643.4591826970073,645.2440957848495,4360500
2013-10-10,655.0610961914062,663.0931806107122,649.7064059278375,661.3082675148717,5453100
2013-10-11,678.2649536132812,678.2649536132812,664.8781291919811,665.7706102995106,8296200
2013-10-15,670.2329711914062,678.265057266872,666.6631442636519,678.265057266872,4395600
2013-10-16,671.1251220703125,675.5873793474098,668.4477775088426,671.1251220703125,2518200
2013-10-17,677.3724975585938,682.7272373299517,672.910238927774,676.4800654420127,4693500
2013-10-18,676.4798583984375,679.1572029527091,672.9100329767804,675.5873775310521,3356100
2013-10-21,680.0499877929688,681.8349013016287,676.4801607756488,678.2650742843088,3699900
2013-10-22,699.6837768554688,700.5762579157989,687.1894342024681,688.0819152627982,14373000
2013-10-23,676.4798583984375,698.7911937478807,674.6949456876089,689.8666792176803,10634400
2013-10-24,677.3724975585938,679.157410815713,663.9857216661347,673.8027200683123,5888700
2013-10-25,692.544189453125,718.4253564159199,691.6517083722264,713.9630980832889,19845000
2013-10-28,705.0385131835938,707.7158583054307,694.329083672293,697.0064287941301,8151300
2013-10-29,693.4365234375,701.4686069098415,691.6516105520966,700.5761749791133,4932000
2013-10-30,703.2536010742188,705.0385141659145,697.8989108230841,704.1460821320429,6192000
2013-10-31,702.3612670898438,705.038612589168,697.0065270672358,697.0065270672358,6152400
2013-11-01,695.2216186523438,707.715963102998,691.6517919453112,703.2537042311872,7832700
2013-11-05,704.1461791992188,706.8235246938605,697.0065258482281,702.3612658614711,5801400
2013-11-06,709.5009155273438,711.2858289791518,698.7914838404583,701.4688295061891,5961600
2013-11-07,699.6837768554688,707.7158612786767,698.7913448190913,706.8234292422992,4403700
2013-11-08,696.1138916015625,698.7912363189407,687.1893275037265,690.7591531428609,4002300
2013-11-11,707.7159423828125,709.5008556840709,701.4687703403872,708.6084235454209,4264200
2013-11-12,708.6084594726562,710.3933728644117,700.5763737217369,705.0386326891453,5636700
2013-11-13,705.9309692382812,712.1781403172806,703.2535751873168,708.608314265295,4511700
2013-11-14,709.5009155273438,715.7480880966905,705.9311376476903,707.7160020755358,7083000
2013-11-15,720.2103881835938,721.9953016154399,713.9632156841134,716.6405613199015,7623000
2013-11-18,723.780029296875,730.0272496401794,722.8875972615189,725.5649423915402,5620500
2013-11-19,720.2103881835938,722.8877338193819,712.1783022522673,721.1028203875359,4850100
2013-11-20,735.3819580078125,738.951784285044,717.5328756456089,718.4253567268937,9407700
2013-11-21,749.6611328125,752.3385267421104,738.0592722053335,739.8441361264756,11586600
2013-11-22,760.3707885742188,764.8330474701046,754.1236163151866,758.5858752110724,12987900
2013-11-25,768.4027709960938,770.1876841195175,763.9404636755579,767.5102899224053,6420600
2013-11-26,770.1876831054688,776.4348545172496,760.3706854515407,768.4027699843951,8350200
2013-11-27,779.1121826171875,785.359353892098,766.6178400673664,767.510272096374,11050200
2013-11-28,780.8970336914062,796.9612011295748,777.3272078109359,784.4668595718767,13468500
2013-11-29,786.2518310546875,796.9612604695508,773.7574395427362,780.8970918352798,10565100
2013-12-02,775.5423583984375,792.499008207684,772.865013280747,789.821614066041,7855200
2013-12-03,784.4669189453125,788.0366960720178,770.1876633666345,775.5423535686687,9806400
2013-12-04,777.3272705078125,787.1442679589414,772.8650123092864,775.5423574236116,7871400
2013-12-05,776.4349365234375,787.1443673570437,772.8651099042493,776.4349365234375,8734500
2013-12-06,782.6819458007812,783.5743777579772,773.7573811090791,778.2196879669044,5039100
2013-12-09,797.8536987304688,798.7461797859887,788.036701263464,788.036701263464,9963900
2013-12-10,811.2406616210938,813.9180071993151,796.0689222885978,798.74631689078,13263300
2013-12-11,804.993408203125,815.7028384616647,794.2839779445853,805.8858402980217,9279900
2013-12-12,805.8857421875,808.5631361941494,781.7894902713559,794.2838812465029,7839900
2013-12-13,798.746337890625,808.5633373008162,796.0689432180513,804.1010291878476,11887200
2013-12-16,791.6065063476562,802.3159845848592,789.8215933081225,798.7461585057915,5080500
2013-12-17,790.7141723632812,800.5311707857372,786.2519137232441,796.9613442641246,6688800
2013-12-18,802.316162109375,804.1010265198856,791.6066815025385,791.6066815025385,8260200
2013-12-19,808.5634155273438,817.4879345687817,801.4237610750198,812.1331937295388,11709900
2013-12-20,807.670654296875,810.3480483005837,803.2083963226271,808.5631353060946,6361200
2013-12-24,810.34814453125,814.8104030354012,807.6707502095946,811.240576622498,10069200
2013-12-25,805.8857421875,807.6706551839495,799.6385712119015,804.9933102012502,5585400
2013-12-26,820.1649780273438,821.057459016751,803.2083784920445,806.7782044017756,6180300
2013-12-27,827.3046264648438,828.1970584266538,814.8102848558099,820.1649746745679,6471900
2013-12-30,833.5518798828125,835.3367438783571,828.197091800376,833.5518798828125,4977000
2014-01-06,833.5518798828125,838.0141379195754,826.4122278048313,829.982053843822,6999300
2014-01-07,837.1217651367188,840.6915918463418,823.7349885115724,825.5199508903437,7657200
2014-01-08,854.9708251953125,855.8632572840288,833.551964826565,838.9066554067741,7289100
2014-01-09,879.0671997070312,879.0671997070312,852.2935470605476,855.8633739499404,12689100
2014-01-10,879.9595336914062,884.4217922930638,863.0029313955245,879.9595336914062,11461500
2014-01-14,853.5428466796875,863.0029012574155,828.2863913208645,862.1104691778326,11107800
2014-01-15,897.8087158203125,897.8087158203125,874.5156677631015,877.9961727971754,12655800
2014-01-16,908.5179443359375,915.6575965064771,902.7170382273132,905.8406483079121,10393200
2014-01-17,898.7011108398438,907.1794121064934,896.0237164221962,902.2709373807354,8902800
2014-01-20,898.7011108398438,902.7171534423575,893.7926361140858,901.3784072095762,4170600
2014-01-21,912.533935546875,923.6896291853612,903.163203875453,904.0556358350366,6377400
2014-01-22,913.8728637695312,921.904949103256,906.2869945045783,916.9963762509334,5677200
2014-01-23,923.6898803710938,935.7380092454994,917.8889730084202,923.6898803710938,10940400
2014-01-24,896.9161987304688,913.8729002604591,891.4722840357448,908.0718950389592,11329200
2014-01-27,884.5108642578125,889.1516673147687,865.7694009533891,870.3208823762525,10551600
2014-01-28,881.5657958984375,895.1311145721072,879.0669472079974,887.9022392582577,11351700
2014-01-29,892.2753295898438,894.6849548459587,883.5292605755218,887.991518674116,7416900
2014-01-30,859.96875,874.6050519139937,853.4538567681074,870.8566792767357,11539800
2014-01-31,857.1126708984375,870.6779914465874,843.3689031539823,870.2317754079139,12394800
2014-02-03,829.1790771484375,843.9938250334302,827.2156673759273,829.9822857804677,12971700
2014-02-04,767.2426147460938,802.4052925680118,765.457701518834,776.434900708097,19871100
2014-02-05,794.283935546875,811.4190328506834,781.8788163366603,794.0161667135343,14065200
2014-02-06,787.858154296875,798.478309832914,782.2356959429973,797.4073817258718,8002800
2014-02-07,794.283935546875,801.4235389968146,788.036715120242,801.2450427825719,9493200
2014-02-10,808.0277709960938,814.096446696506,800.2634056292985,812.311533427451,7596000
2014-02-12,845.5107421875,853.6321484568196,820.165063820247,821.4145373361176,13764600
2014-02-13,827.0369873046875,855.8632697444459,823.37793724935,848.4559460331825,7985700
2014-02-14,817.3092041015625,843.3688667514815,812.8469458595231,833.8195890114803,8705700
2014-02-17,842.119384765625,844.1720175338814,817.3984208864925,820.1649894322535,11570400
2014-02-18,861.8427734375,864.7878387690923,841.4055672324048,856.7557532757326,9646200
2014-02-19,854.4354248046875,875.4972936959548,849.7053972501164,861.2179874288533,7785900
2014-02-20,835.6045532226562,845.9569413851158,832.659390220109,845.243054581016,6176700
2014-02-21,850.6870727539062,853.0966983888877,840.7808993975947,849.7054169979886,5596200
2014-02-24,847.7420043945312,860.3255722049487,835.4261073995388,850.0624064157197,5109300
2014-02-25,872.3737182617188,873.7124645580218,859.5223813238956,861.2180220480984,7922700
2014-02-26,864.6093139648438,873.3553836166994,860.6824951765115,861.5749272517025,5570100
2014-02-27,865.6802978515625,877.9960958976197,859.6115243792373,859.6115243792373,6239700
2014-02-28,864.8770751953125,870.410212841549,849.7945614560948,857.6481989636444,7574400
2014-03-03,838.9957885742188,848.7235129981206,831.499144131629,847.8310810055957,8299800
2014-03-04,848.4559326171875,855.8632562113245,825.6091024968002,825.9660949414216,5964300
2014-03-05,855.1494750976562,872.1061790422223,855.0602514772174,866.5729419039302,6905700
2014-03-06,868.6254272460938,869.5178593941228,853.1859196743527,856.7557463143868,4715100
2014-03-07,872.4628295898438,881.2088990020744,862.1104413150251,874.5155605736162,7038000
2014-03-10,870.94580078125,872.4628961641091,859.5223362972114,872.4628961641091,6182100
2014-03-11,871.0350341796875,873.623106963008,862.3781876050193,873.623106963008,4894200
2014-03-12,856.130859375,866.1263517462974,854.970658666485,860.5038934154359,5324400
2014-03-13,847.9203491210938,855.8632099770399,845.7784926169815,850.508519692806,4213800
2014-03-14,811.9545288085938,825.5198490216237,808.741694971187,821.1467652692099,11068200
2014-03-17,799.9957275390625,811.6868634886262,794.6409874525011,804.5472590638377,5984100
2014-03-18,804.6362915039062,826.9476296945286,804.6362915039062,826.7691825222698,5405400
2014-03-19,805.7073364257812,818.3802250254947,798.8354524836518,806.3320977150254,6024600
2014-03-20,808.3847045898438,822.6639116545865,807.7599923447583,808.5632008061473,8237700
2014-03-24,858.540771484375,865.1448875205651,808.3848456910839,813.1148246648928,15298200
2014-03-25,857.2020263671875,867.4652909792919,853.0967597415157,856.7558102598688,10439100
2014-03-26,869.4286499023438,874.6048937120232,854.6139034224859,856.7557602221079,11879100
2014-03-27,876.6200561523438,878.2380997545031,811.5387358479879,845.8772277113175,12559500
2014-03-28,870.9567260742188,882.2830289814287,866.7318791994766,874.4625194170536,7950600
2014-03-31,875.0916748046875,885.429217041885,865.6531222784573,884.4403579870772,7910100
2014-04-01,879.4064331054688,884.6201385608031,874.3725650837746,883.6312795695682,7236900
2014-04-02,867.9005737304688,882.6427035195846,867.540997545669,880.934790709937,8994600
2014-04-03,871.7658081054688,876.1704927364827,862.417123967766,871.406231935842,5193000
2014-04-04,866.2824096679688,872.9343212668033,862.9563551110302,867.5408767607883,5493600
2014-04-07,865.3832397460938,866.7316746599421,852.0793205612943,857.5627320272761,5860800
2014-04-08,847.8546752929688,861.8777499154622,847.0456536562388,861.1585976255858,6161400
2014-04-09,826.19091796875,839.3150528451613,825.2919775641935,835.9890967952128,10485900
2014-04-10,819.2692260742188,841.2925974106033,818.1904976848484,839.6745542053078,8577000
2014-04-11,811.9881591796875,817.111947008269,797.7852948523835,802.7293439666004,7532100
2014-04-14,811.62841796875,821.067019355862,802.0999472427285,804.6168812772876,5167800
2014-04-15,809.56103515625,819.3591645578937,807.8530730850027,813.6061435108303,4241700
2014-04-16,821.3367309570312,821.3367309570312,811.7183408785585,816.392682521773,6141600
2014-04-17,802.36962890625,821.2467828726645,795.9873749091508,819.0894248860086,13635900
2014-04-18,809.0216064453125,809.7407587082685,800.9313903808594,805.6057319537923,5746500
2014-04-21,813.7858276367188,819.8085053451539,811.8980777265491,815.1341639968309,4694400
2014-04-22,794.549072265625,817.3814648920771,793.2906052073482,813.965590463355,9317700
2014-04-23,793.2007446289062,802.4595583633593,783.4025667011931,799.1335532397283,9279000
2014-04-24,784.21142578125,804.1673042510882,781.7843614827054,801.8301092767492,10446300
2014-04-25,792.93115234375,797.6055439361429,781.6048483010651,783.133022379927,8552700
2014-04-28,770.637939453125,782.9530504112954,764.1657672344518,782.4136862668208,10047600
2014-04-30,764.0758666992188,779.6270631317029,760.7498620122406,771.8963748916,11323800
2014-05-01,816.3027954101562,821.0670556732784,785.2003984430545,791.0433377145916,17572500
2014-05-02,804.0775756835938,815.1341709488498,801.2010161242206,811.7182965923352,8797500
2014-05-07,776.48095703125,793.02096535361,776.48095703125,788.9758573062263,11087100
2014-05-08,773.6044921875,785.1105834627492,773.244916033544,778.3687034017456,5102100
2014-05-09,780.8855590820312,789.0656436602866,770.1884912174824,771.2671701237481,5463900
2014-05-12,775.5819702148438,790.3241454296824,775.2223941264625,785.3800976613272,4082400
2014-05-13,783.4924926757812,796.2570503376904,782.2340255919509,794.1895616458604,3634200
2014-05-14,795.5379638671875,795.5379638671875,783.4026387435587,786.9983016051,4839300
2014-05-15,782.8631591796875,786.0093264875682,777.5595353542534,782.0541376749819,5785200
2014-05-16,772.256103515625,778.0091738218919,768.9301475504299,773.9640655513773,5949900
2014-05-19,760.480224609375,777.0202310112879,759.8509911393706,769.6491186592649,5708700
2014-05-20,765.9636840820312,774.2336883293051,763.1770430917658,770.9976018577092,5139000
2014-05-21,740.9740600585938,760.4804515869865,736.3895869759618,759.5815604697647,12440700
2014-05-22,744.4795532226562,754.637256436292,740.9738099186919,748.7943180105163,11997900
2014-05-23,754.8172607421875,760.9298582877025,746.1876793151995,751.0418096093614,7065900
2014-05-26,777.2000122070312,778.9978432678075,767.4917541060915,769.4693238320667,8955000
2014-05-27,768.480712890625,779.807016207856,768.480712890625,771.716799552691,6156000
2014-05-28,769.19970703125,776.480900991042,765.4242566665871,769.4693644220271,5796900
2014-05-29,771.5369262695312,775.0426699733598,765.9636445764496,766.5030087534841,2960100
2014-05-30,775.132568359375,783.5823605557559,771.716743246433,773.0650796714069,7801200
2014-06-02,818.0108032226562,820.5277870404384,795.7177719273794,798.9538587082668,14654700
2014-06-03,815.22412109375,825.2020377706053,814.5049688314945,821.5165058734458,6859800
2014-06-04,816.662353515625,817.6511631593324,807.133882578432,815.2240984098939,6702300
2014-06-05,817.1118774414062,818.2804752578903,811.7183832429313,816.6624319362242,6044400
2014-06-06,814.0554809570312,826.5503805222263,811.4486282102724,822.5052727046277,7299000
2014-06-09,814.1453857421875,822.4153897936455,813.5161522074718,822.3255204510117,3287700
2014-06-10,803.1788330078125,816.9322031577435,800.3921914814983,812.1679912574111,5230800
2014-06-11,812.9768676757812,816.8421877494441,803.1786894045099,805.9653304325901,4470300
2014-06-12,806.05517578125,808.931735448434,800.7516006784508,802.1898558226627,4119300
2014-06-13,802.1900024414062,803.4484697502606,794.6391492095106,800.7517470343198,7958700
2014-06-16,797.9650268554688,803.538309214511,791.0434079608627,802.5494994611724,4609800
2014-06-17,805.336181640625,808.0329042278076,802.1899641399395,802.9091164985305,4767300
2014-06-18,813.9656372070312,816.2129634271304,806.1451276252315,807.7631709012952,5049900
2014-06-19,831.9439086914062,840.0341246632594,816.3027915599837,816.3027915599837,10814400
2014-06-20,828.8876953125,834.6407167675605,825.5617390423121,831.5844673259812,6303600
2014-06-23,834.4609375,841.0229803644462,832.9327634747096,833.6519158110264,4743000
2014-06-24,845.7872314453125,850.1020466561956,830.2359820703257,835.9891019373463,8755200
2014-06-25,844.0791015625,851.5400334633961,840.7530475903197,844.7981549480353,6229800
2014-06-26,854.7762451171875,856.1245815156458,843.5398121908136,847.3153121185261,7638300
2014-06-27,845.3375854492188,854.5064298062576,840.5733258525678,846.3263455976718,6854400
2014-06-30,852.2593994140625,855.6752248141762,846.7759863946361,851.5402470906084,5383800
2014-07-01,869.0689086914062,871.4061040722721,850.0119670426461,855.315541940755,8929800
2014-07-02,879.4064331054688,884.0808237749113,850.0119502603555,855.3155250537527,7544700
2014-07-03,886.7775268554688,889.3844290512425,882.7324189288523,884.5302995393027,6269400
2014-07-04,887.946044921875,895.3171078698077,886.5078393200268,893.6091955112029,4771800
2014-07-07,881.6538696289062,888.7552271038662,878.2379455366568,887.0473144365047,3172500
2014-07-08,880.9347534179688,885.1596005848326,869.8780577866519,872.2152535101441,4183200
2014-07-09,873.2041625976562,875.5412596972583,867.7207491449498,869.2489232636584,6856200
2014-07-10,854.9561157226562,875.9007097909146,852.5290508567724,873.2939062346047,10294200
2014-07-11,858.8213500976562,861.6079909841733,846.5961569395619,849.4726671674948,5642100
2014-07-14,865.1136474609375,866.0125382481402,856.7537261219462,862.8663217354283,3629700
2014-07-15,872.75439453125,876.439925671306,867.3608524298267,870.1474928054787,4605300
2014-07-16,881.92333984375,886.1482849347117,869.3385714211712,872.6645268867612,6829200
2014-07-17,883.4514770507812,886.0582802113105,880.4850978064709,883.8110531345624,4965300
2014-07-18,872.6646118164062,878.2378937515626,868.8892105494556,874.1029163509709,4457700
2014-07-22,883.54150390625,886.9574279324319,874.552396481603,877.1592001068911,5798700
2014-07-23,887.5865478515625,888.1259614130985,881.3840819540408,881.3840819540408,3730500
2014-07-24,884.3504638671875,888.7551479246983,882.013268447689,884.0808558432193,4858200
2014-07-25,890.1036376953125,890.4632138800816,882.2831272598031,886.3282358915382,3674700
2014-07-28,884.8899536132812,893.4296156820249,883.6313876963372,885.429268465167,3791700
2014-07-29,888.3956909179688,912.3967337202722,886.1484632960027,894.4184189568876,8161200
2014-07-30,885.9684448242188,892.6204544927701,885.2492926291033,888.2157707445767,3150900
2014-07-31,891.9014282226562,895.4072216006837,890.3732542816551,894.418362503408,5796000
2014-08-01,900.7109985351562,907.4527812418213,890.6431604015177,898.9131173911777,8585100
2014-08-04,898.9130859375,905.2055215849269,894.9578463166912,901.609858180332,5081400
2014-08-05,881.6538696289062,902.5085953071401,879.5862820491747,898.823063166903,5382900
2014-08-06,870.5970458984375,880.6648804748594,867.990242607651,877.2490556445167,5198400
2014-08-07,890.1036376953125,890.8227900648509,874.013171282716,875.1817691938323,6208200
2014-08-08,869.3386840820312,883.9010735556043,860.079869925158,882.9123132243229,7740900
2014-08-11,884.6203002929688,887.0473654094851,873.0242895948797,882.8224194154386,4346100
2014-08-12,898.2837524414062,902.0591539483221,890.4631438632936,891.2721655260274,5863500
2014-08-13,897.4747924804688,900.2614338167493,889.9238901899819,900.2614338167493,4320900
2014-08-14,912.8458862304688,914.1942223708462,898.9126844165697,901.1600100746983,6906600
2014-08-15,907.902099609375,913.7450890615628,905.6548719412514,912.8461979943133,6502500
2014-08-18,907.902099609375,911.4977626359059,905.6548719412514,911.0483171022812,3087900
2014-08-19,907.003173828125,912.8461630566824,905.2053917624332,910.1493912006152,3651300
2014-08-20,901.60986328125,907.9022002067326,899.362536606585,907.0033090398842,3628800
2014-08-21,906.5535278320312,907.4524186660921,897.3845845550912,902.0589749042197,4935600
2014-08-22,898.46337890625,912.3965828892242,896.2161516557799,912.3965828892242,4029300
2014-08-25,905.6548461914062,911.94718224078,905.2054006705603,911.94718224078,4468500
2014-08-26,898.9130859375,908.8011849895217,898.9130859375,905.6549671658083,3038400
2014-08-27,902.0590209960938,908.80090011105,898.4633587186179,907.9019104735466,3196800
2014-08-28,895.0477294921875,900.7108815343789,889.2047399801853,889.9238923443601,6252300
2014-08-29,892.980224609375,900.7108654927356,888.2159637284864,889.4744309646118,4435200
2014-09-01,910.1495361328125,911.4978728967906,895.3174366988738,896.9354803186656,5430600
2014-09-02,959.58935546875,963.185017504719,916.8910539619412,916.8910539619412,13382100
2014-09-03,947.4542846679688,960.9380455719888,944.3080672065284,957.7918281105486,8534700
2014-09-04,951.0496826171875,960.0387882097356,949.7013464055568,957.7915611903509,6194700
2014-09-05,941.6114501953125,961.8369940001877,936.6674503224625,960.9381028883129,5403600
2014-09-08,945.2069702148438,950.6004148266004,940.2628723334167,943.8585349937622,4323600
2014-09-09,959.58935546875,964.5333537341427,949.2519135281567,955.9936934327809,6356700
2014-09-10,976.6685180664062,978.9158435093801,952.8474214128265,955.0946480983105,9052200
2014-09-11,977.1183471679688,1006.7824393712423,975.7699120058753,988.8041268559865,12987900
2014-09-12,976.2191162109375,986.5566556970764,972.1740092394039,982.0621033684273,7730100
2014-09-16,971.7250366210938,975.320699984782,964.5337098937172,975.320699984782,4800600
2014-09-17,978.4667358398438,982.5118440271663,972.6237469261979,975.320518636921,5420700
2014-09-18,1016.6704711914062,1022.0640145051419,992.3998225521616,992.3998225521616,10388700
2014-09-19,1061.6162109375,1072.8526454029845,1025.6597786600005,1029.7048871669722,22826700
2014-09-22,1059.3687744140625,1075.5492052515153,1054.4247758265103,1066.1106535155054,11804400
2014-09-24,1074.650390625,1087.2351600851348,1050.8291881176851,1051.7280790596549,13896000
2014-09-25,1101.1683349609375,1108.3596604623656,1081.8416847099213,1083.6395654640412,12573000
2014-09-26,1127.4083251953125,1127.4083251953125,1085.7865315145032,1088.5009314893018,14088600
2014-09-29,1156.81494140625,1165.8631395149414,1148.6715432270846,1153.6480422461932,14420700
2014-09-30,1128.3133544921875,1149.1242555619574,1115.193453727489,1149.1242555619574,11943000
2014-10-01,1092.1201171875,1117.9076101110193,1091.2153172900778,1114.288311114618,13065300
2014-10-02,1047.3314208984375,1058.6417177511162,1033.3067243739483,1045.0694211719288,19351800
2014-10-03,1069.9522705078125,1073.1191702890742,1047.3316713922118,1047.3316713922118,15695100
2014-10-06,1087.143310546875,1098.453604282556,1073.1186178874434,1097.096305413996,10248300
2014-10-07,1079.9052734375,1102.5258726146662,1078.548073273295,1101.621072505196,7156800
2014-10-08,1067.68994140625,1072.6664403321668,1055.474844366246,1059.5465433795807,8264700
2014-10-09,1036.4736328125,1069.9520243226207,1034.663933608143,1067.6899251688526,10147500
2014-10-10,1019.2821044921875,1021.9966040395555,1006.1622055922454,1012.0436047104212,10088100
2014-10-14,991.684814453125,998.4709122121403,977.207620341386,988.970315705499,10597500
2014-10-15,1031.4967041015625,1034.211202335115,997.1135237077388,1004.3521193927587,12941100
2014-10-16,1009.3291625976562,1023.3538623425359,981.7320637503456,982.6368638487118,13789800
2014-10-17,1015.2102661132812,1026.520563373547,1002.0903690065961,1002.0903690065961,12966300
2014-10-20,1067.2376708984375,1072.214170427969,1045.9743733400926,1050.9508728696242,11799900
2014-10-21,1047.3314208984375,1082.1671113470768,1043.2597219840102,1074.0237135182222,9315000
2014-10-22,1056.379638671875,1070.8568348232081,1047.7838407345387,1066.785135831485,10378800
2014-10-23,1065.880126953125,1069.9518251465736,1041.449937792434,1049.593334179331,7848000
2014-10-24,1055.022216796875,1076.285507188736,1049.1409192272213,1075.3807074713573,9012600
2014-10-27,1063.6182861328125,1066.7851853637994,1053.6652878716748,1065.427985439113,4845600
2014-10-28,1062.7132568359375,1069.047053930997,1053.2126606000452,1066.3325552607291,9672300
2014-10-29,1065.427978515625,1074.9285767401293,1059.546580066766,1073.1189768523068,7847100
2014-10-30,1075.3809814453125,1083.9767797637394,1068.1423830487263,1072.6664821949132,10341900
2014-10-31,1104.3350830078125,1108.4067814698706,1078.0952926553055,1084.428990592562,14146200
2014-11-04,1156.81494140625,1169.482438639761,1134.1944461345217,1167.2204388159464,28791900
2014-11-05,1155.0052490234375,1160.8865475009402,1141.8852534694481,1156.814848737528,11240100
2014-11-06,1147.766845703125,1163.6012435094626,1140.5282468076464,1155.9102446088573,9884700
2014-11-07,1139.1707763671875,1158.1719696987643,1134.6466779831596,1158.1719696987643,6830100
2014-11-10,1119.264892578125,1133.7419902256756,1115.6455933145573,1131.0275903330398,9035100
2014-11-11,1149.5762939453125,1151.838393079007,1125.146100453629,1131.479898502604,9194400
2014-11-12,1144.14697265625,1165.8626590491615,1141.432474579633,1162.6958606008957,9433800
2014-11-13,1140.98046875,1150.9335655296723,1125.1460734147968,1145.052167567432,8341200
2014-11-14,1158.172119140625,1158.172119140625,1133.7419250705645,1158.172119140625,8951400
2014-11-17,1147.766845703125,1159.0771440514698,1140.0758468025194,1158.1722446344913,8892900
2014-11-18,1179.8880615234375,1179.8880615234375,1158.172264465175,1159.5295639105207,10995300
2014-11-19,1179.8880615234375,1205.2230586846838,1178.078362065219,1186.2217611103858,9404100
2014-11-20,1184.412109375,1197.9844073891181,1179.8880100369606,1194.365108037342,7627500
2014-11-21,1166.7681884765625,1193.4603862608587,1158.1722898235873,1193.4603862608587,11423700
2014-11-25,1175.3638916015625,1179.8879908660942,1165.4107936942164,1173.1017922659364,8034300
2014-11-26,1160.886474609375,1173.553970032747,1159.9816748091416,1171.7443704322804,7557300
2014-11-27,1159.981689453125,1164.958187823935,1154.552791176487,1155.457590988143,5006700
2014-11-28,1160.4344482421875,1166.315748243541,1155.457948332314,1159.9820481964475,7929900
2014-12-01,1174.458984375,1175.8162837299938,1167.2204852441528,1172.6493844439683,7163100
2014-12-02,1192.10302734375,1194.3650271562283,1164.505933784505,1167.6728329286905,8490600
2014-12-03,1200.6986083984375,1210.1992047068875,1195.2697104231372,1203.4131070894364,10951200
2014-12-04,1225.58154296875,1231.9153418935414,1205.2230455772424,1213.8188445417984,11507400
2014-12-05,1221.0574951171875,1226.0339948218354,1212.9140958162257,1218.3429955479571,8284500
2014-12-08,1214.27099609375,1226.0336921138976,1211.556596601435,1225.5812921985116,7028100
2014-12-09,1194.8175048828125,1211.5568016181987,1192.1031049311732,1210.651902227597,7560900
2014-12-10,1176.720947265625,1198.4366409538732,1168.125149776387,1184.4119448942504,10029600
2014-12-11,1163.60107421875,1167.6727730792302,1143.2425799163484,1149.5762784733677,7354800
2014-12-12,1172.197021484375,1187.1266190138101,1163.6012227270407,1163.6012227270407,10791900
2014-12-15,1149.5762939453125,1176.2685865706903,1145.5045950300319,1172.6492876008065,6570900
2014-12-16,1133.28955078125,1140.9805490226827,1127.4082518119455,1129.6702516437101,6967800
2014-12-17,1135.551513671875,1146.8618096927985,1124.693617562984,1125.1460174750164,7704000
2014-12-18,1159.981689453125,1175.3636838780862,1158.6244897356414,1174.9112839722582,10048500
2014-12-19,1167.220458984375,1179.435556464188,1164.0535597695973,1177.1734571945703,9642600
2014-12-22,1175.3638916015625,1196.1747879810962,1165.8631936799975,1194.3650886312512,8406000
2014-12-24,1192.5555419921875,1193.912742010194,1177.1735441612132,1193.912742010194,8381700
2014-12-25,1199.7939453125,1204.318044041733,1187.126448989306,1192.5553475830438,4536000
2014-12-26,1210.6517333984375,1213.3662323782535,1202.0559359368463,1206.1276347032162,5259600
2014-12-29,1215.176025390625,1221.5098242154716,1200.2465271435854,1217.43812480142,9057600
2014-12-30,1198.8892822265625,1215.1760806230393,1197.0796821410554,1215.1760806230393,6552000
2015-01-05,1198.4365234375,1204.3179207681815,1179.435330601019,1193.0076253994623,5964300
2015-01-06,1159.0765380859375,1178.9826249382338,1159.0765380859375,1164.0530349473433,9586800
2015-01-07,1156.3623046875,1163.1485015829683,1144.1472099196742,1149.5761077920315,6558300
2015-01-08,1188.031494140625,1198.889293569855,1178.9832948140236,1179.8880948653377,9045900
2015-01-09,1210.19921875,1212.0089177005648,1199.7938225593723,1201.6034221032382,8048700
2015-01-13,1209.2945556640625,1209.7469556011636,1178.078164750408,1189.840861335166,7889400
2015-01-14,1191.650390625,1220.6046783191146,1189.3882918552383,1208.389583538471,7856100
2015-01-15,1237.79638671875,1243.6776850187464,1193.0077016730058,1193.0077016730058,10228500
2015-01-16,1225.1290283203125,1232.8200265492835,1206.5801326963149,1217.8904300569613,9978300
2015-01-19,1233.724609375,1246.8445042893438,1228.7481112222074,1239.6059072998096,6471000
2015-01-20,1203.413330078125,1225.1290254098737,1202.0560307777735,1225.1290254098737,14801400
2015-01-21,1197.9842529296875,1208.389749650274,1185.3167565350882,1205.6752506347493,9239400
2015-01-22,1171.7445068359375,1205.2228985954298,1165.4107086835784,1204.318098689868,14818500
2015-01-23,1169.482421875,1187.1265172814042,1167.2204220836115,1187.1265172814042,10412100
2015-01-26,1158.624755859375,1168.5777548870926,1154.1005569485296,1166.7681548481353,10107000
2015-01-27,1175.3638916015625,1176.2686915731247,1164.5059937226542,1176.2686915731247,8439300
2015-01-28,1174.458984375,1190.2933813984082,1160.4342866893435,1190.2933813984082,10404900
2015-01-29,1175.81640625,1183.9598056016248,1166.768206838579,1170.8399065143915,7277400
2015-01-30,1159.981689453125,1189.3883791788605,1159.5292895472971,1185.3166806197062,9008100
2015-02-02,1179.435302734375,1185.3166005193996,1163.148509598373,1170.3870070091657,8614800
2015-02-03,1139.1707763671875,1188.4835581004625,1132.8369789855278,1187.1263584072644,13257000
2015-02-04,1169.934814453125,1172.1969136369585,1148.219119559208,1149.1239194700556,10507500
2015-02-05,1188.483642578125,1192.102941423948,1163.6010499939614,1179.4354451669217,11109600
2015-02-06,1158.172119140625,1197.5319093890716,1154.1004201289481,1196.6271094768576,10231200
2015-02-09,1156.3623046875,1171.291898094852,1146.8617085592007,1171.291898094852,6884100
2015-02-10,1159.981689453125,1161.3388891706088,1150.028593304802,1155.9099908939709,6075900
2015-02-12,1153.6480712890625,1180.792765705215,1151.3860714083023,1180.340365729063,12642300
2015-02-13,1143.6949462890625,1157.2672422900898,1140.5280474001438,1151.3859438449902,9176400
2015-02-16,1155.0052490234375,1155.0052490234375,1145.9569522328602,1150.028650996272,5817600
2015-02-17,1169.482421875,1170.8397211565477,1140.5281286982238,1146.4095269692632,8766900
2015-02-18,1204.7703857421875,1207.9372845215933,1177.173295361716,1183.0546930101416,12941100
2015-02-19,1220.152587890625,1223.3193878020527,1204.7705906939498,1207.9374900120984,9882000
2015-02-20,1235.08203125,1236.4393305589308,1216.985634926945,1227.3910329906867,8236800
2015-02-23,1229.653076171875,1254.9880696317614,1225.5813772441536,1246.8446717763184,7083900
2015-02-24,1246.8447265625,1250.4640257024741,1213.366333776135,1230.5579301359749,10780200
2015-02-25,1249.1065673828125,1260.8692623025404,1245.0348691185488,1255.8926648854547,8001900
2015-02-26,1280.3232421875,1280.775741604288,1254.0834451635465,1257.7027446507686,10545300
2015-02-27,1334.1600341796875,1339.136532947729,1268.5604520911384,1284.847247627791,19626300
2015-03-02,1346.8275146484375,1360.399810964242,1337.3268177613356,1340.9461166602255,11986200
2015-03-03,1396.1405029296875,1396.5929029317688,1354.9711086730356,1356.3283086792799,14621400
2015-03-04,1416.9510498046875,1419.6655485529068,1396.1401578195394,1403.3787548769908,14266800
2015-03-05,1437.3096923828125,1451.334388669118,1408.3554005282542,1408.3554005282542,12387600
2015-03-06,1432.33349609375,1444.5485952087502,1423.2852966174678,1440.024495470609,10224000
2015-03-09,1432.33349609375,1448.6202949137503,1411.9749975687496,1418.7610974725956,7965900
2015-03-10,1438.21435546875,1459.0252476534195,1430.0709585527184,1445.9053524901908,7159500
2015-03-11,1451.3343505859375,1457.668148359818,1430.0710570422661,1435.5000549646516,5872500
2015-03-12,1463.0970458984375,1474.8597421801405,1459.0253471627213,1462.1922460475466,6297300
2015-03-13,1483.45556640625,1488.8845644231967,1455.858574014726,1470.7880700445564,11444400
2015-03-16,1474.85986328125,1499.7424576641083,1473.0502634308816,1488.8846597484671,9375300
2015-03-17,1529.1490478515625,1537.7448448151738,1483.9078647068893,1487.074763432089,9335700
2015-03-18,1573.4852294921875,1587.0576241733822,1523.2676475105334,1525.9821463281128,13501800
2015-03-19,1563.0799560546875,1592.939047773134,1547.2455606172161,1568.9612546482035,11292300
2015-03-20,1568.9613037109375,1569.8662030208377,1548.6028088556627,1565.342004691476,5920200
2015-03-23,1589.77197265625,1591.5816716122304,1564.4369825261176,1582.0810751651054,6272100
2015-03-24,1586.153076171875,1610.1307718079318,1576.6523785054608,1592.034375235802,8244000
2015-03-25,1604.2493896484375,1606.0589894492311,1577.5570967397412,1591.129492872545,7617600
2015-03-26,1526.4346923828125,1581.176378030698,1519.196094447322,1578.914378305052,15195600
2015-03-27,1525.5242919921875,1542.363402494013,1487.7502927571852,1490.0258806626648,12672900
2015-03-30,1524.6138916015625,1531.4405543995963,1506.4095908060792,1525.5240866414456,7518600
2015-03-31,1505.0445556640625,1554.6514971112429,1505.0445556640625,1549.19012557607,9454500
2015-04-01,1498.6732177734375,1514.6020361220208,1484.5647900934982,1496.8527271053063,9207900
2015-04-02,1503.2242431640625,1513.6917891501405,1490.9363065714408,1501.8589502091547,8041500
2015-04-03,1547.36962890625,1547.8247265030457,1500.0382788458191,1502.3138668292704,8227800
2015-04-06,1556.92724609375,1572.8560657409546,1528.2553907286804,1534.6269585873606,6777000
2015-04-07,1586.5086669921875,1588.3291570859667,1561.0226056749261,1574.6758313807184,8687700
2015-04-08,1578.3170166015625,1592.8805401685854,1574.6761357098067,1592.8805401685854,8041500
2015-04-09,1588.32958984375,1592.8806663190046,1582.8682180738576,1588.32958984375,5711400
2015-04-10,1580.1376953125,1595.6114159462077,1577.8621069842247,1592.8807299521748,6214500
2015-04-13,1584.2335205078125,1602.4378253688083,1581.9579324004494,1588.3294991014843,6048000
2015-04-14,1566.9395751953125,1587.4194703111416,1562.8435961721466,1579.2275122648098,5030100
2015-04-15,1581.502685546875,1586.0537613326803,1554.6513284106766,1566.4840654540897,5155200
2015-04-16,1571.490478515625,1590.604978515297,1557.3820523259387,1587.8743928007593,6134400
2015-04-17,1505.954833984375,1558.2922606116242,1492.75660292236,1558.2922606116242,12474000
2015-04-20,1514.146728515625,1531.895935071892,1479.5584106117394,1490.936150711681,8430300
2015-04-21,1526.434814453125,1529.1654003469457,1493.6669837314084,1505.4998226030818,10717200
2015-04-22,1512.326171875,1536.446943830815,1508.2301936183421,1528.7100849016313,9342900
2015-04-23,1546.9144287109375,1565.1187313732653,1520.062972284592,1528.2549284825327,10319400
2015-04-24,1514.6016845703125,1541.9081382588386,1511.4159016401452,1538.2673577666064,7679700
2015-04-27,1535.0814208984375,1536.446713446113,1511.8708475912294,1523.2485854868876,5653800
2015-04-28,1570.125,1572.8556855650409,1547.369620289564,1547.369620289564,9565200
2015-04-30,1544.6387939453125,1574.2208348724919,1530.9855673634133,1571.9453471085733,10724400
2015-05-01,1554.6517333984375,1591.5155468660287,1540.998402484852,1583.7786860148622,11765700
2015-05-07,1551.4659423828125,1565.1191732341072,1542.8188861770432,1550.1005492980375,7504200
2015-05-08,1574.6761474609375,1578.3170283798636,1552.3758643319259,1552.830961946857,7170300
2015-05-11,1643.852783203125,1651.134545476334,1585.1437873742755,1591.0601567215815,14072400
2015-05-12,1646.5831298828125,1648.8587176242575,1614.7255014993511,1632.019608336272,7642800
2015-05-13,1679.3511962890625,1682.0817819744348,1636.1158229431,1638.3914110137193,8469000
2015-05-14,1751.2584228515625,1764.4565536891794,1693.4595257360777,1698.4656995021426,14075100
2015-05-15,1780.8406982421875,1795.8592214835187,1753.5342378036821,1773.1037377852754,10554300
2015-05-18,1769.4630126953125,1791.76329942961,1764.001640434246,1789.4877109875833,6943500
2015-05-19,1773.558837890625,1792.218341496635,1770.373054348211,1781.7507955714132,6826500
2015-05-20,1785.8468017578125,1791.3081736282882,1765.822104897685,1786.3019994132565,6601500
2015-05-21,1778.1099853515625,1783.11615940821,1769.462830163467,1776.2893947863568,5858100
2015-05-22,1765.822265625,1779.0203988475707,1747.6177577327412,1774.9244195716353,6924600
2015-05-25,1781.2952880859375,1785.3912662138805,1769.917748840702,1774.9239221083064,4807800
2015-05-26,1799.5003662109375,1800.4105616416061,1774.9244895858974,1785.8470347529167,5409900
2015-05-27,1854.113037109375,1877.3237173965028,1787.6671798147295,1797.6795281744087,13583700
2015-05-28,1872.7724609375,1899.1687236678326,1862.7601130051612,1884.1502017693247,9378900
2015-05-29,1841.8250732421875,1870.496924938317,1836.818899136399,1864.5805555404731,8808300
2015-06-01,1851.3822021484375,1851.3822021484375,1811.787811689158,1834.088093672007,6223500
2015-06-02,1851.3822021484375,1861.3945491612749,1839.0942671784258,1856.8435732458677,4243500
2015-06-03,1832.722412109375,1855.9330856168594,1826.3508468328534,1831.3572195493418,5277600
2015-06-04,1845.4656982421875,1845.4656982421875,1831.812371498458,1838.183937312127,4347900
2015-06-05,1826.8062744140625,1831.8124477621018,1817.2489252956593,1822.2550986436986,6170400
2015-06-08,1820.435302734375,1850.017354903916,1812.2433436720712,1843.1907890183297,6381900
2015-06-09,1764.45654296875,1809.0571089766831,1764.0013453568954,1795.403980606351,7765200
2015-06-10,1725.772216796875,1767.1869964199736,1725.3170192190787,1764.456410950003,13223700
2015-06-11,1756.7193603515625,1756.7193603515625,1717.580170664148,1738.5150581715197,7808400
2015-06-12,1812.69775390625,1815.428339074435,1766.2766060536212,1778.5645393088248,12303900
2015-06-15,1821.3453369140625,1832.268081362642,1785.8469174536358,1788.5775035662894,5901300
2015-06-16,1809.51220703125,1820.4347491263602,1792.2180987144338,1806.326423920397,3941100
2015-06-17,1813.6085205078125,1823.6208692787236,1797.6796020095662,1811.3329321510664,4456800
2015-06-18,1837.7293701171875,1864.1258375425523,1824.531236404003,1825.4414318326023,9010800
2015-06-19,1912.3668212890625,1927.8405405473502,1865.4906658883722,1865.9458635131555,15346800
2015-06-22,1911.4569091796875,1918.7386722621627,1880.0544683856888,1896.8935830137227,8294400
2015-06-23,1936.48779296875,1951.9615130064592,1928.7508329504121,1929.6612282458361,8666100
2015-06-24,1986.09423828125,1992.4658043983213,1956.5121955936315,1956.9673931729667,10788300
2015-06-25,1978.8131103515625,2000.2032012869436,1952.8718426218966,1956.51262405814,7430400
2015-06-26,1984.7291259765625,2000.2028443170118,1966.0696244484666,1992.9210827450977,5229000
2015-06-29,1925.5648193359375,1970.6205764416584,1925.5648193359373,1939.217945732329,8899200
2015-06-30,1944.22412109375,1949.2302941116664,1920.558448646104,1923.2892339278196,7182000
2015-07-01,1987.9150390625,1993.3762105990818,1945.5898596597235,1963.3391671510087,6488100
2015-07-02,1958.7880859375,2022.503356948245,1950.141130585437,2005.2092462451515,10529100
2015-07-03,1967.89013671875,1970.1657248507088,1929.6611360972508,1934.6673099881862,5470200
2015-07-06,1928.7510986328125,1987.9154010440657,1916.0081627281227,1940.128841404246,8071200
2015-07-07,1938.308349609375,1972.8965738336685,1934.212370424946,1966.070008525948,6554700
2015-07-08,1843.6451416015625,1947.409775491519,1843.6451416015625,1942.8588003203324,12446100
2015-07-09,1869.586181640625,1890.9762647315688,1770.8277214121788,1799.4995647041321,13644900
2015-07-10,1745.7967529296875,1891.4315648526642,1737.6047972590065,1889.1559771666045,21952800
2015-07-13,1746.7069091796875,1792.6728594213726,1722.1310427139006,1770.3725805910653,13755600
2015-07-14,1790.39794921875,1809.9674481053894,1776.7446197639404,1800.865295135172,12262500
2015-07-15,1780.8406982421875,1814.0635284425223,1759.9056052400488,1812.2431377464175,7835400
2015-07-16,1870.951904296875,1870.951904296875,1785.8465544299195,1793.1283159157547,12831300
2015-07-17,1863.6702880859375,1906.905662778786,1852.747745005233,1870.9520501393931,8127000
2015-07-21,1873.6824951171875,1886.425627752927,1857.2985817277752,1884.1500397824102,4765500
2015-07-22,1787.667236328125,1818.614677689989,1766.7323436414345,1808.1471313471563,15375600
2015-07-23,1782.2056884765625,1804.960967033024,1765.8217759165082,1793.1282301836213,10312200
2015-07-24,1799.5003662109375,1801.775754788111,1757.630376405202,1771.283507864227,6401700
2015-07-27,1759.4508056640625,1799.5004054824865,1746.707669358609,1799.5004054824865,6880500
2015-07-28,1735.3294677734375,1750.803186342501,1703.92703302975,1713.0291851293848,10607400
2015-07-29,1697.100341796875,1766.7319701409288,1649.3138968550554,1761.2705992907706,16876800
2015-07-30,1635.6607666015625,1725.3171988553925,1624.7382235855125,1724.407003603968,16664400
2015-07-31,1674.80029296875,1715.3049848095145,1638.3915800781808,1638.3915800781808,11710800
2015-08-03,1731.6888427734375,1777.6548050127453,1686.6330758261097,1775.8344144287848,14452200
2015-08-04,1647.493408203125,1713.0290584741838,1640.211647062015,1705.7472973330737,12882600
2015-08-05,1566.029296875,1637.9365293961978,1540.5432271204575,1637.4814317219548,28337400
2015-08-06,1605.6239013671875,1634.2957567487445,1601.0728243224398,1617.4567416833295,16877700
2015-08-07,1621.0972900390625,1627.4687565920067,1586.5089716106688,1604.7133760465274,11745900
2015-08-10,1617.001220703125,1626.5584699953843,1576.9516331935652,1602.437697972569,8556300
2015-08-11,1647.0384521484375,1669.7939326697347,1636.115809498278,1655.6855067466774,11495700
2015-08-12,1587.4190673828125,1643.852464044784,1570.1248603417869,1638.3911933999384,12086100
2015-08-13,1601.0726318359375,1612.9054707294947,1572.40077990141,1573.7660728508454,7924500
2015-08-14,1651.1343994140625,1659.3263562468774,1601.9826584171738,1601.9826584171738,9292500
2015-08-17,1631.5648193359375,1657.050986862117,1622.4626666477564,1647.4936365399947,5576400
2015-08-18,1641.1219482421875,1649.7690021292697,1625.6482307602648,1631.5645992095176,4790700
2015-08-19,1565.1190185546875,1636.1159519641421,1563.753725604337,1636.1159519641421,13637700
2015-08-20,1549.1900634765625,1568.759760694274,1546.0042802086607,1561.0229013291444,9300600
2015-08-21,1520.9732666015625,1556.0166815110545,1483.654363710626,1486.84014688412,13782600
2015-08-24,1388.9918212890625,1467.7256087016945,1388.9918212890625,1448.1560112519335,19719900
2015-08-25,1395.36328125,1523.703898899411,1330.737824845185,1333.0133127470626,27967500
2015-08-26,1543.273681640625,1579.2272925073964,1412.2023711385507,1503.679189926632,29292300
2015-08-27,1517.3323974609375,1610.6297054030651,1502.313876669883,1592.880499013877,20920500
2015-08-28,1601.5274658203125,1608.3541294425572,1548.2797495654172,1574.6760089056875,14701500
2015-08-31,1597.4315185546875,1612.4501388144265,1577.4067248748588,1585.1435837965746,10215900
2015-09-01,1497.7628173828125,1588.3294407372357,1497.7628173828125,1582.4129718751826,17390700
2015-09-02,1490.026123046875,1545.5493369786618,1448.156138770547,1457.2582918741862,15291000
2015-09-03,1504.13427734375,1539.177692761204,1503.6791797408644,1536.9021047473025,7658100
2015-09-04,1454.52734375,1515.5119185504702,1420.3942257644514,1515.5119185504702,10066500
2015-09-07,1448.6109619140625,1477.2828087568514,1411.2920612614842,1418.5737223648302,8823600
2015-09-08,1390.3572998046875,1447.7010069651988,1381.2551462870324,1442.6948325304375,8521200
2015-09-09,1516.4222412109375,1525.9795910501516,1452.7070756135527,1465.4501087330295,15107400
2015-09-10,1481.833984375,1489.5708435685463,1440.8742004088574,1465.450070788543,10433700
2015-09-11,1497.3074951171875,1514.1465039681123,1466.8151601713278,1480.468386266804,11077200
2015-09-14,1515.9671630859375,1577.4068414157464,1507.3201083579802,1533.7163701591678,11261700
2015-09-15,1532.35107421875,1569.6699787587347,1525.0693123574172,1554.1962598032717,8221500
2015-09-16,1557.837158203125,1569.669996360612,1543.2737343166255,1549.6452010171322,7188300
2015-09-17,1582.413330078125,1600.1626406826326,1576.4969598762866,1589.695093403077,8917200
2015-09-18,1515.056884765625,1557.8370584420313,1510.9609064349277,1557.8370584420313,11616300
2015-09-24,1467.2705078125,1501.858826482724,1467.2705078125,1501.858826482724,10310400
2015-09-25,1454.52734375,1483.6542884309092,1426.7656917886836,1470.0010612365832,10860300
2015-09-28,1439.4140625,1472.388231800053,1424.3009686569283,1464.6026528676318,8405100
2015-09-29,1389.953125,1421.5534113167018,1377.5878086972734,1415.1417211023095,9874800
2015-09-30,1407.814208984375,1428.423069554223,1371.6341869552637,1416.5157167106217,12101400
2015-10-01,1489.3336181640625,1506.7367341817946,1420.6374836031891,1422.4693375896863,11425500
2015-10-02,1498.9510498046875,1509.026447291953,1444.45198866704,1465.5189118298586,7876800
2015-10-05,1514.5220947265625,1544.7484881518942,1494.3712999485997,1525.055556205219,6979500
2015-10-06,1505.820556640625,1542.0005749346965,1503.5307393854764,1540.6266845816074,7038000
2015-10-07,1436.2086181640625,1468.2668696084334,1428.881101212406,1456.3595161968324,16439400
2015-10-08,1414.2257080078125,1426.1330600887402,1384.9153415890655,1407.8141188129716,14577300
2015-10-09,1422.4693603515625,1427.9650230281957,1394.0749187020851,1409.1881168493305,12507300
2015-10-13,1427.5069580078125,1450.8636988236065,1406.8980986495226,1441.704228137521,10395900
2015-10-14,1375.7559814453125,1405.0663502181278,1363.3906649022872,1401.8605050486317,11280600
2015-10-15,1416.5155029296875,1421.0952378507898,1362.0164460472793,1371.633979947862,10441800
2015-10-16,1404.1505126953125,1439.8724734545328,1395.4490042729788,1429.339110892428,8540100
2015-10-19,1392.2430419921875,1416.973674577723,1386.747278775934,1400.0286226908784,5232600
2015-10-20,1392.7008056640625,1402.3182389687947,1384.9152260824458,1389.0369975886435,6349500
2015-10-21,1455.4434814453125,1459.107289964601,1405.0662904061935,1409.6460258980044,12393900
2015-10-22,1470.5570068359375,1498.95145371842,1461.3975338104196,1466.4352339115324,10647000
2015-10-23,1526.8875732421875,1541.5428080607358,1509.4845573670648,1538.7949263749567,12432600
2015-10-26,1572.6851806640625,1586.8823517856717,1556.6560548185375,1560.319863637161,10961100
2015-10-27,1515.8958740234375,1536.0467666162706,1500.3247160249964,1527.8032242205288,12340800
2015-10-28,1514.980224609375,1546.1224456789323,1507.194644184686,1529.6353578688143,8878500
2015-10-29,1540.6265869140625,1556.6557092007076,1522.307546888246,1556.6557092007076,8981100
2015-10-30,1589.630126953125,1605.6592517237043,1541.5427526413873,1555.7399228109057,15107400
2015-11-02,1659.7003173828125,1671.6076705560629,1634.0536563631626,1670.691642904886,20245500
2015-11-04,1706.871826171875,1712.8254526518092,1675.729501303642,1676.1874648306211,16680600
2015-11-05,1751.294921875,1759.9965294233648,1729.770136304985,1740.3035976766735,12775500
2015-11-06,1747.63134765625,1762.7444447400997,1736.1819584987636,1757.2488828505548,8272800
2015-11-09,1792.0550537109375,1792.0550537109375,1768.2403465469126,1768.2403465469126,12517200
2015-11-10,1760.9119873046875,1781.520840473739,1732.517656831031,1758.6220700062747,11043000
2015-11-11,1770.5302734375,1780.1476081744254,1719.6950135455697,1728.854485382765,13895100
2015-11-12,1769.6143798828125,1789.3073151460644,1757.7069253881289,1760.4549078722057,8906400
2015-11-13,1767.7816162109375,1769.6136708857816,1743.9671192797084,1749.4626795292195,5810400
2015-11-16,1743.9676513671875,1751.7531313918614,1721.526735764064,1726.5644348256299,6495300
2015-11-17,1767.32421875,1780.6054614035693,1761.3705929498472,1769.1560726487555,6937200
2015-11-18,1752.2110595703125,1783.8112425987754,1750.837068566158,1775.1096350031073,6836400
2015-11-19,1766.8660888671875,1769.6140708714097,1742.5935224663374,1764.1183081213514,9902700
2015-11-20,1791.5970458984375,1791.5970458984375,1759.080930075177,1766.8664109032516,8651700
2015-11-24,1802.130615234375,1804.420533703829,1783.353605798346,1793.4292068122575,6129000
2015-11-25,1759.9967041015625,1788.849109086834,1756.3329960912954,1787.0172550817006,7425900
2015-11-26,1747.63134765625,1772.3619799344044,1745.3414295730724,1767.7821437680495,6399900
2015-11-27,1755.4168701171875,1760.912633398153,1743.5096178099022,1749.9213080946276,6878700
2015-11-30,1749.462890625,1763.2021954232873,1742.135274816471,1742.135274816471,6730200
2015-12-01,1804.4202880859375,1804.4202880859375,1756.3330130652182,1760.9126481223116,9581400
2015-12-02,1749.462890625,1815.4112316433948,1749.462890625,1795.7183018939168,13089600
2015-12-03,1755.874755859375,1786.1011489462126,1753.126975127257,1773.2777696795586,10059300
2015-12-04,1727.480712890625,1753.1272745457516,1694.9643963443334,1732.0603482263157,10053000
2015-12-07,1759.0804443359375,1775.1094657362737,1756.3326638480314,1763.2022156969801,6854400
2015-12-08,1746.257080078125,1763.6600924898164,1729.7699945030101,1763.6600924898164,5536800
2015-12-09,1741.2193603515625,1753.1268115967914,1722.4423572876333,1731.6020280570553,7174800
2015-12-10,1737.5557861328125,1743.5094115822421,1722.9005532893077,1723.3586173662093,7947000
2015-12-11,1767.32421875,1780.6054614035693,1740.3036693389756,1740.3036693389756,9129600
2015-12-14,1738.013671875,1739.3876628654452,1703.665708439329,1731.1441194395427,9321300
2015-12-15,1695.4222412109375,1741.219594936235,1692.6742591065442,1738.9296769353716,10030500
2015-12-16,1685.3466796875,1736.6398950688915,1652.83046919562,1729.3122784959507,13185000
2015-12-17,1666.569580078125,1710.9932404480994,1662.905771999888,1710.9932404480994,11456100
2015-12-18,1590.5458984375,1673.4392951440177,1586.8820902227753,1653.7463637258197,23133600
2015-12-21,1556.1981201171875,1566.7314826152615,1522.765876606701,1562.6097101966218,17625600
2015-12-22,1546.58056640625,1582.7605906968408,1536.9631310822379,1581.8446636429746,9010800
2015-12-24,1545.2064208984375,1574.058822739634,1535.130923080532,1564.8993524536777,7331400
2015-12-25,1545.2064208984375,1545.2064208984375,1545.2064208984375,1545.2064208984375,0
2015-12-28,1561.2357177734375,1601.0794481354662,1555.7399544875555,1582.7605055270672,6911100
2015-12-29,1602.453125,1607.490823166401,1557.1136402440247,1561.2354115854769,8655300
2015-12-30,1609.322998046875,1639.0914308331317,1608.4070710391018,1621.230351035537,6916500
2016-01-04,1567.1890869140625,1611.612646271949,1561.6934251586695,1598.7893684232413,7122600
2016-01-05,1547.038330078125,1573.6009156132006,1541.084704367909,1567.1892258060184,7817400
2016-01-06,1493.45556640625,1533.2994016039029,1476.510512515785,1525.9717835352658,14203800
2016-01-07,1439.8721923828125,1505.8205386084253,1436.6664482639935,1505.8205386084253,15249600
2016-01-08,1426.1331787109375,1457.2755022251192,1399.112627389562,1410.5620169538468,20383200
2016-01-12,1351.4833984375,1415.141839253444,1345.9877353871855,1415.141839253444,18506700
2016-01-13,1402.3184814453125,1420.6375249899736,1373.9240394229912,1378.9618392910259,20017800
2016-01-14,1326.752685546875,1330.874457748909,1297.9002801326367,1328.1265760711517,20631600
2016-01-15,1315.302978515625,1368.4280408125262,1307.9753628962221,1364.3062696052596,18678600
2016-01-18,1289.65673828125,1300.1901002466284,1268.589913721289,1274.0855764584776,17554500
2016-01-19,1300.64794921875,1311.6392728748333,1273.6274022534042,1285.9927168383886,13714200
2016-01-20,1261.262451171875,1318.5093056341207,1255.3088241947241,1307.517878181054,15831900
2016-01-21,1267.2156982421875,1372.5499030249052,1265.841807958398,1268.5896891551636,23635800
2016-01-22,1368.4281005859375,1369.801990838645,1319.8827707733913,1330.4162312650358,19119600
2016-01-25,1369.80224609375,1401.4025328280381,1361.5587017829969,1395.448906661029,14006700
2016-01-26,1327.2108154296875,1353.3153424385448,1324.4629334074648,1351.0255246110398,8402400
2016-01-27,1335.4542236328125,1356.9790121455067,1314.387398638558,1354.6891945533087,10067400
2016-01-28,1247.52294921875,1290.5725205275257,1243.401177470923,1282.3289770318713,17731800
2016-01-29,1254.392578125,1289.6566721730906,1210.8850407082903,1248.8969156695207,22244400
2016-02-01,1451.32177734375,1506.2787064459874,1371.6342150511252,1447.2000051453522,37045800
2016-02-02,1426.5911865234375,1449.032002841881,1415.5997601248605,1419.721532445676,17002800
2016-02-03,1341.8658447265625,1390.4110820908948,1326.2946833883798,1353.315133353625,15920100
2016-02-04,1308.891845703125,1335.9122993353615,1291.0307638380518,1326.294863382086,12460500
2016-02-05,1267.2156982421875,1293.3203180384953,1246.6068408394112,1273.1694240636489,11995200
2016-02-08,1279.123046875,1288.2826173041074,1212.7167398817926,1236.5314418649366,13439700
2016-02-09,1149.5162353515625,1210.4268783569028,1146.7683542606835,1205.3890795854275,18711000
2016-02-10,1158.2176513671875,1189.359965878916,1128.4493276086778,1153.179953616518,15730200
2016-02-12,1069.8287353515625,1110.588386256926,1063.417046077486,1069.8287353515625,21692700
2016-02-15,1167.8353271484375,1179.7426792620001,1121.1219462638426,1176.5368343411956,14679900
2016-02-16,1195.77197265625,1229.6620792884423,1165.0877113990728,1176.9950651996937,16142400
2016-02-17,1245.2327880859375,1285.0766074091443,1214.0905746456299,1221.8760525338269,20955600
2016-02-18,1291.030517578125,1307.9755684679747,1267.215813386749,1298.358134349194,15659100
2016-02-19,1220.0443115234375,1280.4969911329752,1209.0528877864717,1280.4969911329752,15047100
2016-02-22,1230.5780029296875,1236.0736655155622,1198.9777166452038,1211.8009964317127,8290800
2016-02-23,1198.9775390625,1256.68233986963,1192.1078863757318,1237.9053361527508,11325600
2016-02-24,1178.8270263671875,1183.8647263400412,1152.7224987203113,1171.4994078816442,9603000
2016-02-25,1207.2213134765625,1213.632903334778,1182.4906798180043,1187.5283791271463,9880200
2016-02-26,1249.35498046875,1273.6276509450215,1236.531699946623,1259.4304798549117,12086100
2016-02-29,1242.4852294921875,1302.479955721006,1242.4852294921875,1282.3290591490822,11150100
2016-03-01,1235.15771484375,1243.859222366737,1193.4820311792541,1233.7837237517206,9585000
2016-03-02,1335.4542236328125,1337.286077706571,1294.2365006811824,1305.2279270113527,16654500
2016-03-03,1337.2860107421875,1354.2311632219596,1318.509104909588,1345.5295549197192,13785300
2016-03-04,1379.4195556640625,1390.410879192448,1341.865648912174,1350.1091918730567,14503500
2016-03-07,1341.8658447265625,1373.9239937632194,1340.491853613122,1370.7182492999946,9239400
2016-03-08,1317.13525390625,1350.1094316048298,1296.5263928446377,1320.3409984708974,10203300
2016-03-09,1285.5347900390625,1291.4884154700026,1269.9636303484938,1291.4884154700026,12608100
2016-03-10,1310.265380859375,1323.0886588608057,1297.4421028579443,1309.8074174267367,7258500
2016-03-11,1312.09765625,1322.631120473309,1278.207546310238,1289.656937693169,15214500
2016-03-14,1337.2860107421875,1349.6513270084852,1329.0424665646556,1343.6977009376906,7002000
2016-03-15,1316.6771240234375,1351.4832546502219,1310.265534585082,1331.7903215903884,9882900
2016-03-16,1337.2860107421875,1342.323810451169,1316.2191868028506,1316.677150298358,10865700
2016-03-17,1343.239501953125,1373.465791761908,1323.5465719527615,1343.6974653683446,10765800
2016-03-18,1289.1986083984375,1338.6598685376669,1284.1609098203735,1328.1264073024497,12322800
2016-03-22,1318.50927734375,1332.7064494487774,1297.9004142047008,1316.6773224929375,8874000
2016-03-23,1292.862548828125,1322.17291702303,1291.4885577087439,1322.17291702303,6820200
2016-03-24,1265.384033203125,1286.4508571749595,1264.4681062106977,1280.039267598767,8363700
2016-03-25,1291.48828125,1295.1520890687307,1259.4301389371706,1264.467836951983,7491600
2016-03-28,1302.479736328125,1312.0971691925502,1281.8708797406546,1302.9376997379372,6829200
2016-03-29,1305.2491455078125,1314.018488621817,1284.4796219710415,1312.6338875239287,6921000
2016-03-30,1244.3250732421875,1299.248892824571,1243.8634382049465,1298.7873592010026,12781800
2016-03-31,1252.63330078125,1284.9413751462198,1248.9409291425122,1260.9411116149836,10528200
2016-04-01,1196.32470703125,1240.1715295607844,1187.0938290504118,1237.4022256010521,11495700
2016-04-04,1182.9398193359375,1219.8634294117592,1165.8626661555952,1184.7859542035667,7683300
2016-04-05,1147.8624267578125,1189.8630121567633,1145.554758007156,1174.1705604111983,9477900
2016-04-06,1133.093017578125,1165.8627244259326,1124.7852074311795,1131.2467812045272,10981800
2016-04-07,1171.4012451171875,1205.5555536047152,1150.1701857488945,1174.632082750421,14602500
2016-04-08,1184.785888671875,1203.709277086868,1129.4005273284085,1143.7083760022329,13415400
2016-04-11,1172.32421875,1178.7858934991332,1148.3238574156353,1170.9396176239106,7111800
2016-04-12,1228.1710205078125,1231.8633909994583,1158.9392512633865,1164.4777562940176,14955300
2016-04-13,1315.403076171875,1320.4800478341122,1248.9406066627896,1249.863673980709,20310300
2016-04-14,1353.2498779296875,1362.0192211132298,1335.2495564459568,1338.480393780338,15230700
2016-04-15,1312.17236328125,1346.3266685848205,1299.7106490693777,1318.6339365316524,10896300
2016-04-18,1236.479248046875,1254.9410053517533,1227.709903185687,1227.709903185687,12371400
2016-04-19,1305.2491455078125,1307.5569154179823,1275.2487451577408,1282.633487173857,10048500
2016-04-20,1348.1732177734375,1356.4810291765914,1335.2498654452309,1338.4807035272825,16567200
2016-04-21,1363.8653564453125,1387.8657174903153,1342.1727653296596,1384.6348801547015,11809800
2016-04-22,1407.7120361328125,1410.0197044228046,1333.403291748821,1347.711139387813,20561400
2016-04-25,1425.71240234375,1451.0973646490186,1408.6352495716126,1417.8661265164938,16596000
2016-04-26,1418.7894287109375,1447.8667648102237,1405.4045443275945,1428.9433740220595,12361500
2016-04-27,1356.01904296875,1380.942470727171,1345.4035652644338,1366.1730883964515,14339700
2016-04-28,1365.711669921875,1416.0200633731931,1338.4804700009483,1392.942768429106,19223100
2016-05-02,1184.785888671875,1224.478800267379,1169.0933375102252,1209.2477827971086,24949800
2016-05-06,1162.6314697265625,1212.93984629957,1155.7082632833124,1209.2474762907475,14520600
2016-05-09,1164.9395751953125,1186.6322698224758,1163.0934402042517,1169.555115500364,9044100
2016-05-10,1188.939697265625,1197.247505866726,1141.8621489972795,1163.0932041541287,11186100
2016-05-11,1189.4012451171875,1211.0939356007507,1177.401065726391,1208.7861658890404,11008800
2016-05-12,1207.4014892578125,1211.093859716987,1163.093145161392,1168.6316501433166,9833400
2016-05-13,1154.78564453125,1198.17083150723,1154.78564453125,1196.3246964928057,13488300
2016-05-16,1158.4779052734375,1164.4779449106732,1149.2470282559866,1154.785534183719,11729700
2016-05-17,1163.0933837890625,1183.8629084995816,1157.5548776708224,1176.0166323407527,10653300
2016-05-18,1168.6319580078125,1175.5551671193248,1159.40108013493,1165.401221741894,11292300
2016-05-19,1151.093505859375,1183.4016864546709,1149.2473704716308,1178.786246571589,12424500
2016-05-20,1165.401123046875,1171.4011627320094,1144.6315988849599,1150.1701048569066,9703800
2016-05-23,1154.78564453125,1158.9395497274056,1139.09309125384,1156.1702457920683,8649000
2016-05-24,1140.9393310546875,1150.6317427364686,1136.3238920912822,1150.170208981498,7977600
2016-05-25,1123.862060546875,1152.4777588857232,1117.861919523733,1146.016185568906,13806000
2016-05-26,1098.4771728515625,1135.400788083595,1095.246436382054,1124.3237745035801,20046600
2016-05-27,1137.70849609375,1140.0161648741548,1099.4002816157179,1112.3235310270888,12950100
2016-05-30,1176.016845703125,1176.016845703125,1153.8627157970905,1160.7858243475125,13058100
2016-05-31,1195.4013671875,1207.4015463942692,1165.8625035299444,1167.247104487529,21412800
2016-06-01,1176.939697265625,1195.8630870340166,1167.2472862260825,1178.7859335768726,9805500
2016-06-02,1147.8624267578125,1168.6319525822223,1147.4008930076811,1163.0934461669465,9981000
2016-06-03,1139.093017578125,1160.3240759392993,1132.1699103081146,1142.7853887818546,7047900
2016-06-06,1160.323974609375,1161.7086770734081,1109.5540524657445,1111.8618222966757,9976500
2016-06-07,1214.7862548828125,1214.7862548828125,1179.2473503207932,1183.4012548419178,15792300
2016-06-08,1211.09423828125,1211.09423828125,1183.8630356630265,1209.2480017677285,10755000
2016-06-09,1177.86279296875,1210.6323952607947,1174.6319556850112,1200.9399848232665,10790100
2016-06-10,1162.6314697265625,1170.0162097442076,1145.5543218192965,1169.5546761698126,10271700
2016-06-13,1114.6312255859375,1134.0161508581664,1114.6312255859375,1132.1700157911464,7956900
2016-06-14,1108.1695556640625,1127.5543778472534,1096.6309082513042,1117.861966755658,9292500
2016-06-15,1117.4005126953125,1130.785295969824,1094.3232162244701,1106.3233982196639,9126900
2016-06-16,1065.24609375,1114.1698990919344,1059.2460522522736,1107.7083237415923,12375000
2016-06-17,1051.8609619140625,1082.3229974800686,1042.1685513687094,1073.5535529227377,13248900
2016-06-20,1094.322998046875,1100.7846722228173,1059.245627987994,1071.7073412584411,10218600
2016-06-21,1150.631591796875,1151.554659185728,1091.0923254242227,1093.8615275907819,16153200
2016-06-22,1130.7850341796875,1143.2467470496197,1128.0158322621553,1140.9390787850093,7283700
2016-06-23,1149.2469482421875,1149.2469482421875,1128.93895936948,1137.7083020668813,7359300
2016-06-24,1032.01416015625,1171.8622727552486,1006.1676730804429,1170.477672116291,17372700
2016-06-27,1008.0143432617188,1033.8608414806527,988.1678851453697,1033.399307735354,10742400
2016-06-28,1006.6295776367188,1017.2451573555737,971.5522038788716,995.0910318987067,11431800
2016-06-29,1054.63037109375,1061.091944966179,1028.7838727766348,1043.0917231763485,10971000
2016-06-30,1050.4764404296875,1079.5537756832791,1050.014906693851,1066.1689931029237,12812400
2016-07-01,1044.937744140625,1068.4764674557382,1041.2453735117747,1063.3994958711983,7760700
2016-07-04,1054.168701171875,1057.8610720850204,1031.091408318138,1044.9378245958549,5510700
2016-07-05,1029.70703125,1053.2458629116168,1025.0915919579845,1046.3226532667393,6580800
2016-07-06,975.7061767578125,1003.3989115696533,956.782785996753,998.7833712562632,12548700
2016-07-07,966.475341796875,996.0142129124046,962.7829702307207,972.0138484392542,11412000
2016-07-08,966.9366455078125,976.6290551793385,960.9365051102543,967.3981791670585,8527500
2016-07-11,966.9366455078125,966.9366455078126,966.9366455078126,966.9366455078126,0
2016-07-12,1070.3228759765625,1078.630685876992,1044.476277409019,1061.553532349853,13819500
2016-07-13,1130.7850341796875,1169.5548751619287,1126.63112988971,1152.9392580020194,21454200
2016-07-14,1146.0162353515625,1157.0933490506104,1119.7082044067306,1124.323643094577,10829700
2016-07-15,1175.0933837890625,1185.247327009898,1147.8621882926195,1152.0160925945393,14737500
2016-07-19,1195.4013671875,1216.1708886196623,1187.093558614635,1207.4015463942692,11673000
2016-07-20,1194.9400634765625,1200.940103527692,1183.4014157019465,1187.5553207877124,8408700
2016-07-21,1198.1705322265625,1227.2478613366768,1192.6320271530042,1204.6322059904437,10824300
2016-07-22,1152.4775390625,1170.4778572848602,1140.0158270994839,1140.4774621324889,9444600
2016-07-25,1158.4779052734375,1189.8629074155085,1153.4009330552087,1153.862466764712,8178300
2016-07-26,1126.169677734375,1146.939200687291,1123.4003742027573,1142.323762410386,8059500
2016-07-27,1185.709228515625,1185.709228515625,1161.2474301830669,1170.4783089591692,11325600
2016-07-28,1206.478515625,1214.3247914424846,1179.7089522354447,1181.0935533513452,11315700
2016-07-29,1183.8631591796875,1199.0941809970977,1153.4012169585835,1153.862750781691,14728500
2016-08-01,1147.400634765625,1158.016212870529,1138.1697590131644,1157.0931455780185,10773900
2016-08-02,1124.3233642578125,1146.939018360854,1122.9386620052837,1135.4003737960218,7486200
2016-08-03,1124.3233642578125,1135.4003737960218,1092.0152000417502,1092.476733654703,9693900
2016-08-04,1151.093505859375,1153.8628103547128,1120.1700282186089,1130.7855095255811,6764400
2016-08-05,1130.7850341796875,1156.6315272253958,1128.9388995679992,1154.7853926137075,5254200
2016-08-08,1162.1702880859375,1164.4779566567317,1152.0162421333648,1158.477916958974,7326900
2016-08-09,1164.9395751953125,1171.8627842391902,1142.3239144863187,1162.6319064564864,6318900
2016-08-10,1169.55517578125,1172.785912182124,1154.7856894367196,1155.7087569798266,5076000
2016-08-12,1203.2476806640625,1209.2477197528697,1174.1703497272968,1181.0934561507386,8253900
2016-08-15,1209.709716796875,1220.3252994524955,1195.8633972325063,1198.1710664530406,5606100
2016-08-16,1167.70849609375,1209.709067501429,1167.70849609375,1207.401399519505,7172100
2016-08-17,1193.55517578125,1195.4014118740577,1159.4008729079758,1160.3239402475383,6936300
2016-08-18,1157.5548095703125,1177.4011642487912,1149.7085338730906,1172.785725852841,7473600
2016-08-19,1173.2474365234375,1179.247578332815,1158.4780517113245,1164.0165583391538,5084100
2016-08-22,1166.3243408203125,1175.5552191013767,1159.8626651753445,1169.5551786427966,4886100
2016-08-23,1146.4779052734375,1158.9396216351051,1143.247067384033,1158.478087852863,5189400
2016-08-24,1146.4779052734375,1160.3242229818325,1145.0933039267102,1152.9395810522462,2974500
2016-08-25,1194.0167236328125,1200.0168642386,1151.5546113717721,1154.3239148370344,8343900
2016-08-26,1153.401123046875,1183.8630627877205,1153.401123046875,1180.6322248753122,6673500
2016-08-29,1212.9403076171875,1218.478814030051,1183.8629714756796,1186.1707416390311,8283600
2016-08-30,1233.2481689453125,1236.4790062660218,1209.2478080110288,1211.5555779297324,8054100
2016-08-31,1283.5565185546875,1290.0181929908908,1255.4022537918345,1255.4022537918345,12358800
2016-09-01,1320.018798828125,1330.6342781007145,1301.556941420162,1301.556941420162,13257900
2016-09-02,1292.3260498046875,1310.3262718507783,1283.5567056584534,1306.6340018217966,8795700
2016-09-05,1255.8641357421875,1316.7881204398764,1253.556466670522,1316.7881204398764,10153800
2016-09-06,1247.0943603515625,1258.171472316489,1241.555855075939,1255.4021689718375,5772600
2016-09-07,1235.555908203125,1241.0945157597002,1186.6322175446785,1202.3246685184542,9265500
2016-09-08,1220.324951171875,1243.8636775719792,1211.0940740967872,1241.5560090100535,6813900
2016-09-09,1217.5556640625,1223.0941701002282,1204.6324156986718,1205.555483136011,5934600
2016-09-12,1170.9398193359375,1194.478651016524,1164.939677261886,1194.478651016524,9386100
2016-09-13,1167.2470703125,1173.2471090333743,1153.86229054003,1172.3240417553438,8451900
2016-09-14,1170.9398193359375,1196.3247861693346,1156.1703324586183,1167.2474476166076,10671300
2016-09-15,1182.478271484375,1206.9401666702172,1173.7089281405738,1194.0168170965187,12392100
2016-09-16,1232.324951171875,1239.709590900517,1205.5552898843873,1209.2476604555468,16623900
2016-09-20,1232.324951171875,1242.9404278269913,1219.8632385243404,1223.0939740371375,9959400
2016-09-21,1231.863525390625,1234.1711938161138,1182.0166704358364,1207.4016315983285,16649100
2016-09-23,1218.4788818359375,1220.3251183520981,1191.7093143681088,1194.0169832461772,11015100
2016-09-26,1178.3243408203125,1208.7862749997053,1175.09350349776,1206.478505079685,10145700
2016-09-27,1210.6324462890625,1210.6324462890625,1167.7087966408442,1172.3242352062884,10217700
2016-09-28,1225.0611572265625,1232.973797938679,1204.1159618919787,1206.9086886937437,5811300
2016-09-29,1237.62841796875,1247.4029117728528,1229.7158786103907,1239.9557076187193,8294400
2016-09-30,1212.959716796875,1221.803233351841,1202.2543480731686,1212.959716796875,8120700
2016-10-03,1207.83984375,1224.5960039050126,1203.1853661815505,1220.8724013959559,6471900
2016-10-04,1221.3377685546875,1223.199518410305,1212.4941499260908,1218.0796040358857,5856300
2016-10-05,1243.2139892578125,1252.9883817106154,1226.4578294693026,1233.4394945335264,8106300
2016-10-06,1246.006591796875,1269.2790809798705,1242.2830917082179,1260.435563726347,7364700
2016-10-07,1284.173583984375,1284.173583984375,1238.5595795886265,1246.006682580013,10061100
2016-10-11,1321.8748779296875,1330.7183953750057,1297.671513199615,1300.4641383266733,14661000
2016-10-12,1312.5655517578125,1326.9945210438368,1298.6021221690628,1303.256598698646,8377200
2016-10-13,1325.133056640625,1338.1656151894797,1320.0131411877699,1330.7185119269143,8584200
2016-10-14,1318.6168212890625,1327.460339460572,1306.0497003708924,1326.0640267823837,6332400
2016-10-17,1324.6676025390625,1328.8566428157296,1311.6350441529307,1315.358646873467,4491900
2016-10-18,1345.14697265625,1348.8705742869283,1326.0636293544171,1330.2526684049978,5938200
2016-10-19,1334.9073486328125,1348.4053426846626,1333.5109338884993,1341.889013268472,5427000
2016-10-20,1346.54345703125,1347.0089967821186,1327.9255487695768,1331.6491508762062,6570900
2016-10-21,1338.630859375,1358.1796417450223,1335.3726948895064,1349.80156293745,4953600
2016-10-24,1322.34033203125,1338.631054562621,1311.6349620955118,1336.769202183087,5303700
2016-10-25,1340.492919921875,1343.2856475955434,1331.1839640383048,1333.0457143064216,5056200
2016-10-26,1344.681884765625,1347.00917474154,1327.4602866669125,1327.4602866669125,4068900
2016-10-27,1346.54345703125,1348.8707466996964,1334.9073155034414,1337.699940379808,6891300
2016-10-28,1371.212158203125,1372.1431353662642,1355.8524156761296,1355.8524156761296,8986500
2016-10-31,1365.6268310546875,1381.917551036764,1344.6816342593702,1377.7285116777007,8188200
2016-11-01,1297.67138671875,1319.5474594392497,1287.8968929122916,1311.169380331699,15362100
2016-11-02,1258.108154296875,1286.0351182072848,1254.850092029029,1266.0207957760156,11478600
2016-11-04,1225.0611572265625,1239.024688963926,1210.1668529172262,1228.784758871762,11827800
2016-11-07,1253.453857421875,1259.5047499029156,1227.3887419058951,1252.0575448207824,10224900
2016-11-08,1248.333740234375,1259.0391085911917,1242.2829510041531,1247.402865317644,6243300
2016-11-09,1167.345703125,1274.3988775188143,1136.6260120746897,1258.108157057946,18909000
2016-11-10,1231.5775146484375,1248.7991087429884,1224.595748615498,1248.333671310321,12452400
2016-11-11,1225.9921875,1266.020727946459,1218.5449838866932,1246.9373837427595,11763000
2016-11-14,1275.3297119140625,1278.122438903898,1232.5084435177487,1237.6283577728902,10266300
2016-11-15,1293.482421875,1299.5332116815073,1279.0534502055546,1279.0534502055546,8937900
2016-11-16,1306.0496826171875,1311.169597972439,1282.777191334785,1303.256955027282,8901900
2016-11-17,1308.8421630859375,1312.5657653698902,1299.5332085117952,1303.256810795748,6479100
2016-11-18,1364.696044921875,1368.4196470689872,1320.943796396913,1321.8747736372975,14818500
2016-11-21,1398.20849609375,1407.9828887478293,1376.3324208686038,1387.037688580884,13185900
2016-11-22,1392.1575927734375,1407.9828777248986,1381.917762670424,1394.019445146748,6657300
2016-11-24,1444.753173828125,1447.0803611512092,1432.6514929336745,1442.4258842335698,10575000
2016-11-25,1455.9241943359375,1480.1274574199206,1451.269614460936,1461.5095470058588,12113100
2016-11-28,1438.7022705078125,1458.7165926804084,1422.8770900255338,1452.6658034182828,8001000
2016-11-29,1445.6842041015625,1456.3895737524947,1429.3934820035902,1442.8914767423014,7431300
2016-11-30,1435.909912109375,1456.8551130890207,1429.8590194533167,1456.8551130890207,7562700
2016-12-01,1453.5968017578125,1483.8509551801153,1448.476886982619,1457.7858415323308,11475900
2016-12-02,1405.6553955078125,1431.7205050996997,1397.2773172624584,1424.7387391380837,13671900
2016-12-05,1384.2451171875,1398.6740913022027,1376.332576029288,1387.503282529997,8698500
2016-12-06,1394.484375,1419.1531684972506,1388.8990244564243,1400.5351628995863,9154800
2016-12-07,1421.48095703125,1429.8590375290207,1402.8630458235334,1402.8630458235334,8722800
2016-12-08,1410.775634765625,1438.2370629729687,1401.0011397113872,1434.0480228844344,9665100
2016-12-09,1429.3931884765625,1433.1167901004387,1410.7752826286428,1410.7752826286428,10485000
2016-12-12,1453.5968017578125,1478.7310404049217,1444.2878472081009,1444.7532847084385,9843300
2016-12-13,1437.771484375,1448.9422909389295,1416.3608484977426,1446.149563730078,8451000
2016-12-14,1457.78564453125,1463.3709960519925,1431.7205344058316,1437.305885926574,8044200
2016-12-15,1477.8001708984375,1493.6254550546705,1472.2147163306618,1475.4728811166178,13545900
2016-12-16,1481.058349609375,1503.8652987825408,1475.9383324955286,1499.2108214466189,11332800
2016-12-19,1488.0400390625,1495.0218063174739,1470.818441953614,1479.661959265124,7981200
2016-12-20,1483.85107421875,1494.0910068620917,1475.472993997601,1494.0910068620917,6460200
2016-12-21,1475.4730224609375,1489.436557946548,1471.2839822695523,1488.0401430350935,6353100
2016-12-22,1493.62548828125,1493.62548828125,1477.3347662605524,1479.1965163102407,7584300
2016-12-26,1487.1092529296875,1508.054453675176,1482.4547752386331,1505.727163693905,4550400
2016-12-27,1477.8001708984375,1492.2290402769868,1472.2147163306618,1482.454648190598,4740300
2016-12-28,1480.5927734375,1486.1782279204965,1477.3347109724762,1480.1273359424965,4054500
2016-12-29,1469.422119140625,1476.8693238576805,1450.3386698371057,1473.1457214991528,7410600
2016-12-30,1456.8548583984375,1461.974772793612,1438.7022858752248,1461.974772793612,6795000
2017-01-04,1463.370849609375,1464.7672640534174,1446.149257061644,1446.6146944525065,10221300
2017-01-05,1462.905517578125,1477.7999242442506,1454.9928768206785,1464.301932122738,8103600
2017-01-06,1454.5274658203125,1459.1819424201678,1443.3567628892451,1445.2185126206018,5801400
2017-01-10,1401.0009765625,1425.669776685756,1393.0884371135737,1424.2734642426763,14645700
2017-01-11,1429.3931884765625,1442.8911804434504,1410.7752826286428,1413.5679071429543,9243900
2017-01-12,1407.9827880859375,1423.808072029885,1401.001021105613,1410.3100778365383,6699600
2017-01-13,1406.12109375,1414.4991735493616,1393.5539740509578,1409.3791563497102,4749300
2017-01-16,1402.863037109375,1417.7573455287313,1401.0011846372745,1402.863037109375,4931100
2017-01-17,1372.60888671875,1399.1394408275785,1372.1434491664713,1394.484963033301,6150600
2017-01-18,1388.899658203125,1394.4850112952645,1355.3873351073016,1359.1108356543987,6800400
2017-01-19,1400.0701904296875,1405.190105317294,1387.5030708302093,1400.0701904296875,5409900
2017-01-20,1405.18994140625,1411.2408328806334,1393.0883630004214,1397.2774023782756,5297400
2017-01-23,1387.03759765625,1403.3283191927983,1387.03759765625,1400.5355919297824,4826700
2017-01-24,1385.1761474609375,1405.1903733179588,1382.8488571928067,1387.0378978582414,5190300
2017-01-25,1417.2916259765625,1417.2916259765625,1404.7245078084802,1413.1025865872018,6961500
2017-01-26,1440.5643310546875,1458.7168037389765,1427.0663359235116,1433.5825635892757,7619400
2017-01-27,1441.495361328125,1455.4587954910162,1438.2371960086682,1454.062482756176,6620400
2017-01-30,1438.23681640625,1441.9604183211945,1429.393300210058,1436.8405040399468,4084200
2017-01-31,1420.0845947265625,1436.375317599543,1418.2228445794728,1423.342759755456,6179400
2017-02-01,1362.834228515625,1378.6595124887294,1339.5618423241285,1348.870796800727,15950700
2017-02-02,1373.5396728515625,1386.106792763517,1368.8851953587812,1368.8851953587812,10378800
2017-02-03,1435.4442138671875,1438.236838642971,1408.913562596949,1414.4990166914574,14517000
2017-02-06,1435.909912109375,1468.4913585824881,1427.5318317175168,1458.2514257305008,8064000
2017-02-07,1432.1861572265625,1439.1679242348148,1422.8772027298785,1425.6698277159967,5356800
2017-02-08,1465.2330322265625,1465.2330322265625,1442.8914187927248,1443.3569585601397,6802200
2017-02-09,1464.302001953125,1475.4727052139713,1460.1129626624409,1465.698314292864,6810300
2017-02-10,1485.7127685546875,1493.625410396221,1482.4546038661485,1489.4363707313785,6765300
2017-02-13,1495.021728515625,1504.7961203467376,1490.3672513450247,1504.7961203467376,5255100
2017-02-14,1473.14599609375,1502.934718243112,1472.215018626973,1502.934718243112,7978500
2017-02-15,1515.0360107421875,1522.0176751725032,1488.5053586382721,1497.348875249086,8460900
2017-02-16,1522.483154296875,1535.050273340982,1512.708762464173,1522.017716806887,8198100
2017-02-17,1514.1048583984375,1522.0174991395818,1508.5195070458785,1515.5012729401735,5696100
2017-02-20,1525.7412109375,1527.1376255800394,1503.3997016430308,1513.1740927834605,4908600
2017-02-21,1531.7923583984375,1534.5849836072514,1521.086988283525,1527.6033183137301,3722400
2017-02-22,1529.9302978515625,1535.0502123093463,1518.7595939930293,1534.5847748378635,5771700
2017-02-23,1524.34521484375,1525.2760899509385,1511.312656528639,1522.9489021829672,4564800
2017-02-24,1525.7412109375,1542.0319310191958,1514.570507426,1517.3631321681403,5997600
2017-02-27,1501.537841796875,1516.4322494306589,1496.8833649791848,1506.192420886034,5436000
2017-02-28,1503.3997802734375,1529.4648928588135,1502.934342792071,1521.086813651266,7491600
2017-03-01,1536.446533203125,1538.7737204184764,1503.3996565734049,1516.4322117937716,7094700
2017-03-02,1546.22119140625,1562.977351339938,1543.428463993474,1562.511913816389,7578900
2017-03-03,1527.1376953125,1549.944643105408,1521.0868035519602,1539.7048140403817,5711400
2017-03-06,1512.7086181640625,1526.6720483461356,1509.9158912190612,1525.2757360093683,3875400
2017-03-07,1515.966796875,1516.8976717749715,1501.0723893895843,1509.9159054822494,4570200
2017-03-08,1505.261474609375,1515.9668430998793,1497.8143729110577,1509.450514058447,4415400
2017-03-09,1510.8466796875,1516.8974679959238,1502.4686021703262,1514.5702810586279,5346900
2017-03-10,1524.8104248046875,1528.5340269491485,1515.0360330951492,1522.483135112596,7456500
2017-03-13,1521.0869140625,1527.6032437747426,1517.8287492063787,1525.275953942804,3618000
2017-03-14,1521.0869140625,1526.206828966987,1514.1051468381659,1526.206828966987,3987000
2017-03-15,1506.658203125,1518.2943466963115,1503.4000379255763,1512.7089936912223,4526100
2017-03-16,1513.6396484375,1515.9669381758195,1486.1782226998978,1488.50541016674,5049900
2017-03-17,1491.7635498046875,1511.3124355547936,1488.0399476488828,1503.865231243184,7692300
2017-03-21,1482.920166015625,1493.1599961587265,1473.1457733998022,1489.4364959404968,5658300
2017-03-22,1449.8731689453125,1464.7675777283173,1444.7532542779584,1457.3203733368148,6894000
2017-03-23,1457.32080078125,1462.9061545773698,1444.2882404092998,1446.149990917504,4795200
2017-03-24,1454.06201171875,1458.7164882652485,1436.8404178152666,1443.8221837707458,7146000
2017-03-27,1451.2696533203125,1453.5969433201292,1437.771657681545,1437.771657681545,5109300
2017-03-28,1476.4034423828125,1479.196169073242,1464.3018653576864,1473.1453805606789,5937300
2017-03-29,1490.4647216796875,1502.6509229515475,1483.9029843706883,1492.8082654951718,5720400
2017-03-30,1482.4967041015625,1498.9012006046682,1479.6845753198274,1489.9959201576817,5056200
2017-03-31,1484.3717041015625,1509.681483515383,1484.3717041015625,1489.0586888464452,8627400
2017-04-03,1492.339599609375,1500.3075045209246,1479.6847099826355,1488.1213030671283,6611400
2017-04-04,1467.02978515625,1481.090738964444,1451.5626638772096,1480.1533626410483,6784200
2017-04-05,1460.468017578125,1479.6847480925185,1451.5627360913293,1473.591595715811,5296500
2017-04-06,1419.2225341796875,1446.8758600756823,1412.6607961102118,1443.5949395480616,7996500
2017-04-07,1392.5064697265625,1415.4728068389836,1385.0072534047208,1414.0666394125446,13778100
2017-04-10,1393.9129638671875,1404.2244152348562,1386.4138482193518,1398.1312614753742,9551700
2017-04-11,1393.444091796875,1403.2868535750206,1385.9449771380846,1388.2884182859043,4399200
2017-04-12,1373.7586669921875,1379.8517164867321,1361.5724650173386,1377.9769637147983,6924600
2017-04-13,1347.04248046875,1358.2913040649491,1322.670183822264,1358.2913040649491,12234600
2017-04-14,1327.826171875,1352.1985773048282,1322.2017072461067,1337.668830496914,8227800
2017-04-17,1327.826171875,1333.4505335181273,1320.7956425817663,1324.5452513391065,5418900
2017-04-18,1334.387939453125,1356.8855924944003,1326.8888247584682,1341.4184689017445,6865200
2017-04-19,1318.9208984375,1335.3253982399265,1316.5773543289677,1328.2948689000962,9863100
2017-04-20,1321.7327880859375,1341.418204876013,1312.3588193233293,1317.9831799837445,7360200
2017-04-21,1334.387939453125,1346.105454205568,1327.8262012220794,1343.2932218289666,6600600
2017-04-24,1349.386474609375,1360.1665107096885,1348.9177863429072,1350.3238511423108,5850900
2017-04-25,1376.1021728515625,1379.3830933429288,1350.3237031072485,1351.2610795374205,6848100
2017-04-26,1413.5980224609375,1420.1598628194708,1390.6317871775811,1396.7248363798578,11501100
2017-04-27,1406.567626953125,1413.1294679322214,1397.6623448998973,1407.505106368542,6891300
2017-04-28,1400.943359375,1421.0974688934364,1399.068606389923,1417.81654818378,6471000
2017-05-01,1479.2159423828125,1485.308991289665,1425.3154665736947,1429.0650747416616,17867700
2017-05-02,1481.0908203125,1488.5900372830615,1468.4359302943371,1468.4359302943371,8605800
2017-05-08,1508.744140625,1518.5867985089722,1496.5579388237327,1505.46322033509,11804400
2017-05-09,1514.36865234375,1521.3991818085688,1507.8068111118168,1516.2434052752917,6911100
2017-05-10,1529.835693359375,1538.740975274841,1521.3990996514844,1524.6799171045152,8382600
2017-05-11,1528.429443359375,1534.9912838832397,1522.3363940035786,1531.2416754389967,5569200
2017-05-12,1509.2130126953125,1522.8052807115976,1497.495497652679,1519.5243600219367,6943500
2017-05-15,1507.8062744140625,1508.275065465852,1490.9330920930558,1502.1819146356374,6375600
2017-05-16,1501.713623046875,1519.9928743920802,1497.026638163124,1511.0875928143773,6017400
2017-05-17,1481.0908203125,1497.964007003384,1475.9351472648987,1495.6205660661826,5956200
2017-05-18,1458.124755859375,1467.9674149258817,1440.3140877110607,1441.7202554246835,6564600
2017-05-19,1474.5289306640625,1480.621979458291,1463.2801063680854,1463.2801063680854,5346900
2017-05-22,1482.028076171875,1487.1838517859778,1466.0923701374895,1481.09069987322,4584600
2017-05-23,1481.5594482421875,1484.3716802382091,1473.1228552398775,1482.4968245789432,4386600
2017-05-24,1481.0908203125,1490.9334782202627,1475.9351472648987,1488.121349095621,4729500
2017-05-25,1475.4664306640625,1491.4022406731863,1472.1855104294034,1479.216039077136,4078800
2017-05-26,1478.7470703125,1484.3714303720328,1460.9364079834615,1472.1852310882641,4365000
2017-05-29,1455.78125,1476.404048147141,1455.78125,1475.9353598921805,4840200
2017-05-30,1448.7503662109375,1452.9686624606436,1437.9703330093266,1452.9686624606436,5049000
2017-05-31,1438.9078369140625,1455.312335227443,1438.4391487320524,1444.53219808394,7727400
2017-06-01,1454.3751220703125,1462.3430280301393,1444.0636719516906,1444.0636719516906,5840100
2017-06-02,1509.6815185546875,1512.0249594886416,1471.248160366016,1474.52908065931,9440100
2017-06-05,1500.7763671875,1534.5227434491264,1500.7763671875,1512.4938818307353,5717700
2017-06-06,1481.0908203125,1512.4937527570664,1480.6221321250598,1496.0892542536228,5990400
2017-06-07,1505.931884765625,1512.0249340772627,1479.2160406529904,1481.090793368646,6636600
2017-06-08,1501.713623046875,1526.5547150207872,1498.4327027325216,1516.2432658879275,5882400
2017-06-09,1500.3077392578125,1510.619086647384,1484.8406151876836,1499.370259779493,6444900
2017-06-12,1461.874267578125,1475.9352228789696,1452.0315061803462,1471.71692599014,7758000
2017-06-13,1473.5914306640625,1479.6845823582976,1455.780869685369,1467.0296938230554,6941700
2017-06-14,1452.5,1482.9655535531929,1452.5,1481.0906979725387,6397200
2017-06-15,1450.15673828125,1467.4986138680042,1443.5948974175124,1452.5001793141828,5581800
2017-06-16,1471.717041015625,1478.2787794745616,1455.7812286377089,1457.1872933819584,7542900
2017-06-19,1485.7779541015625,1489.5275629626901,1459.9994832938576,1463.7490921549852,4062600
2017-06-20,1534.522705078125,1542.0219225011379,1517.6495173692288,1517.6495173692288,10932300
2017-06-21,1576.7056884765625,1586.548347066347,1553.2706595661273,1554.2080360059608,16609500
2017-06-22,1612.326904296875,1628.7314048244452,1581.39275920859,1593.1102742976789,14837400
2017-06-23,1632.480712890625,1636.6990093063632,1609.5144781763856,1609.5144781763856,10710900
2017-06-26,1622.6380615234375,1634.8242626563815,1615.6075331428824,1632.4807188676123,5740200
2017-06-27,1661.0716552734375,1662.9464081841386,1635.7618730643696,1635.7618730643696,9510300
2017-06-28,1618.8885498046875,1649.3540029611556,1616.5450058761473,1631.0747516644265,8676000
2017-06-29,1622.16943359375,1651.6975097084005,1618.8885133619542,1640.4486844789958,6282900
2017-06-30,1600.140380859375,1600.140380859375,1579.5175872641207,1584.6733629022474,7722000
2017-07-03,1593.1102294921875,1624.044373710464,1591.704061810151,1607.639873644263,5893200
2017-07-04,1570.1435546875,1612.7952046055834,1563.5818178462737,1605.764779631823,8390700
2017-07-05,1587.0169677734375,1588.4231353591342,1567.3316514312955,1568.2690278312525,6744600
2017-07-06,1569.6749267578125,1579.986375026288,1562.1757103781483,1579.986375026288,7213500
2017-07-07,1564.0506591796875,1575.2993814338304,1548.1148491696022,1554.2078984751165,5614200
2017-07-10,1585.6109619140625,1600.1406056089452,1576.2369915957017,1584.6735854793794,7136100
2017-07-11,1586.5484619140625,1595.9224329624972,1549.9898512422394,1558.895237022603,8310600
2017-07-12,1571.0810546875,1589.3604082247114,1569.2063020097116,1582.7985678809423,4487400
2017-07-13,1587.9542236328125,1594.516063905929,1578.580254373292,1589.8290792761688,5094900
2017-07-14,1593.57861328125,1600.1403502626915,1581.861100760267,1588.8916288700066,4213800
2017-07-17,1593.57861328125,1593.57861328125,1593.57861328125,1593.57861328125,0
2017-07-18,1608.1083984375,1617.0136799136533,1592.1725882230119,1607.6397102530455,5136300
2017-07-19,1594.0474853515625,1601.5467024691422,1590.2978767927727,1601.5467024691422,4442400
2017-07-20,1634.824462890625,1635.761839326642,1603.4215283979322,1609.983369421582,8301600
2017-07-21,1627.79345703125,1642.7917845733098,1626.38739278892,1629.6682093543568,5616900
2017-07-24,1621.7008056640625,1627.7939585629617,1610.9207705133435,1619.8260527633347,4969800
2017-07-25,1620.7635498046875,1628.7314561971573,1617.482628998534,1625.9192236510578,4697100
2017-07-26,1620.7635498046875,1655.91609618072,1609.983513851893,1640.4489716558346,10178100
2017-07-27,1643.260986328125,1654.0410208516353,1622.169502493256,1629.1999284477051,8603100
2017-07-28,1623.1068115234375,1654.509640380557,1615.6075946965636,1643.2609181260027,7838100
2017-07-31,1610.4521484375,1638.5740610181267,1608.1086042295624,1620.7634957865757,8588700
2017-08-01,1593.57861328125,1624.0440634472072,1563.5818512578423,1563.5818512578423,13088700
2017-08-02,1671.3829345703125,1674.6638550169441,1618.8886193672604,1630.606133541937,16506000
2017-08-03,1672.788818359375,1678.8818670243693,1653.103402005382,1674.6635708760668,9007200
2017-08-04,1644.6669921875,1671.8515246101786,1644.1983040063253,1663.8836195586935,6352200
2017-08-07,1651.697509765625,1655.9158063535783,1640.4486845358306,1654.509638833756,4438800
2017-08-08,1647.947998046875,1668.102002827351,1640.4487807870053,1667.164626416308,3407400
2017-08-09,1613.2637939453125,1640.4484248677973,1597.328089457776,1632.0118330273262,8003700
2017-08-10,1624.981689453125,1645.6044858232763,1618.4199514633012,1618.4199514633012,8728200
2017-08-11,1624.981689453125,1624.981689453125,1624.981689453125,1624.981689453125,0
2017-08-14,1599.203125,1611.3893268143493,1585.610858625219,1595.9222047065678,7631100
2017-08-15,1614.2012939453125,1632.4805421733674,1614.2012939453125,1619.8256542495428,5381100
2017-08-16,1626.3878173828125,1639.0427078247453,1618.8886001611274,1620.7633529736677,3815100
2017-08-17,1612.326904296875,1625.9191723670478,1612.326904296875,1619.8261221927537,3979800
2017-08-18,1605.29638671875,1608.1085160311159,1584.6735901659074,1586.07965482209,4649400
2017-08-21,1587.0169677734375,1609.5146192869731,1577.642997802345,1608.1084517012762,4717800
2017-08-22,1599.203125,1603.4214216670532,1586.0795468120295,1591.7039080395143,3864600
2017-08-23,1596.390869140625,1617.9511433276643,1594.9848046011143,1605.764941694634,4175100
2017-08-24,1595.45361328125,1607.6398158346713,1593.5788604203074,1595.9223014964855,3733200
2017-08-25,1607.6397705078125,1613.7329231056112,1586.0795982860304,1597.3284240918235,4565700
2017-08-28,1587.0169677734375,1615.1389806724765,1582.7986709878696,1609.9833074869516,5645700
2017-08-29,1559.3636474609375,1578.5802743880258,1547.6461342450943,1574.3619778691825,10563300
2017-08-30,1559.3636474609375,1570.6123695206827,1548.5835105857805,1570.1436813503394,9522000
2017-08-31,1578.580322265625,1583.2673070969652,1566.862808694395,1572.48727288061,7376400
2017-09-01,1583.267333984375,1597.7970798954598,1578.5803490734393,1592.172615613729,6143400
2017-09-04,1577.642822265625,1579.9863659905238,1559.3635725572626,1574.3619022450664,5268600
2017-09-05,1553.2706298828125,1577.64303476732,1546.7088919436073,1577.64303476732,6170400
2017-09-06,1534.522705078125,1538.7410020053492,1493.27711223732,1515.7746615205933,9302400
2017-09-07,1527.9609375,1544.8341260195969,1527.9609375,1541.0845171279343,7861500
2017-09-08,1517.180908203125,1532.1792408448432,1489.527581134607,1490.4649576148827,9358200
2017-09-11,1555.145263671875,1567.800152518249,1531.710238555294,1533.58509411721,9257400
2017-09-12,1570.1435546875,1578.1114589120757,1553.7390581058146,1571.5497220708494,6201900
2017-09-13,1546.7088623046875,1574.3620841360087,1526.5547546907892,1573.424707732051,8712900
2017-09-14,1556.08251953125,1575.29914389274,1554.6764552079433,1563.5817352270349,6839100
2017-09-15,1570.1435546875,1572.0184102033836,1540.1467933050812,1542.490336953499,7710300
2017-09-18,1570.1435546875,1570.1435546875,1570.1435546875,1570.1435546875,0
2017-09-19,1612.7952880859375,1614.670143698866,1591.7038061014407,1593.5786617143692,8935200
2017-09-20,1613.732666015625,1623.5753226615213,1604.3585945113362,1612.7951867751744,6308100
2017-09-21,1574.830810546875,1618.4199472318542,1574.830810546875,1612.3267944867725,11434500
2017-09-22,1580.923828125,1594.5160941073284,1568.2689384892276,1575.7681552331865,7406100
2017-09-25,1557.4888916015625,1586.0795927249414,1557.4888916015625,1581.8612959357793,6905700
2017-09-26,1512.4937744140625,1540.6156839777,1509.6815422633947,1535.4600108562759,14112000
2017-09-27,1537.0640869140625,1538.9541711938436,1527.6139769819426,1529.031566147344,7438500
2017-09-28,1563.0518798828125,1575.336959203752,1553.6016671264922,1573.4469789458387,7253100
2017-09-29,1563.0518798828125,1567.304439285369,1555.4917512066565,1563.0518798828125,5531400
2017-10-02,1558.79931640625,1568.249425315621,1554.546757014808,1559.2718114694935,5045400
2017-10-03,1562.5792236328125,1567.3043817486346,1549.8215458934858,1563.996812596458,6418800
2017-10-04,1547.458984375,1557.8540824768083,1542.7339303448834,1557.3815874560207,7995600
2017-10-05,1533.2838134765625,1546.5139854493352,1529.5037495097358,1545.0963965728747,7168500
2017-10-06,1546.51416015625,1548.8766355135008,1534.7014719032388,1541.3165067257933,4105800
2017-10-09,1546.51416015625,1546.51416015625,1546.51416015625,1546.51416015625,0
2017-10-10,1573.9195556640625,1576.7546300202653,1550.766777192219,1555.0193368153948,7533000
2017-10-11,1561.6343994140625,1581.0072175155071,1560.2169141221,1573.4470883138576,5501700
2017-10-12,1570.612060546875,1576.7547046389675,1566.8319958338016,1573.4471350372455,5539500
2017-10-13,1588.0946044921875,1589.0396984238046,1563.0518474826843,1576.7545155352707,7365600
2017-10-16,1603.6873779296875,1619.2801302307876,1598.9623234977103,1605.1048631126055,10185300
2017-10-17,1612.664794921875,1622.1149026325315,1606.5222560566197,1616.4448587705851,5806800
2017-10-18,1613.137451171875,1618.3351043722992,1608.4123968442377,1615.5000302468177,3864600
2017-10-19,1634.4005126953125,1645.2682120874465,1617.390272827461,1619.2803571584805,8726400
2017-10-20,1605.57763671875,1614.555251498698,1597.0725170511928,1598.962497500756,8838900
2017-10-23,1623.53271484375,1634.400309059587,1615.027595969507,1632.9828238546306,7216200
2017-10-24,1652.827880859375,1652.827880859375,1621.1698855877646,1624.0049593825727,8869500
2017-10-25,1640.5433349609375,1659.9160525663026,1636.7632697110982,1653.7735114242364,7089300
2017-10-26,1640.5433349609375,1647.6308664598944,1635.8182793542076,1640.5433349609375,5070600
2017-10-27,1644.3228759765625,1648.102940021262,1623.0600806140305,1647.1578461434049,8445600
2017-10-30,1650.9378662109375,1657.0805090532892,1641.9602532772603,1654.7179301549445,8212500
2017-10-31,1671.7283935546875,1682.123596771307,1653.7731652431908,1655.6631455613465,10789200
2017-11-01,1557.8541259765625,1561.6341900706543,1512.9660595259306,1518.6361037559461,59803200
2017-11-02,1550.29443359375,1565.414589385733,1540.3717242885486,1560.2170390766846,21959100
2017-11-03,1550.29443359375,1550.29443359375,1550.29443359375,1550.29443359375,0
2017-11-06,1539.4266357421875,1556.436874811162,1539.4266357421875,1547.9317552766747,15613200
2017-11-07,1540.843994140625,1546.5141425780832,1527.6138208236416,1539.4265089423861,11927700
2017-11-08,1542.7337646484375,1545.5687344686744,1530.4485839607207,1537.0636173635035,12050100
2017-11-09,1557.8541259765625,1590.9296089331824,1534.701350200275,1548.8765126864362,22785300
2017-11-10,1559.7445068359375,1561.6344873316236,1537.5367169003046,1539.8991925199123,10186200
2017-11-13,1538.4814453125,1556.4366722547577,1538.4814453125,1556.4366722547577,8957700
2017-11-14,1536.1187744140625,1544.1513973178328,1532.811205485056,1536.591269429315,7740000
2017-11-15,1502.0985107421875,1529.5039521774934,1495.0109807097112,1527.613868032513,14884200
2017-11-16,1507.768310546875,1512.9658590542215,1482.7254541306597,1486.978012695258,10372500
2017-11-17,1519.5811767578125,1537.5365081402545,1515.8011124574168,1524.3062311777446,13179600
2017-11-20,1495.0107421875,1507.2958199696982,1485.560530614846,1497.373217213985,11157300
2017-11-21,1510.603759765625,1523.8339346293933,1506.8236949727964,1512.0213489518503,8103600
2017-11-22,1516.2735595703125,1523.36108857967,1506.8233478541028,1516.2735595703125,7488000
2017-11-23,1516.2735595703125,1516.2735595703125,1516.2735595703125,1516.2735595703125,0
2017-11-24,1517.6910400390625,1519.5810200832714,1501.625794374331,1509.1859221956445,6804900
2017-11-27,1495.9560546875,1520.9989183002624,1494.5384655437754,1520.0538242636926,10265400
2017-11-28,1486.9783935546875,1498.3184834166636,1482.7258339008822,1493.1209335780698,6864300
2017-11-29,1465.7154541015625,1482.2531960314025,1455.320251603429,1481.7805971622738,12419100
2017-11-30,1433.1126708984375,1450.1229103156297,1425.5525414191827,1438.7827160967474,17958600
2017-12-01,1452.4853515625,1469.9680844315455,1428.3874800727197,1447.7601932206883,20047500
2017-12-04,1435.00244140625,1455.7927425213034,1430.749882174131,1445.8701389204414,11423700
2017-12-05,1419.4100341796875,1428.3876492121406,1405.2347651202233,1426.9701638350998,12531600
2017-12-06,1379.71923828125,1409.014659280863,1378.7742481443515,1405.2345949110177,16316100
2017-12-07,1398.14697265625,1413.7396203512858,1388.696864267335,1403.8170169251498,13652100
2017-12-08,1402.3995361328125,1408.069580419176,1376.411686072133,1376.411686072133,12799800
2017-12-11,1422.24462890625,1422.7172277292443,1400.0368447594778,1412.3220262458753,8577000
2017-12-12,1421.2998046875,1443.9801903027442,1416.1022552506834,1420.8273096316302,9909900
2017-12-13,1408.5423583984375,1425.0801033631117,1399.5647432157173,1420.355048204957,8160300
2017-12-14,1398.14697265625,1415.1572092851945,1394.366908536235,1409.0145661568283,6918300
2017-12-15,1376.41162109375,1397.2019209252628,1374.049042189656,1392.0042681007044,12942000
2017-12-18,1410.43212890625,1414.684687984538,1394.3668826499973,1397.201956642937,10189800
2017-12-19,1419.882568359375,1429.3326787774342,1412.7949336346967,1413.267428773373,8500500
2017-12-20,1420.3551025390625,1426.9702423068934,1416.5750375034834,1419.4101122357354,5480100
2017-12-21,1437.8375244140625,1444.9251577856085,1416.574728121672,1429.8049009455765,9418500
2017-12-22,1441.14501953125,1459.5727407637776,1435.9474704428758,1455.3201817237912,9604800
2017-12-25,1441.14501953125,1456.7377706186148,1437.3649555154573,1455.3201817237912,5616000
2017-12-26,1427.9150390625,1437.83764354701,1419.4099198408467,1436.420158284153,7470900
2017-12-27,1433.1126708984375,1437.837725867406,1416.574926595916,1417.5199168252573,4562100
2017-12-28,1428.8599853515625,1436.8926092388817,1423.6624357251362,1426.497406163776,3791700
2017-12-29,1428.8599853515625,1446.342718345521,1427.9149952053492,1431.6950596124555,5742900
2018-01-01,1428.8599853515625,1428.8599853515625,1428.8599853515625,1428.8599853515625,0
2018-01-02,1428.8599853515625,1428.8599853515625,1428.8599853515625,1428.8599853515625,0
2018-01-03,1428.8599853515625,1428.8599853515625,1428.8599853515625,1428.8599853515625,0
2018-01-04,1486.9783935546875,1487.4508886470817,1451.0678321324106,1455.3203917862159,15905700
2018-01-05,1489.3408203125,1494.0658749041818,1475.1656565374549,1494.0658749041818,9220500
2018-01-08,1489.3408203125,1489.3408203125,1489.3408203125,1489.3408203125,0
2018-01-09,1486.9783935546875,1502.571043070469,1482.2533388084878,1502.571043070469,8095500
2018-01-10,1478.0006103515625,1493.5932580865006,1466.6604179624976,1483.6706546349722,10295100
2018-01-11,1473.7484130859375,1476.5833840126922,1455.320582950678,1461.4632276031882,6002100
2018-01-12,1457.2103271484375,1472.8029750716914,1449.6501987977558,1467.60542576394,7971300
2018-01-15,1452.4853515625,1466.1880200514474,1443.9802326628426,1464.7704310200031,8166600
2018-01-16,1511.076171875,1514.3837413648046,1460.5179508039782,1464.7705104845104,19966500
2018-01-17,1517.6910400390625,1530.9212118152418,1510.6034072288012,1530.9212118152418,15602400
2018-01-18,1507.768310546875,1541.7887790636607,1506.823216781896,1535.6461367913353,14201100
2018-01-19,1520.5262451171875,1520.5262451171875,1508.7135573549772,1514.8560968508675,5924700
2018-01-22,1527.6138916015625,1528.086386689534,1511.0761482335383,1521.9438467236494,9164700
2018-01-23,1557.8541259765625,1563.9967690628034,1537.5364242264052,1540.3713944302906,15812100
2018-01-24,1533.75634765625,1554.546648093518,1520.5261753456693,1554.546648093518,12816000
2018-01-25,1509.658447265625,1520.998639223391,1495.0107901646386,1511.0759323270051,11196900
2018-01-26,1503.988525390625,1515.3286144474844,1495.4834066868557,1513.9111292709392,12463200
2018-01-29,1505.4061279296875,1506.3511181210563,1484.615824608286,1490.285869578756,9908100
2018-01-30,1476.583251953125,1487.4509510005344,1467.1331420645802,1472.3306921210537,16181100
2018-01-31,1522.4163818359375,1550.7668146153485,1465.7156200993743,1465.7156200993743,26646300
2018-02-01,1524.306396484375,1542.261729814021,1511.0762219093408,1530.9215356830227,12271500
2018-02-02,1532.811279296875,1537.0638384611661,1517.6911266139755,1519.1086117279908,9946800
2018-02-05,1479.890625,1499.7359361878757,1471.3855064655172,1495.0108818711906,12998700
2018-02-06,1452.0125732421875,1452.4851720757704,1407.1245089421618,1430.27728360919,22824000
2018-02-07,1438.78271484375,1493.5934977872207,1438.78271484375,1493.1210026729614,10443600
2018-02-08,1446.3426513671875,1468.0779428348246,1435.0024586710188,1447.7601365208654,7775100
2018-02-09,1436.8924560546875,1436.8924560546875,1400.036909881186,1410.9046068708149,8930700
2018-02-12,1436.8924560546875,1436.8924560546875,1436.8924560546875,1436.8924560546875,0
2018-02-13,1423.1900634765625,1474.6932767570693,1417.992409579314,1474.6932767570693,10957500
2018-02-14,1400.982177734375,1433.5851713460302,1378.3018930345024,1421.2999868521058,11074500
2018-02-15,1409.9598388671875,1429.805048236265,1407.1247644620657,1414.2123985637409,7495200
2018-02-16,1409.0147705078125,1427.915093849022,1404.762210733823,1415.629909632801,6003000
2018-02-19,1430.2774658203125,1433.112540071789,1409.9597624551977,1415.629807135898,4999500
2018-02-20,1424.1348876953125,1427.442456929205,1409.4871255833236,1423.6623926365064,5875200
2018-02-21,1421.2998046875,1438.3100419878085,1410.9047058138667,1433.1124925509919,6866100
2018-02-22,1406.6522216796875,1418.937405255739,1397.674607493776,1417.5198161901048,9769500
2018-02-23,1400.982177734375,1405.2347376044925,1391.5320677612833,1403.8172522552074,7145100
2018-02-26,1404.2899169921875,1412.7950377597342,1399.5648614349145,1408.069982202461,5762700
2018-02-27,1443.0352783203125,1458.1555373036474,1421.2999838984651,1427.9151231592398,10224000
2018-02-28,1416.102294921875,1442.0901466562404,1416.102294921875,1435.4751118664985,7530300
2018-03-01,1404.2899169921875,1414.2126271025086,1390.587245493868,1408.5424773759607,7250400
2018-03-02,1372.6319580078125,1381.137078430825,1361.291762836372,1375.9395279105997,9806400
2018-03-05,1384.4442138671875,1392.949331621123,1373.104022254527,1373.104022254527,9506700
2018-03-06,1385.3895263671875,1408.069811049735,1384.91703125112,1398.619701083862,8981100
2018-03-07,1372.159423828125,1393.422224280925,1367.906863737565,1374.9943946736532,7521300
2018-03-08,1406.1796875,1410.432246934151,1386.8068706012004,1386.8068706012004,8805600
2018-03-09,1419.882568359375,1440.2003784337896,1410.4324579413155,1434.5302291251403,10637100
2018-03-12,1449.6500244140625,1460.5176167663994,1443.507381934712,1443.9799807442446,8975700
2018-03-13,1458.1556396484375,1460.0456202428768,1436.8928388496465,1441.1453990094049,6114600
2018-03-14,1446.8154296875,1449.1780092284428,1428.8601989365004,1435.0027396273224,5848200
2018-03-15,1452.4853515625,1455.3203219808843,1438.7825792513001,1445.8702129417654,5078700
2018-03-16,1437.8375244140625,1456.265246593385,1433.5849651555843,1455.792751544915,8314200
2018-03-19,1416.5748291015625,1440.6727012248266,1410.9047842934876,1437.8376269096618,6573600
2018-03-20,1400.509521484375,1402.8721006169562,1385.389368031508,1401.9271104928239,7968600
2018-03-21,1400.509521484375,1400.509521484375,1400.509521484375,1400.509521484375,0
2018-03-22,1381.136962890625,1391.059567946632,1374.049328523613,1387.2795032057097,10587600
2018-03-23,1328.6883544921875,1365.0714044934866,1324.9083944297302,1360.8188456009834,13007700
2018-03-26,1322.5458984375,1322.5458984375,1292.7779843247588,1312.6232950073347,11585700
2018-03-27,1357.0389404296875,1368.3791334100752,1333.886163228095,1338.138722617959,11273400
2018-03-28,1380.4034423828125,1381.8338773115215,1347.502600856577,1348.933035785286,8462700
2018-03-29,1381.833984375,1393.277779003552,1370.390189746448,1389.9399924738807,8165700
2018-03-30,1389.463134765625,1402.3373640072336,1383.2643735914733,1391.3703814218281,6719400
2018-04-02,1380.4034423828125,1397.5690806102848,1380.4034423828125,1390.4166964252577,6310800
2018-04-03,1364.668212890625,1370.866868900128,1355.1317706741252,1365.621836158127,6134400
2018-04-04,1349.88671875,1375.1582588333897,1347.9793674713603,1373.7278239524633,5529600
2018-04-05,1355.1317138671875,1364.1913440701576,1354.6549022534243,1363.7145324563944,5922000
2018-04-06,1340.826904296875,1351.3170737826933,1340.350092698074,1349.8866389862899,6772500
2018-04-09,1352.7476806640625,1357.0390903699201,1339.8734515464896,1340.8270748654036,6570900
2018-04-10,1359.423095703125,1366.0985629317083,1352.747523703809,1358.4694724948606,9549900
2018-04-11,1373.2509765625,1379.9265487077832,1368.9595672607422,1372.2973533333839,5048100
2018-04-12,1357.0389404296875,1373.2509541429267,1355.6085056093664,1372.7741425361528,4609800
2018-04-13,1373.7279052734375,1381.3571012981486,1367.5292489850747,1367.5292489850747,6192000
2018-04-16,1377.0655517578125,1382.3105842030184,1372.297330919377,1373.2509541329173,5374800
2018-04-17,1366.575439453125,1384.694805124547,1363.7145696924301,1373.251011769555,6165900
2018-04-18,1377.0655517578125,1380.4033377759374,1363.7145124560461,1363.7145124560461,6237000
2018-04-19,1382.78759765625,1395.6618272305063,1380.403539274396,1394.2313922013939,5524200
2018-04-20,1355.6085205078125,1377.0655669021135,1342.257481059218,1376.5887552900995,7994700
2018-04-23,1338.4429931640625,1352.270845358755,1335.582018486603,1352.270845358755,6818400
2018-04-24,1349.88671875,1349.88671875,1332.7210810959314,1342.2575231769167,6152400
2018-04-25,1335.1051025390625,1338.4428886068986,1327.9527187895187,1335.1051025390625,5449500
2018-04-26,1349.409912109375,1367.052467596151,1338.4430342554492,1341.3040090207433,8455500
2018-04-27,1320.80029296875,1348.4559921230489,1319.8466698470272,1336.0585772284837,11240100
2018-04-30,1320.80029296875,1320.80029296875,1320.80029296875,1320.80029296875,0
2018-05-01,1347.9793701171875,1357.9926238448024,1311.2640366021076,1313.6480947416646,24273000
2018-05-02,1367.5294189453125,1378.0194862049661,1357.9928703438238,1358.9465985435027,12135600
2018-05-03,1367.5294189453125,1367.5294189453125,1367.5294189453125,1367.5294189453125,0
2018-05-04,1367.5294189453125,1367.5294189453125,1367.5294189453125,1367.5294189453125,0
2018-05-07,1347.0257568359375,1386.6020651822816,1341.7807241193354,1381.8338440971218,11888100
2018-05-08,1364.668212890625,1365.1450245243761,1343.687977151882,1347.0257633588785,8123400
2018-05-09,1372.7742919921875,1393.7545288280473,1369.4365056106483,1371.3438570161327,8631000
2018-05-10,1377.0655517578125,1380.8801493827077,1365.621758883127,1376.1119285442721,5724000
2018-05-11,1440.959716796875,1451.4497805091844,1392.3236811196552,1393.7542205500404,15748200
2018-05-14,1481.966552734375,1485.7811501867843,1436.1915928469189,1438.0988391877593,13225500
2018-05-15,1510.0994873046875,1525.3577755531614,1491.026496030657,1506.7617007353883,15813000
2018-05-16,1507.71533203125,1525.8347000295055,1497.7020770414715,1516.2981519569892,9306900
2018-05-17,1503.4237060546875,1526.3112924153104,1500.0860247181572,1525.834480795806,7274700
2018-05-18,1512.0064697265625,1514.3906325080623,1492.9335865574926,1503.900462948488,5890500
2018-05-21,1522.02001953125,1525.834617600032,1506.7616272561218,1509.14579033814,5827500
2018-05-22,1546.814453125,1566.3642513812836,1538.2316353092122,1556.3509988531061,11637000
2018-05-23,1553.966796875,1565.4105885964843,1544.907167717846,1548.7217649583408,10926000
2018-05-24,1535.370849609375,1548.7218886318958,1528.2184661159517,1533.9403100482518,7865100
2018-05-25,1531.5562744140625,1539.1854696156151,1523.4502676087545,1539.1854696156151,5669100
2018-05-28,1543.0,1563.9801287342311,1542.5230836462874,1546.8144926638763,6533100
2018-05-29,1538.2320556640625,1548.7222274004257,1531.0797753768757,1540.1394072391986,5509800
2018-05-30,1530.1259765625,1541.5696656184068,1526.311378620284,1527.7418135595867,7920000
2018-05-31,1543.4769287109375,1563.9802474180942,1541.0927658443627,1553.9669938740997,14932800
2018-06-01,1561.59619140625,1569.7021984843914,1540.1391446613868,1543.9537423905554,9417600
2018-06-04,1594.4969482421875,1600.6956037473367,1587.8213763713527,1589.7286227511738,11152800
2018-06-05,1599.7421875,1610.2322534874716,1590.2057448257997,1601.1726224699069,8470800
2018-06-06,1604.0335693359375,1608.8017905902657,1594.9739384756397,1606.8944392260892,5805900
2018-06-07,1614.046630859375,1614.523442450827,1595.4505597098282,1611.662572902115,6983100
2018-06-08,1607.8480224609375,1622.152684935379,1607.8480224609375,1616.430840899749,9144900
2018-06-11,1588.7750244140625,1596.8810311965633,1576.854420041518,1587.8214012092346,7555500
2018-06-12,1604.987060546875,1617.384476696154,1591.1592095702408,1611.6626326159997,6524100
2018-06-13,1614.5234375,1615.953977040699,1603.5565613887738,1610.2320284193615,4827600
2018-06-14,1625.96728515625,1634.0732920026496,1615.000303902082,1621.1990643237914,10527300
2018-06-15,1739.4512939453125,1744.2195151135184,1701.782336239411,1707.0273690473637,30996000
2018-06-18,1781.888427734375,1783.3189673040474,1743.2657452263852,1747.0803427942926,21701700
2018-06-19,1754.23291015625,1819.0807612938777,1728.4844524527468,1783.3191541777799,21712500
2018-06-20,1744.2196044921875,1748.5110142405508,1702.2592351076605,1735.636784995461,16830900
2018-06-21,1747.080322265625,1758.5241148348796,1725.1464650859348,1742.3121015544514,11626200
2018-06-22,1739.9278564453125,1743.7424537878144,1712.2721566755808,1717.0403771610268,9529200
2018-06-25,1728.4844970703125,1750.8951690342785,1723.2394640184473,1746.6037593062533,7244100
2018-06-26,1698.4447021484375,1714.6567184351625,1686.0472840921625,1701.3055722432125,14302800
2018-06-27,1706.07373046875,1720.3783938450918,1684.1397666126572,1697.4909114887969,9378900
2018-06-28,1731.344970703125,1732.7755101321518,1684.1394745011087,1696.5368891852538,8798400
2018-06-29,1775.6898193359375,1775.6898193359375,1733.72934974509,1744.2194147574348,11593800
2018-07-02,1778.07421875,1817.1736143278758,1757.5707928388044,1762.815826042855,10873800
2018-07-03,1800.008056640625,1809.067793203535,1775.2132197511678,1777.5973830089342,9210600
2018-07-04,1746.6036376953125,1814.7892721634823,1696.0603478020325,1811.9284023911566,12964500
2018-07-05,1715.6102294921875,1749.9415065480812,1706.5505985769646,1733.7294913226328,8476200
2018-07-06,1810.0208740234375,1819.5573146543375,1752.8020206965934,1753.7557485762609,15210000
2018-07-09,1916.3526611328125,1916.3526611328125,1857.2265556890845,1859.6107184700377,21946500
2018-07-10,1903.9547119140625,1918.2594758390467,1866.7625771588039,1885.8354560311716,18531000
2018-07-11,1859.6109619140625,1886.3130437485324,1849.1206862128668,1886.3130437485324,12134700
2018-07-12,1831.0013427734375,1869.1473219483012,1816.2198675175762,1864.8559123874718,14557500
2018-07-13,1875.345947265625,1881.0678964331985,1857.2266860333677,1873.9154075883619,8001900
2018-07-16,1875.345947265625,1875.345947265625,1875.345947265625,1875.345947265625,0
2018-07-17,1864.85595703125,1900.1408576492765,1844.3525320229462,1881.544679260004,7601400
2018-07-18,1883.928955078125,1931.6113806571395,1881.0680849783241,1896.8031848394787,13064400
2018-07-19,1882.97509765625,1890.1273767874682,1873.4386556341342,1875.3459021302626,5693400
2018-07-20,1865.809326171875,1920.1671046583283,1861.0410007323721,1907.2928774214215,11509200
2018-07-23,1856.7496337890625,1880.1141356147996,1847.6901086064597,1854.8423873865634,7708500
2018-07-24,1862.94873046875,1868.1937634982976,1838.1538955299409,1864.3790606776788,8683200
2018-07-25,1888.219970703125,1904.43198363296,1879.6371526544744,1893.9419192493774,7451100
2018-07-26,1898.7100830078125,1909.2001476561516,1888.2200183594737,1906.8161944480464,4911300
2018-07-27,1898.2337646484375,1914.4457813051658,1892.9887312508938,1911.5847016035932,4600800
2018-07-30,1870.100830078125,1906.339350906642,1867.7166672374797,1889.1737137203477,5848200
2018-07-31,1859.6109619140625,1879.6374709045422,1836.723373395306,1864.8559949939145,12683700
2018-08-01,1831.9549560546875,1866.763148765299,1819.5576438539927,1858.6572461019957,13129200
2018-08-02,1808.5908203125,1868.1938521896855,1807.1604900356672,1864.3791491879656,11758500
2018-08-03,1779.9810791015625,1827.6632840349218,1779.9810791015625,1813.835434127175,9600300
2018-08-06,1759.4779052734375,1804.2992470814834,1754.709684109012,1773.3057571273462,7597800
2018-08-07,1800.48486328125,1802.3921099545207,1747.0805944099604,1754.709790644537,8924400
2018-08-08,1804.298828125,1820.510839182078,1784.7490315966324,1800.484335895773,5899500
2018-08-09,1770.921630859375,1803.8225775942883,1770.921630859375,1795.7164652448155,7022700
2018-08-10,1721.8087158203125,1765.6764311137922,1720.8550926119178,1765.1997242803277,9478800
2018-08-13,1642.1793212890625,1698.4444536058045,1640.7487816802638,1698.4444536058045,16821000
2018-08-14,1694.153076171875,1704.1663297680482,1672.2192177221823,1676.0338154661379,9367200
2018-08-15,1678.4178466796875,1697.0139187090963,1657.914423423496,1684.1396908185668,5917500
2018-08-16,1671.742431640625,1686.0470948209463,1613.56994611999,1640.272025964885,9630000
2018-08-17,1673.1727294921875,1699.3979955602586,1666.973969282219,1697.0138328401024,5367600
2018-08-20,1701.7822265625,1704.1662846075844,1665.5436013406145,1668.8813873744662,5445900
2018-08-21,1683.1859130859375,1707.0271202224935,1681.2786668049612,1687.0005104186155,7422300
2018-08-22,1695.106689453125,1700.8285336500633,1672.6960195134861,1684.1397079073627,6438600
2018-08-23,1718.470947265625,1726.1001425516968,1702.2590382461394,1716.086889220436,7415100
2018-08-24,1744.6962890625,1745.649912264126,1700.8284693096568,1732.2988731291673,6900300
2018-08-27,1828.1402587890625,1832.9085842054774,1748.9876493916545,1754.7094932123318,12501900
2018-08-28,1803.345703125,1849.5975866563344,1798.1006700904968,1835.2928177631052,8801100
2018-08-29,1819.0806884765625,1831.0012935519114,1810.0211627258425,1810.974785986893,5301000
2018-08-30,1825.2794189453125,1841.9681390912276,1812.88189838591,1840.5375995347492,6895800
2018-08-31,1829.57080078125,1838.153618909166,1786.1797937828044,1787.1334169590773,6538500
2018-09-03,1796.1929931640625,1840.5374098896616,1796.1929931640625,1828.1401001491129,4535100
2018-09-04,1805.2530517578125,1825.756478164611,1790.471575139877,1805.2530517578125,4505400
2018-09-05,1810.4979248046875,1823.3721535337431,1800.961482361848,1811.4517576363064,5927400
2018-09-06,1779.9810791015625,1800.0075842194283,1756.1398718641572,1785.703027510146,7006500
2018-09-07,1732.2987060546875,1756.6166192044257,1720.3781028718706,1755.6629960947735,8797500
2018-09-10,1713.70263671875,1744.2193114952288,1711.7953903824139,1728.0074033241854,6117300
2018-09-11,1694.6298828125,1718.470987678726,1672.6960244272775,1717.5173644382241,10492200
2018-09-12,1622.629638671875,1716.5638381213773,1621.676015377528,1709.4114538722908,14635800
2018-09-13,1601.1724853515625,1643.132955249601,1572.0862433924176,1573.5167830105624,12222000
2018-09-14,1685.5703125,1689.38491036856,1636.9342682539161,1645.0402756282633,14281200
2018-09-17,1685.5703125,1685.5703125,1685.5703125,1685.5703125,0
2018-09-18,1662.6826171875,1671.7423520180137,1631.2123177813817,1635.9805386143855,11032200
2018-09-19,1710.842041015625,1747.0805653714167,1688.4312643527064,1700.3518701747546,11694600
2018-09-20,1690.338623046875,1743.265974827392,1682.232615243792,1727.053959221226,9220500
2018-09-21,1670.7886962890625,1702.25910182687,1649.8084608541035,1700.3517505487441,11743200
2018-09-24,1670.7886962890625,1670.7886962890625,1670.7886962890625,1670.7886962890625,0
2018-09-25,1705.596923828125,1706.5506519311841,1677.9412185665694,1695.5836692973455,10211400
2018-09-26,1762.7864990234375,1765.6699397246034,1718.0920065847347,1720.0144059828422,11659500
2018-09-27,1674.358642578125,1774.320341550233,1667.6305091766117,1767.5922081487197,14639400
2018-09-28,1678.6842041015625,1725.3009950843734,1663.3055353385507,1712.8057673159221,12811500
2018-10-01,1698.8685302734375,1709.9219300683908,1667.1498399461452,1674.839225819266,8270100
2018-10-02,1669.0723876953125,1709.441508724486,1663.785974036254,1707.9997883440153,10482300
2018-10-03,1683.9705810546875,1712.8057295458175,1678.203593595397,1682.0482871007036,9508500
2018-10-04,1711.36376953125,1738.276514703931,1702.2326633332805,1723.3783162565842,10514700
2018-10-05,1644.5623779296875,1699.829694253887,1644.5623779296875,1695.5044278562946,12670200
2018-10-08,1644.5623779296875,1644.5623779296875,1644.5623779296875,1644.5623779296875,0
2018-10-09,1608.9991455078125,1622.455518504232,1589.2951066503922,1595.5427725113927,11415600
2018-10-10,1611.4024658203125,1646.4851789840334,1597.9459843243676,1640.2375117755805,11403900
2018-10-11,1539.795166015625,1545.0815803854318,1499.4260395589004,1509.0377212489757,15300900
2018-10-12,1585.450439453125,1593.620293049541,1542.1977764258777,1542.6783498375892,12188700
2018-10-15,1557.5765380859375,1581.1252702904997,1551.8095511937702,1572.4747371535846,8027100
2018-10-16,1579.202880859375,1583.047574010774,1528.741402044257,1549.4065881340289,9099000
2018-10-17,1621.49462890625,1639.2762712441686,1602.7518395440857,1633.9898570134742,8647200
2018-10-18,1590.25634765625,1623.4166536737298,1585.931081167246,1623.4166536737298,6151500
2018-10-19,1567.6688232421875,1571.0329429961887,1534.9890893960728,1535.9502362979788,8120700
2018-10-22,1592.178955078125,1597.945943000571,1539.795173456978,1546.5234140309544,6458400
2018-10-23,1569.110595703125,1597.46506192676,1566.7076229329443,1575.838729384442,7867800
2018-10-24,1542.6783447265625,1586.8921544307484,1542.6783447265625,1585.9310076105098,9233100
2018-10-25,1493.65869140625,1509.5180374090844,1475.8770516320797,1505.6733442690843,12681900
2018-10-26,1497.0225830078125,1534.5082562132684,1483.5662118667722,1518.1683392572509,10526400
2018-10-29,1489.8140869140625,1534.9891547991015,1481.6442323024294,1515.2851144838253,9234000
2018-10-30,1535.469482421875,1543.158867928243,1480.2021692911671,1480.2021692911671,11478600
2018-10-31,1649.848876953125,1649.848876953125,1551.3289971279348,1610.440903903583,17428500
2018-11-01,1810.3642578125,1883.4131047642002,1741.1599980920935,1763.747476062544,43436700
2018-11-02,1801.2333984375,1830.0686530872572,1755.0972866704426,1789.699423294406,23645700
2018-11-05,1768.553466796875,1803.1554940160122,1753.6552676134913,1776.7234265560216,13569300
2018-11-06,1815.1700439453125,1826.2235493444673,1759.9028337415082,1770.9562335433397,11851200
2018-11-07,1828.1458740234375,1860.345243931645,1808.922514599939,1814.6896069048485,11650500
2018-11-08,1843.524658203125,1879.0879367296284,1835.3548043123633,1872.359697528618,8728200
2018-11-09,1820.4566650390625,1842.5636783620603,1801.7139828161771,1835.3549706759252,7716600
2018-11-12,1715.6890869140625,1808.9225509471164,1710.4025679287845,1801.7138438171205,17243100
2018-11-13,1633.9893798828125,1658.0185764590613,1562.8627257030273,1564.785124787515,19259100
2018-11-14,1633.9893798828125,1671.4749476612233,1629.1835405675627,1647.4457510849743,13673700
2018-11-15,1617.6497802734375,1641.6790871621135,1600.3487131047377,1600.829286570831,8809200
2018-11-16,1545.0814208984375,1605.1545836565338,1541.2367274997964,1585.931222260664,14488200
2018-11-19,1564.7852783203125,1581.1251969537814,1556.6153190035782,1565.2658517392588,8098200
2018-11-20,1509.5184326171875,1539.7953066238358,1496.0620559028278,1537.873012349223,12652200
2018-11-21,1541.71728515625,1546.5232310532422,1472.993694953016,1489.8140832031493,14610600
2018-11-22,1538.8341064453125,1545.5622417719057,1515.2853688088542,1539.314679997401,6008400
2018-11-23,1538.8341064453125,1538.8341064453125,1538.8341064453125,1538.8341064453125,0
2018-11-26,1541.236572265625,1558.0570645915097,1517.2073729410217,1543.6395449967479,5772600
2018-11-27,1537.8726806640625,1561.9018819009384,1522.4939073945952,1552.7707748711923,6459300
2018-11-28,1606.5963134765625,1611.4022594509684,1550.3678437883125,1556.6155101966383,10906200
2018-11-29,1623.416748046875,1669.552961810703,1621.494454205493,1661.8635752505095,11403900
2018-11-30,1664.2666015625,1668.1112949659882,1633.0285864561613,1655.1354943282165,12996000
2018-12-03,1725.781494140625,1737.796147891722,1698.8687457682495,1706.0774535410385,10729800
2018-12-04,1681.0870361328125,1732.0289843328783,1679.645210159176,1728.1843966627341,11306700
2018-12-05,1694.062744140625,1714.2472507000084,1650.81007923148,1651.290652664101,13562100
2018-12-06,1604.1932373046875,1676.76161818877,1592.1785851270247,1676.76161818877,16029900
2018-12-07,1595.0623779296875,1655.6161160021236,1594.581804439928,1636.8732219148103,13679100
2018-12-10,1542.197998046875,1559.4990657440173,1527.2997977535929,1532.5862116394226,13128300
2018-12-11,1522.9747314453125,1552.7710303594995,1505.1930879250858,1549.4069099536143,9777600
2018-12-12,1594.581787109375,1603.712894510242,1535.4697701486702,1550.848544043186,13411800
2018-12-13,1579.6834716796875,1620.533270864308,1568.1494976959489,1608.0380443841493,11679300
2018-12-14,1542.6783447265625,1585.9310076105098,1531.6248395018554,1579.2027686741974,10637100
2018-12-17,1570.5523681640625,1585.4505675198245,1546.0424886030332,1555.1737009551007,7534800
2018-12-18,1537.8726806640625,1561.4213084359342,1533.5474138816915,1537.8726806640625,7788600
2018-12-19,1542.197998046875,1556.6155192620479,1529.222197274018,1547.4844119327047,8163000
2018-12-20,1455.6927490234375,1531.6251588067191,1444.6392414943552,1522.0134774059002,12675600
2018-12-21,1445.11962890625,1455.2118825177238,1409.5563489445524,1439.8332153763033,12491100
2018-12-24,1445.11962890625,1445.11962890625,1445.11962890625,1445.11962890625,0
2018-12-25,1387.44970703125,1399.4643623259144,1356.2116877430028,1364.862222659585,10423800
2018-12-26,1377.837890625,1423.0128549614672,1352.8474353933061,1404.2700663363664,10288800
2018-12-27,1444.6390380859375,1462.4206778529608,1419.6485854846453,1460.4983840823977,11608200
2018-12-28,1437.430419921875,1457.1344617252946,1416.2846575952817,1419.6487777466962,6620400
2018-12-31,1437.430419921875,1437.430419921875,1437.430419921875,1437.430419921875,0
2019-01-04,1296.618896484375,1354.2890854373006,1257.21092171352,1350.9249655623576,23514300
2019-01-07,1358.1336669921875,1372.5511866443762,1323.0509619204008,1354.2889739654722,13083300
2019-01-08,1356.6920166015625,1385.0464839380593,1353.8084702836372,1358.1337369618598,10767600
2019-01-09,1366.7841796875,1372.0705929220478,1340.8325813390031,1356.6919266399705,12582900
2019-01-10,1312.4781494140625,1361.4979107779811,1309.5947085790096,1356.2114969830493,13938300
2019-01-11,1285.5655517578125,1318.2453964900508,1278.8374167582824,1313.9201291341574,17631000
2019-01-15,1354.2891845703125,1364.3814393365535,1302.8665525376086,1304.7889521485806,18903600
2019-01-16,1314.4005126953125,1332.6627265369411,1306.2305526930402,1325.453913453211,21589200
2019-01-17,1324.49267578125,1330.2597680920096,1318.2451156414731,1321.1285561995278,10793700
2019-01-18,1323.05126953125,1325.9348163710456,1305.750199687176,1316.8036023112509,15597000
2019-01-21,1363.420166015625,1383.6047792754446,1336.5074187340867,1345.638525647561,11807100
2019-01-22,1350.4442138671875,1371.589971665228,1345.638374221813,1356.2113059194933,9521100
2019-01-23,1333.6241455078125,1345.6388012325122,1304.789098485358,1331.2212777212849,9349200
2019-01-24,1355.730712890625,1361.4978053086493,1322.5704066749574,1323.0509801102382,8147700
2019-01-25,1438.8720703125,1446.0807776453091,1384.0853243575696,1384.0853243575696,16269300
2019-01-28,1431.663330078125,1450.8866914048297,1420.6098233971352,1435.027449989499,11035800
2019-01-29,1401.386474609375,1405.2311680285836,1366.303765956101,1388.4106739185474,15019200
2019-01-30,1437.430419921875,1467.7072900899198,1423.9740449135597,1467.7072900899198,19335600
2019-01-31,1482.1248779296875,1495.5812525768235,1448.4838885131774,1466.746103705909,16003800
2019-02-01,1607.557861328125,1661.3833679165793,1598.9073259408838,1633.9900410561006,31092300
2019-02-04,1612.843994140625,1628.2226623637102,1586.892392516665,1608.0381537210774,10254600
2019-02-05,1656.0965576171875,1658.0188514231534,1628.2225582493686,1633.9896508619274,12301200
2019-02-06,1672.4365234375,1674.839390761163,1647.9266431521366,1655.1354563177927,11127600
2019-02-07,1671.4754638671875,1689.737785621911,1664.7473289868963,1672.4367165049541,10403100
2019-02-08,1626.3004150390625,1657.5384314599664,1603.232359244714,1638.795642726892,13886100
2019-02-12,1704.1552734375,1712.8058078204315,1649.8490939902774,1664.7472952038504,16893900
2019-02-13,1708.9609375,1709.9220844215713,1670.514110261158,1686.854030317199,17462700
2019-02-14,1676.7618408203125,1693.582334982912,1656.0966532264902,1682.0482546892429,11006100
2019-02-15,1659.460693359375,1686.3734404861118,1652.2518803229045,1664.7471069740318,8251200
2019-02-18,1661.3829345703125,1684.4509877202227,1654.6548008003642,1671.4751880238991,10060200
2019-02-19,1677.7230224609375,1683.97058341749,1657.5384079290911,1658.9802339939408,8669700
2019-02-20,1679.6453857421875,1691.179466750341,1669.0725573493876,1679.6453857421875,9486900
2019-02-21,1687.815185546875,1703.1939587570455,1674.3588117866425,1684.4510657074836,9836100
2019-02-22,1691.6597900390625,1691.6597900390625,1658.4993780438524,1662.8246445824743,6537600
2019-02-25,1722.417236328125,1729.6260491212392,1696.465636989708,1710.8832625759362,10182600
2019-02-26,1701.2716064453125,1739.718434938676,1692.1404991977724,1734.9125945766725,9879300
2019-02-27,1697.4267578125,1711.363809744885,1677.2422512573555,1701.7520243025062,9855000
2019-02-28,1665.2276611328125,1688.7762881964832,1659.4606741288653,1683.4898746430874,10408500
2019-03-01,1691.17919921875,1700.7908790730455,1668.5917198819577,1668.5917198819577,7800300
2019-03-04,1760.383544921875,1761.3446918324992,1715.2085841492296,1719.0531717917258,14039100
2019-03-05,1759.90283203125,1760.8639788657233,1727.7035682978071,1739.7182205206936,11440800
2019-03-06,1771.9176025390625,1773.359428570271,1753.1748145093832,1756.0583609744633,12027600
2019-03-07,1737.7960205078125,1765.1893403505667,1715.2085406937524,1755.5776602931787,17013600
2019-03-08,1691.6597900390625,1715.6890955191072,1689.7374962873762,1710.8832555425638,15037200
2019-03-11,1636.392578125,1652.251924995094,1613.8050970899778,1633.9897107794309,21161700
2019-03-12,1662.343994140625,1682.0480321693076,1660.4217004779841,1671.4751002328146,10262700
2019-03-13,1584.9697265625,1621.9748288491257,1577.2804465421675,1619.0912828431763,17828100
2019-03-14,1566.2271728515625,1615.246828609072,1563.3436264197082,1610.9215617599584,13905900
2019-03-15,1561.90185546875,1571.9941092577126,1554.693042421016,1567.188269091667,16248600
2019-03-18,1566.2271728515625,1579.6835468713232,1552.2902253593818,1574.39713307737,7103700
2019-03-19,1570.5523681640625,1578.722328017739,1552.2901546545884,1568.630074361941,5211000
2019-03-20,1595.5426025390625,1597.4648960777727,1562.3821942177838,1566.7074602771977,10369800
2019-03-22,1589.2950439453125,1637.834226221294,1580.1639378293398,1633.9895332886756,18470700
2019-03-25,1542.6783447265625,1562.3822769307376,1539.7947986685256,1552.2900241235905,7228800
2019-03-26,1572.9554443359375,1579.2030052005425,1553.7319770653505,1566.7077778739952,7006500
2019-03-27,1619.4188232421875,1634.2161082347218,1610.5404305709035,1627.7053591949914,5779800
2019-03-28,1629.4813232421875,1641.3191099588705,1598.1109608474226,1621.1947858374408,5471400
2019-03-29,1631.2568359375,1651.3811580091865,1624.7459780412964,1649.6054793446606,10383000
2019-04-01,1653.4527587890625,1678.3122591834913,1650.4932583301188,1657.2999901689864,7687800
2019-04-02,1657.3001708984375,1678.6083164173267,1645.7582587423724,1677.7204770207063,6299400
2019-04-03,1708.4990234375,1715.0097735859213,1654.3408189202726,1663.2192131034246,9185400
2019-04-04,1707.0189208984375,1728.91902831392,1691.9256534212773,1697.8446540962373,6836700
2019-04-05,1732.766357421875,1733.6541967353926,1711.1623397121664,1712.3460532109746,7770600
2019-04-08,1757.0340576171875,1760.8813975583564,1740.4610926946903,1746.0840029408305,7445700
2019-04-09,1751.4111328125,1766.2085282226988,1744.900382875691,1757.6260085387105,5288400
2019-04-10,1744.3082275390625,1746.0839061244021,1713.5298348527815,1719.4487273443071,4004400
2019-04-11,1714.71337890625,1725.9593053318706,1700.211970015706,1719.7444312900377,7635900
2019-04-12,1683.6395263671875,1710.866565843328,1673.5773101269713,1704.94767249082,10547700
2019-04-15,1713.234130859375,1718.2652932550939,1698.4368430351822,1713.234130859375,8493000
2019-04-16,1701.1002197265625,1711.7542920839314,1682.1596105205194,1696.9570054916396,8266200
2019-04-17,1758.809814453125,1759.4016712477478,1718.5610597056761,1719.4488990870257,14747700
2019-04-18,1754.074462890625,1794.6191962474934,1749.0434096827853,1775.678588510442,11379000
2019-04-19,1770.0556640625,1777.7503439400143,1763.5449144785428,1775.3827001105517,7082700
2019-04-22,1767.0960693359375,1769.7595870547261,1738.3892311293887,1764.136569077679,6061800
2019-04-23,1760.88134765625,1772.7191329602056,1741.0529001228315,1767.0962228734147,7341000
2019-04-24,1763.544921875,1783.0773874664442,1754.962402620148,1775.6786901312885,7793700
2019-04-25,1771.5352783203125,1774.1987960583256,1761.177081531052,1774.1987960583256,6202800
2019-04-26,1763.8408203125,1768.2800170988392,1732.7664428081257,1760.2894628834288,8750400
2019-05-07,1530.9310302734375,1588.640588336205,1497.489008989641,1498.0809741454007,39409500
2019-05-08,1522.3485107421875,1526.4918333166986,1479.7322217163207,1497.4890088104319,18078900
2019-05-09,1463.4552001953125,1510.8065589338742,1463.4552001953125,1499.264647629791,20946000
2019-05-10,1488.610595703125,1519.9809552834593,1455.464665815538,1459.3118973828248,16405200
2019-05-13,1472.3336181640625,1508.7350313481124,1467.3024562844478,1488.6106005873062,10217700
2019-05-14,1485.6513671875,1493.3459395487887,1433.5647144037112,1449.841806946,13388100
2019-05-15,1515.54150390625,1517.6131648181752,1476.180596852519,1488.9063280906746,8788200
2019-05-16,1437.1160888671875,1524.7163203038629,1420.8391045145904,1523.8284808526723,20538300
2019-05-17,1427.349365234375,1455.168361287638,1403.081834146339,1450.13730891647,18208800
2019-05-20,1374.3751220703125,1416.6954223902208,1360.4656769869998,1412.8481913294731,19712700
2019-05-21,1353.658935546875,1372.5995432050856,1343.8927033507198,1372.303560648626,26613300
2019-05-22,1357.21044921875,1389.7646325458693,1353.36321743522,1386.5091491858582,20346900
2019-05-23,1318.1453857421875,1337.3819762752582,1294.7656896230224,1331.75895788237,19892400
2019-05-24,1330.87109375,1364.0171299874585,1280.856111027385,1287.6629511599067,31212600
2019-05-27,1367.568603515625,1372.0078003368412,1321.4009565749761,1327.6158321246787,15894900
2019-05-28,1387.69287109375,1387.69287109375,1355.7306552528191,1362.833369884137,21793800
2019-05-29,1382.365966796875,1384.4376282212859,1348.0362122683816,1376.1510909024767,12682800
2019-05-30,1377.334716796875,1404.8577346959653,1360.7616445190702,1384.7333052698907,13603500
2019-05-31,1392.427978515625,1409.2969248952622,1379.40626344371,1390.3563173953614,21703500
2019-06-03,1340.933349609375,1360.1698319947764,1327.023794740692,1358.3941533629293,18537600
2019-06-04,1340.6373291015625,1344.484668821284,1329.095418321218,1333.238632218658,12680700
2019-06-05,1369.639892578125,1390.9480332148398,1352.7709479073924,1379.1102495580924,15202800
2019-06-06,1316.665771484375,1361.3537220844971,1316.0739147037127,1356.9145252824594,16047000
2019-06-07,1316.0738525390625,1329.9832990688262,1307.1954593543574,1322.880584521062,13654800
2019-06-10,1345.6683349609375,1352.7710490374918,1331.7588893539569,1342.1169779226602,11928000
2019-06-11,1374.3751220703125,1380.589996653318,1344.484570916415,1351.5872847255637,12145200
2019-06-12,1370.2320556640625,1401.8982886718145,1362.2415017704295,1367.5685376995182,14981100
2019-06-13,1359.8736572265625,1374.6710493197193,1350.1074261317544,1356.3223004648141,14085300
2019-06-14,1368.45654296875,1369.3443823979298,1339.453716029652,1353.3632726726933,11685900
2019-06-17,1366.0887451171875,1370.5279417633426,1345.076583784995,1356.9144776343499,9789600
2019-06-18,1358.98583984375,1379.1102674024658,1352.1791087341073,1363.7210183950024,10458900
2019-06-19,1419.35888671875,1424.0940652064705,1394.4993893211308,1399.8264244777636,21127200
2019-06-20,1417.287353515625,1431.7886549427844,1387.100820549721,1419.3589060744712,13919400
2019-06-21,1401.898193359375,1422.6144789125324,1391.5401047722044,1418.4711567746112,17609700
2019-06-24,1382.662109375,1407.2256331972715,1382.662109375,1390.3566823892284,8980200
2019-06-25,1376.1510009765625,1394.4996448633076,1371.7118041992187,1389.7645738866927,8663700
2019-06-26,1389.7646484375,1413.1443471331104,1366.9766981721752,1370.2321815694122,11517600
2019-06-27,1425.278076171875,1431.1969687833318,1399.5307361627456,1410.4806820749998,13242300
2019-06-28,1432.3807373046875,1434.4522900331854,1408.4090768097594,1432.3807373046875,12007500
2019-07-01,1503.40771484375,1538.9212820575488,1483.5792703564437,1538.9212820575488,31045500
2019-07-02,1506.6634521484375,1518.7972210777652,1488.906664262186,1495.121540022374,13692900
2019-07-03,1469.670166015625,1486.2431317568073,1456.9444320268344,1474.4052371537734,16282200
2019-07-04,1471.4456787109375,1475.2929100291076,1453.0969278903606,1464.9348211572988,7742400
2019-07-05,1493.6414794921875,1494.2333361510848,1474.700874240613,1484.7630877147005,9798900
2019-07-08,1485.6513671875,1493.3459395487887,1479.140508494817,1487.4270460692464,7822800
2019-07-09,1456.056640625,1481.803983660442,1445.106585046867,1480.0283048304116,12754500
2019-07-10,1435.04443359375,1450.1377031897164,1433.268754817754,1444.2187016838418,11812500
2019-07-11,1451.3214111328125,1460.4957875659884,1439.1876423370622,1440.0754817216007,9539700
2019-07-12,1422.614501953125,1444.2185187385162,1413.7361091978087,1438.2996263612445,13888800
2019-07-16,1400.71435546875,1427.645515540753,1396.8671243004744,1423.5023018292197,11842500
2019-07-17,1366.384765625,1381.1820520634308,1362.241551433158,1379.998338510806,16002600
2019-07-18,1344.1888427734375,1366.3848276276885,1337.0861276200771,1357.8024162769889,14825400
2019-07-19,1364.0172119140625,1383.253694864855,1354.5468533466478,1355.4346926886662,12314100
2019-07-22,1386.2132568359375,1396.5713468251256,1364.0172723027981,1364.0172723027981,12738600
2019-07-23,1420.54296875,1432.3808629491925,1407.5213609960676,1407.8172351953388,14092800
2019-07-24,1465.52685546875,1469.3741956319286,1428.8295661385537,1431.4930843179468,20864700
2019-07-25,1457.240478515625,1472.333748735336,1424.9822766256505,1472.333748735336,16040100
2019-07-26,1441.25927734375,1449.2498316585081,1429.4213829733876,1448.9538490761295,8624700
2019-07-29,1411.9605712890625,1423.798357222742,1396.5713195206852,1423.5024830206385,11795700
2019-07-30,1434.748291015625,1445.402362483563,1419.6550231027131,1429.125272725718,10561800
2019-07-31,1433.2686767578125,1451.0254635506872,1405.7456572288565,1414.0320854796478,14687400
2019-08-01,1446.8822021484375,1494.5296543073582,1438.2997909623873,1482.0999030274363,26535000
2019-08-02,1423.50244140625,1430.6051561103495,1379.9983138436394,1411.6645474398088,18808800
2019-08-05,1407.2255859375,1414.3283018286672,1389.7647788313284,1396.8674947224956,11240100
2019-08-06,1376.1510009765625,1384.1415551757814,1337.6779261133074,1345.0766235351564,16158900
2019-08-07,1366.384765625,1378.222659803041,1356.0266759559813,1367.864461755195,10491900
2019-08-08,1356.322509765625,1370.8239215734845,1346.5562771637415,1368.1604035911525,10225800
2019-08-09,1354.8426513671875,1366.088578707923,1349.515616040711,1360.7615433814465,8501700
2019-08-13,1340.34130859375,1355.138701940576,1329.0953806883683,1339.157595158752,9504000
2019-08-14,1385.029296875,1395.3873858321936,1371.119850746332,1376.1509039463142,13409400
2019-08-15,1366.6806640625,1367.2725208023746,1340.0454850858303,1343.5968422827195,10732800
2019-08-16,1335.310302734375,1353.3630712336087,1329.98326695219,1351.587392639547,13197000
2019-08-19,1338.26953125,1360.169526667112,1335.6060139001297,1355.1384744658453,6045000
2019-08-20,1347.4439697265625,1352.7710051110016,1340.6372384171611,1346.85211303234,5681100
2019-08-21,1340.6373291015625,1349.8117045660583,1327.9115964738837,1332.9427580409395,5482200
2019-08-22,1340.0455322265625,1363.4252290093316,1336.494174904742,1353.3631221833896,8792100
2019-08-23,1320.5130615234375,1329.9833115497197,1315.186025562624,1324.3602930203645,11102100
2019-08-26,1288.5509033203125,1291.8062782044024,1273.7535082933682,1279.9683838586127,10697100
2019-08-27,1293.28564453125,1313.114088118399,1290.3262529836525,1302.1640359316448,8127900
2019-08-28,1289.4385986328125,1294.4696516877684,1285.5912590150128,1292.6939731532173,6452100
2019-08-29,1292.10205078125,1298.9087820248983,1284.9993370039438,1290.3263723369234,5335800
2019-08-30,1319.625244140625,1327.6157982147197,1307.1954933587003,1312.2265468346327,15200700
2019-09-02,1323.1763916015625,1331.4628185557574,1311.9303561398842,1330.574979355036,6894900
2019-09-03,1316.665771484375,1319.3292895655977,1308.6752172407073,1316.9617540641202,7425900
2019-09-04,1332.6468505859375,1339.7495653125782,1306.6035271286469,1311.9305631736272,9277500
2019-09-05,1394.7955322265625,1401.8982465854501,1349.5157281886536,1349.5157281886536,20063700
2019-09-06,1418.7672119140625,1424.982087060119,1406.041479060149,1415.511837249545,14800800
2019-09-09,1425.869873046875,1426.1658555976073,1408.7049443019393,1418.767158859842,8701200
2019-09-10,1440.37158203125,1457.5364059493268,1435.9323847457406,1442.7391177905752,11117400
2019-09-11,1472.925537109375,1480.9160915602397,1445.6984988104837,1449.8417131402107,17293800
2019-09-12,1488.610595703125,1508.7350263979022,1484.7633641358384,1502.2241684226713,16686900
2019-09-13,1506.9593505859375,1509.326886045616,1482.987688278154,1503.4079932070067,15725700
2019-09-17,1516.4295654296875,1530.3390120464253,1506.6633328654448,1509.326850837511,13743000
2019-09-18,1491.570068359375,1516.7255520671074,1484.4673537481399,1512.2863554350854,11929500
2019-09-19,1493.3458251953125,1527.0837213650045,1492.4579858224258,1506.0715589996307,12723300
2019-09-20,1503.999755859375,1512.878148751107,1495.121362967643,1503.999755859375,9702900
2019-09-24,1515.54150390625,1527.6752700959653,1507.5509511615774,1512.5820038004724,10250700
2019-09-25,1542.4730224609375,1548.9837724837778,1508.439142622364,1509.3269820235541,14758500
2019-09-26,1554.606689453125,1578.282369138053,1546.3201527929286,1568.5161363659315,11939700
2019-09-27,1562.9676513671875,1577.3013252333208,1551.9188506668786,1573.1207068081162,10981200
2019-09-30,1548.33544921875,1568.3427963053014,1535.7934844480294,1540.2727575804297,8454300
2019-10-01,1591.0380859375,1602.0869979867123,1564.162442593961,1567.7458617064328,12618600
2019-10-02,1597.30908203125,1606.5662845975219,1575.211367115136,1578.4961315418186,11735700
2019-10-03,1595.81591796875,1596.7117726926551,1574.9126046252084,1576.7043140730186,9795600
2019-10-04,1625.379150390625,1642.1017357240812,1599.9965630132074,1602.385472530196,16889400
2019-10-07,1650.7615966796875,1685.6999308107397,1644.7892683233824,1685.102730782289,19994700
2019-10-08,1678.234619140625,1684.8041478050202,1640.310064538486,1649.8658121867782,15769800
2019-10-09,1680.9219970703125,1684.5054157108198,1655.2407572418392,1657.3311212345543,10549800
2019-10-10,1696.151611328125,1701.8252848885356,1663.602187259251,1675.5469531122053,13042500
2019-10-11,1725.416259765625,1727.8051693287996,1702.422690817918,1708.6936741088625,13584000
2019-10-15,1730.194091796875,1756.7710782864033,1729.8954371091509,1743.6319123855012,15850500
2019-10-16,1720.638427734375,1749.903090970761,1709.290969976613,1734.9721046314535,16988100
2019-10-17,1738.85400390625,1767.521354820727,1721.8327643007792,1731.985820868745,16557300
2019-10-18,1759.75732421875,1766.6255072841673,1746.6180487580405,1751.395977048959,13840800
2019-10-21,1743.03466796875,1770.208964846447,1742.4374679283096,1766.625545889268,7545300
2019-10-23,1768.1185302734375,1772.0006037749106,1739.451179757362,1757.9655832038366,12045000
2019-10-24,1773.79248046875,1777.674554336342,1756.4725847794252,1764.8339325875947,9468600
2019-10-25,1742.138916015625,1772.0007788730559,1738.5554968470244,1768.1187049879802,14751600
2019-10-28,1764.236572265625,1773.4936646637966,1740.048495183555,1744.5277687172716,14911800
2019-10-29,1800.66796875,1800.66796875,1776.1812368684741,1781.257819801302,12757800
2019-10-30,1759.75732421875,1800.3693319411286,1758.861469499032,1799.174931886348,17342400
2019-10-31,1750.7987060546875,1782.153619973882,1744.8262685938096,1779.7646012466264,12153600
2019-11-01,1807.5362548828125,1836.5022619712047,1765.729735778168,1794.9942882156922,29716800
2019-11-05,1857.1068115234375,1873.2321962834096,1820.6754231477742,1830.8283702769877,20503500
2019-11-06,1878.6072998046875,1878.90584513221,1860.9887511903437,1876.815590410501,12991800
2019-11-07,1879.8016357421875,1882.7879637737042,1865.467961077365,1880.6974904087388,7889100
2019-11-08,1863.3778076171875,1891.746613170049,1853.2248604164245,1885.4756301636448,10912200
2019-11-11,1835.0091552734375,1875.3226208233266,1825.4534072992217,1860.690398824883,9737400
2019-11-12,1844.5648193359375,1853.5233662972582,1833.2173629706854,1835.0089630056868,7920000
2019-11-13,1856.509521484375,1869.350251588535,1852.3290119423734,1856.509521484375,6936900
2019-11-14,1831.4256591796875,1864.2736283525721,1829.036640411187,1858.599954831225,6318900
2019-11-15,1846.057861328125,1852.328843786373,1812.0152757689518,1818.883567556632,7104000
2019-11-18,1854.4193115234375,1864.273713661968,1847.2524736045063,1848.4468736861495,5092800
2019-11-19,1843.0716552734375,1856.5094757154372,1832.6200536043032,1843.6689646423683,6227100
2019-11-20,1812.314208984375,1845.7593809973469,1803.6543159491493,1833.2175235104366,7804800
2019-11-21,1760.9520263671875,1798.5779310501232,1743.0349288991229,1792.0084015500222,16421400
2019-11-22,1803.95263671875,1814.4043473592276,1767.8199048803824,1775.5839421744372,11142900
2019-11-25,1828.7381591796875,1853.2248915928603,1820.3768119113993,1833.5159781696234,8575800
2019-11-26,1912.64990234375,1918.3235762218121,1868.7530193391392,1869.9474194412207,23572800
2019-11-27,1896.524658203125,1910.8583353553452,1891.1495292710424,1910.8583353553452,11259900
2019-11-28,1894.1356201171875,1915.039044897652,1888.1634005066726,1893.5385293848685,6276900
2019-11-29,1894.43408203125,1913.2470301042267,1890.8506633506831,1909.066302072059,7523400
2019-12-02,1949.6783447265625,1961.0259103362578,1893.5382634701236,1909.9621931644137,15850200
2019-12-03,1952.0670166015625,1953.8587256576448,1916.2328354799183,1916.5313807511038,10822800
2019-12-04,1912.052490234375,1932.3586031663092,1901.0036884185943,1930.5668937521539,12155100
2019-12-05,1941.6156005859375,1952.6646205757386,1924.2958166678814,1946.6921832492114,10957200
2019-12-06,1984.0198974609375,1984.915752288401,1944.6022850525385,1955.9496337240394,11955600
2019-12-09,1990.589111328125,2012.9854784672802,1974.7622723116142,2004.3254769352993,9455100
2019-12-10,1981.3321533203125,1987.6031365439335,1964.9080038297088,1970.8804417094318,7600200
2019-12-11,1966.1026611328125,1985.512701871541,1961.026077899916,1972.373644479226,7453500
2019-12-12,1965.5050048828125,1981.630387785224,1947.886458066084,1977.7484240654037,7719300
2019-12-13,1992.0823974609375,2025.5275682002657,1991.7836334044237,2013.2841471756783,14949000
2019-12-16,1973.8668212890625,1996.8605024923952,1973.8668212890625,1983.7212248455526,6828000
2019-12-17,1970.5819091796875,1987.005840062554,1958.338487996728,1982.8251116481078,8354400
2019-12-18,1967.89453125,1985.5128638989222,1960.1303830921916,1976.554315530128,6440400
2019-12-19,1945.79638671875,1983.1237383743346,1938.032239833754,1966.6995899143249,8319600
2019-12-20,1960.1302490234375,1966.4012324526714,1932.6572963333733,1935.0463153065014,9351300
2019-12-23,1941.3170166015625,1965.8036373379075,1926.6847969647179,1960.4285094654526,6039000
2019-12-24,1953.859375,1956.2483941069004,1938.9283883323478,1941.3174074392482,4244100
2019-12-25,1962.5194091796875,1968.193083595166,1947.5884222739603,1956.8455160496485,3693900
2019-12-26,2018.9580078125,2018.9580078125,1966.99843368531,1970.8803979278994,10872000
2019-12-27,2020.7501220703125,2027.0211064108585,2004.6247337660516,2023.138922676041,7131600
2019-12-30,2014.478759765625,2021.9441430083516,2001.0409386999956,2013.5829050279162,5029800
2020-01-06,1992.0823974609375,2010.298037612294,1975.3597027340054,1985.5126502211413,10451700
2020-01-07,2015.075927734375,2023.1386206829907,1992.0824677276482,1993.276867852225,7975500
2020-01-08,1977.151611328125,1994.4713984832379,1925.7893406068733,1988.7977241270673,15893100
2020-01-09,2033.888671875,2041.3542733621875,2001.3393580259126,2007.013031435977,13139400
2020-01-10,2055.68798828125,2057.479697678731,2023.1384550839964,2037.4721302638436,10221900
2020-01-14,2051.50732421875,2066.4383092358125,2039.263903381887,2055.6880525150154,11283900
2020-01-15,2016.2705078125,2058.972771983819,2011.791234038268,2045.8337147224315,9226500
2020-01-16,2012.08984375,2018.6593725908472,1986.7073644555687,2015.6732628840161,9767100
2020-01-17,2003.7283935546875,2031.4998889079566,1997.4574107329815,2024.6315967221992,7908600
2020-01-20,2026.125,2035.3820933059017,2011.4925592120155,2026.7220907200262,4992900
2020-01-21,1998.0545654296875,2021.048242751174,1988.7974729200382,2017.4648238810478,6364800
2020-01-22,2009.103515625,2013.2840250171732,1979.2415469449234,1984.3181297377314,7849800
2020-01-23,1984.91552734375,2016.867533425887,1984.91552734375,1996.2628747292893,8936700
2020-01-24,2016.2705078125,2026.4234554625793,1997.4575579607254,2005.818796101112,7077600
2020-01-27,1968.1927490234375,1982.5264240277045,1949.977109943689,1956.5466380824703,7978200
2020-01-28,1962.2203369140625,1966.998374453636,1930.8654224366642,1935.0461506051593,8876400
2020-01-29,1950.872802734375,1982.2277142041594,1933.8515650793493,1972.373313456513,9812400
2020-01-30,1886.9686279296875,1964.0121355757246,1866.6627329644537,1964.0121355757246,14160900
2020-01-31,1889.6563720703125,1916.2334714610672,1875.3226948644326,1897.1219747580797,10419900
2020-02-03,1866.0654296875,1883.3852151474928,1815.5989093789103,1821.5713472371485,13260300
2020-02-04,1945.79638671875,1964.9078805342892,1889.6560865727906,1958.935661743853,17646600
2020-02-05,1924.8931884765625,1982.824979437111,1923.698569743782,1979.8388700342089,11972100
2020-02-06,1994.7701416015625,1997.4577060653755,1946.6925266218348,1955.9496202034495,13788600
2020-02-07,1976.8529052734375,2012.3883315259588,1970.8804673161176,2004.0270933573433,9441900
2020-02-10,1938.629638671875,1944.0047670600593,1920.1152346521726,1930.8654914285414,9068100
2020-02-12,1978.04736328125,1981.9293277741451,1952.9634293265965,1958.637103387681,10979400
2020-02-13,1980.735107421875,2003.1314790571291,1972.6724136331836,1979.839252556465,6585000
2020-02-14,1935.0462646484375,1969.6860546364965,1932.0601550461101,1953.8592144436304,9893100
2020-02-17,1890.2535400390625,1915.934782682197,1883.3852473204877,1915.6360186197323,10091700
2020-02-18,1825.751953125,1844.8634479335994,1809.626567866781,1839.787083569406,15349800
2020-02-19,1875.919921875,1892.9411628089183,1837.0996207200353,1854.1208616539536,13011300
2020-02-20,1878.0101318359375,1921.6084699486325,1863.6764556032203,1905.7816295368268,9283200
2020-02-21,1868.1556396484375,1895.031281293226,1864.2736754268121,1866.662694255637,8830500
2020-02-25,1832.9189453125,1853.225060622247,1758.5629959181024,1761.8477604429393,16180800
2020-02-26,1817.689208984375,1844.5648503197774,1788.1260035154326,1827.543610807356,16004700
2020-02-27,1794.69580078125,1825.4534090287912,1782.7510337842073,1818.883880134101,11918700
2020-02-28,1708.3948974609375,1751.3959226723298,1691.9708583236102,1742.7360304363451,17922000
2020-03-02,1745.72216796875,1771.4034091220053,1676.1441555620997,1678.5330649932516,14143500
2020-03-03,1716.457763671875,1796.1888393330423,1716.457763671875,1791.7095654194936,13824000
2020-03-04,1733.4788818359375,1745.42364787896,1693.4640741598466,1698.2418930912434,8478900
2020-03-05,1746.0211181640625,1773.195418641277,1723.0275465955162,1761.8478508689284,8703900
2020-03-06,1685.9984130859375,1725.4160167925163,1669.2758297840496,1724.818816825138,10197300
2020-03-09,1568.04443359375,1603.5799681296762,1541.4673370085438,1594.6214208216893,15888300
2020-03-10,1625.9764404296875,1642.4004813308968,1520.8627755050406,1570.7320982816545,17700900
2020-03-11,1598.8018798828125,1683.9080707971834,1584.4682056235501,1634.6360655309686,17010000
2020-03-12,1552.8148193359375,1614.0314830640045,1529.2239429127867,1567.447039577499,19785300
2020-03-13,1489.8062744140625,1555.5023181567385,1411.2697203331281,1433.3674317874322,28398600
2020-03-16,1438.4442138671875,1530.4187167281216,1431.8746846323209,1493.0913589384952,16587600
2020-03-17,1404.998779296875,1482.6394810250201,1374.2410657960006,1398.4291419214842,23321700
2020-03-18,1438.4442138671875,1494.8830686129645,1420.2285717482716,1425.9022461459037,16307700
2020-03-19,1447.402587890625,1478.160303383141,1427.3952385072532,1474.5768844658485,18976200
2020-03-23,1455.763916015625,1458.7501348598737,1400.5195782192486,1426.4993650281428,14532900
2020-03-24,1560.8775634765625,1562.071963521422,1496.3760241926109,1500.5566430641493,13302000
2020-03-25,1645.3865966796875,1670.7691855488508,1604.475931001604,1633.4419390354835,17201400
2020-03-26,1563.5650634765625,1611.0453612796257,1542.363096584191,1605.968778546785,21003000
2020-03-27,1622.9901123046875,1657.331246660894,1596.4131251620072,1642.4003709812362,17091900
2020-03-30,1643.4847412109375,1651.6222965027125,1558.4924970523984,1562.7120437484236,12940800
2020-03-31,1649.2110595703125,1713.7087511031627,1631.7303499988966,1670.3084600618386,14313300
2020-04-01,1570.5482177734375,1634.1417440961216,1556.9856252192628,1606.715131251237,14236500
2020-04-02,1558.1910400390625,1572.6578037055833,1546.1353668594124,1552.1631482629136,11929200
2020-04-03,1548.245361328125,1556.0814893100555,1509.3659284168336,1546.1355878676322,10800000
2020-04-06,1638.0596923828125,1646.4986753405544,1531.065984206228,1541.9160578493288,11607000
2020-04-07,1694.4197998046875,1708.2838193047533,1661.5681518116128,1687.7891625876725,13287300
2020-04-08,1725.7646484375,1744.45096206192,1683.5699496482334,1706.7770174264297,9450600
2020-04-09,1717.6268310546875,1742.9436685523237,1695.6253672873197,1741.7381784437282,7493100
2020-04-10,1734.5047607421875,1747.765924273434,1692.0086415280894,1722.4490872948224,8053800
2020-04-13,1685.9808349609375,1716.4213926411944,1675.7336168659897,1704.968463656033,6819000
2020-04-14,1719.7364501953125,1736.9157312435307,1696.8307053401409,1702.858596833558,8125800
2020-04-15,1731.7923583984375,1754.6979959969954,1721.846457491189,1729.9840127789378,8620500
2020-04-16,1709.1881103515625,1712.503374003131,1689.899052804568,1701.6532998278208,6370500
2020-04-17,1739.9300537109375,1773.68576774306,1729.0799791207553,1739.3271982074832,8176200
2020-04-20,1742.3409423828125,1754.6979335520898,1713.4074135004826,1717.0241046107737,5723400
2020-04-21,1729.6826171875,1764.6439296898266,1714.914424229653,1729.6826171875,8297100
2020-04-22,1690.80322265625,1724.8603630775117,1660.0613458806818,1720.0381814788052,11742300
2020-04-23,1705.87255859375,1729.9839056085152,1698.337859227705,1717.6268043923367,6566400
2020-04-24,1704.064453125,1710.0923459141204,1683.871332362178,1684.7755052432797,6879000
2020-04-27,1742.94384765625,1747.1633945878891,1705.8727603681646,1711.9006530211736,6963000
2020-04-28,1754.396728515625,1755.3009013510784,1732.6965804647434,1732.6965804647434,4995300
2020-04-30,1814.072265625,1834.5668145727248,1795.9888076203404,1812.263919824534,11732400
2020-05-01,1777.30224609375,1799.3038203868523,1756.506272290284,1783.9328832277686,11536800
2020-05-07,1808.0440673828125,1838.1831957585216,1777.603621673022,1777.603621673022,9294000
2020-05-08,1824.6207275390625,1837.279146857966,1811.3595631387163,1826.1276454289987,5732400
2020-05-11,1823.716552734375,1849.937564151974,1823.716552734375,1831.2513629211226,5376000
2020-05-12,1864.1029052734375,1868.6237690528028,1828.5387400848792,1832.4567484452289,7617900
2020-05-13,1865.0072021484375,1874.9531031249564,1831.8541253116018,1845.4167175523096,6588300
2020-05-14,1840.895751953125,1886.707245688278,1831.2512792380332,1867.1167621724965,7329900
2020-05-15,1845.115478515625,1858.678182515997,1821.3056655065498,1853.253145064916,7252800
2020-05-18,1787.85107421875,1798.0982924900713,1764.0411534162658,1796.2899468689372,10162500
2020-05-19,1809.249755859375,1825.826293828382,1800.8107730141733,1817.9900560533176,10179600
2020-05-20,1827.6346435546875,1841.1972354584427,1813.469196206773,1815.57896951602,6660300
2020-05-21,1826.1275634765625,1853.8554915684322,1823.4150451728149,1851.74582869173,5013900
2020-05-22,1797.7969970703125,1823.4151534338462,1788.1524133914836,1817.990116504252,6629700
2020-05-25,1787.248046875,1816.7844294279714,1775.795229166843,1816.181574030468,5747700
2020-05-26,1819.1956787109375,1825.8263160537847,1794.1802679648767,1799.605304780118,6975900
2020-05-27,1838.484619140625,1845.4165733979457,1815.8803005051773,1825.5247729987518,6859800
2020-05-28,1862.5958251953125,1872.2404079043026,1838.7859064965935,1849.0332342351523,8591700
2020-05-29,1812.866455078125,1865.308477220036,1812.866455078125,1834.2651744485943,16311300
2020-06-01,1865.3084716796875,1868.322307407466,1824.62069600078,1829.4429876869433,8358900
2020-06-02,1856.86962890625,1880.679439250892,1851.4444816895998,1852.951399577601,7910400
2020-06-03,1880.6793212890625,1903.283640054556,1865.6097018636333,1883.693156876028,9302400
2020-06-04,1921.97021484375,1934.3270969716718,1897.858864595679,1901.7768734721749,10941900
2020-06-05,1924.98388671875,1931.9159517510502,1901.4753939734765,1918.9559944843452,6748500
2020-06-08,1948.4923095703125,1962.6577564776499,1934.3268626629754,1959.0410654158022,8965200
2020-06-09,1958.739501953125,1959.9452127883224,1927.9976283257117,1947.8894289081557,7083000
2020-06-10,1961.4520263671875,1971.3979266896083,1930.107517969153,1951.5061260447665,7581000
2020-06-11,1919.558837890625,1948.79368459075,1918.9559824473724,1939.7519566685144,8448300
2020-06-12,1909.311279296875,1913.8321424516857,1857.773439332031,1859.280246553454,7802700
2020-06-15,1856.5679931640625,1922.2712872897573,1850.540211556421,1905.69486027558,6492000
2020-06-16,1918.353515625,1933.1215989419063,1912.3256229009037,1922.8743799817396,8198700
2020-06-17,1926.1895751953125,1943.3688601241647,1913.2298373395356,1920.4632204674733,5550900
2020-06-18,1939.1492919921875,1943.067300449482,1916.8462898803639,1926.490873096751,8138400
2020-06-19,1943.067626953125,1944.8759728134817,1924.3813128143258,1939.450935232412,6236100
2020-06-22,1927.6961669921875,1935.5324038544052,1918.3531228164823,1928.9016569920345,3774300
2020-06-23,1930.4090576171875,1947.8896593424838,1908.7089089601322,1940.9578145739206,4716600
2020-06-24,1931.6141357421875,1942.4642077558653,1914.736393106653,1917.4489111100725,3900600
2020-06-25,1924.98388671875,1943.067342676653,1906.9004307608473,1910.517121952428,6138600
2020-06-26,1930.710693359375,1937.64276001635,1920.1621554085361,1929.505202928087,4320300
2020-06-29,1903.585205078125,1929.5049008835797,1896.3518221319823,1922.5728353117497,6325200
2020-06-30,1903.585205078125,1930.4090737518475,1899.0643407367859,1926.1895267848213,5295300
2020-07-01,1889.4197998046875,1913.832464954481,1883.0905903214075,1910.2157738211783,4738200
2020-07-02,1893.337646484375,1899.9681727470333,1866.5137826229063,1893.036329164119,6117300
2020-07-03,1932.518310546875,1940.0532299504478,1906.9001585124572,1923.4765838588123,6786900
2020-07-06,1951.5064697265625,1956.9315072214738,1930.1078578824176,1932.5188384943733,5198100
2020-07-07,1962.0548095703125,1976.2202558171775,1942.7658650549188,1945.779700550835,5128800
2020-07-08,1975.0147705078125,2007.866530368713,1958.739659630224,1962.3563509363548,7325700
2020-07-09,1984.3580322265625,1998.2219419524538,1954.218790915921,1955.4245018453505,4903800
2020-07-10,1953.0133056640625,1996.7149187059454,1953.0133056640625,1984.0564991321967,5113500
2020-07-13,1977.4259033203125,1989.1801496592077,1967.1786852220202,1989.1801496592077,5817600
2020-07-14,1978.329833984375,1985.8645327745833,1965.972733712583,1972.3019425050377,4977000
2020-07-15,1994.6051025390625,2015.7023932936104,1981.6453665999506,1989.1800659954386,6510000
2020-07-16,1938.8477783203125,1976.2204007886648,1926.7922147069817,1973.8091997678748,10488000
2020-07-17,1962.0548095703125,1971.6993922006561,1950.6018814933602,1958.4381186770952,4722900
2020-07-20,1983.1522216796875,1993.3996603384976,1972.6036864216221,1978.0287230955896,4198200
2020-07-21,2037.402587890625,2039.5124715379363,2009.6747698388583,2012.9899228641066,8464500
2020-07-22,2060.007080078125,2074.4738457512303,2053.979408211215,2058.1987343689866,8161800
2020-07-27,2022.9359130859375,2034.6901597307588,2008.1678306267806,2020.2233946294402,6599100
2020-07-28,2036.197265625,2068.446170974371,2034.991775402379,2041.3209853754586,5100000
2020-07-29,2010.2777099609375,2047.0474821322548,2006.9625564319988,2038.0057529708931,4152900
2020-07-30,2014.798095703125,2035.2927505132159,2006.6605413918771,2014.4967783844713,4321500
2020-07-31,1991.8927001953125,2035.895850525233,1984.6593177161649,2026.8541224262983,7076700
2020-08-03,1992.194091796875,2058.500247490424,1987.0705928467419,2057.8973920129224,7869900
2020-08-04,2007.263671875,2028.0596468538852,2001.8386349239865,2014.7983718363016,6253500
2020-08-05,2000.030517578125,2011.181910113039,1978.9332228310232,2005.7568725427548,4860900
2020-08-06,1986.46728515625,2002.7423926359097,1979.2339040541788,1994.6048388960799,4169400
2020-08-07,1986.1663818359375,2014.195739448629,1984.6593535438046,2006.0581840126863,4745700
2020-08-11,1982.5496826171875,1983.7551727988903,1940.9577327772836,1964.164688060641,7941300
2020-08-12,1996.1119384765625,1996.1119384765625,1966.8768749768203,1978.6311196893216,6219900
2020-08-13,2047.3486328125,2061.5140809269597,2018.113784486392,2019.0179573289038,9315600
2020-08-14,2051.568115234375,2074.4737529435993,2048.554279435753,2054.8834891345805,5674500
2020-08-17,2031.073486328125,2047.6501353161323,2027.4567950209698,2034.9917157410891,3200100
2020-08-18,2005.154052734375,2031.6763826044912,1994.0024404830992,2028.9638640696387,8086800
2020-08-19,1988.2755126953125,2000.933928874364,1978.9324695734801,1989.1796852795305,5000100
2020-08-20,1915.3389892578125,1985.261821327511,1900.8722268634303,1981.6451307289153,13088700
2020-08-21,1937.943603515625,1939.75194909301,1917.750484816598,1933.422739572163,6822900
2020-08-24,1931.31298828125,1934.628361936533,1912.6266779214814,1922.8741162213382,5827200
2020-08-25,1928.901611328125,1953.0129559712584,1925.2849206689189,1953.0129559712584,4369500
2020-08-26,1943.9716796875,1943.9716796875,1913.8326574601683,1916.8464934593023,4743000
2020-08-27,1944.273193359375,1964.164998601681,1937.9439826004593,1958.739960808325,6386100
2020-08-28,1893.9407958984375,1928.2993640626798,1874.0489932770338,1916.8464344261577,9979800
2020-08-31,1892.7349853515625,1927.6964071556686,1892.7349853515625,1923.4768605125814,4939200
2020-09-01,1913.5308837890625,1915.0379119757845,1885.5015281369147,1899.9682923444748,4421700
2020-09-02,1986.7689208984375,1987.974631772219,1937.3409559420197,1939.4506188531752,10333800
2020-09-03,2008.7706298828125,2025.3470575158296,1997.9205563604064,2015.7024741363648,8316300
2020-09-04,1977.4259033203125,1983.453795537414,1953.3145551972182,1959.0411300643236,7436700
2020-09-07,1961.1507568359375,1974.1104930811155,1946.9853097223888,1947.2868478121352,3554100
2020-09-08,1993.098388671875,1996.1124455016263,1961.7538753070223,1962.0551926918627,6114600
2020-09-09,1962.0548095703125,1967.1785285841347,1940.9575196083101,1957.2326286277876,7845600
2020-09-10,1987.974609375,1993.700963352369,1972.0008168124791,1979.8370544225413,5421300
2020-09-11,1990.0845947265625,2000.9346697546039,1977.124856469294,1992.4957960923523,5167500
2020-09-14,2012.3873291015625,2012.3873291015625,1985.8647798883371,1990.0843265234664,5627100
2020-09-15,1993.7008056640625,2019.0176412915425,1984.9603959728124,2006.9620788602197,4074600
2020-09-16,1992.194091796875,2006.3595399282403,1988.8789385339237,2000.3316473891932,3468000
2020-09-17,2006.9620361328125,2008.4688434388434,1984.9603537138123,1994.303618588565,3678600
2020-09-18,2042.22509765625,2046.4444236829406,2006.6608193178533,2016.3054030487385,7409400
2020-09-23,2054.581787109375,2055.7874979288795,2029.5664884114776,2042.224906799189,6406800
2020-09-24,2042.5263671875,2061.2126787456064,2027.4567468506195,2029.5666305598772,5565000
2020-09-25,2069.350341796875,2084.7212802878407,2057.8974120845764,2064.527939420473,11499900
2020-09-28,2050.060791015625,2066.938754691102,2022.0314378242758,2050.663646386448,9691500
2020-09-29,2099.28466796875,2111.742503242652,2081.3575717274957,2088.953915878684,9592500
2020-09-30,2057.9609375,2110.5264512295707,2056.137850953431,2099.2841583739782,7564200
2020-10-02,2050.97265625,2097.4613697916666,2034.564875,2093.5114225612215,8734500
2020-10-05,2054.618896484375,2074.065082192606,2046.1112319641709,2069.507365030928,4941900
2020-10-06,2078.31884765625,2081.3572513221125,2050.061003674959,2056.138033551448,4039800
2020-10-07,2089.865234375,2089.865234375,2060.391849527554,2069.507283491759,4142700
2020-10-08,2102.930419921875,2109.0074495143017,2082.572693477139,2096.8533903294483,6526500
2020-10-09,2086.826904296875,2115.996297123598,2078.623012564359,2102.9309141015638,4381200
2020-10-12,2086.21923828125,2102.323024624912,2085.611468450337,2085.611468450337,3360000
2020-10-13,2167.953857421875,2168.8654007708324,2101.411192947992,2105.66513609138,9654600
2020-10-14,2181.322998046875,2181.9307677286765,2139.0882349630256,2158.838190357081,8096700
2020-10-15,2203.200439453125,2215.9620472943925,2186.4888843187723,2194.9965486980245,6244500
2020-10-16,2189.52734375,2208.669755997606,2181.9312225952435,2199.5543215939842,5844300
2020-10-19,2221.1279296875,2245.1318364340696,2198.9468875552134,2211.708497668927,5849700
2020-10-20,2208.365478515625,2239.357948416846,2201.680679781617,2218.696227634454,4092000
2020-10-21,2212.61962890625,2239.358383953276,2211.708085496574,2217.7851157426758,5095200
2020-10-22,2204.112060546875,2219.0005293714544,2190.7426824413665,2213.2274950404517,4645200
2020-10-23,2196.819580078125,2212.0120441634376,2186.1848329639283,2205.935014020358,4582800
2020-10-26,2243.30859375,2278.8587908878503,2234.1931585864486,2278.8587908878503,9021600
2020-10-27,2238.75048828125,2240.8773486026435,2178.588626625484,2200.161893623029,6000900
2020-10-28,2271.566162109375,2274.9085621046647,2240.8774600020142,2254.8546072224794,4463700
2020-10-29,2274.301025390625,2278.8587428763776,2238.4470553509695,2266.7049037626366,5218500
2020-10-30,2208.0615234375,2268.527374005998,2205.9346633706505,2263.3618880782333,6733200
2020-11-02,2174.638671875,2223.86201305515,2167.9538722404454,2191.0464522683833,8853000
2020-11-04,2223.86181640625,2232.369479454111,2186.792315724954,2208.973127891562,7773900
2020-11-05,2266.400634765625,2274.908521411488,2229.3313520399797,2248.7775367902327,7767900
2020-11-06,2271.26220703125,2287.973760583006,2251.815800942007,2260.627460655719,8172900
2020-11-09,2336.589599609375,2347.5281208390857,2284.935619943375,2294.0510543014675,7288200
2020-11-10,2298.0009765625,2406.1708706113754,2291.316398954543,2343.881921481916,10816200
2020-11-11,2367.581787109375,2381.25493697566,2312.2816404577934,2312.2816404577934,9061500
2020-11-12,2420.755615234375,2430.7825931250163,2369.709182336563,2382.166794382957,10758900
2020-11-13,2427.136474609375,2441.72117005511,2385.205475202886,2406.1709749061306,7698300
2020-11-16,2471.498046875,2476.3597602660866,2437.1633922286755,2442.3286567076243,7048500
2020-11-17,2474.232666015625,2500.6674257352806,2461.4710578751015,2495.5021612796872,9173700
2020-11-18,2479.70166015625,2534.0904869963924,2461.167019744698,2472.4093134310806,12445800
2020-11-19,2479.70166015625,2480.309429898268,2409.209049327865,2445.9745565523413,10647300
2020-11-20,2516.467529296875,2531.052223554969,2485.4750539984257,2491.2480879606633,6876000
2020-11-24,2589.695068359375,2612.483655726142,2540.775493297116,2548.0678412544817,11508600
2020-11-25,2631.322021484375,2669.9106178925585,2619.167961124412,2619.775730905843,9922500
2020-11-26,2714.576416015625,2715.487959472984,2620.991213545153,2631.322187758417,8928000
2020-11-27,2753.46875,2786.284311353828,2731.287712943956,2758.938010225638,12852600
2020-11-30,2773.82666015625,2823.6577752257426,2748.6072177204146,2795.399928868581,13315200
2020-12-01,2735.84521484375,2773.522486245471,2725.2106913815187,2737.6683014423897,9904200
2020-12-02,2742.833984375,2764.4072515210983,2731.5916903919856,2746.48015783379,6886200
2020-12-03,2754.380615234375,2757.1152456667496,2713.6649323929787,2719.437966901949,5322300
2020-12-04,2727.945556640625,2746.4801978110067,2698.1683987788183,2740.403167776311,6669900
2020-12-07,2688.4453125,2738.580200474962,2681.456961327283,2734.63025317974,6591900
2020-12-08,2702.726318359375,2723.995591258741,2642.26067726795,2646.5143983209514,5972100
2020-12-09,2723.99560546875,2728.249549088729,2686.014776703521,2687.533867425466,5382600
2020-12-10,2673.556884765625,2675.3799716287454,2646.818351621458,2673.8606583945507,7780800
2020-12-11,2649.552978515625,2685.4069459293764,2635.5758308864542,2667.783847123428,7625100
2020-12-14,2672.94873046875,2681.1526201726897,2636.1832248660107,2646.817970886035,5370600
2020-12-15,2703.6376953125,2707.891638648325,2666.872186089639,2686.6221445139727,5439600
2020-12-16,2698.16845703125,2768.0535250323446,2682.0644494912513,2749.822657079431,8167200
2020-12-17,2727.945556640625,2728.5531038627555,2690.268281988191,2698.1683987788183,4749900
2020-12-18,2691.483642578125,2709.7145089253586,2691.179646442501,2707.2836525641424,7431900
2020-12-21,2712.449462890625,2714.576323370279,2677.8108126931534,2690.8761942877986,4308300
2020-12-22,2654.110595703125,2690.268335383567,2643.7796221846206,2666.8722032479336,4606500
2020-12-23,2667.783447265625,2668.9987641423945,2626.7639990462235,2640.133152324936,6030300
2020-12-24,2695.433837890625,2697.560698312261,2659.2758754541596,2662.3145018219543,3761100
2020-12-25,2705.460693359375,2710.9299535211526,2687.533599758626,2698.1683464770044,2896500
2020-12-28,2831.86181640625,2831.86181640625,2724.603459498761,2725.818776622839,8985900
2020-12-29,2849.78857421875,2859.815552083897,2823.96158420224,2826.696214529098,7698600
2020-12-30,2831.86181640625,2859.5118944287765,2823.0501552585024,2849.788689801772,5045700
2021-01-04,2857.992431640625,2868.323405561751,2793.576844171971,2850.3963105590306,6804600
2021-01-05,2922.711669921875,2938.2079064276736,2848.876660688364,2861.0307200364755,7577100
2021-01-06,2910.862060546875,2974.670103166184,2903.569712818954,2951.881516516431,8133300
2021-01-07,2912.988525390625,2948.538713018815,2909.9498994524033,2916.9384720566204,6752700
2021-01-08,3059.74755859375,3062.785962549605,2949.4508022043146,2955.5276101160243,11868900
2021-01-12,3071.9013671875,3105.324700557089,3034.528086459106,3047.5934681419094,7996500
2021-01-13,3090.13232421875,3103.805476095824,3049.112868587528,3055.189899158935,6162900
2021-01-14,3115.958984375,3239.0173382234075,3070.3818162829975,3108.3628638745886,10721100
2021-01-15,3050.632080078125,3191.9213114269187,3035.439615428919,3190.4019981985634,7978200
2021-01-18,3062.785888671875,3093.1705951318677,2962.8198861794635,2977.7085770570275,6592800
2021-01-19,3138.74755859375,3138.74755859375,3043.0355059002136,3067.3434029880973,8745900
2021-01-20,3150.901611328125,3201.0364959596754,3115.958967615686,3173.6901952515573,6735900
2021-01-21,3207.11328125,3207.11328125,3126.5936927892976,3175.2092639766397,6961500
2021-01-22,3188.8828125,3207.113681790224,3166.094225887221,3166.094225887221,4871700
2021-01-25,3214.7099609375,3246.613981552752,3190.402061525236,3220.786768881976,4683000
2021-01-26,3235.97900390625,3275.4791429178817,3194.959551744058,3204.074985557879,6417300
2021-01-27,3289.152099609375,3292.190725731245,3231.4210963756923,3266.3635164191373,7794300
2021-01-28,3158.497802734375,3226.8635560403136,3149.3823689602496,3190.401820943813,11043900
2021-01-29,3055.189697265625,3248.1329015288325,3041.5165462921013,3211.671165599436,12249600
2021-02-01,2953.70458984375,3008.093423912245,2865.2848740499658,2872.8812179280894,24499200
2021-02-02,3025.412353515625,3050.6317935043626,2981.962046678345,3005.054626383006,11811900
2021-02-03,2995.02783203125,3038.174145352413,2956.43901315504,3029.3624849906814,11066100
2021-02-04,2916.93896484375,2954.6160189580546,2886.858031768799,2951.8813886785138,12092400
2021-02-05,2878.0458984375,2946.107870620209,2847.35742314837,2942.157923935654,16413900
2021-02-08,2876.8310546875,2895.0619232216413,2801.7807200702123,2832.469200406162,12271500
2021-02-09,2969.2001953125,2976.188767877049,2875.9190084692464,2922.407715103773,13779300
2021-02-10,2937.600341796875,2985.6081415391263,2924.5347392024823,2964.946641350596,9118200
2021-02-12,2963.1240234375,2975.277862091243,2945.8046976471405,2974.3663186285926,6066300
2021-02-15,3019.639404296875,3021.462491032706,2981.658356452133,2993.5084202350367,7102200
2021-02-16,3025.716552734375,3058.228344035877,3008.093453150043,3041.5167879221967,8165700
2021-02-17,2992.293212890625,3017.5124319637584,2954.3121636543387,3013.562484739662,6758700
2021-02-18,2937.296875,2976.493244757363,2929.396979846209,2960.389458259008,8073300
2021-02-19,2973.15087890625,2977.1008262332325,2885.034940302566,2886.55425352592,8075100
2021-02-22,3002.6240234375,3015.6894049336856,2970.416230134336,2988.6470985219344,6372000
2021-02-24,2825.783935546875,2943.9807786454116,2825.783935546875,2930.915177677043,13086300
2021-02-25,2910.55810546875,2915.7235923022863,2840.9770327506303,2865.284708631886,9078000
2021-02-26,2759.24169921875,2847.0536337448184,2754.987756103228,2819.403559855829,17046600
2021-03-01,2881.388671875,2891.7194228377457,2832.1653285402167,2834.899958725482,9292500
2021-03-02,2865.284423828125,2937.600342130459,2841.2805239542736,2936.0810290846057,7652400
2021-03-03,2830.950439453125,2887.466138491496,2806.0347678579496,2869.842815159336,6132300
2021-03-04,2764.407470703125,2814.5423597365448,2742.8342018465437,2772.6113616358666,7963800
2021-03-05,2819.10009765625,2819.10009765625,2713.361058189859,2734.630331027365,8875200
2021-03-08,2746.783935546875,2846.4461585993163,2736.453184913114,2835.507638206592,7726500
2021-03-09,2730.072265625,2755.59547879278,2667.7835457661713,2719.4375192901725,8882400
2021-03-10,2740.70703125,2812.414958481965,2723.083711765988,2779.9033946049694,10238400
2021-03-11,2655.933837890625,2702.726327444436,2619.4720999149836,2675.987793777228,16987500
2021-03-12,2709.714599609375,2733.7185002549677,2643.1719352150394,2643.475708816074,15284100
2021-03-15,2725.514892578125,2725.514892578125,2669.9107425957623,2700.903219635112,6845700
2021-03-16,2810.59228515625,2811.5038286241434,2734.326630039034,2734.630403680068,8616300
2021-03-17,2766.5341796875,2803.9074585564254,2759.5456062052162,2779.599560720249,7553700
2021-03-18,2790.842041015625,2823.9613761301603,2768.357230247675,2810.5919991134374,9963900
2021-03-19,2789.01904296875,2792.36122042065,2735.8455293655884,2745.264959571283,9984900
2021-03-22,2749.822265625,2776.257020393572,2744.6567795920887,2762.8876449497247,6265200
2021-03-23,2717.614501953125,2799.3496299115727,2713.9683285504398,2788.107336101548,7087800
2021-03-24,2673.252685546875,2724.6028831680583,2667.4794297029257,2696.34504128843,8338800
2021-03-25,2699.383544921875,2709.410521444884,2663.2258082475273,2667.7835248488955,6747600
2021-03-26,2708.4990234375,2715.7913701216885,2680.241180036269,2704.5490764984843,9190500
2021-03-29,2724.603271484375,2751.3418041825216,2700.599369035293,2736.1495622731286,9438600
2021-03-30,2707.47314453125,2761.0048511599475,2700.1316738204714,2752.745696610322,7992900
2021-03-31,2704.72021484375,2729.19185966326,2695.5433760419232,2706.5555826041154,5918100
2021-04-01,2789.453125,2795.8769120442694,2745.0982555698174,2753.0515904011695,7749300
2021-04-02,2871.73828125,2878.4681114637287,2824.936409876173,2826.771777381029,8662800
2021-04-05,2849.71435546875,2905.387253924994,2845.1259359268597,2899.881150474726,5884500
2021-04-06,2795.876708984375,2869.2914127297513,2794.041341390741,2869.2914127297513,5942700
2021-04-07,2812.395263671875,2815.7599551923295,2775.381864595554,2791.288534496288,5158500
2021-04-08,2805.359375,2811.7831615963364,2770.181570701362,2789.452930490371,5060700
2021-04-09,2785.7822265625,2838.701843563736,2785.7822265625,2805.6652264117465,5189700
2021-04-12,2791.89990234375,2817.2892284869827,2788.5352111511493,2813.6184933358595,5660700
2021-04-13,2752.43994140625,2774.7703998569327,2729.497843028103,2768.04056830339,6999600
2021-04-14,2765.287109375,2776.9111788565356,2747.2394773372303,2758.2516829374545,5706600
2021-04-15,2766.81640625,2785.781944412497,2748.7685518043354,2767.1222261409853,4947600
2021-04-16,2750.910400390625,2770.4875814466054,2747.545484879475,2761.9226067428476,4857000
2021-04-19,2780.27587890625,2809.3357142946124,2751.215819474008,2758.251469410794,4890300
2021-04-20,2736.227294921875,2777.523066272627,2733.4742434984914,2776.911202386131,5337300
2021-04-21,2670.4599609375,2708.390818118312,2660.0596188178997,2690.343185385232,7153500
2021-04-22,2725.520751953125,2728.2738032177244,2694.9313681388744,2707.7789407070036,5261100
2021-04-23,2713.89697265625,2719.4030757730307,2686.366457072348,2687.2841409251446,3246300
2021-04-26,2729.497314453125,2734.0857332401943,2714.8143743345045,2731.638725916348,3450900
2021-04-27,2714.814697265625,2756.1104712614374,2714.814697265625,2735.309786315044,6398400
2021-04-28,2760.087158203125,2768.0402687509245,2688.201775034955,2699.520025039286,7027500
2021-04-30,2662.200927734375,2754.581179386355,2651.494541152495,2725.826935205058,12607200
2021-05-06,2680.24853515625,2716.0382030260935,2662.5064991573213,2662.5064991573213,8541000
2021-05-07,2670.765380859375,2693.401653422925,2640.481818827703,2667.4006899962146,4896600
2021-05-10,2660.976806640625,2697.0722894224023,2659.1414393119944,2667.706412164315,4268400
2021-05-11,2563.70263671875,2634.6701070073486,2558.1965340917754,2633.752423236186,10624200
2021-05-12,2514.147705078125,2613.563371956504,2495.182165853137,2579.9148924396254,9864900
2021-05-13,2445.321533203125,2485.0877569466234,2445.321533203125,2461.8398417795797,8950800
2021-05-14,2529.74853515625,2534.948594237185,2482.946659164392,2487.5350783792796,6405900
2021-05-17,2497.32373046875,2563.7030157595327,2479.581916284464,2554.220132692894,5216700
2021-05-18,2504.35888671875,2528.218663580123,2492.1231783942103,2499.4646481977097,5142600
2021-05-19,2467.34619140625,2489.676424996815,2451.133701130296,2471.0169270125853,6241200
2021-05-20,2507.1123046875,2519.6540587846393,2463.981163281822,2474.9933695981654,4448700
2021-05-21,2498.54736328125,2525.4660155094452,2485.393745087862,2512.0065773733904,6486600
2021-05-24,2515.9833984375,2544.737418884836,2492.4294373210296,2495.182488982283,3576900
2021-05-25,2524.2421875,2546.572417500693,2511.39461494324,2534.0306648473224,3716700
2021-05-26,2551.160888671875,2554.219759900257,2511.08862257379,2515.983085391869,4717500
2021-05-27,2475.298583984375,2553.9135567473554,2470.404345944621,2539.230618584237,18571500
2021-05-28,2554.52587890625,2567.9850919416763,2508.335644950434,2508.947508831643,7980300
2021-05-31,2532.501220703125,2561.8670994346257,2520.877152357281,2534.3365881238437,4062900
2021-06-01,2584.50341796875,2586.9506494663824,2546.5725619968825,2557.27894774964,5710500
2021-06-02,2619.069580078125,2658.835803622726,2583.279911674815,2612.0339295568588,10217700
2021-06-03,2621.210693359375,2649.658890515144,2617.2341383307257,2619.987189668381,5437500
2021-06-04,2609.5869140625,2609.5869140625,2572.879561967113,2587.868322724764,4642200
2021-06-07,2612.95166015625,2649.6590130221484,2605.61018958307,2649.047373170318,4659000
2021-06-08,2584.8095703125,2622.4346079412144,2584.8095703125,2606.2221186719294,3509700
2021-06-09,2544.737060546875,2570.126385862308,2531.2776240836274,2569.514522009106,5039700
2021-06-10,2534.03076171875,2553.608165249574,2520.2655048817146,2531.2777103513426,4595100
2021-06-11,2538.925048828125,2550.2430734291734,2509.253125671293,2513.535724405364,5827500
2021-06-14,2578.99755859375,2580.221286480037,2531.8898601135857,2545.960938454537,3816300
2021-06-15,2619.37548828125,2626.411139039644,2593.986384843913,2600.104127722259,4843500
2021-06-16,2643.541015625,2648.435254187759,2579.3031542968147,2586.644624162893,6753900
2021-06-17,2590.927001953125,2601.633386868445,2557.8903875167002,2597.656832034243,6302400
2021-06-18,2628.858642578125,2657.918484366332,2619.0699392986426,2630.6940104402825,10205100
2021-06-21,2543.513916015625,2579.9152275211773,2519.3480909506184,2575.6328520757697,7820700
2021-06-22,2572.267333984375,2592.7621946553227,2564.314000808189,2589.397503885443,6731700
2021-06-23,2514.759521484375,2563.396764616639,2514.759521484375,2555.137610122481,9316800
2021-06-24,2515.065185546875,2519.3475600899283,2485.0874435261508,2508.3353557611563,5382000
2021-06-25,2552.078857421875,2559.726148368707,2535.5605476650994,2545.9608902380605,5239500
2021-06-28,2538.925048828125,2558.5022269595306,2533.7247663684593,2552.38426077427,4168500
2021-06-29,2547.489990234375,2564.9259808015413,2538.3131530937612,2551.77258891462,6510600
2021-06-30,2594.597900390625,2636.811354830607,2574.714900922795,2580.832643508022,8902200
2021-07-01,2586.645263671875,2615.093466436317,2571.9623203095825,2593.9867353530212,4494300
2021-07-02,2622.740234375,2623.9637380629006,2564.314292564519,2581.7502843255843,5843400
2021-07-05,2681.4716796875,2684.836594487036,2610.810037204291,2623.0457447711774,7908900
2021-07-06,2727.968017578125,2732.86225631759,2683.0015130248808,2699.21377686856,8651700
2021-07-07,2753.96923828125,2769.875683692208,2717.567704158042,2729.497594227238,12381600
2021-07-08,2733.780029296875,2767.4285098439736,2723.9913274546166,2751.2160214273354,8235600
2021-07-09,2716.038330078125,2729.1917236907825,2661.588939870761,2707.473131593874,9115500
2021-07-12,2787.61767578125,2803.829940865952,2770.4875028160022,2787.311631806433,7993200
2021-07-13,2781.49951171875,2804.441606008743,2773.2403577743526,2803.82974214638,4966200
2021-07-14,2801.688720703125,2828.913415555032,2752.1337941004494,2753.051477926425,7056900
2021-07-15,2787.61767578125,2815.4540108113597,2784.86462427133,2791.2884111278095,5661600
2021-07-16,2760.698974609375,2782.7233880774006,2754.275187347868,2771.4053613931937,4203900
2021-07-19,2684.22509765625,2741.1214928886216,2682.695549984834,2728.57973968836,6658500
2021-07-20,2657.306396484375,2696.4607549139755,2645.9881472130996,2660.365267724343,7185900
2021-07-21,2683.91943359375,2732.250633525442,2673.824911272789,2703.1907943883116,6941400
2021-07-26,2759.78125,2760.6989338809626,2741.1217524350673,2751.216275125655,7075800
2021-07-27,2758.251708984375,2775.0758374622933,2740.203852732278,2774.4639735752044,4270500
2021-07-28,2740.81591796875,2755.804679930423,2681.7781059103277,2682.6957897864286,6662100
2021-07-29,2783.640869140625,2783.640869140625,2720.62672900572,2752.133799073172,5870400
2021-07-30,2765.287109375,2859.8085407769245,2756.416315337417,2829.524975376308,13911900
2021-08-02,2819.736572265625,2828.9134105090106,2775.9935686241856,2812.7009215977287,7678800
2021-08-03,2815.45361328125,2836.560338543789,2808.7240074440506,2827.689321360851,5872500
2021-08-04,2819.736572265625,2824.0189474166036,2802.606399530004,2816.3716568950827,3845400
2021-08-05,2840.537353515625,2841.149217434102,2804.1360432664037,2817.289437184332,5202600
2021-08-06,2809.030029296875,2852.773030493412,2804.44161043164,2828.9132523941903,4587900
2021-08-10,2826.771728515625,2852.4668731394254,2797.4058489455674,2809.641781462345,4580100
2021-08-11,2826.771728515625,2848.796138193168,2817.900935091424,2828.913139930196,4599900
2021-08-12,2801.99462890625,2860.1147557450176,2798.6299374676055,2832.8900600354073,4641900
2021-08-13,2772.62841796875,2811.17113532024,2765.5929919417813,2803.8296653485277,4371600
2021-08-16,2725.826904296875,2776.6055609550035,2709.00277475376,2772.9348254878573,4180200
2021-08-17,2714.814697265625,2735.921426196818,2707.167406392149,2731.9448707896368,4095900
2021-08-18,2784.2529296875,2794.0416325549195,2712.3677661270394,2721.85042500103,5088000
2021-08-19,2709.92041015625,2796.7945560063504,2708.696906370387,2771.099408195861,6327300
2021-08-20,2686.978271484375,2722.462121153403,2676.5779293589294,2708.696863615061,4661400
2021-08-23,2751.216064453125,2763.4517739143785,2714.508712025465,2717.2617634575395,3798300
2021-08-24,2787.311279296875,2810.5594162475127,2775.9932547576677,2776.605118586014,4577400
2021-08-25,2739.592041015625,2798.935669788619,2730.415202754023,2797.1003021362985,5601600
2021-08-26,2720.014892578125,2740.2039369899735,2711.4499181150063,2739.2862531530714,5406000
2021-08-27,2719.402587890625,2728.8854686974937,2700.131230439328,2720.93213538551,3272100
2021-08-30,2767.4287109375,2774.4641378580677,2731.944860219309,2747.8513058304025,4479600
2021-08-31,2789.453125,2797.100415847588,2749.380854947301,2757.945829658356,4312800
2021-09-01,2886.727294921875,2886.727294921875,2796.488242309207,2798.93547368881,11467200
2021-09-02,2915.17578125,2923.434935927582,2890.09227323696,2905.387078802674,9453000
2021-09-03,2938.729248046875,2944.8472145210894,2890.7038721537647,2897.4334784446783,9147900
2021-09-06,2986.448974609375,2997.7672244353334,2965.6482906879687,2971.4602135419054,8121600
2021-09-07,3150.714111328125,3190.4805562422885,3126.2426941974363,3170.5973337852065,21491100
2021-09-08,3104.83056640625,3143.0674716428252,3083.418015976611,3117.0665015465543,10203600
2021-09-09,3098.712158203125,3120.124704039751,3074.2405172156373,3077.2993883226177,6644400
2021-09-10,3164.479736328125,3164.479736328125,3098.712543074295,3098.712543074295,9608400
2021-09-13,3187.421875,3204.246228511597,3147.65564896551,3164.479778433196,7908900
2021-09-14,3218.011474609375,3222.5998939058504,3162.9504430516704,3181.3041202375716,8077200
2021-09-15,3130.831298828125,3181.303907717644,3110.9480751903493,3162.950231757819,8217300
2021-09-16,3120.125,3150.714386103013,3104.8301949265424,3143.0670955882356,5950200
2021-09-17,3112.477294921875,3140.0078059608577,3109.418199888295,3129.301421431074,9326700
2021-09-21,3063.53466796875,3075.770602624025,2999.2967951822784,2999.2967951822784,7979700
2021-09-22,3037.83935546875,3078.8293086758918,3030.8039286664725,3078.8293086758918,6150600
2021-09-24,3089.535400390625,3118.595236764904,3084.9469815900666,3117.065913193975,6523800
2021-09-27,3049.76904296875,3095.653232301499,3040.5922051022003,3092.5943610272802,7330800
2021-09-28,3019.1796875,3036.6156796162613,2979.4134643722814,3017.0384999915823,10461900
2021-09-29,2963.16650390625,2980.4014490512254,2918.54057634787,2973.015076191123,15263400
2021-09-30,3065.344482421875,3065.344482421875,2916.3860505828115,2974.8614223985787,70258500
2021-10-01,2892.072509765625,3022.5652402268342,2877.6076806344495,3004.406999449807,21477600
2021-10-04,2784.662353515625,2922.8491435883175,2756.3478512640063,2896.381234409322,16886400
2021-10-05,2689.870361328125,2723.7246410441353,2662.4793824457233,2714.49167615924,14540400
2021-10-06,2630.779541015625,2761.8876501033033,2607.0817466914,2749.2694142935297,14559300
2021-10-07,2617.5458984375,2688.3320472546566,2609.851835132192,2635.088534088404,9973800
2021-10-08,2622.162353515625,2672.020370096556,2619.3924637055734,2646.78367140971,9142200
2021-10-11,2668.019287109375,2686.485217749389,2574.1507312179083,2609.851605593332,8694900
2021-10-12,2639.704833984375,2689.8705380161186,2623.7011022707225,2682.1764752447043,7673400
2021-10-13,2579.074951171875,2626.4709909529856,2576.6129773178773,2578.7672607936743,10547400
2021-10-14,2626.778564453125,2640.3203217043606,2588.307801493547,2614.1601037096057,8727600
2021-10-15,2703.72021484375,2703.72021484375,2664.3263756927254,2677.560218877843,8961600
2021-10-18,2700.334716796875,2722.493833983954,2675.0977941687925,2708.9520761204512,6725100
2021-10-19,2680.32958984375,2685.561678189678,2636.3190506630176,2654.169598942455,12632400
2021-10-20,2662.787353515625,2709.875479392635,2656.0165870243195,2684.0231749895706,8515500
2021-10-21,2618.777099609375,2676.9447909981714,2616.9305062319527,2636.012046270058,7989300
2021-10-22,2608.620361328125,2630.7794778247703,2579.69047881779,2600.618608424907,8680500
2021-10-25,2599.079833984375,2608.620490030857,2570.457640430728,2575.381813645977,5351700
2021-10-26,2627.08642578125,2636.9349976425387,2594.77104590818,2609.851706791747,5747700
2021-10-27,2619.392822265625,2644.321833968541,2597.2337007519222,2641.5519437793278,4999800
2021-10-28,2640.012451171875,2640.320366955849,2605.235099061312,2624.624326055661,6139800
2021-10-29,2663.094482421875,2673.2507427246,2609.2356014091147,2628.317135297741,8388600
2021-11-01,2652.630859375,2657.5550322645518,2585.5379048607056,2630.779433614404,12540600
2021-11-02,2609.851806640625,2643.0904843531575,2600.926531005671,2639.704988336959,10656900
2021-11-04,2659.40185546875,2671.0970206847096,2620.623398894689,2631.3952675255523,10939200
2021-11-05,2640.320068359375,2670.4809344413125,2620.007547138649,2659.4013774118257,7044900
2021-11-08,2604.00390625,2646.4755466508454,2602.4652289753726,2645.5522501203923,8409900
2021-11-09,2604.92724609375,2638.165921742738,2598.4641702731137,2613.544830797396,6975300
2021-11-10,2592.92431640625,2614.468052131409,2585.2302538839444,2600.0029981918524,4672200
2021-11-11,2597.2333984375,2606.1586742574873,2571.38109301402,2585.230542348027,5547000
2021-11-12,2640.012451171875,2668.942559185602,2608.312679001717,2616.0067415598237,9407700
2021-11-15,2671.712158203125,2697.8721483870986,2662.7868843081424,2662.7868843081424,7933800
2021-11-16,2720.339599609375,2766.5044317410775,2686.1776238319153,2696.026196491418,13054200
2021-11-17,2694.17919921875,2740.651714791453,2694.17919921875,2721.262488203518,9153900
2021-11-18,2708.9521484375,2735.1121428992037,2699.719182696404,2708.644458050864,6720600
2021-11-19,2754.809326171875,2756.040313150233,2698.1803185401104,2710.7987803715523,7852500
2021-11-22,2742.190673828125,2759.7333077684398,2720.0315572719383,2755.7324313060803,6231000
2021-11-24,2680.637451171875,2744.3449101783226,2662.1715210250786,2726.802276538866,7677000
2021-11-25,2692.9482421875,2714.799442752576,2676.020989147064,2699.7190081551616,4429200
2021-11-26,2638.781494140625,2689.255113136756,2610.4669919602306,2686.792913908054,8149800
2021-11-29,2596.001953125,2633.241501844253,2582.767886932649,2585.2300859621,8175900
2021-11-30,2579.074951171875,2645.86021847775,2558.762427098312,2637.8582399167663,14183700
2021-12-01,2593.540283203125,2618.7769831003734,2550.453031175478,2588.3081937284605,7631700
2021-12-02,2552.60693359375,2633.5491035218643,2539.3728678469856,2566.764070354532,11243700
2021-12-03,2602.1572265625,2609.8515143362592,2543.9895470803704,2555.684711214839,7504500
2021-12-06,2580.61376953125,2602.77288597803,2571.996410495565,2596.6175007158613,7814700
2021-12-07,2620.930908203125,2633.2414522903623,2579.074652561012,2603.3882758070813,7575600
2021-12-08,2685.254150390625,2697.872612147223,2657.863168738732,2667.096134557169,7911000
2021-12-09,2685.869873046875,2708.336682374533,2662.7874574998928,2674.4826231817688,5543400
2021-12-10,2699.103271484375,2725.263488403926,2680.9452578550513,2724.3401919341577,8103000
2021-12-13,2740.65185546875,2764.965481603156,2724.0325175403086,2735.4199919525945,7886400
2021-12-14,2774.814208984375,2774.814208984375,2753.578385381397,2766.1968484574745,8449200
2021-12-15,2826.826416015625,2826.826416015625,2759.425766189584,2769.889718878391,7702800
2021-12-16,2857.295166015625,2892.3804353348883,2833.5971458110384,2862.219339203069,9503100
2021-12-17,2844.368896484375,2876.6842747835917,2814.515491969924,2822.2097799363405,12514800
2021-12-20,2801.281494140625,2841.9065388809636,2800.6658880216514,2813.59203862085,6892800
2021-12-21,2865.604248046875,2882.8389633795036,2833.2888750305046,2836.0587641461934,6305700
2021-12-22,2862.21923828125,2896.073519463501,2829.2882536274774,2892.995714092447,5575500
2021-12-23,2856.679443359375,2874.5297676734604,2840.0601059384094,2867.759001640019,4003500
2021-12-24,2854.8330078125,2868.0668502397557,2847.138944831194,2856.063994773532,2673900
2021-12-27,2825.28759765625,2850.8322120759613,2819.132211847905,2850.8322120759613,3975000
2021-12-28,2858.833740234375,2858.833740234375,2834.520340142121,2841.9067123639893,5371500
2021-12-29,2828.36474609375,2851.4471575836724,2809.591126553338,2846.830675285688,4285800
2021-12-30,2818.208984375,2828.9808534502736,2799.1276711052424,2811.4382176096874,4574400
2022-01-04,2888.07177734375,2891.4572733631903,2827.13420147908,2827.13420147908,6632400
2022-01-05,2936.69873046875,2936.69873046875,2890.8415918592636,2902.2288412073867,7952700
2022-01-06,2846.215576171875,2909.923038186797,2841.5990934171705,2893.6113906487753,7276500
2022-01-07,2826.826416015625,2882.531900779445,2800.97411197276,2877.6077275283956,5792400
2022-01-11,2778.506591796875,2834.51998255103,2773.2747290758753,2828.364598004613,6646200
2022-01-12,2880.685302734375,2883.1475020628136,2796.0497085522957,2811.745750265912,6795000
2022-01-13,2892.99609375,2895.7659836989355,2864.373897611001,2874.2224703452894,5179800
2022-01-14,2789.27880859375,2869.913296828914,2747.4227744999093,2861.603628084345,9942900
2022-01-17,2800.666015625,2811.130193053427,2757.886685640418,2798.2040418652896,4983300
2022-01-18,2812.976806640625,2860.6803099074855,2800.973951878196,2819.439882281933,5211900
2022-01-19,2646.475341796875,2720.6469742780523,2630.4716116458744,2713.875983302719,15262800
2022-01-20,2663.094482421875,2680.6371138538543,2605.234725518821,2646.1674570553864,8695800
2022-01-21,2660.941162109375,2670.174129361663,2613.8530291227066,2616.9306097353897,6880200
2022-01-24,2642.474853515625,2642.474853515625,2586.4614516433553,2612.006065896472,5075400
2022-01-25,2632.318115234375,2689.562493748767,2605.542518832482,2679.4062330446004,7882800
2022-01-26,2578.76708984375,2617.2378519648,2549.837208370602,2591.077634540246,7269600
2022-01-27,2500.90234375,2610.7746191492693,2483.9750922218996,2592.6163808499896,10285800
2022-01-28,2525.5234375,2572.6115556371706,2520.906955329689,2535.987614028817,11170200
2022-01-31,2628.009765625,2649.2455870341405,2528.601650464145,2528.9093408537456,9179700
2022-02-01,2727.1103515625,2752.654739481066,2665.24948195847,2691.71716643829,12068400
2022-02-02,2653.554443359375,2728.6491587779838,2620.0080751749942,2703.720150437447,18069000
2022-02-03,2596.309814453125,2695.4102324698633,2580.3060832432075,2637.5504674879066,10004100
2022-02-04,2604.31201171875,2606.7739857031456,2548.6063000480112,2554.45399544292,6348600
2022-02-07,2534.141357421875,2576.9206894051895,2509.827731155893,2566.7644272828475,8525400
2022-02-08,2552.60693359375,2605.2348300002996,2543.9893499879113,2555.684513216311,8659800
2022-02-09,2607.081787109375,2611.6982698952997,2563.6868489216813,2575.9973945460815,6036900
2022-02-10,2586.76904296875,2638.4736457760737,2584.9224500113455,2623.7009021168383,6210000
2022-02-14,2460.892822265625,2467.355897659006,2419.3444804510304,2434.1172242073308,16090800
2022-02-15,2460.892822265625,2483.0519379000752,2452.8910696737494,2477.512158991463,7062900
2022-02-16,2507.673095703125,2510.750675321701,2484.590685028391,2502.133317141189,6639300
2022-02-17,2497.8251953125,2543.6823386242,2477.8205843048554,2522.7542055276917,5305200
2022-02-18,2456.276611328125,2467.356170369947,2423.345850007735,2448.274857851835,8811000
2022-02-21,2443.04296875,2447.3517616460113,2389.7994527459955,2416.267365539966,5621700
2022-02-22,2401.1865234375,2406.41838669907,2345.480817260043,2372.56433173129,7846800
2022-02-24,2340.556640625,2388.260368530567,2322.0907105214496,2378.719487700942,9992100
2022-02-25,2413.4970703125,2415.035972962876,2359.3302667410026,2378.4118030317522,7703400
2022-02-28,2396.5703125,2411.3430582805795,2368.255807949152,2394.415803464191,6594300
2022-03-01,2394.41552734375,2443.0425517352987,2390.106960597413,2442.7348613717563,5097000
2022-03-02,2370.10205078125,2387.029077680974,2345.7886520832208,2354.406010709851,5821200
2022-03-03,2370.10205078125,2412.2659982679697,2364.562271932521,2400.57083444926,6263400
2022-03-04,2311.318603515625,2362.0999060426366,2293.7759717335666,2350.7126587958455,8307300
2022-03-07,2214.6806640625,2227.298899576521,2195.599127485677,2218.9892308854483,11438700
2022-03-08,2229.1455078125,2271.001767336353,2156.8206882945674,2163.8993701436434,9625200
2022-03-09,2235.30078125,2262.691985333571,2219.6047410677406,2231.2999049690525,6230700
2022-03-10,2303.625,2309.472469952111,2255.3058867613154,2302.0860972066203,7830300
2022-03-11,2233.454345703125,2271.001813727477,2211.295228589907,2267.6163179193363,7155000
2022-03-14,2246.688232421875,2281.4658114988833,2233.7620805153656,2249.7660379138442,4485000
2022-03-15,2266.077392578125,2284.85123910995,2246.688165297652,2252.843550683486,4345800
2022-03-16,2348.558837890625,2366.716853910176,2301.162795927435,2328.2463128818886,8697900
2022-03-17,2413.8046875,2452.891055403945,2404.8796384752777,2440.888201171778,8014800
2022-03-18,2436.57958984375,2442.734975300986,2409.8039899553573,2414.112782316842,8937600
2022-03-22,2478.1279296875,2499.0560598701195,2457.1997995048805,2462.1241980267887,6931500
2022-03-23,2565.225830078125,2565.84143632723,2505.519462584396,2508.2893525840295,7219500
2022-03-24,2565.225830078125,2565.225830078125,2514.4445134181765,2527.9862729989045,5289600
2022-03-25,2596.61767578125,2618.161412944236,2576.30515100222,2614.775917009663,5926500
2022-03-28,2560.916748046875,2590.4622354401267,2546.759385061489,2590.154319670327,3833400
2022-03-29,2587.692626953125,2588.308007731179,2562.148013066169,2579.0750419183278,5874600
2022-03-30,2553.553955078125,2625.244638855524,2532.450128240586,2601.0373949826358,7960800
2022-03-31,2519.10498046875,2544.553543628728,2499.2424765963237,2527.7946838463217,7736400
2022-04-01,2506.381103515625,2532.7607198961823,2481.55308219434,2510.7260697561733,8081100
2022-04-04,2501.725830078125,2508.5534392443337,2486.2082885476925,2499.863734186738,5320500
2022-04-05,2479.69091796875,2540.2090335856255,2478.1393229522205,2527.7951369202697,7636200
2022-04-06,2424.44873046875,2463.8630157814873,2399.3104371804798,2463.5527422505043,9325800
2022-04-07,2385.344482421875,2389.689447958357,2363.3096085458087,2367.3443005820395,7109100
2022-04-08,2377.896240234375,2421.3452162424524,2353.999269333942,2412.3450111383186,7287300
2022-04-11,2375.72412109375,2403.034785493206,2343.4477160350248,2344.0684904440914,7723200
2022-04-12,2364.861328125,2380.3788666768337,2349.9645638533466,2366.1026493787767,6435300
2022-04-13,2414.827880859375,2440.8972209991516,2403.9655800322657,2406.75872361867,7183200
2022-04-14,2428.7939453125,2428.7939453125,2405.517745438264,2408.621162985949,5526600
2022-04-15,2376.96533203125,2397.138112667865,2360.516743062526,2382.241345996302,5031300
2022-04-18,2349.34423828125,2374.172259244843,2329.1716843482936,2366.4136021403697,4058400
2022-04-19,2387.51708984375,2401.7933091857553,2362.0685230050262,2390.3102335445838,4764300
2022-04-20,2416.689697265625,2433.4485568470845,2400.241111166814,2431.2759605488045,6198900
2022-04-21,2458.8974609375,2478.4494664958825,2430.0349765417927,2431.897072309258,6185700
2022-04-22,2426.621337890625,2437.7939137816265,2403.9659125471953,2417.6213588495216,5818200
2022-04-25,2407.069091796875,2429.724742204178,2378.206606935656,2386.896538861724,5888700
2022-04-26,2397.448486328125,2432.828308650637,2397.138212778383,2427.8627953216173,5381100
2022-04-27,2348.4130859375,2353.378826293442,2323.895566916521,2350.895956115471,7895700
2022-04-28,2418.862548828125,2421.6556926489425,2356.1720632853144,2376.6551179713106,8079600
2022-05-02,2545.48486328125,2604.140878784805,2506.0705794260375,2540.2088496099445,16952100
2022-05-06,2573.41650390625,2573.41650390625,2517.2433540109873,2534.9332648554946,9784200
2022-05-09,2547.34716796875,2619.3481330099075,2543.0022018061654,2560.6921126948373,8788200
2022-05-10,2560.3818359375,2569.3820417963375,2488.69114453125,2544.5540209517044,8003700
2022-05-11,2501.725830078125,2546.7264050177628,2473.7943917073235,2540.209069397909,8049600
2022-05-12,2471.0009765625,2498.0013640230545,2444.000589101945,2482.483824196397,6632400
2022-05-13,2517.2431640625,2541.7606821754202,2503.277446028569,2515.0705674972605,7363500
2022-05-16,2555.10546875,2628.6582458726734,2543.312348006457,2545.484717131511,10501200
2022-05-17,2561.00244140625,2565.9679543249945,2537.105470078233,2563.1748106882114,5381700
2022-05-18,2609.4169921875,2609.727265718868,2578.071637094379,2593.2786770372713,8303400
2022-05-19,2514.139404296875,2537.105326445801,2479.6906347267854,2536.1742786195823,8804700
2022-05-20,2532.449951171875,2539.8983333812043,2468.207654616412,2489.000979181927,8199000
2022-05-23,2559.450927734375,2581.1753050928637,2543.3128383229237,2550.450721384157,5258100
2022-05-24,2535.243408203125,2569.071405820732,2534.6226338400065,2566.8990365097375,5359200
2022-05-25,2499.863525390625,2524.3810434772313,2480.932294511595,2518.174209228774,6286200
2022-05-26,2452.070068359375,2520.657116968753,2442.759588701393,2503.898253584386,8129100
2022-05-27,2471.93212890625,2500.794613273894,2459.207732072074,2498.6222439828343,5809500
2022-05-30,2559.450927734375,2559.450927734375,2517.2434945700816,2518.484816122766,7422900
2022-05-31,2575.89892578125,2576.5194727616013,2552.9330048436027,2567.5194957872336,8656500
2022-06-01,2595.451416015625,2596.3824639674053,2553.8645317338865,2572.4854907694967,4875000
2022-06-02,2620.58935546875,2625.244594596592,2577.761155492603,2596.382112003971,5898300
2022-06-03,2655.9697265625,2660.9352402318864,2637.969313311015,2637.969313311015,6472500
2022-06-06,2644.486328125,2647.900246217876,2588.9339545721455,2624.934322087526,4485000
2022-06-07,2684.21142578125,2696.004776400367,2631.14168895519,2647.2797787708414,7285200
2022-06-08,2729.52197265625,2734.4874853297024,2690.7282371817637,2693.831654189347,8188200
2022-06-09,2686.0732421875,2723.00488535329,2684.521419889344,2714.3149532515627,6750000
2022-06-10,2610.347900390625,2655.0381972335135,2601.03742188169,2655.0381972335135,8516400
2022-06-13,2544.24365234375,2561.6230617096635,2533.6916245430693,2544.864199409707,4875300
2022-06-14,2560.692138671875,2565.037104878537,2493.3464126550716,2497.6913788617335,7390200
2022-06-15,2498.31201171875,2557.899082625287,2498.31201171875,2554.4853915590247,7562400
2022-06-16,2506.381103515625,2565.657899290877,2504.5190075991945,2542.0711994783355,5078100
2022-06-17,2440.897216796875,2449.586921059638,2381.310153722828,2423.5175809647426,11268600
2022-06-20,2397.13818359375,2462.621813256134,2379.758546193829,2457.035525589012,5490900
2022-06-21,2442.44873046875,2465.7249262079904,2400.8620789523734,2429.4140608547755,5357400
2022-06-22,2382.551513671875,2470.3802875016945,2382.551513671875,2453.931926570422,5323500
2022-06-23,2371.379150390625,2407.0692463656196,2362.999718763803,2383.793047402225,5176500
2022-06-24,2430.345458984375,2431.587007807152,2371.3791637146724,2387.206979098712,4575000
2022-06-27,2463.86279296875,2476.587188880989,2437.4831806354996,2457.966232573613,4187400
2022-06-28,2447.104248046875,2447.104248046875,2412.034927347316,2431.276433143311,5279700
2022-06-29,2382.862060546875,2413.586643966419,2357.4134914632023,2401.7935210603114,10482600
2022-06-30,2295.343017578125,2365.4821008487324,2293.4809220453935,2358.6542656909946,11539500
2022-07-01,2229.549072265625,2301.8602954750872,2218.065998557753,2294.7224143124404,9106200
2022-07-04,2249.721923828125,2266.1705119405783,2231.1009664580297,2241.9632673594547,5686200
2022-07-05,2263.687744140625,2281.9984288174583,2243.204690107992,2250.9635742338564,4999800
2022-07-06,2289.44677734375,2308.998783168971,2264.929258506392,2265.5498055662747,6629400
2022-07-07,2336.6201171875,2345.930596831883,2283.5503832145178,2303.1023904677218,6897300
2022-07-08,2363.620361328125,2404.8967427519233,2355.8614772353667,2359.585668861773,8980500
2022-07-11,2370.447998046875,2415.448571625579,2364.5514370046867,2410.172784963955,4759200
2022-07-12,2293.4814453125,2343.758036167058,2285.7227879248107,2337.2407003155413,6683100
2022-07-13,2317.068115234375,2349.654794064254,2304.9644916689913,2328.5509643865025,4619400
2022-07-14,2318.93017578125,2331.65434625909,2281.0674832830496,2300.9297638311955,5384100
2022-07-15,2325.7578125,2333.5164697592118,2296.8953256355085,2321.7233470942706,5055000
2022-07-19,2331.343994140625,2337.861329587504,2289.1365641582843,2308.067796116058,5804100
2022-07-20,2438.41455078125,2445.552660744852,2370.758324818877,2375.7240653616545,9000000
2022-07-21,2455.7939453125,2455.7939453125,2397.758478015298,2402.1034437340722,5381700
2022-07-22,2472.86328125,2477.8287943992987,2436.8626858243742,2436.8626858243742,4914600
2022-07-25,2438.10400390625,2467.2767602714102,2432.517716901862,2444.9316122538576,4411200
2022-07-26,2428.483154296875,2435.931537366725,2395.8964783662805,2430.0349765386313,5176500
2022-07-27,2469.139404296875,2484.656947413024,2404.5868159011343,2411.414425765048,6303900
2022-07-28,2470.0703125,2529.3471101796094,2462.621928594987,2513.8295679419525,9161400
2022-07-29,2404.27587890625,2405.2069267782035,2360.8271297528167,2376.965217097811,13142100
2022-08-01,2417.93115234375,2429.7245003227367,2390.3099916617048,2390.3099916617048,7563300
2022-08-02,2387.82763671875,2414.207251966349,2357.4133289544143,2413.5864775853233,7888200
2022-08-03,2405.20703125,2419.172749935916,2380.999785527745,2401.4828396004223,4981200
2022-08-04,2413.58642578125,2425.3797749278906,2405.2069946970464,2405.517495534205,5155200
2022-08-05,2429.724609375,2437.1729921578008,2399.931078243797,2414.517342989046,4462500
2022-08-08,2413.58642578125,2413.58642578125,2385.3447153033608,2397.758611511087,6600300
2022-08-09,2409.24169921875,2423.517691294615,2393.41388486915,2414.5174857975385,4831200
2022-08-10,2373.55126953125,2394.96537031913,2366.7236609909396,2389.6895839815934,5363700
2022-08-12,2448.345458984375,2462.3111760898,2385.034208106448,2385.034208106448,8659500
2022-08-15,2460.759521484375,2477.8286566729575,2448.6558991690904,2456.1042821323426,3829500
2022-08-16,2437.793701171875,2474.7253440261647,2430.9660922694943,2466.656186373083,3760800
2022-08-17,2450.207763671875,2450.207763671875,2424.4486963772347,2439.0351890341917,4558800
2022-08-18,2433.138427734375,2433.138427734375,2402.724347978328,2412.034826945815,4783800
2022-08-19,2457.035400390625,2470.380344479881,2450.20779158092,2467.2769272584906,3866100
2022-08-22,2438.724365234375,2448.0348428661,2412.3447543800144,2421.65523201174,3815700
2022-08-23,2387.82763671875,2419.1727650946937,2387.82763671875,2418.862491557491,5972400
2022-08-24,2370.137451171875,2409.5517326998784,2366.413259931226,2385.6547631368494,5775600
2022-08-25,2374.79296875,2395.276022975922,2367.0340845509186,2388.7586875404013,3798000
2022-08-26,2385.03466796875,2406.759045219258,2380.379428036024,2389.6899079014756,4293300
2022-08-29,2317.6884765625,2324.5163126411226,2300.929614507613,2312.102189210871,6780900
2022-08-30,2346.861328125,2356.7923535345544,2328.240371348834,2341.2750410921503,4585200
2022-08-31,2344.37890625,2355.2412088813053,2321.1027058305203,2327.6200419479746,5005200
2022-09-01,2286.9638671875,2320.1713173485987,2280.4465320264085,2316.7573993524898,7149000
2022-09-02,2286.03271484375,2293.1708240342964,2265.239388905986,2282.929297820582,4943400
2022-09-05,2272.99853515625,2281.998741962385,2265.8606517334383,2273.309036040129,3824400
2022-09-06,2288.825927734375,2301.860597856021,2269.894696897997,2282.6190934999013,4151400
2022-09-07,2281.99853515625,2286.964048475161,2250.342904721606,2274.8604250736794,7162800
2022-09-08,2323.27490234375,2328.550916481303,2281.998519110625,2281.998519110625,6749400
2022-09-09,2324.2060546875,2354.930638332203,2309.6197877272684,2330.4131170512687,6306900
2022-09-12,2365.79296875,2384.724202320455,2355.8617143113047,2358.6548583121903,6084900
2022-09-13,2407.069091796875,2408.000139695624,2380.689477101192,2384.723942226899,5260800
2022-09-14,2330.72314453125,2344.06831583902,2308.0677216207728,2313.9642824944717,7397700
2022-09-15,2315.205810546875,2335.3783631325346,2313.9642618323087,2324.8265628983954,4000200
2022-09-16,2284.79150390625,2300.3090443851606,2284.79150390625,2296.584852854751,6439200
2022-09-20,2294.412353515625,2333.516366242508,2291.3089362109367,2324.826661405408,5536200
2022-09-21,2268.653564453125,2284.1708786382483,2261.5154544517272,2281.067461262549,5824500
2022-09-22,2248.170166015625,2257.480644026034,2224.5834701848607,2251.5838564150467,8079300
2022-09-26,2172.755615234375,2205.031792236035,2172.755615234375,2203.4801972093906,9314100
2022-09-27,2168.41064453125,2222.7216984021297,2167.7898701379204,2209.6870272885885,6578400
2022-09-28,2124.651611328125,2178.0316227851313,2065.995585248514,2152.583052318416,12438600
2022-09-29,2137.830322265625,2171.405599883951,2127.789064046965,2161.364341665291,7941600
2022-09-30,2081.03466796875,2135.633585172723,2072.248482098987,2127.4750496720503,10802700
2022-10-03,2130.613037109375,2137.2025622033466,2081.6622792684425,2083.2312904227583,5853000
2022-10-04,2178.622314453125,2178.936254561367,2152.578155634513,2177.680953777166,6840300
2022-10-05,2222.2392578125,2241.693895507635,2201.215378933876,2227.259772407305,8254800
2022-10-06,2253.931396484375,2265.227725738354,2214.708184235442,2216.2769656377786,6277500
2022-10-07,2219.415283203125,2236.6734896944736,2181.7608473496825,2206.8636513690194,6623100
2022-10-11,2169.5224609375,2197.449338702645,2160.7362755023937,2176.425695358486,6825000
2022-10-12,2141.90966796875,2165.7576296508787,2130.6133376428243,2141.90966796875,5769000
2022-10-13,2144.105712890625,2152.2640181177235,2129.6713639669347,2140.026330452713,5323800
2022-10-14,2214.708251953125,2227.887303152401,2178.9365415550906,2206.8634254039466,8106900
2022-10-17,2189.29150390625,2197.763751080831,2177.367523867221,2179.8778959344936,4695900
2022-10-18,2223.1806640625,2228.5148891082767,2181.7607857923554,2220.6702918016204,5824500
2022-10-19,2208.43212890625,2215.0216535875556,2185.839472856058,2187.722194193574,6775800
2022-10-20,2187.408447265625,2199.9598460306593,2167.3259334523163,2197.4494743479013,6184800
2022-10-21,2184.27099609375,2216.2772666605642,2179.8781317812636,2184.5849362763834,6979500
2022-10-24,2206.236083984375,2239.811133838675,2204.66707265331,2215.649692321921,5621700
2022-10-25,2259.265869140625,2267.424405831769,2224.435520324707,2227.887253121808,7023600
2022-10-26,2250.166015625,2284.0550043240905,2246.714512584887,2274.3276860278597,6891600
2022-10-27,2240.124755859375,2261.776051960837,2231.9662198506944,2244.2039089515206,3977400
2022-10-28,2222.552734375,2240.1248783451274,2194.6256221379836,2196.508343641054,9114900
2022-10-31,2290.644287109375,2305.7060582680656,2258.9519635125566,2262.4034661868304,8225100
2022-11-01,2254.55908203125,2262.7176187831324,2200.587806919223,2212.1978466694936,9293700
2022-11-02,2256.441650390625,2274.013793807528,2240.438518118351,2255.5002896687265,6140700
2022-11-04,2189.60498046875,2205.608112312245,2175.484570018608,2200.901308828864,8335200
2022-11-07,2236.98681640625,2254.8726703691927,2219.728612874701,2221.9250446479823,6090000
2022-11-08,2288.44775390625,2290.3304752175673,2241.0660108462225,2249.851967024244,7243800
2022-11-09,2365.01220703125,2381.3292819337844,2309.471915906907,2312.6099386782416,11779500
2022-11-10,2299.116943359375,2331.7508632972063,2288.448263494351,2322.964905162741,6498900
2022-11-11,2435.6142578125,2446.5968777992466,2410.5114547348344,2416.473330246505,13746600
2022-11-14,2430.59326171875,2453.499628191628,2424.6313873879863,2443.4586008792235,6672600
2022-11-15,2443.458740234375,2456.951500731152,2406.11802140568,2422.1211537859213,5540700
2022-11-16,2445.027587890625,2454.4411954284797,2414.9040437694903,2453.4998346746943,5421900
2022-11-17,2419.61083984375,2433.103830488034,2409.25587158504,2425.5729444817,3917400
2022-11-18,2399.21484375,2432.7898906493715,2398.587193307929,2419.6108401366905,4419600
2022-11-21,2397.33203125,2408.628359832082,2383.839041116251,2401.7248947045473,4026600
2022-11-22,2384.7802734375,2402.666126062842,2380.0734701150413,2395.4491808513267,4407900
2022-11-24,2426.514404296875,2439.3795151999902,2422.7489611399806,2431.8486288862014,4812600
2022-11-25,2410.510986328125,2431.8483418154565,2407.3729641848704,2431.8483418154565,2818800
2022-11-28,2375.6806640625,2385.4079812215205,2361.246313643376,2370.973860626783,5289000
2022-11-29,2337.08544921875,2353.716005555135,2328.613200956064,2353.4022951905904,5146500
2022-11-30,2342.105712890625,2342.105712890625,2314.8062491953565,2328.2990109653383,7633800
2022-12-01,2379.13232421875,2394.821746651382,2361.56041011158,2384.7804887155694,6714000
2022-12-02,2340.8505859375,2379.1324383697747,2323.592151486223,2379.1324383697747,5860500
2022-12-05,2347.75390625,2354.657142384108,2335.5162154796512,2345.2435340992242,3893100
2022-12-06,2339.28125,2347.1258455917387,2317.3162444485024,2322.023047768422,3697200
2022-12-07,2306.020263671875,2332.0644260803483,2306.020263671875,2325.161190113252,4293300
2022-12-08,2263.658935546875,2280.2894892232785,2253.3039671042666,2278.4067676882587,7403700
2022-12-09,2312.923828125,2323.592508830139,2273.0729582982185,2275.5831009203407,6661800
2022-12-12,2307.588623046875,2317.316169476247,2285.9373284757307,2292.2131426407086,3045000
2022-12-13,2296.6064453125,2334.5745843913787,2292.527062311682,2330.809141513328,4501800
2022-12-14,2320.140625,2329.867943171434,2306.647633863676,2317.316542644641,4776900
2022-12-15,2298.802734375,2316.6885869356574,2293.1545704084765,2301.3131060793594,3380700
2022-12-16,2246.400390625,2268.6793376303312,2245.14531960512,2262.089812583272,6461400
2022-12-19,2226.00439453125,2231.9662691552217,2206.235819393224,2220.042290082884,4877100
2022-12-20,2179.5634765625,2260.5204873194853,2160.108844247993,2224.4350746367018,9876000
2022-12-21,2130.613037109375,2171.4054885264163,2119.6306485023533,2164.5020233069436,8834400
2022-12-22,2137.20263671875,2167.95383150425,2131.868412292007,2158.8539342109766,5438400
2022-12-23,2118.689208984375,2137.516422838429,2095.4689019562456,2110.2169627500507,4669800
2022-12-26,2127.161376953125,2136.261043431518,2116.8064097143897,2132.181890521355,2510100
2022-12-27,2118.0615234375,2147.2437044270832,2118.0615234375,2140.6541796875,2425200
2022-12-28,2080.09375,2103.000120541897,2069.7387807403934,2102.372470039234,5981400
2022-12-29,2072.2490234375,2079.152489827776,2049.9703023195625,2060.0113319017973,4769100
2022-12-30,2067.22802734375,2098.6066396752667,2065.3453060073716,2086.9966013757257,3794100
2023-01-04,2043.0662841796875,2056.8729834071737,2020.1599187147801,2050.2834589752056,6666600
2023-01-05,2082.603515625,2088.565619760711,2051.538613465729,2052.479974137222,6299100
2023-01-06,2133.751220703125,2142.850888542548,2063.149160788217,2073.190189426506,7948800
2023-01-10,2184.584228515625,2202.7837900589884,2166.6983772288213,2194.625254969167,8816400
2023-01-11,2212.19775390625,2224.749153916024,2202.7841464428193,2215.3355464525935,7761600
2023-01-12,2252.36279296875,2276.5242347872627,2243.5766051943588,2243.5766051943588,8392500
2023-01-13,2254.55908203125,2259.893536425682,2218.4736618497427,2218.4736618497427,8391000
2023-01-16,2219.10107421875,2238.242230008615,2211.2564776409886,2229.1423325048363,4785300
2023-01-17,2288.44775390625,2299.1164313955887,2215.9629834205316,2222.238797733049,8850300
2023-01-18,2348.067138671875,2370.3460836863715,2285.309916095528,2300.0577461905386,9716700
2023-01-19,2294.40966796875,2319.8264061129958,2289.0754440436203,2300.999192672814,7120200
2023-01-20,2293.154541015625,2296.6062733368285,2262.7172899720654,2271.5032460881375,4359000
2023-01-23,2341.47802734375,2348.3814931152315,2322.0233906317208,2323.2784617608927,6273600
2023-01-24,2368.463623046875,2394.1940733451866,2360.932737123038,2370.9739949629543,5965800
2023-01-25,2377.87744140625,2388.860060960975,2354.3434208064255,2360.3052960835744,4651500
2023-01-26,2343.6748046875,2383.839381046013,2331.1231734790917,2370.97426932037,5402100
2023-01-27,2338.65380859375,2371.6014347773266,2332.6919337972367,2362.8154777365066,5172300
2023-01-30,2343.6748046875,2353.402123523254,2322.337215492747,2340.850722139272,4700100
2023-01-31,2320.140625,2354.970974049432,2317.002602499994,2332.6920255267937,4230600
2023-02-01,2321.08203125,2357.795102588799,2318.257948839323,2343.3607503846188,4498500
2023-02-02,2350.26416015625,2359.363827824209,2317.630243135696,2326.7301406280644,8055300
2023-02-03,2413.335205078125,2461.658312683278,2385.0943831352956,2444.400109215237,15938400
2023-02-06,2408.0009765625,2472.013512295983,2406.11825492328,2456.9517391822224,10906200
2023-02-07,2418.66943359375,2445.9688948531643,2410.5111271232936,2416.1592915217934,4965300
2023-02-08,2411.138671875,2450.0484040621095,2400.7837032779225,2437.4967737584698,6189300
2023-02-09,2395.44921875,2416.1591536964715,2385.721671846765,2405.176535828851,5547900
2023-02-10,2407.373046875,2415.531582973558,2378.5048049712864,2394.193996928924,5591100
2023-02-13,2353.715576171875,2390.428645279362,2350.2640733182075,2373.170441537822,4707900
2023-02-14,2379.13232421875,2399.214840090375,2363.4431316105197,2384.7804887155694,3666600
2023-02-15,2342.105712890625,2377.249773453406,2331.123093416573,2372.542969368015,4960800
2023-02-16,2371.915283203125,2380.701239904249,2333.319494023183,2350.2639868338892,5519700
2023-02-17,2358.108642578125,2367.5222499337265,2343.046870809163,2353.4018389003245,3818700
2023-02-20,2322.96484375,2345.55750391942,2322.0234829096075,2334.26117383471,3834000
2023-02-21,2332.378173828125,2335.202256012301,2306.0200734424825,2324.219637576818,4459200
2023-02-22,2271.189697265625,2301.6269504728816,2268.05167499623,2289.0755508684815,7105800
2023-02-24,2308.843994140625,2317.943660659142,2271.5032779311978,2271.8169882104767,5084100
2023-02-27,2306.333984375,2314.178581183103,2284.682685746174,2306.0202740464892,2837700
2023-02-28,2296.920166015625,2318.2577523626996,2290.9582913731697,2306.0200629536002,3816000
2023-03-01,2314.80615234375,2319.512956232208,2284.6826074576175,2284.6826074576175,3587700
2023-03-02,2304.451416015625,2328.2991481788845,2293.15508554496,2322.023562244803,4110600
2023-03-03,2369.405029296875,2386.6632332623503,2335.829752300081,2345.557300021476,9315300
2023-03-06,2404.86328125,2413.6492393143485,2386.3497744391084,2393.253010787923,4661100
2023-03-07,2385.407958984375,2402.666161479659,2377.56336327277,2394.1939153743474,3895500
2023-03-08,2401.411376953125,2417.100800072128,2361.874223745743,2368.1500389582266,4572600
2023-03-09,2437.49658203125,2454.7550148851483,2433.1037186124763,2445.9688283988175,5012700
2023-03-10,2409.256103515625,2421.8077346174186,2393.252969211599,2402.666577625732,6550800
2023-03-13,2403.294189453125,2408.3147039183955,2370.6602708678174,2393.252930698164,4117500
2023-03-14,2359.363525390625,2379.7597496420444,2336.1434489822063,2375.994307000206,5118900
2023-03-15,2352.146728515625,2381.6426211283183,2342.4191811946216,2379.4461893902185,4105500
2023-03-16,2362.18798828125,2384.1532271168503,2291.899867515697,2309.7857229485735,6120300
2023-03-17,2415.2177734375,2417.7279153459212,2371.6012424299906,2390.7423959719044,7029900
2023-03-20,2407.68701171875,2435.6138931988044,2402.980208118247,2416.159258199655,5390400
2023-03-22,2471.69970703125,2480.7993747217015,2429.652182095489,2434.986636476533,6848700
2023-03-23,2469.81689453125,2478.916561886672,2449.106958057749,2458.520565545704,4838700
2023-03-24,2459.1484375,2470.44476855881,2449.1074075529095,2464.169182297989,4000800
2023-03-27,2444.714111328125,2460.4035353328018,2438.4382957613693,2459.775884828799,3617100
2023-03-28,2432.475830078125,2445.027228341406,2413.3349075073565,2441.5757259680163,4412700
2023-03-29,2459.1484375,2460.717448977427,2418.042497141182,2432.1629109646947,5506500
2023-03-30,2492.4140625,2502.5523440526495,2474.6723598392123,2498.116802364913,4720500
2023-03-31,2547.223876953125,2557.678900328679,2515.8588068264635,2518.710176837978,9909000
2023-04-03,2543.421875,2564.015178790185,2528.8482844049086,2550.7087863200804,5291700
2023-04-04,2525.363037109375,2538.9861702234125,2510.78944745145,2532.649947960865,5222700
2023-04-05,2471.821044921875,2499.3842882157605,2463.5836764741916,2494.948746429303,5144700
2023-04-06,2429.05029296875,2448.3761662076968,2410.991617829796,2440.138798445082,5432100
2023-04-07,2447.109130859375,2457.247180423705,2427.7830242900277,2434.1194793015443,3385200
2023-04-10,2442.673583984375,2468.335913465923,2435.069930804657,2461.3659753995416,2965200
2023-04-11,2496.215576171875,2518.709791278816,2476.889704178337,2479.1073587216792,5620800
2023-04-12,2492.731201171875,2493.998399432978,2472.1378951696556,2489.5628574514753,5325900
2023-04-13,2465.48486328125,2479.107999646719,2455.346580378395,2470.5538887101225,4551600
2023-04-14,2497.4833984375,2513.007446768875,2486.7114014323865,2513.007446768875,5446500
2023-04-17,2513.00732421875,2514.591495946974,2494.9486482882826,2500.9681295834134,3006000
2023-04-18,2509.205810546875,2521.2450066832203,2493.3647874248522,2518.7103780110674,3436200
2023-04-19,2500.017822265625,2523.145756289663,2482.59286039478,2514.9083876740383,3979800
2023-04-20,2490.830078125,2508.255038940304,2469.6030587561854,2474.672315464149,4053300
2023-04-21,2456.296630859375,2497.7999803314538,2454.078976109518,2468.3358253123233,5184900
2023-04-24,2447.74267578125,2467.068782838951,2444.891305760778,2464.850895904082,3087000
2023-04-25,2463.58349609375,2490.513022290658,2456.613558406861,2471.8208639383042,4202100
2023-04-26,2417.327880859375,2438.8716411904475,2402.1205752245164,2436.337012902948,5855400
2023-04-27,2427.782958984375,2430.3175873298183,2395.1506922452645,2413.5261096257723,4529100
2023-04-28,2496.532958984375,2501.2852423885042,2454.0791498924555,2471.187370147322,8098800
2023-05-01,2468.969482421875,2476.25616159103,2387.863698609442,2401.4870644466846,9792300
2023-05-02,2473.088134765625,2508.255029841078,2465.484481776338,2487.028242594343,6765600
2023-05-08,2471.187255859375,2495.265413311697,2466.751714205627,2492.0973018704926,6267000
2023-05-09,2490.513427734375,2491.46388448482,2460.732526902133,2476.8902916596985,5139600
2023-05-10,2444.57470703125,2479.107890837161,2435.3868813023873,2468.652866817976,5381400
2023-05-11,2441.72314453125,2456.9304509977737,2439.1885161051355,2444.891256030082,4727100
2023-05-12,2476.5732421875,2483.8599216715807,2445.8416563804594,2470.236787290621,7021200
2023-05-15,2505.720458984375,2505.720458984375,2472.7714499715735,2476.5732765534412,5170500
2023-05-16,2501.918701171875,2515.542068161415,2487.345109555829,2503.5028729728897,4929300
2023-05-17,2463.266845703125,2502.869050626259,2456.9303908155903,2497.4832844146767,6222000
2023-05-18,2537.71923828125,2540.2538666790792,2472.771444986956,2487.9787512837725,9485400
2023-05-19,2559.2626953125,2575.7371978272513,2538.3526516401016,2560.529893338234,6900600
2023-05-22,2576.37109375,2576.37109375,2537.0853996984183,2559.579616516095,5520600
2023-05-23,2550.39208984375,2589.994530036713,2540.2540396522627,2583.3413330788208,6356100
2023-05-24,2549.12451171875,2561.163705577831,2522.8284693601236,2547.8573136449218,5367600
2023-05-25,2568.450439453125,2578.5887203956145,2531.382632562071,2542.1546285775494,5736000
2023-05-26,2612.171630859375,2637.517219021152,2570.0347964804305,2581.440276346468,8146800
2023-05-29,2615.9736328125,2685.3569733145264,2609.320435778059,2665.0806406531674,6110400
2023-05-30,2632.130859375,2636.883142000283,2598.2313980113486,2613.7554439055893,4188000
2023-05-31,2597.597900390625,2645.4374721408153,2586.5091626551884,2612.171490979574,12428400
2023-06-01,2604.884765625,2608.05287690262,2573.2027246685398,2588.7270036325276,4728600
2023-06-02,2641.95263671875,2644.1702914624416,2615.339851614168,2626.4283573776966,5429100
2023-06-05,2703.098876953125,2703.4156185073566,2650.5070164704753,2672.0505471503056,6907500
2023-06-06,2722.74169921875,2723.0584407698357,2669.516124111207,2685.6738879831396,5154300
2023-06-07,2670.783203125,2730.9787139846762,2658.110525061142,2727.1768873610104,8626500
2023-06-08,2647.655517578125,2672.0504171948755,2632.1312374091926,2656.5263690710267,7234800
2023-06-09,2676.48583984375,2691.3764042272232,2658.7439056024887,2684.7232078923844,7742700
2023-06-12,2695.811767578125,2711.652788897142,2680.9214349424255,2683.4558312810123,3990600
2023-06-13,2718.305908203125,2724.325389392747,2693.2772947883063,2722.1077346481643,5168100
2023-06-14,2729.711181640625,2744.2847712323237,2708.167422728722,2735.4139208780357,5603700
2023-06-15,2699.296875,2744.28507890164,2698.980133466318,2713.5537246919016,6235500
2023-06-16,2678.703369140625,2698.6629572102647,2646.071104089409,2697.0790176157316,8821200
2023-06-19,2670.783203125,2691.376508018215,2652.4077851256443,2683.4558811888573,4268700
2023-06-20,2659.377685546875,2674.5849918259137,2638.1508978807433,2661.278598831755,4111800
2023-06-21,2629.596923828125,2643.2200590579096,2614.0726431702524,2632.765035451424,5221800
2023-06-22,2593.4794921875,2639.4181535578873,2591.578578861207,2601.083145492672,4671300
2023-06-23,2572.569091796875,2618.1910053535976,2558.9457268019855,2613.755464187232,5076600
2023-06-26,2563.381591796875,2586.192551456914,2558.31256699856,2569.0843317118847,3580800
2023-06-27,2548.174072265625,2569.0841168720567,2536.134878325689,2550.3917269209833,3506100
2023-06-28,2588.409912109375,2588.409912109375,2544.688911063455,2572.569124398136,4896600
2023-06-29,2601.716552734375,2619.1417457475263,2597.9147261926078,2607.7362661222246,4689600
2023-06-30,2609.31982421875,2613.755365217163,2562.747455893062,2585.241670323885,6694500
2023-07-03,2664.1298828125,2671.4167941844853,2628.012531564953,2629.5967032662725,5599800
2023-07-04,2640.685302734375,2659.377694110915,2627.062168163892,2659.377694110915,4677300
2023-07-05,2644.487060546875,2657.4767117126166,2624.527471510407,2629.596728184638,3993300
2023-07-06,2609.003662109375,2627.3790811061644,2597.281440065142,2613.755945646915,3918000
2023-07-07,2562.74755859375,2601.3995350130535,2562.74755859375,2581.7566892843824,5596200
2023-07-10,2519.977294921875,2571.301953497155,2516.1754683607433,2563.0648173114214,6153300
2023-07-11,2537.71923828125,2553.5602596887934,2519.6605620537807,2538.669694924801,4249500
2023-07-12,2503.18603515625,2536.1350438074655,2487.9787289956657,2535.184587172429,4238700
2023-07-13,2565.916259765625,2577.6384813121194,2500.9682328136187,2520.6110812830902,4985100
2023-07-14,2574.47021484375,2600.766026355763,2548.807886374992,2572.8860431454696,4454400
2023-07-18,2644.803955078125,2654.3085210019262,2581.1233633886563,2587.7765595353176,6614100
2023-07-19,2660.328369140625,2660.6451107001,2630.5474691519403,2656.5265422465336,5550600
2023-07-20,2607.736328125,2658.110531001137,2604.884958150879,2653.991730786241,3778500
2023-07-21,2605.835205078125,2609.3200578470723,2573.202707748447,2588.4100130531315,3978900
2023-07-24,2606.785888671875,2630.864046819453,2591.578582042861,2626.428505037629,3839400
2023-07-25,2616.607177734375,2634.665854224369,2608.369809355491,2621.359461021216,4591800
2023-07-26,2597.914794921875,2626.111753200974,2589.9944000986807,2621.0427283595395,4014300
2023-07-27,2588.409912109375,2596.6472795098566,2575.1035204867035,2576.0539770311802,4290300
2023-07-28,2591.57861328125,2603.617576477612,2538.3530394381296,2549.4415459587217,6855000
2023-07-31,2637.516845703125,2639.734500237048,2600.449041385135,2624.2104544094873,8421900
2023-08-01,2752.83935546875,2767.7299211750847,2710.7025189530705,2716.405259175272,15600600
2023-08-02,2673.000732421875,2727.493732831577,2668.2484493655097,2714.820823317889,7992900
2023-08-03,2595.38037109375,2654.625424962478,2592.5290011421257,2629.9135520483987,7972200
2023-08-04,2570.3515625,2604.568002424026,2563.381624308282,2594.429952698815,5616600
2023-08-07,2580.173095703125,2581.1235523650926,2528.214720833867,2545.6396822882457,4031100
2023-08-08,2608.686767578125,2614.0725339081114,2588.7271778909167,2596.6475726406547,4109100
2023-08-09,2600.44970703125,2620.7260406538844,2589.360967433113,2591.578854579805,3876900
2023-08-10,2584.925537109375,2591.578734150064,2553.243491742696,2571.6191430279973,5154900
2023-08-14,2551.97607421875,2606.785817717307,2545.3228777496506,2578.9056016262684,5148900
2023-08-15,2557.362060546875,2571.9356515864165,2548.8079508409332,2566.232911782455,3461700
2023-08-16,2523.462158203125,2545.00591750475,2521.561245089601,2534.550895380368,4947600
2023-08-17,2539.6201171875,2549.1246834943395,2497.8000254374065,2517.759614681769,4524300
2023-08-18,2532.0166015625,2539.303513474919,2503.186159548727,2513.957924599404,3297000
2023-08-21,2532.966796875,2546.906904124856,2509.5221237832116,2525.679885714497,3101400
2023-08-22,2544.372314453125,2564.9656181044884,2530.432206991964,2562.4309898265315,3168000
2023-08-23,2554.82763671875,2570.668659235262,2537.0857007820605,2545.9567847729527,2995500
2023-08-24,2548.490966796875,2569.4010126588323,2538.986400495985,2563.064789821623,4515900
2023-08-25,2513.9580078125,2518.0765762236256,2500.0178986627798,2508.2552675301276,4870500
2023-08-28,2562.1142578125,2577.321563446515,2512.6905145019514,2518.076280550619,4272300
2023-08-29,2549.12451171875,2569.4008411253058,2538.352747978558,2566.2327299182048,3239400
2023-08-30,2586.192138671875,2599.815271168301,2562.7474676371717,2564.0148976682653,5371800
2023-08-31,2593.16259765625,2605.8355082479297,2567.5002669689716,2575.1039205059433,5187900
2023-09-01,2583.974853515625,2605.2016410524066,2560.530179129946,2575.420743785792,4507500
2023-09-04,2639.41796875,2644.1702517329854,2588.72702761318,2597.9146200169066,6179700
2023-09-05,2679.654052734375,2681.554966044909,2630.2303066604914,2639.418131676433,5937300
2023-09-06,2705.633056640625,2744.9185166965167,2683.772555988264,2689.47529528888,7869000
2023-09-07,2570.985107421875,2685.990356219674,2560.5300848038933,2671.733507195154,11283300
2023-09-08,2581.757080078125,2585.875880381249,2533.6007630692634,2534.551219747663,10785900
2023-09-11,2581.12353515625,2606.78586485828,2573.8366234480536,2581.757018229949,5404500
2023-09-12,2596.013671875,2599.1820151843813,2561.7972348581434,2583.3409947726673,4032000
2023-09-13,2559.89599609375,2597.5975131375912,2551.975602917831,2553.559774371029,4665900
2023-09-14,2593.16259765625,2605.8355082479297,2560.2135870261013,2581.1236342527727,5645100
2023-09-15,2611.854736328125,2611.854736328125,2570.351387453934,2584.291494933105,10073100
2023-09-19,2619.458251953125,2646.7047504030697,2606.468601754014,2613.1217976044027,6095100
2023-09-20,2655.57568359375,2670.782988868446,2615.6565072476737,2629.596614431166,6704400
2023-09-21,2563.6982421875,2637.83385844694,2554.1936760003923,2634.0320319720972,7566600
2023-09-22,2580.173095703125,2605.8354255762506,2550.7089391821287,2553.5603091680314,6324600
2023-09-25,2590.628173828125,2604.5680504687,2575.7376084603725,2597.9148536940793,4257300
2023-09-26,2583.657958984375,2605.835435881379,2563.0648859236944,2605.835435881379,5184900
2023-09-27,2580.173095703125,2580.173095703125,2526.6305490488935,2550.391965598084,7010700
2023-09-28,2575.696044921875,2594.881862761144,2554.591645298679,2566.1031360022407,4771600
2023-09-29,2622.701416015625,2637.5704255065693,2571.379350998494,2632.2943253646213,8145600
2023-10-02,2620.78271484375,2683.6162682193963,2615.986260387594,2651.48002336315,6023100
2023-10-03,2587.687255859375,2644.285420120989,2582.890801260933,2621.742083508312,4979300
2023-10-04,2548.836181640625,2564.1848376083517,2512.383123717274,2535.406107668864,5998800
2023-10-05,2574.25732421875,2576.655551649548,2532.0485214367022,2564.1847690093978,5257700
2023-10-06,2546.917236328125,2569.940216995498,2511.423474465925,2567.0623444120765,7260100
2023-10-10,2601.59716796875,2609.2714958978613,2568.9812742700265,2570.8998562523043,5883100
2023-10-11,2588.646484375,2613.5880476856355,2563.225275616083,2611.66946589251,5858500
2023-10-12,2662.511962890625,2689.8517542588047,2590.5651435006785,2590.5651435006785,7826100
2023-10-13,2593.922607421875,2649.081834465794,2584.8093438233145,2633.2535345314523,8521100
2023-10-16,2568.02197265625,2571.3794911113478,2537.8043065603697,2562.2662267332253,6367900
2023-10-17,2602.556396484375,2639.009453272582,2591.524550351102,2624.6200887509212,4938700
2023-10-18,2619.823486328125,2630.375686382907,2576.175749737891,2590.0854679919216,4931500
2023-10-19,2552.673095703125,2577.6146592086798,2538.283732142228,2546.917350278766,4288900
2023-10-20,2524.853759765625,2539.243123898028,2480.726376426256,2522.9351778813048,5015400
2023-10-23,2490.3193359375,2519.098064781154,2487.921108533862,2511.4237370895125,4386900
2023-10-24,2487.441650390625,2497.514206244501,2433.721352503284,2493.6770421096912,6413300
2023-10-25,2493.677001953125,2511.423885790837,2484.563737279705,2501.83097560829,3152500
2023-10-26,2388.634521484375,2460.5813444206515,2379.0416117595382,2450.9884346958147,8196900
2023-10-27,2412.61669921875,2431.8025179004103,2386.715843998509,2389.1140713337168,8206000
2023-10-30,2417.4130859375,2418.372376844618,2382.8786132812497,2388.6343587239585,5837600
2023-10-31,2376.643310546875,2434.2007671090596,2360.815009992274,2418.3724665544587,9432100
2023-11-01,2635.172119140625,2697.5260280391108,2580.4925374911836,2655.7968736224316,18537100
2023-11-02,2691.770263671875,2705.200336263253,2616.9455735199126,2669.226927536348,12647700
2023-11-06,2765.6357421875,2780.9843970175384,2738.2959507714945,2739.7348871618105,8383900
2023-11-07,2736.377197265625,2766.594859566718,2736.377197265625,2759.879823499808,6014200
2023-11-08,2789.138427734375,2812.16141045686,2765.1561540651196,2772.3508361658965,7793300
2023-11-09,2818.876708984375,2853.8908317946284,2812.641317251042,2815.9988358766827,8059200
2023-11-10,2811.681884765625,2825.1119585925508,2784.821737111774,2810.7225937779876,5155200
2023-11-13,2792.495849609375,2829.428549784559,2792.495849609375,2825.1117406731737,4431500
2023-11-14,2776.188232421875,2811.2023549109554,2767.554613177992,2792.4961798825425,3624800
2023-11-15,2859.166748046875,2872.596821683062,2819.3561726253197,2829.908373339467,7313600
2023-11-16,2781.94384765625,2808.803995150862,2775.708456273572,2791.5367574757543,7216600
2023-11-17,2791.056884765625,2791.056884765625,2767.074612169254,2775.22858485202,5412000
2023-11-20,2753.1650390625,2808.8039144163763,2750.766811676557,2774.269440058798,4457700
2023-11-21,2757.96142578125,2777.1472443953803,2749.3278074048912,2754.124262058424,4092700
2023-11-22,2773.789794921875,2805.9260418974527,2749.327875582256,2749.327875582256,2921400
2023-11-24,2805.4462890625,2839.021471184978,2792.495861672401,2801.129479932467,5011400
2023-11-27,2780.984375,2823.6728209080716,2777.14721132287,2814.5595571748877,3565400
2023-11-28,2751.72607421875,2775.708347830557,2745.011037607444,2757.9614653578196,3182400
2023-11-29,2733.02001953125,2754.6040667195452,2721.508527697493,2726.7846281212983,3316800
2023-11-30,2766.115478515625,2786.260588641801,2743.572140993476,2758.920796327705,9739900
2023-12-01,2731.5810546875,2744.051837377908,2698.0058705210163,2733.4996366398705,5281400
2023-12-04,2742.61279296875,2765.635775491048,2710.9561920005904,2757.9614479836155,4721300
2023-12-05,2704.720947265625,2757.961597229534,2691.7705188960254,2745.9704598502753,4170200
2023-12-06,2773.789794921875,2779.065895171597,2716.711983129431,2716.711983129431,4121700
2023-12-07,2733.97900390625,2766.5948937774124,2721.0285770456417,2762.2780848238763,3879600
2023-12-08,2689.851806640625,2734.4588355310634,2673.5438605946583,2734.4588355310634,6879200
2023-12-11,2719.1103515625,2772.3510022986857,2717.6714150561165,2736.3775896391007,4286100
2023-12-12,2763.237548828125,2775.708331030786,2751.72605756413,2766.595067113457,4291100
2023-12-13,2754.124267578125,2774.7490226296504,2735.4180943918577,2770.911858899134,3854100
2023-12-14,2693.20947265625,2738.775794989704,2673.064361729881,2706.159901108916,5504100
2023-12-15,2707.119140625,2735.4182244834114,2693.6890669294826,2693.6890669294826,7205200
2023-12-18,2705.200439453125,2705.200439453125,2665.389865610109,2689.372139009516,3826700
2023-12-19,2712.874755859375,2721.508374247895,2663.4712728584,2689.8517734899883,3511700
2023-12-20,2717.67138671875,2762.758063448641,2710.4767042618523,2726.7846511641533,4770500
2023-12-21,2698.4853515625,2707.5986152808946,2680.258824125711,2680.7384695845735,2955400
2023-12-22,2725.8251953125,2733.0198773342645,2702.802212842854,2709.5172493965006,3772900
2023-12-25,2747.888916015625,2778.106580827806,2741.653524863905,2756.0428890601816,3348100
2023-12-26,2775.70849609375,2789.138570033723,2751.2465757030845,2762.7580676516327,4400800
2023-12-27,2826.550537109375,2854.849617660784,2812.161174117133,2813.6001104163574,5539000
2023-12-28,2888.425048828125,2895.1400854743547,2809.7631909722945,2812.161418345948,5276800
2023-12-29,2871.15771484375,2909.5293515272615,2853.8904783361695,2895.1399877709446,4866100
2024-01-04,2789.6181640625,2801.129655798659,2713.8341767994543,2724.3863775575996,6113100
2024-01-05,2789.138427734375,2801.1295645690025,2751.246435336952,2780.025163740058,4443100
2024-01-09,2770.91162109375,2866.8407061238263,2755.0833220637874,2864.4424789980744,6061500
2024-01-10,2840.940185546875,2857.7277773912347,2777.1473365383094,2777.1473365383094,4499100
2024-01-11,2865.8818359375,2895.140211166318,2831.827005753138,2874.0358093619247,4538400
2024-01-12,2857.248046875,2929.6745123908845,2848.1347830021405,2929.6745123908845,6119900
2024-01-15,2882.66943359375,2895.140216501144,2851.492476325265,2874.035814657862,624400
2024-01-16,2851.012451171875,2878.831886260699,2825.111597813315,2875.954013665303,8295100
2024-01-17,2775.228759765625,2873.0764381258373,2770.911950426204,2872.117147161521,7858700
2024-01-18,2780.5048828125,2801.12963871399,2750.287217189387,2762.7579998274973,3774800
2024-01-19,2851.4921875,2867.320487279226,2812.6409062237176,2814.0798425672833,7582100
2024-01-22,2926.796630859375,2943.1045766884836,2868.27988406081,2877.87279337205,7363300
2024-01-23,2985.313232421875,3005.4583409954157,2956.534505888245,2958.4530876571534,10049500
2024-01-24,2965.168212890625,3005.458431247599,2943.1045218856157,2992.987649375202,5997400
2024-01-25,2936.3896484375,2965.1683774323137,2921.0409929735993,2954.616176800882,5188300
2024-01-26,2862.524169921875,2915.2851717133303,2849.5737422094267,2913.3665898300046,5702500
2024-01-29,2900.89599609375,2901.855287097749,2855.809318905785,2865.881874447777,3686800
2024-01-30,2908.5703125,2913.3667675008246,2891.3030744970315,2905.6924394995053,3781200
2024-01-31,2892.26220703125,2892.26220703125,2853.890569127021,2874.0356790267415,5587100
2024-02-01,2877.39306640625,2899.9364026491394,2841.8993029599983,2863.0037028469587,4678200
2024-02-02,2941.18603515625,2970.924054428867,2889.38432416524,2900.8958154965753,6863600
2024-02-05,2926.796630859375,3013.1328146605365,2873.07633871643,2992.0284141758084,9672800
2024-02-06,2916.24462890625,2956.534850752981,2909.5295919317946,2922.959665880705,5862100
2024-02-07,2867.80029296875,2926.796686351449,2859.6463198995966,2922.9595225542002,5978000
2024-02-08,2951.738525390625,2958.453562659957,2888.4253168512096,2898.977518274445,5626300
2024-02-09,2894.1806640625,2973.801809278671,2893.221373156281,2973.801809278671,4608400
2024-02-13,2901.855224609375,2921.041044276214,2859.6464213423296,2901.855224609375,6790300
2024-02-14,2839.501220703125,2851.972003091348,2815.998592356089,2846.695902850177,6017100
2024-02-15,2896.099365234375,2904.7329837461702,2839.021553961952,2861.5648911871945,4924800
2024-02-16,2919.1220703125,2947.9007959481805,2885.5468904042064,2926.7963971486815,4473100
2024-02-19,2859.646484375,2898.01812455447,2842.858891796482,2896.0995425454967,3982700
2024-02-20,2837.10302734375,2864.922465312632,2822.713662877087,2849.0941643993024,5501700
2024-02-21,2854.85009765625,2863.4837169031944,2803.048382174584,2820.3156206684725,4639800
2024-02-22,2901.855224609375,2909.5295524761104,2844.7774111005297,2875.954368059143,5267100
2024-02-26,2902.814453125,2930.63389104325,2888.4250886845257,2914.325944677379,3708000
2024-02-27,2912.4072265625,2915.2850993160205,2883.6284990272975,2915.2850993160205,3898900
2024-02-28,2889.38427734375,2933.5116600654674,2889.38427734375,2920.0815870632055,3383300
2024-02-29,2899.936279296875,2905.692024475764,2851.012445276319,2877.8725894444674,5160000
2024-03-01,2905.6923828125,2922.0003294971525,2892.262309072198,2906.65167379395,4822000
2024-03-04,2898.97705078125,2922.000031991955,2893.221305478574,2914.32570492172,4050100
2024-03-05,2882.66943359375,2889.384470543885,2847.655312353759,2877.872978629368,4695500
2024-03-06,2844.297607421875,2866.840944276652,2834.70469812197,2837.1029254469463,5476500
2024-03-07,2738.2958984375,2872.116980179322,2727.743698443521,2863.0037165481585,7697800
2024-03-08,2771.87109375,2786.2604574483044,2724.8658390022065,2739.2552027005104,6489900
2024-03-11,2732.540283203125,2732.540283203125,2672.584598562017,2684.575735490239,5389200
2024-03-12,2715.75244140625,2724.8657046324456,2686.973715428791,2724.386059199488,4619000
2024-03-13,2729.662353515625,2744.531362997084,2704.2411437570013,2731.5809353842005,5120100
2024-03-14,2711.915283203125,2720.54890101311,2672.5843576243037,2709.9967014675726,5031900
2024-03-15,2721.988037109375,2756.5225108841546,2705.2004456910795,2711.4358367893033,5944000
2024-03-18,2785.781005859375,2790.5774607592707,2720.069573730805,2721.988155690763,5832100
2024-03-19,2792.975830078125,2803.5280313938933,2752.2059613581114,2761.798871645173,4279800
2024-03-21,2807.364990234375,2851.9720198075506,2802.5685354415605,2838.5419463876697,6283300
2024-03-22,2796.812744140625,2826.550763371755,2780.9844435821205,2799.2109714979742,5092100
2024-03-25,2734.938232421875,2788.658520396489,2734.938232421875,2787.219584111455,4550900
2024-03-26,2733.49951171875,2738.775611846651,2689.8517742970257,2692.2500016278896,4927200
2024-03-27,2757.96142578125,2777.1472443953803,2719.589788552989,2728.703052394701,5398100
2024-03-28,2744.888427734375,2759.8984014969024,2716.3210583153723,2740.530693416222,4904900
2024-03-29,2727.45751953125,2766.6771288126333,2721.647207045119,2750.2145767685956,2027700
2024-04-01,2765.224609375,2804.928412206159,2757.4775258957493,2764.7404166575466,5409300
2024-04-02,2728.909912109375,2759.4140505875316,2719.7102512985025,2750.214389776659,5120500
2024-04-03,2680.49072265625,2696.953274059847,2669.3542908244053,2680.49072265625,7061800
2024-04-04,2706.15283203125,2734.236006885036,2693.0796299441427,2711.4789514000713,6386400
2024-04-05,2633.52392578125,2668.8699906060397,2625.7768430799265,2657.733559222887,6211000
2024-04-08,2650.470703125,2666.449061401055,2644.1761983495844,2648.533932424872,3888300
2024-04-09,2663.0595703125,2664.9963409090906,2634.492204012784,2654.8282952769887,3826900
2024-04-10,2666.44921875,2689.2062758194115,2653.376015752678,2658.217942788723,2624300
2024-04-11,2667.417236328125,2687.2691344383907,2637.3972928443086,2641.2708339389947,2774900
2024-04-12,2741.0146484375,2787.49714380051,2709.5421255354618,2715.8366301158694,6911600
2024-04-15,2696.953369140625,2727.9417022869447,2684.848551505344,2713.4159211246074,4516400
2024-04-16,2734.72021484375,2734.72021484375,2653.860038519581,2668.8700113701752,5215700
2024-04-17,2705.668701171875,2735.204454710079,2692.1113061051583,2735.204454710079,4196000
2024-04-18,2699.8583984375,2725.52061061777,2686.7851960060416,2705.1845179466127,4762900
2024-04-19,2592.36767578125,2686.7852508237124,2570.579004617605,2672.259470047949,7923800
2024-04-22,2658.7021484375,2662.575690085196,2626.745429844006,2634.0083204334364,4578700
2024-04-23,2662.09130859375,2690.1744835479944,2651.9232624896267,2686.3009421749953,2944600
2024-04-24,2759.4140625,2764.7401819398137,2704.216097396473,2709.05802415994,6240200
2024-04-25,2732.783447265625,2775.876595176086,2726.97313518781,2769.5820904251195,4361400
2024-04-26,2776.36083984375,2780.718573983721,2711.9632131086228,2732.78349844404,7004700
2024-04-30,2811.70703125,2843.179557000172,2775.39257846134,2784.108047130618,8034900
2024-05-01,2784.591796875,2803.475309321205,2771.0344033238785,2798.633383052947,5845800
2024-05-02,2709.542236328125,2767.6453579077133,2709.058043648295,2758.445696990945,7626500
2024-05-07,2765.224609375,2775.3926564415165,2742.9517443721547,2754.5723695910306,6283900
2024-05-08,2734.72021484375,2758.4456558011407,2727.9415174273527,2746.3408389861456,6274300
2024-05-09,2696.46923828125,2773.455880207398,2695.0166601317,2741.499160917299,6329600
2024-05-10,2638.85009765625,2727.4573578160835,2633.0397855146216,2693.079677644782,8068000
2024-05-13,2695.98486328125,2725.5206169917665,2649.0181729546907,2649.0181729546907,5377400
2024-05-14,2708.573974609375,2733.7519951098557,2675.1646781760455,2677.1014489837744,5183700
2024-05-15,2717.773193359375,2752.1508695981984,2717.773193359375,2726.4886605748516,3518300
2024-05-16,2727.941650390625,2773.939956529622,2710.0265206312265,2758.445790251223,4052400
2024-05-17,2769.582275390625,2790.4025617266034,2745.3726401162317,2749.7303744656224,4623000
2024-05-20,2783.623779296875,2803.475679618874,2751.6670617053646,2751.6670617053646,3672100
2024-05-21,2840.75830078125,2873.199208596546,2833.495410971855,2866.904704095071,6864400
2024-05-22,2862.06298828125,2884.820044692892,2824.2959584917157,2833.011426904685,5495500
2024-05-23,2890.630126953125,2913.8713742050095,2858.673411981784,2885.3040077912347,5554100
2024-05-24,2901.766845703125,2909.998121587816,2843.1795291120893,2845.6004926075866,4292900
2024-05-27,2892.082763671875,2906.124350838539,2859.6418553902718,2905.1559655167002,2960300
2024-05-28,2886.272705078125,2922.587157834518,2883.851741561032,2900.3142934772636,2950100
2024-05-29,2851.89501953125,2902.251060623143,2851.89501953125,2869.3259568322896,3450000
2024-05-30,2824.780029296875,2845.1161213830023,2791.3707351553794,2803.4755518733127,5131300
2024-05-31,2872.715087890625,2886.272482541044,2838.8216012645767,2846.0844912558728,11252500
2024-06-03,2961.322509765625,2964.2276659230147,2873.199439658146,2873.199439658146,5555500
2024-06-04,2963.25927734375,2972.9431311912786,2925.4922473383886,2938.081257340176,4813700
2024-06-05,2922.5869140625,2943.8913912359176,2899.8298588999855,2939.0494646055954,4463600
2024-06-06,2933.2392578125,2959.3856625536478,2910.966394514485,2958.4172771928647,3723500
2024-06-07,2951.638671875,2956.4805988301755,2905.1561731053152,2910.966485451526,3356300
2024-06-10,2985.531982421875,3006.8364597534614,2951.638495757987,2953.575266424495,5063100
2024-06-11,2940.986328125,2974.879815607507,2933.2392452718555,2968.1011181110057,4713400
2024-06-12,3018.45703125,3045.57182010948,2957.4487563161692,2972.9429213787294,8967500
2024-06-13,3099.801513671875,3109.4853671978726,3035.88808040029,3046.5403192788876,8998500
2024-06-14,3129.821533203125,3156.936323713548,3076.560337557651,3077.5287229330233,9226200
2024-06-17,3135.6318359375,3154.999543386157,3096.896421040187,3115.295743116411,7020900
2024-06-18,3205.355224609375,3245.059020442905,3154.030805605056,3156.935961397753,9404500
2024-06-19,3198.576904296875,3232.4703925349586,3181.145967488718,3195.671748162182,4595800
2024-06-20,3251.837890625,3256.6798172042513,3181.145762567935,3189.861230410587,6244600
2024-06-21,3230.533447265625,3300.2571907317897,3210.197355421327,3273.1424016060587,9945800
2024-06-24,3239.2490234375,3263.458657394432,3198.5768383898544,3206.3239212560725,4673200
2024-06-25,3195.671630859375,3197.6084015447445,3162.746529208097,3187.9245481178978,6545400
2024-06-26,3195.671630859375,3205.355484286222,3163.7149145507815,3201.481942915483,6149000
2024-06-27,3195.671630859375,3202.4503282581677,3143.3788223544034,3171.4619972922587,8266200
2024-06-28,3216.976318359375,3223.75501620059,3195.6718394298427,3204.3873080828334,6487600
2024-07-01,3166.620361328125,3249.901508445623,3159.8416633069332,3224.7234872240538,4913900
2024-07-02,3257.6484375,3257.6484375,3166.6202112440546,3166.6202112440546,6667700
2024-07-03,3466.819580078125,3484.250516514272,3356.4236493158605,3360.2971907461156,12960500
2024-07-04,3489.0927734375,3518.1443369132494,3447.452199122259,3484.2508461915418,7887600
2024-07-05,3467.7880859375,3522.9860532367006,3450.3571488956472,3520.0808970630583,5697700
2024-07-08,3461.00927734375,3509.4285453535954,3452.293809101978,3466.8195895049316,5235000
2024-07-09,3491.029296875,3518.1440875303397,3455.1990377947295,3473.5983600251384,5783900
2024-07-10,3483.281982421875,3495.8709915326576,3448.42011103817,3465.8510467300225,5895400
2024-07-11,3580.12060546875,3608.2037803561166,3555.9109719451585,3587.8676881962992,7270700
2024-07-12,3463.914306640625,3533.638050022824,3459.072380016861,3512.333572878263,6342700
2024-07-16,3655.65478515625,3666.3070242653143,3541.385311077194,3568.5001015366306,8855200
2024-07-17,3670.180419921875,3695.35843863374,3626.603079843647,3695.35843863374,6317200
2024-07-18,3584.962646484375,3640.1606126782185,3522.0175973159567,3535.5749925214623,5843800
2024-07-19,3531.701416015625,3605.2987035443302,3531.701416015625,3565.5949036933184,5378100
2024-07-22,3467.7880859375,3514.270584715774,3440.6732949835064,3496.8396476739213,4116200
2024-07-23,3482.313720703125,3553.974236646404,3468.756325794937,3546.227153841725,4419400
2024-07-24,3464.8828125,3539.4484850999165,3458.104114990917,3461.9776564246786,5592800
2024-07-25,3311.8779296875,3401.9377681263704,3285.7315249794406,3401.9377681263704,7091900
2024-07-26,3296.3837890625,3350.613369611119,3246.9961353485787,3285.731550026164,5232000
2024-07-29,3433.894287109375,3473.5980845632625,3400.000801478008,3431.957516501868,6163700
2024-07-30,3402.906005859375,3451.3252717367136,3362.2338225224103,3400.0008499067344,6173300
2024-07-31,3245.059326171875,3270.237345414032,3144.347249203246,3147.252405269649,13158900
2024-08-01,3090.117431640625,3208.260435921464,3029.109158938225,3205.3552800784923,10440400
2024-08-02,2894.019775390625,3012.646987197669,2871.746911132976,2988.437352135007,9366000
2024-08-05,2500.370849609375,2800.0861005598404,2464.056400786621,2748.7616795570143,13805700
2024-08-06,2693.07958984375,2807.8332508996596,2617.5455344651764,2694.0479751691164,9383700
2024-08-07,2787.9814453125,2840.2742546375694,2642.7236416317514,2657.733614678762,8828800
2024-08-08,2711.478759765625,2757.9612527901786,2649.986295035226,2705.668448137556,7344000
2024-08-09,2675.648681640625,2786.0446098733546,2631.1029562133835,2777.329141854981,7279000
2024-08-13,2800.086181640625,2820.9064662352207,2751.6669151415654,2758.929805116424,6082300
2024-08-14,2854.7998046875,2870.293969163416,2811.2224670989867,2856.7365752469896,4881500
2024-08-15,2802.991455078125,2850.9265309207117,2799.117913595896,2833.4955942506804,6088900
2024-08-16,2986.50048828125,3001.9946542386106,2863.5155459947005,2894.5038779094216,6912400
2024-08-19,2849.473876953125,2973.9113937546463,2844.147757556951,2973.9113937546463,6466900
2024-08-20,2863.999755859375,2931.3025396403477,2847.5372044309356,2924.523841993343,5537300
2024-08-21,2835.432373046875,2847.5371902132297,2802.991463041045,2837.3691437934917,4646300
2024-08-22,2824.780029296875,2853.347396751197,2808.3174785604856,2836.4006533460906,5741200
2024-08-23,2825.26416015625,2855.284104959967,2785.560362190044,2847.5370224299754,5873000
2024-08-26,2750.21435546875,2813.643595005089,2741.01469477264,2808.3174756547096,5180800
2024-08-27,2772.4873046875,2779.266002253973,2736.657046121856,2769.5821485875827,3610900
2024-08-28,2784.10791015625,2790.402414996603,2751.182807914402,2787.013066236413,3951800
2024-08-29,2819.938232421875,2830.590471624018,2763.287687574114,2779.2660463773286,5892100
2024-08-30,2937.11279296875,2943.891490479723,2849.4739180054557,2856.736808195784,10486400
2024-09-02,3004.89990234375,3049.445630834827,2978.7534964902916,2999.0895899318703,8017000
2024-09-03,2985.531982421875,3028.140937085048,2959.3855784240186,3003.9313037536995,4723600
2024-09-04,2850.926513671875,2901.282552636188,2828.1694576014643,2857.7052112247634,7278000
2024-09-05,2802.50732421875,2856.736906166314,2780.2344602045723,2808.3176365702748,6234500
2024-09-06,2741.498779296875,2804.928016331119,2724.552036577802,2796.6967412961408,5309000
2024-09-09,2698.40576171875,2703.731881112058,2568.642125590879,2604.4723833276794,7899100
2024-09-10,2615.124755859375,2708.57394635759,2614.640563162493,2700.342670510597,8499800
2024-09-11,2562.34765625,2649.9865311141816,2537.653829630811,2615.60885091884,6772500
2024-09-12,2698.889892578125,2716.320828375185,2641.7551585766505,2682.911534764153,8289400
2024-09-13,2640.302734375,2689.6903886765313,2622.8717975626946,2681.4591129596092,8050200
2024-09-17,2551.6953125,2617.545514112903,2510.0547438330173,2591.8833031902277,10088900
2024-09-18,2561.37939453125,2600.1148107056356,2534.74879591136,2600.1148107056356,5047500
2024-09-19,2581.231201171875,2628.197891570238,2581.231201171875,2609.798569558508,7482200
2024-09-20,2662.09130859375,2713.4157317859904,2646.597143101753,2676.6170887424973,9731800
2024-09-24,2715.3525390625,2744.404099751471,2702.279336752463,2741.498943682574,7356000
2024-09-25,2712.447265625,2731.330779255735,2690.174403393877,2722.1311187689666,4679300
2024-09-26,2821.390869140625,2821.390869140625,2760.382588805681,2760.866781506752,7924500
2024-09-27,2910.826904296875,2910.826904296875,2838.007359511745,2868.7968314678737,7326000
2024-09-30,2743.1953125,2762.7441834246392,2717.2930585248528,2725.1126068947087,8453900
2024-10-01,2827.25537109375,2827.25537109375,2750.526055058881,2756.3907161570874,5598800
2024-10-02,2715.826904296875,2757.8569769564992,2688.458484890608,2729.5111140000085,10017300
2024-10-03,2761.766845703125,2814.548799222137,2747.5939137396863,2808.6841377200244,6644300
2024-10-04,2733.90966796875,2782.2931247311576,2729.9998936849192,2771.052523665144,6779700
2024-10-07,2786.69140625,2811.6162153904334,2781.315467023632,2805.262832668362,5839800
2024-10-08,2729.51123046875,2743.195440755791,2710.4510804260854,2729.999952264716,5550600
2024-10-09,2804.774169921875,2808.195222228802,2747.1050024622514,2754.4358288342373,6085500
2024-10-10,2817.48095703125,2850.2253150748047,2792.0674254153564,2847.29298450374,5368300
2024-10-11,2788.646484375,2821.390843725355,2783.7592665615143,2818.9472348186123,4806200
2024-10-15,2802.8193359375,2827.7441460739974,2776.917082266238,2818.947154261116,5463000
2024-10-16,2742.70654296875,2779.3606753141985,2726.090002972147,2737.8193253226905,5983900
2024-10-17,2743.1953125,2751.0148608698555,2730.4885463989845,2743.1953125,3771900
2024-10-18,2720.714111328125,2774.962228151804,2708.4960669984675,2771.5411757395,5467400
2024-10-21,2765.187744140625,2770.074961786685,2727.067446501359,2735.8644382642665,4204000
2024-10-22,2750.526123046875,2772.518602708764,2717.7817644391744,2771.052437397971,4363200
2024-10-23,2730.488525390625,2788.64641594396,2728.0449165438463,2737.3306301616058,4819300
2024-10-24,2719.73681640625,2733.909748603156,2684.548846813932,2709.962380408384,5406600
2024-10-25,2693.345703125,2723.1577314121755,2668.4208925898206,2711.4284088073855,3986700
2024-10-28,2714.360595703125,2751.014726901853,2660.601203278324,2666.954586019437,4927400
2024-10-29,2721.202880859375,2732.9322036217,2685.0374690088734,2704.586340279415,4951000
2024-10-30,2690.902099609375,2735.8645030173047,2686.5036036238166,2728.0449545985343,10750900
2024-10-31,2645.939697265625,2664.511124767674,2616.1276689070723,2619.0599995652906,8619000
2024-11-01,2569.210205078125,2606.841779320281,2556.9921614930095,2590.225240044524,8306200
2024-11-05,2738.30810546875,2738.30810546875,2560.902101134437,2562.8569882345396,10957800
2024-11-06,2696.7666015625,2722.1801324217336,2659.623748768236,2695.3004363206214,7802700
2024-11-07,2714.360595703125,2725.1124741880853,2669.398194766019,2716.804204449707,6127300
2024-11-08,2641.052490234375,2718.7592529929366,2631.2780546672607,2716.315644101158,6370300
2024-11-11,2630.789306640625,2650.3381775798084,2610.7517139279616,2639.097576789778,4359600
2024-11-12,2585.338134765625,2646.9170771059785,2568.721594769022,2621.9922671110735,7484900
2024-11-13,2539.3984375,2604.3984359964397,2529.624001635874,2599.5112180643764,5679500
2024-11-14,2553.5712890625,2603.4209103992225,2553.5712890625,2582.4058739533493,4672400
2024-11-15,2574.586181640625,2587.2929471536577,2550.6388158660634,2550.6388158660634,3885500
2024-11-18,2549.1728515625,2597.5563086761285,2529.6239800014378,2531.5788671575438,4927600
2024-11-19,2519.849365234375,2551.6162792646765,2517.4057564628133,2541.3531224241174,4413300
2024-11-20,2503.23291015625,2524.247946301646,2494.435918281433,2516.9171197392984,3967600
2024-11-21,2512.030029296875,2538.4210062583597,2507.1428113410448,2511.541307501292,3918900
2024-11-22,2504.21044921875,2524.2480425868157,2492.4811262715893,2506.16533637661,4520500
2024-11-25,2505.676513671875,2615.1501901030238,2504.699070132311,2535.977263398354,15066200
2024-11-26,2468.53369140625,2482.2179011388525,2427.969783984607,2474.887074496387,10562000
2024-11-27,2451.9169921875,2495.901949193056,2447.5184964869445,2481.240296857871,3336100
2024-11-28,2433.345703125,2454.8494610959783,2426.5035983160524,2434.8118684412034,4859500
2024-11-29,2453.38330078125,2458.27051851189,2413.7968371630664,2428.94721212805,4489500
2024-12-02,2438.23291015625,2483.1953129893577,2411.35321281037,2469.5111034314555,5949700
2024-12-03,2495.413330078125,2513.984757133152,2477.330624787704,2487.1050600798235,6503400
2024-12-04,2467.067626953125,2483.6841680221437,2439.2104845727113,2478.7969500606678,3863500
2024-12-05,2467.067626953125,2483.6841680221437,2451.4285294764018,2474.887175691487,4260800
2024-12-06,2453.8720703125,2481.240490136738,2442.1427475306837,2467.0675584420437,3670600
2024-12-09,2448.49609375,2466.0900776571857,2442.6314324476048,2463.157747005988,3285300
2024-12-10,2471.954833984375,2516.4285172371583,2458.270623752749,2491.0149839498536,4701000
2024-12-11,2457.293212890625,2482.706746516383,2445.5638896787364,2472.443588705981,3624600
2024-12-12,2471.954833984375,2499.3232544476264,2466.578894250522,2492.4811493318134,4182100
2024-12-13,2436.7666015625,2463.6462973278303,2424.0598362916166,2436.277879821312,6434200
2024-12-16,2414.285400390625,2445.07487007172,2408.4207394989876,2434.811713511355,3299100
2024-12-17,2405.977294921875,2439.6990973491775,2389.8494763696867,2414.2855650851234,4882500
2024-12-18,2411.842041015625,2433.834521632789,2401.578883394282,2403.0450487687594,4142000
2024-12-19,2365.90185546875,2372.7439595746296,2309.21013573432,2315.563518118351,6912200
2024-12-20,2384.96240234375,2401.090221867796,2361.5037557633195,2376.1654098760887,7335100
2024-12-23,2424.059814453125,2432.8568057152534,2389.8492928781816,2416.728988401351,4310000
2024-12-24,2409.886962890625,2422.593728462549,2391.8042580382717,2415.262902171054,2610200
2024-12-25,2424.059814453125,2433.345527452038,2400.1124493506645,2430.901918768114,3297300
2024-12-26,2430.902099609375,2435.300595567655,2413.3081157762554,2414.2855593225395,3827900
2024-12-27,2507.63134765625,2512.029843491157,2449.473458283595,2463.157667547749,6919700
2024-12-30,2501.7666015625,2529.623740903985,2494.924497162837,2521.804193018656,4250600
2025-01-06,2470.48828125,2518.8717312685462,2447.518360534125,2508.119853486647,8481800
2025-01-07,2559.435791015625,2567.7440607210415,2481.2403114352355,2488.0824158985197,7539100
2025-01-08,2544.28564453125,2563.8345161757466,2528.646547215653,2559.9247418468476,5882200
2025-01-09,2513.00732421875,2528.6464207522,2495.413340618619,2521.8043160188154,5037000
2025-01-10,2465.601318359375,2522.781765187531,2462.180265985041,2503.7216162448126,5769400
2025-01-14,2441.165283203125,2479.2855819198103,2419.1728031742678,2464.13520678882,5308100
2025-01-15,2413.30810546875,2473.420883308494,2402.5562265055437,2450.450960068917,4905000
2025-01-16,2304.811767578125,2317.0298112993833,2266.2027494189497,2279.8869583867586,31771100
2025-01-17,2300.413330078125,2317.0298699597174,2256.428371568027,2304.8118259291346,12787800
2025-01-20,2364.435791015625,2374.6989476116005,2312.1425645504182,2316.5410602344073,7620100
2025-01-21,2367.85693359375,2402.556178647446,2358.082498367357,2394.7366304663315,5673100
2025-01-22,2432.85693359375,2437.7441512184864,2406.4659584201736,2416.72911543212,8170400
2025-01-23,2443.119873046875,2480.2627236873154,2436.7664907004837,2474.8867847788306,7176300
2025-01-24,2483.1953125,2487.593808428459,2461.2028328577053,2474.398320643082,10289800
2025-01-27,2459.247802734375,2510.563585581575,2450.9395331305427,2491.5034376669005,7092000
2025-01-28,2458.2705078125,2481.72915281747,2424.0599838469184,2424.0599838469184,6932900
2025-01-29,2499.3232421875,2499.3232421875,2454.360837361288,2460.225498860359,6169900
2025-01-30,2440.187744140625,2476.84187608746,2436.277970066296,2470.9772149759665,5660400
2025-01-31,2413.796875,2450.451008554363,2412.81943143855,2428.458528421745,6036800
2025-02-03,2314.586181640625,2344.3982080511146,2293.082424885518,2336.089938395732,13264700
2025-02-04,2443.119873046875,2481.728888844175,2422.593560850842,2459.2476897723295,17347100
2025-02-05,2395.714111328125,2465.1126025171484,2389.8494501008836,2464.623880748212,8928200
2025-02-06,2447.5185546875,2469.0223119571187,2397.668935562475,2399.623822586986,7739600
2025-02-07,2469.510986328125,2486.616247464378,2435.30046405562,2437.7440727893704,5542400
2025-02-10,2593.15771484375,2593.15771484375,2535.9772676826647,2543.3080942417782,14406900
2025-02-12,2622.48095703125,2734.8869615256945,2600.9771996497043,2717.29297821352,13194100
2025-02-13,2654.736572265625,2674.7741642138744,2637.631310846388,2663.5335638526612,6248200
2025-02-14,2631.278076171875,2709.4735613478592,2630.300632607175,2703.6088999596604,6579500
2025-02-17,2686.9921875,2706.052335792561,2626.390690364678,2631.277907875591,6077700
2025-02-18,2673.796630859375,2724.1349699159487,2666.954526521588,2681.127456935575,6760700
2025-02-19,2692.3681640625,2700.676433946156,2656.691475738564,2667.932076169393,5293300
2025-02-20,2658.646484375,2671.3532506606157,2629.3231775620407,2658.646484375,6011000
2025-02-21,2657.180419921875,2657.180419921875,2619.548841416452,2632.255608184517,6320300
2025-02-25,2637.142578125,2682.104979382876,2595.1125073839416,2599.511003159169,7915500
2025-02-26,2599.510986328125,2636.6538393006645,2575.074898846191,2626.879404307891,5461400
2025-02-27,2588.75927734375,2616.127697115555,2566.7667971699784,2606.8419832644067,4185800
2025-02-28,2492.9697265625,2543.79679018973,2480.2629606556925,2512.5185971883575,7529700
2025-03-03,2510.563720703125,2545.2629662102154,2502.255450652132,2533.044922017578,4270300
2025-03-04,2467.55615234375,2521.8042673982472,2448.007282053841,2492.480961963384,4402600
2025-03-05,2504.21044921875,2510.563832481795,2450.9397741670628,2462.6690971142234,5626000
2025-03-06,2559.924560546875,2597.556135797373,2530.6012551568765,2534.511029208876,6422600
2025-03-07,2516.917236328125,2529.1352811646693,2451.4285160042477,2462.1803954604065,8503100
2025-03-10,2578.984619140625,2593.646271324483,2507.1425234397207,2513.984627792188,5461800
2025-03-11,2543.30810546875,2543.796827241515,2489.0599886918417,2530.1126176040966,9389800
2025-03-12,2544.28564453125,2564.8119597579716,2486.127751388872,2508.120231988931,5534500
2025-03-13,2447.5185546875,2572.1426025000624,2447.5185546875,2567.744106694913,7491100
2025-03-14,2439.69921875,2459.248090695112,2400.1127530611475,2400.1127530611475,8346000
2025-03-17,2443.60888671875,2474.88708046875,2443.60888671875,2459.24798359375,5828300
2025-03-18,2449.4736328125,2495.413481472591,2442.631527692912,2492.481150707053,5884800
2025-03-19,2462.6689453125,2479.7742068893876,2446.5411272542915,2446.5411272542915,6198500
2025-03-21,2443.119873046875,2448.007090236407,2416.240178504451,2425.037169445608,8474700
2025-03-24,2414.774169921875,2430.413265942417,2403.044847906468,2427.4809354385657,5587200
2025-03-25,2427.48095703125,2463.1576451454603,2426.0147917662825,2439.6990009059796,6252400
2025-03-26,2453.38330078125,2462.6690144694658,2425.5261597166023,2441.1652564546503,6548300
2025-03-27,2444.58642578125,2445.5638693741253,2412.819509012801,2423.57138853443,6513300
2025-03-28,2391.16357421875,2425.7894431048303,2363.957534379687,2424.800132565228,8457700
2025-03-31,2280.85546875,2333.288927801724,2280.85546875,2325.8690986906313,9423800
2025-04-01,2308.55615234375,2343.1820213525484,2300.1470127273274,2302.6202890850986,7641500
2025-04-02,2355.0537109375,2370.882679379004,2314.4919793061463,2348.623192508139,7308100
2025-04-03,2213.582275390625,2246.7241776143505,2192.312099336592,2229.411243616882,10214900
2025-04-04,2079.53076171875,2141.857325937723,2027.09730293136,2126.523012518769,13571300
2025-04-07,1843.580078125,1907.3906040381003,1828.2457656962704,1871.775426784277,14901800
2025-04-08,1981.09423828125,2014.2361393960673,1921.7356094188904,1922.7249198999298,11905300
2025-04-09,1850.5052490234375,1919.26232724163,1820.3312794456697,1910.3585329399934,11481000
2025-04-10,2067.164306640625,2111.6832795043856,2031.0544730955744,2107.7260374720513,11768700
2025-04-11,1974.1690673828125,1981.5888959998863,1915.305093687359,1931.1340614037833,10716300
2025-04-14,2006.81640625,2069.637624784323,1993.9553693847054,2033.5277905086887,11289300
2025-04-15,2025.61328125,2045.8941468253968,2003.8484499007936,2009.7843129960318,6651800
2025-04-16,2018.1934814453125,2040.9476236380783,2004.8377892886892,2018.1934814453125,5884300
2025-04-17,2061.72314453125,2063.701765591261,2013.741583825988,2020.1721022710233,5179300
2025-04-18,2081.0146484375,2089.4237877347277,2053.313954281926,2077.5520616680533,4945600
2025-04-21,2016.70947265625,2052.8193062358196,2008.3003333295007,2047.872753690673,3485300
2025-04-22,2006.81640625,2022.1507194355436,2000.8805430814025,2013.2469246826472,3826200
2025-04-23,2052.32470703125,2110.1993733900485,2052.32470703125,2105.7474759778333,6532300
2025-04-24,2118.11376953125,2133.942737449279,2104.2634226029745,2119.103080026127,5727100
2025-04-25,2196.269287109375,2217.5394626376865,2160.6541094805743,2167.5792829083966,7636400
2025-04-28,2176.977783203125,2229.9058956327394,2176.977783203125,2229.9058956327394,5607000
2025-04-30,2190.33349609375,2198.742635532231,2166.5900435615686,2177.967114566572,10085100
2025-05-01,1909.8638916015625,1920.7463069383236,1805.9862906597527,1810.438187842973,51231100
2025-05-02,1969.7171630859375,1969.7171630859375,1905.4119819706257,1910.3585343641112,24749800
2025-05-07,2023.6346435546875,2033.527748631953,1983.5675679917615,1985.0515337533514,22519600
2025-05-08,1984.062255859375,2017.2041584129972,1963.286734855612,2013.2469163170422,13703700
2025-05-09,2008.30029296875,2029.570468485414,1986.0408069629386,2024.1292607951045,12263500
2025-05-12,2049.356689453125,2054.797897173131,2007.805648682171,2008.3003039294445,8723500
2025-05-13,2107.2314453125,2134.932140368251,2085.961268751834,2117.124550689554,16513300
2025-05-14,2061.228515625,2110.199387486501,2034.517130973272,2104.2635242305614,9912900
2025-05-15,2014.2362060546875,2039.4636241560602,2008.3003429720118,2025.6132769631497,9888400
2025-05-16,2003.353759765625,2020.6666934919945,1984.062205041956,2008.3003122588734,8793400
2025-05-19,2058.755126953125,2073.5947842833975,1990.492703233872,2003.3537395867745,11040900
2025-05-20,2042.9261474609375,2066.669599053704,2029.0758006984906,2052.324597049741,10406500
2025-05-21,2055.787109375,2088.434354134083,2055.787109375,2069.142800412807,8949100
2025-05-22,2056.776611328125,2084.4773064301876,2033.52781365318,2034.5171241925393,8672200
2025-05-23,2031.054443359375,2085.9611757541365,2031.054443359375,2077.5520365585426,5809000
2025-05-26,2036.4957275390625,2050.346074969496,2018.1934827202758,2043.9155565196518,5849800
2025-05-27,2058.755126953125,2067.164266106946,2033.5277094916619,2037.9796066907436,5548600
2025-05-28,2085.961181640625,2108.220667809425,2064.1963507200207,2067.6589374573896,7356200
2025-05-29,2138.39453125,2143.3410834851375,2122.0709088740455,2125.0388402151284,7754100
2025-05-30,2109.2099609375,2163.127382546831,2109.2099609375,2128.0068602141473,15889000
2025-06-02,2046.3887939453125,2064.6910384161797,2038.968965105772,2042.926207153527,6798100
2025-06-03,2046.3887939453125,2081.014661863169,2046.3887939453125,2070.626901487812,6479500
2025-06-04,2055.787109375,2072.605386978164,2053.313833256888,2068.153489965562,9094700
2025-06-05,2033.5277099609375,2044.9047805834387,2025.118570805176,2028.0865022719154,9112400
2025-06-06,2059.249755859375,2060.733721573422,2043.4207882428725,2054.303203479218,8231500
2025-06-09,2083.488037109375,2094.8651085370852,2071.616310402199,2083.9826923888404,6001600
2025-06-10,2098.32763671875,2129.490918452197,2089.4238419377652,2104.2634999060733,5689100
2025-06-11,2140.373291015625,2152.245017150216,2122.5657018137385,2122.5657018137385,6049500
2025-06-12,2116.6298828125,2170.0526515303663,2115.1459170147814,2151.750406691838,7045800
2025-06-13,2058.755126953125,2118.1137562742147,2044.9047801115373,2109.2099618760512,8186200
2025-06-16,2061.72314453125,2077.552113011336,2053.314005026204,2066.175041916274,6301600
2025-06-17,2084.971923828125,2100.800892170355,2068.6483002252003,2082.0039922639567,5588300
2025-06-18,2103.274169921875,2113.16727514258,2071.616233215619,2077.552096348042,6185600
2025-06-19,2059.249755859375,2102.779416804757,2053.3138930031864,2102.284761566741,5084400
2025-06-20,2041.4422607421875,2063.20709221121,2040.9476054815277,2059.7445053865927,8199600
2025-06-23,2028.5811767578125,2028.5811767578125,1996.9232408123114,2027.0972110103671,5535700
2025-06-24,2053.80859375,2062.2177329825986,2041.9368677745665,2054.797904247953,5867400
2025-06-25,2071.6162109375,2081.5093160518145,2048.862069174576,2081.014660796099,5713100
2025-06-26,2095.359619140625,2103.274103065613,2072.1108226109723,2078.0466855547133,6121400
2025-06-27,2140.373291015625,2156.2022591950795,2125.0389780917785,2128.996220136642,8148000
2025-06-30,2130.974853515625,2153.728995405532,2114.156574727433,2149.2770980792457,7278300
2025-07-01,2094.370361328125,2121.081745246812,2073.59484050248,2120.092434731305,4857600
2025-07-02,2078.541259765625,2083.9824672519226,2053.313843238246,2072.1107418272736,6142900
2025-07-03,2133.447998046875,2134.9319637306544,2071.616094556066,2078.5412677470367,7346800
2025-07-04,2107.72607421875,2156.696945222659,2107.72607421875,2156.696945222659,4345500
2025-07-07,2063.70166015625,2107.231321252547,2058.7551077589437,2099.3168374168563,4188300
2025-07-08,2098.822265625,2100.3062314031936,2066.669673764141,2067.6589842829367,5169500
2025-07-09,2129.985595703125,2140.868011658877,2113.1673164987806,2122.071111371669,5087300
2025-07-10,2108.220703125,2121.576395050006,2095.8543217129577,2118.113808254634,5694400
2025-07-11,2145.814453125,2145.814453125,2113.6618621952803,2141.857211164419,4864500
2025-07-14,2100.80078125,2133.9426819666824,2100.3061260154227,2119.5976801639395,3985400
2025-07-15,2116.6298828125,2116.6298828125,2089.4238431876606,2101.790224835315,3963700
2025-07-16,2110.19921875,2152.244913450832,2109.209908286451,2140.8678431200187,3850800
2025-07-17,2128.0068359375,2134.4373540377296,2086.9504511437267,2087.445106382206,4463400
2025-07-18,2141.857177734375,2155.7075243802324,2133.44803869939,2151.255627244064,3785800
2025-07-22,2121.576416015625,2174.5045289822074,2109.7046897427467,2142.846592254532,5221100
2025-07-23,2208.6357421875,2223.4754000297453,2162.6328028765397,2198.7426369593363,11021500
2025-07-24,2234.357666015625,2271.9514633627996,2234.357666015625,2254.638530373969,7382400
2025-07-25,2189.34423828125,2212.5930361120722,2182.4190644593027,2207.151828109114,6735500
2025-07-28,2213.582275390625,2231.389864645164,2194.2907203648742,2196.2693413931565,5070500
2025-07-29,2201.2158203125,2213.087546084972,2165.1059877545645,2202.2051307935394,6740100
2025-07-30,2133.447998046875,2255.6278393447137,2082.4985095704483,2211.108868831331,18261800
2025-07-31,2243.261474609375,2273.4354437276047,2214.5714711854844,2250.681303081071,14690800
2025-08-01,2283.8232421875,2303.609451779768,2252.165306839872,2275.4141031107865,9913300
2025-08-04,2246.72412109375,2254.143949763148,2216.0554959269043,2225.9486008194353,8218700
2025-08-05,2275.4140625,2298.1682031249998,2258.1011294157606,2261.5637160326087,6418300
2025-08-06,2288.769775390625,2302.6201219890554,2265.5209793146882,2266.5102897860047,5488700
2025-08-07,2333.783447265625,2368.9039696810255,2304.104132548385,2319.93310039758,9274000
2025-08-08,2382.259765625,2406.003218438538,2326.363720459796,2333.7835494640262,9175300
2025-08-12,2360.494873046875,2406.0031564333613,2358.5162520300714,2390.1741882989313,6947000
2025-08-13,2400.56201171875,2437.661156758706,2389.6795958403627,2394.1314932451573,7319500
2025-08-14,2359.010986328125,2388.6903025746524,2356.0430547034725,2378.7971971591433,5543400
2025-08-15,2374.34521484375,2381.270388387044,2357.5269362386066,2359.010901997884,4210400
2025-08-18,2417.380126953125,2420.8427135888264,2379.786329194083,2381.7649501287697,4552300
2025-08-19,2399.077880859375,2407.9816750563787,2385.722189563869,2395.615294227207,4398100
2025-08-20,2364.4521484375,2403.529914070672,2356.04300899745,2389.18491149647,4696300
2025-08-21,2364.94677734375,2368.409364133419,2339.224704049068,2354.559016974744,3220800
2025-08-22,2364.4521484375,2380.77577205642,2351.5911116468355,2360.494906348065,3549300
2025-08-25,2402.54052734375,2413.917597990014,2382.7543175241594,2387.700869979057,3328800
2025-08-26,2398.583251953125,2408.9710119636457,2377.8077319320832,2401.0565281461063,4413600
2025-08-27,2401.056640625,2401.056640625,2382.259740677792,2398.583364316157,3953500
2025-08-28,2414.412353515625,2415.8963193137292,2390.174245479922,2402.045971864756,4153500
2025-08-29,2406.003173828125,2436.671799810309,2406.003173828125,2433.703868263646,4243400
2025-09-01,2392.15283203125,2413.423008163869,2377.313174264307,2400.561971432518,4083000
2025-09-02,2409.4658203125,2431.230652193787,2393.636851671564,2397.5940938317976,3885700
2025-09-03,2398.088623046875,2422.821385248266,2393.6367258506248,2401.5512097550695,4015900
2025-09-04,2426.778564453125,2426.778564453125,2396.604595347613,2400.0671819662784,4165100
2025-09-05,2472.781494140625,2520.7630514384127,2457.4471820145277,2516.311154369546,6406200
2025-09-08,2497.514404296875,2502.955612149374,2475.7495728868803,2483.1694017766513,4899700
2025-09-09,2431.23046875,2511.8592716810786,2431.23046875,2509.3859955175485,4694500
2025-09-10,2457.94189453125,2462.888446945279,2417.380164736208,2423.8106828744462,4225900
2025-09-11,2465.36181640625,2465.36181640625,2418.8642219555704,2428.7573271578426,4537800
2025-09-12,2501.96630859375,2501.96630859375,2465.3618193023426,2479.2121666017943,6654800
2025-09-16,2606.338623046875,2609.3065546730436,2539.5601614580864,2547.4746457945353,8486200
2025-09-17,2613.75830078125,2632.0605447496273,2578.637778571661,2621.672784659467,6395400
2025-09-18,2623.15673828125,2634.0391535635786,2585.5629400332064,2606.8331153577574,5520800
2025-09-19,2578.14306640625,2653.8253168207084,2562.3140989993044,2636.5123837193614,10119600
2025-09-22,2776.00537109375,2776.00537109375,2608.8118900834706,2613.7584427760826,11821400
2025-09-24,2770.0693359375,2773.531922607422,2738.411400669643,2770.0693359375,9470500
2025-09-25,2770.0693359375,2772.0479568917413,2730.4969168526786,2763.6388178362167,5959200
2025-09-26,2776.5,2799.748797434527,2762.1549973276324,2793.812934259754,7846700
2025-09-29,2748.0,2780.0,2740.0,2777.0,5060100
2025-09-30,2815.5,2819.5,2762.0,2775.0,7796500
2025-10-01,2738.0,2758.0,2694.0,2730.0,9110000
2025-10-02,2770.0,2802.0,2728.0,2738.0,7625900
2025-10-03,2823.5,2843.0,2795.5,2800.0,6493500
2025-10-06,2912.0,2959.0,2896.5,2944.0,8025600
2025-10-07,2867.5,2932.0,2853.0,2911.0,8389900
2025-10-08,2884.0,2903.5,2870.0,2880.0,5595600
2025-10-09,2900.0,2932.5,2887.5,2914.0,6081400
2025-10-10,2842.0,2901.0,2824.5,2900.0,7898600
2025-10-14,2722.5,2818.0,2710.5,2792.0,8707900
2025-10-15,2805.0,2807.5,2751.5,2772.5,6399200
2025-10-16,2803.0,2833.0,2772.5,2825.0,6720000
2025-10-17,2817.0,2822.0,2781.0,2794.0,4714000
2025-10-20,2923.5,2923.5,2849.5,2867.0,5700400
2025-10-21,2920.5,2957.0,2913.0,2945.0,5073600
2025-10-22,2950.0,2967.5,2900.5,2907.0,5930600
2025-10-23,2900.0,2910.0,2877.0,2891.0,5676600
2025-10-24,3018.0,3019.0,2929.5,2930.0,8912800
2025-10-27,3041.0,3048.0,3000.0,3022.0,7044700
2025-10-28,3013.0,3045.0,3013.0,3041.0,5111700
2025-10-29,3049.0,3120.0,3049.0,3083.0,7932200
2025-10-30,3031.0,3076.0,3015.0,3029.0,15168500
2025-10-31,3392.0,3486.0,3055.0,3100.0,20607600
2025-11-04,3458.0,3544.0,3397.0,3440.0,20554800
2025-11-05,3337.0,3423.0,3250.0,3388.0,12265100
2025-11-06,3350.0,3404.0,3335.0,3400.0,8109900
2025-11-07,3252.0,3333.0,3216.0,3316.0,8188300
2025-11-10,3229.0,3280.0,3209.0,3252.0,5609300
2025-11-11,3178.0,3260.0,3163.0,3254.0,5738200
2025-11-12,3161.0,3195.0,3131.0,3170.0,6720100
2025-11-13,3169.0,3195.0,3144.0,3153.0,4808900
2025-11-14,3109.0,3152.0,3075.0,3099.0,5205900
2025-11-17,3114.0,3142.0,3092.0,3109.0,3763200
2025-11-18,2991.0,3097.0,2991.0,3082.0,5368900
2025-11-19,3024.0,3051.0,2970.0,2999.0,5737300
2025-11-20,3078.0,3165.0,3074.0,3138.0,5536800
2025-11-21,3033.0,3101.0,3006.0,3008.0,8337900
2025-11-25,3056.0,3108.0,3050.0,3103.0,4097000
2025-11-26,3169.0,3210.0,3112.0,3192.0,9163900
2025-11-27,3229.0,3235.0,3157.0,3160.0,3482500
2025-11-28,3213.0,3234.0,3170.0,3184.0,5647800
2025-12-01,3224.0,3295.0,3215.0,3280.0,7035000
2025-12-02,3272.0,3277.0,3192.0,3214.0,8000300
2025-12-03,3315.0,3315.0,3251.0,3258.0,7752300
2025-12-04,3447.0,3448.0,3315.0,3316.0,8958300
2025-12-05,3379.0,3413.0,3372.0,3400.0,6093600
2025-12-08,3399.0,3407.0,3369.0,3383.0,5119300
2025-12-09,3401.0,3406.0,3361.0,3400.0,5570400
2025-12-10,3406.0,3503.0,3376.0,3450.0,8188000
2025-12-11,3307.0,3401.0,3306.0,3400.0,5395900
2025-12-12,3400.0,3415.0,3340.0,3357.0,7472600
2025-12-15,3271.0,3323.0,3244.0,3313.0,6232000
2025-12-16,3186.0,3270.0,3186.0,3269.0,6981300
2025-12-17,3190.0,3214.0,3140.0,3167.0,4808100
2025-12-18,3159.0,3194.0,3119.0,3120.0,4756900
2025-12-19,3201.0,3206.0,3157.0,3180.0,9195300
2025-12-22,3204.0,3266.0,3196.0,3265.0,5472600
2025-12-23,3199.0,3223.0,3169.0,3206.0,3963200
2025-12-24,3164.0,3201.0,3146.0,3200.0,4354400
2025-12-25,3168.0,3196.0,3167.0,3195.0,2486500
2025-12-26,3207.0,3207.0,3175.0,3189.0,3224600
2025-12-29,3197.0,3214.0,3168.0,3190.0,3742900
2025-12-30,3246.0,3252.0,3201.0,3209.0,4581000
2026-01-05,3330.0,3356.0,3301.0,3343.0,7888100
2026-01-06,3332.0,3391.0,3305.0,3375.0,5526600
2026-01-07,3341.0,3370.0,3286.0,3303.0,5680100
2026-01-08,3187.0,3326.0,3187.0,3319.0,7140100
2026-01-09,3194.0,3211.0,3158.0,3184.0,6262400
2026-01-13,3308.0,3329.0,3265.0,3300.0,7518400
2026-01-14,3445.0,3485.0,3300.0,3307.0,8989600
2026-01-15,3400.0,3428.0,3358.0,3384.0,6619000
2026-01-16,3414.0,3432.0,3357.0,3363.0,5507200
2026-01-19,3433.0,3448.0,3343.0,3400.0,4604000
2026-01-20,3306.0,3407.0,3299.0,3388.0,6454100
2026-01-21,3300.0,3307.0,3250.0,3257.0,6352000
2026-01-22,3334.0,3373.0,3312.0,3370.0,7140600
2026-01-23,3332.0,3385.0,3319.0,3370.0,5764500
2026-01-26,3179.0,3230.0,3171.0,3212.0,9111100
2026-01-27,3228.0,3235.0,3147.0,3191.0,6826500
2026-01-28,3187.0,3200.0,3152.0,3180.0,5550300
2026-01-29,3135.0,3164.0,3075.0,3157.0,6939700
2026-01-30,3136.0,3153.0,3085.0,3086.0,8112400
2026-02-02,3085.0,3256.0,2821.5,3242.0,22724900
2026-02-03,3318.0,3347.0,3158.0,3179.0,15892100
2026-02-04,3322.0,3326.0,3229.0,3260.0,6733400
2026-02-05,3285.0,3311.0,3227.0,3300.0,6914900
2026-02-06,3217.0,3238.0,3150.0,3204.0,8298000
2026-02-09,3269.0,3412.0,3263.0,3392.0,9466800
2026-02-10,3319.0,3327.0,3279.0,3306.0,9437600
2026-02-12,3295.0,3334.0,3269.0,3307.0,6355200
2026-02-13,3259.0,3306.0,3220.0,3225.0,8003200
2026-02-16,3283.0,3328.0,3246.0,3315.0,6229200
2026-02-17,3509.0,3585.0,3238.0,3282.0,14452600
2026-02-18,3610.0,3627.0,3444.0,3579.0,17846700
2026-02-19,3666.0,3725.0,3588.0,3650.0,10535700
