Price,Close,High,Low,Open,Volume
Ticker,7004.T,7004.T,7004.T,7004.T,7004.T
Date,,,,,
2011-02-21,469.0537414550781,469.0537414550781,461.72477674484253,465.3892590999603,340100
2011-02-22,461.7248229980469,465.38930572025356,461.7248229980469,465.38930572025356,400200
2011-02-23,461.7248229980469,465.38930572025356,458.06034027584013,458.06034027584013,632700
2011-02-24,454.3958435058594,461.72480872369584,450.73136089694117,458.0603261147776,925000
2011-02-25,454.3958435058594,458.0603261147776,447.06687828802296,454.3958435058594,1211600
2011-02-28,458.06036376953125,461.72484667968746,450.7313979492187,454.395880859375,790300
2011-03-01,465.38922119140625,465.38922119140625,458.06025707815576,458.06025707815576,850400
2011-03-02,450.73138427734375,465.3893154733549,450.73138427734375,458.0603498753493,711300
2011-03-03,461.7248229980469,465.38930572025356,454.3958575536334,454.3958575536334,1180800
2011-03-04,458.06036376953125,469.0538125,450.7313979492187,465.3893295898437,1330300
2011-03-07,454.3958435058594,458.0603261147776,450.73136089694117,454.3958435058594,583700
2011-03-08,458.06036376953125,458.06036376953125,450.7313979492187,450.7313979492187,723600
2011-03-09,454.3958435058594,461.72480872369584,454.3958435058594,458.0603261147776,713100
2011-03-10,450.73138427734375,454.3958670763465,447.0669014783409,454.3958670763465,721700
2011-03-11,439.7379455566406,450.7313941955566,439.7379455566406,443.4024284362793,1284100
2011-03-14,403.0931091308594,403.0931091308594,366.448281028054,366.448281028054,5241100
2011-03-15,395.76416015625,417.7510579427083,355.45484754774304,384.7707112630208,5252700
2011-03-16,403.0931091308594,414.086557561701,392.09966070001775,395.7641435102983,2057600
2011-03-17,388.4351501464844,399.4285977921396,384.7706675979327,384.7706675979327,1441700
2011-03-18,388.4351501464844,406.7575628892431,388.4351501464844,395.76411524358787,1737400
2011-03-22,410.4219970703125,414.0864791870117,399.42855072021484,403.09303283691406,1090500
2011-03-23,414.0865173339844,425.0799646968335,406.7575524254182,414.0865173339843,1577100
2011-03-24,414.0865173339844,421.41548224255047,410.4220348797013,414.0865173339843,608500
2011-03-25,417.7510070800781,428.74445463481703,414.0865245618318,425.07997211657073,1285700
2011-03-28,421.41552734375,425.08001019021737,410.4220788043478,417.7510444972826,627000
2011-03-29,425.1448059082031,436.3328271163137,421.4154655054996,428.8741463109066,1027500
2011-03-30,436.3329162597656,440.06225742437897,425.1448927659255,428.8742339305388,1143700
2011-03-31,436.3329162597656,436.33291625976557,425.1448927659255,436.33291625976557,1049600
2011-04-01,432.6035461425781,440.06222797262257,428.8742052275559,436.3328870576003,738000
2011-04-04,440.0621643066406,451.2501854330806,436.33282393116065,440.0621643066406,1492100
2011-04-05,440.0621643066406,443.7915046821206,428.87414318020063,443.7915046821206,1171300
2011-04-06,432.6035461425781,443.79156888764476,432.6035461425781,440.06222797262257,474500
2011-04-07,436.3329162597656,436.33291625976557,425.1448927659255,432.6035750951522,731400
2011-04-08,440.0621643066406,440.0621643066406,428.87414318020063,432.6034835556806,752000
2011-04-11,436.3329162597656,440.06225742437897,432.6035750951522,436.33291625976557,369700
2011-04-12,432.6035461425781,436.3328870576003,425.1448643125337,436.3328870576003,848100
2011-04-13,432.6035461425781,436.3328870576003,428.8742052275559,428.8742052275559,882100
2011-04-14,443.79150390625,447.5208442752101,428.8741424304097,432.6034827993698,1688100
2011-04-15,443.79150390625,447.5208442752101,440.0621635372899,440.0621635372899,587500
2011-04-18,436.3329162597656,443.7915985889924,436.33291625976557,443.7915985889924,299100
2011-04-19,432.6035461425781,440.06222797262257,432.6035461425781,432.6035461425781,375600
2011-04-20,443.79150390625,447.5208442752101,440.0621635372899,440.0621635372899,951300
2011-04-21,440.0621643066406,447.52084505760064,436.33282393116065,443.7915046821206,1087000
2011-04-22,447.52093505859375,454.9796173095703,447.52093505859375,454.9796173095703,1823300
2011-04-25,443.79150390625,451.2501846441702,440.0621635372899,451.2501846441702,616600
2011-04-26,440.0621643066406,443.7915046821206,440.0621643066406,443.7915046821206,185700
2011-04-27,440.0621643066406,447.52084505760064,436.33282393116065,440.0621643066406,404300
2011-04-28,440.0621643066406,443.7915046821206,440.0621643066406,443.7915046821206,350400
2011-05-02,447.52093505859375,447.52093505859375,443.7915939331055,443.7915939331055,303800
2011-05-06,447.52093505859375,447.52093505859375,440.0622528076172,443.7915939331055,290600
2011-05-09,447.52093505859375,447.52093505859375,443.7915939331055,443.7915939331055,253700
2011-05-10,447.52093505859375,447.52093505859375,440.0622528076172,443.7915939331055,731600
2011-05-11,443.79150390625,451.2501846441702,436.3328231683298,447.5208442752101,1077500
2011-05-12,440.0621643066406,443.7915046821206,432.6034835556806,440.0621643066406,998900
2011-05-13,432.6035461425781,443.79156888764476,428.8742052275559,440.06222797262257,800900
2011-05-16,425.1448059082031,432.60348671361015,425.1448059082031,432.60348671361015,433900
2011-05-17,432.6035461425781,436.3328870576003,425.1448643125337,425.1448643125337,714700
2011-05-18,432.6035461425781,440.06222797262257,428.8742052275559,432.6035461425781,476000
2011-05-19,428.8742370605469,436.3329194442085,428.8742370605469,432.6035782523777,486200
2011-05-20,428.8742370605469,440.06226063603935,428.8742370605469,432.6035782523777,456800
2011-05-23,421.41552734375,428.87420924363937,421.41552734374994,428.87420924363937,353700
2011-05-24,425.1448059082031,428.8741463109066,421.4154655054996,421.4154655054996,398400
2011-05-25,428.8742370605469,432.6035782523777,425.144895868716,428.8742370605469,300600
2011-05-26,425.1448059082031,436.3328271163137,425.1448059082031,428.8741463109066,613900
2011-05-27,425.1448059082031,428.8741463109066,425.1448059082031,425.1448059082031,235400
2011-05-30,428.8742370605469,428.8742370605469,425.144895868716,425.144895868716,175000
2011-05-31,428.8742370605469,432.6035782523777,425.144895868716,428.8742370605469,396200
2011-06-01,436.3329162597656,436.33291625976557,428.8742339305388,432.6035750951522,554700
2011-06-02,428.8742370605469,436.3329194442085,425.144895868716,428.8742370605469,498300
2011-06-03,428.8742370605469,436.3329194442085,425.144895868716,425.144895868716,505700
2011-06-06,425.1448059082031,428.8741463109066,425.1448059082031,428.8741463109066,305000
2011-06-07,428.8742370605469,428.8742370605469,421.41555467688517,425.144895868716,311000
2011-06-08,421.41552734375,428.87420924363937,421.41552734374994,421.41552734374994,494600
2011-06-09,425.1448059082031,425.1448059082031,417.68612510279604,421.4154655054996,329900
2011-06-10,432.6035461425781,432.6035461425781,425.1448643125337,425.1448643125337,779900
2011-06-13,432.6035461425781,432.6035461425781,425.1448643125337,425.1448643125337,175700
2011-06-14,432.6035461425781,432.6035461425781,428.8742052275559,432.6035461425781,208100
2011-06-15,428.8742370605469,432.6035782523777,421.41555467688517,432.6035782523777,486400
2011-06-16,428.8742370605469,432.6035782523777,421.41555467688517,425.144895868716,301100
2011-06-17,432.6035461425781,432.6035461425781,425.1448643125337,428.8742052275559,563300
2011-06-20,447.52093505859375,454.9796173095703,432.60357055664065,432.60357055664065,1937100
2011-06-21,451.2502746582031,451.25027465820307,440.06225131956995,447.52093354532536,827200
2011-06-22,454.9795837402344,458.70892459056415,443.791561189245,454.9795837402344,1506200
2011-06-23,458.7089538574219,462.4382949456936,451.2502716808784,451.2502716808784,927900
2011-06-24,466.1676025390625,473.6262841796875,454.979580078125,462.43826171875,1664200
2011-06-27,458.7089538574219,466.1676360339653,458.7089538574219,462.4382949456936,551000
2011-06-28,462.4382019042969,469.89688258017264,458.708861566359,466.1675422422348,412600
2011-06-29,462.4382019042969,466.1675422422348,454.9795212284211,466.1675422422348,390900
2011-06-30,466.1676025390625,466.1676025390625,458.7089208984375,462.43826171875,590800
2011-07-01,466.1676025390625,469.89694335937503,462.43826171875,466.1676025390625,920500
2011-07-04,481.0850524902344,484.8143939824067,473.62636950588967,481.0850524902344,1973000
2011-07-05,469.89691162109375,484.81427389477926,466.1675710526723,481.0849333263579,1609300
2011-07-06,477.3555908203125,477.3555908203125,469.8969097137451,473.6262502670288,1538200
2011-07-07,473.62628173828125,477.3556225393701,466.16760013610354,477.3556225393701,1417200
2011-07-08,473.62628173828125,477.3556225393701,466.16760013610354,477.3556225393701,516600
2011-07-11,473.62628173828125,473.6262817382812,466.16760013610354,469.89694093719237,594200
2011-07-12,466.1676025390625,469.89694335937503,462.43826171875,466.1676025390625,613800
2011-07-13,473.62628173828125,481.0849633404589,458.7089185339259,458.7089185339259,851000
2011-07-14,469.89691162109375,477.3555927579365,469.8969116210937,469.8969116210937,737200
2011-07-15,477.3555908203125,477.3555908203125,469.8969097137451,473.6262502670288,458600
2011-07-19,477.3555908203125,477.3555908203125,473.6262502670288,477.3555908203125,292700
2011-07-20,484.81427001953125,492.2729510967548,477.3555889423077,481.08492948091947,1269100
2011-07-21,507.1902770996094,507.1902770996094,492.27291600844444,492.27291600844444,3420800
2011-07-22,507.1902770996094,514.6489576451919,503.46093682681817,507.1902770996094,1782300
2011-07-25,492.2729187011719,507.1902798739347,492.2729187011719,507.1902798739347,788100
2011-07-26,496.0023498535156,499.7316908298578,496.00234985351557,499.7316908298578,585200
2011-07-27,496.0023498535156,499.7316908298578,492.27300887717337,492.27300887717337,628300
2011-07-28,481.0850524902344,496.0024184589238,477.355710998062,488.5437354745791,1978100
2011-07-29,473.62628173828125,488.54364494263655,473.6262817382812,481.0849633404589,885100
2011-08-01,484.81427001953125,488.54361055814303,481.08492948091947,484.81427001953125,623400
2011-08-02,481.0850524902344,488.5437354745791,481.0850524902344,484.8143939824067,669100
2011-08-03,473.62628173828125,481.0849633404589,473.6262817382812,477.3556225393701,837600
2011-08-04,469.89691162109375,496.0022956000434,469.8969116210937,492.272955031622,1570900
2011-08-05,454.9795837402344,462.43826544089393,447.52090203957476,451.25024288990454,1184700
2011-08-08,440.0621643066406,454.97952580856065,440.0621643066406,451.2501854330806,777800
2011-08-09,443.79150390625,451.2501846441702,417.6861213235294,428.8741424304097,1566500
2011-08-10,443.79150390625,443.79150390625,443.79150390625,443.79150390625,454000
2011-08-11,440.0621643066406,447.52084505760064,432.6034835556806,432.6034835556806,526900
2011-08-12,440.0621643066406,440.0621643066406,440.0621643066406,440.0621643066406,444900
2011-08-15,443.79150390625,443.79150390625,436.3328231683298,440.0621635372899,587600
2011-08-16,443.79150390625,451.2501846441702,443.79150390625,447.5208442752101,364100
2011-08-17,432.6035461425781,443.79156888764476,428.8742052275559,440.06222797262257,760900
2011-08-18,432.6035461425781,432.6035461425781,432.6035461425781,432.6035461425781,1736400
2011-08-19,395.31011962890625,406.49814188255453,395.3101196289062,402.7688011313384,1602100
2011-08-22,399.0394287109375,410.2274500766647,395.31008825569506,399.0394287109375,1079100
2011-08-23,410.22747802734375,413.95681873668326,399.0394558993253,402.7687966086648,1379200
2011-08-24,417.6861877441406,425.14486966814314,413.9568467821394,417.6861877441406,2627500
2011-08-25,440.0621643066406,443.7915046821206,421.4154624292406,428.87414318020063,2793100
2011-08-26,440.0621643066406,447.52084505760064,432.6034835556806,440.0621643066406,1421900
2011-08-29,440.0621643066406,447.52084505760064,432.6034835556806,436.33282393116065,1766200
2011-08-30,436.3329162597656,454.9796220828325,436.33291625976557,447.5209397536057,1090100
2011-08-31,458.7089538574219,458.7089538574219,440.06224841606326,443.791589504335,1680300
2011-09-01,454.9795837402344,469.89694714155354,447.52090203957476,466.1676062912237,1282100
2011-09-02,451.2502746582031,454.97961577108083,447.52093354532536,451.25027465820307,879800
2011-09-05,440.0621643066406,443.7915046821206,432.6034835556806,440.0621643066406,1124100
2011-09-06,428.8742370605469,432.6035782523777,425.144895868716,428.8742370605469,504300
2011-09-07,432.6035461425781,440.06222797262257,432.6035461425781,432.6035461425781,405400
2011-09-08,443.79150390625,447.5208442752101,436.3328231683298,443.79150390625,510900
2011-09-09,451.2502746582031,451.25027465820307,436.33291020669225,436.33291020669225,1664100
2011-09-12,432.6035461425781,440.06222797262257,428.8742052275559,436.3328870576003,606300
2011-09-13,432.6035461425781,440.06222797262257,428.8742052275559,432.6035461425781,671300
2011-09-14,425.1448059082031,436.3328271163137,421.4154655054996,432.60348671361015,487900
2011-09-15,428.8742370605469,436.3329194442085,421.41555467688517,432.6035782523777,725900
2011-09-16,432.6035461425781,440.06222797262257,428.8742052275559,432.6035461425781,1121600
2011-09-20,428.8742370605469,432.6035782523777,425.144895868716,432.6035782523777,696300
2011-09-21,425.1448059082031,436.3328271163137,425.1448059082031,428.8741463109066,894100
2011-09-22,428.8742370605469,436.3329194442085,425.144895868716,432.6035782523777,745200
2011-09-26,413.9568786621094,425.1449024097339,406.49819616369297,425.1449024097339,1178100
2011-09-27,417.6861877441406,428.87421063014443,413.9568467821394,425.14486966814314,1134500
2011-09-28,432.6035461425781,432.6035461425781,421.41552339751144,421.41552339751144,367600
2011-09-29,436.3329162597656,436.33291625976557,428.8742339305388,436.33291625976557,942000
2011-09-30,432.6035461425781,436.3328870576003,417.6861824824892,432.6035461425781,884300
2011-10-03,410.22747802734375,421.4155001553622,410.22747802734375,421.4155001553622,1206800
2011-10-04,399.0394287109375,406.4981096214223,399.0394287109375,402.7687691661799,1133200
2011-10-05,387.85150146484375,406.49820826603815,387.85150146484375,406.49820826603815,764600
2011-10-06,395.31011962890625,399.0394603801223,387.851438126474,395.3101196289062,818800
2011-10-07,402.768798828125,410.22748028790505,395.3101173683449,399.03945809823495,675800
2011-10-11,421.41552734375,425.1448682936947,413.9568454438606,417.68618639380526,817000
2011-10-12,432.6035461425781,432.6035461425781,421.41552339751144,425.1448643125337,894800
2011-10-13,432.6035461425781,440.06222797262257,428.8742052275559,436.3328870576003,696400
2011-10-14,425.1448059082031,428.8741463109066,425.1448059082031,428.8741463109066,368200
2011-10-17,417.6861877441406,432.60355159214566,413.9568467821394,428.87421063014443,678800
2011-10-18,421.41552734375,421.41552734374994,410.2275044939159,413.9568454438606,471300
2011-10-19,417.6861877441406,421.4155287061419,413.9568467821394,421.4155287061419,293200
2011-10-20,406.4981689453125,413.95685094430905,402.76882794581417,410.2275099448108,504600
2011-10-21,410.22747802734375,410.22747802734375,406.49813731800424,406.49813731800424,181600
2011-10-24,399.0394287109375,402.7687691661799,384.12206688996787,395.31008825569506,1736600
2011-10-25,395.31011962890625,402.7688011313384,391.58077887769014,402.7688011313384,588000
2011-10-26,395.31011962890625,395.3101196289062,384.1220973752579,391.58077887769014,1481700
2011-10-27,421.41552734375,425.1448682936947,391.58079974419246,395.31014069413715,1453000
2011-10-28,413.9568786621094,428.87424365894213,413.9568786621094,425.1449024097339,1190000
2011-10-31,402.768798828125,417.68616174768516,399.03945809823495,413.9568210177951,730300
2011-11-01,399.0394287109375,399.0394287109375,395.31008825569506,399.0394287109375,324800
2011-11-02,395.31011962890625,399.0394603801223,391.58077887769014,391.58077887769014,523700
2011-11-04,406.4981689453125,406.4981689453125,395.3101459468176,399.0394869463159,478400
2011-11-07,395.31011962890625,402.7688011313384,395.3101196289062,402.7688011313384,342900
2011-11-08,387.85150146484375,395.3101841853215,387.85150146484375,395.3101841853215,646300
2011-11-09,387.85150146484375,395.3101841853215,387.85150146484375,391.5808428250826,470100
2011-11-10,380.3927917480469,387.85147393918504,380.3927917480469,384.122132843616,683800
2011-11-11,380.3927917480469,384.122132843616,376.66345065247776,384.122132843616,409000
2011-11-14,380.3927917480469,387.85147393918504,376.66345065247776,387.85147393918504,333700
2011-11-15,372.9340515136719,380.3927325439453,372.9340515136719,376.6633920288086,402500
2011-11-16,372.9340515136719,380.3927325439453,372.9340515136719,372.9340515136719,318800
2011-11-17,376.6634216308594,380.3927624390857,369.2047400144067,372.934080822633,563800
2011-11-18,372.9340515136719,376.6633920288086,369.2047109985352,372.9340515136719,424800
2011-11-21,372.9340515136719,376.6633920288086,369.2047109985352,372.9340515136719,307600
2011-11-22,369.2047119140625,376.66339296283144,365.475371389678,365.475371389678,398500
2011-11-24,361.74603271484375,365.47537325829575,358.01669217139175,365.47537325829575,566500
2011-11-25,361.74603271484375,372.93405434519974,361.74603271484375,361.74603271484375,1451300
2011-11-28,365.4754333496094,376.66345681949537,365.4754333496094,369.20477450623804,832200
2011-11-29,376.6634216308594,376.6634216308594,369.2047400144067,372.934080822633,676300
2011-11-30,369.2047119140625,380.3927334872159,365.475371389678,376.66339296283144,925700
2011-12-01,372.9340515136719,384.122073059082,369.2047109985352,384.122073059082,940200
2011-12-02,369.2047119140625,380.3927334872159,369.2047119140625,372.93405243844694,938000
2011-12-05,369.2047119140625,380.3927334872159,369.2047119140625,376.66339296283144,1111300
2011-12-06,361.74603271484375,372.93405434519974,361.74603271484375,372.93405434519974,982700
2011-12-07,372.9340515136719,376.6633920288086,365.4753704833984,365.4753704833984,1278200
2011-12-08,369.2047119140625,372.93405243844694,361.74603086529356,372.93405243844694,1307700
2011-12-09,376.6634216308594,391.5807848637647,365.4753992061804,369.2047400144067,3147100
2011-12-12,380.3927917480469,387.85147393918504,376.66345065247776,387.85147393918504,1452800
2011-12-13,380.3927917480469,384.122132843616,372.9341095569087,376.66345065247776,1244500
2011-12-14,380.3927917480469,380.3927917480469,372.9341095569087,380.3927917480469,562400
2011-12-15,369.2047119140625,376.66339296283144,369.2047119140625,372.93405243844694,381700
2011-12-16,372.9340515136719,376.6633920288086,369.2047109985352,372.9340515136719,397600
2011-12-19,361.74603271484375,369.20471380174774,361.74603271484375,369.20471380174774,573900
2011-12-20,369.2047119140625,369.2047119140625,361.74603086529356,361.74603086529356,245100
2011-12-21,376.6634216308594,376.6634216308594,369.2047400144067,372.934080822633,674100
2011-12-22,369.2047119140625,372.93405243844694,365.475371389678,372.93405243844694,367200
2011-12-26,369.2047119140625,369.2047119140625,365.475371389678,369.2047119140625,227100
2011-12-27,365.4754333496094,369.20477450623804,365.4754333496094,369.20477450623804,116100
2011-12-28,365.4754333496094,369.20477450623804,361.7460921929807,365.4754333496094,209400
2011-12-29,361.74603271484375,365.47537325829575,361.74603271484375,361.74603271484375,178700
2011-12-30,361.74603271484375,365.47537325829575,361.74603271484375,365.47537325829575,467400
2012-01-04,372.9340515136719,376.6633920288086,365.4753704833984,369.2047109985352,588900
2012-01-05,380.3927917480469,384.122132843616,372.9341095569087,376.66345065247776,824100
2012-01-06,376.6634216308594,380.3927624390857,372.934080822633,380.3927624390857,445900
2012-01-10,376.6634216308594,380.3927624390857,372.934080822633,376.6634216308594,368200
2012-01-11,384.12213134765625,384.12213134765625,380.3927902666111,380.3927902666111,442100
2012-01-12,380.3927917480469,387.85147393918504,380.3927917480469,384.122132843616,333900
2012-01-13,384.12213134765625,391.5808135097467,380.3927902666111,384.12213134765625,1078800
2012-01-16,384.12213134765625,384.12213134765625,376.66344918556587,384.12213134765625,461800
2012-01-17,391.580810546875,395.31015159970235,380.39278738839283,384.12212844122024,866200
2012-01-18,402.768798828125,413.9568210177951,395.3101173683449,399.03945809823495,2181800
2012-01-19,413.9568786621094,413.9568786621094,402.7688549144848,406.49819616369297,1038200
2012-01-20,421.41552734375,421.41552734374994,410.2275044939159,417.68618639380526,1049600
2012-01-23,421.41552734375,428.87420924363937,417.68618639380526,417.68618639380526,1311100
2012-01-24,410.22747802734375,425.14484086470173,410.22747802734375,421.4155001553622,931900
2012-01-25,417.6861877441406,421.4155287061419,406.4981648581369,410.2275058201381,1235900
2012-01-26,410.22747802734375,417.6861594460227,410.22747802734375,413.95681873668326,666300
2012-01-27,406.4981689453125,413.95685094430905,406.4981689453125,406.4981689453125,507900
2012-01-30,402.768798828125,410.22748028790505,402.768798828125,406.498139558015,467900
2012-01-31,413.9568786621094,413.9568786621094,402.7688549144848,402.7688549144848,614600
2012-02-01,410.22747802734375,417.6861594460227,406.49813731800424,406.49813731800424,900900
2012-02-02,410.22747802734375,417.6861594460227,410.22747802734375,413.95681873668326,467500
2012-02-03,402.768798828125,413.9568210177951,402.768798828125,413.9568210177951,754000
2012-02-06,410.22747802734375,410.22747802734375,402.7687966086648,406.49813731800424,623700
2012-02-07,402.768798828125,410.22748028790505,402.768798828125,406.498139558015,576400
2012-02-08,410.22747802734375,413.95681873668326,402.7687966086648,406.49813731800424,713900
2012-02-09,410.22747802734375,413.95681873668326,406.49813731800424,410.22747802734375,798100
2012-02-10,406.4981689453125,413.95685094430905,406.4981689453125,410.2275099448108,527100
2012-02-13,410.22747802734375,410.22747802734375,402.7687966086648,406.49813731800424,677600
2012-02-14,413.9568786621094,417.68621991131755,406.49819616369297,410.22753741290114,639000
2012-02-15,417.6861877441406,417.6861877441406,410.2275058201381,417.6861877441406,1178900
2012-02-16,410.22747802734375,413.95681873668326,402.7687966086648,413.95681873668326,1363300
2012-02-17,402.768798828125,413.9568210177951,402.768798828125,410.22748028790505,1691400
2012-02-20,410.22747802734375,410.22747802734375,402.7687966086648,406.49813731800424,941200
2012-02-21,399.0394287109375,410.2274500766647,399.0394287109375,406.4981096214223,1661700
2012-02-22,406.4981689453125,410.2275099448108,399.0394869463159,402.76882794581417,1495400
2012-02-23,402.768798828125,406.498139558015,399.03945809823495,406.498139558015,1829200
2012-02-24,402.768798828125,406.498139558015,395.3101173683449,402.768798828125,2170900
2012-02-27,410.22747802734375,413.95681873668326,402.7687966086648,406.49813731800424,2131700
2012-02-28,410.22747802734375,410.22747802734375,402.7687966086648,406.49813731800424,1055000
2012-02-29,406.4981689453125,413.95685094430905,406.4981689453125,410.2275099448108,1531900
2012-03-01,399.0394287109375,410.2274500766647,399.0394287109375,406.4981096214223,1048800
2012-03-02,406.4981689453125,410.2275099448108,399.0394869463159,402.76882794581417,1226000
2012-03-05,406.4981689453125,406.4981689453125,402.76882794581417,406.4981689453125,227300
2012-03-06,406.4981689453125,406.4981689453125,402.76882794581417,402.76882794581417,383700
2012-03-07,406.4981689453125,406.4981689453125,399.0394869463159,402.76882794581417,667000
2012-03-08,406.4981689453125,410.2275099448108,402.76882794581417,406.4981689453125,571000
2012-03-09,406.4981689453125,413.95685094430905,402.76882794581417,410.2275099448108,2275500
2012-03-12,402.768798828125,413.9568210177951,402.768798828125,410.22748028790505,1033200
2012-03-13,410.22747802734375,413.95681873668326,406.49813731800424,406.49813731800424,1166800
2012-03-14,425.1448059082031,425.1448059082031,417.68612510279604,417.68612510279604,2053300
2012-03-15,417.6861877441406,428.87421063014443,413.9568467821394,425.14486966814314,1039300
2012-03-16,428.8742370605469,428.8742370605469,417.68621348505434,421.41555467688517,1544300
2012-03-19,428.8742370605469,432.6035782523777,425.144895868716,428.8742370605469,1256700
2012-03-21,425.1448059082031,428.8741463109066,421.4154655054996,428.8741463109066,997400
2012-03-22,428.8742370605469,432.6035782523777,421.41555467688517,425.144895868716,1382800
2012-03-23,421.41552734375,425.1448682936947,417.68618639380526,425.1448682936947,649800
2012-03-26,421.41552734375,425.1448682936947,417.68618639380526,421.41552734374994,427900
2012-03-27,421.41552734375,425.1448682936947,417.68618639380526,421.41552734374994,899300
2012-03-28,417.618896484375,429.00850275213065,417.618896484375,425.2119673295454,771700
2012-03-29,413.8224182128906,417.6189541597979,406.2293463190761,417.6189541597979,1041000
2012-03-30,410.0259094238281,425.21205421730326,410.0259094238281,421.41551801893445,1367700
2012-04-02,410.0259094238281,417.6189818205657,410.0259094238281,413.8224456221969,731400
2012-04-03,406.2294006347656,413.8224735438266,406.2294006347656,410.0259370892961,672000
2012-04-04,402.43280029296875,410.0258719966097,398.6362644411483,406.2293361447892,1147400
2012-04-05,402.43280029296875,406.2293361447892,398.6362644411483,398.6362644411483,895000
2012-04-06,410.0259094238281,413.8224456221969,402.43283702709056,410.0259094238281,1499200
2012-04-09,398.63629150390625,406.22936372302826,398.63629150390625,402.4328276134672,725500
2012-04-10,398.63629150390625,410.0258998325893,394.8397553943452,402.4328276134672,1166900
2012-04-11,394.8397521972656,398.63628827608545,391.04321611844574,391.04321611844574,863500
2012-04-12,398.63629150390625,398.63629150390625,387.2466831752232,394.8397553943452,988800
2012-04-13,394.8397521972656,398.63628827608545,394.8397521972656,398.63628827608545,735300
2012-04-16,391.043212890625,394.83974893810677,387.2466768431432,391.043212890625,365900
2012-04-17,387.2466735839844,394.8397456150429,387.2466735839844,391.04320959951366,662600
2012-04-18,406.2294006347656,406.2294006347656,394.839791271174,394.839791271174,1267800
2012-04-19,406.2294006347656,410.0259370892961,398.6363277257046,402.4328641802351,665600
2012-04-20,406.2294006347656,410.0259370892961,406.2294006347656,406.2294006347656,662400
2012-04-23,406.2294006347656,413.8224735438266,406.2294006347656,410.0259370892961,371800
2012-04-24,398.63629150390625,406.22936372302826,398.63629150390625,402.4328276134672,772000
2012-04-25,398.63629150390625,402.4328276134672,398.63629150390625,402.4328276134672,581200
2012-04-26,410.0259094238281,417.6189818205657,398.6363008287218,402.43283702709056,1974000
2012-04-27,410.0259094238281,417.6189818205657,410.0259094238281,413.8224456221969,724900
2012-05-01,406.2294006347656,410.0259370892961,402.4328641802351,406.2294006347656,353400
2012-05-02,402.43280029296875,406.2293361447892,398.6362644411483,402.43280029296875,544000
2012-05-07,387.2466735839844,398.63628163057217,383.45013756845515,398.63628163057217,826400
2012-05-08,387.2466735839844,394.8397456150429,383.45013756845515,391.04320959951366,654200
2012-05-09,375.8570556640625,387.2466634114583,372.0605197482639,387.2466634114583,1307700
2012-05-10,375.8570556640625,383.45012749565973,372.0605197482639,372.0605197482639,538700
2012-05-11,383.4501647949219,387.2467010800201,375.8570922247254,379.65362850982365,939400
2012-05-14,375.8570556640625,387.2466634114583,375.8570556640625,383.45012749565973,405500
2012-05-15,368.2640075683594,375.8570798893565,364.46747140786084,375.8570798893565,969300
2012-05-16,360.6710205078125,372.0606316817434,360.6710205078125,368.2640946237664,482100
2012-05-17,375.8570556640625,375.8570556640625,360.67091200086804,364.4674479166667,863500
2012-05-18,360.6710205078125,368.2640946237664,360.6710205078125,368.2640946237664,467200
2012-05-21,360.6710205078125,368.2640946237664,360.6710205078125,360.6710205078125,231800
2012-05-22,364.46746826171875,368.264004389445,364.46746826171875,368.264004389445,164500
2012-05-23,356.8743591308594,368.26396633716337,345.4847519245553,368.26396633716337,986500
2012-05-24,360.6710205078125,364.4675575657895,353.0779463918585,353.0779463918585,509000
2012-05-25,353.07781982421875,364.4674269153226,349.28128412718416,364.4674269153226,513400
2012-05-28,356.8743591308594,356.8743591308594,345.4847519245553,353.0778233954247,681600
2012-05-29,360.6710205078125,368.2640946237664,353.0779463918585,353.0779463918585,731800
2012-05-30,360.6710205078125,364.4675575657895,353.0779463918585,364.4675575657895,476800
2012-05-31,353.07781982421875,353.07781982421875,345.4847484301495,353.07781982421875,823600
2012-06-01,337.8917236328125,349.2813322945927,337.8917236328125,345.4847960739993,573900
2012-06-04,330.29864501953125,330.29864501953125,322.7055727202317,326.50210886988145,520200
2012-06-05,337.8917236328125,345.4847960739993,326.5021149710323,326.5021149710323,569700
2012-06-06,337.8917236328125,349.2813322945927,334.0951874122191,337.8917236328125,814000
2012-06-07,337.8917236328125,337.8917236328125,337.8917236328125,337.8917236328125,912600
2012-06-08,330.29864501953125,345.4847896181304,330.29864501953125,341.68825346848064,1151700
2012-06-11,341.688232421875,345.48476833767364,334.09516059027777,337.8916965060764,724000
2012-06-12,345.48480224609375,345.48480224609375,334.09519338083794,337.8917296692565,576800
2012-06-13,345.48480224609375,356.8744111113496,341.6882659576751,349.2813385345124,657700
2012-06-14,341.688232421875,345.48476833767364,337.8916965060764,345.48476833767364,318100
2012-06-15,337.8917236328125,345.4847960739993,337.8917236328125,345.4847960739993,350700
2012-06-18,356.8743591308594,356.8743591308594,349.28128765999,349.28128765999,614900
2012-06-19,356.8743591308594,360.670894866294,353.0778233954247,353.0778233954247,449700
2012-06-20,364.46746826171875,368.264004389445,360.67093213399255,360.67093213399255,575100
2012-06-21,364.46746826171875,372.06054051717126,356.8743960062663,368.264004389445,605900
2012-06-22,360.6710205078125,364.4675575657895,353.0779463918585,356.8744834498355,690600
2012-06-25,360.6710205078125,368.2640946237664,360.6710205078125,368.2640946237664,402700
2012-06-26,360.6710205078125,364.4675575657895,356.8744834498355,356.8744834498355,283400
2012-06-27,364.46746826171875,364.46746826171875,353.07785987854004,360.67093213399255,349100
2012-06-28,368.2640075683594,372.0605437288579,360.6709352473623,364.46747140786084,496300
2012-06-29,368.2640075683594,372.0605437288579,360.6709352473623,364.46747140786084,673300
2012-07-02,368.2640075683594,372.0605437288579,368.2640075683594,372.0605437288579,297100
2012-07-03,368.2640075683594,372.0605437288579,364.46747140786084,368.2640075683594,501900
2012-07-04,372.0605773925781,375.857113896584,364.4675043845663,375.857113896584,572000
2012-07-05,383.4501647949219,387.2467010800201,368.26401965452897,372.0605559396272,1887400
2012-07-06,402.43280029296875,410.0258719966097,383.4501210338665,383.4501210338665,3397800
2012-07-09,398.63629150390625,402.4328276134672,375.8570748465402,402.4328276134672,1416200
2012-07-10,378.78680419921875,387.2466557865204,375.85704826338747,387.2466557865204,1458800
2012-07-11,383.4501647949219,391.04323736511833,375.8570922247254,375.8570922247254,674500
2012-07-12,375.8570556640625,383.45012749565973,372.0605197482639,383.45012749565973,492200
2012-07-13,375.8570556640625,379.65359157986114,372.0605197482639,372.0605197482639,290300
2012-07-17,379.6535949707031,379.6535949707031,375.8570590209961,379.6535949707031,250100
2012-07-18,383.4501647949219,394.8397736502166,383.4501647949219,383.4501647949219,1208600
2012-07-19,383.4501647949219,387.2467010800201,379.65362850982365,383.4501647949219,320300
2012-07-20,375.8570556640625,383.45012749565973,368.26398383246527,379.65359157986114,1174600
2012-07-23,360.6710205078125,368.2640946237664,356.8744834498355,364.4675575657895,514800
2012-07-24,353.07781982421875,360.670891218288,349.28128412718416,356.8743555212534,587800
2012-07-25,341.688232421875,353.0778401692708,341.688232421875,353.0778401692708,301900
2012-07-26,353.07781982421875,360.670891218288,345.4847484301495,349.28128412718416,891100
2012-07-27,353.07781982421875,360.670891218288,353.07781982421875,360.670891218288,265900
2012-07-30,356.8743591308594,364.4674306017287,353.0778233954247,360.670894866294,375300
2012-07-31,364.46746826171875,368.264004389445,356.8743960062663,356.8743960062663,620400
2012-08-01,360.6710205078125,364.4675575657895,356.8744834498355,360.6710205078125,343500
2012-08-02,364.4344177246094,368.26397394580033,360.67090231805184,364.4674381319261,532200
2012-08-03,353.07781982421875,360.670891218288,341.68821273311494,356.8743555212534,624200
2012-08-06,345.48480224609375,353.077874822931,345.48480224609375,349.2813385345124,451700
2012-08-07,340.35601806640625,349.2812832475576,334.0951404976638,349.2812832475576,448100
2012-08-08,337.8917236328125,353.0778685151861,337.8917236328125,345.4847960739993,1240200
2012-08-09,330.29864501953125,341.68825346848064,330.29864501953125,334.09518116918105,1126000
2012-08-10,330.29864501953125,334.09518116918105,326.50210886988145,330.29864501953125,665500
2012-08-13,331.396240234375,334.0952012824437,326.50212852602453,330.29866490423416,375700
2012-08-14,334.09515380859375,337.8916896473278,330.2986179698597,330.2986179698597,335600
2012-08-15,330.29864501953125,341.68825346848064,330.29864501953125,337.89171731883084,437800
2012-08-16,334.09515380859375,337.8916896473278,330.2986179698597,334.09515380859375,403700
2012-08-17,345.48480224609375,349.2813385345124,337.8917296692565,337.8917296692565,1076700
2012-08-20,345.48480224609375,353.077874822931,345.48480224609375,349.2813385345124,244900
2012-08-21,341.688232421875,345.48476833767364,341.688232421875,345.48476833767364,208000
2012-08-22,341.688232421875,345.48476833767364,337.8916965060764,341.688232421875,384800
2012-08-23,341.688232421875,345.48476833767364,337.8916965060764,341.688232421875,288100
2012-08-24,334.09515380859375,337.8916896473278,330.2986179698597,337.8916896473278,474600
2012-08-27,334.09515380859375,337.8916896473278,334.09515380859375,337.8916896473278,225700
2012-08-28,330.29864501953125,337.89171731883084,330.29864501953125,334.09518116918105,318000
2012-08-29,330.29864501953125,334.09518116918105,326.50210886988145,330.29864501953125,521900
2012-08-30,330.29864501953125,334.09518116918105,326.50210886988145,330.29864501953125,396600
2012-08-31,330.29864501953125,334.09518116918105,326.50210886988145,330.29864501953125,256400
2012-09-03,330.29864501953125,337.89171731883084,326.50210886988145,334.09518116918105,878800
2012-09-04,330.29864501953125,341.68825346848064,330.29864501953125,341.68825346848064,881500
2012-09-05,334.09515380859375,337.8916896473278,330.2986179698597,330.2986179698597,744300
2012-09-06,330.29864501953125,334.09518116918105,330.29864501953125,334.09518116918105,187500
2012-09-07,337.8917236328125,341.6882598534059,334.0951874122191,337.8917236328125,696700
2012-09-10,341.688232421875,341.688232421875,334.09516059027777,334.09516059027777,304400
2012-09-11,337.8917236328125,337.8917236328125,334.0951874122191,334.0951874122191,207000
2012-09-12,337.8917236328125,341.6882598534059,334.0951874122191,337.8917236328125,698800
2012-09-13,337.8917236328125,341.6882598534059,334.0951874122191,337.8917236328125,264500
2012-09-14,345.48480224609375,345.48480224609375,337.8917296692565,337.8917296692565,1274500
2012-09-18,345.48480224609375,349.2813385345124,341.6882659576751,341.6882659576751,398300
2012-09-19,349.2812805175781,353.0778161753779,341.6882092019786,345.48474485977835,527900
2012-09-20,341.688232421875,349.28130425347223,341.688232421875,349.28130425347223,370200
2012-09-21,341.688232421875,345.48476833767364,337.8916965060764,341.688232421875,264400
2012-09-24,334.09515380859375,341.68822548606175,334.09515380859375,341.68822548606175,352600
2012-09-25,345.48480224609375,345.48480224609375,337.8917296692565,341.6882659576751,642300
2012-09-26,341.688232421875,345.48476833767364,337.8916965060764,345.48476833767364,648600
2012-09-27,341.688232421875,341.688232421875,337.8916965060764,337.8916965060764,151500
2012-09-28,341.688232421875,341.688232421875,334.09516059027777,337.8916965060764,450100
2012-10-01,334.09515380859375,341.68822548606175,334.09515380859375,337.8916896473278,178100
2012-10-02,334.09515380859375,337.8916896473278,334.09515380859375,334.09515380859375,149600
2012-10-03,326.5020446777344,334.09511548419334,326.5020446777344,334.09511548419334,490200
2012-10-04,334.09515380859375,337.8916896473278,326.5020821311257,330.2986179698597,506800
2012-10-05,334.09515380859375,337.8916896473278,330.2986179698597,337.8916896473278,365200
2012-10-09,334.09515380859375,337.8916896473278,330.2986179698597,330.2986179698597,140100
2012-10-10,334.09515380859375,334.09515380859375,326.5020821311257,334.09515380859375,398300
2012-10-11,326.5020446777344,334.09511548419334,326.5020446777344,330.29858008096386,279000
2012-10-12,326.5020446777344,330.29858008096386,326.5020446777344,330.29858008096386,318300
2012-10-15,330.29864501953125,330.29864501953125,322.7055727202317,330.29864501953125,382100
2012-10-16,337.8917236328125,337.8917236328125,326.5021149710323,330.2986511916257,395800
2012-10-17,337.8917236328125,341.6882598534059,334.0951874122191,337.8917236328125,351800
2012-10-18,349.2812805175781,353.0778161753779,337.89167354417884,341.6882092019786,1178900
2012-10-19,349.2812805175781,349.2812805175781,341.6882092019786,345.48474485977835,748500
2012-10-22,360.6710205078125,364.4675575657895,345.4848722759046,345.4848722759046,1337300
2012-10-23,375.8570556640625,375.8570556640625,364.4674479166667,364.4674479166667,964100
2012-10-24,372.0605773925781,375.857113896584,364.4675043845663,368.2640408885722,735600
2012-10-25,379.6535949707031,379.6535949707031,368.26398712158203,372.060523071289,659800
2012-10-26,372.0605773925781,379.6536504005899,368.2640408885722,379.6536504005899,355500
2012-10-29,375.8570556640625,379.65359157986114,368.26398383246527,368.26398383246527,585000
2012-10-30,372.0605773925781,375.857113896584,372.0605773925781,375.857113896584,302300
2012-10-31,379.6535949707031,383.4501309204101,375.8570590209961,375.8570590209961,1057600
2012-11-01,379.6535949707031,383.4501309204101,375.8570590209961,375.8570590209961,321500
2012-11-02,402.43280029296875,402.43280029296875,375.85704933022555,383.4501210338665,1733800
2012-11-05,391.043212890625,402.4328210330704,391.043212890625,398.6362849855886,501200
2012-11-06,383.4501647949219,391.04323736511833,383.4501647949219,391.04323736511833,299800
2012-11-07,383.4501647949219,391.04323736511833,383.4501647949219,387.2467010800201,546400
2012-11-08,379.6535949707031,387.24666687011717,379.6535949707031,383.4501309204101,303700
2012-11-09,375.8570556640625,379.65359157986114,375.8570556640625,379.65359157986114,215700
2012-11-12,368.2640075683594,375.8570798893565,364.46747140786084,372.0605437288579,306100
2012-11-13,368.2640075683594,368.2640075683594,360.6709352473623,364.46747140786084,410400
2012-11-14,360.6710205078125,368.2640946237664,360.6710205078125,364.4675575657895,429100
2012-11-15,375.8570556640625,375.8570556640625,360.67091200086804,364.4674479166667,754100
2012-11-16,387.2466735839844,387.2466735839844,375.85706553739664,379.65360155292586,595500
2012-11-19,394.8397521972656,394.8397521972656,391.04321611844574,391.04321611844574,519300
2012-11-20,391.043212890625,394.83974893810677,387.2466768431432,394.83974893810677,359000
2012-11-21,383.4501647949219,394.8397736502166,372.0605559396272,394.8397736502166,1321400
2012-11-22,402.43280029296875,402.43280029296875,391.0431927375074,394.8397285893278,998300
2012-11-26,406.2294006347656,417.61900999835717,406.2294006347656,410.0259370892961,1108200
2012-11-27,410.0259094238281,410.0259094238281,406.22937322545937,406.22937322545937,380900
2012-11-28,402.43280029296875,410.0258719966097,398.6362644411483,410.0258719966097,593000
2012-11-29,410.0259094238281,413.8224456221969,406.22937322545937,406.22937322545937,659700
2012-11-30,402.43280029296875,413.82240784843015,402.43280029296875,413.82240784843015,642500
2012-12-03,406.2294006347656,410.0259370892961,402.4328641802351,410.0259370892961,434500
2012-12-04,406.2294006347656,406.2294006347656,402.4328641802351,402.4328641802351,126500
2012-12-05,406.2294006347656,410.0259370892961,398.6363277257046,402.4328641802351,559800
2012-12-06,410.0259094238281,413.8224456221969,402.43283702709056,406.22937322545937,729200
2012-12-07,410.0259094238281,413.8224456221969,406.22937322545937,413.8224456221969,765400
2012-12-10,402.43280029296875,413.82240784843015,402.43280029296875,410.0258719966097,415800
2012-12-11,402.43280029296875,406.2293361447892,398.6362644411483,402.43280029296875,628800
2012-12-12,406.2294006347656,417.61900999835717,402.4328641802351,406.2294006347656,1568600
2012-12-13,410.0259094238281,417.6189818205657,410.0259094238281,413.8224456221969,895000
2012-12-14,413.8224182128906,417.6189541597979,410.0258822659834,410.0258822659834,1132200
2012-12-17,421.41558837890625,421.41558837890625,413.82251471442146,417.61905154666385,1115300
2012-12-18,429.0085754394531,429.0085754394531,421.41550330778136,425.21203937361724,697500
2012-12-19,440.398193359375,440.398193359375,429.00858491042567,429.00858491042567,1307700
2012-12-20,436.6015930175781,440.3981286090353,429.0085218346637,432.8050574261209,1013700
2012-12-21,440.398193359375,444.1947295090248,429.00858491042567,444.1947295090248,1198100
2012-12-25,440.398193359375,444.1947295090248,436.6016572097252,444.1947295090248,683600
2012-12-26,444.19476318359375,447.99129962106036,440.39822674612714,444.19476318359375,951600
2012-12-27,455.5843505859375,459.3808868408203,447.99127807617185,451.7878143310547,1119500
2012-12-28,459.38079833984375,466.9738693867833,455.58426281637395,459.38079833984375,857300
2013-01-04,474.56695556640625,478.36349121093747,470.770419921875,478.36349121093747,633800
2013-01-07,470.7705383300781,478.36361152895034,466.974001730642,474.56707492951426,821600
2013-01-08,478.3635559082031,493.5497005402096,470.7704835921999,474.5670197502015,1459700
2013-01-09,493.5496826171875,497.34621863731974,474.5670025165265,482.1600745567909,1629100
2013-01-10,489.753173828125,504.9393187530281,485.9566375968992,497.3462462905765,1325300
2013-01-11,489.753173828125,501.1427825218023,478.36356513444764,497.3462462905765,1494800
2013-01-15,485.9566345214844,497.34624314308167,485.9566345214844,493.54970693588257,777000
2013-01-16,493.5496826171875,497.34621863731974,489.7531465970553,489.7531465970553,1067500
2013-01-17,493.5496826171875,508.7358266977164,489.7531465970553,501.142754657452,2698200
2013-01-18,531.5150146484375,531.5150146484375,504.93926391601565,508.73579973493304,2705000
2013-01-21,523.9219360351562,531.5150075718976,512.5323287300441,527.7184718035269,1555800
2013-01-22,535.3115234375,542.9045946919326,523.921916555851,527.7184521830674,2053800
2013-01-23,535.3115234375,542.9045946919326,527.7184521830674,531.5149878102836,1204500
2013-01-24,539.1080932617188,546.7011649977993,531.5150215256382,535.3115573936784,2759800
2013-01-25,539.1080932617188,546.7011649977993,531.5150215256382,546.7011649977993,1122800
2013-01-28,535.3115234375,546.7011303191489,535.3115234375,546.7011303191489,705800
2013-01-29,527.718505859375,535.3115778861286,527.718505859375,531.5150418727518,691600
2013-01-30,539.1080932617188,539.1080932617188,527.718485657598,531.5150215256382,503200
2013-01-31,554.294189453125,558.0907249973245,535.3115117321275,535.3115117321275,2639200
2013-02-01,550.4976806640625,561.8872878502156,550.4976806640625,558.0907521214979,510500
2013-02-04,573.2769165039062,577.0734523747931,558.090773020359,561.8873088912459,1909000
2013-02-05,546.7011108398438,569.4803237915039,542.9045753479004,569.4803237915039,2305900
2013-02-06,558.0908203125,569.4804288903061,546.7012117346939,550.4977479272959,1825800
2013-02-07,554.294189453125,573.2768671741225,546.7011183647261,558.0907249973245,2023700
2013-02-08,535.3115234375,550.4976659463653,531.5149878102836,546.7011303191489,1188400
2013-02-12,535.3115234375,550.4976659463653,535.3115234375,546.7011303191489,698000
2013-02-13,520.12548828125,535.3116339244981,501.14280622718974,531.5150975136861,1176500
2013-02-14,512.5324096679688,520.1254824037906,504.939336932147,516.3289460358797,798000
2013-02-15,504.9393310546875,504.9393310546875,485.95664943609023,501.14279473096803,848900
2013-02-18,508.7357482910156,516.3288191610308,504.93921285600806,504.93921285600806,594700
2013-02-19,516.3289184570312,520.1254546221566,508.7358461267808,512.5323822919061,525400
2013-02-20,508.7357482910156,520.1253545960384,501.1426774210004,520.1253545960384,770400
2013-02-21,501.1427917480469,508.73586435029006,501.14279174804693,504.93932804916847,422800
2013-02-22,516.3289184570312,520.1254546221566,504.93930996165557,508.7358461267808,1348700
2013-02-25,539.1080932617188,539.1080932617188,523.9219497895576,527.718485657598,1143000
2013-02-26,523.9219360351562,535.3115433402684,520.1254002667855,523.9219360351562,1250700
2013-02-27,520.12548828125,527.7185611028741,520.12548828125,527.7185611028741,714600
2013-02-28,546.7011108398438,550.4976463317871,527.718433380127,531.5149688720703,2272400
2013-03-01,539.1080932617188,546.7011649977993,535.3115573936784,546.7011649977993,761600
2013-03-04,607.4456787109375,637.8179626464844,603.6491432189941,634.021427154541,7369100
2013-03-05,618.8353881835938,618.8353881835938,592.2596353168136,615.038852059768,2749400
2013-03-06,596.0560913085938,626.428376216038,596.0560913085938,626.428376216038,2414200
2013-03-07,592.2596435546875,599.8527159079528,588.4631073780549,596.0561797313201,1291900
2013-03-08,607.4456787109375,611.2422142028809,584.6664657592773,588.4630012512207,2943000
2013-03-11,607.4456787109375,618.8352851867676,603.6491432189941,615.0387496948242,1672400
2013-03-12,596.0560913085938,611.2422337623159,596.0560913085938,607.4456981488853,914600
2013-03-13,592.2596435546875,599.8527159079528,588.4631073780549,588.4631073780549,1057700
2013-03-14,611.2423095703125,611.2423095703125,596.0561652331619,596.0561652331619,1428700
2013-03-15,603.6492309570312,611.242303044541,599.8526949132763,607.4457670007862,1011400
2013-03-18,592.2596435546875,599.8527159079528,592.2596435546875,599.8527159079528,664100
2013-03-19,588.4631958007812,599.8528060420867,588.4631958007812,592.2597325478831,918900
2013-03-21,603.6492309570312,603.6492309570312,588.4630867820116,596.0561588695214,1232700
2013-03-22,596.0560913085938,603.6491625354548,596.0560913085938,596.0560913085938,633100
2013-03-25,584.6665649414062,603.649245621322,580.8700288054231,599.8527094853389,1431800
2013-03-26,584.6665649414062,588.4631010773894,577.0734926694399,584.6665649414062,751800
2013-03-27,607.7454833984375,607.7454833984375,592.3595217934138,592.3595217934138,820600
2013-03-28,603.89892578125,607.745415754379,592.359455861863,603.89892578125,1142600
2013-03-29,592.3594970703125,603.8989677924615,592.3594970703125,603.8989677924615,711400
2013-04-01,565.43408203125,600.0524952168367,561.5875916772959,600.0524952168367,930000
2013-04-02,565.43408203125,573.1270627391582,546.2016302614796,557.7411013233418,1422900
2013-04-03,569.280517578125,573.1270075617609,561.587537610853,561.587537610853,858100
2013-04-04,584.6666259765625,584.6666259765625,561.5876802143297,569.280662135074,1306800
2013-04-05,619.2848510742188,623.1313408324437,600.052402283094,603.898892041319,4608400
2013-04-08,626.97802734375,626.97802734375,615.4385544478528,623.131536378451,1657100
2013-04-09,623.1314086914062,630.8243890456212,619.2849185142989,626.9778988685138,2134000
2013-04-10,634.6708984375,646.2103693181818,623.1314275568182,626.9779178503787,4011300
2013-04-11,626.97802734375,650.0569731355445,623.131536378451,642.3639912049463,2537800
2013-04-12,626.97802734375,630.824518309049,619.2850454131518,630.824518309049,1688200
2013-04-15,615.4384155273438,623.1313957214355,611.5919254302978,619.2849056243896,720400
2013-04-16,600.0525512695312,611.5920234093298,596.206060556265,600.0525512695312,1291300
2013-04-17,596.2061157226562,607.7455889301916,596.2061157226562,600.0526067918347,1428600
2013-04-18,592.3594970703125,603.8989677924615,588.5130068295962,592.3594970703125,1284900
2013-04-19,584.6666259765625,592.3596078973067,580.8201350161903,588.5131169369346,1179100
2013-04-22,615.4384155273438,615.4384155273438,600.0524551391601,603.898945236206,2711000
2013-04-23,611.592041015625,619.2850226636202,607.7455501916273,615.4385318396227,1079800
2013-04-24,619.2848510742188,619.2848510742188,611.5918715577689,619.2848510742188,1048400
2013-04-25,611.592041015625,619.2850226636202,607.7455501916273,615.4385318396227,920100
2013-04-26,603.89892578125,619.2848856737659,603.89892578125,615.438395700637,1004300
2013-04-30,623.1314086914062,634.6708792227286,611.5919381600839,611.5919381600839,3094200
2013-05-01,615.4384155273438,626.9778858184814,615.4384155273438,623.1313957214355,999400
2013-05-02,623.1314086914062,623.1314086914062,611.5919381600839,615.4384283371913,457100
2013-05-07,630.8245239257812,642.3639969244236,623.1315419266864,630.8245239257812,2170200
2013-05-08,630.8245239257812,638.5175059248761,623.1315419266864,630.8245239257812,1573400
2013-05-09,630.8245239257812,642.3639969244236,626.9780329262338,638.5175059248761,1294300
2013-05-10,607.7454833984375,626.9779354047172,607.7454833984375,626.9779354047172,1980500
2013-05-13,607.7454833984375,615.4384642009494,607.7454833984375,611.5919737996935,625500
2013-05-14,611.592041015625,615.4385318396227,603.8990593676297,611.592041015625,1325700
2013-05-15,615.4384155273438,619.2849056243896,611.5919254302978,619.2849056243896,859900
2013-05-16,600.0525512695312,619.2850048358623,592.3595698429988,615.4385141225961,1658900
2013-05-17,626.97802734375,626.97802734375,600.0525905866565,607.7455725172546,1885700
2013-05-20,634.6708984375,634.6708984375,626.9779178503787,630.8244081439394,2138400
2013-05-21,692.3683471679688,696.2148379855686,634.6709849039713,642.363966539171,9009200
2013-05-22,719.2937622070312,757.7586692769261,711.6007807930523,734.6797250349891,5996400
2013-05-23,650.0568237304688,723.1401352741309,634.6708634054872,723.1401352741309,4735800
2013-05-24,653.9034423828125,684.6753690831802,634.6709881950827,676.9823874080882,2571100
2013-05-27,623.1314086914062,638.5173693998361,615.4384283371913,634.6708792227286,1579400
2013-05-28,634.6708984375,638.5173887310606,615.438446969697,619.2849372632576,1918100
2013-05-29,634.6708984375,646.2103693181818,626.9779178503787,646.2103693181818,1278500
2013-05-30,615.4384155273438,630.8243759155273,611.5919254302978,623.1313957214355,1721000
2013-05-31,611.592041015625,626.9780043116156,600.0525685436321,623.1315134876179,1345800
2013-06-03,584.6666259765625,603.899080778423,580.8201350161903,596.2060988576789,1321200
2013-06-04,588.5130004882812,592.359490687551,561.5875690933925,576.9735298904718,1719300
2013-06-05,573.1270751953125,600.0525082581795,573.1270751953125,588.5130369455222,1185700
2013-06-06,538.5086059570312,565.4340362548828,534.662115914481,550.0480760846818,1915300
2013-06-07,519.2763671875,530.8158420138889,503.8904007523148,523.1228587962963,1784300
2013-06-10,550.0482177734375,553.8947088068181,538.5087446732955,538.5087446732955,1236700
2013-06-11,546.2017211914062,557.7411941743233,546.2017211914062,553.8947031800176,1082400
2013-06-12,550.0482177734375,553.8947088068181,526.9692715731534,538.5087446732955,894300
2013-06-13,519.2763671875,538.5088252314815,519.2763671875,538.5088252314815,974800
2013-06-14,526.96923828125,534.6622198619982,523.1227474908759,523.1227474908759,1414900
2013-06-17,542.3551635742188,546.2016540960217,526.9692014870069,530.8156920088098,639600
2013-06-18,538.5086059570312,550.0480760846818,538.5086059570312,546.2015860421317,397800
2013-06-19,557.7410888671875,565.4340694032866,550.0481083310883,557.7410888671875,737800
2013-06-20,546.2017211914062,561.587685168629,546.2017211914062,550.0482121857119,771600
2013-06-21,530.8157348632812,546.2016981926517,523.122753198596,534.6622256956239,2598600
2013-06-24,523.1226806640625,538.5086418600644,523.1226806640625,538.5086418600644,582600
2013-06-25,519.2763671875,530.8158420138889,511.5833839699074,526.9693504050927,918400
2013-06-26,511.58319091796875,530.8156417043585,507.7367007606908,526.9691515470805,598500
2013-06-27,519.2763671875,523.1228587962963,500.04390914351853,515.4298755787037,859000
2013-06-28,538.5086059570312,538.5086059570312,519.2761557442801,523.1226457868303,1043600
2013-07-01,553.89453125,553.89453125,534.6620822482638,538.5085720486111,896800
2013-07-02,565.43408203125,565.43408203125,553.8946109693878,557.7411013233418,1117700
2013-07-03,550.0482177734375,561.5876908735795,550.0482177734375,561.5876908735795,845400
2013-07-04,550.0482177734375,553.8947088068181,546.2017267400568,550.0482177734375,533200
2013-07-05,565.43408203125,573.1270627391582,553.8946109693878,557.7411013233418,865700
2013-07-08,557.7410888671875,576.9735402074353,557.7410888671875,573.1270499393858,835600
2013-07-09,576.9735717773438,580.8200622558594,561.5876098632813,569.2805908203126,1006700
2013-07-10,588.5130004882812,611.5919416839001,580.8200200897417,584.6665102890114,2317800
2013-07-11,603.89892578125,611.591905727508,584.6664759156051,584.6664759156051,1500300
2013-07-12,607.7454833984375,607.7454833984375,596.2060121946697,607.7454833984375,1188800
2013-07-16,623.1314086914062,623.1314086914062,600.0524676287616,611.5919381600839,1951400
2013-07-17,611.592041015625,619.2850226636202,607.7455501916273,615.4385318396227,724700
2013-07-18,615.4384155273438,615.4384155273438,607.7454353332519,615.4384155273438,3184000
2013-07-19,603.89892578125,619.2848856737659,592.359455861863,619.2848856737659,1135000
2013-07-22,619.2848510742188,619.2848510742188,603.898892041319,611.5918715577689,604900
2013-07-23,611.592041015625,619.2850226636202,611.592041015625,615.4385318396227,437300
2013-07-24,611.592041015625,615.4385318396227,607.7455501916273,611.592041015625,412300
2013-07-25,607.7454833984375,619.2849546022053,607.7454833984375,619.2849546022053,377900
2013-07-26,596.2061157226562,603.8990978610132,596.2061157226562,603.8990978610132,374700
2013-07-29,573.1270751953125,592.3595273830747,565.4340943202076,588.5130369455222,735600
2013-07-30,584.6666259765625,588.5131169369346,569.280662135074,569.280662135074,556800
2013-07-31,576.9735717773438,592.3595336914062,573.1270812988281,576.9735717773438,495600
2013-08-01,588.5130004882812,588.5130004882812,576.9735298904718,576.9735298904718,605400
2013-08-02,607.7454833984375,607.7454833984375,592.3595217934138,596.2060121946697,596300
2013-08-05,573.1270751953125,580.8200560704173,550.0481325699978,569.28058475776,1199100
2013-08-06,573.1270751953125,576.973565632865,561.5876038826552,576.973565632865,1154200
2013-08-07,573.1270751953125,584.6665465079698,561.5876038826552,565.4340943202076,989200
2013-08-08,565.43408203125,584.6665338010205,565.43408203125,573.1270627391582,823200
2013-08-09,565.43408203125,573.1270627391582,565.43408203125,565.43408203125,576600
2013-08-12,573.1270751953125,576.973565632865,561.5876038826552,565.4340943202076,399000
2013-08-13,584.6666259765625,588.5131169369346,573.1271530954461,576.9736440558182,659400
2013-08-14,596.2061157226562,600.0526067918347,584.666642515121,588.5131335842995,576100
2013-08-15,584.6666259765625,596.2060988576789,580.8201350161903,592.3596078973067,642700
2013-08-16,580.8200073242188,596.2059677831385,573.1270270947589,576.9735172094888,654600
2013-08-19,584.6666259765625,592.3596078973067,580.8201350161903,580.8201350161903,433300
2013-08-20,573.1270751953125,592.3595273830747,573.1270751953125,584.6665465079698,547500
2013-08-21,569.280517578125,584.6664775126688,569.280517578125,573.1270075617609,411200
2013-08-22,569.280517578125,573.1270075617609,561.587537610853,573.1270075617609,503500
2013-08-23,584.6666259765625,588.5131169369346,576.9736440558182,580.8201350161903,673100
2013-08-26,584.6666259765625,588.5131169369346,573.1271530954461,588.5131169369346,390700
2013-08-27,576.9735717773438,584.666552734375,576.9735717773438,580.8200622558594,361400
2013-08-28,553.89453125,561.5875108506945,550.0480414496527,550.0480414496527,1071700
2013-08-29,553.89453125,569.2804904513888,550.0480414496527,557.7410210503472,715300
2013-08-30,553.89453125,561.5875108506945,550.0480414496527,561.5875108506945,428500
2013-09-02,553.89453125,557.7410210503472,553.89453125,553.89453125,307400
2013-09-03,569.280517578125,569.280517578125,561.587537610853,565.434027594489,626500
2013-09-04,569.280517578125,569.280517578125,557.741047627217,561.587537610853,421100
2013-09-05,569.280517578125,573.1270075617609,561.587537610853,569.280517578125,623700
2013-09-06,561.587646484375,569.280627943065,557.7411557550299,565.43413721372,789800
2013-09-09,573.1270751953125,576.973565632865,565.4340943202076,573.1270751953125,641200
2013-09-10,573.1270751953125,576.973565632865,565.4340943202076,573.1270751953125,1535100
2013-09-11,573.1270751953125,580.8200560704173,569.28058475776,573.1270751953125,1261600
2013-09-12,588.5130004882812,588.5130004882812,573.127039691202,576.9735298904718,1497700
2013-09-13,596.2061157226562,596.2061157226562,580.8201514459425,588.5131335842995,2308700
2013-09-17,588.5130004882812,596.2059808868208,580.8200200897417,596.2059808868208,508900
2013-09-18,588.5130004882812,592.359490687551,580.8200200897417,588.5130004882812,1134200
2013-09-19,600.0525512695312,600.0525512695312,584.6665884164663,588.5130791297325,1265400
2013-09-20,600.0525512695312,603.8990419827975,592.3595698429988,600.0525512695312,1080200
2013-09-24,596.2061157226562,600.0526067918347,584.666642515121,592.3596246534779,1463700
2013-09-25,588.5130004882812,596.2059808868208,584.6665102890114,592.359490687551,731500
2013-09-26,581.5892944335938,582.3585924421037,556.9717581612723,576.9735063825334,1302200
2013-09-27,590.821044921875,591.5903431574503,576.9736766815186,580.05086962382,1304000
2013-09-30,591.5902099609375,600.0524886469847,580.0507390254186,580.8200370877864,1267900
2013-10-01,597.74462890625,603.8990137598536,584.6665610923422,591.5902440526463,1671500
2013-10-02,584.6666259765625,606.9762735467208,582.3587314003391,600.8218880101253,1598100
2013-10-03,586.2052001953125,593.8981818251723,578.5122185654527,578.5122185654527,1178400
2013-10-04,577.7428588867188,586.2051377785349,576.9735608056445,586.2051377785349,959300
2013-10-07,570.8191528320312,579.2814313780588,570.8191528320312,577.742835278781,1099600
2013-10-08,573.1270751953125,575.434969457844,567.741988582739,569.28058475776,963000
2013-10-09,576.2042236328125,576.2042236328125,564.6647531995786,567.7419453151077,718600
2013-10-10,581.5892944335938,581.5892944335938,572.3577183314732,576.2042083740234,941100
2013-10-11,601.5911865234375,604.6683792933784,585.4359244812481,586.9745208662184,1535100
2013-10-15,603.89892578125,608.5147137490047,600.052435808121,603.89892578125,1191600
2013-10-16,605.4376220703125,612.3613051689565,603.1297277040978,603.8990258261693,916900
2013-10-17,606.9762573242188,614.6692390393546,599.2832756090829,614.6692390393546,832200
2013-10-18,606.20703125,611.5921190910533,600.8219434089467,604.6684347239848,623500
2013-10-21,612.3612670898438,614.6691613125441,603.8989882732756,606.206882495976,591400
2013-10-22,606.9762573242188,611.5920463533002,605.4376609811916,611.5920463533002,463400
2013-10-23,587.7437133789062,610.8226550037324,587.7437133789062,610.0533569495715,760800
2013-10-24,594.6674194335938,597.7446117721893,581.5893519945625,587.7437366717537,793600
2013-10-25,583.1279296875,594.6674005916062,580.8200355066788,594.6674005916062,1186200
2013-10-28,593.8981323242188,600.8218152140089,586.9744494344286,593.8981323242188,812400
2013-10-29,597.74462890625,601.5911194397522,586.9744554124436,589.282349732545,1018600
2013-10-30,603.1298217773438,606.2070147455955,596.2061375987773,600.0526288090921,1243500
2013-10-31,599.2831420898438,603.1296320904204,590.820864088575,597.7445460896131,922100
2013-11-01,586.9744873046875,589.2823817501843,576.9736113742013,588.5130836016854,1291600
2013-11-05,586.9744873046875,600.0525558291694,585.4358910076896,588.5130836016854,1055500
2013-11-06,597.74462890625,600.0525232263514,586.9744554124436,587.7437535191441,847200
2013-11-07,594.6674194335938,596.9753136875404,586.9744385871048,596.9753136875404,1009200
2013-11-08,599.2831420898438,601.5910360901897,585.4357780877677,585.4357780877677,925900
2013-11-11,600.0525512695312,602.360445697491,594.6674642709585,602.360445697491,614000
2013-11-12,614.6691284179688,614.6691284179688,597.7445716905653,601.5910618558843,1710900
2013-11-13,618.515625,620.8235191231344,610.0533465485075,613.8998367537314,1523600
2013-11-14,615.4384155273438,621.5927996826172,613.8998194885254,620.0542036437988,1098200
2013-11-15,617.746337890625,621.5928281639166,614.6691456719917,620.0542320546,1003200
2013-11-18,616.9771728515625,620.0543657336152,613.1306817489966,619.285067513102,676600
2013-11-19,604.6683349609375,615.4385088660941,602.3604405526896,615.4385088660941,778200
2013-11-20,603.89892578125,607.745415754379,602.3603297919984,603.89892578125,715500
2013-11-21,600.0525512695312,605.4376382681039,596.9753586989183,603.8990419827975,1146000
2013-11-22,611.592041015625,611.592041015625,596.2060777196344,597.7446740492335,2193900
2013-11-25,613.8998413085938,614.6691393553464,606.9761588878201,610.8226491215833,1418600
2013-11-26,615.4384155273438,619.2849056243896,610.0533293914795,613.1305214691162,1460900
2013-11-27,600.8218994140625,614.669267134233,600.0526012073864,610.8227761008523,1291000
2013-11-28,615.4384155273438,615.4384155273438,604.6682432556152,609.2840313720702,1037000
2013-11-29,618.515625,619.2849230410449,608.5147504664179,617.7463269589553,1291800
2013-12-02,598.5139770507812,611.5920459580606,596.206082537732,606.976256931962,2003800
2013-12-03,599.2831420898438,602.3603340903051,593.128758088921,601.5910360901897,2321900
2013-12-04,601.5911865234375,603.8990811008932,590.8210118286445,595.4368009835558,2137100
2013-12-05,596.9752807617188,608.5147513949994,596.2059827195,600.0524729305936,1851100
2013-12-06,609.2840576171875,611.5919517748284,593.1287985137014,593.8980965662485,1548000
2013-12-09,614.6691284179688,616.9770225171601,609.2840421865221,613.1305323518411,1537900
2013-12-10,611.592041015625,613.8999355100236,606.2069538620283,613.8999355100236,698200
2013-12-11,606.20703125,608.5149260390228,601.5912416719543,606.20703125,710200
2013-12-12,603.89892578125,605.4375217705016,596.205945834992,597.7445418242436,1035700
2013-12-13,600.0525512695312,608.5148308387169,595.4367624136117,601.5911475548377,1507300
2013-12-16,586.9744873046875,602.3604502746662,586.2051891561886,600.8218539776683,784400
2013-12-17,592.3594970703125,594.6673912147422,588.5130068295962,588.5130068295962,631900
2013-12-18,603.1298217773438,603.1298217773438,586.2052604519591,590.0517516622739,1152800
2013-12-19,600.8218994140625,606.2069868607955,599.2833030007102,603.899092240767,977000
2013-12-20,595.436767578125,600.0525564740794,593.1288731301478,595.436767578125,880100
2013-12-24,595.436767578125,596.2060657274508,591.5902768314963,593.1288731301478,1059900
2013-12-25,587.7437133789062,590.8209055955497,585.4358192164236,590.8209055955497,1104100
2013-12-26,600.0525512695312,603.1297438401442,590.051675415039,592.3595698429988,882300
2013-12-27,611.592041015625,611.592041015625,592.3595868956368,601.5911648732312,1201100
2013-12-30,619.2848510742188,619.2848510742188,611.5918715577689,613.8997654127038,1060100
2014-01-06,613.8998413085938,616.9770334956042,609.284053028078,615.438437402099,1060800
2014-01-07,615.4384155273438,618.5156076049805,612.361223449707,616.2077135467529,993400
2014-01-08,628.5164794921875,628.5164794921875,616.2077112279586,616.9770092444729,1476900
2014-01-09,626.2086791992188,628.5165735943018,621.5928904090525,626.2086791992188,970600
2014-01-10,636.2095336914062,636.9788317974418,612.361292404304,618.5156772525884,1785800
2014-01-14,620.8235473632812,627.7472300476302,617.7463550591262,621.5928454393201,1275200
2014-01-15,643.1332397460938,643.9025378797613,626.9779789390747,628.5165752064098,1604800
2014-01-16,642.3638916015625,650.0568723393058,640.0559973802395,649.2875742655315,1294800
2014-01-17,646.9796752929688,648.5182714292183,640.8252907479701,643.1331849523447,694400
2014-01-20,653.9034423828125,656.9806350528493,643.902566205193,648.5183552102482,944700
2014-01-21,659.2885131835938,663.9043020740273,652.3648298479434,653.9034261447546,1463100
2014-01-22,659.2885131835938,662.3657057772161,650.0569354027266,661.5964076288105,976700
2014-01-23,646.2105712890625,660.8272389729817,643.9026763916015,660.8272389729817,992500
2014-01-24,635.4402465820312,643.9025258948669,621.5928804337545,631.5937559852877,1018600
2014-01-27,607.7454833984375,621.5928488429589,607.7454833984375,613.1305699601958,1326000
2014-01-28,593.12890625,607.7455719033723,593.12890625,606.9762737110894,1407500
2014-01-29,600.8218994140625,603.1297940340909,596.2061101740056,600.8218994140625,721000
2014-01-30,580.8200073242188,586.9743915077867,579.2814112783268,586.9743915077867,1417100
2014-01-31,572.3578491210938,586.9745146228421,566.972761830976,584.6666200699345,1177700
2014-02-03,556.2025146484375,564.6647935711661,555.433216564553,563.1261974033973,694900
2014-02-04,453.88592529296875,483.88855425301244,442.3464526160289,483.88855425301244,4346400
2014-02-05,425.4218444824219,473.1183261422956,412.343776930521,473.1183261422956,6496300
2014-02-06,426.96051025390625,433.88419420396957,416.19033522047437,426.96051025390625,3417200
2014-02-07,439.2691650390625,443.1156551007005,431.5761849157864,432.34548292811405,2315900
2014-02-10,445.4236145019531,446.9622107523917,436.9613351245413,446.1929126271724,1726300
2014-02-12,464.65606689453125,472.3490481345069,446.9622100425872,446.9622100425872,2578200
2014-02-13,457.7323913574219,468.50256527171416,456.9630932206867,456.9630932206867,1566900
2014-02-14,455.4244689941406,472.3490269635175,450.80868045703784,463.886747978829,2797400
2014-02-17,450.0394287109375,465.42539208567035,446.9622360359909,458.50170856704057,1654200
2014-02-18,462.3481140136719,464.65600809360706,453.1165376939314,454.65513374722144,1197900
2014-02-19,460.0403137207031,467.7332955554975,458.50171735374425,461.578910087662,894400
2014-02-20,449.27008056640625,460.0402537306694,446.96218631692125,456.9630613980228,899100
2014-02-21,457.7323913574219,458.501689494157,450.8087081268054,450.8087081268054,913200
2014-02-24,447.7314758300781,459.27094685662655,441.5770912825856,454.6551584460072,1735200
2014-02-25,456.96307373046875,457.7323718343921,446.96219837946524,452.34728510692867,1669400
2014-02-26,450.80865478515625,454.65514501369853,447.7314626023224,449.2700586937393,748000
2014-02-27,443.11572265625,451.578002081977,440.0385301378038,450.03940582275385,1456500
2014-02-28,439.2691650390625,443.88495311302813,433.1147809404417,441.5770590760453,1189000
2014-03-03,428.49908447265625,436.1920662405675,423.1139972351184,432.3455753566119,993600
2014-03-04,430.80694580078125,432.34554203578404,423.1139646257673,423.8832627432687,758600
2014-03-05,433.8841857910156,438.49997500155837,433.1148875892585,435.4227821945299,908100
2014-03-06,437.7305603027344,438.4998582997515,424.65249435344356,432.3454743236146,1225700
2014-03-07,450.0394287109375,453.11662138588406,440.8078506860977,443.8850433610443,1526900
2014-03-10,443.885009765625,450.8086927602361,443.11571165511265,446.96220220767435,1087100
2014-03-11,443.11572265625,443.8850207858615,435.4227413601345,440.80782826741535,2069900
2014-03-12,425.4218444824219,436.1920177604579,425.4218444824219,436.1920177604579,1751200
2014-03-13,413.88232421875,426.19109222525555,412.34372821793676,425.42179422484895,1740300
2014-03-14,396.18853759765625,402.34292264771693,395.41923946639866,399.2657301226866,2297700
2014-03-17,386.1876525878906,398.4964223914887,381.5718639115413,396.1885280533141,1754900
2014-03-18,387.72625732421875,393.1113442314995,386.1876610649956,392.342046101888,1412900
2014-03-19,400.0350341796875,405.4201211782602,386.9569657545823,386.9569657545823,1796100
2014-03-20,390.803466796875,406.1894300565945,390.034168633889,401.57364107867863,1900800
2014-03-24,380.03326416015625,399.2657167998402,377.72536984339416,386.18764900485513,1723300
2014-03-25,371.57098388671875,380.03326302285524,369.26308957686336,379.26396491957007,2300000
2014-03-26,366.9552001953125,372.3402869906315,359.2622190591424,369.2630945361635,3023300
2014-03-27,369.3125305175781,370.88407320063163,357.5259603946767,370.0983018591049,2477700
2014-03-28,370.0982971191406,375.59869643938265,363.0263551359723,366.9552117932881,2605700
2014-03-31,386.5994873046875,388.17102993600736,372.4556036228087,376.38446020110837,2457800
2014-04-01,381.88482666015625,389.7425391428755,381.88482666015625,387.38522539805973,1734100
2014-04-02,398.38604736328125,405.45798903245196,385.02793532151446,387.385249211238,2439700
2014-04-03,403.1007080078125,410.17265025356363,398.38607984397845,398.38607984397845,2865300
2014-04-04,399.1718444824219,404.67224391426623,396.8145304402028,402.31492987204723,1379500
2014-04-07,390.5283508300781,393.67143614863005,387.3852655115262,392.0998934893541,1320300
2014-04-08,388.1710510253906,393.6714505338476,384.2421942336357,386.59950830868866,1535300
2014-04-09,385.8136901855469,388.1710039748679,381.09906260690474,387.38523271176086,1892800
2014-04-10,378.7417907714844,390.52836102370895,376.38447672103945,388.171046973264,1868800
2014-04-11,368.5267639160156,372.4556206741821,366.95522121274905,370.0983066192822,1661700
2014-04-14,361.454833984375,365.3836908755095,359.09751984969427,365.3836908755095,1768000
2014-04-15,363.0263671875,370.09830940543833,362.2405958299513,364.5979099025974,1476000
2014-04-16,367.7409973144531,370.0983113998022,362.240597781972,363.026369143755,1823100
2014-04-17,369.3125305175781,375.5987012497922,369.3125305175781,369.3125305175781,1320800
2014-04-18,380.31329345703125,382.67060725945083,374.8128945847188,374.8128945847188,1297300
2014-04-21,378.7417907714844,388.95681832341234,377.95601942133607,381.0991048219293,947900
2014-04-22,377.17022705078125,385.813711420695,376.38445574442545,381.88485488891604,717000
2014-04-23,380.31329345703125,381.88483599197764,376.3844371196652,379.52752218955806,645000
2014-04-24,381.09906005859375,389.74254389497423,378.7417462850354,382.67060257429927,946500
2014-04-25,382.670654296875,388.17105384529003,378.74179747657854,381.0991115687564,878900
2014-04-28,392.0998840332031,396.81451189732985,379.5275430621986,381.88485699426195,1613200
2014-04-30,392.8856201171875,404.6721887207031,392.0998488769531,392.8856201171875,1861100
2014-05-01,402.31494140625,404.67225551605225,390.52837085723877,392.09991359710693,1343800
2014-05-02,406.2438049316406,409.38689046302665,399.1718624860221,399.1718624860221,1166300
2014-05-07,388.9567565917969,402.31486742424244,387.38521414092094,400.7433249733665,1496100
2014-05-08,401.5291748046875,403.1007175632186,390.5283754949701,392.8856896327666,1419900
2014-05-09,396.0287170410156,402.31488715277777,393.6714032491048,396.8144883049859,1066600
2014-05-12,394.4571838378906,403.1006679458922,389.742556142617,399.95758281570977,1160300
2014-05-13,388.9567565917969,399.9575537479285,386.59944291548294,398.38601129705256,1365400
2014-05-14,385.8136901855469,390.52831776418896,383.4563763962258,389.74254650108196,1128700
2014-05-15,387.3852844238281,388.1710557918278,381.0991134798309,384.24219895182955,765700
2014-05-16,371.6698303222656,378.7417721254377,370.88405901080205,377.95600081397413,2039000
2014-05-19,365.3836669921875,374.0271515877016,363.81212433845764,369.3125236265121,904000
2014-05-20,366.1694641113281,370.09832102239386,363.8121499646887,368.5267782579676,789200
2014-05-21,360.66900634765625,365.3836338816125,357.5259213250187,365.3836338816125,1026000
2014-05-22,370.0982971191406,373.24138244499323,363.0263551359723,363.0263551359723,1105400
2014-05-23,371.6698303222656,377.1702295025106,369.31251638787495,374.8129155681199,885300
2014-05-26,376.38446044921875,376.38446044921875,370.8840612359734,376.38446044921875,956700
2014-05-27,378.7417907714844,384.2421902225225,377.17024807118776,377.17024807118776,1108600
2014-05-28,382.670654296875,384.2421970249936,379.52756884063785,379.52756884063785,833400
2014-05-29,383.4563903808594,385.81370425615154,382.67061908909534,384.24216167262347,988000
2014-05-30,387.3852844238281,389.7425985278271,382.67065621583026,386.5995130558285,1413600
2014-06-02,399.1718444824219,399.1718444824219,391.31413100835846,391.31413100835846,1292300
2014-06-03,407.029541015625,410.9583975891349,399.17182786860525,400.7433704980092,1875200
2014-06-04,405.4579772949219,410.1726049378861,403.1006634734398,407.02951984257663,1437400
2014-06-05,406.2438049316406,407.02957631448714,401.5291766345616,406.2438049316406,749200
2014-06-06,415.67303466796875,418.0303486641954,405.4580073509865,407.02955001513766,1985500
2014-06-09,411.74420166015625,419.60191543229666,411.74420166015625,414.10151579179836,1352600
2014-06-10,400.7433776855469,414.1014902750651,398.3860636991613,412.5299476174747,1598500
2014-06-11,399.9576110839844,401.5291537601493,396.02875439357194,398.3860684078194,974500
2014-06-12,399.1718444824219,400.7433871772345,392.8856737031711,394.4572163979838,1066000
2014-06-13,401.5291748046875,402.31494618395305,394.45723239129774,394.45723239129774,1436800
2014-06-16,399.9576110839844,408.6010958028917,399.1718397459019,403.8864677743968,653800
2014-06-17,396.81451416015625,401.529142051168,396.0287428449876,399.1718281056621,845400
2014-06-18,407.029541015625,408.601083645029,398.38605655390325,400.7433704980092,1419400
2014-06-19,410.1726989746094,414.88732769845546,408.6011560666607,409.386927520635,1104800
2014-06-20,399.9576110839844,412.5299524933041,399.1718397459019,408.6010958028917,1702300
2014-06-23,403.1007080078125,407.02956481100756,399.9576225652565,400.7433939258955,973200
2014-06-24,408.6011047363281,409.3868760915903,399.1718484731821,403.10070524949293,1049100
2014-06-25,403.1007080078125,408.6011075322856,401.5291652865345,408.6011075322856,846800
2014-06-26,405.4579772949219,407.815291116404,402.3148921996124,406.24374856874925,640300
2014-06-27,403.1007080078125,409.3868788929246,399.9576225652565,405.4580220897296,1200900
2014-06-30,409.3868103027344,410.1725815317223,403.88641169981855,403.88641169981855,735100
2014-07-01,414.1015319824219,415.67307479829446,407.81536071893163,410.95844635067675,1438700
2014-07-02,418.03033447265625,424.3165049158541,414.1014779456576,414.88724925105737,1691100
2014-07-03,418.03033447265625,420.38764838885544,413.3157066402579,419.60187708345575,1059100
2014-07-04,436.1031188964844,436.88889028188345,421.9592339593011,422.7450053447002,2434900
2014-07-07,436.8887939453125,447.1038197030266,436.10302273318064,440.81765000597176,2673500
2014-07-08,438.4604187011719,440.03196142053093,427.4596196656586,432.9600191834152,1473300
2014-07-09,429.8168640136719,432.9599489424739,425.8880078526694,432.1741777102734,1402200
2014-07-10,422.74493408203125,434.5315028761399,421.95916282909064,432.9599603702587,1136500
2014-07-11,415.67303466796875,415.67303466796875,410.1726353434399,415.67303466796875,1333900
2014-07-14,417.2445068359375,421.1733628325094,411.7441084407368,414.8871932379943,930400
2014-07-15,414.8872985839844,421.9592411734841,414.10152718515104,421.1734697746508,973200
2014-07-16,412.5299987792969,418.8161701892671,411.7442273530506,414.8873130580357,827100
2014-07-17,407.8153381347656,415.6730517789808,404.6722526770796,414.10150905013774,1259100
2014-07-18,403.1007080078125,403.88647936845155,397.60030848333946,401.5291652865345,1546100
2014-07-22,414.1015319824219,417.244617614167,405.45804649512274,405.45804649512274,1419500
2014-07-23,414.1015319824219,417.244617614167,413.3157605744856,414.1015319824219,674300
2014-07-24,411.74420166015625,417.24460130065455,409.38688752851414,412.5299730373703,727100
2014-07-25,411.74420166015625,414.10151579179836,408.6011161513001,414.10151579179836,546000
2014-07-28,420.3876647949219,421.9592074670524,411.74418009820386,411.74418009820386,1096200
2014-07-29,425.10223388671875,428.2453187953082,420.3876065238346,420.3876065238346,934600
2014-07-30,422.74493408203125,428.24533285261526,421.95916282909064,425.88801909379356,820600
2014-07-31,426.673828125,430.60268473756906,423.53074283494476,424.3165141574586,1608000
2014-08-01,412.5299987792969,421.17348446800594,410.17268450055803,418.8161701892671,1648600
2014-08-04,403.8864440917969,405.45798667581164,393.67141729570085,404.67221538380426,2112100
2014-08-05,390.5283508300781,407.02954875247576,388.17103684116415,406.2437774228378,2706600
2014-08-06,382.670654296875,392.0999106655865,381.0991115687564,391.31413930152723,1641400
2014-08-07,381.88482666015625,385.8136829015159,376.38442792225277,384.242140404972,1421100
2014-08-08,376.38446044921875,381.8848596624641,374.8129178168629,380.3133170301083,1868500
2014-08-11,386.5994873046875,387.38525862034743,378.74177414808815,381.099088095068,1056800
2014-08-12,390.5283508300781,392.88566481899204,387.3852655115262,387.3852655115262,1137300
2014-08-13,392.0998840332031,395.24296927595424,388.17102747976423,388.956798790452,989200
2014-08-14,395.2430114746094,397.60032565835456,392.8856972908642,392.8856972908642,952300
2014-08-15,395.2430114746094,397.60032565835456,394.45724008002765,394.45724008002765,603600
2014-08-18,395.2430114746094,398.3860970529363,394.45724008002765,394.45724008002765,528400
2014-08-19,399.1718444824219,401.5291585246409,396.8145304402028,398.3860731350155,716600
2014-08-20,398.38604736328125,400.7433612530048,397.6002760667067,399.1718186598558,894500
2014-08-21,399.1718444824219,400.7433871772345,397.60030178760917,398.3860731350155,721100
2014-08-22,399.9576110839844,400.7433824220668,397.6002970697369,399.1718397459019,1026400
2014-08-25,404.6722106933594,406.24375325915884,397.6002691472618,399.1718117130613,963600
2014-08-26,408.6011047363281,410.17264744685247,401.5291625389686,403.8864766047551,1411900
2014-08-27,405.4579772949219,407.02951984257663,399.17180710430296,406.24374856874925,1791700
2014-08-28,395.2430114746094,401.5291826312632,394.45724008002765,399.95763984209975,1902100
2014-08-29,400.7433776855469,402.31492034313726,393.67143572639014,394.45720705518534,1026700
2014-09-01,451.0327453613281,451.03274536132807,423.53074869295443,432.1742333601576,8363200
2014-09-02,453.3900146484375,458.1046421837765,444.7465308336492,451.8184721366578,4196600
2014-09-03,447.8896789550781,454.175849887781,447.1039075884903,452.6043071546053,1951500
2014-09-04,461.2477722167969,464.3908575470647,448.67543089572575,448.67543089572575,4063500
2014-09-05,462.03350830078125,465.96236466388314,458.89042321029973,463.605050846022,2342200
2014-09-08,463.6050720214844,472.2485564151052,462.81930071297336,468.3196998725503,2426100
2014-09-09,460.4620056152344,465.9624049997167,459.67623427459404,462.03354829651505,1374500
2014-09-10,462.81927490234375,464.3908174317236,456.5331047848247,457.3188760495146,1064700
2014-09-11,470.677001953125,470.677001953125,462.81928906576064,466.74814550944285,1868200
2014-09-12,473.820068359375,476.9631533899513,467.5338982982224,468.3196695558665,3048000
2014-09-16,473.820068359375,481.6777809358157,472.2485258440868,476.17738213230723,1447100
2014-09-17,469.1054992675781,475.39167011203483,463.60509977867855,473.8201274009206,1823600
2014-09-18,476.1774597167969,479.32054525948206,470.6770600170979,472.2486027884405,1398800
2014-09-19,480.10626220703125,482.4635760967548,476.9631770207332,477.74894831730774,1776700
2014-09-22,476.9632263183594,480.892083207308,470.67705529604166,480.892083207308,1427600
2014-09-24,482.4635925292969,483.2493638526345,475.3916506192583,476.1774219425959,1072500
2014-09-25,485.606689453125,488.7497748217536,483.2493754266535,487.1782321374393,922800
2014-09-26,488.749755859375,490.32129848271705,477.7489574959807,480.10627143099373,1316100
2014-09-29,517.03759765625,528.8241690313924,495.82176918099356,495.82176918099356,4766800
2014-09-30,508.39410400390625,515.4660467180255,501.322161289787,514.6802753053456,2237600
2014-10-01,504.4652099609375,513.8944662218896,502.10789589569947,510.7513808015722,2100300
2014-10-02,490.32122802734375,502.89356720753204,487.9639144310584,501.3220248100085,2508100
2014-10-03,494.2501220703125,498.1789783665789,485.6066382185265,487.178180737033,1790500
2014-10-06,515.4658813476562,518.60896599002,502.1077716176103,502.8935427782012,2287300
2014-10-07,498.1789855957031,512.3228684675055,496.60744305439175,511.53709719684974,2156600
2014-10-08,484.82098388671875,487.17829823300747,479.3205837453783,483.24944098919286,1502400
2014-10-09,475.3916320800781,491.107057933965,475.3916320800781,489.5355153485763,1185900
2014-10-10,467.5339050292969,471.4627613740809,460.46196360868566,470.6769901051241,1849900
2014-10-14,454.1758728027344,463.60512967753164,453.3901013965013,454.96164420896747,1216900
2014-10-15,455.74737548828125,465.96240286991514,451.0327474659887,459.6762321735251,1706700
2014-10-16,438.4604187011719,448.67544637700564,436.8888759818128,448.67544637700564,1463500
2014-10-17,425.8880920410156,440.81774840407707,425.10232065348606,436.10312007889974,1929000
2014-10-20,459.6762390136719,463.6050957573785,440.81772664388023,441.60349799262156,2788900
2014-10-21,437.6745910644531,457.31887253054174,435.3172772885225,455.7473300132546,1992400
2014-10-22,449.4612121582031,450.24698350813003,440.03195595908,445.5323554085685,1812300
2014-10-23,451.81854248046875,459.67625626273775,444.7466000764266,448.6754569675611,1112200
2014-10-24,447.1038513183594,461.24773413686637,444.7465375152749,459.6761916014767,1292300
2014-10-27,431.3885192871094,447.8897194784196,429.8169764117465,446.3181766030567,2856000
2014-10-28,439.2461853027344,440.03195665390206,429.0311577375545,431.38847179105755,2020700
2014-10-29,443.96075439453125,450.24692436825916,440.8176694076673,440.8176694076673,1420600
2014-10-30,438.4604187011719,447.1039036576466,438.4604187011719,442.38927549956946,1078800
2014-10-31,454.9616394042969,456.53318220016666,439.2462114455993,442.3892970373388,1229800
2014-11-04,474.6058349609375,486.3924037099674,467.53389371151957,468.31966496145486,2988400
2014-11-05,495.0359802246094,497.3932944161552,471.46283830915183,472.24860970633375,3794300
2014-11-06,486.3924560546875,498.9647974066665,484.8209133856901,491.89285539617833,2149800
2014-11-07,480.8919677734375,491.1069932326772,477.7488830167484,487.1781372868158,1782600
2014-11-10,493.46435546875,495.03589800209,475.39161633534036,481.6777864687003,1298500
2014-11-11,500.53631591796875,502.8936298076923,489.53551776592553,493.4643742487981,1403200
2014-11-12,493.46435546875,504.4651532021298,491.89281293541006,502.89361066878985,1419200
2014-11-13,499.7505187988281,503.67937507869317,491.1070349831252,491.89280623909815,1267500
2014-11-14,500.53631591796875,504.46517240084137,493.4643742487981,504.46517240084137,1320000
2014-11-17,488.749755859375,502.1078681577823,485.6066706126909,501.3220968461113,1273500
2014-11-18,497.393310546875,498.1790819695399,487.17828205223145,487.96405347489633,870700
2014-11-19,495.0359802246094,501.3221514020648,495.0359802246094,497.3932944161552,833700
2014-11-20,487.9640197753906,495.82173345937434,487.9640197753906,495.82173345937434,704800
2014-11-21,491.8927917480469,493.46433421369557,476.9631383243841,487.17816435110075,1665800
2014-11-25,491.10699462890625,495.82162177734375,488.74968105468747,495.03585058593745,1276600
2014-11-26,491.10699462890625,493.464308203125,487.178138671875,490.32122343749995,875700
2014-11-27,490.32122802734375,493.4643128223908,484.0350584372496,490.32122802734375,1006900
2014-11-28,505.2509765625,506.0367479101866,491.10709230414074,491.10709230414074,1939800
2014-12-01,514.6802368164062,514.6802368164062,506.03675192330627,506.03675192330627,1522800
2014-12-02,513.1087036132812,514.6802463502285,506.03676129701853,510.7513895078603,1000800
2014-12-03,520.1805419921875,522.5378556265932,513.1086010889704,513.1086010889704,1329800
2014-12-04,524.8953247070312,525.6810961512034,519.3949245978258,521.7522389303424,1052300
2014-12-05,539.0390625,539.0390625,522.5378667091837,525.6809516217202,1842800
2014-12-08,542.1822509765625,549.2541933806045,539.0391654636549,549.2541933806045,1404300
2014-12-09,550.8256225585938,555.5402498558142,542.1821391803562,542.9679103965595,2046200
2014-12-10,537.4676513671875,547.6826798288446,535.1103371068051,547.6826798288446,1073800
2014-12-11,527.2525634765625,532.7529627974804,523.323706818764,532.7529627974804,834000
2014-12-12,525.6809692382812,535.1102242918827,524.8951979838145,529.6098255106152,1218200
2014-12-15,525.6809692382812,528.8240542561484,518.6090279480801,520.9663417114805,1112500
2014-12-16,509.9656677246094,521.7522393977514,507.608353389981,520.1806965079991,1011300
2014-12-17,507.6083068847656,513.1087064949721,502.8936786474458,508.39407825765227,1021100
2014-12-18,523.3236694335938,530.3956109124262,517.0374992301872,517.8232705056131,1344600
2014-12-19,530.3955688476562,536.6817385525173,525.6809415690104,529.6097976345486,1556300
2014-12-22,587.7569580078125,608.9727840321586,547.6826199618253,553.9687906357057,23254100
2014-12-24,567.3269653320312,616.8305648000617,541.3965084678249,593.2574221962377,16799200
2014-12-25,557.1119995117188,571.2558866643435,552.3973704608438,564.1839430880311,3773500
2014-12-26,557.1119995117188,567.3270291219477,553.9689134778022,553.9689134778022,1936400
2014-12-29,550.8256225585938,564.1837332340517,545.3252240451698,564.1837332340517,1907100
2014-12-30,551.6114501953125,558.6833918644832,548.4683650090144,550.825678898738,1732600
2015-01-05,552.397216796875,558.6833871160429,544.5395038979152,550.825674217083,1217500
2015-01-06,532.7529296875,542.967956362924,531.9671584047751,540.6106425147492,1616600
2015-01-07,527.2525634765625,534.3245054605999,526.4667921450028,527.2525634765625,1500300
2015-01-08,529.6098022460938,535.1102007857417,527.2524885862447,532.7528871258926,1168800
2015-01-09,524.8953247070312,536.6818963696143,521.7522389303424,535.1103534812698,1281300
2015-01-13,511.53717041015625,518.6091128582229,503.67945657897104,518.6091128582229,1548300
2015-01-14,499.7505187988281,511.53708763842315,497.39320503090914,511.53708763842315,1352100
2015-01-15,509.17987060546875,510.75141341597947,499.75061374240454,502.1079279581706,1041800
2015-01-16,504.4652099609375,505.25098131601686,495.82172505506475,502.10789589569947,1249900
2015-01-19,506.03668212890625,513.1086233387823,502.8935971467391,509.9655383566152,748200
2015-01-20,516.2517700195312,517.0375413589826,504.46519992776115,507.6082852855665,918800
2015-01-21,506.03668212890625,513.1086233387823,501.32205465565556,513.1086233387823,1224500
2015-01-22,505.2509765625,508.3940619532465,499.7505771286936,506.82251925787324,719800
2015-01-23,518.6090698242188,518.6090698242188,506.8225000554865,513.1086705988104,1472900
2015-01-26,520.1805419921875,521.7520844151246,509.17974503162765,510.7512874545648,666700
2015-01-27,521.752197265625,524.8952827913215,516.2517975956561,523.3237400284733,873100
2015-01-28,529.6098022460938,532.7528871258926,512.3228354072005,514.6801490670496,1054000
2015-01-29,517.8232421875,528.8240394418626,515.4659284901365,525.6809545120448,968100
2015-01-30,510.7513122558594,522.5378810002254,508.3939985069862,514.6801685039813,1265900
2015-02-02,502.8935852050781,506.8224413394928,500.5362715244293,503.679356431961,1071000
2015-02-03,509.9656677246094,527.2526395118844,506.8225819451049,509.96566772460943,2040000
2015-02-04,523.3236694335938,524.8952119844454,517.8232705056131,518.6090417810389,1817200
2015-02-05,523.3236694335938,530.3956109124262,510.7513290267807,526.466754535297,1957600
2015-02-06,517.8232421875,524.8951832795902,516.2516997225911,522.5378695822268,961100
2015-02-09,525.6809692382812,528.0382830016816,519.3947992025469,520.1805704570137,985500
2015-02-10,525.6809692382812,527.2525117472148,520.1805704570137,521.7521129659473,1096900
2015-02-12,530.3955688476562,536.6817385525173,527.2524839952257,529.6097976345486,1296200
2015-02-13,526.466796875,531.9671962453358,523.3237115205224,531.1814249067164,1019000
2015-02-16,528.8240356445312,531.9671205517795,519.3947809227863,526.466721964095,1281600
2015-02-17,542.1822509765625,544.5395651112432,524.1095092773437,524.1095092773437,1199900
2015-02-18,543.7537841796875,552.3972691883241,542.968012815266,546.1110982729521,1198700
2015-02-19,539.8248291015625,546.1109988727598,537.4675154373635,542.1821427657615,776200
2015-02-20,539.8248291015625,543.7536852085608,538.2532866587632,539.0390578801629,722900
2015-02-23,543.7537841796875,546.1110982729521,538.253384628737,544.539555544109,771700
2015-02-24,542.968017578125,546.8968744346961,542.1822462068108,545.3253316920676,813600
2015-02-25,537.4676513671875,544.5395941483347,535.8961085269326,542.9680513080798,884800
2015-02-26,536.6817626953125,540.6106189375915,528.0382789622987,540.6106189375915,811000
2015-02-27,530.3955688476562,537.467509765625,525.6809415690104,534.3244249131944,1568800
2015-03-02,528.0382690429688,531.1813539777484,520.1805567060198,530.3955827440534,1208000
2015-03-03,514.6802368164062,531.9672066026061,512.3229227546517,531.9672066026061,1554400
2015-03-04,513.1087036132812,516.2517890871758,506.03676129701853,515.4660177187021,1117000
2015-03-05,510.7513122558594,514.6801685039813,508.3939985069862,512.3228547551082,963900
2015-03-06,514.6802368164062,517.0375508781608,508.3940659850608,509.179837338979,953100
2015-03-09,507.6083068847656,510.7513923763122,506.822535511879,509.96562100342555,1032200
2015-03-10,500.53631591796875,512.3228853665865,495.03591684194714,506.82248629056494,1809000
2015-03-11,496.6075134277344,500.5363703377639,491.107113753693,495.82174204572846,1534200
2015-03-12,496.6075134277344,500.5363703377639,492.67865651770484,498.17905619174616,1343300
2015-03-13,498.9647521972656,504.4651510403851,498.1789809339628,502.10783725047673,1952200
2015-03-16,495.8216552734375,501.32205398487025,494.25011278445675,498.96474025139906,1200100
2015-03-17,496.6075134277344,502.1079131017757,494.2501992817166,501.32214171976983,1147700
2015-03-18,502.10791015625,503.6794529110427,497.3932818918721,500.53636740145737,1000900
2015-03-19,493.46435546875,502.10783940211985,492.67858420208,502.10783940211985,1536800
2015-03-20,491.8927917480469,495.82164791216866,488.74970681674944,495.0358766793443,1420400
2015-03-23,497.393310546875,498.96485339220476,491.1071391655559,491.8929105882208,768700
2015-03-24,502.8935852050781,506.03667011260984,495.8216441631317,498.1789578437805,971400
2015-03-25,499.7505187988281,505.2509175906392,496.60743377493617,504.46514633466614,907000
2015-03-26,495.8216552734375,501.32205398487025,494.25011278445675,501.32205398487025,961700
2015-03-27,489.43426513671875,504.6043320822288,485.44214225632135,494.2248125931956,1691600
2015-03-30,497.4185791015625,500.61227784378764,487.83748287488714,490.23275693155597,1417400
2015-03-31,495.0232238769531,506.9995921965568,495.0232238769531,501.4106203140751,1526400
2015-04-01,491.8296203613281,499.81386744511593,489.4343462361918,494.22489448646445,1622600
2015-04-02,500.6121826171875,504.6043052855861,488.63581461199163,488.63581461199163,1603400
2015-04-03,505.40277099609375,505.40277099609375,499.0153742062537,500.6122234037137,605000
2015-04-06,498.217041015625,503.0075894869291,495.82176677997296,503.0075894869291,791200
2015-04-07,500.6121826171875,503.00745621822665,495.82163541510914,497.4184844824686,868100
2015-04-08,503.0075378417969,506.99966115800163,502.2091131785559,502.2091131785559,1012300
2015-04-09,500.6121826171875,505.40272981926586,497.4184844824686,503.00745621822665,886000
2015-04-10,488.6358337402344,499.81377764932466,487.83740917529934,498.21692851945465,1962700
2015-04-13,494.2248229980469,494.2248229980468,490.2327000336038,490.2327000336038,994700
2015-04-14,510.99176025390625,514.1854587554932,494.224843120575,495.0232677459717,2398200
2015-04-15,510.99176025390625,513.3870341300965,505.40278787612914,511.790184879303,1101100
2015-04-16,523.7666625976562,524.5650873882014,510.1934411583877,510.9918659489329,1788200
2015-04-17,525.363525390625,530.9524990649934,521.3714013375047,522.1698261481288,1877200
2015-04-20,521.3712768554688,526.9602491954201,518.9760029954896,519.7744276154826,808600
2015-04-21,522.9681396484375,523.7665642891221,516.5807425229603,520.5728657263836,1241100
2015-04-22,523.7666625976562,528.5572113409274,522.1698130165659,523.7666625976562,782400
2015-04-23,525.363525390625,530.1540742543693,522.9682509587528,525.363525390625,809900
2015-04-24,528.55712890625,530.1539782382931,523.7665809101209,526.960279574207,788900
2015-04-27,529.3555908203125,533.3477144313255,526.9603166537048,527.7587413759073,942700
2015-04-28,532.54931640625,534.1461659307065,529.355617357337,529.355617357337,866400
2015-04-30,529.3555908203125,534.9445638757306,526.9603166537048,530.9524402647177,974600
2015-05-01,522.9681396484375,525.3634135704914,519.774441085699,523.7665642891221,745500
2015-05-07,522.9681396484375,530.1539614145992,521.3712903670682,522.9681396484375,687700
2015-05-08,527.7586669921875,528.557091601858,519.7744208954826,523.7665439438351,734400
2015-05-11,530.1539916992188,536.5413891895707,528.5571423266307,530.1539916992188,970900
2015-05-12,554.106689453125,566.8814834462806,534.9444984633916,536.541347712536,3839500
2015-05-13,554.9051513671875,558.8972747583183,546.9209045849258,548.5177539413781,1844300
2015-05-14,549.3161010742188,558.897195860397,547.7192519431891,553.308223901793,1414600
2015-05-15,538.13818359375,554.10667568852,535.7429097795346,550.912977269566,1654500
2015-05-18,547.7191772460938,550.1144506159746,540.5333571364512,543.727054962959,1196700
2015-05-19,548.5177001953125,551.7113985952852,544.5255771953466,548.5177001953125,1004000
2015-05-20,549.3161010742188,552.5097993362782,546.1224028121594,550.1145256397336,796500
2015-05-21,552.509765625,554.9050391753974,549.3160675578034,550.9129165914018,826200
2015-05-22,558.0988159179688,561.292514435382,549.3161449950823,550.912994253789,1362500
2015-05-25,562.8894653320312,562.8894653320312,556.5020671438664,559.6957662379488,1091500
2015-05-26,557.3004760742188,562.0910245791547,552.5099275692828,561.2925998283321,1448800
2015-05-27,566.0830688476562,567.6799181250826,554.1066992669582,554.9051239056714,1360100
2015-05-28,563.6878051757812,570.0752024015692,561.2925312161108,563.6878051757812,1054600
2015-05-29,555.70361328125,560.4941616716055,552.5099143543463,558.8973122081537,1252700
2015-06-01,562.0909423828125,565.2846409190785,556.501969944347,556.501969944347,1149500
2015-06-02,563.6878051757812,567.6799284418987,562.0909558693343,562.0909558693343,885600
2015-06-03,566.8814697265625,568.4783189370598,561.2924974898217,562.0909220950704,906800
2015-06-04,570.0751953125,576.4625924588585,567.6799213826155,568.4783460259104,1246800
2015-06-05,566.0830688476562,573.268890596075,562.0909456540902,571.6720413186486,780400
2015-06-08,571.6720581054688,571.6720581054688,561.2925374974086,562.8893868217256,1117100
2015-06-09,560.4940795898438,573.2688734266493,560.4940795898438,568.4783257378472,1018900
2015-06-10,559.6956787109375,566.0830759002207,557.3004047649563,559.6956787109375,859800
2015-06-11,588.43896484375,590.0358141377628,574.8657458446404,574.8657458446404,2468900
2015-06-12,587.640625,591.6327488111413,585.2453507133152,590.834324048913,1195700
2015-06-15,591.6327514648438,592.4311762306533,582.0516542751296,583.6485038067486,974100
2015-06-16,583.6483764648438,590.0357731977011,582.0515272816294,590.0357731977011,729700
2015-06-17,586.043701171875,596.4232217648373,583.6484271888836,589.2373998158633,1191900
2015-06-18,567.6798706054688,585.2452111867913,566.8814460335905,584.446786614913,1125200
2015-06-19,566.0830688476562,574.8657398735014,566.0830688476562,570.8736166799354,1412100
2015-06-22,566.0830688476562,569.276767402509,562.8893702928034,564.4862195702299,721400
2015-06-23,572.470458984375,572.470458984375,563.6877880655073,568.4783358394352,649400
2015-06-24,575.6642456054688,576.4626703566553,570.8736970983498,574.8658208542822,796900
2015-06-25,567.6798706054688,575.6641163242517,566.0830214617122,570.8735688929819,844100
2015-06-26,565.28466796875,568.478366657839,561.2925446073888,566.8815173132945,773600
2015-06-29,547.7191772460938,554.9049973557363,544.525479419586,549.3160261593476,1354900
2015-06-30,557.3004760742188,558.0989008250414,549.3162285659921,549.3162285659921,1015100
2015-07-01,557.3004760742188,563.6878740808,555.7036265725734,559.6957503266867,635100
2015-07-02,566.0830688476562,571.6720413186486,563.6877949315166,563.6877949315166,889000
2015-07-03,575.6642456054688,577.2610951078418,566.0831485912307,568.4784228447902,1169000
2015-07-06,566.0830688476562,570.8736166799354,563.6877949315166,565.2846442089431,1280200
2015-07-07,566.8814697265625,570.0751681475572,566.0830451213138,567.6798943318112,584300
2015-07-08,549.3161010742188,566.8814415155455,549.3161010742188,566.8814415155455,1331200
2015-07-09,547.7191772460938,548.5176017027208,517.3790478942693,546.1223283328399,1727100
2015-07-10,541.33203125,545.3241553742625,533.3477830014749,544.52573054941,1370100
2015-07-13,546.1224365234375,546.9208611382378,540.5334642198351,542.9287380642361,770800
2015-07-14,554.9051513671875,558.8972747583183,550.1146032978305,550.9130279760566,724400
2015-07-15,549.3161010742188,554.9050730328228,543.7271291156148,554.9050730328228,821000
2015-07-16,547.7191772460938,552.5097239858555,545.3239038762129,550.9128750726015,800600
2015-07-17,550.114501953125,550.9129264842617,545.3239547663053,549.3160774219884,471300
2015-07-21,550.114501953125,554.9050491399447,546.9208038285785,553.3082000776715,512400
2015-07-22,540.5335083007812,547.719330419994,539.7350836208687,547.719330419994,532700
2015-07-23,538.13818359375,544.525580431658,530.153937546365,544.525580431658,743900
2015-07-24,530.9523315429688,539.7350016887923,528.5570578668351,539.7350016887923,602600
2015-07-27,528.55712890625,530.9524029043146,523.7665809101209,529.3555535722716,629500
2015-07-28,524.5650024414062,526.960276425157,518.9760298126546,519.7744544739048,524100
2015-07-29,514.98388671875,527.7586808078972,511.7901881964632,527.7586808078972,858100
2015-07-30,518.1776733398438,523.766646704064,514.1855495082578,515.7823990408922,683900
2015-07-31,521.3712768554688,524.564975335441,518.1775783754965,518.9760029954896,618300
2015-08-03,535.7430419921875,545.3241396135082,534.1461923886341,538.1383163975177,1831700
2015-08-04,520.5728149414062,530.1539096949291,514.9838430018513,528.557060569342,1665900
2015-08-05,514.98388671875,523.7665576550388,514.1854620881783,522.9681330244671,1452000
2015-08-06,517.379150390625,521.3712734646267,515.7823011610243,515.7823011610243,704900
2015-08-07,522.169677734375,522.9681023180667,518.1775548159164,518.9759793996081,555000
2015-08-10,522.169677734375,522.169677734375,514.9838564811497,518.9759793996081,588800
2015-08-11,518.1776733398438,524.5650714703811,516.5808238072094,519.7745228724781,979600
2015-08-12,515.7822875976562,522.968108941896,507.798041659612,518.1775613790695,1222200
2015-08-13,506.9996032714844,514.9838489922952,505.4027541273222,510.1933015598087,1087700
2015-08-14,503.0075378417969,506.2012364947607,499.0154145255921,503.8059625050378,958000
2015-08-17,506.20111083984375,507.7979597699379,499.8137151194672,503.0074129796555,680000
2015-08-18,512.5887451171875,527.758817013179,508.5966209340318,508.5966209340318,1169500
2015-08-19,514.185546875,518.1776706861413,510.1934230638587,510.1934230638587,824400
2015-08-20,503.80596923828125,510.99179130348654,501.4106952165462,510.1933666295748,768300
2015-08-21,491.8296203613281,499.81386744511593,489.4343462361918,490.2327709445706,1327500
2015-08-24,468.67523193359375,486.24057282377953,468.67523193359375,479.85317613643923,1512400
2015-08-25,447.916259765625,474.2642750459559,439.9320127109793,446.3194103546959,1920800
2015-08-26,467.078369140625,467.87679370325856,448.71460420005343,450.3114533253205,1735000
2015-08-27,476.6595458984375,486.2406422984061,470.27214829845843,472.6674223984506,1754300
2015-08-28,499.81378173828125,508.59645202441715,486.2405640233439,486.2405640233439,1376000
2015-08-31,503.0075378417969,506.99966115800163,494.2248665461465,499.8138391888331,1392500
2015-09-01,498.217041015625,506.20128846779846,493.4264925443209,500.61231525127704,1527900
2015-09-02,490.232666015625,502.209034077896,483.8452697157472,492.6279396280792,1635400
2015-09-03,495.0232238769531,500.6121957594348,490.23267654911166,495.0232238769531,1344200
2015-09-04,495.0232238769531,499.01534665015436,484.6437046666299,496.6200729862336,1452000
2015-09-07,495.0232238769531,498.2169220955141,483.04685555734943,491.82952565839213,1314100
2015-09-08,501.41058349609375,512.5885264402742,494.2247630319778,495.8216120240035,1801700
2015-09-09,518.97607421875,518.97607421875,503.8060043569712,511.79025165264426,1783800
2015-09-10,522.169677734375,524.5649514854501,506.2011860605409,509.3948843953077,1245500
2015-09-11,518.1776733398438,520.5729476387952,514.1855495082578,514.1855495082578,1249800
2015-09-14,514.98388671875,526.1618315467539,510.1933389353198,524.5649822856104,863400
2015-09-15,506.9996032714844,516.5806981364573,504.6043295552411,516.5806981364573,1002300
2015-09-16,508.596435546875,511.790133729273,503.8058882732781,510.9917091836735,950900
2015-09-17,515.7822875976562,523.7665335357004,513.387013816243,514.9838630038519,1171600
2015-09-18,506.9996032714844,512.5885752760519,503.007480411079,510.9917261318898,1077700
2015-09-24,495.82171630859375,506.9996616037955,491.8295929888788,499.81383962830864,1125000
2015-09-25,509.3948669433594,510.1932914996969,492.6279512602707,493.42637581660824,1390500
2015-09-28,507.798095703125,516.5807671696884,506.201246345568,515.78234249091,640600
2015-09-29,485.442138671875,503.0074792159231,481.45001582095495,503.0074792159231,1533900
2015-09-30,494.2248229980469,499.8137951482671,487.0390016620494,487.0390016620494,776500
2015-10-01,500.6121826171875,506.2011543529456,484.643691943593,499.01533354982803,1203500
2015-10-02,481.4500427246094,492.6279873318142,476.6594950358073,492.6279873318142,1984500
2015-10-05,485.442138671875,491.031110663163,482.24844039113896,484.643714101691,1214600
2015-10-06,488.6358337402344,499.81377764932466,487.0389846103643,491.0311074350394,1094400
2015-10-07,507.798095703125,510.1933697394605,490.23275276999806,490.23275276999806,1243500
2015-10-08,516.5807495117188,523.7665713750965,508.59650299685444,512.5886262542866,1512000
2015-10-09,531.7507934570312,534.9444919162327,523.7665473090277,523.7665473090277,1252300
2015-10-13,542.13037109375,554.90516628889,538.9366722949651,546.9209192919275,1656200
2015-10-14,532.54931640625,543.7272630774456,529.355617357337,542.1304135529891,1100900
2015-10-15,537.3397827148438,545.3240291147671,531.7508102348974,531.7508102348974,1302500
2015-10-16,538.9366455078125,545.3240427879051,538.1382208478009,541.3319194878472,655300
2015-10-19,537.3397827148438,542.9287551947901,530.952385594905,542.1303305547978,931400
2015-10-20,534.1461791992188,538.9367278915885,531.750904853034,538.1383031095269,423100
2015-10-21,543.7272338867188,545.3240833254463,531.7508630962624,534.9445619737174,753000
2015-10-22,543.7272338867188,548.5177822029013,539.7351102898999,542.1303844479912,971800
2015-10-23,549.3161010742188,562.8893186879712,546.9208273776742,553.308223901793,1912000
2015-10-26,554.106689453125,562.0909356988473,553.3082648285528,557.3003879514139,828300
2015-10-27,546.9208984375,557.3004191377738,545.3240490989964,556.501994468522,675800
2015-10-28,546.1224365234375,547.7192857530382,542.9287380642361,546.1224365234375,508900
2015-10-29,538.13818359375,546.122429641135,510.991747032641,542.928731222181,1395600
2015-10-30,530.9523315429688,537.3397280126586,525.3633596319901,532.5491806603912,1008900
2015-11-02,517.379150390625,523.7665473090277,503.8059319390191,522.9681226942274,2052700
2015-11-04,518.97607421875,536.5414182692308,518.97607421875,525.3634720552884,1407500
2015-11-05,517.379150390625,520.5728488498264,512.5886027018229,519.774424235026,1206000
2015-11-06,515.7822875976562,518.9759859728739,511.79016462863416,517.3791367852651,1021600
2015-11-09,514.98388671875,517.3791606104651,510.99176356589146,517.3791606104651,1315200
2015-11-10,514.98388671875,516.5807359798935,507.79806504360465,512.5886128270349,1063700
2015-11-11,519.7744750976562,524.5650232552383,514.1855022471439,517.3792010188653,1045900
2015-11-12,522.9681396484375,524.5649889298068,508.596496116114,515.7823178822757,1005200
2015-11-13,519.7744750976562,519.7744750976562,512.5886528612831,518.1776257117956,781300
2015-11-16,520.5728149414062,521.3712395041998,507.7980219367092,511.79014475067703,788900
2015-11-17,532.54931640625,534.9445906929348,524.5650687839674,524.5650687839674,1103900
2015-11-18,534.9446411132812,539.7351901381763,532.5493666008338,534.9446411132812,853900
2015-11-19,537.3397827148438,538.9366319948284,532.5492348748897,534.9445087948667,1317000
2015-11-20,542.13037109375,542.13037109375,534.9445487964838,538.1382475952688,960000
2015-11-24,549.3161010742188,550.9129502052484,542.1302799845851,542.1302799845851,849100
2015-11-25,548.5177001953125,552.5098231952784,546.1224263953329,550.912973995292,701100
2015-11-26,549.3161010742188,552.5097993362782,545.3239782466445,550.9129502052484,690900
2015-11-27,554.9051513671875,556.5020007236399,549.3161786196043,551.7114526542828,898300
2015-11-30,542.9287109375,553.3082304113052,539.7350126378677,553.3082304113052,912500
2015-12-01,544.5255737304688,546.9208475152069,538.9366015660797,544.5255737304688,1235300
2015-12-02,550.114501953125,550.9129264842617,541.3318321106223,542.9286811728955,781900
2015-12-03,554.106689453125,554.9051140776972,548.5177170811194,550.1145663302639,615600
2015-12-04,547.7191772460938,549.3160261593476,542.1302060497051,545.3239038762129,804500
2015-12-07,550.114501953125,554.106624608808,549.3160774219884,550.114501953125,610500
2015-12-08,538.13818359375,550.912977269566,534.944485174796,547.719278850612,964100
2015-12-09,537.3397827148438,540.5334812748131,532.5492348748897,536.5413580748514,734500
2015-12-10,529.3555908203125,543.727235819959,529.3555908203125,543.727235819959,767000
2015-12-11,539.735107421875,545.3240804277228,537.3398332765116,545.3240804277228,1163500
2015-12-14,532.54931640625,534.1461659307065,515.7823963994565,525.3634935461956,926700
2015-12-15,527.7586669921875,536.5413376985628,522.9681193341646,536.5413376985628,780300
2015-12-16,535.7430419921875,538.9367411992944,529.3556435779736,529.3556435779736,646300
2015-12-17,546.9208984375,550.1145971145073,541.3319257527372,541.3319257527372,1044000
2015-12-18,531.7507934570312,550.1145595974392,528.5570949978298,542.9287380642361,1742800
2015-12-21,524.5650024414062,527.7587010864072,518.9760298126546,525.3634271026565,1007400
2015-12-22,523.7666625976562,526.1619369692918,518.976113854385,526.1619369692918,694200
2015-12-24,519.7744750976562,532.5492701845418,518.9760504047259,522.1697491764473,759300
2015-12-25,519.7744750976562,519.7744750976562,519.7744750976562,519.7744750976562,0
2015-12-28,522.169677734375,525.3633760691419,516.580705648533,517.3791302322247,917700
2015-12-29,526.960205078125,527.7586296312736,514.1854122277462,516.5806858871922,644900
2015-12-30,532.54931640625,534.9445906929348,526.1619183084239,528.5571925951087,761700
2016-01-04,519.7744750976562,534.9445442633329,517.3792010188653,533.3476948774721,1148000
2016-01-05,518.97607421875,525.3634720552884,512.5886763822116,515.7823753004808,731600
2016-01-06,508.596435546875,520.5728037308673,503.8058882732781,518.1775300940689,919800
2016-01-07,491.8296203613281,506.99968982052496,491.8296203613281,504.6044156953886,920800
2016-01-08,490.232666015625,495.0232132405334,481.44999610329296,484.6436942532319,962400
2016-01-12,471.8689270019531,485.44214486833755,469.47365326082644,485.44214486833755,1204900
2016-01-13,487.83740234375,491.8295251125204,476.6594585911927,478.2563076987009,825300
2016-01-14,475.8611145019531,479.8532379457614,468.6752923030981,471.8689910581448,1253000
2016-01-15,471.07049560546875,489.4342606883938,470.2720710366459,483.845288706634,1058800
2016-01-18,464.6831970214844,466.28004649578503,452.7068259642296,458.29579912428187,922200
2016-01-19,471.07049560546875,475.8610430184057,462.28782534841764,465.481523623709,750900
2016-01-20,451.1098937988281,468.67523479630466,448.714620026445,466.2799610239215,1082300
2016-01-21,436.7381896972656,465.481470920486,436.7381896972656,447.1177079167619,1463000
2016-01-22,467.078369140625,467.078369140625,449.513028762687,449.513028762687,1076600
2016-01-25,473.4658508300781,479.0548237741094,463.08632964830576,479.0548237741094,913800
2016-01-26,457.4973449707031,466.2800165146433,456.6989202848904,465.4815918288306,820200
2016-01-27,471.8689270019531,475.8610499038309,464.6831057785731,467.87680410007533,766200
2016-01-28,470.2721252441406,475.8610978701321,466.280001939861,473.46582388756434,768200
2016-01-29,485.442138671875,487.038987812243,463.8846752769069,477.45789297003495,1989800
2016-02-01,490.232666015625,499.8137604654418,487.0389678656861,499.8137604654418,1565200
2016-02-02,469.4737243652344,481.45009488475563,465.48160085872723,474.2642725730429,2051000
2016-02-03,458.29571533203125,463.88468747022677,453.5051677850065,463.88468747022677,1935700
2016-02-04,445.5210266113281,456.69897351555494,443.9241770535814,451.9084248423149,1248900
2016-02-05,447.916259765625,451.90838329294786,439.9320127109793,443.92413623830214,1157700
2016-02-08,449.5130920410156,454.3036400911863,437.53672191558894,444.72254399084494,1849100
2016-02-09,419.1730041503906,436.73834908621654,418.37457938058037,434.3430747767857,1761100
2016-02-10,406.3981018066406,420.76974391375165,399.21228075308505,416.7776211062208,1437600
2016-02-12,384.0422058105469,396.8169985194216,380.8485076333282,392.02645125359356,1624000
2016-02-15,419.97137451171875,424.76192250995126,404.002881184277,406.3981551833932,1945700
2016-02-16,428.7539978027344,438.3350927257005,414.38235541828516,415.97920457211285,1311600
2016-02-17,419.1730041503906,435.9399243164063,411.98718122209823,425.56040230887277,1337000
2016-02-18,425.5603332519531,431.94773037393367,420.76978541046776,426.3587578922007,1878300
2016-02-19,408.7934265136719,429.5524677038193,404.8013032078743,424.7619197368622,1852000
2016-02-22,410.3902893066406,413.58398805610864,405.5997411824386,408.7934399319066,1203800
2016-02-23,410.3902893066406,419.17296086767766,408.7934399319066,412.78556336874163,1081800
2016-02-24,409.5918273925781,411.9871012369792,401.60758124457465,406.3981289333767,1149700
2016-02-25,419.1730041503906,423.96355276925226,412.7856059919085,412.7856059919085,1095500
2016-02-26,431.1492614746094,445.520903523763,428.7539877997504,430.35083691632303,1611800
2016-02-29,429.552490234375,443.1257101860188,429.552490234375,441.52886077994305,1209800
2016-03-01,428.7539978027344,430.35084695656207,417.57605372594054,427.95557322582056,1221900
2016-03-02,448.71466064453125,450.3115099706684,439.13356468770854,442.3272633399828,1051100
2016-03-03,457.4973449707031,459.8926190281413,445.52097468351195,448.7146734267629,1060900
2016-03-04,462.28790283203125,473.4658486690752,457.4973546161553,460.6910534267393,1438000
2016-03-07,462.28790283203125,467.87687575055327,459.0942040214473,466.28002634526126,703700
2016-03-08,451.9083557128906,460.6910269369927,443.12568448878847,459.0941776235196,1027600
2016-03-09,438.33514404296875,442.32726739490835,431.94774667986536,440.7304180541325,1256200
2016-03-10,443.924072265625,446.31934603684243,435.939826361567,441.5287984944076,1007600
2016-03-11,442.3272399902344,443.92408923207637,428.75402143457734,432.74614453918235,1782100
2016-03-14,444.7225036621094,451.10990048310913,441.52880525160947,450.3114758804842,1280600
2016-03-15,446.3193359375,449.513034226856,442.327213075805,444.722486792822,1082400
2016-03-16,438.33514404296875,445.52096607646,436.7382947021929,443.9241167356842,789700
2016-03-17,434.3429870605469,446.3193561890546,430.350864017711,443.1256577547859,960400
2016-03-18,433.5445861816406,439.93198339978636,431.14931222483597,435.9398601384453,934100
2016-03-22,443.1257019042969,447.1178253448761,437.5367290874859,439.93200315183344,685100
2016-03-23,436.7381896972656,445.5208589599163,433.5444917835745,443.12558552464793,990300
2016-03-24,427.9555969238281,435.93984313509355,426.35874768157504,434.34299389284047,1060700
2016-03-25,431.1492614746094,433.5445351494683,426.3587141248915,432.746110591182,658400
2016-03-28,434.3429870605469,437.53668549481563,427.9555901920094,431.94771323484537,937200
2016-03-29,442.50732421875,446.58949510637683,440.05802168617384,440.05802168617384,820800
2016-03-30,437.6087646484375,445.77310727247556,435.9758961236299,440.8745016980527,1107800
2016-03-31,435.97589111328125,440.874496631408,433.5265883542179,437.6087596193235,1053800
2016-04-01,418.01434326171875,438.42519986629486,416.38147473335266,438.42519986629486,1213400
2016-04-04,426.1787109375,431.89375112248564,418.014367816092,420.4636707525144,1339800
2016-04-05,410.66644287109375,422.912957072021,406.5842714707847,422.912957072021,1090100
2016-04-06,407.40069580078125,412.29930136151205,403.3185245001722,406.58426154065944,947900
2016-04-07,403.3185119628906,409.0335516060895,400.0527750239199,404.951380432376,994600
2016-04-08,404.9513854980469,410.66642521273707,391.07200333379933,393.52130606866655,1895100
2016-04-11,412.2992858886719,413.9321543476369,398.41990398746907,404.1349435938467,1625900
2016-04-12,424.5458068847656,426.9951096167931,412.2992932246282,412.2992932246282,1308700
2016-04-13,440.0580749511719,442.50737778021363,428.62799508231024,428.62799508231024,2147200
2016-04-14,459.6524658203125,460.46890004024203,442.50734720179287,444.1402156416519,2392300
2016-04-15,451.4881286621094,466.18394478492667,449.0388259749732,463.73464209779047,1979100
2016-04-18,441.69085693359375,447.40589574789163,435.1593840029676,435.1593840029676,901000
2016-04-19,460.4689025878906,460.4689025878906,449.03882344563806,453.93742879231775,1293800
2016-04-20,462.10174560546875,469.4496532211034,461.2853114259538,465.3674823235286,1051300
2016-04-21,471.08258056640625,475.98118625687147,467.8168434394294,473.5318834116389,1074700
2016-04-22,473.5318298339844,473.5318298339843,463.73461956155705,470.2660930765086,963900
2016-04-25,471.8990173339844,479.246925908389,469.44971447584953,478.43049162234405,1188200
2016-04-26,466.1839294433594,473.53183726295697,461.2853242302943,470.26610045424695,1101100
2016-04-27,470.26617431640625,473.531911638048,467.0004369947646,468.63330565558545,820000
2016-04-28,458.8360290527344,480.06331865303883,458.01959483733805,473.5318449298682,1830500
2016-05-02,446.58953857421875,449.0388413451925,440.87449877527996,442.50736728926245,1086200
2016-05-06,448.2223815917969,462.1017631711421,443.3237763284986,450.67168422344605,1215900
2016-05-09,449.8552551269531,456.38672888560217,445.77308402779744,452.3045577864465,894200
2016-05-10,456.38671875,458.01958715339896,441.69090311940965,447.4059425313059,1323300
2016-05-11,454.7538146972656,469.4496291758128,453.93738055956857,463.7345902119333,1142800
2016-05-12,498.0247802734375,505.37268686763576,474.3481923587987,479.24679675493087,3637300
2016-05-13,490.677001953125,497.2084761887739,485.7783962763883,493.9427390709495,2372400
2016-05-16,483.3290710449219,489.86054497796135,481.696202561662,483.3290710449219,1483700
2016-05-17,490.677001953125,493.12630479149334,470.2661449667221,482.51265915856385,2093500
2016-05-18,489.860595703125,491.49346435546875,480.06338378906247,489.04416137695307,1647000
2016-05-19,478.4303894042969,487.4111646320226,476.797521181074,484.14542818557686,2122800
2016-05-20,485.77838134765625,487.4112498563879,473.53186753216914,476.79760454963235,1382900
2016-05-23,477.6141052246094,484.1455801678519,473.5319333850828,483.3291457999466,1373900
2016-05-24,472.7154235839844,477.61402900972513,467.8168181582436,477.61402900972513,1360000
2016-05-25,472.7154235839844,479.24689748497207,469.4496866334905,478.4304632473486,1201700
2016-05-26,468.6332092285156,475.1646825278678,465.36747257883957,473.53181420302974,1271800
2016-05-27,468.6332092285156,471.8989458781917,466.18390674125857,470.2660775533537,812100
2016-05-30,471.08258056640625,471.08258056640625,462.9182377489642,467.0004091576852,1010100
2016-05-31,470.26617431640625,472.71547730763757,462.9182653427124,467.816871325175,1537200
2016-06-01,460.4689025878906,469.4496790568034,459.65246836344403,467.00037638346356,1264200
2016-06-02,453.9373474121094,462.1016881929027,449.85517702171273,460.46882003674403,1357100
2016-06-03,456.38671875,457.20315295169945,451.48811353980324,456.38671875,1042300
2016-06-06,446.58953857421875,450.67170985917505,444.140235803245,448.2224070882013,875000
2016-06-07,450.6717224121094,456.38676237023395,444.9566824539848,449.85528813237727,1365800
2016-06-08,446.58953857421875,452.3045783731576,443.3238015462537,449.8552756021838,1686400
2016-06-09,434.3429870605469,441.6908947363832,430.26081612952675,440.87446055017915,2112200
2016-06-10,430.2608947753906,442.5074098069482,429.44446043995345,433.5266321171393,1507800
2016-06-13,416.3814697265625,428.62798354204966,416.3814697265625,424.5458122702206,1471700
2016-06-14,416.3814697265625,422.0965095071232,413.1157327090993,421.28007525275734,1493100
2016-06-15,422.09649658203125,426.995101958225,417.19789120583744,417.19789120583744,1431500
2016-06-16,412.2992858886719,426.1786677898747,410.6664174297068,424.54579933090963,1678900
2016-06-17,443.3238220214844,443.3238220214844,411.4828845282286,417.1979245911207,3401100
2016-06-20,424.5458068847656,434.3430178128756,421.28006990872893,434.3430178128756,2428100
2016-06-21,425.3622131347656,426.9950815153214,418.0143054222649,421.28004218337634,1211600
2016-06-22,422.9129333496094,437.60874956639117,422.09649911534376,433.5265783950629,1899600
2016-06-23,427.8115234375,428.6279576425334,421.28004979723283,425.3622208223998,996900
2016-06-24,395.9706115722656,437.6087583561533,392.70487456960774,435.9758898548244,2015000
2016-06-27,406.5841979980469,406.5841979980469,395.9705542752063,398.4198566727849,1496200
2016-06-28,400.8692321777344,404.13496930341853,388.6227179564186,395.9706264892081,1118600
2016-06-29,401.6856384277344,405.76780954996747,396.7870330810547,404.1349411010742,1373100
2016-06-30,401.6856384277344,409.0335464477539,400.0527699788412,405.76780954996747,1429400
2016-07-01,398.41986083984375,405.767768109431,396.78699255771323,404.95133396836576,1006400
2016-07-04,398.41986083984375,404.95133396836576,394.33769013451746,398.41986083984375,998600
2016-07-05,394.33770751953125,398.41987840482665,391.88840498835407,397.60344422776757,862500
2016-07-06,382.9076843261719,391.88846157049574,378.0090785565407,391.0720272755572,1198300
2016-07-07,377.1925964355469,386.1733725411551,375.559728052709,385.3569383497362,1091200
2016-07-08,378.8254699707031,385.3569435908877,377.192601565657,379.6419041732262,1389400
2016-07-11,378.8254699707031,378.8254699707031,378.8254699707031,378.8254699707031,0
2016-07-12,408.21710205078125,415.56500988769534,402.50206262207035,402.50206262207035,1384300
2016-07-13,418.01434326171875,424.5458173751831,416.38147473335266,419.64721179008484,1426000
2016-07-14,418.8307189941406,420.46358729431273,412.2992457934523,414.74854824371045,891300
2016-07-15,428.62799072265625,438.4252019391741,420.4636480422247,421.28008231026786,2121600
2016-07-19,440.0580749511719,442.50737778021363,435.97590356943556,436.7923378457828,1912500
2016-07-20,438.42523193359375,441.6909692291885,433.52662599020164,439.24166625749245,1587500
2016-07-21,444.14019775390625,449.038802876192,441.69089519276343,441.69089519276343,1227000
2016-07-22,431.0772705078125,440.8744812011719,428.62796783447266,438.42517852783203,1393400
2016-07-25,429.4444274902344,435.15946739980023,428.62799321743927,433.52659885420996,1083000
2016-07-26,421.2800598144531,424.5457967122396,415.56502024332684,424.5457967122396,1074700
2016-07-27,429.4444274902344,433.52659885420996,424.5458218534636,426.995124671849,1464500
2016-07-28,428.62799072265625,430.2608592587426,423.7293851143973,426.99512218657,775600
2016-07-29,428.62799072265625,431.89372779482886,419.6472137741816,426.1786879185268,1605600
2016-08-01,425.3622131347656,427.8115157055992,416.38143704170915,425.3622131347656,1465000
2016-08-02,421.2800598144531,424.5457967122396,417.1978886922201,422.9129282633464,1019900
2016-08-03,410.66644287109375,413.932179991341,404.95140291066105,413.1157457112792,1585000
2016-08-04,419.6472473144531,422.9129846476395,408.2171666483007,418.83081298115655,2250100
2016-08-05,423.7293701171875,433.52658098694906,419.6471989214535,419.6471989214535,1944300
2016-08-08,427.8115234375,431.07726025763355,424.5457866173664,426.1786550274332,1352900
2016-08-09,422.9129333496094,427.81153875520334,419.64719641254675,426.178670286672,1206700
2016-08-10,423.7293701171875,424.54580435633426,420.4636331606003,422.09650163889387,772500
2016-08-12,424.5458068847656,428.62797810481146,422.09650415273813,426.17867537278397,1031800
2016-08-15,422.9129333496094,427.81153875520334,422.9129333496094,425.3622360524064,536900
2016-08-16,419.6472473144531,432.71019664719876,419.6472473144531,426.17872198082597,1156900
2016-08-17,425.3622131347656,426.1786473250435,416.38143704170915,417.19787123198705,1076600
2016-08-18,418.01434326171875,425.36225163936615,418.01434326171875,423.72938311100006,1073300
2016-08-19,420.463623046875,427.81153102245145,418.830754607858,419.6471888273665,1090600
2016-08-22,426.9950866699219,428.6279550701893,421.28004726898604,424.5457840695208,706400
2016-08-23,417.1978759765625,426.99508637131544,416.3814417769998,426.17865217175273,932600
2016-08-24,426.9950866699219,428.6279550701893,417.19787626831754,418.01431046845124,988900
2016-08-25,427.8115234375,430.2608260526002,427.8115234375,428.6279576425334,777200
2016-08-26,431.0772705078125,431.0772705078125,423.72936248779297,427.81153361002606,1056700
2016-08-29,440.0580749511719,441.6909435038664,435.97590356943556,435.97590356943556,1225500
2016-08-30,436.79229736328125,437.6087315639603,430.26082375784904,433.52656056056514,803400
2016-08-31,440.87451171875,441.69094599971066,435.15947175202547,435.97590603298613,1058300
2016-09-01,441.69085693359375,448.22232986421994,439.241554584609,440.05798870093724,994900
2016-09-02,435.1594543457031,439.24162558722,434.34302009739974,438.42519133891665,1026500
2016-09-05,428.62799072265625,436.7923334030878,426.1786879185268,435.1594648670015,1454200
2016-09-06,432.71014404296875,434.3430125110554,427.8115386387087,429.4444071067954,652100
2016-09-07,430.2608947753906,431.07732911082775,426.1787230982047,430.2608947753906,806900
2016-09-08,429.4444274902344,435.15946739980023,426.995124671849,432.71016458141486,841600
2016-09-09,430.2608947753906,432.7101977817021,425.36228876276755,429.44446043995345,1051100
2016-09-12,426.9950866699219,427.8115208700556,423.7293498693871,424.5457840695208,930700
2016-09-13,425.3622131347656,429.44438408615497,422.0964763736542,426.9950815153214,830400
2016-09-14,421.2800598144531,425.3622309366862,420.46362559000653,422.9129282633464,694800
2016-09-15,413.9321594238281,419.64719910029123,412.2992909448387,419.64719910029123,1032300
2016-09-16,421.2800598144531,423.72936248779297,406.58424377441406,415.56502024332684,1323500
2016-09-20,419.6472473144531,425.36228764752934,413.9322069813769,413.9322069813769,889900
2016-09-21,429.4444274902344,429.4444274902344,415.5650448527173,425.3622561262587,1829700
2016-09-23,426.1787109375,431.89375112248564,424.54584231321843,428.62801387392244,995300
2016-09-26,418.8307189941406,425.362192194829,417.1978506939686,425.362192194829,1180500
2016-09-27,419.6472473144531,419.6472473144531,410.6664696481905,413.9322069813769,1279100
2016-09-28,414.7486267089844,424.5458383635273,412.29932379534864,424.5458383635273,1302600
2016-09-29,426.9950866699219,430.26082347045667,418.01431046845124,419.64717886871864,1492100
2016-09-30,416.3814697265625,422.0965095071232,415.5650354721967,422.0965095071232,1460100
2016-10-03,418.01434326171875,419.64721179008484,415.5650404691696,419.64721179008484,1113000
2016-10-04,416.3814697265625,422.912943761489,415.5650354721967,418.8307724896599,1193700
2016-10-05,422.09649658203125,422.9129308113969,416.38145697647184,418.83075966456875,1335300
2016-10-06,425.3622131347656,428.62794989587707,425.3622131347656,425.3622131347656,860700
2016-10-07,421.2800598144531,423.72936248779297,419.64719136555993,422.0964940388998,695200
2016-10-11,424.5458068847656,426.9951096167931,419.64720142071064,425.36224112877477,990000
2016-10-12,420.463623046875,424.54579414441747,418.0143203883495,418.0143203883495,788300
2016-10-13,419.6472473144531,422.9129846476395,414.74864131467353,420.46368164774975,1163200
2016-10-14,419.6472473144531,422.9129846476395,416.38150998126673,418.83081298115655,879100
2016-10-17,420.463623046875,422.096491485892,416.38145194933253,416.38145194933253,726900
2016-10-18,420.463623046875,421.2800572663835,416.38145194933253,418.830754607858,648000
2016-10-19,418.01434326171875,420.4636460542679,416.38147473335266,420.4636460542679,973500
2016-10-20,422.9129333496094,422.9129333496094,416.3814594754842,420.4636306468124,1318300
2016-10-21,422.09649658203125,426.995101958225,420.4636281233,423.7293650407625,1178000
2016-10-24,420.463623046875,423.729359924909,418.830754607858,421.2800572663835,665600
2016-10-25,420.463623046875,426.17866258343446,420.463623046875,421.2800572663835,850100
2016-10-26,426.1787109375,427.8115795617816,419.6472364403736,421.2801050646552,1168100
2016-10-27,429.4444274902344,432.71016458141486,426.1786903990539,426.995124671849,879400
2016-10-28,433.526611328125,435.97591421698445,431.07730843926555,431.07730843926555,944200
2016-10-31,431.8936767578125,432.7101109293774,428.62794007155304,431.8936767578125,792700
2016-11-01,434.3429870605469,435.975855432955,430.26081612952675,430.26081612952675,1206600
2016-11-02,423.7293701171875,431.8937125086554,421.2800673997471,431.8937125086554,1290500
2016-11-04,419.6472473144531,421.2801159810463,415.5650756479701,421.2801159810463,1158900
2016-11-07,437.6087646484375,439.24163317324513,428.6279877619957,428.6279877619957,2016000
2016-11-08,447.4060363769531,450.6717738687557,439.24169264744665,440.87456139334796,2447100
2016-11-09,430.2608947753906,456.38679350938014,423.7294200918932,455.57035917394296,3347100
2016-11-10,453.12103271484375,457.2032041807433,439.24164973078547,441.6909526103252,2053100
2016-11-11,455.57025146484375,464.55102703135503,454.75381732243363,456.38668560725387,2003700
2016-11-14,464.55108642578125,469.44969190654524,458.01961245142934,458.8360466982233,1282900
2016-11-15,476.7975769042969,478.43044531835267,469.4496690410457,470.2661032480736,2061500
2016-11-16,488.2276916503906,489.0441259173645,478.4304804467038,480.0633489806516,1683400
2016-11-17,484.9618835449219,486.5947518396859,475.9811079237196,483.32901525015785,1808800
2016-11-18,483.3290710449219,488.2276764947015,482.51263680329197,485.7783737698117,1103800
2016-11-21,489.0440979003906,489.8605321205916,479.24688725797876,483.32905835898373,1396900
2016-11-22,488.2276916503906,489.0441259173645,483.3290860485472,487.4112573834167,810000
2016-11-24,497.20843505859375,500.4741719062692,490.67696136324275,490.67696136324275,1639600
2016-11-25,505.3727111816406,507.8220134975452,499.65767244453,499.65767244453,2063700
2016-11-28,500.47418212890625,502.9234848146921,490.6769713857629,497.2084452145251,1902600
2016-11-29,498.0247802734375,500.4740824715036,496.39191214139345,498.84121433945955,857300
2016-11-30,495.5756530761719,499.6578248478043,493.12635001319245,498.02495613915136,1207500
2016-12-01,503.7398681640625,511.08777547925956,501.2905657256635,502.1069998717965,1974800
2016-12-02,504.5563659667969,505.3728002159341,499.6577604719736,500.4741947211108,1153800
2016-12-05,501.29058837890625,502.1070225619338,495.57554909771346,498.0248516467961,1095300
2016-12-06,504.5563659667969,507.8221029633457,502.1070632193852,504.5563659667969,1125000
2016-12-07,501.29058837890625,502.9234567449613,498.8412858298236,500.47415419587867,1082200
2016-12-08,510.2713317871094,510.2713317871094,505.37272700195314,505.37272700195314,1278400
2016-12-09,511.9042663574219,512.7207005940365,507.8220951743483,509.45496364757776,1372700
2016-12-12,509.4549865722656,521.7015006725604,506.1892494788537,515.9864607590896,1517800
2016-12-13,507.8221130371094,513.5371528944402,505.37281024111047,511.90428436377425,1094100
2016-12-14,503.7398681640625,511.9042096253925,502.1069998717965,510.27134133312654,1260100
2016-12-15,505.3727111816406,511.90418402405277,504.55627707633914,507.8220134975452,1034200
2016-12-16,516.8027954101562,516.8027954101562,509.45488836640993,510.2713224823818,1419900
2016-12-19,507.8221130371094,514.3535871597732,505.37281024111047,511.08785009844127,1054100
2016-12-20,512.7207641601562,515.9865015114948,507.0057237953137,511.087895484487,1408400
2016-12-21,505.3727111816406,513.5370522346558,504.55627707633914,512.7206181293543,1067000
2016-12-22,503.7398681640625,509.4549071869935,500.47413157953054,509.4549071869935,991400
2016-12-26,498.0247802734375,505.37268686763576,497.2083462074155,504.55625280161377,795100
2016-12-27,494.7591857910156,500.47422589091184,492.30988289106006,496.39205439098595,1408500
2016-12-28,504.5563659667969,506.1892344650713,498.02489197369914,498.84132622283636,987900
2016-12-29,500.47418212890625,502.9234848146921,497.2084452145251,500.47418212890625,1109300
2016-12-30,498.8413391113281,501.290641922022,492.3098649494776,500.4742076517907,1024600
2017-01-04,512.7207641601562,513.5371984979909,500.47424909263657,500.47424909263657,1313300
2017-01-05,507.0057067871094,512.720746960233,507.0057067871093,512.720746960233,1207600
2017-01-06,507.0057067871094,510.2714440288943,503.7399695453244,507.8221410975556,1010900
2017-01-10,501.29058837890625,507.005627660099,496.391983280741,507.005627660099,1350300
2017-01-11,507.8221130371094,509.4549815677753,502.1070731797785,502.9235074451115,706900
2017-01-12,506.1892395019531,507.82210801647557,497.2084626720798,502.9235024729083,1434200
2017-01-13,508.6385192871094,509.4549535074739,504.55634818528665,507.8220850667448,986900
2017-01-16,498.8413391113281,509.45498462433505,498.02490484109677,503.7399447327159,936500
2017-01-17,492.3098449707031,499.65775310459424,491.49341073360415,499.65775310459424,1406000
2017-01-18,496.3919982910156,496.3919982910156,485.77835359071435,485.77835359071435,1205900
2017-01-19,509.4549865722656,513.5371579390306,502.10707811208874,502.10707811208874,2167400
2017-01-20,511.0877990722656,513.5371016237301,506.18919396933654,507.82206233697957,1066300
2017-01-23,507.0057067871094,513.5371812706792,507.0057067871093,511.0878783393405,1167500
2017-01-24,498.8413391113281,506.18924754340986,497.2084705708655,505.37281327317856,1228500
2017-01-25,503.7398681640625,507.0056047485945,500.47413157953054,506.18917060246156,1092500
2017-01-26,503.7398681640625,507.0056047485945,500.47413157953054,507.0056047485945,1025600
2017-01-27,501.29058837890625,507.005627660099,499.65772001285114,507.005627660099,1205600
2017-01-30,495.5756530761719,497.2085217848249,491.4934813045395,496.39208743049835,1221400
2017-01-31,484.9618835449219,493.94265916612414,482.5125811027758,493.1262250187421,1600800
2017-02-01,487.4112548828125,488.22768914559776,475.16474094103324,480.8797807805302,1116100
2017-02-02,497.20843505859375,503.7399087539447,485.7783560917295,493.94269821091825,3064800
2017-02-03,504.5563659667969,512.7207084581689,498.02489197369914,498.84132622283636,2416600
2017-02-06,500.47418212890625,509.45495864345435,495.5755767573346,509.45495864345435,1319300
2017-02-07,494.7591857910156,498.84135729094146,489.86057999110454,496.39205439098595,1291400
2017-02-08,494.7591857910156,494.75918579101557,488.2277113911342,490.67701429108973,708500
2017-02-09,485.77838134765625,493.94272389131436,482.51264433019304,492.3098553825827,1590200
2017-02-10,496.3919982910156,496.3919982910156,489.8605246292918,493.12626146015367,1324700
2017-02-13,503.7398681640625,505.37273645632854,498.8412632872645,500.47413157953054,1023800
2017-02-14,511.9042663574219,524.9672141432573,507.8220951743483,508.63852941096303,2837500
2017-02-15,521.7014770507812,524.9672139963261,513.5371346869193,514.3535689233055,2535200
2017-02-16,522.5178833007812,528.2329226493836,517.6192781448365,521.7014491081238,1737600
2017-02-17,526.60009765625,529.8658346959787,521.701492096657,521.701492096657,1516800
2017-02-20,526.60009765625,529.8658346959787,524.9672291363856,526.60009765625,1048500
2017-02-21,530.6822509765625,533.1315536733774,524.967211350661,524.967211350661,1192300
2017-02-22,529.8658447265625,531.4987132773377,525.7836733496245,529.0494104511749,1278400
2017-02-23,529.0494384765625,533.1316100697459,527.4165698392891,529.8658727951992,1582000
2017-02-24,527.4165649414062,528.2329992524611,523.3343933861322,525.7836963192966,1736400
2017-02-27,526.60009765625,529.8658346959787,515.9864522771318,522.5179263565892,1883700
2017-02-28,535.5808715820312,542.9287798811749,530.6822660492687,530.6822660492687,1989700
2017-03-01,542.1123657226562,544.5616685798369,535.5808914368411,536.397325722568,1550200
2017-03-02,542.1123657226562,551.093142865652,538.8466285797487,548.6438400084713,1705900
2017-03-03,540.4794311523438,544.5616020824974,538.0301285942516,543.7451678964667,1246600
2017-03-06,544.5615844726562,546.1944527919146,539.6629795148812,540.4794136745104,1495700
2017-03-07,543.7451782226562,547.8273492303339,541.2958756180498,547.0109150287983,1253100
2017-03-08,540.4794311523438,547.0109046405896,536.3972602221901,547.0109046405896,1380200
2017-03-09,543.7451782226562,544.5616124241918,541.2958756180498,542.9287440211208,697100
2017-03-10,547.827392578125,551.0931296426742,546.1945240458504,550.2766953765368,1785100
2017-03-13,550.2767333984375,551.9096020435368,543.7452588180406,547.010996108239,1186600
2017-03-14,549.4603271484375,553.5424989697483,549.4603271484375,552.7260646054862,871000
2017-03-15,542.9287109375,548.6437500000001,539.6629743303572,548.6437500000001,718200
2017-03-16,547.0109252929688,547.827359509824,539.6630173412722,542.1123199918377,892400
2017-03-17,538.8464965820312,544.5615351821436,538.8464965820312,542.928667010683,1030100
2017-03-21,540.4794311523438,544.5616020824974,537.2136944082208,538.0301285942516,776800
2017-03-22,526.60009765625,529.8658346959787,524.9672291363856,529.8658346959787,1110800
2017-03-23,526.60009765625,529.0494004360465,524.1507948764535,526.60009765625,742800
2017-03-24,527.4165649414062,529.8658678745707,523.3343933861322,525.7836963192966,863200
2017-03-27,518.4357299804688,523.3343353031189,515.9864273191438,522.5179010826772,983000
2017-03-28,524.9671630859375,527.4164655575671,520.0685581426784,520.0685581426784,955800
2017-03-29,528.2951049804688,534.1188305471826,524.9672617994894,532.4549089566929,730600
2017-03-30,527.4630737304688,529.9589557828211,522.471309625764,527.4630737304688,1106700
2017-03-31,527.4630737304688,535.7826805716434,527.4630737304688,534.1187592034084,1357800
2017-04-03,519.1434326171875,528.2949995383239,513.319708212828,528.2949995383239,1335000
2017-04-04,511.6558532714844,516.6476176936452,505.83212811229674,514.9836962195916,1731100
2017-04-05,509.9918518066406,519.1434184785379,507.49596998703225,514.1516548393212,1566400
2017-04-06,504.168212890625,512.4878203640677,503.3362521432808,509.99193812203487,887700
2017-04-07,514.983642578125,518.3114851795991,509.1599180255452,509.99187867591377,1643800
2017-04-10,519.1434326171875,520.8073538755759,512.4877475836338,514.9836294712164,827000
2017-04-11,515.815673828125,516.6476345923639,512.4878307711693,514.1517522996472,622700
2017-04-12,512.48779296875,517.479557185978,509.1599501572646,512.48779296875,1071800
2017-04-13,509.9918518066406,510.82381241317677,503.33616695435165,507.49596998703225,1063500
2017-04-14,507.4959411621094,509.99182283995583,501.67221724713437,509.99182283995583,1054200
2017-04-17,505.00018310546875,508.3280261572346,500.8403792907614,506.6641046313517,872400
2017-04-18,513.3197021484375,514.9836233871682,506.6640171935145,507.49597781287986,1060400
2017-04-19,513.3197021484375,516.647544625899,509.1598990516106,511.6557809097067,792700
2017-04-20,514.1517333984375,517.4795763330552,509.1599689965109,511.6558511974742,686800
2017-04-21,518.3114624023438,520.8073442437676,513.3196987194962,515.8155805609199,755300
2017-04-24,520.807373046875,527.4630583254293,518.3114910674171,524.1352156861522,761300
2017-04-25,527.4630737304688,528.2950344145862,518.3115062051767,521.6393489416465,1050300
2017-04-26,533.2867431640625,534.9506643595822,524.967137186464,533.2867431640625,1135000
2017-04-27,537.4467163085938,538.2786771697525,531.6229902804821,533.2869120027997,910700
2017-04-28,538.2785034179688,540.7743851957955,534.1187004549242,538.2785034179688,943400
2017-05-01,535.78271484375,536.6146755810851,532.45487189441,535.78271484375,494200
2017-05-02,538.2785034179688,539.9424246031866,533.2867398623152,534.9506610475331,843300
2017-05-08,547.4302368164062,550.7580802013084,544.9343542777297,546.5982759701807,1197600
2017-05-09,549.9260864257812,550.7580472221894,544.1023608509242,548.2621648329649,702900
2017-05-10,549.9260864257812,550.7580472221894,546.5982432401487,549.9260864257812,648800
2017-05-11,548.2620849609375,552.4218883369689,544.9342422601125,549.0940456361438,733800
2017-05-12,487.52886962890625,493.35259332754504,474.21750117487466,490.02475121403717,7065800
2017-05-15,480.87335205078125,489.19296021774977,478.3774696006907,489.19296021774977,2769900
2017-05-16,469.2258605957031,477.5454680530737,465.89801761275487,476.71350730733667,3712400
2017-05-17,460.9062805175781,469.225888469159,456.74647654178773,469.225888469159,2734200
2017-05-18,449.2587890625,455.9144748263889,447.5948676215278,455.0825141059028,2414800
2017-05-19,443.43505859375,451.75466569682226,437.61133362159944,450.92270498651504,3434000
2017-05-22,447.5948486328125,451.75465205876804,443.435045206857,445.0989665772392,1874500
2017-05-23,440.9391784667969,448.4268248935915,440.9391784667969,447.59486417950325,2102700
2017-05-24,445.0989685058594,446.76288988345135,442.6030864394714,445.0989685058594,1421400
2017-05-25,444.2670593261719,447.5949024671919,440.93921618515185,445.9309808966819,1664200
2017-05-26,444.2670593261719,446.76294168193687,441.7711769704069,444.2670593261719,1622200
2017-05-29,445.93096923828125,450.9227338193068,443.43508694776847,446.7629300017855,2375200
2017-05-30,440.107177734375,444.26698092657136,435.1154139037394,444.26698092657136,2712500
2017-05-31,435.1154479980469,438.4432908125635,432.6195658871594,438.4432908125635,2202600
2017-06-01,437.611328125,437.611328125,430.9556425261407,432.6195639258555,2648000
2017-06-02,445.0989685058594,446.76288988345135,437.6113223066954,437.6113223066954,2957700
2017-06-05,441.7711486816406,446.7629130735236,440.1072272176796,445.0989916095626,1980300
2017-06-06,436.7793884277344,441.7711528669085,436.7793884277344,440.1072313871838,1468400
2017-06-07,440.107177734375,441.77109901125357,435.94737454217864,435.94737454217864,1060500
2017-06-08,442.60308837890625,446.762891841114,440.1072063015816,440.1072063015816,1600800
2017-06-09,445.93096923828125,450.0907730558025,441.77116542076,441.77116542076,1591600
2017-06-12,449.2587890625,455.0825141059028,445.09898546006946,445.09898546006946,1959300
2017-06-13,450.0906982421875,454.25050136827053,448.42677699175425,450.0906982421875,1619500
2017-06-14,449.2587890625,451.7546712239583,441.771142578125,448.4268283420139,2404700
2017-06-15,448.42681884765625,451.7546616591416,445.0989760361708,447.5948581447849,1392300
2017-06-16,450.0906982421875,454.25050136827053,447.59481636653766,449.2587376169709,2325600
2017-06-19,450.9226989746094,455.9144631699003,449.2587775761791,449.2587775761791,1710600
2017-06-20,452.58660888671875,454.2505302429199,450.9226875305176,453.41856956481934,1405900
2017-06-21,448.42681884765625,453.41858306488433,447.5948581447849,452.586622362013,1086500
2017-06-22,446.762939453125,449.25882179643855,445.9309786720205,447.59490023422956,742600
2017-06-23,450.9226989746094,455.08250247068514,448.4268168769639,448.4268168769639,1637100
2017-06-26,451.7546691894531,455.08251205641045,450.09074775597446,451.7546691894531,760100
2017-06-27,456.7464294433594,460.0742722808338,453.418586605885,453.418586605885,1370700
2017-06-28,459.2423400878906,461.738222370977,457.57841856583303,458.41037932686186,1140500
2017-06-29,460.07427978515625,462.5701619539727,457.5783976163399,461.7382012310339,1248500
2017-06-30,460.07427978515625,460.90624050809504,455.91447617046225,458.4103583392787,2112700
2017-07-03,461.73822021484375,463.4021417291315,455.9144949148367,460.074298700556,2138200
2017-07-04,462.570068359375,467.56183168699414,460.9061472501686,464.23398946858134,1357300
2017-07-05,466.7299499511719,468.3938713413722,461.73818578057114,462.57014647567127,1897000
2017-07-06,465.89801025390625,466.7299709865025,461.7382065909249,465.89801025390625,1603600
2017-07-07,465.0660095214844,467.56189150460506,460.90620621628324,463.4020881994039,1232700
2017-07-10,466.7299499511719,468.3938713413722,464.2340678658715,467.561910646272,1267500
2017-07-11,465.89801025390625,467.56193171909877,464.23408878871373,465.06604952131,768500
2017-07-12,465.89801025390625,465.89801025390625,460.0742851257324,465.89801025390625,1006800
2017-07-13,465.0660095214844,465.8979701825246,460.074245555243,465.8979701825246,1350600
2017-07-14,462.570068359375,467.56183168699414,461.7381078047718,465.06595002318454,1303700
2017-07-17,462.570068359375,462.570068359375,462.570068359375,462.570068359375,0
2017-07-18,461.73822021484375,463.4021417291315,459.24233794341217,462.5701809719876,669400
2017-07-19,457.578369140625,460.0742511541193,455.91444779829544,460.0742511541193,1314700
2017-07-20,463.4020690917969,463.4020690917969,452.5865809442325,457.5783447046468,1521100
2017-07-21,460.07427978515625,463.40212267691146,457.5783976163399,460.07427978515625,964500
2017-07-24,461.73822021484375,461.73822021484375,455.9144949148367,460.074298700556,693000
2017-07-25,474.2176208496094,475.04958158794204,461.7382097746197,461.7382097746197,2293100
2017-07-26,481.7052917480469,485.0331348689314,477.5454878469411,479.2094094073834,2350100
2017-07-27,480.0412902832031,483.3691328501577,474.21756579103254,479.2093296414645,2245600
2017-07-28,480.0412902832031,485.03305413363506,478.37736899972583,482.53717220841907,1317800
2017-07-31,483.3692626953125,484.2012235605368,473.38573231262103,483.3692626953125,2057100
2017-08-01,474.2176208496094,481.7052674946032,472.5536993729441,480.87330675627055,1381200
2017-08-02,480.0412902832031,480.8732509249418,469.2258019406006,473.3856051492939,1797900
2017-08-03,445.0989685058594,454.2505360826154,441.77112575067537,450.09073263863536,4900500
2017-08-04,439.2752380371094,444.2670021057129,437.6113166809082,444.2670021057129,1695400
2017-08-07,435.9473876953125,442.60307300363786,434.28346636823113,440.9391516765565,1662000
2017-08-08,440.107177734375,440.9391383728143,437.6112958190572,437.6112958190572,1140300
2017-08-09,436.7793884277344,440.9391921270461,436.7793884277344,439.2752706473214,1465600
2017-08-10,439.2752380371094,442.6030807495117,434.28347396850586,435.94739532470703,1435500
2017-08-11,439.2752380371094,439.2752380371094,439.2752380371094,439.2752380371094,0
2017-08-14,435.9473876953125,440.10719101301584,429.2917023869871,435.1154270317718,1769400
2017-08-15,434.2835388183594,440.93922523703156,434.2835388183594,439.2753036323635,853300
2017-08-16,436.7793884277344,439.2752706473214,434.28350620814734,434.28350620814734,962400
2017-08-17,435.1154479980469,441.77113362708013,435.1154479980469,437.61133010893434,974100
2017-08-18,432.61956787109375,435.115449993427,430.95564645620493,432.61956787109375,1528100
2017-08-21,432.61956787109375,434.28348928598257,431.78760716364934,434.28348928598257,605100
2017-08-22,430.12371826171875,434.28352211337943,429.2917574913866,432.61960057271517,1666800
2017-08-23,432.61956787109375,434.28348928598257,430.95564645620493,432.61956787109375,926400
2017-08-24,436.7793884277344,440.1072313871838,432.61958472842264,434.28350620814734,1075600
2017-08-25,440.9391784667969,442.60309989497347,437.6113356104437,437.6113356104437,1067000
2017-08-28,443.43505859375,445.0989800143645,440.93917646282836,444.2670193040572,1096400
2017-08-29,445.0989685058594,446.76288988345135,440.93916506187935,440.93916506187935,1035700
2017-08-30,448.42681884765625,450.92270095627026,445.0989760361708,448.42681884765625,1372500
2017-08-31,453.4186096191406,455.0825311223301,450.0907666127616,450.9227273643564,1115500
2017-09-01,455.0825500488281,457.578432407414,451.75470690404694,455.9145108350234,985600
2017-09-04,452.58660888671875,455.9144515991211,450.090726852417,455.0824909210205,911400
2017-09-05,451.7546691894531,453.4185906229318,446.7629048890172,453.4185906229318,1197200
2017-09-06,449.2587890625,450.0907497829861,445.09898546006946,448.4268283420139,873100
2017-09-07,452.58660888671875,453.41856956481934,449.2587661743164,452.58660888671875,1134700
2017-09-08,444.2670593261719,451.7547063934669,443.43509854091684,448.4268632524469,1513800
2017-09-11,448.42681884765625,450.92270095627026,446.76289744191354,448.42681884765625,893000
2017-09-12,455.0825500488281,457.578432407414,451.75470690404694,453.41862847643756,1529700
2017-09-13,460.9062805175781,464.23412369821045,458.4103981321039,459.242358927262,1428400
2017-09-14,472.5536804199219,474.2176018298512,463.40211266531077,465.06603407524005,2260600
2017-09-15,473.38568115234375,475.8815634782788,466.7299949498504,470.88979882640876,1865600
2017-09-18,473.38568115234375,473.38568115234375,473.38568115234375,473.38568115234375,0
2017-09-19,479.20941162109375,480.87333318922254,472.55372534857855,473.38568613264295,1827700
2017-09-20,478.37744140625,482.5372452445652,475.04959833559786,478.37744140625,1405200
2017-09-21,477.54541015625,481.7052133806076,476.7134495113785,478.3773708011215,1217000
2017-09-22,475.04949951171875,480.87322367385894,472.5536177279444,480.87322367385894,1138800
2017-09-25,473.38568115234375,479.20940657952553,470.88979882640876,477.54548502890214,1339600
2017-09-26,476.7135009765625,478.3774224459397,472.5536973031196,474.21761877249673,1425200
2017-09-27,485.86505126953125,487.5289726779886,478.3774049314734,479.20936563570206,1845400
2017-09-28,499.1764221191406,502.5042649332682,490.8568150838216,491.6887757873535,3553000
2017-09-29,496.6805419921875,504.1681883538788,493.35269916476915,495.01662057847835,1986600
2017-10-02,490.0248107910156,500.0083383453317,489.1928501614893,500.0083383453317,1416600
2017-10-03,493.3527526855469,495.01667427976463,488.36098790289384,493.35275268554693,1144400
2017-10-04,495.8485412597656,500.00834445825365,492.5206987009753,495.01658062006805,1579300
2017-10-05,497.51251220703125,499.1764336525397,491.6887871477516,497.51251220703125,1076900
2017-10-06,497.51251220703125,501.6723158208024,493.35270859326005,497.51251220703125,1083600
2017-10-09,497.51251220703125,497.51251220703125,497.51251220703125,497.51251220703125,0
2017-10-10,495.0166320800781,496.68055353244813,493.3527106277081,495.0166320800781,757900
2017-10-11,490.85675048828125,494.18459286447296,488.36086870613747,493.35263227042503,947100
2017-10-12,490.0248107910156,495.01657456817367,488.3608895319629,493.35265330912097,714400
2017-10-13,486.6970520019531,489.1929343199119,481.7052873660357,488.36097354725894,1812300
2017-10-16,487.52886962890625,492.5206327991681,485.8649485721523,486.69690910052924,1363300
2017-10-17,487.52886962890625,490.02475121403717,487.52886962890625,489.19279068566016,825100
2017-10-18,488.3608703613281,490.02479155506353,483.3691067801221,488.3608703613281,1108400
2017-10-19,486.6970520019531,492.5207774105235,485.8650912293002,488.36097354725894,785100
2017-10-20,485.0330810546875,487.52896311843375,480.87327761511045,485.0330810546875,854900
2017-10-23,496.6805419921875,498.3444634058967,489.19289563049625,490.8568170442054,1898200
2017-10-24,496.6805419921875,498.3444634058967,490.8568170442054,495.84858128533295,1050800
2017-10-25,498.344482421875,505.00016833068133,495.8486002060726,499.1764431604758,2191300
2017-10-26,498.344482421875,502.504286114879,497.5125216832742,498.344482421875,1251200
2017-10-27,506.66400146484375,508.3279226519204,499.17635612299875,500.84027731007546,1406500
2017-10-30,504.168212890625,509.99193812203487,501.6723306485922,509.15997737469064,1439400
2017-10-31,495.8485412597656,504.1681476567416,495.01658062006805,504.1681476567416,1903100
2017-11-01,497.51251220703125,500.8403550980482,497.51251220703125,499.1764336525397,1417800
2017-11-02,474.2176208496094,502.5042859529194,463.40213125128497,500.00840373792147,4530000
2017-11-03,474.2176208496094,474.2176208496094,474.2176208496094,474.2176208496094,0
2017-11-06,513.3197021484375,515.8155840065336,490.02480480620693,490.8567654255723,5314600
2017-11-07,521.639404296875,528.2950904761014,512.4878358004386,513.3197965728419,3798100
2017-11-08,525.7991333007812,528.295015262652,519.1434480691257,524.1352119928673,3302800
2017-11-09,531.622802734375,543.2702506816071,523.3031970577807,527.4629998960779,4062400
2017-11-10,519.1434326171875,529.1269601675181,515.8155901004106,524.1351963923528,2268600
2017-11-13,505.8321228027344,519.1434944554379,505.0001620744404,519.1434944554379,1751300
2017-11-14,504.168212890625,504.16821289062506,497.5125269118709,500.840369901248,2410200
2017-11-15,493.3527526855469,500.84039985952654,484.20118391734957,500.00843906241766,2512900
2017-11-16,498.344482421875,499.1764431604758,490.85683577446787,492.52075725166947,1654900
2017-11-17,499.1764221191406,507.4960291544596,495.848579305013,505.0001470438639,1751800
2017-11-20,491.68878173828125,495.0166245926859,488.36093888387666,494.1846638790847,1542400
2017-11-21,490.85675048828125,497.51243524066473,487.52890811208954,492.5206716763771,1439700
2017-11-22,490.0248107910156,495.01657456817367,488.3608895319629,490.856771420542,1884200
2017-11-23,490.0248107910156,490.0248107910156,490.0248107910156,490.0248107910156,0
2017-11-24,487.52886962890625,489.19279068566016,482.5371064586444,489.19279068566016,1158100
2017-11-27,483.3692626953125,491.6888713475554,482.5373018300882,487.52906702143395,1099700
2017-11-28,475.8815002441406,484.2011068917655,473.3856182498532,482.5371855622405,1522800
2017-11-29,476.7135009765625,481.7052653846941,475.04957950718534,480.0413439153169,910800
2017-11-30,484.2011413574219,485.0331020814037,475.8815341176036,480.0413377375128,2093300
2017-12-01,481.7052917480469,488.36097798981604,480.87333096782567,485.8650956491526,1626700
2017-12-04,470.8897399902344,479.2093467038427,469.22581864751265,479.2093467038427,2237400
2017-12-05,469.2258605957031,470.05782134144016,465.89801761275487,468.39389984996603,1593700
2017-12-06,471.72174072265625,472.55370146467146,466.72997627056463,470.0578192386257,1724500
2017-12-07,470.0577697753906,475.8814943566786,469.22580912092087,473.38561239326947,1623600
2017-12-08,477.54541015625,477.54541015625,471.7216856421494,474.21756757676394,2081200
2017-12-11,485.86505126953125,486.6970119737599,480.0413263399307,481.70524774838805,1955900
2017-12-12,480.87335205078125,490.02492103444666,478.3774696006907,486.69707776765927,1800400
2017-12-13,476.7135009765625,483.36918685407124,474.21761877249673,479.20938318062827,1515500
2017-12-14,473.38568115234375,477.54548502890214,470.88979882640876,476.7135242535905,1369300
2017-12-15,470.0577697753906,473.38561239326947,466.7299271575117,470.8897304298603,1638000
2017-12-18,471.72174072265625,479.2093874007936,470.889779980641,478.37742665877835,1201500
2017-12-19,471.72174072265625,475.04958369071727,470.0578192386257,472.55370146467146,952600
2017-12-20,475.8815002441406,476.71346090890313,470.05777559080326,470.05777559080326,945100
2017-12-21,485.0330810546875,486.69700243051835,475.04955279970255,475.88151348761795,2183100
2017-12-22,484.2011413574219,490.02486642529465,482.5372199094582,484.2011413574219,1691000
2017-12-25,479.20941162109375,485.86509789360895,476.7135292689006,485.03313710954455,1323500
2017-12-26,476.7135009765625,483.36918685407124,475.88154024187395,480.0413439153169,823600
2017-12-27,482.5372009277344,485.0330830014985,475.04955470644194,475.04955470644194,1057300
2017-12-28,486.6970520019531,490.8568558652177,482.5372481386886,484.2011696839944,1284700
2017-12-29,493.3527526855469,496.6805958739823,487.52902710578496,489.19294870000266,1353000
2018-01-01,493.3527526855469,493.35275268554693,493.35275268554693,493.35275268554693,0
2018-01-02,493.3527526855469,493.35275268554693,493.35275268554693,493.35275268554693,0
2018-01-03,493.3527526855469,493.35275268554693,493.35275268554693,493.35275268554693,0
2018-01-04,498.344482421875,501.6723253762782,495.8486002060726,500.0084038990766,1607500
2018-01-05,508.32794189453125,513.3197056447231,501.6722568942755,503.33617814433944,2404100
2018-01-08,508.32794189453125,508.32794189453125,508.32794189453125,508.32794189453125,0
2018-01-09,512.48779296875,517.479557185978,509.99191086013593,511.65583226587864,1595100
2018-01-10,514.1517333984375,519.9754585340185,510.82389046381974,512.4878119311286,2110600
2018-01-11,516.6476440429688,522.4713694991697,512.4878401456823,512.4878401456823,2077700
2018-01-12,514.983642578125,518.3114851795991,513.3197212773879,517.4795245292306,1201200
2018-01-15,515.815673828125,519.9754776493196,510.8239092426915,514.1517522996472,1435800
2018-01-16,508.32794189453125,514.983626894787,506.6640206444673,512.487745019691,1191000
2018-01-17,505.8321228027344,509.1599657159103,500.84035843297056,506.6640835310284,1269100
2018-01-18,499.1764221191406,511.6558326721191,497.5125007120768,507.4960291544596,1431700
2018-01-19,505.00018310546875,506.6641046313517,497.51253623899555,497.51253623899555,1341600
2018-01-22,509.9918518066406,509.9918518066406,502.50420634781557,505.00008816742394,1132200
2018-01-23,514.1517333984375,515.8156548657463,506.66408679554763,506.66408679554763,1377300
2018-01-24,509.9918518066406,518.3114578720018,507.49596998703225,515.8155760523935,1455000
2018-01-25,504.168212890625,507.4960558800021,502.5042913959365,507.4960558800021,949600
2018-01-26,502.5042724609375,508.327997472902,500.8403510289476,504.1681938929273,1012100
2018-01-29,503.3362731933594,505.000194757635,496.6805869362571,500.00843006480824,1101600
2018-01-30,496.6805419921875,502.5042669401696,494.18465987162375,502.5042669401696,1235500
2018-01-31,491.68878173828125,497.5125067334894,491.6887817382813,492.5207424518824,1625700
2018-02-01,493.3527526855469,497.51255667109115,488.36098790289384,492.52079188843805,1509600
2018-02-02,489.1929016113281,496.68054806456274,487.52898017727597,495.0166266305106,1501100
2018-02-05,469.2258605957031,472.5537035786514,455.9144886639101,460.0742923925954,5565800
2018-02-06,455.91448974609375,460.074293484653,446.7629215212634,455.91448974609375,4257600
2018-02-07,460.07427978515625,471.72172990629946,459.24231906221746,470.0578084604219,3444200
2018-02-08,463.4020690917969,467.56187222547544,458.4103053313825,462.57010846506114,2603200
2018-02-09,458.41033935546875,458.41033935546875,450.0907324706145,452.5866145360708,2577000
2018-02-12,458.41033935546875,458.41033935546875,458.41033935546875,458.41033935546875,0
2018-02-13,452.58660888671875,464.23405838012695,450.9226875305176,462.5701370239258,2806800
2018-02-14,446.762939453125,457.5784296074837,445.099017890916,455.08254726417016,2737300
2018-02-15,449.2587890625,455.9144748263889,447.5948676215278,455.0825141059028,2296900
2018-02-16,455.91448974609375,458.4103719892293,450.0907645121108,454.25056825067,1663400
2018-02-19,468.3938903808594,471.72173329653157,460.0742830916789,460.90624382059696,1659000
2018-02-20,465.89801025390625,469.2258531842913,461.7382065909249,468.393892451695,1311400
2018-02-21,460.07427978515625,469.22584773748304,458.4103583392787,465.06604412278904,2133000
2018-02-22,456.7464294433594,460.9062329902024,455.0825080246222,457.578390152728,2231000
2018-02-23,456.7464294433594,459.24231157146517,455.0825080246222,458.4103508620966,1682900
2018-02-26,451.7546691894531,463.40211922380365,451.7546691894531,461.73819779032505,1904200
2018-02-27,455.91448974609375,461.7382149800767,453.4186075029582,457.5784112415175,2146100
2018-02-28,450.9226989746094,455.9144631699003,450.09073827539424,453.4185810722548,2518100
2018-03-01,450.0906982421875,453.41854074305394,445.9308951161044,453.41854074305394,1552400
2018-03-02,440.107177734375,445.93090220344993,439.2752170959358,442.60305964969285,2313300
2018-03-05,436.7793884277344,439.2752706473214,433.45154546828496,438.4433099074591,2050600
2018-03-06,436.7793884277344,445.0989958263579,435.11546694800967,440.1072313871838,1651600
2018-03-07,435.1154479980469,436.7793694053052,430.12368377627195,434.28348729441774,2426300
2018-03-08,437.611328125,440.10721022457227,435.9474067252852,438.44328882485746,1182500
2018-03-09,441.7711486816406,447.59487380550405,438.4433057537187,443.4350701456016,1588100
2018-03-12,455.0825500488281,456.74647162121875,446.76294218687514,448.42686375926576,1455100
2018-03-13,454.2505798339844,454.2505798339844,450.09077598935085,451.75469752720426,831400
2018-03-14,448.42681884765625,455.91446517349834,447.5948581447849,452.586622362013,1243700
2018-03-15,445.93096923828125,448.42685152879403,440.10724389375144,447.5948907652898,1135600
2018-03-16,445.0989685058594,449.25877194983934,444.26700781706336,446.76288988345135,1015900
2018-03-19,443.43505859375,447.59486214528613,440.93917646282836,442.6030978834428,1219700
2018-03-20,445.0989685058594,447.59485057224737,440.1072043730834,440.93916506187935,806700
2018-03-21,445.0989685058594,445.0989685058594,445.0989685058594,445.0989685058594,0
2018-03-22,447.5948486328125,450.9226913735769,442.6030845216659,449.25877000319474,1098700
2018-03-23,435.9473876953125,439.2752303494752,433.4515057046905,439.2752303494752,1850600
2018-03-26,441.7711486816406,441.7711486816406,429.29173770193324,433.4515413618357,1669100
2018-03-27,457.578369140625,461.73817249644884,445.09895907315337,445.93091974431815,1762600
2018-03-28,461.83099365234375,462.6815111360497,454.17633629899,456.7278887501079,1293800
2018-03-29,464.3825378417969,470.3361601218199,460.980467967498,465.2330553103716,1151900
2018-03-30,463.5320129394531,469.48563512399653,462.68149548451834,469.48563512399653,1037700
2018-04-02,461.83099365234375,466.08358107087366,461.83099365234375,466.08358107087366,516400
2018-04-03,460.1298828125,460.9804001559612,452.4752267213494,455.02677875173293,768500
2018-04-04,459.2794189453125,462.6814887152778,457.5783840603299,462.6814887152778,845700
2018-04-05,460.98046875,463.53202116005536,457.5783988699262,460.98046875000006,1008700
2018-04-06,457.578369140625,464.3825084587012,457.578369140625,460.9804387996631,931700
2018-04-09,460.98046875,461.8309862200185,453.32581151983396,455.8773639298893,927800
2018-04-10,472.0372009277344,474.58875336518156,460.1299562196474,461.8309911779455,1221700
2018-04-11,469.48565673828125,477.9908316791921,469.48565673828125,472.03720922055453,1178100
2018-04-12,461.83099365234375,470.3361684894035,461.83099365234375,466.08358107087366,973800
2018-04-13,470.3361511230469,472.8877034799531,462.68149405232816,464.38252895693233,996400
2018-04-16,475.439208984375,479.69179582681124,473.7381742474005,475.439208984375,1041500
2018-04-17,474.5887145996094,476.2897494189628,470.3361275512258,476.2897494189628,752600
2018-04-18,480.54229736328125,482.2433320442132,474.58867598001933,474.58867598001933,989000
2018-04-19,488.19696044921875,493.30006456541264,480.54230427492786,480.54230427492786,1388300
2018-04-20,489.04754638671875,491.59909880264945,483.94444155485735,487.34651144276495,750500
2018-04-23,493.30010986328125,498.4032144480738,489.0475227092874,489.0475227092874,1190200
2018-04-24,500.104248046875,500.9547654755262,488.19700404575894,491.5990737603635,1242900
2018-04-25,502.65582275390625,504.3568576870836,495.8516830211969,496.70220048778555,1049700
2018-04-26,499.253662109375,506.05780060490315,498.403144797434,502.6557313571391,1293900
2018-04-27,506.0578918457031,506.0578918457031,492.44961240111274,500.9547870539817,1388400
2018-04-30,506.0578918457031,506.0578918457031,506.0578918457031,506.0578918457031,0
2018-05-01,506.0578918457031,506.0578918457031,497.55271719283417,501.80530451926865,889000
2018-05-02,508.6094055175781,511.1609577191713,504.3568185149228,506.90837071651595,1121000
2018-05-03,508.6094055175781,508.6094055175781,508.6094055175781,508.6094055175781,0
2018-05-04,508.6094055175781,508.6094055175781,508.6094055175781,508.6094055175781,0
2018-05-07,507.7588806152344,508.6093980031996,500.1042241235474,504.3568110633735,631200
2018-05-08,506.0578918457031,510.3104791721376,504.3568569151293,506.0578918457031,665600
2018-05-09,506.9083557128906,509.45990783896224,504.35680358681907,506.05783833753344,896600
2018-05-10,509.4599609375,509.4599609375,503.50633868948245,505.20737361748746,733500
2018-05-11,500.104248046875,507.75890490473535,497.55269576092155,505.2073526187819,1473300
2018-05-14,494.1507263183594,500.9548671282507,490.7486559134137,500.9548671282507,1818400
2018-05-15,494.1507263183594,499.25383192577783,492.4496911158865,497.55279672330505,1629600
2018-05-16,485.6454162597656,491.59903782512174,482.2433467938478,490.7485204586423,1225200
2018-05-17,487.34649658203125,490.748566366199,482.2433919057796,482.2433919057796,723400
2018-05-18,481.3928527832031,493.3000964916216,480.54233537545895,488.19699204515655,1795100
2018-05-21,481.3928527832031,484.79492241417984,481.3928527832031,483.0938875986915,678100
2018-05-22,485.6454162597656,487.3464509927245,481.3928294273684,483.09386416032726,918600
2018-05-23,481.3928527832031,484.79492241417984,477.99078315222647,483.0938875986915,1269300
2018-05-24,477.9908142089844,483.09391898701625,475.43926181996846,482.24340152401095,1159700
2018-05-25,477.9908142089844,479.691849134995,473.7382268939578,478.8413316719897,874100
2018-05-28,485.6454162597656,486.49593362624506,477.9907599614506,478.84127732793,832100
2018-05-29,482.243408203125,489.0475480014054,479.6918557787698,486.4959955770503,961200
2018-05-30,468.63507080078125,473.7381750200275,466.0835186911581,473.7381750200275,1405900
2018-05-31,474.5887145996094,477.9907842383162,468.6350927318723,472.0371623705792,1271900
2018-06-01,473.7381896972656,480.5423288670648,471.18663750859093,473.7381896972656,1236700
2018-06-04,477.9908142089844,483.09391898701625,475.43926181996846,478.8413316719897,824900
2018-06-05,473.7381896972656,477.9907766783901,470.3361201123661,477.14025928216523,774500
2018-06-06,466.0835876464844,471.186692620716,465.2330701507791,471.186692620716,1423500
2018-06-07,467.7845458984375,472.88765003551134,466.93402854225855,468.63506325461645,829000
2018-06-08,464.3825378417969,471.18667759039465,462.68150290464746,467.78460771609576,1458000
2018-06-11,469.48565673828125,481.3929016555565,460.9804817973704,466.0835867619169,2726000
2018-06-12,464.3825378417969,469.4856426532452,460.980467967498,469.4856426532452,928700
2018-06-13,464.3825378417969,469.4856426532452,463.53202037322217,463.53202037322217,880100
2018-06-14,460.1298828125,466.9340215601895,457.57833078211644,466.9340215601895,1444300
2018-06-15,451.624755859375,461.8309650313383,451.624755859375,461.8309650313383,1512600
2018-06-18,448.2226867675781,455.0268262251505,445.67113447098853,455.0268262251505,1003000
2018-06-19,441.4185485839844,450.7742403651478,438.8669962800307,445.6711357572405,1794500
2018-06-20,434.6144104003906,442.26906733503546,426.9597534657458,440.56803246066994,2473100
2018-06-21,433.7638854980469,441.41854230095356,432.06285065295646,432.06285065295646,2937300
2018-06-22,433.7638854980469,435.46492034313724,427.81026354023055,430.3618158078661,1661900
2018-06-25,431.21234130859375,439.7175156933787,430.3618238701153,438.0164808164217,1206500
2018-06-26,436.3154296875,437.16594709429825,426.9597382127193,429.511290433114,1057900
2018-06-27,431.21234130859375,437.16596337794317,429.5113064316368,436.3154459394647,968400
2018-06-28,434.6144104003906,435.4649278375734,429.51130577729407,431.2123406516596,1015500
2018-06-29,443.9701232910156,444.8206407685846,433.7639135601877,434.6144310377567,1487200
2018-07-02,435.4649353027344,449.0732145309448,434.6144178509712,443.9701098203659,1310400
2018-07-03,433.7638854980469,437.1659551882276,427.81026354023055,435.46492034313724,1704500
2018-07-04,436.3154296875,440.56801672149123,429.511290433114,432.06284265350877,1374800
2018-07-05,435.4649353027344,438.867005109787,433.76390039920807,437.1659702062607,1130700
2018-07-06,436.3154296875,439.717499314693,432.913360060307,437.16594709429825,1062300
2018-07-09,438.8669738769531,440.56800865942193,431.2123173558435,436.3154217032499,1088400
2018-07-10,443.9701232910156,449.0732281564296,443.11960581344664,443.11960581344664,1036600
2018-07-11,440.5680236816406,441.41854110187546,435.46491916023166,439.7175062614058,1158500
2018-07-12,436.3154296875,443.9700863486842,435.46491228070175,443.9700863486842,1189600
2018-07-13,437.16595458984375,441.41854169674883,436.3154371684627,440.5680242753678,712100
2018-07-16,437.16595458984375,437.16595458984375,437.16595458984375,437.16595458984375,0
2018-07-17,437.16595458984375,440.5680242753678,436.3154371684627,438.0164720112248,759600
2018-07-18,437.16595458984375,440.5680242753678,437.16595458984375,438.86698943260575,601300
2018-07-19,437.16595458984375,442.26905911812986,433.76388490431964,436.3154371684627,892800
2018-07-20,434.6144104003906,438.8669975863044,432.06285808884235,434.6144104003906,904100
2018-07-23,435.4649353027344,437.1659702062607,430.36183059215546,431.2123480439186,781700
2018-07-24,442.2690734863281,442.2690734863281,436.31545134324296,440.5680385883038,1331800
2018-07-25,446.52166748046875,452.47528971354166,444.82063255673364,444.82063255673364,1052500
2018-07-26,449.0732116699219,451.6247640089555,444.8206244381991,449.9237291162664,623300
2018-07-27,448.2226867675781,452.47527392856085,446.52165190318505,450.7742390641678,520800
2018-07-30,450.77423095703125,453.32578320773143,445.67112645563094,448.22267870633107,1251500
2018-07-31,444.82061767578125,450.7742397096827,443.11958280895226,447.37216997602474,1525700
2018-08-01,452.4752502441406,454.1762850194945,444.82059375504804,447.3721459180789,1172100
2018-08-02,449.0732116699219,459.2794210260564,448.2226942235773,452.47528145530003,1682900
2018-08-03,451.624755859375,456.72786044535667,445.67113384239644,451.624755859375,2208700
2018-08-06,417.60406494140625,430.361826599494,408.24837305880857,426.10923938013144,3809100
2018-08-07,423.5576477050781,424.40816506994776,412.50092196177286,418.45454351586034,1423400
2018-08-08,432.0628662109375,438.0164883831355,424.40820913239725,425.2587265855684,1417600
2018-08-09,430.36181640625,439.71750806725544,430.36181640625,434.61440352488887,1032300
2018-08-10,423.5576477050781,431.21230398890486,423.5576477050781,429.5112692591656,1209600
2018-08-13,410.7999267578125,423.5576884583657,409.949409311109,423.5576884583657,1691100
2018-08-14,417.60406494140625,420.1556172730238,410.7999253904261,410.7999253904261,1102400
2018-08-15,412.5009460449219,421.006120190178,412.5009460449219,421.006120190178,1076600
2018-08-16,415.0525207519531,417.6040731336249,407.39786360693756,411.650450909724,1465200
2018-08-17,423.5576477050781,424.40816506994776,416.7535087861211,417.6040261509907,605300
2018-08-20,426.10919189453125,428.6607439418039,422.70712249816773,426.9597092436221,706700
2018-08-21,421.856689453125,429.51134712465347,420.1556544150076,422.7072069721837,860000
2018-08-22,422.7071838378906,425.2587362554232,421.0061488928689,422.7071838378906,905000
2018-08-23,419.30511474609375,422.70718464261375,417.6040797978337,420.1556322202237,841600
2018-08-24,409.94940185546875,422.70716332399996,409.94940185546875,422.70716332399996,1712100
2018-08-27,409.0989074707031,413.3514948664485,409.0989074707031,411.6504599081503,888800
2018-08-28,410.7999267578125,413.3514790979231,402.29475229077707,409.0988918644054,1370000
2018-08-29,413.3514404296875,416.7535098982446,411.65040569540895,411.65040569540895,959800
2018-08-30,409.94940185546875,421.0061284615291,408.24836699299794,418.4545761678229,1180900
2018-08-31,406.54736328125,409.9494332668672,406.54736328125,408.2483982740586,611900
2018-09-03,382.7328186035156,399.7431660970052,382.7328186035156,399.7431660970052,3777600
2018-09-04,380.1813049316406,385.28440969582374,375.9287176281547,385.28440969582374,1707800
2018-09-05,379.33074951171875,381.8823016384792,375.92868000937153,381.0317842628924,1169100
2018-09-06,375.9287109375,377.62974582861995,374.2276760463801,375.07819349194006,1201400
2018-09-07,372.526611328125,374.22764608304794,368.27402444081764,374.22764608304794,1403000
2018-09-10,375.9287109375,377.62974582861995,370.8256062641403,371.6761237097002,970100
2018-09-11,376.77923583984375,378.4802707646286,372.5266485278816,375.07820091505886,898400
2018-09-12,370.8255920410156,379.3307661703967,368.2740398022013,375.9286965186443,1426700
2018-09-13,374.2276916503906,375.92872661243786,368.2740692832253,369.12458676424893,1211000
2018-09-14,384.43389892578125,385.2844164012808,376.77924164628564,379.33079407278416,2457500
2018-09-17,384.43389892578125,384.43389892578125,384.43389892578125,384.43389892578125,0
2018-09-18,386.98541259765625,397.19162128155045,385.2843778170072,386.98541259765625,2758600
2018-09-19,392.08856201171875,395.4906319640981,389.53700954743425,392.9390794998136,2147000
2018-09-20,392.9390869140625,393.7896044182055,387.83598188920456,388.68649939334756,1212700
2018-09-21,400.5937194824219,402.2947543846827,395.4906147756394,395.4906147756394,2550400
2018-09-24,400.5937194824219,400.5937194824219,400.5937194824219,400.5937194824219,0
2018-09-25,408.24835205078125,408.24835205078125,399.74317804972327,404.84628245035805,1904200
2018-09-26,404.8462829589844,414.2019743719021,402.2947307554614,414.2019743719021,1506900
2018-09-27,403.99578857421875,407.3978583727385,398.89268387643915,407.3978583727385,1866900
2018-09-28,403.99578857421875,408.2483758223684,402.2947536749589,403.99578857421875,1471200
2018-10-01,403.99578857421875,409.9494107216283,402.2947536749589,406.54734092310855,1272500
2018-10-02,404.8462829589844,408.24835256368175,402.2947307554614,403.99576555781005,1644400
2018-10-03,401.4442443847656,405.69683171935003,400.59372691784876,403.14527931859936,1683800
2018-10-04,400.5937194824219,408.2483765425955,399.74320203129145,405.6968241892043,1743100
2018-10-05,396.3411560058594,398.8927085123349,394.6401210015424,396.3411560058594,1345800
2018-10-08,396.3411560058594,396.3411560058594,396.3411560058594,396.3411560058594,0
2018-10-09,385.2843933105469,393.7895675558128,382.7328410369671,391.238015282233,1836900
2018-10-10,381.88232421875,387.83594619988867,379.33077194111917,385.2843939222578,1397700
2018-10-11,374.2276916503906,375.0782091314142,363.1709643970836,365.72251684015447,1834800
2018-10-12,374.2276916503906,375.0782091314142,368.2740692832253,370.82562172629616,1392500
2018-10-15,371.6761474609375,375.07821746057994,368.27407746129506,374.2276999606693,1653300
2018-10-16,378.4802551269531,378.4802551269531,368.2740459999342,369.97508085443735,1869900
2018-10-17,382.7328186035156,384.4338533528646,378.48023173014326,382.7328186035156,1709600
2018-10-18,381.88232421875,387.83594619988867,381.03180679287306,382.73284164462694,1417200
2018-10-19,381.88232421875,382.73284164462694,376.77921966348833,378.4802545152422,1168000
2018-10-22,376.77923583984375,381.03182315180584,375.9287183774513,379.330788227021,1570800
2018-10-23,366.5730285644531,375.07820324112254,364.87199362911923,374.2276857734556,1513700
2018-10-24,363.1709289550781,369.9750681392482,363.1709289550781,369.9750681392482,1002200
2018-10-25,355.5162658691406,360.61937016391295,352.96471372175444,357.2173006340647,1800100
2018-10-26,356.3668518066406,359.7689219909522,351.2637465301732,358.0678868987964,1422400
2018-10-29,356.3668518066406,361.469957083108,354.6658167144848,358.0678868987964,1226300
2018-10-30,364.87200927734375,364.87200927734375,354.6657992276279,355.5163167317708,1583200
2018-10-31,364.87200927734375,366.57304428562975,360.6194217566288,362.32045676491475,1031000
2018-11-01,336.80487060546875,356.3667696557864,335.954353255455,353.815217605745,4227700
2018-11-02,338.5059509277344,341.9080207863046,330.8512937459514,338.5059509277344,2715800
2018-11-05,343.60906982421875,344.45958732378364,333.40285982944,335.10389482856976,1529800
2018-11-06,351.26373291015625,351.26373291015625,342.75855777915973,344.459592805359,1091600
2018-11-07,346.16058349609375,355.5162749419341,345.31006609192644,349.562653112763,1290800
2018-11-08,352.1142272949219,358.0678494955606,351.26370983768777,351.26370983768777,1412400
2018-11-09,349.5626525878906,353.8152396023418,349.5626525878906,352.9647221994516,1035800
2018-11-12,350.4131774902344,352.11421233242,344.4595555425848,347.861625226956,1151800
2018-11-13,343.60906982421875,344.45958732378364,338.50596482682937,343.60906982421875,2641200
2018-11-14,348.712158203125,352.114228039253,342.7585359899009,344.4595709079649,1074600
2018-11-15,343.60906982421875,347.0111398224783,341.9080348250889,345.3101048233485,957800
2018-11-16,339.3564758300781,344.45958072977857,339.3564758300781,342.7585457632117,1266300
2018-11-19,334.25335693359375,338.50594417193463,334.25335693359375,338.50594417193463,868200
2018-11-20,323.1966247558594,330.8512816579718,320.64507245515523,330.8512816579718,2256800
2018-11-21,325.7481689453125,326.5986863577024,316.39247740902414,318.9440296461937,2088400
2018-11-22,323.1966247558594,329.15024679083575,322.34610732229135,327.44921192369964,1291000
2018-11-23,323.1966247558594,323.1966247558594,323.1966247558594,323.1966247558594,0
2018-11-26,326.5986633300781,327.44918068250024,322.34607656796777,323.19659392038983,756700
2018-11-27,326.5986633300781,333.40280214945477,325.74814597765607,329.15021538734436,1186800
2018-11-28,334.25335693359375,334.25335693359375,326.59869990458014,329.1502522475847,1620100
2018-11-29,331.7018127441406,337.65543502416364,330.0007778069912,334.2533651498648,1584200
2018-11-30,331.7018127441406,332.55233021271533,330.0007778069912,332.55233021271533,1026200
2018-12-03,335.9543762207031,338.50592844516416,332.5523065880884,334.25334140439577,1321600
2018-12-04,329.1502685546875,336.80492596293607,329.1502685546875,335.9544084731307,1511200
2018-12-05,324.8976745605469,326.59870950589004,319.7945697245174,324.0471570878753,1489400
2018-12-06,312.1399230957031,320.64509811193483,311.28940559407994,318.0935456070653,2252200
2018-12-07,312.1399230957031,314.69147560057263,308.73785308921043,313.8409580989495,1926200
2018-12-10,307.8873291015625,309.58836406897444,302.7842241993267,307.8873291015625,1407700
2018-12-11,301.0831604003906,310.4388518252615,299.3821255958687,309.58833442300056,1423600
2018-12-12,305.33575439453125,311.2893763465138,302.7842021293959,302.7842021293959,1399900
2018-12-13,310.4388732910156,312.13990821315815,307.0368034467305,307.0368034467305,1254400
2018-12-14,301.0831604003906,308.73781702073956,301.0831604003906,307.88729961847855,2113500
2018-12-17,295.9800720214844,301.93369415984756,295.9800720214844,298.53162436649717,1466000
2018-12-18,291.7274475097656,296.83055154783733,290.0264128304084,290.876930170087,2561200
2018-12-19,294.2790222167969,295.9800570272986,290.0264351905426,290.0264351905426,1701500
2018-12-20,285.77386474609375,294.27903929210845,285.77386474609375,291.7274869283041,2763700
2018-12-21,274.7171936035156,285.77392275783666,273.0161583490047,280.6708169943039,2679300
2018-12-24,274.7171936035156,274.7171936035156,274.7171936035156,274.7171936035156,0
2018-12-25,265.3614196777344,268.7634891607823,257.70676334087665,259.40779808240063,3179900
2018-12-26,271.3150939941406,273.866646602236,265.3614712419181,266.2119887779499,1942100
2018-12-27,281.521240234375,290.8769309974509,279.8202055501794,284.07279226066845,2514600
2018-12-28,284.0728454589844,290.876985469978,281.52129295486174,282.37181045623595,2336600
2018-12-31,284.0728454589844,284.0728454589844,284.0728454589844,284.0728454589844,0
2019-01-04,285.77386474609375,287.4748996552967,275.56765529087613,278.969725109282,1987700
2019-01-07,296.8305969238281,302.7842192116986,291.7274921056534,292.5780095753492,1936900
2019-01-08,303.634765625,307.8873533788515,296.83062521883755,299.38217787114843,2489900
2019-01-09,304.4851989746094,307.03675092132397,301.9336470278948,306.1862336057524,1375800
2019-01-10,306.186279296875,307.0367967393663,301.9336920844184,305.3357618543837,1243900
2019-01-11,307.03680419921875,308.73783912553023,304.48525180975156,307.88732166237446,1134500
2019-01-15,314.69140625,314.69140625,304.4851984797297,305.3357157939189,1447400
2019-01-16,308.7378234863281,313.8409280067633,304.4852363859655,313.8409280067633,1706800
2019-01-17,307.8873291015625,314.6914689712103,305.3357766504446,312.9904340037984,1193100
2019-01-18,312.1399230957031,313.8409580989495,307.0368180859641,308.73785308921043,1044200
2019-01-21,314.69140625,317.2429581925676,312.99037162162165,316.39244087837835,830300
2019-01-22,310.4388732910156,317.24301297958584,308.7378383688731,317.24301297958584,628200
2019-01-23,304.4851989746094,309.58830286803857,304.4851989746094,306.1862336057524,953700
2019-01-24,307.8873291015625,310.4388815526804,304.4852591667386,307.03681161785653,1073200
2019-01-25,312.1399230957031,314.69147560057263,310.4388880924568,310.4388880924568,1257900
2019-01-28,308.7378234863281,314.69144542683586,306.18627122611053,314.69144542683586,1293300
2019-01-29,308.7378234863281,308.7378234863281,305.335753806038,306.18627122611053,1109500
2019-01-30,301.9336853027344,309.58834211322625,301.9336853027344,308.73782468983825,1167200
2019-01-31,307.03680419921875,312.13990897815313,304.48525180975156,307.03680419921875,1032100
2019-02-01,300.232666015625,308.73784069028864,295.12956121082686,307.88732322282226,2068100
2019-02-04,307.8873291015625,310.4388815526804,302.7842241993267,305.3357766504446,1035400
2019-02-05,310.4388732910156,312.13990821315815,306.18628598565925,306.18628598565925,950400
2019-02-06,315.5419921875,316.39250968665766,309.5883696933962,312.13992219086924,1178700
2019-02-07,308.7378234863281,314.69144542683586,307.0367886461831,312.99041058669076,783400
2019-02-08,300.232666015625,304.4852533529568,296.83059614575956,303.63473588549044,933000
2019-02-12,312.1399230957031,312.9904405973263,297.6811255681093,297.6811255681093,2043700
2019-02-13,307.03680419921875,312.99042644130884,304.48525180975156,312.13990897815313,1008700
2019-02-14,301.9336853027344,307.8873072664503,300.23265045595844,306.1862724196743,1785300
2019-02-15,296.8305969238281,301.9337017420028,294.27904451474075,301.08318427230705,2177000
2019-02-18,304.4851989746094,308.737785552467,303.6346816590378,304.4851989746094,1461600
2019-02-19,299.3821716308594,304.48527682911265,297.68113656477493,303.63475929607046,1025800
2019-02-20,300.232666015625,301.93370095055775,298.5316310806923,300.232666015625,752900
2019-02-21,298.5316467285156,301.0831992646568,295.12957668032743,300.2326817526097,1207100
2019-02-22,303.634765625,303.634765625,290.8770023634454,296.83062521883755,2044900
2019-02-25,297.68109130859375,305.3357479422433,297.68109130859375,305.3357479422433,833300
2019-02-26,297.68109130859375,301.08316092354914,295.9800565011161,301.08316092354914,1113600
2019-02-27,294.2790222167969,298.5316092430512,292.57798740629516,297.6810918378003,837000
2019-02-28,292.5780334472656,295.1295860645383,287.4749282127203,291.7275159081747,2287800
2019-03-01,296.8305969238281,296.8305969238281,290.87697463595765,292.5780095753492,808400
2019-03-04,300.232666015625,301.93370095055775,298.5316310806923,299.3821485481586,796800
2019-03-05,295.9800720214844,299.38214181483477,294.2790371248092,298.53162436649717,1483300
2019-03-06,294.2790222167969,299.38212664830206,294.2790222167969,297.6810918378003,1407200
2019-03-07,288.325439453125,293.42854457618915,285.7738868915929,293.42854457618915,1472900
2019-03-08,280.6707458496094,284.9233329079368,274.717123967951,284.9233329079368,2391600
2019-03-11,281.521240234375,282.3717575764728,278.1191708659838,278.1191708659838,741400
2019-03-12,286.6243896484375,288.32542460184067,284.92335469503433,284.92335469503433,979900
2019-03-13,293.4284973144531,301.0831537661345,292.57797993093294,299.3821189990942,2540700
2019-03-14,293.4284973144531,298.531601615574,291.7274625474128,291.7274625474128,1641200
2019-03-15,293.4284973144531,293.4284973144531,287.474875629812,289.1759103968523,1863000
2019-03-18,293.4284973144531,295.98004946501356,291.7274625474128,291.7274625474128,1223100
2019-03-19,293.4284973144531,294.27901469797325,291.7274625474128,293.4284973144531,430600
2019-03-20,287.47491455078125,291.727502044136,287.47491455078125,291.727502044136,1055200
2019-03-22,288.325439453125,290.87699201465705,284.92336937108223,289.17595697363566,1296900
2019-03-25,286.6243896484375,289.1759420785423,282.3718022649295,289.1759420785423,1192900
2019-03-26,294.2790222167969,295.9800570272986,289.17591778529174,290.0264351905426,1271600
2019-03-27,294.279052734375,299.5655027834955,291.63582770981475,298.6844277753088,734800
2019-03-28,288.11151123046875,292.51688601992544,283.706136441012,292.51688601992544,1218000
2019-03-29,299.56549072265625,299.56549072265625,291.635815968233,291.635815968233,1460200
2019-04-01,306.61407470703125,310.1383744163075,302.208700070436,302.208700070436,1417100
2019-04-02,308.376220703125,311.90052036830355,307.49514578683034,308.376220703125,927200
2019-04-03,310.1383972167969,311.0194722088901,306.6140972484242,310.1383972167969,737800
2019-04-04,306.61407470703125,310.1383744163075,304.85192485239315,308.37622456166935,641600
2019-04-05,309.25732421875,310.1383992165242,305.7330242276531,305.7330242276531,787200
2019-04-08,304.8518981933594,311.01942214524814,303.08974849281975,310.1383472949783,947100
2019-04-09,303.9708557128906,305.7330056010813,300.4465559365093,303.9708557128906,686300
2019-04-10,304.8518981933594,305.7329730436292,298.6843742414706,301.32759879228007,611400
2019-04-11,303.9708557128906,304.851930656986,301.3276308806046,303.0897807687953,560300
2019-04-12,301.32769775390625,305.73307345206274,299.5655474746436,303.97092317280016,1118600
2019-04-15,306.61407470703125,310.1383744163075,303.9708499250741,304.85192485239315,1153400
2019-04-16,303.0898132324219,305.73303834782087,302.2087381939555,303.9708882708882,774800
2019-04-17,311.01953125,314.54383188739376,305.7330802939093,305.7330802939093,2266100
2019-04-18,304.8518981933594,312.7815718457878,304.8518981933594,312.7815718457878,1170800
2019-04-19,306.61407470703125,310.1383744163075,303.9708499250741,310.1383744163075,799600
2019-04-22,303.9708557128906,305.7330056010813,301.3276308806046,305.7330056010813,461900
2019-04-23,306.61407470703125,309.25729948898845,303.9708499250741,305.7329997797122,595500
2019-04-24,303.9708557128906,308.3762304333673,301.3276308806046,308.3762304333673,894200
2019-04-25,306.61407470703125,307.4951496343503,303.08977499775506,304.85192485239315,851800
2019-04-26,303.0898132324219,305.73303834782087,299.5655130785565,303.0898132324219,1068000
2019-05-07,302.20867919921875,303.9708289321588,296.04115513392856,301.3276043327487,1412000
2019-05-08,296.04119873046875,297.803348722912,294.2790487380255,296.9222737266904,1272900
2019-05-09,291.6357727050781,295.1600720731153,289.87362302105953,293.3979223890967,1579000
2019-05-10,293.3979797363281,296.0412047789977,290.75475469365847,291.6358297078817,1734600
2019-05-13,318.94915771484375,329.52205797058446,306.61410741647967,308.3762574591031,5677600
2019-05-14,334.8085021972656,338.33280222039474,312.78162705270864,313.66270205849094,5526100
2019-05-15,328.64093017578125,340.97597849337086,323.35448089681427,340.97597849337086,2762600
2019-05-16,328.64093017578125,329.52200505560904,319.8301813775029,324.23555577664206,1597100
2019-05-17,329.5220642089844,334.80851443693604,329.5220642089844,332.1652893229602,1115200
2019-05-20,327.7598876953125,333.04633749684984,322.4734378937752,333.04633749684984,1191900
2019-05-21,336.5705871582031,340.9759613356665,325.1166142967983,327.7598388032763,2626100
2019-05-22,338.332763671875,338.332763671875,329.5220146179199,335.6895389556885,1555900
2019-05-23,331.2842102050781,338.33281042220744,329.5220601507958,335.68958534078394,1849500
2019-05-24,332.1652526855469,334.80847750797824,325.1166531590631,329.52202786311545,1160100
2019-05-27,326.8788146972656,333.92741447510423,320.7112898916568,333.92741447510423,2466200
2019-05-28,321.59234619140625,326.8787957178403,318.06804650711683,323.35449603355096,1722900
2019-05-29,318.0680236816406,318.9490985394845,312.7815745345773,317.18694882379674,1050200
2019-05-30,318.0680236816406,318.0680236816406,310.1383499610457,312.7815745345773,1137800
2019-05-31,314.54376220703125,318.94913702785806,311.9005373145352,317.1869870995273,1268600
2019-06-03,306.61407470703125,311.01944934362655,303.08977499775506,310.1383744163075,2122500
2019-06-04,317.1869812011719,318.0680561489529,308.37623172336157,308.37623172336157,1928000
2019-06-05,314.54376220703125,321.5923619203541,311.01946235036985,321.5923619203541,1817700
2019-06-06,313.6626892089844,318.06806405742515,311.90053926960803,311.90053926960803,996800
2019-06-07,320.7113037109375,325.1166787619119,316.30592865996306,318.0680786803528,1332200
2019-06-10,318.94915771484375,326.8788329066493,318.06808269353206,325.11668286402585,1030000
2019-06-11,318.94915771484375,318.94915771484375,314.54378260828514,317.1870076722203,832000
2019-06-12,318.94915771484375,322.47345780009067,317.1870076722203,319.8302327361555,1161700
2019-06-13,318.0680236816406,318.0680236816406,311.0194248188896,317.18694882379674,1033500
2019-06-14,313.6626892089844,316.30591411804886,311.0194642999199,315.42483914836066,1019700
2019-06-17,314.54376220703125,315.4248371711966,311.9005373145352,312.78161227870055,673400
2019-06-18,309.25732421875,317.18699919871796,309.25732421875,312.7816242098469,792500
2019-06-19,316.3059387207031,320.71131391179927,313.66271360604543,314.5437886442647,1217300
2019-06-20,320.7113037109375,322.47345373132725,314.5437786395733,316.30592865996306,640800
2019-06-21,327.7598876953125,329.52203762915826,322.4734378937752,322.4734378937752,2237100
2019-06-24,324.235595703125,331.2841956097147,323.3545207148013,331.2841956097147,964000
2019-06-25,341.8570556640625,344.50028032125886,328.6409323780807,329.52200726381284,4260400
2019-06-26,343.6192626953125,357.7164632161458,341.85711263020835,348.905712890625,3946000
2019-06-27,349.7867431640625,350.6678180838712,342.7381438055927,343.6192187254014,1335700
2019-06-28,348.02459716796875,353.3110467452037,346.26244730889044,352.4299718156646,1141700
2019-07-01,349.7867431640625,353.3110428432974,348.9056682442538,352.4299679234887,996900
2019-07-02,354.192138671875,355.07321364369557,347.14353889731035,350.6678387845927,1502700
2019-07-03,354.192138671875,356.83536358733676,352.4299887282338,352.4299887282338,1335200
2019-07-04,361.24078369140625,363.0029338557546,354.192183034013,357.71648336270965,1836500
2019-07-05,363.88397216796875,369.17042212682543,359.47859720225483,365.64612215425433,1810900
2019-07-08,355.0732116699219,362.121811405305,352.42998676915323,361.2407364383821,1359300
2019-07-09,353.3110656738281,356.83536558079896,350.6678407436,356.83536558079896,1188200
2019-07-10,348.9056701660156,352.4299698646622,347.14352031669233,352.4299698646622,961600
2019-07-11,354.192138671875,355.07321364369557,343.61923901002797,348.0246138691309,1226300
2019-07-12,349.7867431640625,357.71641744234097,347.1435184046363,356.83534252253224,1097800
2019-07-16,348.02459716796875,352.4299718156646,344.50029744981214,348.02459716796875,1139300
2019-07-17,358.5975036621094,358.5975036621094,346.26245439609085,347.1435293436636,1549100
2019-07-18,352.4299621582031,356.83533668518066,348.9056625366211,356.83533668518066,1650600
2019-07-19,350.6678771972656,354.192177470605,347.1435769239263,350.6678771972656,1009900
2019-07-22,348.9056701660156,352.4299698646622,344.50029554270736,350.6678200153389,1191800
2019-07-23,355.9543151855469,355.9543151855469,344.50033969690304,347.143564809667,1436100
2019-07-24,358.5975036621094,362.12180345240034,355.9542788193911,361.24072850482764,1523200
2019-07-25,358.5975036621094,361.24072850482764,355.9542788193911,361.24072850482764,772800
2019-07-26,355.9543151855469,357.7164652607229,352.4300150351949,355.9543151855469,990000
2019-07-29,351.54888916015625,356.83533862121124,349.78673933980457,356.83533862121124,655500
2019-07-30,350.6678771972656,353.31110240227014,348.0246519922611,351.54895226560046,1052000
2019-07-31,345.38140869140625,349.78678380226603,344.5003336692343,348.9057087800941,1433500
2019-08-01,348.02459716796875,349.7867470270471,341.85707266119465,344.50029744981214,936700
2019-08-02,335.6895751953125,342.73817519941355,333.0463501937746,340.9760251983883,1742000
2019-08-05,329.5220642089844,333.0463643609521,324.23561398103277,333.0463643609521,1444600
2019-08-06,308.376220703125,308.376220703125,291.63579729352676,296.92224679129464,4713600
2019-08-07,310.1383972167969,313.6626971851696,307.4951722405174,308.3762472326105,1386500
2019-08-08,313.6626892089844,322.473438905866,309.2573143605436,311.90053926960803,1950700
2019-08-09,311.9005432128906,318.06806807868224,308.3762432895811,317.1869930978549,1037100
2019-08-13,305.7330322265625,307.4951822682142,297.80335703913005,305.7330322265625,1811500
2019-08-14,304.8518981933594,315.4247963965973,303.08974849281975,311.01942214524814,1402700
2019-08-15,304.8518981933594,307.49512274416884,297.80329939120077,297.80329939120077,1279900
2019-08-16,305.7330322265625,307.4951822682142,303.97088218491086,304.85195720573665,572000
2019-08-19,311.9005432128906,314.54376815537273,306.6140933279264,306.6140933279264,1204700
2019-08-20,308.376220703125,312.7815952845982,305.73299595424106,311.90052036830355,1091400
2019-08-21,303.9708557128906,307.49515548927195,299.56548099241394,302.20870582469996,1318400
2019-08-22,301.32769775390625,303.08984803316883,298.68447233501234,301.32769775390625,898300
2019-08-23,295.1601257324219,298.6844257411672,292.51690072586285,297.8033507389809,2113900
2019-08-26,292.5168762207031,295.16010100583,288.9925765072007,289.8736514355763,1127300
2019-08-27,293.3979797363281,296.9222797932209,291.6358297078817,296.9222797932209,954200
2019-08-28,292.5168762207031,297.8033257909568,291.6358012923275,296.04117593420557,525900
2019-08-29,292.5168762207031,293.3979511490787,289.8736514355763,291.6358012923275,592200
2019-08-30,299.56549072265625,302.2087156407973,295.1601158590878,296.0411908318015,1377000
2019-09-02,294.279052734375,298.6844277753088,293.3979777261883,296.92227775893525,949200
2019-09-03,288.9925842285156,295.1601088919291,286.349359372767,293.39795898809666,2452600
2019-09-04,283.7061462402344,288.11152118185294,282.8250712519107,288.11152118185294,1215600
2019-09-05,287.23046875,288.9926188650307,283.7061685199387,283.7061685199387,1470300
2019-09-06,281.0628967285156,287.2304211081382,281.0628967285156,285.4682712853889,1728000
2019-09-09,287.23046875,287.23046875,279.30079323236197,281.944018404908,1651600
2019-09-10,298.6844177246094,299.56549270314804,289.8736679392226,289.8736679392226,2118700
2019-09-11,303.0898132324219,304.8519633093545,300.4465881170228,302.2087381939555,1741600
2019-09-12,310.1383972167969,312.78162219307643,303.9708722721447,305.733022256331,1819400
2019-09-13,311.9005432128906,313.6626931745454,307.49516830875376,313.6626931745454,1944600
2019-09-17,309.25732421875,312.7816242098469,307.49517422320156,310.1383992165242,1410600
2019-09-18,307.49517822265625,309.2573282411242,304.8519531949543,308.37625323189025,986300
2019-09-19,311.01953125,313.66275672804534,309.25738093130315,310.1384560906516,1069500
2019-09-20,311.9005432128906,313.6626931745454,310.13839325123587,312.78161819371803,899300
2019-09-24,317.1869812011719,321.592355940077,310.13838161892363,312.7816064622667,1302600
2019-09-25,317.1869812011719,320.711280992296,311.01945656670466,318.0680561489529,1250300
2019-09-26,318.0680236816406,324.23554768654776,317.18694882379674,318.9490985394845,1238900
2019-09-27,314.54376220703125,318.0680620636927,311.9005373145352,317.1869870995273,778800
2019-09-30,309.25732421875,312.7816242098469,305.7330242276531,310.1383992165242,1497700
2019-10-01,313.6626892089844,318.06806405742515,309.2573143605436,310.13838933023175,1357100
2019-10-02,309.25732421875,312.7816242098469,307.49517422320156,309.25732421875,750600
2019-10-03,305.7330322265625,307.4951822682142,301.3276571224334,303.089807164085,858900
2019-10-04,304.8518981933594,307.49512274416884,303.08974849281975,305.7329730436292,650600
2019-10-07,304.8518981933594,309.2572724447085,301.32759879228007,303.08974849281975,1263100
2019-10-08,306.61407470703125,312.78159919826464,304.85192485239315,304.85192485239315,1267800
2019-10-09,303.0898132324219,307.49518842475356,303.0898132324219,304.8519633093545,710500
2019-10-10,304.8518981933594,305.7329730436292,300.44652394201023,303.08974849281975,2078000
2019-10-11,304.8518981933594,305.7329730436292,302.2086736425499,303.97082334308953,949900
2019-10-15,312.7815856933594,314.5437354719135,310.1383610255282,311.90051080408233,1372900
2019-10-16,311.01953125,319.83028284348444,309.25738093130315,316.3059822060907,1381200
2019-10-17,308.376220703125,311.90052036830355,307.49514578683034,311.90052036830355,493300
2019-10-18,309.25732421875,314.54377420539527,308.37624922097575,308.37624922097575,1323800
2019-10-21,311.9005432128906,313.6626931745454,308.3762432895811,308.3762432895811,602400
2019-10-23,314.54376220703125,314.54376220703125,306.6140875295431,311.9005373145352,1418200
2019-10-24,315.4248352050781,318.06806008109834,313.66268528773134,315.4248352050781,1657800
2019-10-25,315.4248352050781,317.1869851224249,312.7816103290579,317.1869851224249,804600
2019-10-28,313.6626892089844,315.42483914836066,311.0194642999199,314.5437641786725,1157100
2019-10-29,314.54376220703125,316.30591213536195,312.78161227870055,313.6626872428659,1137000
2019-10-30,319.8302307128906,321.5923807443666,313.6627056027247,315.4248556342007,1410400
2019-10-31,324.235595703125,326.8788206680961,318.06807078485906,322.47344572647756,1835800
2019-11-01,344.50030517578125,359.4785793138587,340.0949304292879,345.3813801250799,4294200
2019-11-05,353.3110656738281,358.5975155342844,350.6678407436,352.42999069708543,2295700
2019-11-06,356.83538818359375,358.5975382486979,345.38141276041665,347.1435628255208,1761400
2019-11-07,357.7164306640625,361.24073047356063,354.1921308545643,354.1921308545643,1300900
2019-11-08,359.47857666015625,361.24072654574525,355.07320194618376,359.47857666015625,1425100
2019-11-11,365.6461181640625,373.57579301581325,360.3596682628953,361.24074324642316,2218600
2019-11-12,368.289306640625,369.1703815368944,363.88393215927783,368.289306640625,1087200
2019-11-13,364.7650451660156,368.28934511931044,363.0028951893682,365.6461201543393,758100
2019-11-14,356.83538818359375,363.00291341145834,355.9543131510417,361.24076334635413,1095400
2019-11-15,355.0732116699219,359.47858650453634,354.192136702999,355.0732116699219,795700
2019-11-18,363.00286865234375,365.6460934240841,356.8353441849495,358.59749403277647,2135800
2019-11-19,365.6461181640625,368.28934311464604,358.59751829583956,358.59751829583956,756700
2019-11-20,368.289306640625,374.45683091451104,360.3596325742001,361.2407074704695,1809200
2019-11-21,366.5271911621094,368.2893411196195,361.2407412895789,365.6461161833543,991700
2019-11-22,368.289306640625,370.0514564331639,364.76500705554724,365.6460819518167,787500
2019-11-25,367.40826416015625,376.219013900208,367.40826416015625,372.6947140041873,1131500
2019-11-26,367.40826416015625,371.8136390301821,364.76503923814073,371.8136390301821,801500
2019-11-27,370.93255615234375,373.5757810180374,366.5271813761876,366.5271813761876,975500
2019-11-28,367.40826416015625,370.93256405617694,366.5271891861511,368.2893391341614,480300
2019-11-29,370.0514831542969,371.81363307407923,367.40825827462334,369.1704081944057,884400
2019-12-02,383.2676086425781,384.14868360497485,370.05148420662715,370.05148420662715,1956000
2019-12-03,377.9811706542969,380.62439562390733,372.69472071507596,377.9811706542969,1332800
2019-12-04,377.10009765625,378.8622476452979,368.2893477110105,371.8136476891063,1354900
2019-12-05,375.3379211425781,380.6243707361356,374.4568462103186,380.6243707361356,834700
2019-12-06,379.7433166503906,382.3865415922727,373.5757917859991,373.5757917859991,1135900
2019-12-09,387.6730041503906,389.43515416925607,382.3865540937944,385.0297791220925,1375500
2019-12-10,387.6730041503906,391.19730418812145,384.1487041126598,389.43515416925607,1021600
2019-12-11,399.126953125,404.4134028352649,389.435128656181,389.435128656181,2616100
2019-12-12,392.0783386230469,398.24586305082516,389.43511386828476,397.3647881325711,1164500
2019-12-13,385.91082763671875,396.4837270240261,383.2676027898919,395.6026520750838,1922300
2019-12-16,387.6730041503906,388.55407915982335,383.26762910322714,385.91085413152524,834000
2019-12-17,385.91082763671875,387.6729775346033,383.2676027898919,387.6729775346033,841800
2019-12-18,379.7433166503906,385.91084151478213,378.86224166976325,385.91084151478213,842400
2019-12-19,376.218994140625,380.624368779274,374.4568442851654,380.624368779274,589000
2019-12-20,373.5757751464844,378.8622247947837,373.5757751464844,377.10007491201725,748200
2019-12-23,370.93255615234375,372.6947060628062,369.17040624188127,372.6947060628062,850300
2019-12-24,368.289306640625,372.69468112197217,365.6460819518167,371.81360622570276,680500
2019-12-25,362.12176513671875,366.52713940845496,361.2406902823715,366.52713940845496,575500
2019-12-26,364.7650451660156,367.40827013098675,358.5975202477496,359.4785952360734,803000
2019-12-27,366.5271911621094,367.40826614086444,364.76504120459924,367.40826614086444,416800
2019-12-30,363.00286865234375,364.76501850017064,359.4785689566899,363.8839435762572,409700
2020-01-06,357.7164306640625,359.47858056881154,354.1921308545643,356.83535571168795,1122500
2020-01-07,361.24078369140625,362.1218587735804,356.8354082805355,357.71648336270965,1013500
2020-01-08,357.7164306640625,362.1218054259352,352.4299809498153,355.07320580693886,1100500
2020-01-09,360.3596496582031,364.7650243484012,358.5974997821239,363.002874472322,1106900
2020-01-10,361.24078369140625,363.0029338557546,357.71648336270965,363.0029338557546,1222300
2020-01-14,361.24078369140625,363.88400893792874,359.4786335270579,362.1218587735804,578800
2020-01-15,359.47857666015625,361.24072654574525,356.83535183177275,359.47857666015625,662300
2020-01-16,363.00286865234375,367.40824327191103,357.716419108863,361.2407188045168,1318900
2020-01-17,369.1704406738281,370.9325907486435,362.1218403745665,364.7650654867896,1207000
2020-01-20,370.93255615234375,375.3379309284998,370.93255615234375,373.5757810180374,584400
2020-01-21,370.0514831542969,375.33793291364395,369.1704081944057,372.6947080339704,979600
2020-01-22,372.6947021484375,374.45685204039233,366.5271775265958,367.40825247257317,1054300
2020-01-23,365.6461181640625,371.8136430487575,364.76504318053463,370.93256806522965,717500
2020-01-24,368.289306640625,370.0514564331639,364.76500705554724,369.1703815368944,1100200
2020-01-27,360.3596496582031,363.8839494103616,358.5974997821239,361.2407245962427,677300
2020-01-28,358.5975036621094,359.47857860968213,353.31105397667284,354.1921289242456,920600
2020-01-29,359.47857666015625,363.88395137412874,357.71642677456725,361.24072654574525,621900
2020-01-30,359.47857666015625,363.88395137412874,355.95427688897826,358.59750171736175,1172700
2020-01-31,364.7650451660156,370.93257008428156,363.0028951893682,363.0028951893682,1732900
2020-02-03,355.9543151855469,358.59754029831083,353.3110900727829,356.8353902231349,1253500
2020-02-04,363.00286865234375,369.1703931197379,355.9542692610361,366.52716834799753,1437200
2020-02-05,370.93255615234375,373.5757810180374,364.7650314657252,366.5271813761876,1274800
2020-02-06,375.3379211425781,380.6243707361356,372.69469634579946,377.1000710070973,1564400
2020-02-07,376.218994140625,377.1000690683548,370.93254457424615,373.5757693574356,736400
2020-02-10,371.8135986328125,376.21897302419654,370.05144887625886,373.5757483893661,818600
2020-02-12,372.6947021484375,377.1000768783245,369.17040236452794,376.2190019323471,904100
2020-02-13,371.8135986328125,373.5757483893661,368.2892991197053,371.8135986328125,979200
2020-02-14,371.8135986328125,372.6946735110893,363.88392472832123,369.1703739979821,1152700
2020-02-17,372.6947021484375,373.5757770944149,364.765027634641,367.40825247257317,844100
2020-02-18,374.4568786621094,374.4568786621094,367.40827859317557,369.17042861040903,793800
2020-02-19,374.4568786621094,377.9811786965763,372.6947286448759,376.21902867934284,800800
2020-02-20,373.5757751464844,377.98114985340044,372.6947002051011,376.218999970634,627000
2020-02-21,373.5757751464844,375.3379250292508,370.9325503223347,370.9325503223347,681300
2020-02-25,360.3596496582031,362.1217995342824,355.07320002996545,355.95427496800505,1131500
2020-02-26,357.7164306640625,358.59750561643705,347.14353123556805,355.07320580693886,1758100
2020-02-27,349.7867431640625,358.5974923621497,347.1435184046363,357.71641744234097,1263000
2020-02-28,330.4031066894531,343.6192309570312,327.7598818359375,337.4517062988281,1799300
2020-03-02,339.2138671875,347.14354200487014,327.7598924512987,328.6409674310065,2282300
2020-03-03,332.1652526855469,346.26245173851436,332.1652526855469,344.50030185689343,1263900
2020-03-04,333.0463562011719,335.6895812503875,325.9977560699301,327.75990610274056,907300
2020-03-05,332.1652526855469,338.33277727122015,328.64095292230496,338.33277727122015,889800
2020-03-06,322.4734191894531,326.878793768544,319.83019444199863,325.9977188527259,1245700
2020-03-09,302.20867919921875,313.6626524633291,299.5654545998087,311.90050273038906,1793600
2020-03-10,303.9708557128906,306.61408054517665,284.5872069427933,293.3979563837466,2034100
2020-03-11,303.0898132324219,313.66271369401795,302.2087381939555,302.2087381939555,1666000
2020-03-12,289.8736877441406,301.3276632477085,288.11153766666865,297.8033630927645,1861500
2020-03-13,269.60894775390625,278.4196976805045,262.56034781262764,264.32249779794734,2755100
2020-03-16,265.20355224609375,284.58720058301753,264.3224773216881,275.7764513389613,2163500
2020-03-17,279.3007507324219,281.06290057931415,253.74957795248423,259.036027493161,2626200
2020-03-18,285.4682922363281,301.327641805013,279.3007674040618,284.58721726029006,1871600
2020-03-19,288.9925842285156,300.4465586034263,285.4682844208508,294.2790339400129,2048000
2020-03-23,288.11151123046875,294.2790359357081,284.5872113989034,286.34936131468606,1716200
2020-03-24,304.8518981933594,305.7329730436292,291.635775439312,295.1600748403913,1575300
2020-03-25,313.6626892089844,321.5923639361778,305.733014481791,321.5923639361778,1608100
2020-03-26,315.4248352050781,319.8302099984451,308.3762355356909,311.9005353703845,1293700
2020-03-27,333.0463562011719,337.45173128319794,303.9708806597997,323.3545310207145,2289000
2020-03-30,324.856689453125,330.3164657464548,305.7474724264706,325.76665216867997,1296800
2020-03-31,316.6670227050781,333.04635146568563,312.11720916046494,327.5865752121498,959300
2020-04-01,306.6573791503906,321.2167799409136,303.9274915021675,313.02711699624444,882200
2020-04-02,303.0175476074219,310.2972484508434,297.5577719748557,299.3776971857111,1089000
2020-04-03,298.4677429199219,308.4773318593095,297.55778028906843,301.19763081248215,921800
2020-04-06,299.3777160644531,301.1976413900729,287.54820144792455,292.098014761974,1759400
2020-04-07,303.9275207519531,307.56737129988073,295.73785701911606,306.65740866289883,1291600
2020-04-08,310.2972717285156,311.20723440220627,301.197644991609,301.197644991609,1019700
2020-04-09,312.1171875,315.7570380830904,309.38729956268224,310.2972622084548,1076900
2020-04-10,314.8470764160156,318.48692701042046,306.6574125786048,316.66700171321804,808800
2020-04-13,309.3872985839844,317.576962370031,309.3872985839844,316.66699972713695,495400
2020-04-14,308.47735595703125,310.29728136090756,300.28769163958793,305.7474678512168,855400
2020-04-15,299.3777160644531,303.0175667156927,295.73786541321357,302.1076040528828,990300
2020-04-16,303.0175476074219,303.0175476074219,292.09799634228955,293.00795894771727,870300
2020-04-17,305.7474670410156,311.2072432381766,302.1076162429083,304.8375043414888,714400
2020-04-20,299.3777160644531,303.9275293785026,298.4677534016432,300.287678727263,546300
2020-04-21,299.3777160644531,300.287678727263,294.82790275040367,294.82790275040367,724600
2020-04-22,300.28765869140625,303.9275090997869,295.7378456809304,296.64780828302554,621800
2020-04-23,308.47735595703125,308.47735595703125,302.10761704346424,303.92754244734056,643800
2020-04-24,303.0175476074219,308.47732323998804,302.1075850019942,308.47732323998804,607800
2020-04-27,314.8470764160156,315.75703906461683,308.4773378758072,310.29726317300964,927700
2020-04-28,318.4869384765625,321.2168265206473,317.5769757952009,319.3969011579241,526200
2020-04-30,327.5865783691406,331.22642923990884,323.9467274983724,325.7666529337565,784200
2020-05-01,326.6766052246094,330.3164559792011,325.7666425359614,326.6766052246094,827900
2020-05-07,321.216796875,326.6765724592776,319.3968716802408,322.1267594723796,551600
2020-05-08,326.6766052246094,326.6766052246094,321.21682909272175,325.7666425359614,503700
2020-05-11,329.4065246582031,330.31648743350206,323.0367852311108,326.67663633230643,636600
2020-05-12,331.2264404296875,333.95632867498716,326.6766266875215,331.2264404296875,723000
2020-05-13,330.3164367675781,333.0463246747482,323.03673568179124,324.85666095323796,513100
2020-05-14,323.0367126464844,329.4064506423306,323.0367126464844,329.4064506423306,355100
2020-05-15,326.6766052246094,328.49653060190525,321.21682909272175,323.0367544700176,444200
2020-05-18,326.6766052246094,331.22641866784903,321.21682909272175,331.22641866784903,536000
2020-05-19,333.9562683105469,337.5961186463566,329.40645539078463,332.136343142642,725900
2020-05-20,334.8663024902344,337.59619082575256,333.04637693322223,333.04637693322223,452000
2020-05-21,336.6861877441406,339.4160757528769,335.77622507456186,337.5961504137194,397600
2020-05-22,330.3164367675781,335.77621258191823,327.586548860408,335.77621258191823,418300
2020-05-25,335.7762451171875,335.7762451171875,331.2264314977134,335.7762451171875,508400
2020-05-26,357.6153259277344,362.165139234703,333.9562967314975,337.5961473770724,1852300
2020-05-27,373.99462890625,376.7245167084854,356.70533949209243,359.43522729432783,1872000
2020-05-28,379.4544372558594,384.0042506522126,373.08469850096486,380.36439993513005,1596200
2020-05-29,373.0846862792969,379.45442482552875,370.35479833091176,374.9046115782203,1106400
2020-06-01,367.6248779296875,375.8145410518835,364.8949902222888,369.4448030679533,800400
2020-06-02,363.98504638671875,370.3547846984863,360.34519592285153,370.3547846984863,1022800
2020-06-03,360.34521484375,369.4448414812184,360.34521484375,369.4448414812184,1120000
2020-06-04,361.2551574707031,363.98504531053214,356.70534440432147,363.98504531053214,883300
2020-06-05,363.0751037597656,364.8950290918948,356.70536509731363,361.2551784276365,950800
2020-06-08,368.5348815917969,369.4448442623939,362.16514289761767,366.7149562506028,1043000
2020-06-09,369.44482421875,374.9045999461207,363.9850484913793,373.0846747036638,963900
2020-06-10,373.99462890625,377.6344793092305,365.8049654995438,367.6248907010341,1167100
2020-06-11,363.0751037597656,370.35480508828226,363.0751037597656,369.4448424222177,1056100
2020-06-12,359.43524169921875,363.0750922480716,353.06550323872625,354.8854285131527,1005100
2020-06-15,354.88543701171875,367.62491423778044,354.88543701171875,358.5252876477364,1077200
2020-06-16,363.98504638671875,366.71493423461914,357.61530807495114,361.25515853881836,826700
2020-06-17,363.0751037597656,365.8049917579594,361.2551784276365,365.8049917579594,519700
2020-06-18,363.98504638671875,365.8049716186523,354.88542022705076,360.34519592285153,842800
2020-06-19,358.5252990722656,367.62492595227235,357.61533638426494,367.62492595227235,827900
2020-06-22,360.34521484375,362.1651401712437,354.88543886126894,360.34521484375,423800
2020-06-23,362.1651611328125,367.6249374312971,360.3452356999843,363.9850865656407,728800
2020-06-24,358.5252990722656,363.98507520026965,357.61533638426494,363.07511251226896,531500
2020-06-25,355.7953796386719,358.5252674619865,352.15552920758574,356.7053422464434,660600
2020-06-26,355.7953796386719,363.0750805008442,355.7953796386719,361.2551552853011,519700
2020-06-29,352.1555480957031,357.6153240351714,351.2455854391251,353.06551075228117,643100
2020-06-30,357.6153259277344,363.0751018960967,357.6153259277344,358.52528858912814,491200
2020-07-01,348.5157165527344,359.43526902958246,344.87586572711837,358.5253063231784,563500
2020-07-02,347.6057434082031,349.42566876636124,344.87585537096595,345.785818050045,492200
2020-07-03,344.8758239746094,352.155524744522,341.23597358965304,347.6057117633266,458400
2020-07-06,352.1555480957031,352.1555480957031,345.7858094996568,345.7858094996568,452500
2020-07-07,341.2359924316406,350.3356188964844,341.2359924316406,348.5156936035156,700300
2020-07-08,341.2359924316406,345.7858056640625,336.6861791992187,337.59614184570313,756300
2020-07-09,340.3260498046875,343.0559379047251,339.41608710467494,340.3260498046875,304600
2020-07-10,333.9562683105469,341.2359689821664,333.0463057265944,341.2359689821664,719600
2020-07-13,348.5157165527344,351.2456046719464,339.4160894886943,340.3260521950983,762900
2020-07-14,347.6057434082031,349.42566876636124,344.87585537096595,349.42566876636124,351900
2020-07-15,350.33563232421875,355.7954084123884,348.51570696149554,353.06552036830357,398800
2020-07-16,349.4256896972656,353.9755033651988,346.69580149650574,353.9755033651988,435800
2020-07-17,347.6057434082031,350.33563144544036,343.9658926918869,350.33563144544036,352500
2020-07-20,349.4256896972656,349.4256896972656,343.05595056215924,347.6057642300924,221900
2020-07-21,344.8758239746094,350.3355995520438,342.14593618589214,350.3355995520438,571700
2020-07-22,345.7858581542969,351.24563486199634,343.96593258506374,345.7858581542969,599700
2020-07-27,350.33563232421875,351.24559500558036,337.5961547851563,343.0559308733259,685400
2020-07-28,356.70538330078125,360.3452341507892,349.4256816007653,353.9754951632753,993700
2020-07-29,350.33563232421875,354.8854457310268,348.51570696149554,353.9754830496652,499500
2020-07-30,350.33563232421875,352.15555768694196,347.60574428013393,351.24559500558036,419800
2020-07-31,337.5961608886719,347.60575056461636,336.68619819085876,346.6957878668032,639300
2020-08-03,343.0559387207031,344.875864125057,341.2360133163492,342.1459760185262,495700
2020-08-04,343.0559387207031,354.8854538490032,340.3260506141723,345.7858268272339,915100
2020-08-05,349.4256896972656,350.3356524308523,340.32606236139935,340.32606236139935,499800
2020-08-06,346.6957702636719,353.9754714765574,345.7858076120612,347.60573291528254,402300
2020-08-07,346.6957702636719,347.60573291528254,343.05591965722914,346.6957702636719,405700
2020-08-11,352.1555480957031,355.7953987220153,349.425660125969,349.425660125969,490200
2020-08-12,362.1651611328125,363.0751238492266,354.8854594014997,355.7954221179138,900000
2020-08-13,364.8950500488281,370.35482635878566,363.0751246121756,366.71497548548064,750700
2020-08-14,365.80499267578125,372.1747313542152,363.0751046707381,364.89503000743355,711600
2020-08-17,369.44482421875,375.8145625673491,367.6248989762931,369.44482421875,791200
2020-08-18,366.7149353027344,369.44482315858596,363.98504744688273,368.53486053996875,533700
2020-08-19,368.5348815917969,371.2647696035879,366.7149562506028,371.2647696035879,399800
2020-08-20,370.35479736328125,370.35479736328125,365.8049841278601,367.62490942202857,517000
2020-08-21,362.1651611328125,370.3548255805394,362.1651611328125,370.3548255805394,463700
2020-08-24,357.6153259277344,362.165139234703,353.9754752821595,361.2551765733093,512600
2020-08-25,371.2647399902344,371.2647399902344,363.98503920611216,364.89500180412745,808900
2020-08-26,370.35479736328125,372.1747226574497,368.5348720691128,369.444834716197,318800
2020-08-27,373.99462890625,375.81455410774026,369.44481590252434,375.81455410774026,717700
2020-08-28,374.9045715332031,383.09423450358867,372.174683876408,376.72449663773324,1198400
2020-08-31,381.27435302734375,384.00424099651326,378.54446505817424,378.54446505817424,795300
2020-09-01,382.1842956542969,383.0942582629976,376.7245200020927,377.6344826107934,447100
2020-09-02,382.1842956542969,384.0042208716983,377.6344826107934,383.0942582629976,361600
2020-09-03,381.27435302734375,384.00424099651326,380.3643903709539,382.1843156837336,373500
2020-09-04,380.3643493652344,381.2743119235244,376.72449913207424,376.72449913207424,394400
2020-09-07,384.9142150878906,386.73414045473646,380.3644016707761,381.274364354199,529800
2020-09-08,390.3740234375,390.3740234375,384.91424688592656,388.55409792030883,489700
2020-09-09,395.8337707519531,396.7437334433369,384.9142184553475,386.73414383811513,882200
2020-09-10,394.9237976074219,395.8337602747201,392.19390960552727,395.8337602747201,433400
2020-09-11,395.8337707519531,398.56365882610453,393.1038826778017,396.7437334433369,708300
2020-09-14,403.1134948730469,404.0234576154239,394.92383019165317,395.8337929340302,709300
2020-09-15,400.3835754394531,402.20350078235975,397.6536874250932,400.3835754394531,440500
2020-09-16,399.4736022949219,404.9333781805017,398.5636396473252,401.2935275901151,488500
2020-09-17,401.29351806640625,405.8433311964108,396.7437049364016,399.4735928144044,800600
2020-09-18,408.5732421875,409.4832048649777,399.4736154127227,400.38357809020044,996300
2020-09-23,407.6632385253906,409.4831636973789,403.1134255954197,405.84331335340227,517700
2020-09-24,405.8433532714844,411.30312932446395,404.02342792049114,409.4832039734708,597100
2020-09-25,402.2034912109375,408.573229759527,401.293528561139,404.0234165105345,758800
2020-09-28,405.8433532714844,406.75331594698093,401.29353989400136,406.75331594698093,621300
2020-09-29,406.7533264160156,410.39317721168464,400.38358752359477,404.9334010181811,688600
2020-09-30,404.0234069824219,409.48318275245464,404.0234069824219,406.7532948674383,624300
2020-10-02,394.0138244628906,407.66326410941105,392.19389917668786,404.93337618010696,608700
2020-10-05,397.6536865234375,405.84335054794764,395.8337611846575,396.74372385404746,578300
2020-10-06,398.56365966796875,400.3835850545805,394.01384620143943,396.74373428135704,284500
2020-10-07,392.1939392089844,395.8337901529193,390.3740137370169,393.10390194496813,387600
2020-10-08,395.8337707519531,396.7437334433369,393.1038826778017,395.8337707519531,440100
2020-10-09,393.1038513183594,395.8337391747369,390.3739634619819,394.01381393715184,345600
2020-10-12,388.5540771484375,391.283965278286,384.9142263086395,391.283965278286,412500
2020-10-13,394.9237976074219,396.7437229420183,386.734133601738,391.28394693822906,513200
2020-10-14,392.1939392089844,395.8337901529193,386.734162793082,394.9238274169355,602000
2020-10-15,391.283935546875,391.283935546875,386.7341223428416,390.37397290606833,307600
2020-10-16,384.0042724609375,387.64412338473784,383.0943097299874,386.73416065378774,349100
2020-10-19,384.0042724609375,387.64412338473784,381.2743842680872,385.82419792283764,417200
2020-10-20,384.0042724609375,385.82419792283764,378.54449607523696,381.2743842680872,452400
2020-10-21,382.1842956542969,384.914183480399,380.36437043689546,382.1842956542969,274400
2020-10-22,382.1842956542969,384.0042208716983,378.54444521949404,378.54444521949404,302100
2020-10-23,385.82415771484375,387.64408298708355,381.27434453424416,387.64408298708355,366900
2020-10-26,391.283935546875,393.1038608284884,384.9141970612282,384.9141970612282,533400
2020-10-27,388.5540771484375,390.3740025683365,381.27437546884147,387.644114438488,420900
2020-10-28,386.7341613769531,389.4640495749081,382.1843477136948,385.8241986443015,545000
2020-10-29,384.9142150878906,388.5540658215823,381.274364354199,382.1843270376219,334100
2020-10-30,381.27435302734375,385.82416630929293,378.54446505817424,383.0942783401234,595700
2020-11-02,385.82415771484375,388.5540456232035,381.27434453424416,383.09426980648396,509000
2020-11-04,388.5540771484375,393.103890698185,384.00426359869,389.464039858387,791400
2020-11-05,376.7245178222656,388.55403166692616,365.80496658104056,388.55403166692616,1300800
2020-11-06,385.82415771484375,392.19389616768314,382.1843071703641,383.09426980648396,941500
2020-11-09,384.9142150878906,392.1939165552739,383.09428972104485,392.1939165552739,729000
2020-11-10,391.283935546875,396.7437113917151,388.55404762445494,392.1938981876817,825200
2020-11-11,397.6536865234375,403.1134625397776,392.19391050709737,398.5636491928275,790700
2020-11-12,385.82415771484375,395.8337467121628,383.09426980648396,394.92378407604286,867400
2020-11-13,385.82415771484375,386.7341203509636,377.6344939897645,386.7341203509636,647800
2020-11-16,388.5540771484375,394.01385340813454,385.824189018589,386.7341517285385,748500
2020-11-17,397.6536865234375,398.5636491928275,390.37398516831735,394.92379851526744,906200
2020-11-18,389.4640197753906,398.5636464056568,387.64409444933744,398.5636464056568,575600
2020-11-19,385.82415771484375,394.92378407604286,384.0042324426039,392.19389616768314,585800
2020-11-20,386.7341613769531,386.7341613769531,377.63453405043657,382.1843477136948,694300
2020-11-24,389.4640197753906,394.0138330905237,387.64409444933744,390.3739824384173,925400
2020-11-25,383.0942687988281,395.83374567099816,382.1843061651017,394.92378303727173,962700
2020-11-26,378.54443359375,383.09424649752106,374.9045832707332,383.09424649752106,801000
2020-11-27,375.8146057128906,377.63453116428474,372.17475481010234,374.90464298719354,1045800
2020-11-30,365.80499267578125,378.54447003264926,363.98506733908584,377.63450736430156,1126900
2020-12-01,371.2647399902344,373.9946277842802,368.5348521961885,371.2647399902344,824000
2020-12-02,369.44482421875,373.99463732489227,365.8049737338362,371.2647494612069,889600
2020-12-03,369.44482421875,371.2647494612069,364.8950111126078,368.53486159752157,716600
2020-12-04,378.54443359375,379.4543961745042,370.35477036696216,371.26473294771637,920300
2020-12-07,370.35479736328125,379.45442383412353,370.35479736328125,378.5444611870393,928600
2020-12-08,368.5348815917969,372.174732274185,365.80499358000577,368.5348815917969,664100
2020-12-09,372.1747131347656,373.084675758567,369.44482526336145,369.44482526336145,716200
2020-12-10,394.0138244628906,400.3835629646002,372.1747210284579,374.904608957762,3150800
2020-12-11,394.9237976074219,399.4736109439129,385.8241709344398,396.7437229420183,1773700
2020-12-14,405.8433532714844,414.94298002645036,395.8337638410217,395.8337638410217,1874200
2020-12-15,403.1134948730469,406.7533458425552,396.7437556764073,405.84338310017813,1156300
2020-12-16,418.58282470703125,422.2226753566576,400.38357145889944,405.843347433339,2452500
2020-12-17,418.58282470703125,430.41233931831687,416.76289938221805,421.312712694251,2607300
2020-12-18,435.87213134765625,437.6920567395045,417.67287742917375,419.492802821022,2723500
2020-12-21,445.8817138671875,453.1614153180804,438.60201241629466,445.8817138671875,2978000
2020-12-22,461.35107421875,470.450700929179,444.9717461399778,446.79167148206363,4248800
2020-12-23,485.0101013183594,485.92006398499797,460.4411093191179,466.81084798558794,4718300
2020-12-24,515.9487915039062,518.6786792896412,485.92002586082174,485.92002586082174,6230900
2020-12-25,542.3377685546875,554.1672836406119,519.588701081756,519.588701081756,8849400
2020-12-28,537.7879638671875,555.0772554297536,509.5791197387902,554.1672927159343,9579900
2020-12-29,525.9583740234375,536.8779250412251,520.4985985145437,533.2380747019627,4782800
2020-12-30,518.6787109375,524.1384868421053,505.0292711759869,522.3185615405702,4526900
2021-01-04,526.8683471679688,532.3281227862897,514.1288707252199,531.4181601832362,3401700
2021-01-05,519.588623046875,547.7974624767404,517.7686979223676,523.2284732958899,4523400
2021-01-06,532.3281860351562,537.7879623021835,517.768782656417,519.5887080787594,2487100
2021-01-07,605.1251831054688,616.044735281808,557.8071236746651,557.8071236746651,12292900
2021-01-08,617.8646850585938,626.0543495144514,597.8455052776084,618.7746477759113,10045300
2021-01-12,608.7650146484375,615.1347532172553,598.7554254688667,615.1347532172553,4403400
2021-01-13,603.3052368164062,606.0351247658018,589.6557970694288,601.4853115168092,3384500
2021-01-14,605.1251831054688,621.5045113699778,597.8454816545759,600.5753696986608,3838900
2021-01-15,585.1060180664062,611.4949364550934,583.2860926602899,609.675011048977,3484200
2021-01-18,596.9354858398438,601.4852989941108,568.7266442833877,577.8262705919219,3513100
2021-01-19,626.9642944335938,630.6041451995362,602.3953017634819,602.3953017634819,6666100
2021-01-20,627.8742065429688,641.523645815642,619.6845429793648,629.6941317793252,4916100
2021-01-21,608.7650146484375,636.0638942290849,607.8550519957492,631.5140809656436,4116700
2021-01-22,609.6749877929688,616.9546891397505,596.9355104361008,606.0351371195779,3170600
2021-01-25,602.395263671875,612.4048526452748,598.7554131360932,608.765002109493,1903900
2021-01-26,590.5657958984375,596.9355348372496,582.3761315485363,593.2956840150713,2751200
2021-01-27,573.2765502929688,596.0256197490389,564.1769225105407,593.2957314143106,2773200
2021-01-28,567.8167114257812,580.5561889257186,557.8071219615447,558.7170846401117,2616400
2021-01-29,543.247802734375,576.9164270244452,536.8780630038212,568.7267616565903,4366800
2021-02-01,559.6270751953125,568.7267024342607,543.2477461652057,544.1577088891006,2814200
2021-02-02,597.8455200195312,597.8455200195312,575.0964515256373,586.9259671424622,5053400
2021-02-03,599.6653442382812,613.3147830297444,590.5657183773059,613.3147830297444,4633900
2021-02-04,599.6653442382812,606.9450449270616,591.4756809634034,599.6653442382812,2782200
2021-02-05,590.5657958984375,598.7554602483387,586.9259450762592,598.7554602483387,2072600
2021-02-08,593.295654296875,594.2056169568395,581.4661397173361,586.9259156771233,2168100
2021-02-09,581.4661254882812,591.4757145029465,579.6462002128875,591.4757145029465,2028900
2021-02-10,581.4661254882812,584.1960134013717,557.8070969081633,581.4661254882812,3491500
2021-02-12,598.7554321289062,604.2152081057656,581.4661415355184,591.4757308264271,3416300
2021-02-15,600.5753173828125,604.2151677911932,588.7458035555753,604.2151677911932,1607100
2021-02-16,600.5753173828125,606.0350929953835,594.2055791681463,597.845429576527,1627000
2021-02-17,606.0350952148438,606.9450578202715,591.4756935280006,596.0255065551391,1686700
2021-02-18,600.5753173828125,624.234345037287,600.5753173828125,612.4048312100497,2753600
2021-02-19,618.7745971679688,629.6941488826976,591.4757178811466,592.3856805240407,4209900
2021-02-22,643.3435668945312,651.5332304052113,624.2343520362779,626.9642398731712,4666000
2021-02-24,635.1538696289062,669.7324470585602,632.4239819370915,656.9929711634245,4490900
2021-02-25,636.0639038085938,655.1731198028433,633.3340158094152,654.2631571364504,2517900
2021-02-26,616.044677734375,635.1538922578933,613.314789945301,623.3243785052391,3027500
2021-03-01,618.7745971679688,621.5044850966509,607.8550454532399,619.6845598108629,1633300
2021-03-02,648.8033447265625,649.7133073418872,625.1443167281184,626.964241958768,2925300
2021-03-03,700.6712646484375,707.0410034179688,648.8033918108259,652.4432425362724,8188600
2021-03-04,837.1656494140625,837.1656494140625,800.7671429177989,837.1656494140625,25166300
2021-03-05,774.3782958984375,824.4262468671966,747.0794135518415,823.5162841223101,27356000
2021-03-08,786.2077026367188,811.6866559629086,760.7287493105288,774.3781885924162,15147100
2021-03-09,745.2594604492188,779.8380434737246,734.3399079151643,772.558341784355,8040000
2021-03-10,745.2594604492188,749.8092740050748,725.2402808034523,740.7096468933628,4677100
2021-03-11,767.0985717773438,773.4683108075234,732.5199884706545,739.7996902194312,5964800
2021-03-12,790.757568359375,791.6675310387299,757.0889492232451,760.7287999406645,5643600
2021-03-15,800.7671508789062,819.8763669794256,787.1177108071067,800.7671508789062,7692000
2021-03-16,826.2461547851562,841.7155211192395,803.4970866467984,811.6867511766072,8947000
2021-03-17,803.4971313476562,823.5163124231358,797.1273919145491,821.6963868708195,5316400
2021-03-18,829.8859252929688,832.6158132051166,809.8667472705506,815.3265230948465,4671200
2021-03-19,851.7250366210938,861.7346257266836,818.9663813664363,822.6062319502871,8879900
2021-03-22,850.8151245117188,869.924341211982,849.9051618117062,858.094826111819,4825200
2021-03-23,812.5966796875,858.0948140485023,811.6867170002799,858.0948140485023,5388000
2021-03-24,808.0468139648438,816.2364776198929,788.0276361413904,798.947187681456,4891300
2021-03-25,829.8859252929688,835.3457011172646,804.4069714462548,806.22689672102,3822900
2021-03-26,834.435791015625,850.8151195197486,828.0660521529104,841.7154925730133,3302800
2021-03-29,800.7671508789062,837.1656577370384,794.3974121787331,833.5258070512251,4226300
2021-03-30,843.2041625976562,845.0492482926182,806.3024486984152,809.9926200883393,3277900
2021-03-31,825.67578125,839.5139228351956,821.9856101606146,829.3659523393854,2764700
2021-04-01,794.309326171875,829.3659514849194,789.6966123148954,826.5983231707316,4614600
2021-04-02,796.1544799804688,810.9151655884497,786.0065086249818,807.2249941864544,3425600
2021-04-05,800.7671508789062,807.2249504827683,787.8515516711819,802.6122364800098,2394000
2021-04-06,770.3232421875,797.0769835329342,761.0978141373504,796.1544407279192,3512700
2021-04-07,768.4780883789062,772.168259271482,750.0272339160273,756.485032978035,3997200
2021-04-08,776.781005859375,782.3162624331948,759.2526933756124,773.0908348101618,2984300
2021-04-09,766.633056640625,774.0133989428211,762.0203427017525,773.0908561550467,2294800
2021-04-12,764.7880249023438,776.7810819876639,759.2527677860421,771.2458248713623,1977800
2021-04-13,756.485107421875,767.5556211890244,754.6400217940168,763.8654499333079,1792700
2021-04-14,746.3370971679688,748.1821826986683,726.0411563302737,742.6469261065697,4545400
2021-04-15,763.8654174804688,768.4781313541431,750.9498186341807,750.9498186341807,2571700
2021-04-16,746.3370971679688,755.5625248214665,738.0342122798207,753.717439290767,4398300
2021-04-19,755.5625610351562,762.0203607021234,746.3371329394889,750.0273041777559,1935700
2021-04-20,750.9498291015625,753.7174574643448,742.6469440132161,748.1822007387804,1679300
2021-04-21,730.6539306640625,739.879359081538,726.9637592970722,730.6539306640625,2158100
2021-04-22,755.5625610351562,756.485103844723,737.1117048438216,744.4920473203555,1940800
2021-04-23,760.1751708984375,767.5555123634709,746.3370306515,750.0272013840166,1770700
2021-04-26,750.0272827148438,772.1683095108539,747.2596543653425,765.7105100286843,2391100
2021-04-27,759.2527465820312,763.8654607167945,744.4920613507888,756.4851181011733,1768600
2021-04-28,766.633056640625,769.4006850039486,757.4076287628799,758.3301715506544,1732800
2021-04-30,762.0203857421875,771.2458141410033,760.1753000624243,765.7105571017138,1756800
2021-05-06,759.2527465820312,767.5556320246051,749.1047754855521,758.3302037550786,2171600
2021-05-07,764.7880249023438,766.6331106077777,753.7175106697405,759.2527677860421,1611300
2021-05-10,762.0203857421875,770.3232713011217,752.7949573433716,763.8654714219507,1973700
2021-05-11,750.9498291015625,766.6330564906615,747.2596579511863,761.0977997650972,1534400
2021-05-12,717.73828125,752.7949068123394,705.7452251365681,750.0272784784705,2953900
2021-05-13,680.8366088867188,706.6678081398734,678.9915232257791,694.6747513437658,3248800
2021-05-14,659.6181640625,673.4563073645105,654.0829067416958,672.5337644777098,4149300
2021-05-17,657.7730102539062,673.4562377073654,643.934868383207,662.385724210806,3088000
2021-05-18,660.5405883789062,665.1533019849041,653.1602466093095,663.308216542505,1840100
2021-05-19,659.6181640625,662.3857927229021,652.2378209680944,656.8505354020979,1368800
2021-05-20,672.53369140625,676.2238625525121,654.08283567494,654.08283567494,2096300
2021-05-21,672.53369140625,680.8365764853395,665.153349113726,668.843520259988,1757900
2021-05-24,671.6111450195312,680.8365728357336,669.7660594562908,678.0689444908729,1514900
2021-05-25,667.9210205078125,673.4562775838441,664.2308491237915,668.8435633538178,1319900
2021-05-26,667.9210205078125,669.7661061998231,660.5406777397704,661.4632205857756,941300
2021-05-27,664.2308349609375,666.9984634399415,655.0054066975912,663.3082921346029,3279700
2021-05-28,673.4562377929688,678.0689517504549,666.0758954609911,666.0758954609911,1977100
2021-05-31,661.4631958007812,668.8435382922822,659.6181101779059,667.9209954808447,1482000
2021-06-01,664.2308349609375,668.8435490926107,655.9279495239258,667.9210062662761,1103500
2021-06-02,657.7730102539062,669.7660665418456,656.8504674625262,668.8435237504657,1963200
2021-06-03,666.9984741210938,670.6886454855257,652.2377886633654,656.8505028689056,2194900
2021-06-04,665.1533813476562,668.8435526727473,658.695581528747,667.9210098414745,1381500
2021-06-07,672.53369140625,687.294375991298,669.7660630465535,685.449290418167,3032900
2021-06-08,672.53369140625,674.378776979381,661.463177967464,669.7660630465535,1250100
2021-06-09,669.7660522460938,678.0689371912932,669.7660522460938,674.3787661045379,1068600
2021-06-10,673.4562377929688,681.7591229164437,669.7660666269799,672.5336950014715,1537500
2021-06-11,671.6111450195312,687.2943723070753,670.688602237911,686.371829525455,2369500
2021-06-14,662.3857421875,678.9915128830083,658.6955709218314,677.146427250174,1569500
2021-06-15,659.6181640625,661.4632498361013,654.0829067416958,656.8505354020979,1741100
2021-06-16,663.3082275390625,666.075855748544,656.8504283836057,658.6955138565934,1070800
2021-06-17,647.625,661.4631410256411,646.7024572649573,659.6180555555555,1883300
2021-06-18,627.3291015625,648.5475858800551,627.3291015625,645.7799574908088,3189500
2021-06-21,621.7938232421875,627.3290798289132,609.8007673042817,611.6458528331904,2125400
2021-06-22,649.4700927734375,650.3926355188543,635.6319515921853,635.6319515921853,1670100
2021-06-23,648.547607421875,651.3152359030495,641.1672648054099,646.7025217677588,1053700
2021-06-24,648.547607421875,652.2377787301076,641.1672648054099,651.3152359030495,830800
2021-06-25,653.1602783203125,655.0053638522908,646.7024789583885,648.5475644903668,1042300
2021-06-28,679.9140014648438,679.9140014648438,660.5406038654385,663.308232093925,2456000
2021-06-29,664.2308349609375,685.4493199666341,661.4632064819336,685.4493199666341,2364300
2021-06-30,661.4631958007812,670.6886239151576,660.5406529893436,666.0759098579694,1631300
2021-07-01,678.0689697265625,680.8365981744261,663.3082846712904,664.2308274872449,1692500
2021-07-02,675.3013916015625,677.1464773709656,659.6181625616355,668.8435914086514,1654800
2021-07-05,674.3787841796875,678.9914981617646,666.0758990119485,666.998441808364,1005800
2021-07-06,702.9776000976562,705.7452284444975,681.7591161052073,683.604201669768,2698300
2021-07-07,681.7591552734375,693.7522121321042,678.0689839323093,691.9071264615401,2386100
2021-07-08,703.9002075195312,711.2805504555159,683.6042644455737,683.6042644455737,3180100
2021-07-09,719.5834350585938,719.5834350585938,693.7522348257212,697.4424062875602,3216100
2021-07-12,730.6539306640625,742.6469876067807,721.428502246587,733.4215591893052,3671700
2021-07-13,764.7880249023438,764.7880249023438,720.5059679719305,727.8863107936661,4531600
2021-07-14,769.4006958007812,784.1613806123071,753.7174681885351,765.7105245978998,5340200
2021-07-15,763.8654174804688,774.0133880025523,754.6399897331202,758.3301608320596,2884000
2021-07-16,726.9637451171875,750.9498585347596,718.6608597034125,749.1047728872541,5165900
2021-07-19,702.0549926757812,715.8931331358821,689.1393949130205,711.2804196491818,3305900
2021-07-20,686.371826171875,702.0550533827915,684.5267406176496,687.2943689489878,2856700
2021-07-21,685.4492797851562,704.8226780025026,682.6816514683925,699.2874213689751,1701300
2021-07-26,729.7313232421875,731.5764087623953,700.2099549188625,703.9001259592782,2630600
2021-07-27,743.5694580078125,745.4145435115539,721.4284319629148,727.88623122601,2597000
2021-07-28,749.104736328125,764.7879635665217,736.189137425916,738.0342229833743,3451300
2021-07-29,734.3441162109375,746.3371733852367,731.5764876322531,741.7244590874294,2193000
2021-07-30,726.9637451171875,739.8793446497264,726.9637451171875,736.1891733547152,1744200
2021-08-02,744.4920043945312,747.2596326636559,723.2735209979089,733.4214913180326,1402100
2021-08-03,745.41455078125,748.1821790638537,736.1891231725712,738.0342086943069,1560400
2021-08-04,731.576416015625,743.5694720158812,727.8862449386231,739.8793009388792,1502900
2021-08-05,781.3937377929688,791.5417084136567,747.2596547961094,758.3301682004962,8466700
2021-08-06,771.2457275390625,786.0064113197144,768.4780993301903,774.9358984842254,2325300
2021-08-10,772.1683349609375,779.5486774695247,766.6330780794971,771.2457921473641,1557500
2021-08-11,769.4006958007812,777.7035810072645,768.4781530000608,776.7810382065442,1247700
2021-08-12,762.94287109375,773.0908415677902,757.4076144715463,770.3232132566883,1755100
2021-08-13,762.0203857421875,776.7810711802928,762.0203857421875,766.6330999415954,1472000
2021-08-16,765.7105102539062,765.7105102539062,752.7949112857681,759.2527107698372,1257200
2021-08-17,771.2457275390625,775.8584412205162,754.639958285829,760.1752147035735,1558300
2021-08-18,758.3302001953125,772.168342534643,752.7949432595804,769.4007140667769,1741800
2021-08-19,742.64697265625,763.8654575892857,742.64697265625,753.7174865343557,1187400
2021-08-20,719.5834350585938,742.6470066950872,718.660892193134,738.9568352332483,1930700
2021-08-23,729.7313232421875,736.1891225629148,724.196066681564,724.196066681564,1069500
2021-08-24,742.64697265625,746.3371439489518,731.5764587781445,731.5764587781445,1083100
2021-08-25,744.4920043945312,762.020316765654,738.9567478562819,749.1047181764056,1515900
2021-08-26,739.8793334960938,750.9498472142398,738.0342478764027,743.5695047354758,1013200
2021-08-27,731.576416015625,738.9567581696288,729.7313304771241,738.0342154003782,836100
2021-08-30,742.64697265625,749.1047724184783,739.8793441867236,745.4146011257765,905600
2021-08-31,735.2666015625,742.6469438617472,733.4215159876882,739.8793154995295,1608000
2021-09-01,748.1822509765625,750.949879525181,734.3441082334695,738.9568224811671,1592500
2021-09-02,746.3370971679688,750.0272682293679,740.8018405758701,746.3370971679688,766200
2021-09-03,763.8654174804688,765.7105030299385,741.724390886832,742.6469336615669,1595000
2021-09-06,787.8515625,787.8515625,766.6330777956675,777.7035915544496,2559200
2021-09-07,804.4572143554688,804.4572143554688,788.7739888462452,795.2317875853373,2693800
2021-09-08,826.5983276367188,833.0561270713806,802.6122154508319,809.992557661874,4156000
2021-09-09,820.1405029296875,826.5983021653544,809.0699899542586,812.7601609460683,2124700
2021-09-10,844.1265869140625,844.1265869140625,814.6052199400187,815.5277626579576,2871400
2021-09-13,872.7254638671875,879.1832632826952,842.2815523369368,843.2040951105807,4027300
2021-09-14,875.4931030273438,881.9509025228036,851.5069906156358,867.1902179617525,3481100
2021-09-15,924.3878784179688,931.7682207606272,885.6410811190119,888.4087094975089,9925900
2021-09-16,884.7185668945312,921.6202797994126,881.0283956040431,915.1624800410584,4712300
2021-09-17,862.5775146484375,888.4087129480698,862.5775146484375,873.6480282054227,3254200
2021-09-21,848.7394409179688,857.9648696235989,830.2885835067086,833.0562121183976,2449500
2021-09-22,830.2885131835938,850.5844546169704,826.5983420138889,842.2815694851346,1889600
2021-09-24,840.4365234375,858.8873801540203,826.5983809001098,857.9648373181943,2537500
2021-09-27,841.3590087890625,852.4295220626028,835.8237521522924,852.4295220626028,1634300
2021-09-28,832.1336669921875,840.4365528047481,816.4504382351286,837.6689242005613,1498400
2021-09-29,810.9151611328125,825.6758466596896,803.5348183693739,815.5278753599616,1936200
2021-09-30,794.309326171875,814.6052671425849,785.0838984579159,813.682724371189,1701500
2021-10-01,777.70361328125,795.2319272223458,774.9359847642348,786.0064988322954,1428700
2021-10-04,762.0203857421875,786.0064995791087,761.097842902306,786.0064995791087,1438000
2021-10-05,760.1751708984375,765.7104269972126,739.8792318695957,748.1821160177583,2003400
2021-10-06,759.2527465820312,784.1614029097527,748.1822326585994,768.4781748515577,1905100
2021-10-07,763.8654174804688,779.5486446509615,761.0977891562642,765.7105030299385,1646800
2021-10-08,772.1683349609375,790.6191912324056,771.2457921473641,775.8585062152312,1615700
2021-10-11,780.4712524414062,782.3163381445775,769.4007382223792,772.1683667771359,1033900
2021-10-12,778.6260986328125,784.1613552581642,773.0908420074608,780.4711841745964,830200
2021-10-13,771.2457275390625,776.780983956807,762.9428429124457,774.9358984842254,763200
2021-10-14,772.1683349609375,782.316305910245,767.5556208930706,774.0134205880844,781200
2021-10-15,794.309326171875,796.1544117146668,775.8584707439569,776.7810135153528,1094800
2021-10-18,860.732421875,862.5775074524383,807.2249401292872,808.1474829180064,3965700
2021-10-19,868.11279296875,879.183306800445,847.8168509439759,855.1971934984392,3880700
2021-10-20,830.2885131835938,875.4931100124783,825.6757992214626,866.2676820882161,2220200
2021-10-21,807.2249145507812,839.5139111328125,807.2249145507812,838.5913683733258,1576700
2021-10-22,800.7671508789062,815.5278356877341,794.3093512750442,803.5347792805615,1272900
2021-10-25,809.070068359375,816.4504110582063,797.0770114737743,799.844639985836,1082300
2021-10-26,835.82373046875,835.82373046875,812.7601617472061,813.6827044960678,1153000
2021-10-27,829.365966796875,843.2041086232967,822.9081672778782,838.5913946811561,1156100
2021-10-28,810.9151611328125,824.7533038142598,800.7671898330844,821.0631324325406,2488200
2021-10-29,821.0630493164062,826.5983058286516,801.6896515235472,817.3728783082425,1153400
2021-11-01,834.9012451171875,838.5914163663242,822.9081885574931,834.9012451171875,1299300
2021-11-02,779.5486450195312,822.9081554525702,752.794904539571,819.2179843518861,6227500
2021-11-04,821.0630493164062,825.6757630766108,786.0064247388518,788.7740529949745,3326300
2021-11-05,815.5277709960938,834.9011682708878,810.915057359238,814.6052282687226,1588700
2021-11-08,807.2249145507812,832.1335690569197,807.2249145507812,818.2954276646205,1122800
2021-11-09,786.0064086914062,814.6052334207884,780.471152292171,805.3798060887297,1314200
2021-11-10,773.0908813476562,796.1544517935887,770.3232528941444,789.6966520687276,1009700
2021-11-11,789.6965942382812,793.3867652393948,768.4781109818789,768.4781109818789,1282300
2021-11-12,815.5277709960938,818.2953991782072,793.3867455391862,793.3867455391862,1300800
2021-11-15,830.2885131835938,831.21105597602,816.4503712972005,819.2179996744792,1018900
2021-11-16,804.4572143554688,829.3658666348239,803.5346716784557,823.830610572745,1619100
2021-11-17,786.9290161132812,808.1475007212596,780.4712164499836,804.4573294850894,1794500
2021-11-18,788.7741088867188,795.2319086085984,775.8585094429596,782.3163091648393,933700
2021-11-19,797.076904296875,799.8445324367948,787.8514771638094,788.774019877116,704400
2021-11-22,813.6827392578125,816.450367622635,784.1613700330392,793.3867979157809,997900
2021-11-24,808.1474609375,828.4434017373003,805.3798326466182,807.2249181738728,1087200
2021-11-25,809.9925537109375,813.6827247984588,796.1544121327324,800.7671259921341,1113800
2021-11-26,783.23876953125,813.6826793010159,775.8584277688825,813.6826793010159,1280700
2021-11-29,768.4780883789062,788.774028288073,764.7879174863305,765.7104602094744,1456700
2021-11-30,775.8584594726562,801.6896566964783,773.0908311986753,786.92897256858,2382400
2021-12-01,786.0064086914062,795.231836023465,774.0133531597298,779.5486095589652,1487900
2021-12-02,799.8446044921875,804.4573184742646,776.7810345818015,777.7035773782169,1409300
2021-12-03,792.4642944335938,809.9926082802041,783.2388660932726,807.2249797781077,1182400
2021-12-06,772.1683349609375,801.6897049952864,770.3232493337907,794.3093624866992,1203700
2021-12-07,789.6965942382812,792.4642224891163,767.5555682316004,774.013367483549,1342400
2021-12-08,795.23193359375,804.4573620577146,792.4643050545606,801.6897335185251,1012600
2021-12-09,732.4989624023438,794.3093282473778,729.7313340809244,789.6966143783454,5237400
2021-12-10,733.4215087890625,756.485078247838,731.5764232323605,749.1047360210299,3274300
2021-12-13,726.9637451171875,738.9568018259736,726.9637451171875,734.3440877072097,1169600
2021-12-14,721.4284057617188,735.2665465371994,718.6607776066227,724.1960339168148,1083900
2021-12-15,730.6539306640625,736.1891877145478,711.2805309873638,712.2030738291114,911300
2021-12-16,738.0342407226562,745.4145831298828,738.0342407226562,740.8018691253662,849500
2021-12-17,715.8931884765625,734.3440438496698,712.203017401941,728.8087872377375,1780400
2021-12-20,683.6041259765625,711.280406380472,683.6041259765625,704.8226076195598,1749900
2021-12-21,701.132568359375,705.7452826248973,690.9845969752262,692.8296826814351,1484200
2021-12-22,708.5128784179688,718.6608493328094,701.1325359344482,701.1325359344482,1503200
2021-12-23,723.2735595703125,723.2735595703125,709.4354174866968,713.1255887089943,788800
2021-12-24,741.7244262695312,750.0273116382201,728.8088268071265,728.8088268071265,1569600
2021-12-27,726.0411987304688,749.1047692111063,724.1961130920178,745.4145979342043,1225400
2021-12-28,726.0411987304688,729.7313700073707,716.8157705382138,728.8088271881452,924400
2021-12-29,728.8087768554688,735.2665761440616,721.4284348113628,728.8087768554688,793300
2021-12-30,736.1890869140625,740.8018004912183,726.0411170443198,730.6538306214757,816900
2022-01-04,739.8793334960938,743.5695047354758,726.9637341582567,736.1891622567117,1182100
2022-01-05,747.2596435546875,750.0272718641494,738.9567586263021,745.4145580150464,1202200
2022-01-06,743.5694580078125,761.0977702933565,738.9567442484588,742.6469152559417,1247600
2022-01-07,744.4920043945312,757.4076029837796,738.9567478562819,750.0272609327806,1039900
2022-01-11,728.8087768554688,752.7948884988133,728.8087768554688,744.492003699194,965400
2022-01-12,740.8018798828125,746.3371367686118,734.3440801827132,734.3440801827132,1170500
2022-01-13,751.872314453125,752.7948571702455,735.2665455449578,744.4919727161619,1173600
2022-01-14,733.4215087890625,749.1047360210299,725.1186237839033,748.1821932426789,1309500
2022-01-17,749.104736328125,758.3301641154171,734.3440518684575,736.189137425916,1004500
2022-01-18,742.64697265625,756.485115003882,737.1117157171973,750.0273152416538,823100
2022-01-19,705.7452392578125,741.7244083180146,703.9001536649815,734.3440659466911,1482100
2022-01-20,715.8931884765625,720.5059023198393,701.1325041780766,703.9001324840427,1076800
2022-01-21,717.73828125,719.5833668059126,692.82962624518,705.7452251365681,1042000
2022-01-24,731.576416015625,732.4989587848754,710.3579323228641,712.2030178613651,884100
2022-01-25,703.9002075195312,726.0412363274851,698.3649503175428,725.1186934604871,1343600
2022-01-26,685.4492797851562,702.0550496857388,673.4562237458466,691.9070791909384,1980000
2022-01-27,653.1602783203125,698.3648738537805,652.2377355543234,687.2943606619108,1923400
2022-01-28,677.1463623046875,678.0689050326231,658.6955077459767,663.3082213856544,1243500
2022-01-31,699.287353515625,702.0549815638399,678.0688718126443,684.5266705918124,1149800
2022-02-01,684.5267333984375,707.590302583021,678.9914767941375,706.6677598156376,1409000
2022-02-02,703.9002075195312,706.6678361205255,691.9071502485563,697.4424074505448,1264700
2022-02-03,695.5972900390625,707.5903467638739,691.9071187391205,704.8227182889174,780700
2022-02-04,702.0549926757812,702.9775353731213,687.2943095183404,689.1393949130205,687800
2022-02-07,685.4492797851562,691.9070791909384,674.3787665181012,688.21690810192,1185800
2022-02-08,725.11865234375,728.8088236024969,702.9776247912691,703.9001676059557,2596300
2022-02-09,729.7313232421875,747.2596356841616,726.9636949618757,730.6538660022914,1644200
2022-02-10,727.8862915039062,741.7244339279349,716.8157775646833,737.111719786592,1103700
2022-02-14,707.5902709960938,716.8156982581028,702.9775573650892,709.4353564484956,926900
2022-02-15,714.048095703125,721.4284377775759,707.5902963879805,709.4353819065932,973300
2022-02-16,717.73828125,730.6538801413882,717.73828125,726.963709029563,710700
2022-02-17,724.196044921875,727.8862158514132,706.6677330065685,714.0480748656448,867400
2022-02-18,726.0411987304688,730.6539128265962,713.1255992613118,715.8932277189882,646300
2022-02-21,713.1255493164062,717.7382630894749,703.900121770269,717.7382630894749,658900
2022-02-22,702.0549926757812,708.5127915571617,695.5971937944009,701.1324499784412,766400
2022-02-24,701.132568359375,706.6678254780016,689.1395112690174,694.674768387644,985900
2022-02-25,701.132568359375,706.6678254780016,695.5973112407484,702.9776540655839,784700
2022-02-28,728.8087768554688,729.731319610982,702.0550369455844,704.8226652121242,1272400
2022-03-01,714.048095703125,732.4989508892523,712.2030101845123,730.6538653706396,953700
2022-03-02,697.4423828125,713.1256109974372,692.8296686404597,707.5903539909888,1116700
2022-03-03,714.048095703125,717.7382667403505,702.9775825914487,705.7452108693677,839900
2022-03-04,665.1533813476562,703.9001802611119,661.4632100225652,702.9776374298392,2555200
2022-03-07,614.4135131835938,651.315225687113,607.9557134954779,646.702511624173,2578500
2022-03-08,610.7232666015625,621.7937789870894,604.2654677100052,607.9556385051808,1941700
2022-03-09,621.7938232421875,626.4065370644589,608.8782245398274,613.4909383620989,1619100
2022-03-10,648.547607421875,648.547607421875,631.0192937077703,634.7094650160029,1654500
2022-03-11,635.6320190429688,644.8574474761033,625.4840477665208,636.5545618862823,1228100
2022-03-14,654.0828857421875,658.6956000280985,638.3996571700899,638.3996571700899,1075700
2022-03-15,663.3082275390625,669.7660266945193,654.0828001741243,654.0828001741243,969000
2022-03-16,657.7730102539062,668.8435237504657,655.0053818797663,664.2308097935659,1186700
2022-03-17,688.2169189453125,688.2169189453125,673.4562343566731,679.9140338642028,1261900
2022-03-18,684.5267333984375,687.2943617005875,677.1463912593708,681.7591050962875,1142300
2022-03-22,693.752197265625,702.9776254207529,690.9845688190866,692.8296544501121,1025100
2022-03-23,690.9844970703125,702.055009706953,688.2168689111523,701.132466987233,1169000
2022-03-24,697.4423828125,697.4423828125,681.7591546275629,683.604240296379,751000
2022-03-25,690.9844970703125,705.7451805858332,689.1394116308725,701.132466987233,787300
2022-03-28,688.2169189453125,698.3648896000021,682.6816622245727,698.3648896000021,720700
2022-03-29,704.8226928710938,706.667778454526,688.2169226202042,691.9070937870684,1072900
2022-03-30,709.5089721679688,720.7561421362853,700.136330527705,717.0070854801797,876400
2022-03-31,699.1990356445312,712.3207333644018,695.4499791531396,699.1990356445312,1346700
2022-04-01,687.951904296875,691.7009609960405,675.7674700245869,689.8264326464578,808900
2022-04-04,686.077392578125,687.9519209731471,673.8929580104807,681.3910715905695,562100
2022-04-05,691.7009887695312,694.5127814068057,685.1401392825574,690.7637245571063,585700
2022-04-06,672.9556884765625,692.6382364682169,672.9556884765625,692.6382364682169,985900
2022-04-07,657.022216796875,664.520330540634,647.6495746171763,664.520330540634,1071100
2022-04-08,670.1439208984375,671.0811851234703,658.8967501980442,660.7712786481097,801800
2022-04-11,663.5830688476562,672.0184468414824,656.0849550753663,665.4575972907287,723800
2022-04-12,640.1514282226562,659.8339757961201,640.1514282226562,658.896711625955,1234700
2022-04-13,648.5867919921875,649.5240561424653,640.1514146396879,642.9632070905211,750800
2022-04-14,650.4613647460938,654.21042160342,644.8377794601045,648.5868363174307,616600
2022-04-15,653.273193359375,655.1477218912527,639.2142293702923,645.7750792318642,435500
2022-04-18,636.4024047851562,646.7123111955195,631.7160836895365,646.7123111955195,641100
2022-04-19,649.5241088867188,651.3986373394943,640.1514666228411,646.7123162075554,578700
2022-04-20,647.6495971679688,660.771296676437,645.775068666759,654.2104469222029,749600
2022-04-21,667.3321533203125,669.2066818408751,656.0849821969365,658.8967749777805,877500
2022-04-22,651.3986206054688,657.0222058193289,647.6495637962286,654.2104132123987,606800
2022-04-25,634.5278930664062,639.2142142855082,627.9670433596635,637.3396857978674,806500
2022-04-26,642.0260009765625,648.5868506215785,637.3396798015511,643.9005294465671,580100
2022-04-27,634.5278930664062,637.3396857978674,626.0925148720228,629.8415718473043,701200
2022-04-28,660.7713012695312,660.7713012695312,637.3396948415336,637.3396948415336,868300
2022-05-02,657.95947265625,660.7712652744391,646.7123021834935,649.5240948016827,703400
2022-05-06,670.1439208984375,670.1439208984375,655.1476932979131,657.9594859730114,972900
2022-05-09,649.5241088867188,666.3948649616984,648.5868446603309,666.3948649616984,672400
2022-05-10,654.2103881835938,656.0849165164981,641.0886898532638,645.7750106855245,520700
2022-05-11,640.1514282226562,645.7750132436458,638.2768998823263,644.837749073481,788700
2022-05-12,733.8778686523438,733.8778686523438,693.5755080494692,693.5755080494692,2959500
2022-05-13,731.0661010742188,745.1250645564153,719.8189302884615,735.7524222349509,2098800
2022-05-16,742.313232421875,752.6231384277344,732.9405905983665,740.4387040571734,1343400
2022-05-17,746.99951171875,748.8740399790229,729.1914932461574,747.9367758488864,1013300
2022-05-18,732.0033569335938,746.0623202549816,730.1288284907421,744.18779181213,1121300
2022-05-19,747.9368286132812,748.8740928095385,710.4462607629914,712.320789155506,1143300
2022-05-20,754.4976806640625,761.0585300611414,739.5014534707395,746.999567067401,1132800
2022-05-23,745.1250610351562,761.0585529063483,740.4387398965704,761.0585529063483,804000
2022-05-24,732.0033569335938,748.8741129192592,731.0660927121679,747.9368486978333,509200
2022-05-25,724.5051879882812,740.4386785391232,724.5051879882812,740.4386785391232,595000
2022-05-26,722.6306762695312,731.0660538135335,717.9443554117521,721.6934120979754,602700
2022-05-27,728.2542724609375,734.8151217623874,724.5052157172519,732.9405933905446,677200
2022-05-30,746.99951171875,747.9367758488864,736.689606287249,740.4386628077948,730100
2022-05-31,737.626953125,748.8741239477446,737.626953125,743.2505385363722,773800
2022-06-01,768.556640625,768.556640625,740.4387147484756,741.3759789443598,1177700
2022-06-02,775.1174926757812,781.6783420696512,767.619379082787,772.3057000784084,1120200
2022-06-03,773.242919921875,800.4235801373106,772.3056557765151,787.3018821022728,1279000
2022-06-06,817.2943115234375,820.1061038795962,769.493841468741,776.0546902997778,2315100
2022-06-07,832.2905883789062,838.8514376116228,812.6080406807564,819.168889913473,1792300
2022-06-08,854.784912109375,871.655666953639,832.290572317023,843.537742213199,2860700
2022-06-09,860.4085083007812,864.1575649818304,844.4750174063223,852.9103949386829,1643400
2022-06-10,860.4085083007812,866.9693574926173,844.4750174063223,859.4712441305189,2092000
2022-06-13,835.1023559570312,851.03584647473,833.2278276608314,833.2278276608314,1119600
2022-06-14,824.79248046875,828.5415371981534,805.1099326393821,826.6670088334517,1651400
2022-06-15,795.7373046875,823.855230648189,788.2391910979829,821.9807022508097,1674100
2022-06-16,796.674560546875,819.1689010799632,795.7372963579963,814.4825801355698,966900
2022-06-17,807.9217529296875,821.9807161477215,780.7410907081551,782.6156191372263,1729000
2022-06-20,766.6820678710938,809.796218387072,756.372162312925,808.8589542454204,1519400
2022-06-21,792.9254760742188,799.4863251670314,781.6783062008255,784.4900986691739,790700
2022-06-22,783.5527954101562,801.3608134876598,783.5527954101562,796.6744929409484,544900
2022-06-23,780.7410278320312,791.98819750068,771.3683864414907,774.1801788586529,733700
2022-06-24,784.4901123046875,785.4273764770945,763.8703005117328,777.9292630978383,847300
2022-06-27,791.9882202148438,798.5490693763868,782.6155785554964,794.8000127126479,709200
2022-06-28,822.91796875,822.91796875,796.6745711133258,798.5490995159454,1341100
2022-06-29,821.0433959960938,832.2905658042594,816.3570752426914,825.7297167494961,1579400
2022-06-30,800.423583984375,815.4198103822087,791.0509424857289,815.4198103822087,1005400
2022-07-01,783.5527954101562,805.109869925029,775.1174184260757,799.4862852689753,1493900
2022-07-04,787.3018798828125,795.7372571672712,782.6155591692243,793.8627288818359,648600
2022-07-05,786.3646240234375,806.0471712278382,784.4900957182565,801.3608504648856,681300
2022-07-06,773.242919921875,776.9919765033144,746.9995238517993,775.1174482125947,1729700
2022-07-07,761.0584716796875,781.6782824887431,756.3721510412657,774.1801694672683,1061900
2022-07-08,790.1137084960938,799.4863503525124,767.619368040689,773.2429531545401,1578200
2022-07-11,781.6783447265625,799.486364570453,780.7410805242524,798.549100368143,774500
2022-07-12,766.6820678710938,783.5528224208243,757.3094264545766,783.5528224208243,973900
2022-07-13,766.6820678710938,777.9292375709141,766.6820678710938,767.6193320127454,570500
2022-07-14,769.4938354492188,775.1174201175444,759.1839302239553,760.1211943353428,477500
2022-07-15,762.9330444335938,771.3684220747515,761.0585160688921,771.3684220747515,434400
2022-07-19,776.9920043945312,781.6783252895525,767.6193626044886,772.3056834995099,590100
2022-07-20,772.3056640625,788.2391547045661,770.4311357516686,786.3646263937349,1005000
2022-07-21,785.4274291992188,787.3019576698613,775.1175226106849,775.1175226106849,899500
2022-07-22,792.9254760742188,797.6117968547992,784.4900986691739,787.3018911375221,954300
2022-07-25,775.1174926757812,796.6745692556398,770.4311716801599,790.1137198617698,914000
2022-07-26,781.6783447265625,789.1764583450426,777.9292879173223,780.7410805242524,732300
2022-07-27,777.9292602539062,782.6155810988093,772.3056752400225,779.8037885918675,665800
2022-07-28,763.8703002929688,779.8037912193251,758.2467152601371,779.8037912193251,1605800
2022-07-29,777.9292602539062,779.8037885918675,764.8075618881777,765.7448260571583,972000
2022-08-01,781.6783447265625,792.9255151542828,778.8665521196324,783.5528731311825,1128300
2022-08-02,773.242919921875,802.2981084280303,764.8075426136363,798.5490518465909,2118200
2022-08-03,809.7962036132812,809.7962036132812,758.2466767628987,776.0546951293945,1907600
2022-08-04,770.43115234375,808.8589835433775,768.5566239925487,808.8589835433775,2068700
2022-08-05,774.1802368164062,776.9920294440687,762.9330663057563,768.5566515610813,666000
2022-08-08,783.5527954101562,788.2391159568677,774.1801543167334,775.1174184260757,747600
2022-08-09,776.0546875,785.4273286533817,771.3683669233092,782.6155363073672,452800
2022-08-10,777.9292602539062,778.8665244228869,768.5566185641002,772.3056752400225,481000
2022-08-12,789.1764526367188,799.4863587875548,783.5528674635354,791.9882452233104,1122300
2022-08-15,785.4274291992188,791.9882788464677,783.5529007285762,787.3019576698613,368700
2022-08-16,781.6783447265625,792.9255151542828,774.1802311080822,787.3019299404226,586900
2022-08-17,793.86279296875,794.8000571871311,779.8038296930342,786.3646792217016,749600
2022-08-18,821.0433959960938,829.478773352218,785.4273582702358,789.1764148729577,2177300
2022-08-19,811.6707763671875,823.8552106544547,806.9844554874693,821.0434181266238,926500
2022-08-22,802.2981567382812,806.9844777472665,796.6745715274989,801.3608925364841,630800
2022-08-23,801.3609008789062,805.1099577251233,791.0509945518093,797.6118440326892,541000
2022-08-24,822.91796875,825.7297613539295,800.423627918565,802.2981563211846,957300
2022-08-25,841.6632690429688,846.34959014009,831.3533626293021,832.2906268487263,1863900
2022-08-26,831.3533325195312,849.1613520436249,828.5415399630954,848.2240878581463,726500
2022-08-29,813.5452880859375,817.2943447130617,806.9844389884703,811.6707597723755,817100
2022-08-30,822.91796875,825.7297613539295,816.3571193408314,820.1061761460707,454300
2022-08-31,828.54150390625,829.4787680509403,815.4198058805854,818.2315983146564,904000
2022-09-01,805.1099853515625,823.8552702258713,804.1727211078471,823.8552702258713,781400
2022-09-02,797.61181640625,806.9844581971578,782.6155895407976,806.047194018067,1001300
2022-09-05,822.91796875,822.91796875,800.423627918565,800.423627918565,807300
2022-09-06,848.22412109375,851.0359137603591,819.1689302054558,826.66704398308,2002000
2022-09-07,817.2943115234375,838.8513862539869,808.8589344549616,838.8513862539869,1428100
2022-09-08,828.54150390625,830.4160321956307,818.2315983146564,824.7924473274886,740200
2022-09-09,841.6632690429688,848.2241185789384,819.1689277767869,823.8552488739081,1234700
2022-09-12,831.3533325195312,847.2868236726677,831.3533325195312,847.2868236726677,712800
2022-09-13,832.2905883789062,840.7259659638275,828.5415316744968,836.0396450833157,638500
2022-09-14,818.2316284179688,822.9179493138334,806.9844582678936,807.9217224470666,750500
2022-09-15,823.855224609375,829.4788097602923,818.2316394584577,823.855224609375,666300
2022-09-16,812.6080932617188,823.8552641027114,810.7335647882201,820.106207155714,937200
2022-09-20,817.2943115234375,825.7296885919134,815.4197832859984,818.231575642157,480900
2022-09-21,809.7962036132812,813.5452601114908,802.2980906168619,813.5452601114908,530000
2022-09-22,811.6707763671875,811.6707763671875,798.5490779039766,801.3608704318075,577600
2022-09-26,776.0546875,800.4235544987922,773.2428951539855,799.486290383454,1042700
2022-09-27,806.0471801757812,813.545293479742,784.4901044268942,790.1136894048647,1225600
2022-09-28,797.61181640625,806.9844581971578,784.4901178989791,800.4236089435223,1078800
2022-09-29,809.7962036132812,816.3570524851481,799.4862982432047,806.984411239624,775400
2022-09-30,803.2353515625,811.6707286500875,797.6117668374417,809.7962004084014,622000
2022-10-03,795.7373046875,800.4236256809481,781.6783417071555,797.6118330848792,647400
2022-10-04,821.980712890625,825.7297697339118,810.7335423607647,813.5453349932297,898200
2022-10-05,810.7335205078125,833.2278609612084,810.7335205078125,831.3533325900921,948600
2022-10-06,814.4825439453125,821.0433929759422,810.7334873563813,816.3570722397782,667400
2022-10-07,799.4863891601562,806.0472387781177,791.0510110799202,803.2354460847056,750600
2022-10-11,771.3684692382812,790.1137540314351,761.0585626020467,789.1764897917774,1631800
2022-10-12,758.2467041015625,770.4311381600548,750.7485908347979,766.6820815266726,1155400
2022-10-13,748.8741455078125,758.2467881299378,746.062352721175,757.3095238677254,666500
2022-10-14,764.8075561523438,769.4938769621007,755.4349145328297,766.6820844762465,808000
2022-10-17,776.9920043945312,777.9292685735355,754.497664098429,754.497664098429,714700
2022-10-18,779.8037719726562,781.6783002706674,773.2429229296171,780.7410361216618,620100
2022-10-19,786.3646240234375,789.176416481209,771.3683975819894,776.9919824975324,553800
2022-10-20,776.9920043945312,787.301910363578,772.3056834995099,783.552853647561,542000
2022-10-21,771.3684692382812,783.5529043538313,769.4939407589659,777.9293189158851,649300
2022-10-24,781.6783447265625,785.4274015358026,774.1802311080822,783.5528731311825,582400
2022-10-25,791.0509643554688,797.6118135859051,785.427379300809,788.2391718281389,1012500
2022-10-26,793.86279296875,799.4863782790363,781.6783581297964,793.86279296875,983200
2022-10-27,789.1764526367188,803.2354155696769,781.6783390724744,796.6745662009631,783300
2022-10-28,780.7410278320312,792.9254616397341,777.9292354148691,784.4900843882475,1718700
2022-10-31,805.1099853515625,811.6708350575706,790.1137574521155,791.9882859395464,971800
2022-11-01,813.5452880859375,820.1061371834048,806.9844389884703,808.8589673020324,685600
2022-11-02,814.4825439453125,824.7924495648734,808.8589590619156,812.6080156508469,698300
2022-11-04,817.2943115234375,841.6631786101455,813.5452550485593,819.1688397608766,1120000
2022-11-07,816.3571166992188,836.0396648630347,816.3571166992188,828.5415512768191,1332600
2022-11-08,890.4010009765625,890.4010009765625,826.6670345908717,829.4788272255345,4022500
2022-11-09,850.0985717773438,883.8400806902262,842.600458685592,876.3419675984745,1884600
2022-11-10,834.1651000976562,846.3495341440265,832.29057178283,843.5377416717872,847400
2022-11-11,854.784912109375,858.5339687414337,839.7886855811404,857.596704583419,838300
2022-11-14,828.54150390625,856.6594282469598,828.54150390625,852.9103716681985,616900
2022-11-15,815.4198608398438,834.1651449970815,815.4198608398438,829.4788239577721,750100
2022-11-16,822.91796875,822.91796875,800.423627918565,811.6707983342825,880900
2022-11-17,817.2943115234375,831.3532733042306,816.357047404718,819.1688397608766,416100
2022-11-18,822.91796875,822.91796875,813.5453267369021,820.1061761460707,507800
2022-11-21,818.2316284179688,828.541534388871,815.41983588045,825.7297418513523,314600
2022-11-22,827.6043090820312,830.4161017516191,819.1689310732676,823.8552521892474,529800
2022-11-24,852.9104614257812,858.5340468857314,840.7260262625558,841.6632905058808,1262700
2022-11-25,861.3457641601562,869.7811416111263,851.9731225479674,856.6594433540619,845600
2022-11-28,845.412353515625,865.0949027659888,842.600560765573,860.4085815159021,541500
2022-11-29,839.7886962890625,848.2240738187518,833.2278470993042,838.851432119097,551200
2022-11-30,839.7886962890625,843.5377529689245,833.2278470993042,840.725960459028,624400
2022-12-01,837.9141845703125,850.0986190215586,832.2905994389681,849.1613548330013,591400
2022-12-02,829.4788208007812,836.0396702308439,825.7297639836025,830.4160850050758,680800
2022-12-05,818.2316284179688,832.2905911055627,815.41983588045,832.2905911055627,497500
2022-12-06,800.423583984375,821.980659431261,798.5490556846457,818.2316028318025,1347700
2022-12-07,797.61181640625,811.6707790926116,796.6745522271592,799.4863447644316,558600
2022-12-08,782.6156616210938,804.1727397256268,782.6156616210938,801.3609469293834,792600
2022-12-09,783.5527954101562,794.7999647222638,776.9919466447602,776.9919466447602,646300
2022-12-12,776.0546875,781.678272192029,772.3056310386473,775.1174233846618,724500
2022-12-13,782.6156616210938,795.7373613368965,782.6156616210938,786.3647186827517,791500
2022-12-14,786.3646240234375,791.05094478639,781.678303260485,785.427359870847,459300
2022-12-15,810.7335205078125,818.2316339922778,787.3019158688584,787.3019158688584,938100
2022-12-16,777.9292602539062,800.4236003094409,776.9919960849256,799.4863361404603,1009600
2022-12-19,812.6080932617188,820.106207155714,791.0510158164828,791.9882800532323,1321000
2022-12-20,777.9292602539062,811.6707703372082,764.8075618881777,811.6707703372082,1198500
2022-12-21,767.619384765625,780.7410836505074,763.8703279413728,777.9292910323184,737600
2022-12-22,772.3056640625,777.9292489949939,760.1212300420965,774.1801923733314,666100
2022-12-23,762.9330444335938,768.5566295276989,752.6231384277344,763.8703086159446,592200
2022-12-26,768.556640625,772.3056974085366,762.9330554496951,764.8075838414634,387500
2022-12-27,762.9330444335938,774.180214621804,758.2467235218395,773.2429504394531,390500
2022-12-28,779.8037719726562,779.8037719726562,761.0584889925443,761.0584889925443,705600
2022-12-29,776.0546875,776.0546875,762.9329898852657,773.2428951539855,484500
2022-12-30,774.1802368164062,782.6156146993936,773.2429726071854,773.2429726071854,441800
2023-01-04,762.9330444335938,771.3684220747515,757.3094593394886,768.5566295276989,503800
2023-01-05,758.2467041015625,761.0584965765992,753.5603833098347,760.1212324182536,613500
2023-01-06,753.5604248046875,758.2467458544679,752.6231605947314,754.4976890146436,457400
2023-01-10,750.7485961914062,758.24670951167,746.0622753662415,757.3094453466371,711700
2023-01-11,763.8703002929688,770.431149497939,756.3721869158599,756.3721869158599,684500
2023-01-12,754.4976806640625,767.6193794582201,753.5604164644799,767.6193794582201,502100
2023-01-13,740.438720703125,753.5604195510285,740.438720703125,746.0623059236551,924500
2023-01-16,727.3170166015625,738.5641869613805,726.379752404911,732.00333758482,739500
2023-01-17,733.8778686523438,734.8151328524107,727.3170192518759,731.0660760521432,504300
2023-01-18,756.3721923828125,756.3721923828125,734.8151162678129,738.5641729834649,718500
2023-01-19,750.7485961914062,756.3721811816041,746.9995395312744,749.8113320263733,505200
2023-01-20,748.8741455078125,751.6859382944501,744.1878241967498,750.7486740322377,318400
2023-01-23,756.3721923828125,761.9957774562906,753.5603998460734,760.1212490984645,483600
2023-01-24,768.556640625,772.3056974085366,759.1839986661586,761.9957912538109,510600
2023-01-25,783.5527954101562,785.4273236288409,770.4310978793642,772.3056260980488,720000
2023-01-26,787.3018798828125,789.1764081682478,779.8037667410714,787.3018798828125,504000
2023-01-27,790.1137084960938,790.1137084960938,779.8038024540332,785.4273875678845,516600
2023-01-30,784.4901123046875,792.9254898563509,783.5528481322805,787.3019048219086,616900
2023-01-31,802.2981567382812,804.1726851418754,784.4901369041371,786.3646653077312,1013000
2023-02-01,802.2981567382812,809.7962703526576,796.6745715274989,806.0472135454694,616800
2023-02-02,785.4274291992188,806.0472423762866,785.4274291992188,803.2354496703227,661500
2023-02-03,788.2391967773438,792.9255178045574,781.6783473392445,783.55287575013,560600
2023-02-06,789.1764526367188,804.1726797652075,785.4273958545966,794.800037809902,980900
2023-02-07,827.6043090820312,852.9104431083222,820.1061952964636,839.7887439835787,2929100
2023-02-08,833.2278442382812,852.910391739973,828.5415234045452,834.1651084050285,1292500
2023-02-09,843.5377197265625,846.349512125651,825.7297011990017,825.7297011990017,794800
2023-02-10,840.7259521484375,851.0358579161441,836.0396313449345,847.2868012733418,836300
2023-02-13,852.9104614257812,852.9104614257812,836.9769692892556,836.9769692892556,778400
2023-02-14,843.5377197265625,858.5339458550346,842.600455593533,852.9103610568576,645800
2023-02-15,850.0985717773438,856.6594207326264,844.4749869585299,847.2867793679368,593100
2023-02-16,842.6005249023438,852.9104312137183,840.7259964820938,851.9731670035934,404100
2023-02-17,831.3533325195312,835.1023892614456,828.5415399630954,831.3533325195312,640100
2023-02-20,839.7886962890625,842.600488798959,836.0396396092007,836.0396396092007,530800
2023-02-21,847.2868041992188,850.0985966910304,838.8514267237841,841.6632192155956,508700
2023-02-22,831.3533325195312,842.6005027452746,830.4160683340526,841.663238559796,500200
2023-02-24,838.8514404296875,840.7259687881896,831.353326995679,831.353326995679,398400
2023-02-27,850.0985717773438,855.7221565961574,837.9141380032472,838.8514021397162,473900
2023-02-28,848.22412109375,851.9731779825621,845.4123284271409,851.0359137603591,446700
2023-03-01,853.84765625,853.84765625,843.5377504116356,843.5377504116356,430200
2023-03-02,847.2868041992188,858.5339741664651,846.3495400352816,854.7849175107162,472500
2023-03-03,881.0283203125,883.8401128241356,854.784923537234,859.47124438996,1807000
2023-03-06,887.5891723632812,899.7736066195882,883.840115669033,886.6519081897192,912200
2023-03-07,910.0835571289062,912.895349787389,884.7774232025619,888.5264800805388,1419900
2023-03-08,895.0872802734375,908.2089786229957,894.1500161056118,903.5226577838678,987900
2023-03-09,892.2755126953125,904.4599472174124,889.4637201132895,896.0245694713433,668800
2023-03-10,876.342041015625,888.5264758104946,875.404776800635,886.6519473805147,929000
2023-03-13,848.22412109375,865.0948770934046,842.6005357605317,864.1576128712016,927900
2023-03-14,821.0433959960938,828.5415092015376,798.5490563797624,827.604245050857,1500100
2023-03-15,832.2905883789062,837.9141734355205,821.0434182656778,832.2905883789062,805300
2023-03-16,806.0471801757812,810.7335009907567,792.92548189385,806.9844443387764,1019300
2023-03-17,821.0433959960938,823.8551884481352,803.2353771331648,822.9179242974546,829700
2023-03-20,800.423583984375,821.980659431261,797.6117915347811,806.9844330334272,923300
2023-03-22,807.9217529296875,821.0434519331859,806.9844887151519,820.1061877186503,666400
2023-03-23,812.6080932617188,816.3571502087163,791.9882800532323,799.4863939472274,1050800
2023-03-24,778.8665771484375,803.2354471915895,777.9293129160086,801.3609187267317,1610500
2023-03-27,797.61181640625,799.4863447644316,783.5528537198884,787.3019104362514,1027500
2023-03-28,796.674560546875,809.7962591911764,790.1137112247243,807.9217308134191,1003400
2023-03-29,806.0471801757812,815.4198218057322,802.2981235238009,810.7335009907567,979400
2023-03-30,826.1505126953125,831.8943169550713,813.705603465835,813.705603465835,941600
2023-03-31,829.0223999023438,842.424609600534,824.2358964387043,838.5954068296226,1043000
2023-04-03,846.2537841796875,851.9975881447081,836.68077757132,841.4672808755038,851000
2023-04-04,844.3392333984375,850.0830377072704,840.5100305258823,850.0830377072704,640300
2023-04-05,822.3213500976562,829.9797561521164,819.4494478272337,825.1932523680788,859600
2023-04-06,818.4921264648438,824.2359308610883,809.876419870477,813.7056228013066,761500
2023-04-07,820.4066772460938,825.193180613924,814.6628732046976,816.5774745518296,437500
2023-04-10,812.748291015625,828.0651021537286,811.7909903194935,828.0651021537286,584500
2023-04-11,817.5347900390625,822.3212934936237,813.7055872754134,821.3639928027114,423600
2023-04-12,829.0223999023438,833.8089033659832,821.3639943605208,822.3212950532486,542600
2023-04-13,819.4494018554688,825.1932060740818,815.62019904306,825.1932060740818,641600
2023-04-14,824.2359008789062,826.1505022746761,813.7055932021723,823.2786001810214,716200
2023-04-17,821.364013671875,829.0224193937573,818.4921115261692,827.1078179632867,413600
2023-04-18,833.8089599609375,834.7662607186423,828.0651554147083,828.0651554147083,661600
2023-04-19,831.894287109375,834.7661891362197,827.1077837313003,830.93698643376,585600
2023-04-20,829.979736328125,835.7235407317798,827.1078341262976,828.06513486024,419600
2023-04-21,820.4066772460938,828.0650826346221,819.4493765725277,826.15048128749,449800
2023-04-24,823.278564453125,829.0223683911701,819.4493618277617,824.2358651094659,352000
2023-04-25,819.4494018554688,829.9797095895927,816.5774997461622,828.0651081833884,454900
2023-04-26,817.5347900390625,821.3639928027114,809.8763845117644,814.6628879663257,590900
2023-04-27,787.8585205078125,803.1753325711479,783.0720167380202,803.1753325711479,1618000
2023-04-28,804.132568359375,805.0898690359933,794.5595615931919,798.3887642996651,949800
2023-05-01,813.7056274414062,817.5348303940717,807.9618230124081,813.7056274414062,641800
2023-05-02,806.0471801757812,812.7482849990954,801.260676730557,812.7482849990954,643700
2023-05-08,800.3033447265625,805.0898479844965,796.4741421202153,802.217946029736,781700
2023-05-09,813.7056274414062,813.7056274414062,798.3888156307445,805.089920797909,716700
2023-05-10,808.9190673828125,818.492074097402,806.0471653684357,817.5347734259431,491400
2023-05-11,802.218017578125,807.9618219999254,796.4742131563246,804.1326190520584,679300
2023-05-12,791.6876831054688,803.1752915664913,790.7303824003836,802.2179908614061,985600
2023-05-15,786.9011840820312,810.8337018460833,786.9011840820312,802.2179954510245,1592200
2023-05-16,780.2000732421875,788.8157795724693,777.3281711320935,788.8157795724693,1572800
2023-05-17,763.9259643554688,774.4562721348047,760.0967615266193,773.4989714275924,1863600
2023-05-18,771.5843505859375,776.3708540014829,762.0113437548464,773.4989519521557,1709500
2023-05-19,777.328125,784.029229525862,773.498922413793,777.328125,1215400
2023-05-22,801.2606811523438,801.2606811523438,774.4562617111662,777.3281637941495,1149900
2023-05-23,811.7909545898438,825.1931637458081,803.1752487038666,807.9617519738539,2019500
2023-05-24,815.6201782226562,826.1504856879723,811.7909755079959,816.5774789013213,1056500
2023-05-25,806.0471801757812,813.7055856881402,804.1325787976915,813.7055856881402,867500
2023-05-26,796.4741821289062,812.7482940233671,795.5168814292321,808.9190912246704,800700
2023-05-29,804.132568359375,815.6201764787946,801.2606663295201,808.9190717424665,658200
2023-05-30,801.2606811523438,802.2179818466715,792.6449749033939,799.3460797636882,523800
2023-05-31,779.2427978515625,797.4315118063287,776.3708956481784,793.6023088684832,997600
2023-06-01,773.4989624023438,784.9865707548538,772.5416617063013,773.4989624023438,870600
2023-06-02,780.2000732421875,784.9865767590107,777.3281711320935,781.1573739455522,617100
2023-06-05,806.0471801757812,807.0044808648262,792.644970529153,795.5168725962877,1063200
2023-06-06,815.6201782226562,815.6201782226562,796.4741646493544,800.3033673640148,882100
2023-06-07,823.278564453125,833.8088716728743,807.9617539516715,823.278564453125,1612400
2023-06-08,827.1077880859375,839.5526969344528,822.3212846826624,832.8515921698677,1357800
2023-06-09,823.278564453125,834.7661723292151,821.3639631404434,827.1077670784885,1127700
2023-06-12,831.894287109375,835.7234898118347,827.1077837313003,828.0650844069153,772700
2023-06-13,879.7593383789062,883.5885411574868,844.3392126770351,846.2538140663255,3165000
2023-06-14,874.972900390625,891.2470134175841,867.3144942602913,890.2897126512923,1629400
2023-06-15,878.8020629882812,883.5885665993286,869.2290557661867,874.9728600994434,1368100
2023-06-16,868.271728515625,879.759336831157,862.5279243578591,879.759336831157,1294100
2023-06-19,866.357177734375,885.5031927119302,864.4425762366194,875.9301852231526,1344200
2023-06-20,873.0582275390625,874.9728289152446,863.4852206581517,866.357122722425,615000
2023-06-21,864.4425048828125,872.1009102416857,856.7840995239393,862.5279035430942,941100
2023-06-22,875.9301147460938,887.4177228083377,872.1009120586792,877.8447160898011,1155300
2023-06-23,867.314453125,882.6312646592163,857.7414459161148,880.7166632174392,1233200
2023-06-26,873.0582275390625,881.6739337318821,864.4425213462428,871.1436261628803,784000
2023-06-27,871.1436767578125,876.8874812199518,862.5279700646033,875.930180476262,777500
2023-06-28,884.5458374023438,884.5458374023438,872.1009284345619,875.9301311938793,693300
2023-06-29,895.076171875,897.9480740307487,888.3750668449197,889.3323675635027,1226700
2023-06-30,908.4783935546875,909.4356942855143,891.246980399804,896.9907847847652,1187500
2023-07-03,906.5637817382812,918.0513903769923,904.649180298496,911.3502853377443,877800
2023-07-04,897.9481201171875,904.6492254911964,893.1616162786098,904.6492254911964,882100
2023-07-05,884.5458374023438,893.1615436108082,882.631236022685,891.2469422311493,558300
2023-07-06,870.1863403320312,878.8020466719523,864.4425361054172,878.8020466719523,687200
2023-07-07,874.972900390625,881.674005754667,859.6560881299575,863.4852911951244,984000
2023-07-10,879.7593383789062,883.5885411574868,873.05823351639,878.802037684261,633700
2023-07-11,867.314453125,881.6739639383278,864.4425509623344,880.7166632174392,608500
2023-07-12,863.4852905273438,873.0582981828576,860.6133882306896,873.0582981828576,543700
2023-07-13,861.5706176757812,868.2717224799262,855.8268135579427,861.5706176757812,547900
2023-07-14,861.5706176757812,869.2290231662327,855.8268135579427,861.5706176757812,600000
2023-07-18,863.4852905273438,868.2717943551006,858.6987866995869,859.6560874651383,347400
2023-07-19,869.2290649414062,873.0582678706636,864.4425612798346,870.1863656737206,436300
2023-07-20,868.271728515625,873.05823198043,865.399826436742,873.05823198043,556000
2023-07-21,865.3998413085938,870.1863448556546,859.6560370521208,870.1863448556546,485000
2023-07-24,868.271728515625,872.100931287469,864.4425257437811,871.1436305945081,376100
2023-07-25,879.7593383789062,879.7593383789062,865.3998279592288,873.05823351639,583400
2023-07-26,874.972900390625,880.7167049883752,869.2290957928747,880.7167049883752,453400
2023-07-27,874.0155639648438,875.9301654193122,865.3998574197358,872.1009625103753,465200
2023-07-28,886.4605102539062,888.3751117879319,856.7841864765077,866.3571941466362,1538600
2023-07-31,895.076171875,900.8199761864973,889.3323675635027,893.1615704378343,927100
2023-08-01,896.9907836914062,899.8626858803863,889.3323778541264,894.1188815024263,858700
2023-08-02,846.2537841796875,865.3997973964225,835.7234769104832,865.3997973964225,4256700
2023-08-03,820.4066772460938,842.4245927381127,818.4920758989617,837.6380893702825,1535500
2023-08-04,823.278564453125,834.7661723292151,820.4066624841025,822.3212637967841,1375700
2023-08-07,821.364013671875,827.1078179632867,804.13260079764,818.4921115261692,1000800
2023-08-08,830.93701171875,836.6808159472206,825.1932074902793,827.1078088997696,551200
2023-08-09,823.278564453125,832.8515710165334,820.4066624841025,829.9796690475109,561200
2023-08-10,839.552734375,840.5100350983466,815.6202162913341,820.4067199080673,660800
2023-08-14,833.8089599609375,844.339268295691,830.937057687823,840.5100652648715,651100
2023-08-15,824.2359008789062,832.8516071598705,822.3212994831365,830.9370057641006,463400
2023-08-16,806.0471801757812,817.5347884443197,806.0471801757812,813.7055856881402,549600
2023-08-17,800.3033447265625,805.0898479844965,787.8584362559341,805.0898479844965,600300
2023-08-18,792.6449584960938,798.3887625431669,786.9011544490206,796.4741611941424,450400
2023-08-21,792.6449584960938,800.3033638921912,791.6876578215815,794.5595598451181,492300
2023-08-22,793.602294921875,794.559595639513,785.9438891807713,793.602294921875,417300
2023-08-23,794.5595703125,794.5595703125,787.8584655026355,791.6876682511295,412100
2023-08-24,805.0899047851562,806.0472055042825,793.6022961556416,796.4741983130202,535100
2023-08-25,800.3033447265625,802.217946029736,793.6022401654549,799.3460440749757,369000
2023-08-28,811.7909545898438,812.7482552438412,800.3033467418743,807.0044513198565,471300
2023-08-29,817.5347900390625,819.449391420887,809.8763845117644,812.7482865845012,585400
2023-08-30,825.1932373046875,831.8943424800156,816.5775306506943,819.4494328686919,772800
2023-08-31,826.1505126953125,829.9797155351517,820.4067084355536,826.1505126953125,867500
2023-09-01,827.1077880859375,829.9796901279026,822.3212846826624,825.1931867246275,568100
2023-09-04,833.8089599609375,835.7235614763473,828.0651554147083,830.937057687823,538200
2023-09-05,839.552734375,842.4246365450399,832.8516293115736,836.6808322049601,688300
2023-09-06,844.3392333984375,849.1257369891316,836.6808276533269,836.6808276533269,720100
2023-09-07,846.2537841796875,857.7413921097285,842.4245815363405,845.2964835188508,877900
2023-09-08,828.0651245117188,844.3392367853595,825.1932223457821,839.5527331754652,893100
2023-09-11,823.278564453125,835.723472985556,821.3639631404434,831.8942703601926,460600
2023-09-12,832.8516235351562,840.5100292688129,828.0651199516209,831.8943228184492,539600
2023-09-13,837.6381225585938,840.5100246930804,831.8943182896205,837.6381225585938,537200
2023-09-14,839.552734375,842.4246365450399,830.9370278648803,836.6808322049601,707100
2023-09-15,849.125732421875,855.826837412803,847.2111309958956,849.125732421875,1121200
2023-09-19,861.5706176757812,864.4425197347006,853.9122121853298,858.6987156168619,799800
2023-09-20,847.2111206054688,868.2717360329493,844.3392185017215,863.4852325267037,1281000
2023-09-21,845.2965698242188,852.9549758928413,840.5100660313296,841.4673667899074,564800
2023-09-22,832.8516235351562,837.6381271186916,828.0651199516209,835.7235256852775,662400
2023-09-25,833.8089599609375,838.5954637494618,829.0224561724132,838.5954637494618,329000
2023-09-26,828.0651245117188,838.5954324534863,827.1078237897399,834.7662295655708,460100
2023-09-27,832.8516235351562,833.8089242518633,819.4494135012573,825.1932178014997,592000
2023-09-28,822.3213500976562,837.6381622065766,817.5348463136187,832.8516584225389,661800
2023-09-29,803.17529296875,823.2786078106377,799.3460901417238,821.3640063971245,1402200
2023-10-02,785.94384765625,816.5774690021697,785.94384765625,815.6201683351096,1687000
2023-10-03,759.1394653320312,780.200081015896,758.1821646191283,778.2854795900901,1596900
2023-10-04,742.8653564453125,755.3102657672056,739.0361535770377,748.6091607477247,1477900
2023-10-05,756.267578125,760.0967810522152,741.908067147943,746.694570806962,1175500
2023-10-06,753.3956909179688,759.1394954230612,747.6518864128763,756.267593170515,777300
2023-10-10,769.6697998046875,775.4136042808418,764.8832960745588,764.8832960745588,1071500
2023-10-11,769.6697998046875,772.5417020427647,763.9259953285331,771.584401296739,720700
2023-10-12,807.9617919921875,807.9617919921875,777.328169546986,777.328169546986,1071700
2023-10-13,782.1146850585938,805.0899022451375,782.1146850585938,804.1326015290315,982400
2023-10-16,774.4562377929688,784.029244440595,768.712433804393,782.1146431110698,648500
2023-10-17,768.7124633789062,786.9011767091667,764.8832605725356,784.9865753059814,769900
2023-10-18,770.6270751953125,780.2000823405959,767.7551730517275,779.2427816260675,512000
2023-10-19,752.4383544921875,760.0967601358739,752.4383544921875,756.2675573140307,700000
2023-10-20,759.1394653320312,762.968668183643,743.8226539255843,747.651856777196,779600
2023-10-23,749.5664672851562,762.9686774281859,749.5664672851562,759.1394745301774,458700
2023-10-24,747.65185546875,751.4810583136604,730.4204426666533,751.4810583136604,1038000
2023-10-25,746.694580078125,758.1821890024038,743.8226778470553,758.1821890024038,621400
2023-10-26,736.1642456054688,750.5237562479682,735.2069448959688,743.8226512814684,866300
2023-10-27,757.224853515625,758.182154215392,736.164238120753,745.7372451184222,805200
2023-10-30,742.8653564453125,752.4383636159995,738.078852859969,749.5664614647934,1729600
2023-10-31,747.65185546875,747.65185546875,736.1642469340189,743.8226526238396,957100
2023-11-01,759.1394653320312,762.968668183643,752.4383603417107,755.3102624804195,764900
2023-11-02,768.7124633789062,770.6270647820916,760.0967570645723,765.8405612741283,822700
2023-11-06,787.8585205078125,787.8585205078125,769.6698061826017,781.1574152301033,1079700
2023-11-07,821.364013671875,856.7841401355806,819.4494122414045,823.2786151023456,3269700
2023-11-08,808.9190673828125,826.1504794690736,797.4314593253051,820.4066754403199,1294100
2023-11-09,810.833740234375,813.7056425020293,800.3034319196429,805.0899356990666,748300
2023-11-10,819.4494018554688,822.3213039647752,804.1325906058338,810.833695527549,634100
2023-11-13,809.8764038085938,829.0224180830286,809.8764038085938,828.0651173693068,664000
2023-11-14,809.8764038085938,815.6202080909242,807.0045016674285,810.8337045223154,606900
2023-11-15,817.5347900390625,819.449391420887,807.9617831299399,814.6628879663257,642400
2023-11-16,824.2359008789062,827.107802972561,816.577495295827,818.4920966915968,678700
2023-11-17,835.7235107421875,835.7235107421875,820.4066995487453,821.3640002483355,755300
2023-11-20,824.2359008789062,838.59541134718,824.2359008789062,836.6808099514101,527700
2023-11-21,836.6808471679688,843.3819523512362,817.5348323586331,821.3640353205002,940900
2023-11-22,847.2111206054688,847.2111206054688,830.9370086842338,834.7662114892303,839000
2023-11-24,862.5279541015625,866.357157005454,847.2111424859966,854.8695482937795,1354700
2023-11-27,865.3998413085938,874.9728484027154,857.7414356332965,866.3571420180059,1265900
2023-11-28,856.7841186523438,886.4604400805255,855.826817961112,885.5031393892938,1252600
2023-11-29,854.8695068359375,864.4425136314127,847.2111013995574,850.0830034381999,668000
2023-11-30,862.5279541015625,869.2290591833727,849.1257439379423,851.9976461158609,1395800
2023-12-01,863.4852905273438,871.1436966517548,858.6987866995869,867.3144935895492,624000
2023-12-04,872.1009521484375,874.9728542960174,855.8268399788179,859.6560428422579,695900
2023-12-05,858.69873046875,871.1436396059783,858.69873046875,864.4425346859323,657900
2023-12-06,872.1009521484375,874.0155535801575,861.5706442739778,861.5706442739778,650400
2023-12-07,867.314453125,878.8020617756622,863.4852502414459,871.143656008554,817200
2023-12-08,842.4246215820312,869.2290413596413,836.680817343972,867.3144399469548,1246900
2023-12-11,846.2537841796875,861.5705947530755,844.339182858014,860.6132940922388,785900
2023-12-12,852.9548950195312,859.6559996942077,852.9548950195312,856.784097690775,635900
2023-12-13,872.1009521484375,876.8874557277375,857.7414414105378,859.6560428422579,1298200
2023-12-14,856.7841186523438,873.0582304032821,851.0403145049537,867.314426255892,1098000
2023-12-15,880.7166748046875,883.5885770051376,863.4852616019871,867.3144645359205,1314100
2023-12-18,875.9301147460938,877.8447160898011,859.6560033245817,866.3571080275573,751700
2023-12-19,865.3998413085938,868.2717434368303,856.7841349238844,866.3571420180059,743400
2023-12-20,874.0155639648438,877.8447668737806,869.2290603286726,871.143661783141,812100
2023-12-21,873.0582275390625,878.802031667609,867.314423410516,871.1436261628803,667300
2023-12-22,877.8447875976562,882.6312913468256,873.0582838484869,877.8447875976562,613800
2023-12-25,867.314453125,888.3750689845474,864.4425509623344,883.5885653801048,656100
2023-12-26,876.887451171875,878.8020525936477,869.2290454847844,869.2290454847844,482200
2023-12-27,891.2469482421875,893.1615496347592,880.7166405830424,880.7166405830424,794200
2023-12-28,898.9053344726562,900.8199358240357,886.4604256886897,888.3750270400692,709100
2023-12-29,896.9907836914062,908.4783924473261,890.2896785837864,904.6491895286862,855000
2024-01-04,906.5637817382812,907.5210824581739,881.673963021074,895.0761730995703,777000
2024-01-05,915.1795043945312,920.9233088154174,905.6064970263876,906.5637977632019,1112300
2024-01-09,906.5637817382812,920.9232925366701,903.6918795786036,919.9659918167775,815100
2024-01-10,907.5210571289062,914.2221619811239,903.6918543562105,904.6491550493844,697100
2024-01-11,915.1795043945312,919.9660080786031,904.6491962895733,911.3503014472738,1033600
2024-01-12,900.8200073242188,919.9660223576772,900.8200073242188,919.0087216060042,973300
2024-01-15,898.9053344726562,899.8626351483459,893.1615304185178,897.9480337969666,162100
2024-01-16,874.0155639648438,896.9907814184651,874.0155639648438,895.0761799639967,918500
2024-01-17,883.5885620117188,901.7772756392623,880.7166598600013,885.503163446197,1019400
2024-01-18,874.972900390625,884.5459080535421,871.1436973254581,878.8021034557918,737900
2024-01-19,873.0582275390625,877.8447309795179,866.357122722425,874.9728289152446,1018000
2024-01-22,897.9481201171875,899.8627216526186,876.8875032274453,877.844803995161,728000
2024-01-23,896.9907836914062,907.5210917176661,892.2042800431063,902.7345880693662,688900
2024-01-24,880.7166748046875,891.2469828730044,875.9301711372707,890.2896821395211,562000
2024-01-25,880.7166748046875,883.5885770051376,873.0582689368207,874.015569670304,566600
2024-01-26,881.6739501953125,887.4177544311126,871.1436424296791,876.8874466654792,859100
2024-01-29,889.3323974609375,892.2042997132332,878.8020892025195,880.71669070405,603800
2024-01-30,880.7166748046875,893.1615843399711,879.7593740712041,890.2896821395211,559500
2024-01-31,877.8447875976562,878.8020883474901,863.4852763501483,871.1436823488192,816600
2024-02-01,882.6312866210938,886.4604895999271,865.3998732163435,871.1436776845936,925200
2024-02-02,882.6312866210938,887.4177903446355,875.9301814081352,887.4177903446355,595400
2024-02-05,906.5637817382812,912.3075860576369,893.1615716597851,895.0761730995703,1550900
2024-02-06,943.8984985351562,956.3434077450519,897.948064529388,897.948064529388,3805500
2024-02-07,964.0018310546875,971.6602368624706,938.1547114534198,947.7277187131486,2205500
2024-02-08,1022.397216796875,1023.3545175616662,971.6602762629477,978.3613816164853,3070200
2024-02-09,991.7635498046875,1013.7814664509306,986.0197454621892,1012.8241657271808,1699100
2024-02-13,1032.9273681640625,1043.4576749757443,1001.3364477290171,1002.2937483482609,2542400
2024-02-14,989.8489379882812,1023.3544629685422,980.2759308510638,1020.4825608273769,1469300
2024-02-15,986.97705078125,1013.7814711710414,986.0197500530431,1011.8668697146278,1063500
2024-02-16,981.2332763671875,999.4219907583841,976.4467725800305,996.5500884860899,1148400
2024-02-19,994.6354370117188,999.4219405584547,984.1051292088998,986.0197306275942,704600
2024-02-20,1035.79931640625,1044.4150223652669,1002.2937932322956,1003.2510938944085,1351700
2024-02-21,1065.4757080078125,1072.1768130896228,1044.4150920364093,1048.2442949403007,2100300
2024-02-22,1073.134033203125,1084.6216410518648,1053.9880201218916,1074.0913338571866,1741500
2024-02-26,1101.85302734375,1135.3585494610666,1096.10922355221,1101.85302734375,2799100
2024-02-27,1197.583251953125,1206.1989588017086,1130.5721986863634,1143.9744093397157,7404400
2024-02-28,1195.6685791015625,1231.0887051438026,1185.1382713592748,1209.070788955383,5217600
2024-02-29,1177.4798583984375,1191.839368866711,1162.163047232279,1187.0528653772867,1736800
2024-03-01,1197.583251953125,1212.9000641283849,1175.565334451189,1177.4799359730966,1672100
2024-03-04,1231.0887451171875,1248.3201583458883,1203.3270238042805,1206.1989260090638,3490100
2024-03-05,1201.412353515625,1208.11345827627,1182.2663399137823,1202.369654195717,2585100
2024-03-06,1215.7718505859375,1222.4729552742065,1179.3944251353346,1182.2663271445927,1395900
2024-03-07,1190.882080078125,1219.601101301874,1182.2663737110004,1213.8572970571242,1970900
2024-03-08,1201.412353515625,1214.8145630369147,1185.1382419540587,1193.7539480748878,1441100
2024-03-11,1183.2237548828125,1247.3629066442595,1171.7361456121055,1206.1989734242263,2283900
2024-03-12,1191.83935546875,1192.7966561558735,1142.0597197383283,1165.9922369164155,1828200
2024-03-13,1184.180908203125,1206.1988232303456,1169.8213984027636,1198.5404180034861,983900
2024-03-14,1194.7113037109375,1199.4978073315742,1183.2236950214092,1188.9674993661733,714600
2024-03-15,1177.4798583984375,1194.711270960366,1174.6079563047829,1179.3944597942073,1029600
2024-03-18,1220.5584716796875,1220.5584716796875,1186.0956442440256,1190.8821480545344,879900
2024-03-19,1229.1741943359375,1229.1741943359375,1200.4551711037896,1225.3449912383178,924500
2024-03-21,1265.5516357421875,1274.1673427933824,1234.9180106712722,1255.0213271240605,1617700
2024-03-22,1264.59423828125,1269.3807418326553,1240.6617205242242,1268.4234411223742,1171400
2024-03-25,1250.2347412109375,1297.1424765243646,1248.3201397695732,1292.3559729209537,1337800
2024-03-26,1268.4234619140625,1278.9537698997642,1226.3022299712559,1234.9179365050118,1415700
2024-03-27,1273.2099609375,1286.6121710526315,1267.4661566024436,1277.996464550047,1358300
2024-03-28,1283.925537109375,1294.6411523659783,1269.3133344867342,1272.2357750112624,1007200
2024-03-29,1291.71875,1294.6411906108597,1278.080693815988,1284.899721907994,386100
2024-04-01,1247.882080078125,1284.8996593466406,1238.1406118495681,1283.925512523785,893400
2024-04-02,1232.2957763671875,1258.5977415544714,1224.5026014968812,1246.907979249012,632700
2024-04-03,1232.2957763671875,1253.72700726053,1213.78698605021,1219.6318672029397,994600
2024-04-04,1243.9854736328125,1255.675235327091,1235.2181523621034,1240.0888864013862,898400
2024-04-05,1202.09716796875,1237.1664532579518,1194.3039934600386,1224.5025446812956,1147200
2024-04-08,1207.942138671875,1213.7870199880292,1187.4850540653351,1207.942138671875,1171500
2024-04-09,1238.140625,1244.9596528324155,1209.890366837136,1220.6059820023604,865500
2024-04-10,1237.16650390625,1245.9338255874754,1230.3474759319636,1240.0889444666584,409900
2024-04-11,1275.158203125,1278.0806436210846,1219.6318336993888,1227.4250083556149,983600
2024-04-12,1257.62353515625,1280.0289118476471,1247.8820670295556,1279.0547650349777,824100
2024-04-15,1254.701171875,1260.5460531104425,1230.347500060656,1242.037262531541,554100
2024-04-16,1238.140625,1252.752827498033,1229.37330350118,1237.1664781667978,1476300
2024-04-17,1212.8128662109375,1241.0631257451682,1205.0196911670118,1238.1406851036961,587400
2024-04-18,1230.347412109375,1234.2439993211228,1196.2522740065815,1207.942035641825,596700
2024-04-19,1181.64013671875,1223.5284515406017,1172.8728150118507,1222.5543046842797,1066800
2024-04-22,1201.123046875,1204.0454873783456,1185.536697523824,1191.381578530515,634500
2024-04-23,1216.7093505859375,1221.580084575473,1195.278121031982,1202.0971486173314,704700
2024-04-24,1222.5543212890625,1249.8304336365475,1219.6318806804034,1222.5543212890625,1163500
2024-04-25,1166.0537109375,1221.580078125,1160.208830180921,1221.580078125,1455700
2024-04-26,1173.846923828125,1185.5366857251686,1154.3639873330524,1168.9761897043568,1092800
2024-04-30,1194.3040771484375,1208.9162803761917,1165.0796706929293,1183.5884614480844,1110000
2024-05-01,1183.58837890625,1213.786930137603,1183.58837890625,1198.200581114969,1011800
2024-05-02,1188.4591064453125,1196.2522809138063,1179.691785168257,1185.5366660196273,520300
2024-05-07,1201.123046875,1207.9420747161396,1186.5108443582726,1203.071340543897,485100
2024-05-08,1190.407470703125,1200.1489393668166,1181.6401489058023,1192.3557644358632,624000
2024-05-09,1190.407470703125,1204.0455268322933,1177.7435614403257,1199.1747925004474,754600
2024-05-10,1198.2005615234375,1205.99373590733,1186.510799947599,1200.1488551194107,1476700
2024-05-13,1119.294677734375,1166.0537243238007,1108.579062890965,1134.881026597517,2933700
2024-05-14,1120.2689208984375,1141.7001524286684,1113.449892684273,1130.984536663553,1289900
2024-05-15,1100.785888671875,1119.2946779504286,1086.173686609859,1110.527356713219,1274300
2024-05-16,1110.52734375,1121.2429584703948,1085.199527138158,1107.6049033717104,1294400
2024-05-17,1090.0703125,1105.6566619191242,1086.173725145219,1103.7083682417338,697700
2024-05-20,1099.811767578125,1106.6307953664748,1088.1220056552397,1088.1220056552397,541700
2024-05-21,1086.1737060546875,1111.501523415604,1086.1737060546875,1099.8117615567196,479700
2024-05-22,1059.871826171875,1080.3289110520307,1059.871826171875,1079.3547641529756,551300
2024-05-23,1067.6649169921875,1069.6132106363339,1050.1302741948707,1058.897595593529,448800
2024-05-24,1059.871826171875,1071.5615889605353,1039.4147412917193,1042.3371819888844,473600
2024-05-27,1081.302978515625,1085.1995658255912,1061.820041965794,1074.483950723184,468400
2024-05-28,1089.09619140625,1103.708394332094,1085.1996039593582,1091.0444851296959,690100
2024-05-29,1067.6649169921875,1084.2254129674313,1057.923448771456,1081.3029725012118,818600
2024-05-30,1052.07861328125,1056.9493476019966,1036.4922634548611,1056.9493476019966,692800
2024-05-31,1081.302978515625,1085.1995658255912,1055.9751610008445,1071.5615102407094,1171400
2024-06-03,1079.354736328125,1098.8376738069721,1079.354736328125,1086.1737644457214,467700
2024-06-04,1070.58740234375,1079.3547241099864,1059.8717868516833,1074.4839897954107,526400
2024-06-05,1042.337158203125,1058.897655109156,1042.337158203125,1050.1303332177279,576300
2024-06-06,1040.3887939453125,1051.104408864225,1032.5956194588307,1049.1561152426045,679000
2024-06-07,1038.4405517578125,1040.3888454759322,1029.6732300262738,1040.3888454759322,464300
2024-06-10,1061.820068359375,1063.7683620627868,1036.492250215023,1039.4146907701404,469400
2024-06-11,1036.4921875,1059.8717105263158,1034.5438939144735,1055.9751233552631,907000
2024-06-12,1031.6214599609375,1034.5439003574274,1017.009257978488,1026.7507259667877,722400
2024-06-13,1008.2420043945312,1030.6473822699652,1008.2420043945312,1030.6473822699652,672500
2024-06-14,1025.776611328125,1032.595639133725,1004.3453810819533,1006.2936747406961,737700
2024-06-17,1001.4229736328125,1014.0868828324492,996.55223932526,1013.1127359709387,533500
2024-06-18,995.5780639648438,1010.1902664692201,992.6556234639685,1005.3195323010946,569000
2024-06-19,1010.1902465820312,1017.983421097611,1003.3712188808988,1003.3712188808988,468900
2024-06-20,1012.1385498046875,1015.0609902757309,994.6039069784273,994.6039069784273,468100
2024-06-21,1002.3970947265625,1021.8800314559418,1001.4229478900936,1019.9317377830039,624400
2024-06-24,1016.03515625,1018.9575967761266,1003.3712473034516,1008.2419815136626,781600
2024-06-25,1018.9575805664062,1022.8541678725876,1013.1126996071343,1018.9575805664062,651400
2024-06-26,1020.9058837890625,1030.6473521458283,1014.0868559393264,1029.6732053101518,666100
2024-06-27,1014.0868530273438,1019.9317340246195,1009.2161188629473,1018.9575871917402,570400
2024-06-28,1024.802490234375,1035.5181056265596,1016.0351685498604,1016.0351685498604,670100
2024-07-01,1029.6732177734375,1050.1303015702608,1028.6990709259696,1039.4146862481152,697800
2024-07-02,1053.052734375,1074.4839648618179,1043.311265971901,1068.6390838199584,1088300
2024-07-03,1062.794189453125,1067.6649235936068,1049.156133859776,1055.9751616564506,674000
2024-07-04,1076.4322509765625,1078.3805446434885,1058.8976079742295,1071.5615168092477,641800
2024-07-05,1065.7166748046875,1081.3030247104234,1063.7683810664705,1079.3547309722064,571600
2024-07-08,1026.750732421875,1039.4146408862814,1008.2419431277425,1019.9317047871946,1958600
2024-07-09,1032.595703125,1040.3888782429246,1019.9317935583726,1028.6991155660378,938000
2024-07-10,1041.3629150390625,1042.3370618258157,1023.8282728775067,1027.724860024519,836600
2024-07-11,1055.0009765625,1057.9234169407894,1031.6214535361842,1042.337068256579,834600
2024-07-12,1057.9234619140625,1058.8976087482374,1038.4405252305621,1040.3888188989122,691200
2024-07-16,1080.328857421875,1085.1995916753551,1061.8200672586509,1063.7683609600429,726700
2024-07-17,1151.4415283203125,1172.8727581198445,1102.7341878668306,1104.68248148497,3335100
2024-07-18,1119.294677734375,1154.3639626764443,1118.3205309304287,1130.010292577785,1523100
2024-07-19,1123.1912841796875,1126.11372464156,1103.7083477672038,1120.268843717815,819300
2024-07-22,1123.1912841796875,1127.0878714621842,1092.0185859197136,1126.11372464156,869700
2024-07-23,1110.52734375,1122.217105263158,1101.7600226151314,1122.217105263158,675900
2024-07-24,1070.58740234375,1110.527423723271,1068.6391086179196,1100.7859550941198,867900
2024-07-25,1023.8283081054688,1052.0785658933457,1017.0092803635675,1052.0785658933457,1045000
2024-07-26,1028.6990966796875,1053.0527684760816,1022.8542154485528,1027.7249498078318,718500
2024-07-29,1060.845947265625,1075.4581503960055,1050.1303316366793,1053.0527722627553,468800
2024-07-30,1058.8975830078125,1061.8200234392968,1047.2078212818753,1053.0527021448438,405800
2024-07-31,1072.53564453125,1073.5097913473546,1046.2336804964236,1054.026855025261,527400
2024-08-01,1022.8541870117188,1059.8717671130953,1019.9317464773995,1052.0785923549106,1145700
2024-08-02,968.3019409179688,989.7331709986481,958.560472699478,986.8107305331009,1312000
2024-08-05,839.714599609375,919.5946427276682,822.1799559980423,916.6722021257794,1891700
2024-08-06,835.8179931640625,873.8097201260654,811.4643220345736,866.0165453646289,2691700
2024-08-07,855.3009033203125,888.4218950206435,804.6452689551004,806.5935625845317,2138100
2024-08-08,852.3784790039062,882.5770308314732,838.7404233398438,840.6887170061384,1114800
2024-08-09,863.0941162109375,885.499493945533,852.3785007726527,875.7580253652741,1419500
2024-08-13,890.3702392578125,890.3702392578125,859.1975394150882,876.7321830766206,788400
2024-08-14,898.1633911132812,912.77559378866,887.4477758180035,895.2409505782056,797200
2024-08-15,893.2926635742188,902.0599852450672,889.3960761649529,893.2926635742188,559800
2024-08-16,933.232666015625,942.9741343456419,908.8789951905826,920.568757186603,833500
2024-08-19,896.215087890625,931.284373938519,896.215087890625,930.3102271038554,805300
2024-08-20,908.8790283203125,916.6722032683966,904.0082939777599,915.6980563998861,595900
2024-08-21,886.4736328125,900.1116887019231,882.577045415522,897.1892481541895,669800
2024-08-22,903.0341186523438,905.9565591657818,888.4219160851537,893.2926502742171,744900
2024-08-23,934.2068481445312,934.2068481445312,912.775617008786,925.4395263162718,1525200
2024-08-26,927.3878173828125,938.1034329197988,923.4912299148175,929.33611111681,692400
2024-08-27,938.1033935546875,944.9224213375358,928.3619252934758,929.336072119597,459300
2024-08-28,929.3360595703125,935.1809404481132,922.517031879545,930.3102063832794,508900
2024-08-29,931.2843627929688,933.2326564389791,924.4653350319323,932.2585096159739,384400
2024-08-30,939.0775756835938,943.9483099973054,923.4912258797167,924.4653727424591,713200
2024-09-02,960.5087890625,960.5087890625,944.9224395442444,953.6897611482632,597800
2024-09-03,950.767333984375,977.0692991663199,950.767333984375,965.3795368632333,667900
2024-09-04,918.6204833984375,930.3102456474103,914.7238959821133,924.4653645229239,1355100
2024-09-05,945.8966064453125,967.3278374873279,921.5429348066588,925.4395222688433,1387900
2024-09-06,918.6204833984375,939.0775673341398,908.879014857627,935.1809799178155,1092100
2024-09-09,919.5946044921875,920.56875131898,885.4994655544475,889.3960528616177,797300
2024-09-10,920.5687866210938,927.3878146701388,909.8531711154513,915.6980523003472,717500
2024-09-11,903.0341186523438,910.8272933548451,892.3185034364044,908.8789996792198,814700
2024-09-12,925.4395141601562,929.3361015881991,913.749751876028,925.4395141601562,579200
2024-09-13,928.3619384765625,932.2585258363803,923.4912042767904,929.336085316517,540100
2024-09-17,928.3619384765625,936.1551131961979,915.6980295571551,932.2585258363803,590800
2024-09-18,931.2843627929688,931.2843627929688,914.7238668018804,926.4136286779427,610700
2024-09-19,934.2068481445312,945.8966105822104,930.3102606653048,941.0258762331774,629700
2024-09-20,942.97412109375,958.5604702027376,938.1033869971914,946.8707083709969,1177500
2024-09-24,937.1292724609375,947.8448878425074,932.2585381965874,946.8707409896374,591600
2024-09-25,953.6897583007812,959.5346393526756,929.3360872512209,938.1034088290626,788100
2024-09-26,973.1726684570312,973.1726684570312,955.6380257821297,958.5604662279467,689400
2024-09-27,983.8883056640625,983.8883056640625,967.327809430113,974.1468372911511,795800
2024-09-30,965.3795166015625,970.2502507922868,944.9224330005203,944.9224330005203,1122100
2024-10-01,988.759033203125,1003.3712356642549,973.172683911253,978.043418064963,639200
2024-10-02,971.2244262695312,996.5522448081549,968.3019856689208,982.9141886719729,497300
2024-10-03,977.0692749023438,1013.1127077751121,977.0692749023438,1013.1127077751121,567500
2024-10-04,972.1985473632812,983.8883094558257,965.3795194759637,977.0692815685081,510200
2024-10-07,978.04345703125,985.8366319876743,974.1468695530378,984.8624851181213,537200
2024-10-08,970.250244140625,977.0692719608904,963.4312163203596,973.1726846350244,586300
2024-10-09,965.3795166015625,979.0175723355906,959.5346355726932,974.1468381448663,508900
2024-10-10,971.2244262695312,973.1727200032715,960.5088107339596,968.3019856689208,587200
2024-10-11,956.6121826171875,974.146825475751,956.6121826171875,972.1985318247995,595700
2024-10-15,978.04345703125,979.9917507703561,954.6639321619771,960.5088133792954,724200
2024-10-16,976.0951538085938,981.9400349691242,964.4053914875327,966.3536852077095,438600
2024-10-17,989.7332153320312,1002.3971245833269,970.2502780223456,978.0434529462199,589600
2024-10-18,990.7073364257812,1004.3453921877881,988.7590427454945,989.7331895856379,463300
2024-10-21,990.7073364257812,1003.3712453476447,979.9917211842045,993.6297769462113,452300
2024-10-22,973.1726684570312,990.7073111319327,972.1985216417589,990.7073111319327,470000
2024-10-23,963.4312133789062,979.0175626347834,963.4312133789062,971.2243880068448,553000
2024-10-24,997.5263671875,998.5005140304565,949.7931718826294,954.6639060974121,970500
2024-10-25,1011.1644287109375,1015.0610161048139,993.6297854384935,1002.3971070747154,985700
2024-10-28,1028.6990966796875,1033.5698310389662,994.6039561647357,1006.2937186270049,951500
2024-10-29,1025.776611328125,1032.595639133725,1018.9575835225249,1029.6731986456107,641700
2024-10-30,1019.9317626953125,1030.6473781582051,1011.1644409529459,1019.9317626953125,2365000
2024-10-31,1028.6990966796875,1035.518124782678,1012.1385998581395,1022.8542154485528,801400
2024-11-01,1003.3712768554688,1019.9317736579377,1003.3712768554688,1013.1127455628034,473400
2024-11-05,1012.1385498046875,1024.8024585125422,996.5522006257895,1003.3712283915575,604600
2024-11-06,1053.052734375,1053.052734375,1020.9058886447734,1024.802476006013,827900
2024-11-07,1069.61328125,1079.3547501138432,1054.0269310678507,1071.5615750227687,1069200
2024-11-08,959.53466796875,1056.9493550721766,959.53466796875,1055.975208201142,1955200
2024-11-11,926.4136352539062,972.1985362601456,925.4394884239863,960.5087743011057,1173200
2024-11-12,929.3360595703125,940.0516745129472,922.517031879545,927.387765944379,743500
2024-11-13,912.7755737304688,940.0516847917849,912.7755737304688,925.4394824375083,1067800
2024-11-14,906.9307250976562,936.1551308473122,906.9307250976562,915.6980468225531,777000
2024-11-15,929.3360595703125,937.1292340740468,907.9048296850433,913.749710562844,804000
2024-11-18,925.4395141601562,928.3619547311883,916.6721924470601,925.4395141601562,745400
2024-11-19,916.6721801757812,931.2843828353314,910.8272991119612,925.4395017715113,532700
2024-11-20,915.6980590820312,923.4912340529421,909.853177853848,918.6204996961228,465100
2024-11-21,925.4395141601562,928.3619547311883,910.8273113049959,920.5687798751028,645200
2024-11-22,933.232666015625,945.896574844647,924.4653445186098,927.3877850176149,576100
2024-11-25,925.4395141601562,949.7931855854235,924.4653673031456,949.7931855854235,693100
2024-11-26,930.3102416992188,933.2326822490592,919.5946263498037,925.4395074494846,498200
2024-11-27,920.5687866210938,927.3878146701388,905.9565836588541,926.4136678059896,1122500
2024-11-28,919.5946044921875,925.4394854529429,912.7755767046394,919.5946044921875,426800
2024-11-29,912.7755737304688,923.4911887902715,908.8789864359951,919.5946014957977,399200
2024-12-02,923.4912109375,927.387798325422,906.9307145388318,906.9307145388318,405200
2024-12-03,925.4395141601562,929.3361015881991,909.8531644479853,910.8273113049959,812900
2024-12-04,925.4395141601562,934.2068358732525,921.5429267321135,922.5170735891242,474000
2024-12-05,925.4395141601562,931.2843953022204,920.5687798751028,930.3102484452097,504000
2024-12-06,910.8272705078125,926.4136195218499,904.0082428141711,925.4394727084725,770800
2024-12-09,915.6980590820312,921.5429403102144,908.8790309824842,914.7239122106673,524500
2024-12-10,919.5946044921875,929.3360727601132,910.8272830510543,922.5170449725651,427600
2024-12-11,902.0599975585938,917.6463474084183,900.1117038273657,915.6980536771902,564900
2024-12-12,906.9307250976562,911.8014593892656,901.0858439477252,905.9565782393345,498400
2024-12-13,902.0599975585938,905.9565850210498,895.2409694992955,901.0858506929796,547900
2024-12-16,901.0858154296875,906.9306963946368,900.1116686021959,901.0858154296875,385100
2024-12-17,898.1633911132812,909.8531532535843,898.1633911132812,904.0082721834328,706500
2024-12-18,899.1375122070312,906.930686744037,899.1375122070312,899.1375122070312,465700
2024-12-19,899.1375122070312,907.9048335611627,891.3443376700257,891.3443376700257,610300
2024-12-20,901.0858154296875,915.6980178420607,900.1116686021959,913.7497241870776,1028900
2024-12-23,914.723876953125,919.5946111222045,901.0858212797025,902.0599681135184,467500
2024-12-24,922.51708984375,934.2068523338504,912.7756211019997,913.7497679761748,618100
2024-12-25,927.3878173828125,934.2068454518038,916.6722018458262,934.2068454518038,427700
2024-12-26,933.232666015625,933.232666015625,917.6463166875978,917.6463166875978,596000
2024-12-27,953.6897583007812,961.4829330366405,938.1034088290626,939.077555671045,710800
2024-12-30,959.53466796875,973.1727241632298,951.7414930004759,953.6897867425445,577000
2025-01-06,935.1809692382812,961.4829339981079,928.3619413375854,960.5087871551514,757700
2025-01-07,935.1809692382812,943.9482908248901,926.4136476516724,943.9482908248901,574400
2025-01-08,927.3878173828125,933.232698584805,924.4653767818163,928.3619642498113,523500
2025-01-09,932.258544921875,942.0000135208497,926.4136637624903,934.20683864167,610400
2025-01-10,954.6638793945312,965.379494367327,934.2067962646483,934.2067962646483,870300
2025-01-14,946.8707275390625,963.4312238026058,931.2843781145511,951.7414617342223,638900
2025-01-15,950.767333984375,985.8366208936347,942.0000122570601,969.2761242975954,950400
2025-01-16,951.741455078125,967.3278043936316,947.8448677492482,962.4570702325358,651000
2025-01-17,954.6638793945312,965.379494367327,945.8965580531528,952.7155857631138,894300
2025-01-20,970.250244140625,970.250244140625,954.6638948371611,954.6638948371611,537600
2025-01-21,962.4570922851562,970.2502671214733,947.8448894670618,969.2761202669336,556300
2025-01-22,969.276123046875,976.0951510482098,967.3278293322079,971.224416761542,439100
2025-01-23,980.9658813476562,980.9658813476562,966.3536785470457,968.3019722537937,464700
2025-01-24,1003.3712768554688,1036.4922704604066,976.0951644749317,982.914192570066,2180800
2025-01-27,1032.595703125,1037.466437573703,1011.1644715507076,1012.1386184404481,1035900
2025-01-28,1026.750732421875,1043.3112281060987,1023.828292007012,1034.5439068615096,675000
2025-01-29,1034.5439453125,1043.311266882945,1026.7507705832156,1026.7507705832156,500700
2025-01-30,1038.4405517578125,1042.337139194052,1022.8542020128548,1034.543964321573,436700
2025-01-31,1044.285400390625,1049.156134534238,1037.4663725895668,1043.3112535619025,676400
2025-02-03,1008.2420043945312,1021.8800604926215,992.6556545681423,1017.9834730360243,1031800
2025-02-04,1019.9317626953125,1036.4922593197828,1013.1127346734719,1022.8542032761014,620300
2025-02-05,1024.802490234375,1040.3888398957342,1019.9317559652003,1037.4663993342294,594400
2025-02-06,948.8190307617188,975.1209956801647,920.5687721456101,922.5170658432727,2557900
2025-02-07,933.232666015625,937.1292533476318,919.5946103536013,935.1809596816283,1100400
2025-02-10,909.8531494140625,921.5429115050355,903.0341215276617,921.5429115050355,1228200
2025-02-12,902.0599975585938,913.7497599459621,897.1892632305236,909.853172483506,886400
2025-02-13,906.9307250976562,914.7238999642312,897.1892565144376,908.8790188143,471300
2025-02-14,906.9307250976562,920.5687811141624,901.0858439477252,915.6980468225531,933000
2025-02-17,883.5512084960938,910.8273207760172,883.5512084960938,905.9565864403166,701900
2025-02-18,950.767333984375,963.4312431460521,888.42193503458,892.3185224689421,1589400
2025-02-19,940.0516967773438,946.8707246296146,918.6204663844924,946.8707246296146,959200
2025-02-20,911.8014526367188,940.0517113188392,911.8014526367188,935.1809770633013,709800
2025-02-21,901.0858154296875,908.8789900496199,889.3960534997888,901.0858154296875,994700
2025-02-25,869.9131469726562,887.4477904726649,869.9131469726562,886.4736436115534,972700
2025-02-26,860.1716918945312,875.7580419175353,843.6111949950896,865.04242627672,1177000
2025-02-27,889.3960571289062,892.3184976233057,864.0682395107775,866.0165331737104,655300
2025-02-28,885.4994506835938,900.1116528400887,882.5770102522948,891.3443315461917,625000
2025-03-03,904.982421875,912.7755966597148,892.3185128498385,894.2668065460172,546900
2025-03-04,893.2926635742188,908.8790132112825,887.4477824603199,904.9824258020167,427600
2025-03-05,889.3960571289062,904.0082596009036,884.5253229715738,886.4736166345068,901000
2025-03-06,932.258544921875,967.3278318781838,906.9307265645409,915.6980483036181,2080500
2025-03-07,907.9048461914062,926.4136359742782,907.9048461914062,917.646314498181,689000
2025-03-10,908.8790283203125,915.6980563998861,898.1634127666968,914.7239095313756,639600
2025-03-11,906.9307250976562,906.9307250976562,888.4219347895408,894.266815939472,784000
2025-03-12,921.5429077148438,921.5429077148438,893.2926494445155,893.2926494445155,752300
2025-03-13,926.4136352539062,930.3102225735862,914.7238732948665,915.6980201247865,485400
2025-03-14,941.02587890625,941.02587890625,925.4395289450699,926.4136758176436,517700
2025-03-17,943.9483032226562,952.7156249244147,942.9741563669054,944.9224500784072,397200
2025-03-18,945.8966064453125,951.7414876385894,941.0258721175818,948.819047041951,571400
2025-03-19,960.5087890625,962.4570827522818,946.8707332340264,946.8707332340264,454300
2025-03-21,943.9483032226562,962.4570934819241,943.9483032226562,952.7156249244147,966800
2025-03-24,944.9224243164062,944.9224243164062,929.3360750493315,941.9999838288297,462500
2025-03-25,935.1809692382812,942.9741439819336,932.2585287094116,941.999997138977,547000
2025-03-26,943.9483032226562,950.7673312129128,933.232687809396,942.9741563669054,686800
2025-03-27,942.0,942.0,927.3877973112719,930.3102378490175,574700
2025-03-28,940.0,942.0,930.0,936.0,669400
2025-03-31,915.0,922.0,894.0,912.0,1030400
2025-04-01,908.0,930.0,907.0,925.0,541300
2025-04-02,903.0,922.0,892.0,916.0,666200
2025-04-03,868.0,878.0,855.0,866.0,913400
2025-04-04,838.0,861.0,821.0,840.0,1033200
2025-04-07,773.0,786.0,749.0,755.0,1066200
2025-04-08,811.0,832.0,803.0,803.0,657400
2025-04-09,787.0,799.0,774.0,786.0,778000
2025-04-10,848.0,867.0,834.0,867.0,875200
2025-04-11,826.0,830.0,794.0,806.0,504800
2025-04-14,842.0,855.0,829.0,835.0,477800
2025-04-15,841.0,858.0,837.0,855.0,445200
2025-04-16,829.0,841.0,821.0,841.0,447800
2025-04-17,840.0,845.0,826.0,832.0,238600
2025-04-18,850.0,852.0,840.0,840.0,294100
2025-04-21,844.0,855.0,844.0,851.0,274800
2025-04-22,858.0,862.0,849.0,850.0,451700
2025-04-23,876.0,886.0,873.0,885.0,408300
2025-04-24,886.0,893.0,880.0,886.0,503700
2025-04-25,899.0,903.0,885.0,889.0,633200
2025-04-28,908.0,916.0,903.0,910.0,438400
2025-04-30,914.0,921.0,909.0,914.0,430800
2025-05-01,918.0,922.0,910.0,911.0,384900
2025-05-02,926.0,929.0,918.0,919.0,516000
2025-05-07,918.0,930.0,918.0,920.0,800800
2025-05-08,925.0,925.0,914.0,920.0,446800
2025-05-09,940.0,944.0,930.0,936.0,628500
2025-05-12,950.0,950.0,937.0,945.0,589600
2025-05-13,915.0,947.0,908.0,922.0,1339200
2025-05-14,928.0,932.0,905.0,920.0,906100
2025-05-15,941.0,945.0,912.0,920.0,1280200
2025-05-16,920.0,939.0,919.0,937.0,524200
2025-05-19,920.0,923.0,909.0,910.0,407000
2025-05-20,915.0,940.0,915.0,928.0,517600
2025-05-21,912.0,923.0,910.0,910.0,452300
2025-05-22,902.0,913.0,897.0,908.0,508400
2025-05-23,905.0,914.0,900.0,908.0,365900
2025-05-26,921.0,932.0,902.0,902.0,478200
2025-05-27,923.0,925.0,910.0,917.0,426900
2025-05-28,926.0,934.0,925.0,932.0,280500
2025-05-29,935.0,938.0,924.0,925.0,355000
2025-05-30,945.0,950.0,922.0,923.0,450800
2025-06-02,948.0,957.0,943.0,944.0,456900
2025-06-03,948.0,966.0,945.0,958.0,449400
2025-06-04,961.0,963.0,945.0,948.0,389900
2025-06-05,945.0,957.0,945.0,953.0,356400
2025-06-06,945.0,947.0,938.0,943.0,262900
2025-06-09,919.0,942.0,916.0,942.0,740600
2025-06-10,918.0,930.0,913.0,921.0,647200
2025-06-11,927.0,939.0,920.0,928.0,743200
2025-06-12,968.0,969.0,929.0,929.0,978000
2025-06-13,958.0,981.0,952.0,974.0,770700
2025-06-16,958.0,970.0,957.0,960.0,392400
2025-06-17,957.0,967.0,954.0,958.0,466800
2025-06-18,967.0,968.0,957.0,961.0,349400
2025-06-19,946.0,967.0,946.0,965.0,273000
2025-06-20,942.0,952.0,942.0,946.0,976200
2025-06-23,939.0,954.0,932.0,943.0,783700
2025-06-24,946.0,966.0,946.0,960.0,628700
2025-06-25,952.0,960.0,946.0,950.0,492300
2025-06-26,966.0,970.0,958.0,966.0,761700
2025-06-27,985.0,1001.0,976.0,980.0,1063200
2025-06-30,975.0,989.0,975.0,981.0,629200
2025-07-01,975.0,989.0,975.0,975.0,629800
2025-07-02,970.0,977.0,966.0,974.0,451600
2025-07-03,979.0,983.0,970.0,970.0,446300
2025-07-04,984.0,1001.0,982.0,990.0,514500
2025-07-07,974.0,987.0,971.0,984.0,391800
2025-07-08,989.0,994.0,968.0,972.0,575500
2025-07-09,998.0,999.0,983.0,996.0,412400
2025-07-10,990.0,1000.0,985.0,999.0,472800
2025-07-11,989.0,1001.0,989.0,997.0,408500
2025-07-14,997.0,1000.0,984.0,987.0,445300
2025-07-15,980.0,994.0,978.0,994.0,481800
2025-07-16,981.0,988.0,977.0,982.0,356000
2025-07-17,978.0,984.0,970.0,973.0,574600
2025-07-18,972.0,981.0,964.0,978.0,629500
2025-07-22,984.0,988.0,973.0,974.0,518100
2025-07-23,1011.0,1015.0,992.0,995.0,948900
2025-07-24,1027.0,1029.0,1011.0,1015.0,776000
2025-07-25,1038.0,1041.0,1017.0,1029.0,882900
2025-07-28,1027.0,1048.0,1024.0,1042.0,508400
2025-07-29,1019.0,1024.0,1009.0,1015.0,477600
2025-07-30,1017.0,1025.0,1013.0,1015.0,444300
2025-07-31,1023.0,1028.0,1015.0,1017.0,545800
2025-08-01,1056.0,1069.0,1023.0,1027.0,1162500
2025-08-04,1059.0,1073.0,1042.0,1042.0,1105100
2025-08-05,1064.0,1073.0,1054.0,1061.0,592400
2025-08-06,1010.0,1019.0,976.0,982.0,2225700
2025-08-07,1012.0,1015.0,991.0,993.0,916000
2025-08-08,1033.0,1036.0,1010.0,1012.0,995000
2025-08-12,1020.0,1036.0,1013.0,1024.0,1130100
2025-08-13,1029.0,1035.0,1015.0,1019.0,989200
2025-08-14,1007.0,1024.0,999.0,1020.0,986400
2025-08-15,1002.0,1009.0,1000.0,1004.0,692700
2025-08-18,1014.0,1016.0,1001.0,1006.0,705800
2025-08-19,1004.0,1016.0,1002.0,1014.0,610200
2025-08-20,996.0,1006.0,991.0,1003.0,1251600
2025-08-21,968.0,995.0,964.0,992.0,1673100
2025-08-22,983.0,983.0,963.0,973.0,1025700
2025-08-25,995.0,1003.0,985.0,989.0,1094800
2025-08-26,997.0,1002.0,976.0,1000.0,707600
2025-08-27,992.0,996.0,982.0,990.0,560100
2025-08-28,986.0,991.0,981.0,987.0,1911800
2025-08-29,991.0,999.0,980.0,982.0,998200
2025-09-01,992.0,1007.0,984.0,986.0,798900
2025-09-02,1005.0,1007.0,993.0,996.0,1075100
2025-09-03,1015.0,1018.0,998.0,999.0,1176900
2025-09-04,1024.0,1025.0,1012.0,1019.0,795700
2025-09-05,1038.0,1042.0,1015.0,1025.0,970500
2025-09-08,1041.0,1045.0,1032.0,1044.0,641200
2025-09-09,1075.0,1116.0,1068.0,1101.0,2368700
2025-09-10,1060.0,1070.0,1046.0,1070.0,870600
2025-09-11,1056.0,1062.0,1046.0,1050.0,776200
2025-09-12,1071.0,1078.0,1057.0,1063.0,805900
2025-09-16,1068.0,1077.0,1063.0,1066.0,515700
2025-09-17,1039.0,1058.0,1037.0,1058.0,746700
2025-09-18,1043.0,1055.0,1035.0,1039.0,737700
2025-09-19,1033.0,1053.0,1023.0,1053.0,1221900
2025-09-22,1021.0,1040.0,1020.0,1033.0,1216300
2025-09-24,1034.0,1036.0,1024.0,1035.0,641000
2025-09-25,1034.0,1038.0,1027.0,1033.0,518600
2025-09-26,1042.0,1042.0,1029.0,1035.0,688500
2025-09-29,1026.0,1041.0,1021.0,1040.0,584900
2025-09-30,1023.0,1023.0,1009.0,1015.0,683900
2025-10-01,991.0,1019.0,986.0,1019.0,939100
2025-10-02,989.0,993.0,981.0,988.0,500600
2025-10-03,996.0,998.0,986.0,986.0,584200
2025-10-06,1066.0,1080.0,1049.0,1066.0,1496800
2025-10-07,1074.0,1088.0,1063.0,1066.0,730700
2025-10-08,1084.0,1091.0,1076.0,1078.0,532500
2025-10-09,1088.0,1094.0,1075.0,1084.0,439600
2025-10-10,1059.0,1089.0,1056.0,1088.0,604600
2025-10-14,1034.0,1057.0,1027.0,1036.0,696300
2025-10-15,1070.0,1073.0,1043.0,1048.0,446200
2025-10-16,1074.0,1078.0,1066.0,1072.0,387500
2025-10-17,1068.0,1079.0,1064.0,1070.0,333400
2025-10-20,1080.0,1086.0,1070.0,1085.0,345700
2025-10-21,1091.0,1096.0,1081.0,1089.0,448500
2025-10-22,1109.0,1116.0,1086.0,1090.0,676600
2025-10-23,1165.0,1165.0,1101.0,1104.0,1494000
2025-10-24,1144.0,1172.0,1144.0,1167.0,1075800
2025-10-27,1207.0,1213.0,1178.0,1188.0,1560900
2025-10-28,1147.0,1205.0,1146.0,1205.0,951100
2025-10-29,1130.0,1160.0,1118.0,1160.0,982300
2025-10-30,1148.0,1156.0,1126.0,1130.0,647900
2025-10-31,1145.0,1160.0,1138.0,1159.0,613000
2025-11-04,1137.0,1160.0,1136.0,1140.0,556900
2025-11-05,1138.0,1140.0,1093.0,1135.0,774400
2025-11-06,1147.0,1153.0,1140.0,1144.0,803000
2025-11-07,927.0,983.0,909.0,982.0,3980100
2025-11-10,934.0,942.0,912.0,920.0,1852000
2025-11-11,924.0,936.0,924.0,928.0,793100
2025-11-12,958.0,962.0,930.0,931.0,1077500
2025-11-13,953.0,958.0,945.0,952.0,714900
2025-11-14,944.0,948.0,937.0,942.0,751000
2025-11-17,956.0,956.0,939.0,940.0,601100
2025-11-18,929.0,951.0,929.0,949.0,739300
2025-11-19,929.0,939.0,921.0,938.0,727700
2025-11-20,939.0,945.0,933.0,941.0,582700
2025-11-21,948.0,950.0,924.0,924.0,544800
2025-11-25,946.0,970.0,946.0,963.0,654700
2025-11-26,970.0,979.0,959.0,961.0,664000
2025-11-27,984.0,990.0,978.0,980.0,486200
2025-11-28,999.0,1006.0,990.0,991.0,859300
2025-12-01,976.0,1012.0,976.0,1010.0,595800
2025-12-02,972.0,987.0,972.0,983.0,563000
2025-12-03,969.0,980.0,966.0,973.0,656400
2025-12-04,988.0,988.0,956.0,960.0,682700
2025-12-05,979.0,989.0,972.0,983.0,425400
2025-12-08,984.0,987.0,977.0,984.0,420700
2025-12-09,989.0,995.0,982.0,990.0,396800
2025-12-10,993.0,1004.0,987.0,995.0,713500
2025-12-11,981.0,1004.0,972.0,1000.0,443900
2025-12-12,974.0,977.0,964.0,966.0,934900
2025-12-15,968.0,969.0,955.0,965.0,525800
2025-12-16,938.0,960.0,936.0,959.0,606000
2025-12-17,937.0,939.0,927.0,933.0,609600
2025-12-18,933.0,937.0,930.0,930.0,348200
2025-12-19,950.0,951.0,936.0,942.0,1002100
2025-12-22,968.0,972.0,953.0,957.0,639400
2025-12-23,955.0,963.0,950.0,958.0,621300
2025-12-24,956.0,958.0,951.0,956.0,433300
2025-12-25,962.0,963.0,955.0,960.0,313900
2025-12-26,950.0,966.0,943.0,964.0,543700
2025-12-29,967.0,967.0,954.0,958.0,649200
2025-12-30,950.0,961.0,950.0,958.0,450200
2026-01-05,959.0,973.0,955.0,960.0,686500
2026-01-06,971.0,984.0,956.0,957.0,752500
2026-01-07,985.0,986.0,970.0,978.0,766800
2026-01-08,986.0,993.0,982.0,985.0,522900
2026-01-09,1002.0,1005.0,988.0,990.0,623000
2026-01-13,1009.0,1022.0,1007.0,1020.0,714900
2026-01-14,1039.0,1042.0,1016.0,1016.0,912600
2026-01-15,1040.0,1043.0,1028.0,1031.0,487200
2026-01-16,1060.0,1060.0,1037.0,1037.0,709900
2026-01-19,1049.0,1054.0,1040.0,1046.0,499700
2026-01-20,1030.0,1047.0,1030.0,1043.0,455000
2026-01-21,1030.0,1030.0,1001.0,1001.0,616100
2026-01-22,1037.0,1045.0,1033.0,1036.0,503200
2026-01-23,1038.0,1049.0,1035.0,1047.0,436400
2026-01-26,1012.0,1030.0,1011.0,1019.0,506100
2026-01-27,1014.0,1019.0,995.0,1004.0,493500
2026-01-28,1001.0,1008.0,998.0,1005.0,478300
2026-01-29,1010.0,1017.0,995.0,1001.0,459900
2026-01-30,1022.0,1028.0,1006.0,1010.0,495600
2026-02-02,1016.0,1036.0,1014.0,1025.0,777000
2026-02-03,1036.0,1040.0,1023.0,1027.0,483100
2026-02-04,1081.0,1095.0,1036.0,1040.0,1574300
2026-02-05,1077.0,1102.0,1070.0,1100.0,881600
2026-02-06,1079.0,1174.0,1072.0,1165.0,2817800
2026-02-09,1091.0,1121.0,1087.0,1112.0,1409900
2026-02-10,1103.0,1108.0,1091.0,1104.0,1204000
2026-02-12,1125.0,1132.0,1097.0,1100.0,1314100
2026-02-13,1088.0,1110.0,1083.0,1108.0,930500
2026-02-16,1093.0,1095.0,1084.0,1092.0,558200
2026-02-17,1086.0,1099.0,1079.0,1097.0,579400
2026-02-18,1099.0,1101.0,1087.0,1089.0,610400
2026-02-19,1121.0,1125.0,1094.0,1102.0,756400
