Price,Close,High,Low,Open,Volume
Ticker,7752.T,7752.T,7752.T,7752.T,7752.T
Date,,,,,
2011-02-21,737.74609375,741.0543721973094,731.1295368553812,738.4077494394618,2612000
2011-02-22,727.1594848632812,734.4376962677363,724.5128625343885,734.4376962677363,3145000
2011-02-23,718.5579833984375,725.8361950166537,715.2497053901574,715.9113609918134,4109000
2011-02-24,709.9564819335938,721.866283121669,707.9715150689145,721.866283121669,3332000
2011-02-25,719.2196044921875,719.8812600620975,710.6180820833572,711.9413932231773,3001000
2011-02-28,713.2648315429688,717.2347656702951,707.9715860398669,717.2347656702951,5049000
2011-03-01,719.2196044921875,721.8662267718275,715.9113266426374,718.5579489222774,3334000
2011-03-02,702.0166625976562,714.5881202690564,701.3550069307405,714.5881202690564,4936000
2011-03-03,711.2796020507812,711.9412574945495,705.3247030568677,705.3247030568677,3262000
2011-03-04,715.9114990234375,721.2047448572522,708.6332860019423,717.2348104818913,5953000
2011-03-07,710.6181030273438,713.2647253849875,705.3248583120563,713.2647253849875,3066000
2011-03-08,705.3250732421875,715.2499101076967,705.3250732421875,711.279975361493,3862000
2011-03-09,708.6331176757812,713.2647066801981,706.6481509596025,709.9564288199003,2930000
2011-03-10,705.986572265625,711.9414730626172,704.6632609774045,708.633194842066,2505000
2011-03-11,698.0468139648438,709.2949616780213,698.0468139648438,699.3701254605116,6510000
2011-03-14,650.4074096679688,672.9036985069422,616.6629764095085,628.5727763830827,6152000
2011-03-15,577.62548828125,635.1895403780069,551.1592574321664,631.8812615218715,8479000
2011-03-16,572.3320922851562,608.0614945781025,559.0989803248059,585.5652042455067,12926000
2011-03-17,562.4073486328125,571.0088727883732,541.2343660960478,546.527611730239,12102000
2011-03-18,600.1214599609375,604.0913924413848,569.0236555307677,569.0236555307677,7515000
2011-03-22,631.2194213867188,637.1743215884802,623.9412100290102,623.9412100290102,5940000
2011-03-23,629.2344970703125,633.8660864283485,613.354762128475,631.8811195606188,5838000
2011-03-24,615.33984375,629.2346144153225,614.0165322580644,622.6180569556451,4531000
2011-03-25,624.60302734375,635.1895193326271,616.6631583520922,635.1895193326271,3998000
2011-03-28,622.617919921875,627.9111647246115,615.3397083181123,625.9261979235853,3530000
2011-03-29,631.7097778320312,638.444423651136,618.2404861938217,629.6893840862998,4921000
2011-03-30,657.3013916015625,660.6687143044394,629.6893454379723,635.0770617625752,5093000
2011-03-31,657.3013916015625,666.7298951696177,649.2198171146581,664.0360370073162,4639000
2011-04-01,648.5463256835938,657.9748288607177,644.5055386076835,654.6075062974592,3330000
2011-04-04,639.11767578125,653.2604273001185,639.11767578125,653.2604273001185,3210000
2011-04-05,637.097412109375,649.2197730163186,633.0566251403937,643.1585925628468,6215000
2011-04-06,631.7097778320312,647.1994632159723,626.3220611767474,641.8117465606884,4614000
2011-04-07,629.6893310546875,641.1382279829545,628.3424020043032,638.4443698821858,3673000
2011-04-08,638.4443969726562,642.4851842952679,625.6485704510524,630.3628223274327,4199000
2011-04-11,626.9955444335938,629.6894028414716,623.6282214237463,627.6690090355632,3344000
2011-04-12,612.17919921875,618.2403794090347,608.138412425227,616.2199860122731,4169000
2011-04-13,616.2200317382812,618.2404252849641,608.8119220671107,609.4853865826716,4621000
2011-04-14,629.6893310546875,632.3831891554562,614.1996469752673,616.2200405508439,4599000
2011-04-15,623.6281127929688,626.995435216257,617.5669324310501,624.975041762284,2977000
2011-04-18,621.6078491210938,632.3832831253598,621.6078491210938,627.6690307484934,3517000
2011-04-19,620.934326171875,621.6077907338836,614.8731451137982,616.2200742378152,3203000
2011-04-20,626.322021484375,629.015879641297,617.5669824743784,622.9546987882225,3154000
2011-04-21,635.75048828125,638.4443462824418,631.0362367791645,633.7300947803562,3100000
2011-04-22,627.6689453125,635.0770551820682,626.9954807789029,633.0566615812768,3316000
2011-04-25,633.7301025390625,637.7708895903211,627.6689219621745,635.0770315561487,2043000
2011-04-26,622.28125,630.3628246753246,618.2404626623377,630.3628246753246,3047000
2011-04-27,637.097412109375,641.1381990783563,626.9954446869219,629.0158381714125,5297000
2011-04-28,599.3834838867188,609.4854527162702,596.0161609435349,607.4650589503599,11170000
2011-05-02,599.3834838867188,601.403877652629,591.3019088230776,601.403877652629,6284000
2011-05-06,591.3018188476562,600.056857167724,587.934496416861,599.3833926815649,5520000
2011-05-09,593.3222045898438,598.0364559316472,589.2814177254406,591.3018111576422,4978000
2011-05-10,600.7305908203125,604.0979147598882,595.3428725169913,596.6898020928215,4714000
2011-05-11,599.3834838867188,606.1181297730864,597.3630901208085,606.1181297730864,3779000
2011-05-12,584.5671997070312,592.6487738965294,584.5671997070312,591.9753093807379,3959000
2011-05-13,577.83251953125,585.9140932309878,573.118268206403,585.2406287560096,4173000
2011-05-16,571.7713623046875,573.7917558110645,564.3632527813053,573.7917558110645,3092000
2011-05-17,567.7305297851562,569.7509231295874,564.3632075444376,567.7305297851562,3215000
2011-05-18,578.5059814453125,579.1794459173093,569.0774788373562,572.4448011973407,2454000
2011-05-19,569.7509765625,581.8733377659574,567.0571185172872,581.1998732546542,2976000
2011-05-20,565.0366821289062,571.7713267311578,562.3428242880057,569.0774688902573,2794000
2011-05-23,558.3021240234375,562.3429114108206,555.6082657651821,562.3429114108206,2462000
2011-05-24,569.7509765625,571.0979055851064,556.2816863364362,558.3020798703458,4332000
2011-05-25,572.4448852539062,575.812208108341,563.6898458323759,569.7510269703585,3783000
2011-05-26,596.0161743164062,614.8731832213322,589.2815282789328,599.383497335143,17275000
2011-05-27,598.036376953125,604.7710208377322,583.220160406989,585.9140179608319,6831000
2011-05-30,597.3630981445312,598.7100273398966,587.2611291792912,596.0161689491658,5073000
2011-05-31,604.0977172851562,606.1181109884511,593.3222842009171,596.0161424719769,4462000
2011-06-01,598.036376953125,604.7710208377322,592.6486618454392,604.7710208377322,5312000
2011-06-02,581.199951171875,590.6284555941302,581.199951171875,590.6284555941302,6263000
2011-06-03,579.8529052734375,595.3425879927047,578.5059763413273,589.9548722642639,3439000
2011-06-06,573.1183471679688,581.1999219811481,570.424488896909,579.8529928456182,3103000
2011-06-07,581.199951171875,581.8734157734647,572.4449113512094,575.1387697575681,3777000
2011-06-08,583.8936767578125,585.2406056546009,574.465174480293,577.15903227387,3005000
2011-06-09,581.8733520507812,582.5468165786178,574.4652422445793,577.1591003559254,3107000
2011-06-10,582.5468139648438,591.3018527874368,580.5264203903993,587.2610656385477,4571000
2011-06-13,580.5264892578125,581.8734184672273,573.7918432107381,576.4857016295679,2800000
2011-06-14,593.3222045898438,602.0772427960502,579.8529150418336,581.8733084740352,3628000
2011-06-15,589.9548950195312,595.3426109557827,587.2610370514055,593.9956819717198,3841000
2011-06-16,579.8529052734375,588.6079433321537,579.1794408073824,588.6079433321537,3380000
2011-06-17,575.138671875,580.5263877707846,573.1182784140808,579.1794587968384,2840000
2011-06-20,573.1183471679688,578.5060637100884,567.0571660580842,571.0979534646739,2684000
2011-06-21,571.7713623046875,575.1386848153159,567.7305752919335,573.7917558110645,3090000
2011-06-22,581.8733520507812,585.9141392178007,573.7917777167427,573.7917777167427,4201000
2011-06-23,579.179443359375,585.9140880496003,574.4651920762174,578.5059788903525,1643000
2011-06-24,583.2203979492188,584.5673272747366,577.8326806471475,577.8326806471475,2746000
2011-06-27,577.1590576171875,582.5467734409185,577.1590576171875,581.8733089629521,2095000
2011-06-28,583.8936767578125,588.6079278965722,581.8732834126297,584.5671412062067,2791000
2011-06-29,588.6080322265625,590.6284259298574,582.546851116678,588.6080322265625,3147000
2011-06-30,598.7100219726562,602.7508095225279,590.6284468729128,592.6488406478487,6438000
2011-07-01,597.3630981445312,612.8527838912327,589.2815229723392,606.118137914406,14560000
2011-07-04,581.8733520507812,588.6079973291468,574.4652422445793,588.6079973291468,10429000
2011-07-05,602.0772705078125,608.8119155917925,585.2406577978625,585.9141223062604,12266000
2011-07-06,610.1588134765625,610.8322779505984,600.0568463660234,602.7507042621671,6705000
2011-07-07,621.6078491210938,626.3221014979601,613.5262736178943,613.5262736178943,6278000
2011-07-08,623.6281127929688,631.7096866088604,620.9342548543382,631.7096866088604,4901000
2011-07-11,610.1588134765625,618.9138516390296,609.4853490025265,618.9138516390296,3099000
2011-07-12,601.4039306640625,607.4651124960632,598.0366074240621,603.4243246080628,3135000
2011-07-13,593.9957885742188,598.0365762515944,588.6080716710512,591.301930122635,4906000
2011-07-14,586.5877075195312,591.9754246953707,581.8734549906716,590.6284954014109,4684000
2011-07-15,586.5877075195312,591.9754246953707,584.5673135785914,588.6081014604711,2820000
2011-07-19,573.7916870117188,579.852866804096,572.4447581689683,579.1794023827208,3022000
2011-07-20,572.4448852539062,581.8733892463235,571.0979561121324,581.8733892463235,4514000
2011-07-21,578.5059814453125,579.8529103893062,573.7917301413344,575.812123557325,4429000
2011-07-22,587.9345092773438,591.3018317817958,583.8937222720011,584.5671867728915,3726000
2011-07-25,581.8733520507812,589.2814618569834,581.1998875229448,588.6079973291468,3425000
2011-07-26,583.8936767578125,587.2609989997837,582.546747861024,584.5671412062067,1941000
2011-07-27,577.1590576171875,580.5263800070194,574.4651997053219,579.852915529053,2764000
2011-07-28,569.07763671875,573.1184246717826,567.0572427422337,571.0980306952663,2671000
2011-07-29,560.3224487304688,569.7509514735294,560.3224487304688,569.7509514735294,4568000
2011-08-01,560.3224487304688,568.4040225102351,558.9755197671743,560.3224487304688,2925000
2011-08-02,546.1797485351562,556.2817167571382,544.832819438892,556.2817167571382,6075000
2011-08-03,532.0369262695312,538.7715709058544,530.6899973422666,538.0981064422222,5256000
2011-08-04,531.3634643554688,546.1796826264704,531.3634643554688,535.4042511566511,5560000
2011-08-05,515.8740234375,519.9148121328329,502.40472778639037,507.1189812642787,7133000
2011-08-08,500.3842468261719,509.13928748396495,494.99652949829925,508.46582281798084,5383000
2011-08-09,491.6291809082031,492.9761101709653,476.8129590178189,482.8741407002488,6031000
2011-08-10,491.6291809082031,491.62918090820307,491.62918090820307,491.62918090820307,5985000
2011-08-11,488.9352111816406,488.9352111816407,480.85363744310115,484.8944243123709,5637000
2011-08-12,488.9352111816406,488.9352111816407,488.9352111816407,488.9352111816407,5569000
2011-08-15,491.6291809082031,494.9965040651086,487.5883931199165,489.60878701405977,2620000
2011-08-16,491.6291809082031,494.9965040651086,489.60878701405977,492.3026455395842,2780000
2011-08-17,489.6087341308594,491.62912780677766,484.22101766174404,489.6087341308594,3211000
2011-08-18,477.4864501953125,477.4864501953125,477.4864501953125,477.4864501953125,4752000
2011-08-19,457.2823791503906,467.3843462892063,456.60891467446953,464.6904883855221,5680000
2011-08-22,461.32318115234375,466.71089713660473,449.87428468578923,450.5477491838219,6539000
2011-08-23,463.3436279296875,464.01709250516666,456.6089821748955,459.9763050522915,4884000
2011-08-24,447.1804504394531,466.71092191948946,446.5069859056588,466.0374573856951,7072000
2011-08-25,457.95587158203125,464.0170522353228,451.89469092873964,453.9150844798368,4386000
2011-08-26,463.3436279296875,463.3436279296875,449.87433642010353,451.8947301465411,3510000
2011-08-29,465.3640441894531,468.05790262180886,455.2620750681191,462.6701857570974,3481000
2011-08-30,467.22369384765625,470.0783554672186,464.6906379260471,464.6906379260471,3530000
2011-08-31,464.69049072265625,466.03741968127264,461.9966328054234,464.6904907226562,3643000
2011-09-01,468.0579833984375,472.77223646863763,462.67026560392316,465.36412450118036,5074000
2011-09-02,472.0986328125,481.5271361782275,468.73131018188303,471.4251682863766,5684000
2011-09-05,453.91510009765625,463.34360366051556,449.87431285643083,461.9966745801071,5188000
2011-09-06,443.81317138671875,448.52742358657764,441.11931298679934,447.8539589865978,5396000
2011-09-07,454.5887145996094,456.6091088867188,447.1806022135417,447.85406697591145,4821000
2011-09-08,457.2823791503906,463.34355943368,452.56812781894325,461.32316600591685,2671000
2011-09-09,450.5478210449219,453.91514407216346,447.85396262312867,449.2008918340253,6645000
2011-09-12,437.75189208984375,441.7926787860577,435.05803429236784,440.4457498873197,4394000
2011-09-13,444.48663330078125,444.48663330078125,436.40505814985795,441.79277491714015,2628000
2011-09-14,436.40496826171875,445.8334706624349,433.03764597574866,444.4865417480469,3610000
2011-09-15,445.8335266113281,449.2008493198729,440.4458102776565,441.7927393610744,3561000
2011-09-16,460.6497497558594,461.99667884871275,451.8947106523123,453.2416397451657,3608000
2011-09-20,448.5273742675781,455.262019526851,445.16005163794165,455.262019526851,3861000
2011-09-21,441.119140625,444.4864623091603,438.4252832776718,444.4864623091603,5456000
2011-09-22,437.75189208984375,442.4661432354267,436.40496319110576,438.42535653921277,5954000
2011-09-26,419.5684814453125,440.4458858189958,418.89501678809694,440.4458858189958,7500000
2011-09-27,435.05810546875,435.7315700282992,424.2826725159636,426.30306619461106,5353000
2011-09-28,442.31475830078125,445.7703423500061,438.8591742515564,443.0058751106262,3670000
2011-09-29,447.15277099609375,447.15277099609375,433.3304287705576,435.40378010438803,4382000
2011-09-30,451.9904479980469,453.37268178397363,443.6970452824864,446.4615128543399,4126000
2011-10-03,431.25689697265625,440.2414156595866,425.0368455740122,439.5502988375151,3666000
2011-10-04,424.3458557128906,426.41920679943564,413.97910028016526,422.27250462634555,4404000
2011-10-05,425.03692626953125,431.94809580236915,421.5813415031123,429.18362798923397,3945000
2011-10-06,436.7859191894531,439.55038703242434,428.4925156605395,429.87474958202506,2745000
2011-10-07,440.9326171875,445.079318916536,440.24150023266066,442.3148510971787,1764000
2011-10-11,467.1950988769531,468.57733289729913,454.06387568366597,456.828343724358,4627000
2011-10-12,472.0328063964844,475.4883906307192,463.04828738747364,465.1216379280146,3824000
2011-10-13,477.5617370605469,491.3840738785077,474.79726969695474,483.09067178773125,5213000
2011-10-14,470.6505126953125,473.4149797302336,467.19492890166117,473.4149797302336,2738000
2011-10-17,480.3263244628906,483.09079251735335,477.56185640842796,479.635207449275,3381000
2011-10-18,470.6505126953125,472.7238629715033,468.5771624191217,472.7238629715033,2080000
2011-10-19,474.79736328125,485.1641179380458,472.7240123498908,481.0174160753275,4314000
2011-10-20,467.88604736328125,469.9593976470181,464.43046355705314,469.9593976470181,2709000
2011-10-21,468.57720947265625,469.26832630078707,462.3571580194794,467.19497581639473,2115000
2011-10-24,473.4150085449219,474.1061253457174,468.57719093935333,473.4150085449219,2057000
2011-10-25,465.12176513671875,478.2529888181417,463.73953106499005,474.10628660295555,3010000
2011-10-26,463.04827880859375,467.1949798128498,456.82822730220965,458.210460970295,2893000
2011-10-27,478.9440612792969,481.70852916546886,454.75496727529196,460.28390304763593,4087000
2011-10-28,470.6505126953125,481.70838083499683,467.88604566039146,476.8705635238849,3620000
2011-10-31,451.2993469238281,457.519399178521,446.46152850351143,449.9171130894519,7200000
2011-11-01,452.6815490722656,458.90160089157916,449.9170815970151,453.37266594107825,3204000
2011-11-02,449.22601318359375,453.37271484375003,447.1526623535156,448.5348962402344,4063000
2011-11-04,458.901611328125,459.5927282126553,451.9904424828219,456.13714379000373,2928000
2011-11-07,456.13720703125,456.8283240116004,446.4615693063447,455.44609005089967,3667000
2011-11-08,440.9326171875,451.99048846492946,439.5503832778213,450.60825455525077,2225000
2011-11-09,445.7703552246094,453.37264035247097,440.2414205861646,450.6081730332486,5921000
2011-11-10,433.3303527832031,435.4037037534577,430.5658848228637,435.4037037534577,4682000
2011-11-11,428.4925231933594,436.78592686806957,427.8014062204669,433.33034200360703,4556000
2011-11-14,434.71246337890625,438.859164142457,432.63911299713084,435.40358017283137,3381000
2011-11-15,436.7859191894531,438.8592700716816,429.87474958202506,432.63921742499633,1990000
2011-11-16,429.8747253417969,437.47701148128203,429.1836084200255,434.02142687242514,2757000
2011-11-17,438.16802978515625,438.8591465513789,427.80127829181663,430.56574535670717,3017000
2011-11-18,436.7859191894531,443.0059718361384,431.9481004642535,432.63921742499633,3677000
2011-11-21,436.0946960449219,437.4769296298503,431.9479952901366,431.9479952901366,2027000
2011-11-22,443.697021484375,445.770372052059,433.330268645955,435.403619213639,4176000
2011-11-24,444.38824462890625,449.2260637772769,429.1836701625984,431.2570212261858,4213000
2011-11-25,450.6081848144531,451.29930166232805,439.5503152484543,443.69701633570384,5226000
2011-11-28,460.9750671386719,465.1217693917934,454.06389671680273,455.4461308011766,5101000
2011-11-29,475.48846435546875,476.1795813094738,465.1217100453931,467.88617786141333,3371000
2011-11-30,471.34173583984375,472.72396966928613,465.12168360735313,470.65061892512256,2739000
2011-12-01,481.7084655761719,489.31075125958347,479.63511493524146,487.23740061865306,3924000
2011-12-02,473.4150085449219,483.78176055685446,470.6505413417399,481.01729335367247,4525000
2011-12-05,477.5617370605469,479.63508758324105,470.65056865156646,473.41503601515865,2587000
2011-12-06,467.1950988769531,477.5618540295482,466.50398186678007,471.34180093799114,2322000
2011-12-07,483.09075927734375,484.47299320946775,469.26841995610357,472.0328878203516,3728000
2011-12-08,480.3263244628906,483.09079251735335,477.56185640842796,481.01744147650635,2711000
2011-12-09,469.9595031738281,474.1062046724207,467.1950355080997,472.7239708395565,6599000
2011-12-12,480.3263244628906,483.781909530969,475.48850536758096,477.56185640842796,3036000
2011-12-13,476.8706970214844,478.9440478780996,472.72399530825413,472.72399530825413,3043000
2011-12-14,469.9595031738281,472.7239708395565,467.1950355080997,472.7239708395565,3688000
2011-12-15,460.28375244140625,467.8860366408889,458.9015189505912,466.5038031500739,3828000
2011-12-16,458.2106018066406,461.66618703896825,456.82836771370955,461.66618703896825,2663000
2011-12-19,449.22601318359375,455.4460656738281,446.46154541015625,454.0638317871094,2776000
2011-12-20,454.06378173828125,456.82824920700745,449.91708053519193,452.6815480039181,2243000
2011-12-21,454.75494384765625,459.59276239922707,451.2993591679628,456.1371777195336,3317000
2011-12-22,458.2106018066406,460.2839529460372,452.68166543491645,453.372782481382,4720000
2011-12-26,462.3572082519531,467.88614347768646,461.6660913487364,467.88614347768646,3086000
2011-12-27,462.3572082519531,463.0483251551698,456.82827302621973,458.2105068326531,1487000
2011-12-28,460.9750671386719,466.5040034761672,460.9750671386719,463.0484182652326,2521000
2011-12-29,458.2106018066406,460.9750699925027,453.372782481382,460.2839529460372,1911000
2011-12-30,463.7393798828125,465.81273031447927,457.519328587812,457.519328587812,2019000
2012-01-04,465.8128967285156,472.032950245662,462.3573114412121,470.6507161307406,3683000
2012-01-05,453.3727111816406,462.3572313727402,451.29936036831,462.3572313727402,3918000
2012-01-06,445.7703552246094,453.37264035247097,442.3147710755814,452.6815235226654,3685000
2012-01-10,445.0793151855469,452.6816016250516,443.0059643384093,452.6816016250516,4888000
2012-01-11,442.31475830078125,447.843692779541,440.24140787124634,445.7703423500061,4023000
2012-01-12,437.4769592285156,445.7703612991984,436.78584238929204,443.0058939423041,3189000
2012-01-13,440.241455078125,445.7703901497498,438.1681044262657,439.5503381941719,3885000
2012-01-16,432.6391906738281,438.1681260179026,431.25695683780947,436.785892181884,2467000
2012-01-17,428.4925231933594,431.25699108492944,425.72805530178937,431.25699108492944,4000000
2012-01-18,430.56585693359375,432.63920776955007,424.34580442572485,427.8013891523187,6469000
2012-01-19,438.8592224121094,439.5503392977978,429.8747028981607,431.2569366695374,5403000
2012-01-20,449.22601318359375,451.99048095703125,443.69707763671875,449.22601318359375,4494000
2012-01-23,455.4460754394531,458.2105432721661,447.84378889949267,449.2260228158491,4359000
2012-01-24,454.75494384765625,460.28387933516575,451.2993591679628,457.519411591411,4158000
2012-01-25,463.7393798828125,466.5038471250349,456.8282117772564,460.97491264059005,3952000
2012-01-26,460.9750671386719,463.73953530741954,458.21059896992426,463.73953530741954,3282000
2012-01-27,454.06378173828125,460.28383354291526,450.6081974023735,460.28383354291526,3487000
2012-01-30,445.7703552246094,453.37264035247097,443.6970047351926,449.917056203443,3954000
2012-01-31,444.38824462890625,444.38824462890625,431.2570212261858,442.3148935653188,8364000
2012-02-01,414.67010498046875,425.03685760498047,413.2878712972005,423.65462392171224,24761000
2012-02-02,414.67010498046875,418.8168060302734,407.7589365641276,418.12568918863934,9095000
2012-02-03,415.3612365722656,418.8168209031497,410.5234185090279,412.5967691075584,7863000
2012-02-06,411.2146911621094,422.27256521016614,406.37687126608455,421.5814480821626,9367000
2012-02-07,418.8168640136719,420.19909788830444,411.2145777031927,413.2879285151415,8557000
2012-02-08,420.89019775390625,420.89019775390625,413.9790286610671,420.19908084462236,6582000
2012-02-09,428.4925231933594,429.87475713914444,421.58135346443424,422.9635874102193,6181000
2012-02-10,426.4190979003906,431.94803271919636,425.03686419568925,431.25691586684565,4928000
2012-02-13,429.1836242675781,430.56585816215966,423.6546886892518,423.6546886892518,4431000
2012-02-14,433.3303527832031,434.7125867633728,426.4191828823546,428.49253385260914,6586000
2012-02-15,445.0793151855469,451.9904846760057,436.78591179699634,436.78591179699634,6963000
2012-02-16,447.15277099609375,452.68170788630823,440.9327169946025,442.31495121715614,5992000
2012-02-17,453.3727111816406,458.90164668385574,451.29936036831,455.44606199497133,6292000
2012-02-20,465.12176513671875,468.5773503160406,462.3572969932613,463.0484140291257,6429000
2012-02-21,462.3572082519531,474.1061956066365,461.6660913487364,465.81279276803645,6359000
2012-02-22,469.9595031738281,470.6506200902602,456.1371648451861,462.357217093075,5400000
2012-02-23,480.3263244628906,482.3996755037377,467.8862182178086,472.7240373131183,6495000
2012-02-24,502.44195556640625,507.2797735704844,488.61961841189714,490.001852127348,13774000
2012-02-27,517.6466674804688,529.3956572630694,516.9555504344333,523.1756038487514,13237000
2012-02-28,517.6466674804688,519.7200186185747,498.2953901914792,504.51544360579726,8507000
2012-02-29,516.2642822265625,528.7043854127447,514.8820485392089,521.7932169759769,6591000
2012-03-01,514.19091796875,523.8665535219254,511.42645066784274,519.7198525705645,6918000
2012-03-02,530.0866088867188,534.9244266992442,516.2642722795032,520.4109732616678,9085000
2012-03-05,521.1021728515625,532.8511608336269,518.3377050910767,530.7778100132625,6100000
2012-03-06,511.42657470703125,524.5577975711307,509.35322372848924,521.102212606894,5784000
2012-03-07,505.2063903808594,508.6619744463919,498.98633906290075,499.6774558760073,7352000
2012-03-08,507.27996826171875,511.4266709995529,503.1332655238845,510.7355538765806,4868000
2012-03-09,512.8087768554688,518.3377124549886,507.97095820588885,515.5732446552287,11273000
2012-03-12,513.4996948242188,523.8664450562017,512.1174614599544,523.1753283740694,6433000
2012-03-13,505.2063903808594,513.4997921381375,503.13303994153983,512.808675325031,6988000
2012-03-14,515.5734252929688,521.1023628296225,512.8089565246418,520.4112456375408,7970000
2012-03-15,556.3490600585938,556.3490600585938,531.4688536460355,532.1599704908288,20759000
2012-03-16,572.244873046875,572.244873046875,555.6580651324729,557.0402991253397,12605000
2012-03-19,582.6115112304688,588.8315629517905,575.7003426512224,576.391459509147,10324000
2012-03-21,567.4070434570312,578.4649151931001,566.0248094900227,577.0826812260915,5534000
2012-03-22,567.4070434570312,567.4070434570312,559.1136396549797,562.5692245725012,5963000
2012-03-23,552.202392578125,555.657977012281,549.4379250308002,553.5846263517874,5574000
2012-03-26,555.6580200195312,561.8780724824364,552.89355225824,552.89355225824,3069000
2012-03-27,571.5537719726562,575.7004740667746,566.024835847165,573.6271230197154,4535000
2012-03-28,578.1875610351562,582.3773259701936,567.7131486975628,567.7131486975628,4305000
2012-03-29,567.0148315429688,578.1875375832243,562.825066777873,578.1875375832243,4247000
2012-03-30,562.1265258789062,569.1094640885821,557.2384691321331,563.5231135208414,4959000
2012-04-02,583.7737426757812,586.5669184780577,576.092509219521,576.7908031700902,8109000
2012-04-03,571.9027709960938,576.7908288678552,570.5061830327334,576.7908288678552,5160000
2012-04-04,560.7301025390625,577.4891591529324,560.0318085134846,573.2993949994649,4652000
2012-04-05,553.049072265625,557.9371322477707,545.3678351508247,551.6524836992977,6892000
2012-04-06,548.1607055664062,554.4453505983778,543.2726483193172,550.9538811361714,3426000
2012-04-09,534.1948852539062,542.5744128657323,533.4965912862541,536.2897671568627,3776000
2012-04-10,525.1170654296875,543.9710026193172,524.4187714597012,536.2897689494681,4943000
2012-04-11,518.1340942382812,520.2289760209158,509.05627318019816,514.6426246005569,6719000
2012-04-12,516.0393676757812,520.2291325012951,511.1513087126819,519.5308383637094,3987000
2012-04-13,523.0223999023438,530.7036367500417,521.6258113845805,522.3241056434622,6195000
2012-04-16,501.3750305175781,513.2460270618662,499.97844268883836,511.8494392331264,5707000
2012-04-17,502.0734558105469,509.05639678148634,497.88369122798326,503.4700440047348,3361000
2012-04-18,517.4359130859375,520.2290894048899,512.5478545277707,512.5478545277707,4393000
2012-04-19,516.0393676757812,522.324014914052,506.2632497495824,508.35813216233936,2967000
2012-04-20,512.5479736328125,518.8326218108715,508.35820818077315,516.0394448428453,2831000
2012-04-23,506.9615173339844,520.2291052531933,501.37516452589637,513.9444583440943,4991000
2012-04-24,495.0906066894531,504.16843163580415,490.9008413295988,497.8837835960227,8712000
2012-04-25,483.9178466796875,500.6769063049581,478.33149347126397,498.58202385179925,13326000
2012-04-26,496.487060546875,502.073412845574,492.99559036018815,493.6938843975255,8855000
2012-04-27,505.5648193359375,519.530698323118,496.4869979942701,511.84946488016874,12122000
2012-05-01,476.934814453125,509.0563392918421,473.4433443619601,506.26316321891017,12495000
2012-05-02,469.9519958496094,481.8229972306545,467.1588190540694,481.8229972306545,8882000
2012-05-07,464.365478515625,469.25353618421053,456.6842450364192,460.17571479969456,8006000
2012-05-08,461.5723876953125,469.951916670114,458.77921137037873,467.15874034518015,5535000
2012-05-09,452.4945373535156,458.77918370564777,449.70136119701243,458.77918370564777,8119000
2012-05-10,447.6064453125,458.7791490956513,446.90815132605303,452.4945032176287,6848000
2012-05-11,448.30474853515625,455.28768854349204,446.20986653265555,449.00304253598983,6287000
2012-05-14,449.003173828125,453.1929390582475,442.71852598294134,447.6065854180842,4450000
2012-05-15,438.52862548828125,444.1149774053294,427.3559216541849,443.4166834156984,7325000
2012-05-16,430.8473815917969,441.32179119289407,426.65761775135803,435.73543940564224,12060000
2012-05-17,443.4167175292969,446.908187746063,432.9423068789985,435.73548305241144,10983000
2012-05-18,433.64056396484375,434.3388579486841,427.3559181102808,434.3388579486841,8290000
2012-05-21,437.8304443359375,440.62362101431665,430.14920847039474,431.5457968095843,6164000
2012-05-22,442.7183837890625,453.1927935001602,435.735443981664,446.90814767350156,9757000
2012-05-23,437.8304443359375,449.00315104945423,435.7355618271531,448.3048568798594,9810000
2012-05-24,429.45086669921875,436.43380762115726,423.1662198694741,436.43380762115726,11793000
2012-05-25,428.75262451171875,432.24409539536464,424.5628594513436,429.4509186884479,5131000
2012-05-28,427.35595703125,430.1491332209967,423.1661927466299,428.7525451261234,4163000
2012-05-29,430.8473815917969,431.54567556520334,420.3729719906997,427.3559117247645,5265000
2012-05-30,415.48504638671875,425.9594593208377,410.5969870174633,425.9594593208377,10898000
2012-05-31,398.0276794433594,404.3123270135177,397.32938526889734,402.9157386645936,15615000
2012-06-01,385.45831298828125,398.0276058031165,384.061724897744,395.93272366731065,11655000
2012-06-04,370.0958557128906,380.5702667236328,369.39756164550784,378.4753845214844,9716000
2012-06-05,383.3634033203125,384.06169731543145,375.6821693740039,379.1736393495987,8320000
2012-06-06,396.6310729980469,398.0276612832513,378.4754252903898,386.156660859014,12915000
2012-06-07,414.0883483886719,414.0883483886718,414.0883483886718,414.0883483886718,12454000
2012-06-08,399.4242248535156,414.78669504018933,398.02763665472713,413.39010684140084,10435000
2012-06-11,420.3730163574219,424.562780640054,414.786663980579,418.9764282632112,10693000
2012-06-12,415.48504638671875,416.1833405823267,400.8208682789522,408.50210443063946,8492000
2012-06-13,419.6746826171875,423.8644465035488,416.1832127118864,419.6746826171875,10396000
2012-06-14,435.7354736328125,437.83035571758563,421.76959306765826,423.1661811241737,15322000
2012-06-15,436.43377685546875,441.32183515624996,435.0371887695312,438.528658984375,9652000
2012-06-18,453.8912048339844,457.3826756403996,447.6065573824369,453.8912048339844,8456000
2012-06-19,446.9081726074219,451.0979367256164,442.0201144695282,449.0030546665192,7507000
2012-06-20,450.399658203125,455.28771650920544,445.51159989704456,455.28771650920544,3861000
2012-06-21,469.9519958496094,473.44346684403445,451.0980524797142,455.98611187190926,12337000
2012-06-22,467.8569641113281,469.25355206389924,460.1757303721869,462.96890627732915,10310000
2012-06-25,457.382568359375,474.83991829675574,456.6842743618798,474.83991829675574,8149000
2012-06-26,449.7014465332031,453.1929173913802,444.1150931601199,450.39974070483856,10408000
2012-06-27,447.6064453125,449.70132727184085,441.3217994344773,449.70132727184085,3900000
2012-06-28,455.2876281738281,455.2876281738281,447.60639518316543,453.891040357344,3288000
2012-06-29,465.0636901855469,468.55515933108404,449.70122594518347,450.3995197742909,6774000
2012-07-02,467.8569641113281,479.7279617081827,467.8569641113281,472.0467279690415,5601000
2012-07-03,466.4605407714844,474.1417772213142,465.06395232606076,467.1588349941962,4088000
2012-07-04,481.82293701171875,482.5212311233299,462.9689959982167,469.2536430027174,8261000
2012-07-05,475.5381774902344,484.6159987932785,472.74500170468235,478.3313532757864,4251000
2012-07-06,460.8741149902344,474.83999726266575,458.0809385357481,474.14170314904413,7998000
2012-07-09,439.81097412109375,453.8910762808114,438.5286090836147,453.8910762808114,8591000
2012-07-10,432.958251953125,443.41667901270415,428.05421139336636,442.71838503000697,8497000
2012-07-11,424.5628356933594,429.4508946569343,422.4679532803987,426.65771810632003,7778000
2012-07-12,427.35595703125,433.6406034581801,424.56278084150324,427.35595703125,13288000
2012-07-13,409.3450622558594,425.2611308919363,407.10548326765,421.7696601949582,14145000
2012-07-17,397.15594482421875,409.2003241319244,390.34638428284256,408.50203006343986,12410000
2012-07-18,395.2343444824219,400.12240174633877,391.0445811133503,394.53605058757665,12467000
2012-07-19,401.9747314453125,405.01054605258065,393.13954728897056,393.8378413338888,13439000
2012-07-20,398.0276794433594,401.51915031566955,394.5362085710492,398.7259736178214,6449000
2012-07-23,369.3975524902344,384.06172754183154,368.00096439008223,384.06172754183154,13804000
2012-07-24,370.7940673828125,377.77700650489936,368.00089173397777,370.0957734706038,13008000
2012-07-25,350.5436706542969,365.2078481119467,347.7504939956969,365.2078481119467,14351000
2012-07-26,345.5458984375,353.33677384818947,339.3708934589329,353.33677384818947,18542000
2012-07-27,361.71636962890625,364.5095462283573,356.828310579867,361.0180754790435,7266000
2012-07-30,367.30267333984375,375.68220200919376,363.1129090051687,371.4924376745187,8395000
2012-07-31,368.133056640625,379.87193098718285,350.5435833742018,359.6214052544102,9636000
2012-08-01,395.2343444824219,405.70875290510094,384.0616421648976,391.74287500819554,14580000
2012-08-02,410.08917236328125,418.9764825536137,393.8378936003969,400.1225408387011,11452000
2012-08-03,396.6310729980469,401.5191319962623,391.74301399983153,398.7259554258535,8913000
2012-08-06,417.5798034667969,420.3729794097186,402.91562976645787,407.80368766657085,7732000
2012-08-07,419.1078796386719,425.2610413805482,411.993455524669,416.1832194791572,6575000
2012-08-08,427.35595703125,435.73548560049016,416.88154631969974,429.45083917356004,10086000
2012-08-09,439.92529296875,442.0201753162203,417.5798812624008,421.07135184151787,8698000
2012-08-10,437.447998046875,442.7184476386709,431.54574233548675,440.62356539432386,8687000
2012-08-13,446.2099609375,453.19290242321983,434.3389604117762,435.7355487089202,5628000
2012-08-14,449.7958679199219,454.58943675911513,442.7184376425177,442.7184376425177,6478000
2012-08-15,432.244140625,450.39979111974964,425.9594923768175,449.70149686995154,8700000
2012-08-16,443.4167175292969,449.7013639194759,435.73548305241144,437.8303651824711,6065000
2012-08-17,460.17584228515625,461.57243057737224,446.9082535091047,455.28778326240047,7209000
2012-08-20,458.7791748046875,467.15870311162246,457.3825867535317,463.6672329837329,4039000
2012-08-21,454.27685546875,460.8740374368201,453.19280347953975,460.1757434407037,3197000
2012-08-22,449.003173828125,457.38270428836995,444.8134085980026,452.4946448532271,3317000
2012-08-23,447.3668212890625,449.00314990141015,437.13214904865123,439.92532571988863,5842000
2012-08-24,436.43377685546875,440.62354111328125,433.64060068359373,434.3388947265625,6437000
2012-08-27,437.8304443359375,444.1150918622906,435.7355618271531,442.0202093535063,4698000
2012-08-28,437.8304443359375,441.32191518391147,432.9423851487739,439.9253268447219,5252000
2012-08-29,454.58953857421875,456.68442124045936,438.5287714663738,440.62365413261443,5271000
2012-08-30,446.9081726074219,455.287700843811,442.7184084892273,453.89111280441284,4495000
2012-08-31,430.1490173339844,442.0200129422274,430.1490173339843,437.8302497863769,6052000
2012-09-03,425.9593505859375,437.1320548636014,421.7695864818135,430.84740870741547,4665000
2012-09-04,425.2611083984375,433.6406376279634,421.76963788613506,428.75257891073994,5213000
2012-09-05,407.8037109375,420.37300339790244,407.1054169119221,419.6747093723245,7965000
2012-09-06,415.48504638671875,420.3731057559743,402.91575086577603,405.70892764820775,6576000
2012-09-07,435.7354736328125,435.7354736328125,422.46788709591596,429.4508273784931,7737000
2012-09-10,432.9423522949219,438.5287052277596,429.4508817118983,435.73552876134073,2663000
2012-09-11,432.244140625,434.33902337439423,425.9594923768175,428.7526693760097,3056000
2012-09-12,446.9081726074219,453.89111280441284,434.3388802528381,435.7354682922363,6394000
2012-09-13,449.7014465332031,455.2877999062864,444.1150931601199,446.2099756750261,5650000
2012-09-14,469.9519958496094,473.44346684403445,452.49464087748424,456.6844060707943,9971000
2012-09-18,476.934814453125,485.31434267192077,469.95187427079526,475.5382264166591,7788000
2012-09-19,499.97845458984375,507.6596878307492,479.0296366601017,480.4262245220845,10808000
2012-09-20,507.6596984863281,515.3409318884596,499.28017113854827,515.3409318884596,10852000
2012-09-21,506.26318359375,507.65977168642235,497.88365503771547,501.3751252693965,6089000
2012-09-24,495.0906066894531,502.7718431825194,488.10766442302923,501.3752547292346,5134000
2012-09-25,482.52117919921875,488.1075314909608,480.42629708981553,484.6160613086221,9200000
2012-09-26,470.075927734375,482.1656263296615,469.36476899347576,482.1656263296615,7665000
2012-09-27,478.6098327636719,479.3209915047769,455.14159430720656,458.6973880127316,9232000
2012-09-28,468.6535949707031,477.8986583009294,461.54200779360593,473.6317059946711,6267000
2012-10-01,480.03216552734375,481.45448305483217,464.38667272497105,468.6536253074363,5228000
2012-10-02,502.0781555175781,505.63394982011056,488.56613716795493,494.25540805200677,11366000
2012-10-03,509.9007873535156,522.7016439397963,503.5003590603753,504.21151775961306,10140000
2012-10-04,517.7235107421875,521.990462753799,493.5441160097227,506.344972044557,10362000
2012-10-05,520.5680541992188,522.7015298311827,510.61183458338667,512.0341516713627,6462000
2012-10-09,531.235595703125,539.0583420923276,516.3012616873746,517.7235792126841,10796000
2012-10-10,502.0781555175781,517.0124915882143,498.5223612150457,512.0343795646689,9862000
2012-10-11,491.41070556640625,501.3669282551612,487.85491174899374,494.96649938381876,9527000
2012-10-12,490.6994934082031,507.7673018745754,489.9883347221043,497.09992158309274,6801000
2012-10-15,495.6775817871094,497.81105774889033,484.2990433242776,487.14367793998554,6429000
2012-10-16,507.0561828613281,508.4785003448101,494.96648425173123,502.78923041088217,5477000
2012-10-17,517.0123291015625,524.1239154715978,509.18958409452375,512.7453772795413,6767000
2012-10-18,527.6797485351562,536.2136528241346,524.1239550814154,527.6797485351562,6105000
2012-10-19,531.9466552734375,533.368972533527,520.5681171927223,529.8131793833035,6450000
2012-10-22,546.8810424804688,550.436835994646,516.3012182585439,517.7235356642149,7518000
2012-10-23,540.4805908203125,551.1479709022924,533.3690040989926,547.5921775416324,6596000
2012-10-24,527.6797485351562,539.0582875871273,526.2574311536599,529.1020659166527,6381000
2012-10-25,521.2794799804688,524.1241156147414,514.8790498033552,523.4129567061733,6376000
2012-10-26,504.2115783691406,517.0124364941681,502.78926079969307,515.5901189247206,6366000
2012-10-29,494.2553405761719,502.7892457371993,492.121864285915,499.9446106835235,5775000
2012-10-30,489.2772521972656,508.47853971082105,488.56609340046725,494.25536377485406,6224000
2012-10-31,474.3427734375,485.0101521504872,461.5419189819153,482.16551782702396,19137000
2012-11-01,462.9643859863281,479.3210386402229,455.852797875939,479.3210386402229,11700000
2012-11-02,466.5200500488281,472.2093189518626,461.5419397586729,470.07584311322466,8180000
2012-11-05,469.36480712890625,472.2094423236269,462.9643779407848,466.5201719341856,7607000
2012-11-06,472.92047119140625,474.34278839799697,462.9642507452714,462.9642507452714,5569000
2012-11-07,472.92047119140625,479.3208986210644,470.07583677822487,475.0539470012923,9237000
2012-11-08,466.5200500488281,468.65352588746606,457.27498808139705,462.96425698443153,7810000
2012-11-09,463.67547607421875,466.52011089675995,459.40852384040693,460.1196825460422,5781000
2012-11-12,462.2532043457031,465.097839449369,457.2750929142879,460.1197280179537,5180000
2012-11-13,460.8308410644531,462.96431718049223,456.56388883237486,462.2531584751459,2835000
2012-11-14,456.5638732910156,463.6754601024022,456.5638732910156,462.2531427401249,3950000
2012-11-15,471.4983825683594,475.7653362567608,455.8528857108874,457.27520360702124,11062000
2012-11-16,499.9446105957031,501.3669281222912,473.631736353824,478.60984769688224,16821000
2012-11-19,518.4346923828125,527.6797554842892,508.47847058122215,517.7235336826989,14866000
2012-11-20,529.8133544921875,531.2356722223678,519.8571303809249,522.7017658412857,12070000
2012-11-21,532.6578979492188,540.4806441140271,528.390945495687,531.2355804647082,9055000
2012-11-22,551.1478881835938,552.5702053143901,541.1916682680192,546.8809367912046,7439000
2012-11-26,553.9925537109375,568.2157258216163,553.2813951054036,561.1041397662768,7641000
2012-11-27,552.5703735351562,565.3712316093297,547.5922620618666,553.9926910989533,8440000
2012-11-28,539.76953125,558.259660120224,539.058372447299,550.4369132905139,7265000
2012-11-29,548.3034057617188,550.4368820487293,539.0583418513396,546.881088237045,6591000
2012-11-30,544.0364990234375,552.5704048904718,539.0583872676674,547.5922931347018,9054000
2012-12-03,553.2816162109375,556.1262517698626,546.1700273136247,553.2816162109375,6597000
2012-12-04,543.3251342773438,553.2813540154102,540.4805000664676,547.5920855936579,5052000
2012-12-05,538.34716796875,544.0364379076535,531.9467392874835,533.3690567722094,6778000
2012-12-06,537.6357421875,544.0361676897321,529.1018415178571,543.3250093005953,7244000
2012-12-07,534.7913208007812,537.6359554858918,531.2355274443931,536.2136381433365,5602000
2012-12-10,529.8133544921875,540.4807374685403,527.679877896917,538.3472608732698,4114000
2012-12-11,523.4127807617188,526.9685741092848,519.1458287446395,523.4127807617188,5426000
2012-12-12,546.1698608398438,546.8810195128123,529.8132113615671,534.0801633993784,8245000
2012-12-13,575.327392578125,580.3055035151422,556.1261075353445,556.8372662406327,12847000
2012-12-14,583.1502075195312,585.2836838885052,566.7935553573981,579.5944135712415,11132000
2012-12-17,587.4169921875,597.3732123940679,581.7277234980328,593.8174194631508,9801000
2012-12-18,632.9312133789062,635.7758480457777,591.6840107092696,592.3951693759875,16991000
2012-12-19,690.5352172851562,693.379852577783,652.1326408346944,654.2661173041645,21640000
2012-12-20,665.64453125,685.5569744925214,662.7998965010684,684.1346571180555,20550000
2012-12-21,645.0209350585938,679.1565523494565,638.620506816557,675.6007588816583,13437000
2012-12-25,645.0209350585938,671.3338067203005,641.4651415907956,668.4891719460619,6923000
2012-12-26,645.0209350585938,661.3775850104655,640.0428242036763,645.7320937521534,7454000
2012-12-27,642.1763305664062,657.1106638353925,642.1763305664062,655.6883463812034,6050000
2012-12-28,645.0209350585938,657.8217915426674,642.8874589779149,650.7102046070709,6353000
2013-01-04,663.510986328125,679.1564758235363,649.2878140595693,677.0229999832529,11124000
2013-01-07,652.1326904296875,667.0670268517414,648.5768960434842,666.3558679745008,6666000
2013-01-08,632.2200317382812,655.6882668871714,626.5307626112776,645.0208872740395,10161000
2013-01-09,648.5768432617188,655.688431455378,613.7300611127887,615.1523787515206,8099000
2013-01-10,648.5768432617188,658.5330667328417,644.3098903455233,655.688431455378,6765000
2013-01-11,679.1564331054688,682.001067380256,663.5109445941386,665.6444203002291,9748000
2013-01-15,709.0252075195312,718.2702704059443,692.6685577974156,693.3797164809858,12758000
2013-01-16,711.8698120117188,717.5590812385856,701.2024322113433,711.1586533583604,12500000
2013-01-17,710.4475708007812,728.226539039039,691.2462851034628,711.1587295303116,13092000
2013-01-18,761.6509399414062,768.7625266822224,740.3161797189579,742.4496557412027,15252000
2013-01-21,759.517578125,770.1849598402388,751.6948315338249,765.9180071541432,11270000
2013-01-22,790.8085327148438,791.5196914672852,740.3162612915039,750.2724838256836,18264000
2013-01-23,755.9617309570312,788.6750325788782,750.9836198406632,753.8282547643021,13068000
2013-01-24,743.1609497070312,757.3841257779792,718.9815503864197,734.6270440644626,16284000
2013-01-25,744.5831909179688,769.4737464882924,738.8939210733233,764.4956353742277,11292000
2013-01-28,761.6509399414062,770.8960027044673,748.1389251338557,755.2505118746717,10352000
2013-01-29,732.4935302734375,753.1171345238547,729.6488952044144,742.4497530150181,12749000
2013-01-30,741.738525390625,742.4496840918624,719.6926056522651,732.4934622745386,10575000
2013-01-31,722.537353515625,741.0274826410249,702.6249067651944,730.3601004532942,11647000
2013-02-01,706.1806030273438,749.5612845829006,702.6248094572162,743.8720148706965,14512000
2013-02-04,716.8479614257812,723.9595483446877,709.025215814984,719.6925961933438,7964000
2013-02-05,733.20458984375,738.8938592120817,708.3140363572987,709.7363536993817,10360000
2013-02-06,750.2725219726562,756.6729510700534,734.6270286234634,742.4497752980599,10202000
2013-02-07,723.9595947265625,748.1389917999447,712.5810549273239,743.8720393752302,10276000
2013-02-08,687.6903686523438,721.1148229715373,686.9792100498076,710.4474439334967,11057000
2013-02-12,696.2243041992188,718.9813805366805,696.2243041992188,707.6028423679496,7097000
2013-02-13,695.5132446289062,704.0471494709788,688.4016572605126,694.8020858920669,5255000
2013-02-14,705.4692993164062,717.5589949700139,692.6684450949391,697.6465550699542,7646000
2013-02-15,681.2900390625,695.5132131556629,663.5110714460465,694.8020544510048,8997000
2013-02-18,700.4913330078125,706.1806027175206,689.8239523021098,695.5132220118179,5813000
2013-02-19,696.2243041992188,707.6028423679496,693.3796696570361,698.3577801058558,3954000
2013-02-20,706.1806030273438,712.5810314535735,700.4913333151396,705.4694443133183,6531000
2013-02-21,691.9574584960938,706.1806333880999,687.690506028492,701.2025221758977,4910000
2013-02-22,682.001220703125,686.2681730745732,671.3338397745047,679.1565857888263,6789000
2013-02-25,718.2703247070312,718.9814834443649,699.7801975363552,701.9136737483562,8148000
2013-02-26,690.5352172851562,706.8918702177604,686.9794231693727,696.9356466935666,7129000
2013-02-27,677.0230102539062,690.5350241140158,675.6006930054737,690.5350241140158,4675000
2013-02-28,706.8917236328125,710.4475170112472,691.2462327677,691.9573914433869,8808000
2013-03-01,709.7365112304688,712.5811465460217,697.6468111393685,698.3579699682568,4866000
2013-03-04,722.537353515625,744.5832767036018,720.4038770780788,736.0493709534172,7023000
2013-03-05,727.5153198242188,733.9157478578628,724.670685142599,729.6487958354335,4584000
2013-03-06,743.1609497070312,743.1609497070312,731.7824088502729,736.0493616715573,5014000
2013-03-07,716.1368408203125,749.5613011167918,709.7364122529016,746.7166661979425,11445000
2013-03-08,734.626953125,741.0273815646176,721.1149375302517,723.248413676791,11487000
2013-03-11,751.6947021484375,752.4058608070453,740.3161636107128,750.2723848312219,7628000
2013-03-12,736.760498046875,783.6969776521778,736.760498046875,755.9617851581353,9947000
2013-03-13,725.3818969726562,739.6050714231005,720.4037859150008,732.4934841978784,6679000
2013-03-14,719.6927490234375,726.0931786096143,708.3142075369009,724.6708609237972,7649000
2013-03-15,736.760498046875,740.3162919563676,723.9596399727016,726.8042751002956,7409000
2013-03-18,717.5588989257812,725.3816421251703,709.7361557263921,718.270057398453,7075000
2013-03-19,734.626953125,739.6050641335916,727.5153659698693,729.6488421164086,4846000
2013-03-21,744.5831909179688,745.2943496485494,733.9158099592586,739.605079803904,5822000
2013-03-22,732.4935302734375,739.6051179459952,728.9377364371586,731.7823715061817,5044000
2013-03-25,748.85009765625,753.8282084668804,740.3161934094551,746.0054629073184,5914000
2013-03-26,731.0712280273438,741.7386097592603,727.5154341167049,738.8939746307492,5443000
2013-03-27,735.0463256835938,749.5015139959555,729.9870097742672,744.4421980866289,4000000
2013-03-28,735.7691040039062,742.2739389116028,727.8187502278325,735.7691040039062,4784000
2013-03-29,725.650390625,745.1648931617281,722.0365938589392,743.7193744553038,4568000
2013-04-01,709.027099609375,726.3733283459959,708.3043400786826,722.7595306925332,4615000
2013-04-02,682.2849731445312,700.3539607807742,664.2159855082884,688.067049188129,9352000
2013-04-03,703.2449951171875,703.9677546188495,689.5125645856083,692.4036025922564,5390000
2013-04-04,724.2049560546875,725.6504749290482,688.7897436328515,692.4035408187532,6213000
2013-04-05,770.4614868164062,784.1939148178244,760.3428556574665,762.5111337629537,15408000
2013-04-08,788.5307006835938,792.867258157564,780.5803453146483,787.8079411045987,9092000
2013-04-09,813.8272094726562,834.0644757828111,796.4809812068092,798.6492597400401,14995000
2013-04-10,829.0052490234375,843.4604408111173,810.9362592888377,810.9362592888377,9523000
2013-04-11,847.0739135742188,861.5290998126866,844.9056356384485,850.6877101338357,7666000
2013-04-12,873.0934448242188,881.0437990403333,857.9154958661818,868.7568879790654,10920000
2013-04-15,844.1828002929688,868.7566146850586,842.7372817993164,855.7469482421875,6344000
2013-04-16,833.3414306640625,844.905578877961,819.609004660058,824.6683195036386,6213000
2013-04-17,865.1430053710938,882.4892310426947,843.4602232815927,849.2422985054596,6863000
2013-04-18,862.2518310546875,884.6573689949182,847.0738859984021,849.9649231519803,7172000
2013-04-19,861.5292358398438,865.1430329700444,848.5195661711213,859.3609575617232,5649000
2013-04-22,888.271484375,892.6080416624288,881.7666484438569,883.2121675396664,5896000
2013-04-23,874.5390014648438,884.6576345396436,865.1431278953867,883.9348750343007,5996000
2013-04-24,879.5982666015625,895.4989747899227,872.3706719704896,891.162418011279,5077000
2013-04-25,865.865478515625,879.5979026323168,865.1427193515885,879.5979026323168,4999000
2013-04-26,856.4697265625,871.6476710838607,853.5786895108122,867.3111155063291,5011000
2013-04-30,784.9166870117188,809.490505942104,778.4118525889697,802.985671519355,20955000
2013-05-01,766.8477783203125,783.4712457108566,763.9567405132614,780.5802079038054,12358000
2013-05-02,754.5608520507812,768.293281350556,748.7787765561393,766.8477624768955,10264000
2013-05-07,783.4713134765625,789.976149105058,778.4119968766216,787.8078705622262,7351000
2013-05-08,800.0947265625,821.0547510162602,789.9760940675814,789.9760940675814,9028000
2013-05-09,801.540283203125,825.391346634778,800.0947642072673,815.9954731617025,5200000
2013-05-10,833.3414306640625,838.400745507643,823.2228009769012,838.400745507643,8228000
2013-05-13,865.1430053710938,868.7568023860107,849.9650579084431,851.4105767144098,7943000
2013-05-14,873.0934448242188,883.9348369371023,863.6975716597198,881.7665585145256,5922000
2013-05-15,901.2808837890625,912.8450330598123,891.8850125065783,894.0532904948438,7737000
2013-05-16,933.0823974609375,943.2010291917301,910.6768557713256,918.6272092740911,12932000
2013-05-17,928.7457275390625,934.527802107399,906.3401885867582,916.4588190813472,7288000
2013-05-20,967.7748413085938,973.5569165367257,946.0920592030986,950.4286156241977,5193000
2013-05-21,957.65625,986.5666273584906,948.9831367924528,958.3790094339623,6989000
2013-05-22,961.2699584960938,974.2796271073191,960.5471991288035,961.9927178633841,4971000
2013-05-23,917.9044799804688,1027.7639138049028,917.9044799804688,979.3390317901851,15208000
2013-05-24,933.804931640625,968.4973749213913,881.7662667194757,953.319430986056,11039000
2013-05-27,874.5390014648438,917.9045717854145,871.6479634434723,912.1224957426717,7278000
2013-05-28,887.5486450195312,902.7265941607448,851.4106708737849,852.8561898396148,6442000
2013-05-29,885.3802490234375,909.9540681800064,881.0436927016901,909.2313087930485,5002000
2013-05-30,860.8065795898438,888.2714410712997,852.8562249504749,867.3114152038728,8806000
2013-05-31,874.5390014648438,883.9348750343007,863.697608884701,874.5390014648438,7489000
2013-06-03,839.8466186523438,855.7473291603916,821.7776294386531,831.1735038297722,7885000
2013-06-04,862.974853515625,873.0934866389238,818.1637639695875,825.3913590576581,7533000
2013-06-05,825.3912963867188,869.4796230763772,818.1637018474305,869.4796230763772,6839000
2013-06-06,800.0947265625,839.1237376143293,793.5898913871952,800.8174860264228,7305000
2013-06-07,781.3027954101562,797.9262591422872,760.3427759218172,773.3524431904414,6235000
2013-06-10,823.9459228515625,826.8369611773575,795.7582991750618,815.2728078741777,4995000
2013-06-11,831.8961181640625,868.0340902823971,827.5595615098623,845.6285475690296,6230000
2013-06-12,818.8864135742188,825.391248280457,796.4808718082869,802.2629471027209,6065000
2013-06-13,762.51123046875,792.1443683353081,753.1153574866706,791.4216088751481,10060000
2013-06-14,766.1250610351562,794.3126812053176,763.9567825605284,787.8078457814343,7561000
2013-06-17,783.4713134765625,783.4713134765625,750.2243758198081,758.8974899911353,4415000
2013-06-18,799.3717041015625,800.8172225538258,776.9661680914826,782.7482419005355,5064000
2013-06-19,813.1041870117188,823.945576171875,803.70831640625,823.2228168945312,3539000
2013-06-20,829.7276000976562,860.8062471396416,810.2131007922235,813.8268969598962,10229000
2013-06-21,853.5787963867188,857.192593153809,804.4311603542913,823.2229035431606,10258000
2013-06-24,851.4107055664062,874.539009962098,849.2424270293101,854.3017436158676,4947000
2013-06-25,849.242431640625,870.2024576130319,829.7279247007979,848.5196721243351,5083000
2013-06-26,836.2326049804688,866.5884990247035,825.3912142503849,865.865739642698,4694000
2013-06-27,838.4008178710938,845.6284111286033,823.222872030324,845.6284111286033,4121000
2013-06-28,852.8561401367188,872.3706450381521,847.7968240511619,852.8561401367188,4557000
2013-07-01,858.6380004882812,858.6380004882812,833.3414263998218,853.5786856705894,6068000
2013-07-02,868.7568359375,873.0933925228785,856.4699256122608,866.5885576448106,4587000
2013-07-03,869.4796142578125,878.8754870635911,865.1430575782224,874.538930384001,3523000
2013-07-04,862.974853515625,871.6479676213096,858.6382964627826,865.8658915508532,2393000
2013-07-05,868.0341186523438,873.8161943802528,860.8065239924575,864.4203213224006,4530000
2013-07-08,853.5787963867188,880.3208924631866,844.9056841457021,876.7070956960964,4316000
2013-07-09,870.202392578125,873.0934304272217,858.638241181738,870.202392578125,3268000
2013-07-10,865.1430053710938,874.5388776098777,855.74713313231,873.8161182068942,4094000
2013-07-11,859.3610229492188,865.1430987974894,849.2423902147452,854.301706581982,3380000
2013-07-12,868.7568359375,873.0933925228785,855.7471661813644,857.9154444740536,4316000
2013-07-16,888.271484375,889.7170034708097,870.9252552252848,875.9845720606185,6588000
2013-07-17,890.4393920898438,892.6076698303223,875.9842071533203,879.5980033874512,4278000
2013-07-18,887.5486450195312,896.2217588145104,880.321050190382,894.0534803657656,18356000
2013-07-19,887.5486450195312,898.3900372632552,878.1527717416373,894.7762398486806,5899000
2013-07-22,893.3306274414062,899.8354621072417,879.5981987024203,894.7761462560363,4067000
2013-07-23,881.0435791015625,892.6077278018291,878.1525419264958,883.9346162766292,3347000
2013-07-24,883.934814453125,886.1030928205489,863.6975496905023,879.5982577182773,4507000
2013-07-25,866.5886840820312,887.548710636142,856.47005057315,885.380432027096,5788000
2013-07-26,835.5097045898438,865.865593510928,834.7869453298179,858.6380009106698,3677000
2013-07-29,807.3222045898438,828.2822260160796,797.2035735564884,803.7084077922168,7436000
2013-07-30,814.5498657226562,821.7774599171785,806.5995121086818,807.3222715281339,4241000
2013-07-31,796.48095703125,817.4409822162828,796.48095703125,809.4906278357531,4424000
2013-08-01,838.4008178710938,839.8463365225957,799.3718142805428,802.2628515835466,5043000
2013-08-02,848.5194702148438,853.5787856249833,837.6780800502588,853.5787856249833,2638000
2013-08-05,852.1334838867188,858.6383196415792,840.5693314336336,849.2424457734475,2531000
2013-08-06,857.1927490234375,857.9155085082801,839.1237619023701,852.8561921143813,1868000
2013-08-07,831.8961181640625,844.1830286842962,830.4505992793291,838.4009531453627,2848000
2013-08-08,813.8272094726562,834.7872352938881,810.2134119172714,823.9458426277337,2736000
2013-08-09,808.0450439453125,825.3912702911869,797.9264119102191,821.0547137047182,3279000
2013-08-12,801.540283203125,808.0451186844849,796.4809667176229,802.2630427010539,2328000
2013-08-13,811.6588745117188,820.3319880416749,808.7678366684002,813.8271528942079,2613000
2013-08-14,816.7182006835938,821.7775169710142,793.5898976553857,821.7775169710142,3891000
2013-08-15,801.540283203125,812.3816756720582,797.9264857134806,805.1540806927694,3182000
2013-08-16,802.9857177734375,811.6588308366969,787.8077699127334,787.8077699127334,6142000
2013-08-19,797.2036743164062,802.9857499234155,788.5305609058922,801.5402310216632,3616000
2013-08-20,775.5206909179688,800.0945059144375,771.9068945949587,792.1441540038153,3048000
2013-08-21,763.9566040039062,774.7979938431292,756.0062514551429,768.2931599395954,5111000
2013-08-22,755.28369140625,763.2340460526316,746.610577246561,751.6698938397129,4613000
2013-08-23,781.3027954101562,792.1441848006764,766.1248502634279,768.293128141532,3782000
2013-08-26,776.2434692382812,788.5303770381423,771.9069135442127,783.471062061729,3363000
2013-08-27,791.4217529296875,802.9859063971533,774.7982823202055,776.2438015036388,5077000
2013-08-28,769.0160522460938,782.7484817504884,757.4519010844984,777.6891656172903,7471000
2013-08-29,767.5704345703125,772.6297500524144,760.3428410244527,771.9069906978284,2994000
2013-08-30,771.184326171875,784.1939961541559,770.4615667284149,782.0257178237757,3154000
2013-09-02,753.1151733398438,768.2931182919904,750.2241362061015,767.5703590085548,5671000
2013-09-03,783.4713134765625,785.6395920193943,761.7885280482444,766.125085133908,3877000
2013-09-04,800.8173828125,803.7084202955776,783.4711579140343,785.6394360263425,3916000
2013-09-05,795.7582397460938,815.2727469878236,790.6989230537934,812.3817088779376,4541000
2013-09-06,808.7677612304688,817.4408739514389,799.3718891160844,816.7181145580247,4842000
2013-09-09,825.3912963867188,837.6782071035088,815.9954234856441,837.6782071035088,3730000
2013-09-10,833.3414306640625,839.8462640343804,830.4503936105879,834.0641899274311,2963000
2013-09-11,839.12353515625,842.7373316039514,834.7869794190084,842.0145723144111,2993000
2013-09-12,826.1140747070312,830.4506315296403,818.8864800026828,830.4506315296403,3984000
2013-09-13,830.4505615234375,836.9553962089997,823.9457268378753,826.836764475903,4398000
2013-09-17,849.242431640625,855.0245077709442,846.3513935754655,850.6879506732048,3212000
2013-09-18,851.4107055664062,855.7472626405984,845.6286294674833,852.8562245911369,4195000
2013-09-19,847.7967529296875,854.3015873511429,840.5691591280703,852.8560685908194,3700000
2013-09-20,853.5787963867188,856.4698338003909,848.5194809127923,852.8560370333007,2627000
2013-09-24,855.0243530273438,857.1926311837951,845.6284810160543,849.965037328957,2549000
2013-09-25,844.9057006835938,854.30157246194,837.6781070079429,854.30157246194,3332000
2013-09-26,853.33642578125,854.069532676251,836.4749671962253,845.2722499362382,2410000
2013-09-27,846.738525390625,857.7351296164774,844.5392045454546,854.8027018229167,1749000
2013-09-30,829.1439208984375,836.4749900487332,819.6135310030533,824.7452794082602,3660000
2013-10-01,835.7421264648438,850.4042690344024,828.4110551800644,834.2759122078879,4324000
2013-10-02,813.015625,837.9412618349864,807.1507692741209,831.3432991433724,5079000
2013-10-03,799.0864868164062,811.5493035832677,795.4209524732117,811.5493035832677,4369000
2013-10-04,785.1575317382812,788.8230664336047,769.7622860179227,777.0933554085697,6868000
2013-10-07,774.160888671875,797.6203095407196,771.9615679654207,782.2250645955403,4642000
2013-10-08,765.3637084960938,768.2961364979946,759.4988524922923,766.8299224970442,4132000
2013-10-09,774.8939819335938,774.8939819335938,755.1000959239371,761.698057927156,4472000
2013-10-10,777.8264770507812,782.9582257212388,771.2285144744787,777.0933700978587,2471000
2013-10-11,787.356689453125,802.7519319843313,783.6911555171235,793.2215437507275,6196000
2013-10-15,793.9548950195312,802.0190721619272,783.6913968383,801.2859651489821,4607000
2013-10-16,790.289306640625,796.1541623485332,787.3568787866709,788.0899857501595,2402000
2013-10-17,796.8871459960938,803.4851076464753,789.5560774956697,799.8195733962633,2437000
2013-10-18,788.8231811523438,800.5528938832337,782.9583247868989,800.5528938832337,3316000
2013-10-21,786.6236572265625,791.7554052233806,781.4919092297442,789.5560846533157,3400000
2013-10-22,796.8871459960938,806.417535046645,786.6236500955,788.8229706456273,3762000
2013-10-23,795.4210205078125,818.8804423108078,793.2216997137816,807.1507314093101,5651000
2013-10-24,799.81982421875,802.7522525385255,788.0901109396482,791.7556463393676,3723000
2013-10-25,774.160888671875,797.6203095407196,772.6946748675722,796.8872026385683,4340000
2013-10-28,778.5595092773438,782.9581505726959,767.5629060389631,777.826402394785,5552000
2013-10-29,773.4278564453125,777.0933913099822,766.0967867159729,775.6271773641142,3593000
2013-10-30,777.8264770507812,785.8906535329288,777.8264770507812,784.4244396270839,2770000
2013-10-31,757.2993774414062,774.1608350223862,752.1676294819775,771.9615144683453,7462000
2013-11-01,706.7149658203125,741.1709859381078,700.1170045211602,733.1068110169217,16022000
2013-11-05,708.914306640625,722.8433364505236,697.9177041591262,720.6440159542237,10383000
2013-11-06,737.5054931640625,750.701416500994,715.5122876025099,716.9785013066135,7959000
2013-11-07,739.7047729492188,752.1675887471738,736.0392388909966,741.1709865725076,6400000
2013-11-08,748.5021362304688,751.4345637965039,725.7758225936965,725.7758225936965,5300000
2013-11-11,752.167724609375,761.6981148822034,751.4346176653113,758.7656871059485,3536000
2013-11-12,771.2283935546875,775.6270345825659,752.900722605194,755.1000431191331,5031000
2013-11-13,771.2283935546875,774.8939277445862,766.0966456888293,769.0290730407482,3487000
2013-11-14,781.4920043945312,792.4886085839477,774.1609349349202,776.3602557728035,6255000
2013-11-15,810.0831909179688,813.0156187583957,798.3534795562606,798.3534795562606,7726000
2013-11-18,799.0864868164062,809.3499829773509,792.4885249986561,807.1506623714342,8403000
2013-11-19,810.8160400390625,813.7484669469795,789.5559449566639,791.7552651376017,5989000
2013-11-20,802.018798828125,810.8160799852891,798.35326501264,809.3498664590951,4654000
2013-11-21,807.1508178710938,812.2825669402106,799.0866407624815,800.5528547822292,4407000
2013-11-22,813.015625,823.2791225202885,808.6169832055906,814.4818389314698,5572000
2013-11-25,825.4784545898438,832.0764173707572,814.481849954988,815.214956930645,4909000
2013-11-26,827.677734375,835.7419107063773,821.0797719220549,821.0797719220549,4498000
2013-11-27,842.3399047851562,847.4716535523416,822.5460166831551,824.0122306166368,5058000
2013-11-28,848.937744140625,861.4005607644511,839.4073549576991,854.8025990224255,4196000
2013-11-29,861.40087890625,863.6002002992021,846.7387362865692,846.7387362865692,4667000
2013-12-02,854.0697021484375,865.7994147959697,846.7386317437299,865.7994147959697,4638000
2013-12-03,859.2012329101562,863.5998740342696,851.8701643699671,861.4005534722129,3587000
2013-12-04,842.3399047851562,848.9378674858233,831.3433002840445,843.8061187186378,4365000
2013-12-05,836.4749755859375,842.3398308047697,829.1439065623973,835.7418686835836,4971000
2013-12-06,845.2721557617188,845.2721557617188,823.278951362021,825.4782718019908,3541000
2013-12-09,859.2012329101562,860.667446618194,853.3363780780049,858.4681260561373,4911000
2013-12-10,865.066162109375,866.5323759434588,858.4681998559985,861.4006275241659,3983000
2013-12-11,865.066162109375,871.6641243627516,854.0695583537474,865.7992690264169,4910000
2013-12-12,854.0697021484375,859.9345584722035,847.4717387842006,854.8028091889082,4102000
2013-12-13,851.8704223632812,859.2014931237225,839.407602070531,847.4717799070164,8130000
2013-12-16,840.8739013671875,854.0698300721651,835.7421513152517,853.3367229218886,6944000
2013-12-17,823.2791748046875,842.3399571242974,815.214997669468,839.4075290751267,8811000
2013-12-18,784.4244995117188,798.3535326806184,773.4278943783769,782.2251784850504,16379000
2013-12-19,795.4210205078125,802.7520898212485,788.0899511943763,796.8872343704996,7263000
2013-12-20,802.7522583007812,806.4177937268122,796.8874016191318,799.0867228747503,5721000
2013-12-24,801.2859497070312,813.748768686921,799.8197357093972,813.748768686921,4855000
2013-12-25,799.0864868164062,804.9513417655176,793.2216318672951,803.4851280282397,2950000
2013-12-26,806.41748046875,810.0830144708807,802.7519464666194,805.6843736683239,2637000
2013-12-27,802.7522583007812,813.0157574936679,795.4211874487194,808.6171149824308,3194000
2013-12-30,819.6134643554688,822.5458917771341,807.150647813391,810.8161820904727,4000000
2014-01-06,810.0831909179688,824.7453301201039,807.8838700376484,813.7487257185026,5081000
2014-01-07,802.7522583007812,807.8840078972246,792.4887591078946,806.4177937268122,5811300
2014-01-08,818.8804321289062,818.8804321289062,799.819652150973,804.9514006065704,5587000
2014-01-09,826.2114868164062,830.6101282723941,818.1473108137616,824.0121660884122,6297000
2014-01-10,824.0120849609375,832.0762601696299,813.7485892407834,831.343153332476,5923800
2014-01-14,802.7522583007812,810.8164362380494,789.5563307670698,791.7556520226884,6909300
2014-01-15,831.34326171875,834.2756894496803,815.2149091986331,818.880443862296,6835500
2014-01-16,863.6000366210938,871.6642135335148,842.3399338519836,843.0730408440219,8338500
2014-01-17,903.9207763671875,912.7180588622452,867.26543263778,869.4647532615445,11523800
2014-01-20,889.2586669921875,898.0559497653995,878.2620635256724,897.322842867632,5625600
2014-01-21,889.9916381835938,900.2551331873584,882.6605703237618,891.4578517555601,3944300
2014-01-22,900.9885864257812,911.2520853761156,881.1946955929935,886.3264450681606,6747800
2014-01-23,870.9308471679688,899.5220113426749,865.7990997519959,899.5220113426749,7536900
2014-01-24,854.0697021484375,864.3332007150282,844.5393106223175,847.4717387842006,6546900
2014-01-27,822.5458984375,848.9377454461899,821.8127915761476,834.2756082191399,7273600
2014-01-28,810.8160400390625,824.7450678516684,802.7518660422907,813.7484669469795,4914100
2014-01-29,828.4108276367188,833.5425761265038,815.2149029487002,822.5459722198217,4013200
2014-01-30,798.3533935546875,813.7486380584969,791.7554316244834,813.7486380584969,4766500
2014-01-31,799.81982421875,817.4143941374026,798.3536100588623,816.6812870574587,5121200
2014-02-03,850.4039916992188,887.0593361690127,828.4107850173424,886.3262292796168,11572000
2014-02-04,817.4143676757812,840.873793474548,807.1508688888208,828.4109735189531,10527600
2014-02-05,824.0120849609375,828.4107259838606,788.0898499403984,821.079657612322,11553200
2014-02-06,844.5391845703125,852.6033608118694,818.8804419835409,824.0121905008953,6291700
2014-02-07,873.863525390625,877.5290603125654,857.0020647496984,857.0020647496984,5541000
2014-02-10,875.3297729492188,880.4615220368607,860.6676326988131,878.2622009992999,4937400
2014-02-12,887.0595703125,890.7251057270146,876.7960711518596,882.6609278150827,3974500
2014-02-13,884.860107421875,889.9918561807425,878.2621447319025,888.5256422496375,3280600
2014-02-14,884.126708984375,900.2550569094631,869.4645745070222,880.4611753650369,6394400
2014-02-17,889.2586669921875,898.0559497653995,871.6641014457633,887.0593462988845,3644100
2014-02-18,925.1808471679688,931.7788088355692,890.7248251260555,897.3227867936558,6848500
2014-02-19,917.8497924804688,923.7146473844973,909.7856169874295,914.9173650284545,4213300
2014-02-20,906.1203002929688,922.2486551525523,902.4547650976089,912.7182636446165,4226400
2014-02-21,920.0492553710938,924.4478972294415,903.9209018904849,913.4512925835719,3562600
2014-02-24,927.380126953125,942.0422633476408,915.6504178375124,928.1132337728508,4029800
2014-02-25,948.6405029296875,955.971573276903,938.3770044435857,945.7080747908012,5773600
2014-02-26,934.7114868164062,961.836447610294,932.5121656709558,956.70469827091,5612900
2014-02-27,944.9750366210938,950.8398933262673,920.049395624106,936.91085865148,5193600
2014-02-28,936.1776733398438,947.1742787432092,929.5797100978245,935.4445663129527,4284300
2014-03-03,910.5188598632812,926.6472132586051,897.3229343580164,926.6472132586051,5575100
2014-03-04,913.4512329101562,916.3836606241535,887.0593834841806,895.1235596976732,4292500
2014-03-05,925.1808471679688,942.7754116149032,924.4477403160131,930.312595131658,4007800
2014-03-06,943.5087280273438,950.8397981751864,922.9817316133845,925.9141596725215,3867500
2014-03-07,950.1065063476562,955.9713613251109,942.0423307536562,950.8396132198382,5096400
2014-03-10,936.9108276367188,956.7047183614382,933.2452923173263,950.8398618504102,3566900
2014-03-11,941.309326171875,946.4410748348058,933.2451497015553,936.9106844607916,3452600
2014-03-12,920.0492553710938,929.5796460641807,911.251971654398,926.6472181586155,4047500
2014-03-13,936.1776733398438,944.241850635645,921.5155328020232,922.9817468558052,3841600
2014-03-14,887.7925415039062,911.9850715366304,880.4614717970202,901.7215739469899,8996700
2014-03-17,876.7958374023438,882.660692502025,867.9985547528219,876.7958374023438,2917900
2014-03-18,870.1978149414062,899.5220884019423,868.7316012683794,896.5896610558887,3759000
2014-03-19,880.4615478515625,895.1236885318549,867.9987282733139,878.2622267495186,4607900
2014-03-20,867.2655029296875,889.9918178838889,859.201326655616,887.0593901478629,4740000
2014-03-24,843.0729370117188,884.8600304114301,834.275654190727,884.1269235096808,8715100
2014-03-25,839.4074096679688,843.8060511160106,818.147309335767,843.0729442080036,8122500
2014-03-26,851.136962890625,851.8700696631406,830.6099732601879,839.4072545303752,8103300
2014-03-27,858.94580078125,864.151532907197,816.5562677556818,840.3539003314394,7536600
2014-03-28,860.4332275390625,872.3320448602595,851.5091145481647,866.382636199661,4644700
2014-03-31,884.9744262695312,889.436482200302,866.3825265579865,877.5376663849133,5233700
2014-04-01,890.1801147460938,898.3605502199509,875.3065957027171,892.4111426026002,5487400
2014-04-02,898.3607788085938,910.2595970709593,896.8734265257981,905.7975402225723,4643500
2014-04-03,886.461669921875,897.616808385657,881.9996145363622,896.8731324880715,4498000
2014-04-04,884.9744262695312,893.8985381310728,881.2560463272223,888.6928062118402,2618400
2014-04-07,861.9205932617188,877.5377912414393,855.2275084132672,876.0504390528945,3461000
2014-04-08,835.1481323242188,853.7400319752477,830.6860764079718,852.2526800031653,4225400
2014-04-09,820.2745361328125,832.1733508001969,817.2998324659663,826.9676193832162,5005900
2014-04-10,829.9424438476562,844.0722883217651,823.2493596230785,835.8918520472811,3574400
2014-04-11,817.2999877929688,821.762044141247,797.2207342257166,803.913818748134,3972900
2014-04-14,813.5816650390625,823.9931305880084,805.4012278220334,808.3759322645894,2995400
2014-04-15,821.0183715820312,829.9424843166186,818.7873433983845,828.4551321941874,2364500
2014-04-16,843.32861328125,853.7400776427469,828.4550927648257,830.6861208422894,4222000
2014-04-17,835.8919067382812,851.5091042841033,835.1482306646707,838.122934959113,2558700
2014-04-18,857.45849609375,858.9458482118658,843.3286509716501,847.7907073259975,3052200
2014-04-21,867.869873046875,876.0503088682251,864.1514931280794,870.8445769819114,4305000
2014-04-22,850.0216064453125,874.562912668143,850.0216064453125,870.1008569912648,2559900
2014-04-23,870.1008911132812,877.5376508663862,861.9204553848658,869.3572151379707,4496200
2014-04-24,850.76513671875,873.8190871018629,845.5594059870793,872.3317354642428,4371900
2014-04-25,851.5090942382812,864.151587340509,851.5090942382812,854.483798497629,2528500
2014-04-28,855.9708251953125,861.1765556700016,830.6858486039653,841.8409853354419,4383400
2014-04-30,873.8193359375,879.0250681515957,867.126251662234,868.6136037234043,6219600
2014-05-01,890.923828125,899.1042639425084,877.5376604236227,879.0250123904424,5817400
2014-05-02,879.0249633789062,887.2053987403004,872.3318799014019,883.4870190305758,4633800
2014-05-07,849.278076171875,872.3320344567508,846.3033718770523,870.8446823093394,5131900
2014-05-08,851.5090942382812,864.8952634053459,847.7907139140966,855.9711506273028,3351300
2014-05-09,858.2019653320312,869.357103529588,851.5088824134972,852.2525582933343,4276300
2014-05-12,873.0755004882812,889.4363701737516,873.0755004882812,884.2306389101929,5719300
2014-05-13,876.0503540039062,885.7181422908765,867.1262417390109,881.2560861584287,4854000
2014-05-14,871.588134765625,873.8191624143425,857.4582929904144,867.8697553510959,3781000
2014-05-15,856.714599609375,858.9456272125244,850.0215167999268,856.714599609375,4299800
2014-05-16,850.0216064453125,850.7652823914589,834.4044115762384,846.3032267145805,4799500
2014-05-19,847.046875,857.458337906058,844.8158472344162,849.2779027655839,2803700
2014-05-20,852.252685546875,858.9457694647824,848.534305592482,855.2273895103895,3199000
2014-05-21,843.32861328125,848.5343454619984,837.3792050746803,840.3539091779651,1943900
2014-05-22,869.3572387695312,875.3066467337367,853.7400428634917,854.4837188590174,3941700
2014-05-23,893.898681640625,902.8227949348742,880.5125116992513,881.2561878071053,6322400
2014-05-26,905.0537719726562,915.4652368926374,899.8480395126655,910.2595044326468,3185600
2014-05-27,911.0031127929688,914.721492845185,907.2847327407526,910.2594367825255,4694700
2014-05-28,919.9273071289062,927.3640678979355,916.2089267443918,918.4399549751005,3872800
2014-05-29,922.9019775390625,925.8766817374157,913.2341888944148,920.6709493902977,2343300
2014-05-30,925.87646484375,934.0568994728916,917.6960302146084,929.5948442206326,5930300
2014-06-02,937.0318603515625,940.750240749783,927.3640713161892,937.0318603515625,3802500
2014-06-03,926.6203002929688,948.9305803963308,925.132948286078,940.7501443584314,4505300
2014-06-04,937.0318603515625,942.2375929090712,928.8514234754774,934.0571560329861,3562700
2014-06-05,928.1076049804688,941.4937723599948,922.9018732217642,941.4937723599948,3570200
2014-06-06,923.6455078125,937.0316745923913,921.4144800158514,930.3385912024456,4111800
2014-06-09,922.9019775390625,936.2881464316517,922.9019775390626,934.0571182828868,1991200
2014-06-10,913.2340087890625,928.851202750439,905.7972497598356,928.851202750439,4323100
2014-06-11,913.2340087890625,914.7213605949079,904.3098979539902,911.7466569832171,2524800
2014-06-12,905.79736328125,914.7214752347599,902.8226592967467,907.2847152735017,4045400
2014-06-13,919.9273071289062,925.1330396672267,902.0790812832363,905.7974616677509,4675500
2014-06-16,910.2594604492188,916.2088686874489,902.8227001514309,914.7215166278913,2822300
2014-06-17,902.0789794921875,912.4904433939935,899.8479515132291,908.0283874360766,3576900
2014-06-18,907.2847290039062,912.490461055568,901.3353209448642,904.3100249743852,3459900
2014-06-19,927.3638916015625,935.5443268923542,911.7466969555057,911.7466969555057,4561400
2014-06-20,928.851318359375,934.8007263232461,921.4145584045361,928.107642363891,4181700
2014-06-23,928.1076049804688,940.7500963944656,923.6455491872935,931.8259848081149,3780200
2014-06-24,908.0282592773438,911.0029628294399,888.6926861887189,905.7972316132716,8138300
2014-06-25,905.0537719726562,913.2342086954986,900.5917155783785,906.5411241040821,3587900
2014-06-26,904.3099365234375,913.2340477391293,902.8225846541555,909.5156680659244,2693000
2014-06-27,890.1801147460938,899.1042261721198,878.2812995113924,899.1042261721198,4299800
2014-06-30,897.61669921875,899.1040508330314,890.9236169544843,898.3603750258907,2128000
2014-07-01,905.79736328125,909.5157432618792,898.3606033199918,899.1042793161176,4166400
2014-07-02,892.4111328125,908.7720035807292,888.6927530924479,902.0789200846355,7156300
2014-07-03,884.9744262695312,892.4111861541492,881.999722315684,887.2054542349166,6513600
2014-07-04,881.2559814453125,896.129500119495,876.7939258430578,895.3858241857859,4913000
2014-07-07,888.69287109375,890.1802231792626,881.9997867089436,886.4618429654812,3068000
2014-07-08,884.2307739257812,895.3859140510014,876.7940138423011,891.6675340092613,5435600
2014-07-09,873.0755004882812,875.3065281726635,866.3824174351342,872.3318245934871,4132500
2014-07-10,866.3824462890625,880.5122887607297,863.4077426108169,873.8192054846768,4242600
2014-07-11,861.9205932617188,865.6389737330809,853.7401562247223,853.7401562247223,4753700
2014-07-14,875.3064575195312,879.0248366933611,867.1260233371057,873.0754300152333,3305500
2014-07-15,878.2814331054688,887.9492219542166,876.7940809748922,881.9998134319102,2393300
2014-07-16,876.0503540039062,878.2813820701302,871.5882978714586,874.5630019597571,2493400
2014-07-17,867.869873046875,880.5123647707798,862.6641411605613,879.0250128032615,3224700
2014-07-18,864.895263671875,864.895263671875,855.2274748260157,857.458503021214,2707400
2014-07-22,866.7543334960938,872.3319032097108,861.9204397442923,866.382495515186,2695400
2014-07-23,863.7797241210938,873.4475126820703,861.9205340132137,871.5883225741902,2476500
2014-07-24,869.7291870117188,871.9602152810946,863.407940248487,868.9855109219268,3604000
2014-07-25,873.4473266601562,880.5122475654534,865.266891927707,874.5628404873084,4115600
2014-07-28,872.70361328125,877.5375063245633,866.3823685323019,866.3823685323019,4297000
2014-07-29,875.678466796875,879.396846698348,873.075600865844,876.0503047870224,2319500
2014-07-30,884.6026611328125,887.949203356518,868.9854640888536,872.7038443374153,4214700
2014-07-31,892.039306640625,897.9887142714086,890.5519547329291,890.5519547329291,6059800
2014-08-01,868.2417602539062,881.6279287203477,866.3825701891227,870.1009503186898,7071300
2014-08-04,848.906005859375,867.497902614946,847.0468161838179,865.6387129393889,6210500
2014-08-05,834.032470703125,851.8806912085864,828.4549017951683,850.765177426995,6131500
2014-08-06,826.5960083007812,836.6356359319648,818.7874090320829,836.6356359319648,4197200
2014-08-07,832.917236328125,832.917236328125,818.7873903547014,828.8270177568708,4528800
2014-08-08,821.761962890625,832.917102658371,817.2999069835266,822.1338008828832,6215300
2014-08-11,844.0721435546875,847.7905230417126,830.3141394526948,837.3790604780424,4753800
2014-08-12,847.4188232421875,851.5090413447167,841.4694150930541,848.1624992608292,2671400
2014-08-13,848.1624755859375,850.7653415785292,840.3538776081626,841.4693916049875,1983900
2014-08-14,846.675048828125,851.8807803536382,844.4440210314764,850.3934284892059,2850700
2014-08-15,839.9822387695312,844.4442958147877,833.2891532016465,843.3287815534736,3270800
2014-08-18,831.8015747070312,842.5848763013557,827.7113568609082,840.3538483852886,4671500
2014-08-19,841.0973510742188,842.584702711839,832.5450791579026,833.6605928861178,5378800
2014-08-20,840.3536987304688,844.4439158481833,838.4945091315075,841.0973745700531,1995200
2014-08-21,848.5340576171875,855.9708153526581,843.3283272023582,846.6748681833199,3537300
2014-08-22,847.046875,855.5991481014048,844.0721713125549,855.2273101404742,2769100
2014-08-25,849.278076171875,854.1119706509619,845.9315338401996,851.8809424298448,2867600
2014-08-26,841.46923828125,850.0215106986026,835.8916693134114,847.7904831114671,2862600
2014-08-27,846.675048828125,851.5089423875302,842.2129932348279,845.5595349298007,4042000
2014-08-28,837.007568359375,840.3541112804032,829.1989682103093,838.8667588710573,5473100
2014-08-29,837.007568359375,839.9822731780667,827.339777698627,832.9173492336739,3627900
2014-09-01,839.9822387695312,843.3287815534736,834.4046674629607,837.0075340726936,2307000
2014-09-02,856.714599609375,861.9203306833903,838.8663787841797,840.3537305196126,5213900
2014-09-03,854.4837036132812,866.0106813382645,852.2526756665102,860.4331114713372,3292800
2014-09-04,862.6642456054688,864.5234357899633,855.2274848674905,856.3429989781872,5103500
2014-09-05,870.4725952148438,879.3967055459656,866.3823779797463,875.3064883108681,6161400
2014-09-08,883.487060546875,883.8588985353207,874.5629488241793,879.3968426739729,5105900
2014-09-09,890.5519409179688,896.1295104853046,887.5772371487229,892.0392928025917,5507700
2014-09-10,889.808349609375,894.2704056876502,884.602617518054,889.4365116028521,4469700
2014-09-11,902.8225708007812,905.0535985704702,892.7829458371812,893.154783798796,5664700
2014-09-12,899.8478393554688,905.4254086076721,895.0139460035592,905.4254086076721,5382100
2014-09-16,899.1043701171875,902.8227504733379,893.8986376185768,901.7072363664928,3642500
2014-09-17,899.47607421875,906.5409958434528,897.2450463372649,902.0789400804827,3903600
2014-09-18,903.5664672851562,909.5158761232478,899.4762487089683,903.938305337537,3680600
2014-09-19,925.87646484375,929.5948442206326,908.0282438347139,909.5155955854668,7002200
2014-09-22,926.6203002929688,945.9558763825491,915.8369982430105,936.6599263394817,5536100
2014-09-24,915.4649047851562,918.8114458668241,905.7971194381156,914.3493910912669,3525200
2014-09-25,909.143798828125,930.338562236388,905.7972572373467,929.5948863273262,7304700
2014-09-26,890.6669311523438,899.7168915027486,877.8461539892702,889.91276778981,7170000
2014-09-29,894.0606079101562,901.9793226997443,891.4210363136269,900.4709960731561,5376700
2014-09-30,888.404541015625,893.6836851472968,876.7150075812089,893.6836851472968,4160800
2014-10-01,880.4859008789062,891.4212718105929,878.977573853846,889.1587812730025,3026100
2014-10-02,862.762939453125,871.435818652173,858.2379590014477,871.0587369478666,5382700
2014-10-03,865.779296875,868.795949477352,855.9751759173563,858.2376653691202,3012400
2014-10-06,863.51708984375,873.6982957065367,863.51708984375,871.0587238161845,3467200
2014-10-07,867.2879638671875,880.8629059103262,861.6317380158798,865.0254735266644,4478000
2014-10-08,856.7295532226562,862.7628599354919,854.0899815357906,856.7295532226562,3561500
2014-10-09,848.4336547851562,860.5002667643229,846.5482466634114,857.4836137695312,4242300
2014-10-10,839.7608642578125,839.7608642578125,830.3338226743167,835.9900476244142,5202300
2014-10-14,816.0047607421875,823.9234760728649,811.479780553229,821.2839042959724,5370800
2014-10-15,822.0380249023438,823.5463515535407,808.4630850415712,821.2838615767453,3246700
2014-10-16,796.3965454101562,802.052770874717,788.1007480621338,799.4131989912553,5698400
2014-10-17,784.7069702148438,797.1506655618356,778.2965817027572,795.2652571759277,5683600
2014-10-20,804.3153076171875,809.2173699702224,793.0028560332609,807.3319613729012,5439300
2014-10-21,794.8880615234375,817.1358772871391,789.6089187998474,806.5775918399587,4302200
2014-10-22,815.6275634765625,820.5296246532594,803.5609513493087,803.5609513493087,4792000
2014-10-23,813.3650512695312,816.0046225995668,801.298439475083,806.5775821351541,2497300
2014-10-24,818.2671508789062,827.6941917876494,814.4963345154089,824.3004570605018,3224700
2014-10-27,824.677490234375,840.1378364161809,824.3004086201846,825.0545718485654,4660100
2014-10-28,825.0545654296875,832.5961976548217,801.6755055317713,808.4629745343922,7112500
2014-10-29,834.1046752929688,842.7775539239535,830.7109401764965,833.7275936133608,4606800
2014-10-30,841.2691650390625,848.05663477044,828.8254705315371,832.2192053972259,4647200
2014-10-31,865.779296875,880.8625598867596,845.4168918091245,848.4335444114765,7973400
2014-11-04,898.585693359375,931.3918013418615,896.7002848546343,910.2752260887668,11574400
2014-11-05,904.9960327148438,906.1272777557373,896.3231540679932,897.0773174285888,4581500
2014-11-06,897.0772705078125,914.0459452336854,894.060617223213,907.6355570039112,5062500
2014-11-07,902.3562622070312,905.7499965822353,896.322956651113,898.5854462345824,4090500
2014-11-10,911.4064331054688,912.1605964758497,894.8148389570862,898.2085741238008,3990900
2014-11-11,910.2750854492188,915.5542284468529,905.7501057369608,910.6521670919069,3098400
2014-11-12,913.2916259765625,928.7519714204267,910.6520548032199,923.4728290737414,5202000
2014-11-13,919.7020874023438,920.8333322822974,898.5855163098751,906.5042304695509,4056900
2014-11-14,928.7523193359375,937.4251992972556,921.9648480618624,930.260646285732,5384900
2014-11-17,909.5211791992188,925.3586126678618,904.6191164589244,921.5877951753278,4268500
2014-11-18,938.556396484375,941.5730502296041,923.8502094763836,926.8668632216126,6165100
2014-11-19,943.081298828125,954.3937494338202,940.4417270201294,942.7042171412685,4254300
2014-11-20,941.1959228515625,954.0167006468162,937.8021875528189,951.3771287477933,4077200
2014-11-21,942.3270263671875,945.3436795128207,924.6041891365921,936.293720075921,3773400
2014-11-25,949.4915161132812,952.8852506823915,944.212373450221,948.3602712569112,4038700
2014-11-26,948.7372436523438,953.262222556886,946.8518357754511,949.1143252277222,3017600
2014-11-27,947.2291259765625,953.6395141698753,941.1958194416799,947.9832892934228,3787100
2014-11-28,969.476806640625,970.6080514558415,945.3435839160041,947.2289919413652,6545900
2014-12-01,964.9518432617188,973.2476387098461,953.6393949233634,966.8372513181114,3987100
2014-12-02,965.3291625976562,968.7228979349137,953.6396297693253,956.2792016983033,3021000
2014-12-03,965.7061157226562,976.641483686716,964.1977891069239,970.2310955698534,3775400
2014-12-04,975.8872680664062,975.8872680664062,966.4602272234155,967.5914721245745,4019100
2014-12-05,982.2977905273438,986.4456890669986,966.837441424994,975.5103201897268,4071500
2014-12-08,984.1831665039062,995.4956166936063,976.2644513711161,987.1998198878263,2878400
2014-12-09,979.2809448242188,986.4454954409536,976.6413735443691,980.035108047033,2251200
2014-12-10,954.3934936523438,970.9850834274141,946.4747803506057,969.0996754984288,4760200
2014-12-11,945.720947265625,948.7376010049094,933.6543323084879,935.1626591781301,3260400
2014-12-12,949.114501953125,964.9519310679567,940.0645424589355,940.0645424589355,5827500
2014-12-15,934.785400390625,947.9832580000126,924.98127759508,930.6375022848175,3600900
2014-12-16,929.5062866210938,944.5895529354319,925.3583883846508,929.5062866210938,4976000
2014-12-17,921.2103881835938,929.8832653543767,917.8166536385048,929.1291021221347,4955800
2014-12-18,929.129150390625,950.9998852618329,928.374987119204,942.7040892762024,3697100
2014-12-19,937.802001953125,949.8686139605637,934.7853489512654,945.7207160830067,3913800
2014-12-22,936.6709594726562,947.6063289673048,934.031387525672,941.9501033666245,2534800
2014-12-24,938.17919921875,945.7208326529843,934.4083825016329,945.3437509812726,3750000
2014-12-25,939.310302734375,942.3269556536344,935.1624049703935,940.4415475790972,2309900
2014-12-26,938.933349609375,945.7208196065511,930.2604712796498,939.3104312758848,2713100
2014-12-29,935.1625366210938,947.9833133328345,926.8667399252615,946.474986660865,2588800
2014-12-30,926.86669921875,940.8187203217174,926.86669921875,936.6708221559703,2610600
2015-01-05,924.6041870117188,933.2770647854828,909.8980029605535,924.2271053693811,3245400
2015-01-06,897.4544067382812,908.0126938763788,895.9460800042674,904.9960404083508,4554500
2015-01-07,889.1585693359375,892.929385999788,882.3710993410067,888.0273243367824,3902200
2015-01-08,892.5523681640625,903.864818964621,888.7815512305431,902.3564921912132,3295200
2015-01-09,895.9461059570312,908.3898018731012,891.7982073183414,898.2085961235895,3801000
2015-01-13,886.14208984375,891.4212342087767,871.8129837101064,889.1587437666224,4452700
2015-01-14,862.762939453125,882.3711880770596,860.5004492272864,875.9607991038501,6183800
2015-01-15,871.0584716796875,874.0751243954613,862.7626767113096,864.2710030691965,5312200
2015-01-16,874.0751342773438,874.8292974648134,848.0565043096402,857.8606257467459,5292400
2015-01-19,872.5671997070312,880.1088349681119,869.173463839545,878.6005079158957,3045800
2015-01-20,892.175048828125,894.0604567926815,872.943887589649,874.8292955542055,3337000
2015-01-21,866.5335693359375,881.9939158732627,853.7127941586433,878.6001812675083,7737000
2015-01-22,866.9107055664062,871.4356853257785,859.7461542807334,866.1565422731775,4306200
2015-01-23,889.9126586914062,900.4709444724908,877.0918831000895,878.977291275283,6129800
2015-01-26,887.6502075195312,888.4043708224366,872.5669414614254,875.9606763244992,3215900
2015-01-27,897.8314208984375,910.2751155181975,897.4543392432932,902.3564007601684,3925500
2015-01-28,887.273193359375,893.6835819216824,883.5023765580177,888.7815200799179,3858500
2015-01-29,876.7149658203125,886.1420084635416,871.4358219401041,878.6003743489583,4138200
2015-01-30,872.5671997070312,887.6504702291926,871.8130361809232,880.485916731166,4722800
2015-02-02,844.285888671875,853.3358490685365,824.6776411457753,829.5797030273002,9670200
2015-02-03,846.1712036132812,849.9420200286702,837.1212442163478,848.8107751040535,6189400
2015-02-04,839.7608642578125,846.1712525345897,829.9567410109769,837.1212926144337,9735500
2015-02-05,834.8588256835938,844.6629492011066,829.9567639248373,844.6629492011066,6111000
2015-02-06,835.9901733398438,843.9088894607895,832.5964378594384,842.4005625806094,4997200
2015-02-09,838.6295776367188,842.0233124383062,832.5962713227855,839.7608225705812,4929200
2015-02-10,840.1380615234375,848.8109409736346,836.367244371178,839.3838980929856,5437300
2015-02-12,853.3357543945312,857.4836524494759,845.4170399260005,857.4836524494759,8048000
2015-02-13,867.2879638671875,870.6816993779722,855.2213487177311,857.4838390582541,6434500
2015-02-16,880.4859008789062,884.6338001978219,871.0588569722798,871.4359387285449,5782500
2015-02-17,889.5355834960938,897.454297889234,881.2397874651848,881.6168691029534,4422200
2015-02-18,889.5355834960938,898.5855428025397,888.404338582788,897.454297889234,4046800
2015-02-19,900.4710083007812,904.6189065802238,883.8794151830115,889.1585584477564,4873200
2015-02-20,924.9811401367188,929.1290376261211,904.9958158695985,904.9958158695985,6718600
2015-02-23,924.9811401367188,933.6540167054691,920.0790794674251,927.9977928562841,4326400
2015-02-24,922.718994140625,926.11272971368,914.8002778034966,924.9814845226616,5133900
2015-02-25,908.0125122070312,918.1937156246349,898.2083903974868,916.308307584338,5702100
2015-02-26,900.4710083007812,901.9793349478513,891.7981300801289,898.5855999919438,4767500
2015-02-27,896.3231201171875,908.0126517636463,884.2565068047138,898.5856101132763,7513700
2015-03-02,891.7979736328125,900.4708503319899,890.2896472503468,899.3396055451407,4860200
2015-03-03,893.6837158203125,895.5691245034777,883.5025089312203,894.4378792935786,6758000
2015-03-04,898.20849609375,901.2251493132085,875.2065152953794,889.9126997402393,5802800
2015-03-05,923.472900390625,926.1124717678134,897.0771866187412,898.208431494679,7976300
2015-03-06,936.6709594726562,940.8188582464884,921.2106094974635,923.8501814444476,6386400
2015-03-09,938.933349609375,939.6875129423945,927.6208996140813,935.162532944277,5505300
2015-03-10,932.5230102539062,947.6062777064562,921.9647230371212,942.7042157843775,5725600
2015-03-11,917.8169555664062,927.6210808107476,915.5544651254045,922.7190181885769,5792600
2015-03-12,918.9481201171875,920.833528652512,906.1273420769805,914.0460579253436,5702300
2015-03-13,931.3916625976562,935.5395606901965,914.8000702274957,922.7187847677995,7239100
2015-03-16,927.9979248046875,929.8833330224946,921.5875368641432,927.6208431611261,3539600
2015-03-17,942.3270263671875,948.7374143016582,928.7520872118379,932.1458220006753,4581900
2015-03-18,955.5250244140625,959.6729230993643,951.000044030097,951.000044030097,5600200
2015-03-19,977.0186767578125,983.8061473026371,957.410428517208,959.2958370018815,9156900
2015-03-20,988.3311157226562,989.0852791074121,961.9353972561984,974.3790931046714,6385300
2015-03-23,987.5770874023438,994.7416405373742,980.4125342673134,994.7416405373742,3820700
2015-03-24,974.379150390625,979.2812126797419,960.0500452378217,976.6416406779097,9574000
2015-03-25,1020.3829956054688,1023.7767306241122,981.9206653941762,982.6748287316525,9428700
2015-03-26,1003.7914428710938,1023.0226087563025,1001.5289527669515,1020.3830369681366,6849100
2015-03-27,996.9158935546875,1007.6107767039332,980.1096486058728,1001.4994149043642,9397300
2015-03-30,1000.3536987304688,1006.8470217081007,993.0964554025272,1000.7356589056236,5318600
2015-03-31,999.2078247070312,1014.8681919902837,999.2078247070314,1006.0831079045568,5944100
2015-04-01,981.637451171875,996.5338949834327,979.3456905854815,988.5127329310554,8137400
2015-04-02,995.3883666992188,1004.5554122866253,993.0966053023672,997.6801280960703,4938700
2015-04-03,1002.6456298828125,1004.5554310825893,989.6589817243304,996.1523058035715,3584900
2015-04-06,1000.7357177734375,1002.2635585639313,986.6031904613698,993.0965138209684,1776700
2015-04-07,1010.2847900390625,1013.7224320467568,993.4785402236679,1001.499704908288,3335700
2015-04-08,1013.3404541015625,1022.5074992950935,1010.2847723703856,1013.7224143179596,3621700
2015-04-09,1010.2847900390625,1015.2502729390654,1003.0275458005966,1006.0832275852139,3487700
2015-04-10,1007.228759765625,1009.9024804020904,1001.1173983108469,1008.3746400383959,4988900
2015-04-13,1025.563232421875,1028.236954070647,1005.3193399383147,1005.7013001738536,3344500
2015-04-14,1034.7301025390625,1039.6955847587037,1021.7434567338472,1025.181098270522,2233000
2015-04-15,1016.3961181640625,1037.4039297007116,1010.2847548079463,1034.3482480226535,4148500
2015-04-16,1019.833740234375,1019.833740234375,995.3882872849368,998.4439689036166,4894900
2015-04-17,1021.7432861328125,1022.8891664537091,1009.1386026029498,1022.8891664537091,3286400
2015-04-20,1016.3961181640625,1022.8894417299358,1004.5553516615875,1021.743561100664,2230000
2015-04-21,1017.923828125,1019.0697086069418,1010.6665850727017,1018.6877484462946,3184000
2015-04-22,1012.9588012695312,1033.2026988816297,1009.1391979464938,1019.8340872509987,4606500
2015-04-23,1016.0140991210938,1037.7858298165459,1010.2846963065011,1012.1944972446987,4449700
2015-04-24,1038.5499267578125,1053.8283368609066,1017.5421128660583,1022.8895564021412,5233000
2015-04-27,1045.425048828125,1050.3905313399137,1030.528601292759,1046.5709294077685,3835700
2015-04-28,1049.24462890625,1051.9183502030626,1035.11210205167,1043.5152261273663,3012700
2015-04-30,954.900390625,975.5262390625,953.37255,957.956071875,18849400
2015-05-01,961.393798828125,965.9773211109766,951.4628338819466,957.5741969257488,6476600
2015-05-07,960.6298217773438,972.4705869761898,951.080817584726,954.5184590940685,6033900
2015-05-08,959.1019287109375,971.3246534097627,957.1921279767461,963.685450472997,5512300
2015-05-11,974.3807373046875,989.6591494929226,971.3250548670405,978.9642609611581,5826600
2015-05-12,956.0462036132812,967.1230473626961,949.1709212860584,966.3591271041157,5821300
2015-05-13,959.1019287109375,962.9215301793204,947.6431243057889,949.1709648931421,5952800
2015-05-14,961.776123046875,965.5957263949564,948.7894716633986,948.7894716633986,3487900
2015-05-15,959.48388671875,971.7066113903264,957.1921258428295,967.1230896384852,2616300
2015-05-18,979.3460083007812,981.6377696306583,961.7758381050575,962.1577983267036,3483500
2015-05-19,989.2770385742188,992.3327205466488,978.5821516707138,980.1099926569287,3704000
2015-05-20,980.110107421875,992.3328367428024,980.110107421875,992.3328367428024,3679000
2015-05-21,982.7835083007812,992.3325124622735,979.345866802644,980.8737074684827,2874700
2015-05-22,981.637451171875,982.7833314650718,972.4704088263011,980.8735309764105,3470200
2015-05-25,979.727783203125,985.457185444079,976.2901418585527,982.7834643983005,2331500
2015-05-26,990.0407104492188,993.0963916543088,976.2901450263129,979.3458262314031,3425500
2015-05-27,980.110107421875,992.3328367428024,980.110107421875,990.4230352864075,5348700
2015-05-28,994.2425537109375,1005.701361475566,991.18687164037,993.0966729344747,5260100
2015-05-29,993.0963745117188,995.7700955200195,980.8736499023437,991.5685339355468,4039800
2015-06-01,991.9505615234375,992.7144818634632,978.5819555729868,985.0752784632057,3310400
2015-06-02,991.56884765625,1004.5554966625338,988.8951258020152,1004.5554966625338,2553800
2015-06-03,989.2770385742188,994.6244820259714,983.5476348759125,987.7491975880038,2401000
2015-06-04,999.9716186523438,1004.5551402046082,989.2767350303936,990.0406552891044,3295900
2015-06-05,995.0062255859375,1003.0273890167646,989.2768231353466,1002.2634686900192,2883500
2015-06-08,1004.5555419921875,1015.6323901738505,1002.2637802994298,1007.2292639670717,5529800
2015-06-09,966.7412719726562,996.9161279528379,965.2134311635331,996.9161279528379,4816300
2015-06-10,954.900390625,969.03291640625,954.900390625,968.65095625,3994700
2015-06-11,956.810302734375,963.3036261461451,953.3726609281437,960.6299047412986,3280700
2015-06-12,957.192138671875,957.192138671875,945.351373987586,948.4070551964348,5720500
2015-06-15,948.407470703125,952.2270738875919,940.3863040157446,948.0255103846783,3757900
2015-06-16,943.0597534179688,951.0809177848287,938.4762309226202,940.7679921702944,4680600
2015-06-17,936.56640625,942.67776942292,931.9828838703099,941.913849026305,3538900
2015-06-18,941.531982421875,947.643346202301,920.9061296629374,935.0386584051724,6601500
2015-06-19,952.9906616210938,952.9906616210938,939.6220551454471,949.5530199559275,4903700
2015-06-22,967.123291015625,969.033092143223,952.9907626713998,953.3727228969194,4029000
2015-06-23,974.762451171875,983.5475359590824,972.0887297148989,973.9985307555961,4802000
2015-06-24,971.32470703125,981.6376315652035,967.1231451840837,977.8180298859614,4244300
2015-06-25,980.110107421875,985.0755912085018,966.3595369358316,967.1234575183895,4064900
2015-06-26,972.4705200195312,979.7277627062441,965.2132773328183,979.3458025648382,3408400
2015-06-29,959.1019287109375,964.4493707666735,943.4415626905678,948.0250844526272,5566900
2015-06-30,970.1787109375,973.2343919168308,956.0461864080955,956.0461864080955,4720500
2015-07-01,961.393798828125,972.852604535254,961.0118386378874,965.595360920739,6191800
2015-07-02,963.303466796875,972.4705100970832,962.5395465218577,967.5050283094705,4832800
2015-07-03,970.1787109375,972.8524317944144,965.2132293460876,969.032830570251,2812700
2015-07-06,948.7890625,955.2823853915056,936.1843768870773,943.44162011876,7954300
2015-07-07,949.9349975585938,957.1922412070109,946.4973558303961,950.6989179426376,5298700
2015-07-08,921.6699829101562,952.2267995835141,921.6699829101562,948.0252372909273,7419000
2015-07-09,920.14208984375,920.14208984375,891.4950758386519,908.3013240549761,6616300
2015-07-10,923.961669921875,935.8024354314155,914.0307053009702,923.961669921875,4631800
2015-07-13,939.2401123046875,942.6777540333342,928.5452269266756,937.3303113443283,3861600
2015-07-14,943.4413452148438,957.5738673901269,940.0037046857209,953.3723067434211,3900400
2015-07-15,956.810302734375,958.7201037378368,944.2056161115269,947.2612977170659,3602000
2015-07-16,955.6643676757812,965.5953323278877,952.2267260654368,961.3937703596888,2714400
2015-07-17,959.1019287109375,965.5952512071884,948.7890047463038,951.8446859210101,3419600
2015-07-21,961.776123046875,973.6168934259271,959.1024007032181,970.1792504126539,2088100
2015-07-22,942.2957153320312,944.5874762935198,933.8925918065734,940.0039543705427,3754600
2015-07-23,935.4204711914062,942.2957543606367,928.5451880221758,941.5318340084999,2594200
2015-07-24,921.2882080078125,935.0387782765858,918.6144860111066,931.2191754241487,3722300
2015-07-27,925.1073608398438,931.9826426297352,920.5238396465827,927.3991214364743,5424900
2015-07-28,924.343505859375,931.2187881343622,918.2321438371642,922.051745101046,3740400
2015-07-29,918.9961547851562,926.6353580668284,912.502831995735,924.3435970823268,3345800
2015-07-30,915.9404296875,927.3992340622394,909.8290673543057,911.3569079376043,4267800
2015-07-31,934.6565551757812,938.8581171320271,923.5797100184058,923.9616701962464,4021300
2015-08-03,929.30908203125,933.8926040141415,923.5796795526356,933.5106438489005,2669200
2015-08-04,935.038330078125,949.9347740622128,925.8712876263787,931.6006891587201,4889700
2015-08-05,941.531982421875,947.2613859660244,925.1076922619802,928.9272946247465,3102300
2015-08-06,952.226806640625,957.5742495980935,943.8236819931747,943.8236819931747,3454900
2015-08-07,907.9193725585938,915.9405365567976,891.4950843717954,904.4817308450779,18612200
2015-08-10,896.0787963867188,910.2113264235084,893.7870347591312,902.9540812694812,8775700
2015-08-11,887.6754760742188,909.8291669573103,887.6754760742188,904.8636845179967,7440300
2015-08-12,889.9671020507812,893.7867033471366,880.0361386802575,891.8769026989589,5291800
2015-08-13,889.58544921875,896.0787736656022,885.7658466029545,889.2034889571704,5109100
2015-08-14,880.8003540039062,895.6968040499394,876.9807514280003,890.7313207012617,4745600
2015-08-17,878.5084838867188,889.5853299878992,876.9806430451766,883.0920064113451,4099200
2015-08-18,889.58544921875,902.9540583740338,885.0019260797955,885.383886341375,4251900
2015-08-19,885.3837280273438,894.9327328593902,882.3280464810889,884.61980764078,4112600
2015-08-20,870.869140625,891.4949886924343,870.869140625,885.0016661526864,4206200
2015-08-21,858.2643432617188,864.7576649508372,854.0627821687598,856.3545427649192,7146100
2015-08-24,857.1185913085938,862.4660335003585,839.166463950526,845.6597866119548,13253300
2015-08-25,875.8345947265625,892.2588806285434,833.8189796284718,834.2009397657272,16261200
2015-08-26,884.6196899414062,893.0228130755647,834.5829112789174,860.938161108778,15961800
2015-08-27,884.2377319335938,902.1898586726343,875.8346087791492,890.731054371119,11737600
2015-08-28,899.1341552734375,903.7176768806088,881.1820289786832,888.4392715233712,7168400
2015-08-31,905.6275634765625,908.6832448379342,888.8213159890176,893.0228778609038,6613000
2015-09-01,881.1821899414062,906.7735235894662,881.1821899414062,899.1343195154184,6667700
2015-09-02,868.195556640625,880.0363231412231,855.5908697206336,865.9037953824447,9787500
2015-09-03,872.7789916992188,883.8558366704561,865.5217484422012,871.6331111849528,5110400
2015-09-04,865.9039306640625,878.5086195533056,856.7368841991585,872.7792155127405,4478800
2015-09-07,946.497314453125,951.8447569076624,881.5640846480276,881.5640846480276,14957000
2015-09-08,933.8926391601562,963.303572990558,928.9271568251535,936.1844002378499,7918100
2015-09-09,967.123291015625,972.0887739473798,946.8793990630862,963.303688760429,6727400
2015-09-10,959.865966796875,962.1577279591437,940.7679571113025,946.8793202106857,4370800
2015-09-11,959.1019287109375,970.9426932629244,953.7544866552015,964.8313309135118,5390000
2015-09-14,959.865966796875,967.505170671104,949.5530415666658,962.5396881528552,3666400
2015-09-15,956.4281616210938,965.977164832167,949.1709191806781,962.1575635477377,4742100
2015-09-16,977.05419921875,983.1655624664045,961.3938308966356,967.50519414429,3752000
2015-09-17,981.637451171875,990.4225334197167,977.053929999088,980.4915708786783,2587800
2015-09-18,959.865966796875,969.4149716396613,952.9906833100689,969.4149716396613,4224700
2015-09-24,948.7890625,965.2133498138083,946.4973014794685,956.4282659017713,5272300
2015-09-25,951.8449096679688,960.6299951103297,930.4551364170032,957.9562734539589,4659600
2015-09-28,950.2952270507812,957.2684492631391,941.7723999023438,948.3582208806818,3049600
2015-09-29,916.2040405273438,932.8622958096591,907.6812122433685,931.3126906671182,4774600
2015-09-30,933.2495727539062,935.1865789240056,900.7078690962358,916.978720925071,4980800
2015-10-01,946.0336303710938,951.8446477566656,926.6635724191877,943.321822257827,4003400
2015-10-02,963.8541870117188,971.9896122236344,928.2132765595169,938.673108974837,3813100
2015-10-05,964.2416381835938,971.2148601551906,951.0699966816885,968.890452831325,2656400
2015-10-06,980.8999633789062,1000.2700258468942,972.3771358929916,977.0259508853087,4350700
2015-10-07,996.3958129882812,997.9454176741107,965.0163181002367,975.8635509010422,4161700
2015-10-08,1014.2162475585938,1028.1626894654346,985.1611602526754,996.3957940109639,5088200
2015-10-09,1025.4510498046875,1034.361278042507,1016.9282227945995,1025.8384510324188,3936700
2015-10-13,1034.361328125,1049.0825754915732,1027.775506934691,1029.7125131671348,3988800
2015-10-14,1001.4321899414062,1027.0006713867188,996.7833751331676,1023.1266590465199,4192500
2015-10-15,1010.729736328125,1016.9281555620269,982.0620473713287,990.197472615825,4388900
2015-10-16,1029.7125244140625,1033.1991356705437,1007.243251872296,1015.7660793881385,3059000
2015-10-19,1022.3519897460938,1033.9740282805321,1010.7299512116554,1022.3519897460938,2427900
2015-10-20,1027.7755126953125,1036.6857414144954,1022.7392964627309,1031.6495251819138,2827500
2015-10-21,1043.658935546875,1045.98334297571,1024.2888736399175,1028.162886021309,2568000
2015-10-22,1044.046142578125,1049.4697589032062,1027.3878924368043,1036.2981192565805,3218100
2015-10-23,1063.02880859375,1068.4524249641263,1046.3705583133085,1054.1185816995603,4622700
2015-10-26,1052.95654296875,1069.6147958560407,1046.758123289758,1067.2903884764187,4007500
2015-10-27,1039.3973388671875,1061.0918043821196,1030.487111959269,1055.280786833477,4027500
2015-10-28,1047.9202880859375,1064.5785403549562,1041.7218686370004,1049.8572941637303,3075700
2015-10-29,1045.595947265625,1056.8305832310577,1033.9739100600048,1046.758150986187,6391700
2015-10-30,1014.2162475585938,1039.0099220596442,1005.6934219488577,1038.2351197314865,6103100
2015-11-02,986.3234252929688,992.521844305022,932.0872589375031,932.0872589375031,7374800
2015-11-04,992.52197265625,1004.1440098067916,986.3235528426278,990.9723677028444,5797800
2015-11-05,1014.2162475585938,1024.2886778246454,997.9453986672795,997.9453986672795,3313800
2015-11-06,1032.036865234375,1037.4604823940151,1014.9912113040775,1015.7660137554547,2721200
2015-11-09,1051.4071044921875,1055.2811174048338,1034.361447676544,1034.361447676544,2536100
2015-11-10,1055.28076171875,1056.8303663615088,1044.4335292194382,1046.7579361835765,1906200
2015-11-11,1031.2620849609375,1044.4337269176135,1016.5408380681818,1034.3612948330965,4199700
2015-11-12,1022.7391357421875,1026.613147619999,1008.0178906065046,1021.189530991063,3158600
2015-11-13,1020.414794921875,1030.4872264586893,1008.7927585332432,1008.7927585332432,2878100
2015-11-16,1004.918701171875,1014.2163298642902,995.6210724794597,1002.5942939987711,3473100
2015-11-17,1002.5941772460938,1018.8650255630705,1000.2697703436684,1010.3422002541779,3425400
2015-11-18,1014.9912109375,1026.61324770396,1007.2431864265268,1008.017988877624,2801600
2015-11-19,1012.6668701171875,1021.9645001412168,1004.1440425951607,1021.9645001412168,3565100
2015-11-20,1014.9912109375,1018.8652231929866,1006.4683839754294,1012.6668035842081,2196800
2015-11-24,1011.116943359375,1011.116943359375,995.620898250419,999.494909527658,3090500
2015-11-25,1004.918701171875,1015.7659346463594,1002.5942939987711,1004.9187011718749,2636400
2015-11-26,1001.8193969726562,1026.613071143673,999.4949900191233,1007.2430131975661,3579800
2015-11-27,1011.116943359375,1019.6397681693007,1006.4681298266881,1007.242932082136,2005000
2015-11-30,977.800537109375,1006.4682232211395,977.02573478203,1002.5942115844147,5160100
2015-12-01,989.422607421875,1001.8194451029634,980.8997815161266,984.7737932914667,3948500
2015-12-02,994.07177734375,1000.2701984027913,988.6481589170888,991.7473694466095,2109900
2015-12-03,1007.2430419921875,1010.3422513521634,994.0714022122896,994.0714022122896,2375800
2015-12-04,984.7737426757812,986.3233473062703,977.8005218385806,979.3501264690697,3230900
2015-12-07,994.07177734375,1001.8198036675516,990.9725668142294,993.2969747113698,1946600
2015-12-08,974.7013549804688,990.1974019594904,973.9265526315177,989.4225996105394,2784000
2015-12-09,962.3046264648438,973.9266630163515,955.331404533939,970.8274532692827,3663700
2015-12-10,959.980224609375,963.854236815224,949.9077928741677,953.7818050800167,2785300
2015-12-11,955.3313598632812,959.9801742665089,933.6368926482189,934.4116950487569,6052100
2015-12-14,944.4840087890625,946.8084157015869,932.087171922266,932.087171922266,2510500
2015-12-15,930.5377807617188,943.7094229540162,929.762978279819,939.0606080626171,2555700
2015-12-16,947.5833129882812,955.3313368066645,940.6100915517362,940.6100915517362,2825700
2015-12-17,959.980224609375,969.2778539034126,955.3314099623562,964.6290392563939,3131300
2015-12-18,942.1598510742188,968.5031363838598,936.7362335104692,959.9803087836818,4130800
2015-12-21,928.9879760742188,940.6100108040881,916.5911390290249,933.6367899661665,3604600
2015-12-22,930.5377807617188,935.1865956531179,928.2133733160192,930.5377807617188,1601000
2015-12-24,942.9347534179688,949.1331741470926,938.2859378711258,939.8355430534068,2428000
2015-12-25,942.9347534179688,942.9347534179688,942.9347534179688,942.9347534179688,0
2015-12-28,956.880615234375,961.5294279399671,933.6365517064145,937.5105622944079,1699900
2015-12-29,967.7284545898438,973.9268754358956,954.5568102919835,954.5568102919835,2056200
2015-12-30,969.27783203125,987.0982877760291,967.7282271838778,971.6022393023081,3117500
2016-01-04,947.5833129882812,965.4037677705628,942.1596963154128,952.2321272793112,2731300
2016-01-05,943.7092895507812,956.8809298811288,940.6100800612878,945.2588942955281,2155700
2016-01-06,926.6636352539062,950.6825087429289,919.6904139183836,943.7092874074062,3252200
2016-01-07,888.6983032226562,915.0415833530575,886.3738961523267,914.266780996281,4952600
2016-01-08,889.4732666015625,903.419711548277,869.3284016785307,870.87800667261,5484600
2016-01-12,863.9048461914062,885.5993176652712,863.9048461914062,874.7520819283387,4624000
2016-01-13,882.4998779296875,891.0227037920463,873.9770520673288,873.9770520673288,2351900
2016-01-14,880.9501953125,882.4997998776935,861.5801382475813,864.6793473779683,5043900
2016-01-15,880.175537109375,901.0952021639113,873.9771178339569,895.6715852979204,2917400
2016-01-18,874.7518920898438,879.4007063967872,858.481042015542,866.2290658604476,3758700
2016-01-19,881.72509765625,887.1487142499176,861.5802360226274,867.778654986819,3697400
2016-01-20,854.6071166992188,880.9504004415337,853.0575117732002,878.6259930525059,4334700
2016-01-21,838.3361206054688,870.8778184478252,838.3361206054688,854.606969526647,4211900
2016-01-22,877.0762939453125,877.8510963251229,857.7062344500538,864.679455868347,3921300
2016-01-25,870.8779296875,883.2747685442615,863.129905402024,882.499966115714,3320800
2016-01-26,858.481201171875,863.9048188688092,846.8591632498731,860.8056087562753,2726600
2016-01-27,885.59912109375,887.9235282357283,872.4274806225394,873.2022830031989,2936000
2016-01-28,877.0762939453125,887.9235272626573,870.1030725270193,885.5991201232263,2705000
2016-01-29,894.1220703125,899.5456877234077,852.2827359997833,873.2024031561417,5493400
2016-02-01,909.617919921875,914.2667338226682,892.5722689522997,903.419501387484,4244300
2016-02-02,941.3850708007812,968.5031592600631,914.2669823414996,968.5031592600631,8066000
2016-02-03,889.4732666015625,921.2401689801898,887.1488591104435,919.6905639861104,5469100
2016-02-04,915.0418090820312,921.2402294653134,872.4276689469663,879.4008918781587,5325500
2016-02-05,925.8888549804688,929.7628669259938,888.698340303429,900.3203761400039,5846900
2016-02-08,928.9879760742188,933.6367899661665,906.5187089298048,922.0147552362972,3217600
2016-02-09,880.175537109375,902.6448069827658,877.076327471666,895.6715852979204,3568300
2016-02-10,853.057373046875,877.0762454941531,841.4353379917405,874.7518384831262,5710000
2016-02-12,810.4432983398438,841.4353938786522,806.5692863974926,833.6873699939501,7527300
2016-02-15,882.4998779296875,891.7975061431698,833.6873298089059,847.6337721291292,6654800
2016-02-16,892.5723266601562,904.1943621635437,870.8778603871663,877.0762793223063,5172200
2016-02-17,891.0228271484375,901.8700615658968,880.9503951893682,883.274802564538,3767600
2016-02-18,904.1947021484375,921.2403606293849,900.320688857313,910.3931234142365,4208500
2016-02-19,887.9234008789062,901.0950394608795,875.5265645664607,894.121819035129,3565800
2016-02-22,878.6259155273438,885.599137079148,865.4542748183801,869.3282867916047,3018700
2016-02-23,880.175537109375,898.7707949356294,872.4275130151024,878.6259322905205,3168900
2016-02-24,877.0762939453125,886.3739225030366,864.679455868347,873.2022820462607,2897000
2016-02-25,876.301513671875,891.7975616589993,867.0038848796005,884.0495376654371,4023700
2016-02-26,884.8244018554688,897.2212411108868,884.0495994020051,886.374006762396,2250200
2016-02-29,863.9048461914062,894.8969482969276,863.9048461914062,892.5725406390135,3557600
2016-03-01,859.2559814453125,866.2292040179075,841.435523759792,861.5803889695109,2658700
2016-03-02,893.347412109375,897.2214251714278,870.1033337370582,874.7521494115215,3540900
2016-03-03,912.7171020507812,918.9155204008714,892.5722424129881,893.3470447067494,2651600
2016-03-04,918.9155883789062,920.4651930810629,892.5723084422428,902.6447390062613,2861700
2016-03-07,901.8701171875,917.3661673109965,897.221302150451,913.4921547801224,2624600
2016-03-08,901.09521484375,908.8432390470497,897.9960051624302,904.1944245250698,3099200
2016-03-09,896.4462890625,902.6447076558449,889.473068144987,891.7974751174913,3662200
2016-03-10,908.8433837890625,912.7173965076859,893.3473329145686,904.969371070439,3165900
2016-03-11,915.0418090820312,918.1410192736723,890.2481275489025,890.2481275489025,4813700
2016-03-14,912.7171020507812,924.3391364572004,908.8430905819749,920.465124988394,2287500
2016-03-15,919.6906127929688,928.9882432508589,910.3929823350785,915.8166001021812,2966800
2016-03-16,911.9423217773438,918.1407402771048,906.5187055900528,910.3927171524035,2606200
2016-03-17,898.7705688476562,922.0146352833715,890.247744487894,914.266613138133,3391800
2016-03-18,890.248046875,900.320479085074,884.049627053416,891.022849352698,3416600
2016-03-22,899.5457153320312,904.9693329093992,884.8244676220324,896.446505287821,3407200
2016-03-23,901.09521484375,906.5188317860598,891.7975857997905,898.7708075827601,2221700
2016-03-24,891.7974853515625,910.3927413449921,888.6982760193242,904.9691250135752,2737200
2016-03-25,914.2667846679688,918.9155988272973,897.2211327504303,897.2211327504303,3474000
2016-03-28,918.1408081054688,925.114029432852,910.3927844083762,918.1408081054688,2419100
2016-03-29,938.9807739257812,941.3400221014741,911.4562118760305,922.4660366959307,3829000
2016-03-30,909.0970458984375,937.408026566555,907.5242136390978,934.2623620478753,4194600
2016-03-31,901.23291015625,924.0389785633454,901.23291015625,914.6019847397197,3682700
2016-04-01,861.1256103515625,897.3007501471533,857.1935299389983,896.5143340646404,5340500
2016-04-04,860.3392944335938,879.999698785367,856.4072135632391,861.1257106076647,3078900
2016-04-05,839.8924560546875,857.9800276738428,837.5332075826237,854.8343630444244,2845700
2016-04-06,834.3875732421875,842.2517351012091,828.0962437549703,835.9604056139918,3117000
2016-04-07,831.2418823242188,842.2517085801687,817.0863914237117,828.882633840801,2934100
2016-04-08,837.5332641601562,847.7566748963835,810.7951130038696,819.4456913191389,3852300
2016-04-11,832.0283203125,838.3196497666587,814.7271643135633,837.5332335848889,2972700
2016-04-12,843.0381469726562,844.6109793364112,819.4456615163319,830.4554880626166,3389100
2016-04-13,865.8441162109375,870.562612757046,850.9022104815934,852.4750426636297,2501900
2016-04-14,892.5823974609375,896.5144785070208,880.7861543226871,883.1454029503373,3049400
2016-04-15,892.5823974609375,895.7280622978042,886.2910677872039,888.650316414854,2279200
2016-04-18,865.0576782226562,868.9897585782138,856.4071014404296,857.9799335826527,2536100
2016-04-19,891.009765625,896.5146803287731,883.9320181487202,886.2912673074801,2330600
2016-04-20,896.5145263671875,907.5243538839775,892.5824451111911,897.3009426183868,2148300
2016-04-21,916.1746215820312,918.533869534603,898.0870539456478,909.8832937085066,3157800
2016-04-22,939.7672119140625,942.1264601448091,913.8154813758499,915.388313529681,4386200
2016-04-25,948.4180908203125,953.9230051119728,938.9810948917523,946.0588418381725,2904600
2016-04-26,937.4080810546875,944.4858266331206,927.9710869501101,938.9809134054505,2619500
2016-04-27,911.4564819335938,946.8452150543976,905.9515678925798,946.0587987628243,4726200
2016-04-28,891.7958984375,934.2623697916666,888.6502338927469,927.9710407021604,3331700
2016-05-02,751.8139038085938,803.7173741552122,740.8040767653717,802.9309579378391,14926600
2016-05-06,748.668212890625,761.2508719308036,743.1632995605469,760.4644557407923,5679800
2016-05-09,745.5223999023438,754.9593923061709,745.5223999023438,751.8137281715618,3688800
2016-05-10,762.0372924804688,764.3965410639996,743.1633038122218,747.0953847847733,4670100
2016-05-11,749.45458984375,765.1829128205338,747.0953413972323,761.2508320763378,3466000
2016-05-12,750.240966796875,752.6002151201357,740.8039735038326,743.9496379348467,2737000
2016-05-13,736.0855102539062,759.677994556916,734.5126779670389,756.5323299831814,3022800
2016-05-16,740.017578125,745.522491033475,731.3670006973964,732.1534168271786,2168600
2016-05-17,754.173095703125,754.173095703125,740.8040210139142,745.5225179630474,2492300
2016-05-18,747.8817138671875,749.454546073007,738.4447206322703,744.7360494555485,4374000
2016-05-19,742.3767700195312,751.0273467888267,739.2311057397875,747.0952664391469,3030900
2016-05-20,743.1632690429688,747.0953498315558,732.9398589926421,747.0953498315558,3946200
2016-05-23,744.7361450195312,745.5225612233533,732.1534857583775,739.2312315927765,2577900
2016-05-24,736.0855102539062,738.4447586842073,731.3670133933043,737.6583425407736,3377600
2016-05-25,739.231201171875,749.4546114008477,733.726287971659,748.6681952293883,3505100
2016-05-26,737.6585083007812,746.3090878224323,735.299259340331,745.5226715022822,2645700
2016-05-27,741.59033203125,742.3767480779427,736.8718357510935,740.0174999378645,2413700
2016-05-30,747.0953979492188,747.8818141575864,740.0176520739104,742.3769006990132,2271900
2016-05-31,759.677978515625,764.3964752765917,742.376823725414,742.376823725414,6049100
2016-06-01,756.5323486328125,769.115007237932,755.7459324699926,760.4644294469124,3424300
2016-06-02,738.4447021484375,755.7458559793913,736.8718699819872,754.9594398961661,3003100
2016-06-03,733.7261962890625,740.8039409477994,729.0076998499045,735.2990284354485,3137400
2016-06-06,725.0757446289062,725.0757446289062,711.7066690771802,718.7844149575058,2824000
2016-06-07,733.7261962890625,736.8718605818344,720.3571230447816,721.1435391179746,2868500
2016-06-08,724.289306640625,732.1534684934005,714.0658962320168,729.7942199375678,3860200
2016-06-09,716.425048828125,719.5707131478972,714.0658005882958,717.997880988011,2352000
2016-06-10,711.7067260742188,714.8523911618396,707.7746447146927,713.2795586180292,3489000
2016-06-13,701.4832153320312,710.9202092602649,701.4832153320312,703.8424638140897,3690700
2016-06-14,688.900634765625,705.4153760100064,684.9685535169627,699.1240460121468,4194400
2016-06-15,694.405517578125,700.6968472957071,681.8228581429609,687.3277716458451,3246900
2016-06-16,691.2598266601562,699.12398851067,685.7549133647967,693.6190752153104,4980200
2016-06-17,709.3473510742188,727.4349221104793,700.6967736220942,704.6288542821508,5351800
2016-06-20,734.5127563476562,740.0176699391269,725.0757616194209,725.0757616194209,5397600
2016-06-21,735.2990112304688,737.6582593948445,720.3571061894218,725.8620185729654,3425200
2016-06-22,738.4447021484375,741.5903664813383,729.7941252329606,738.4447021484375,3567500
2016-06-23,743.1632690429688,744.7361013584036,733.7262751503596,741.5904367275339,2342300
2016-06-24,691.2598266601562,757.3187862044715,684.9684971797453,751.0274567240606,6786000
2016-06-27,677.1043090820312,695.9782967916349,666.8808990726626,693.6190483279345,6918300
2016-06-28,674.7451171875,680.2500307309878,659.8032089980333,668.453787423514,5269900
2016-06-29,690.4734497070312,692.0462821665005,677.104373801542,681.82287117995,3100800
2016-06-30,695.19189453125,705.4153047449449,694.4054783609658,698.337559212387,3827600
2016-07-01,692.04638671875,711.7067954323509,688.9007213245739,709.3475463867187,3105500
2016-07-04,682.6093139648438,688.9006440474691,678.677232663203,684.1821464855001,3057000
2016-07-05,677.1043090820312,688.9005514005336,673.1722283091972,680.2499737002986,2452600
2016-07-06,662.1624755859375,669.2402217620341,655.0847294098407,668.4538055202456,3955800
2016-07-07,655.0846557617188,661.375984988722,648.00691038134,652.7254073015926,3387700
2016-07-08,647.2203979492188,665.3079667861957,647.2203979492188,655.0845583131218,3945700
2016-07-11,647.2203979492188,647.2203979492188,647.2203979492188,647.2203979492188,0
2016-07-12,698.3375854492188,700.6968340487093,673.1722670546523,676.317931853973,3865800
2016-07-13,710.1337890625,715.6387021560078,702.2696275003461,714.8522859997925,3418600
2016-07-14,731.3670043945312,732.1534205282888,712.4930171843498,713.2794333181074,3599700
2016-07-15,725.862060546875,732.1533893490148,717.2114834439328,731.3669732487473,3963200
2016-07-19,734.5127563476562,740.0176699391269,731.3670914382444,736.0855888023622,3203500
2016-07-20,708.56103515625,725.8621925074569,703.0561214535933,722.7165275345103,4283300
2016-07-21,724.289306640625,732.939884678678,714.0658962320168,714.8523124172943,3079100
2016-07-22,721.1436157226562,727.434944976507,712.4930379986113,715.6387026255367,2342900
2016-07-25,742.3767700195312,747.8816825090829,725.0756164809405,725.0756164809405,3765700
2016-07-26,699.910400390625,733.726296139835,695.1919033093399,730.5806314189782,5447700
2016-07-27,703.055908203125,709.3472362407368,693.6189161467072,703.055908203125,4982600
2016-07-28,697.5511474609375,706.2017253888635,694.4054827598735,703.8424768630655,3246700
2016-07-29,720.357177734375,721.9300100001706,698.3375260132369,698.3375260132369,5020700
2016-08-01,718.7843017578125,728.2212947787028,703.8423961414029,713.2793891622932,3292000
2016-08-02,712.4930419921875,726.6485328926946,711.7066258310482,712.4930419921875,2076400
2016-08-03,711.7067260742188,714.8523911618396,700.6968982675457,703.0561470832614,3727900
2016-08-04,736.8718872070312,738.444719410248,712.4929880571722,712.4929880571722,3882300
2016-08-05,737.6585083007812,743.949838861982,725.07584717838,736.0856756604811,3379600
2016-08-08,716.425048828125,729.007706107214,710.9201362685236,714.0658005882958,6511900
2016-08-09,720.357177734375,723.5028422659661,710.9201841396016,713.2794325382949,4089300
2016-08-10,728.2213745117188,729.0077906828977,717.2115481152133,717.9979642863922,1973100
2016-08-12,743.1632690429688,743.9496852006862,725.8621135731853,735.2991074657945,3040600
2016-08-15,740.8040771484375,743.1633258017765,736.0855798417596,736.8719960595392,1690900
2016-08-16,716.425048828125,736.8718669066445,714.8522166682388,733.7262025868722,3610800
2016-08-17,736.8718872070312,740.0175516134648,717.9979007684307,718.7843168700391,2319000
2016-08-18,732.9398193359375,746.3088932937818,724.289242069097,734.5126515662721,3209900
2016-08-19,736.0855102539062,737.6583425407736,725.075684245835,731.3670133933043,1964200
2016-08-22,739.231201171875,739.231201171875,730.5806232858212,734.5127041431184,1409800
2016-08-23,723.5029296875,733.7263406504755,721.9300972316577,733.7263406504755,2224600
2016-08-24,737.6585083007812,740.8041735813816,725.07584717838,728.2215124589802,2169200
2016-08-25,740.8040771484375,742.3769095839968,734.5127474062002,739.2312447128782,2267600
2016-08-26,729.0078125,739.2312230312837,726.6485639158576,739.2312230312837,2102300
2016-08-29,733.7261962890625,737.6582766550274,729.7941159230975,736.0854445086414,4286400
2016-08-30,735.2990112304688,739.2310915044285,727.4348506825493,732.153347011301,2107000
2016-08-31,733.7261962890625,740.8039409477994,730.5805319962905,739.2311088014134,3102400
2016-09-01,768.3286743164062,769.901506812448,732.9399431554663,736.0856081475499,5481900
2016-09-02,767.5421142578125,770.6877786605085,759.6779532510726,769.9013625598345,2967200
2016-09-05,778.552001953125,784.056915098248,774.6199211351799,777.765585789536,2067000
2016-09-06,776.9791259765625,784.8432871706573,776.192709857153,778.5519582153814,2246000
2016-09-07,747.8817138671875,752.6002104846461,741.5903850439094,745.5224655584582,4747200
2016-09-08,748.668212890625,758.89162336077,744.7361319405692,745.5225481305804,3142600
2016-09-09,751.8139038085938,755.7459848954588,741.5904929827446,741.5904929827446,3322200
2016-09-12,733.7261962890625,749.4545177529224,730.5805319962905,747.0952695333433,3224600
2016-09-13,734.5127563476562,738.444837484421,729.0078427561856,736.0855888023622,2073800
2016-09-14,735.2990112304688,742.3767557235963,734.5125951756768,735.2990112304688,2656500
2016-09-15,728.2213745117188,734.5127038811504,725.0757098270029,732.9398715387925,1972500
2016-09-16,726.6485595703125,732.9398890904017,725.8621433803013,732.1534729003906,3044100
2016-09-20,726.6485595703125,728.2213919503348,712.4930681501116,720.3572300502232,2852300
2016-09-21,743.9498291015625,745.5226617212276,721.1437561164195,726.6486702852471,3403600
2016-09-23,741.59033203125,746.3088283114064,737.6582517977863,740.0174999378645,2844700
2016-09-26,736.0855102539062,741.5904232579419,735.2990941104725,741.5904232579419,2840300
2016-09-27,736.8718872070312,736.8718872070312,719.5707329716474,723.5028134796892,4584000
2016-09-28,730.8287353515625,737.274854296229,728.4114407473126,735.6633245600624,3434300
2016-09-29,748.5555419921875,753.3901310685633,734.05177476306,734.8575396091227,3295100
2016-09-30,733.2460327148438,744.5267409104567,730.8287381014981,741.3036814259958,2990100
2016-10-03,721.1595458984375,732.4402538789717,718.7422513311802,732.4402538789717,4246600
2016-10-04,719.5480346679688,723.5768590502082,713.9076805328334,721.9653292973123,3888300
2016-10-05,734.0516357421875,734.0516357421875,722.7709300337455,725.1882241141259,4376800
2016-10-06,740.4979248046875,748.555573605609,739.6921599245953,741.3036896847796,2885900
2016-10-07,751.7785034179688,752.5842681590384,734.0516791144368,734.0516791144368,3616100
2016-10-11,747.7496948242188,760.6419309418777,746.943930066865,754.1958128830482,2919500
2016-10-12,740.4979248046875,748.555573605609,735.6633355241346,741.3036896847796,2141100
2016-10-13,735.6632690429688,752.5843299957643,734.0517394284168,745.3324467302805,2513700
2016-10-14,737.2747802734375,738.0805450606216,727.6056028272285,734.0517211247012,3436700
2016-10-17,737.2747802734375,745.3324281452784,734.0517211247012,734.8574859118853,3024900
2016-10-18,737.2747802734375,738.8863098478057,725.9940732528603,732.440191550333,3132300
2016-10-19,735.6632690429688,737.2747986575207,727.605620970209,729.2171505847609,3201800
2016-10-20,748.5555419921875,748.5555419921875,729.2171856866843,735.6633044551853,4332000
2016-10-21,755.0015258789062,759.836114091578,752.5842317725704,755.8072905810183,3599200
2016-10-24,746.1383666992188,750.1671915734046,739.6922469005214,746.1383666992188,2853700
2016-10-25,746.9439086914062,757.4188502372405,744.5266144885214,749.3612028942911,3511400
2016-10-26,738.0806274414062,749.3613357210784,734.8575679329284,748.5555708439589,2879900
2016-10-27,722.7710571289062,733.2459999858469,716.3249384477119,730.8287054803991,6281700
2016-10-28,691.34619140625,703.4326632839817,689.7346618225524,698.598074532889,13839500
2016-10-31,689.7345581054688,696.9864401416244,686.511499422733,690.5403227761527,6258800
2016-11-01,692.1519775390625,694.5692719891407,686.5116238222133,690.5404479056771,3181800
2016-11-02,689.7345581054688,693.7633814588886,685.705734752049,689.7345581054688,4443900
2016-11-04,680.871337890625,685.7059272720969,677.6482783029771,684.9001623751849,4689200
2016-11-07,685.705810546875,697.7922819431184,683.2885162676263,692.1519286248714,3085700
2016-11-08,684.900146484375,691.3462655101104,684.0943816061581,685.7059113625919,2319300
2016-11-09,652.6693725585938,695.3748994050202,647.8347846137152,688.1230174877026,7958200
2016-11-10,686.5115966796875,690.540420603864,680.8712431858403,684.900067110017,5036200
2016-11-11,690.54052734375,700.2097062563813,688.1232326155922,695.3751168000657,5160900
2016-11-14,707.4614868164062,707.4614868164062,695.3750149459664,698.5980741114171,3880400
2016-11-15,716.3251342773438,722.7712547207843,705.0444235013225,709.0732487784729,5181400
2016-11-16,731.634521484375,732.4402863758776,719.5480481118358,724.3826374608515,5869100
2016-11-17,722.7710571289062,725.188351634354,713.9076439422641,716.3249384477119,3856700
2016-11-18,734.8575439453125,739.6921330502158,730.022954840409,730.022954840409,4474900
2016-11-21,742.1094360351562,742.9152008951293,735.663317155372,738.0806117352912,3103000
2016-11-22,725.9942016601562,733.2460860274608,724.3826718007552,730.0230263086588,4550300
2016-11-24,735.6632690429688,739.6920930793486,732.4402098138648,734.0517394284168,4370600
2016-11-25,743.7208862304688,753.3900635162387,740.4978271352121,741.3035919090263,5157500
2016-11-28,744.5267333984375,746.1382631244082,737.2748496315696,740.497909083511,3555500
2016-11-29,742.1094360351562,747.7497900549674,741.3036711751832,741.3036711751832,3035000
2016-11-30,742.1094360351562,747.7497900549674,740.4979063152102,741.3036711751832,4874700
2016-12-01,758.2246704101562,763.0592591694133,751.7785520644801,754.1958464441086,5776200
2016-12-02,767.0881958007812,767.0881958007812,760.6420765083377,764.6709010661149,4488500
2016-12-05,759.030517578125,764.6708717427183,755.8074580555003,763.8651068620621,3073300
2016-12-06,771.1168823242188,771.1168823242188,764.6707641856673,765.4765289529862,3989600
2016-12-07,812.2108764648438,813.8224059816391,776.7572270953466,776.7572270953466,8464700
2016-12-08,829.1318359375,832.3548945806001,822.6857186512998,823.4914833120748,5746200
2016-12-09,842.8300170898438,846.8588412633134,826.7147203959653,828.3262500653531,6210800
2016-12-12,836.3839111328125,858.139562000429,827.5204978163761,854.1107377656851,4505100
2016-12-13,836.3839111328125,842.0242650614538,829.9377923572224,831.5493220511199,2906300
2016-12-14,838.801025390625,844.4413781069885,834.772202021794,839.6067900643912,2787200
2016-12-15,827.5204467773438,844.4415075196263,825.9089171828406,838.8011539388655,5203800
2016-12-16,832.3551635742188,841.2185777071484,831.5493986530432,835.5782232589204,5185400
2016-12-19,817.0454711914062,830.743472187712,817.0454711914062,830.743472187712,4320600
2016-12-20,811.4052124023438,819.4628609862796,806.5706232519822,817.0455664110988,4026000
2016-12-21,808.18212890625,817.8513069190865,804.9590695686379,813.8224827470714,3278900
2016-12-22,811.4052124023438,812.2109772607373,800.1245043848335,808.1821529687694,3110400
2016-12-26,803.347412109375,808.1820003467434,801.7358826969189,805.7647062280591,2329100
2016-12-27,800.9301147460938,804.9589382609131,800.1243500431299,802.5416441520215,2310300
2016-12-28,802.5418090820312,806.5706334248125,799.3187496078062,800.9302793449187,2265600
2016-12-29,790.455322265625,800.9302653741399,788.0380277021216,799.3187356651376,2740500
2016-12-30,796.0956420898438,799.3187013695597,786.4264642506959,792.0668179901987,3349100
2017-01-04,819.4628295898438,824.2974185549755,800.9302385568384,804.9590626944482,6680800
2017-01-05,821.8802490234375,821.8802490234375,815.4341294232537,819.4629541733686,4067100
2017-01-06,820.2686157226562,825.90896966181,817.0455563288541,817.8513211773046,3749000
2017-01-10,817.0454711914062,827.5204131297577,817.0454711914062,823.4915893073148,3508100
2017-01-11,819.4628295898438,823.4916537274536,816.2397702797558,817.0455351072778,3079900
2017-01-12,808.18212890625,821.8801310911017,807.376364071847,821.0743662566987,3992700
2017-01-13,814.6282958984375,814.6282958984375,804.1533524299116,805.7648821943002,3015600
2017-01-16,806.570556640625,813.0166749754152,805.7647918487762,811.4051453917177,2787200
2017-01-17,800.12451171875,812.2109847054381,799.3187468529709,807.3763955107629,3636600
2017-01-18,802.5418090820312,804.1533388191438,791.2611009222437,798.51298473925,3259800
2017-01-19,807.3764038085938,815.4340525491984,805.7648740604728,808.9879335567147,3355400
2017-01-20,807.3764038085938,812.2109930529566,805.7648740604728,808.1821686826543,2769800
2017-01-23,800.12451171875,806.5706306449837,798.5129819871917,801.7360414503084,3142600
2017-01-24,795.2898559570312,802.5417391420498,795.2898559570312,798.5129151503729,2300600
2017-01-25,804.9591064453125,816.2398146437453,801.736046960046,806.5706361879458,3020800
2017-01-26,832.3551635742188,836.3839881800958,810.5995107024821,810.5995107024821,4699700
2017-01-27,833.9666748046875,846.0531483525815,831.5493800951087,846.0531483525815,3037500
2017-01-30,833.1607666015625,838.8011199537975,830.7434723077475,837.1895904245875,2255000
2017-01-31,813.0167236328125,821.8801368736063,813.0167236328125,821.8801368736063,2641000
2017-02-01,750.9728393554688,795.2899060556306,746.9440151099996,795.2899060556306,11990800
2017-02-02,746.9439086914062,763.059203377305,745.3323792228164,755.8073207686506,5636200
2017-02-03,756.6131591796875,762.253512868993,752.5843351158979,755.8073943669295,4180600
2017-02-06,763.0593872070312,763.8651521354442,756.613267779728,760.6420924217925,2650100
2017-02-07,771.9227294921875,775.9515537588481,759.8362566922054,761.4477863988697,3825600
2017-02-08,777.5631103515625,779.1746401139492,762.2535776088893,763.0593424900826,3093500
2017-02-09,778.3688354492188,779.9803651292378,769.5054222091137,774.340011249171,2159200
2017-02-10,798.5128784179688,800.1244079405076,788.0379365214667,789.6494660440055,3797600
2017-02-13,804.1534423828125,807.3765022721224,801.7361474658301,801.7361474658301,2168600
2017-02-14,805.7648315429688,813.8224798583984,804.9590667114257,809.7936557006835,2312700
2017-02-15,815.43408203125,817.8513767408289,807.3764329993206,808.9879628057065,2854300
2017-02-16,814.6282958984375,818.657120309409,812.2110012518546,816.2398256628261,2665500
2017-02-17,799.3186645507812,807.3763123789141,796.9013702023414,804.153253247661,3183200
2017-02-20,807.3764038085938,809.7936984307752,799.3187550679891,800.1245199420495,1934800
2017-02-21,802.5418090820312,807.3763982933688,800.9302793449187,802.5418090820312,2107400
2017-02-22,804.9591064453125,806.5706361879458,799.3187523460961,805.7648713166291,2371600
2017-02-23,804.1534423828125,807.3765022721224,797.7073226041928,805.7649723274675,2089100
2017-02-24,806.570556640625,808.9878510161714,803.34749747323,804.9590270569274,2511700
2017-02-27,798.5128784179688,808.1820555532015,797.7071136566994,804.1532317468545,2535400
2017-02-28,788.84375,800.1244573544433,788.0379851889684,796.9013981103167,4283700
2017-03-01,789.6495971679688,796.0957163285236,784.0092429024833,789.6495971679688,3413800
2017-03-02,796.9014892578125,799.3187839673914,792.0668998386549,796.9014892578125,2974000
2017-03-03,794.4840698242188,801.7359528145007,792.0667754941248,800.9301880378027,2070700
2017-03-06,795.2898559570312,798.5129151503729,791.2610319653544,792.8725615620251,2135800
2017-03-07,798.5128784179688,800.930172701777,792.0667603278137,793.6782898503525,1781700
2017-03-08,792.0668334960938,797.7071873460151,789.6495389889847,796.901422510312,2368600
2017-03-09,798.5128784179688,799.3186431792382,792.0667603278137,794.4840546116218,1987800
2017-03-10,809.7937622070312,810.5995271445507,800.9303478943175,801.736112831837,3089800
2017-03-13,818.6571655273438,821.0744603074442,809.7937513336421,811.4052811870424,2144900
2017-03-14,818.6571655273438,825.1032849409448,818.6571655273438,821.0744603074442,1852300
2017-03-15,817.0454711914062,819.462765484872,807.3762940175435,811.4051178399864,1729500
2017-03-16,817.8512573242188,824.2973756085476,813.0166686109721,813.8224333965132,1668600
2017-03-17,808.18212890625,815.4340124158774,805.7648344030409,814.6282475814744,3864500
2017-03-21,791.2611083984375,804.9591112933189,790.4553435222681,803.3475815409798,4760900
2017-03-22,763.864990234375,780.7860501446302,763.864990234375,780.7860501446302,5751000
2017-03-23,755.8074340820312,765.4766123432087,753.3901395167369,761.4477880677181,3622100
2017-03-24,755.0015258789062,758.2245846873541,752.5842317725704,754.1957611767943,3804200
2017-03-27,750.1669921875,756.6131102728921,746.13816838413,753.390051230196,4618700
2017-03-28,762.253662109375,763.8651920504096,755.0017773747193,755.0017773747193,3503700
2017-03-29,761.0287475585938,768.3777376101252,756.9459753077429,763.4784109091042,3116100
2017-03-30,761.0287475585938,765.1115198094445,753.6797575070623,755.3128664074026,3269100
2017-03-31,747.9637451171875,767.5610484827033,747.9637451171875,766.7444941758068,3620500
2017-04-03,745.51416015625,750.4134865099603,742.2479425871098,749.5969321176752,3391700
2017-04-04,731.6327514648438,744.697622026716,727.5499794142587,743.881067616599,5886400
2017-04-05,736.531982421875,739.7981996388235,728.3664393795038,734.0823195091637,3886300
2017-04-06,724.2837524414062,738.1651772345335,719.3844260438319,732.4492964373635,4393600
2017-04-07,725.9169311523438,741.4314662388392,725.1003766741071,728.3665945870536,5789200
2017-04-10,741.4314575195312,744.6976753940666,728.3665860213897,729.1831404900236,3454200
2017-04-11,735.715576171875,737.3486851089934,726.7334770177233,731.6328038290789,3529400
2017-04-12,740.6149291992188,752.0466921637051,721.0176212600994,723.4672847524893,12636100
2017-04-13,747.9637451171875,760.2120597206349,729.1829960585682,729.9995503654646,8059600
2017-04-14,739.7982788085938,748.7803771164243,736.5320612421099,748.7803771164243,4013000
2017-04-17,734.8991088867188,738.1653271484375,728.3666723632813,734.0825543212891,2302300
2017-04-18,745.51416015625,749.5969321176752,738.9817250179697,738.9817250179697,2385900
2017-04-19,737.3485717773438,747.9637782370397,737.3485717773438,743.0644521787185,2862100
2017-04-20,742.2479858398438,752.0466391182575,735.7155503209012,737.3486592006369,3552700
2017-04-21,747.147216796875,755.3127601498463,746.3306624615778,749.5968798027665,2612900
2017-04-24,748.7804565429688,759.3956647600446,746.3307931082588,756.9460013253348,2867900
2017-04-25,752.8632202148438,754.4963291524031,746.3307844646065,750.4135568085047,3700400
2017-04-26,761.0287475585938,765.1115198094445,754.4963119572324,756.1294208575728,3360400
2017-04-27,766.7445678710938,768.3776766418522,757.7624696319223,758.5790240173014,2871900
2017-04-28,757.762451171875,766.7445491922313,753.6796793444404,763.4783317302836,2598200
2017-05-01,704.6864013671875,717.7512709174482,683.4559883480139,689.171868776253,15653200
2017-05-02,716.1182250976562,729.9996502135743,703.0533544003216,703.8699088189051,9009700
2017-05-08,748.7804565429688,752.8632289341517,731.6328125,732.4493669782365,11464000
2017-05-09,751.2300415039062,753.6797046827234,744.697606360394,747.1472695392112,4232700
2017-05-10,760.2120361328125,771.6437960746593,750.4133847540867,755.3127104434495,5151700
2017-05-11,758.5790405273438,764.2949213494013,750.4134964958331,759.3955949304949,3540900
2017-05-12,748.7804565429688,761.8453281947544,746.3307931082588,752.8632289341517,4471900
2017-05-15,746.3306274414062,751.2299532232973,743.8809645504607,747.1471817383881,2157200
2017-05-16,748.7804565429688,756.9460013253348,745.5142386300223,751.2301199776786,2861600
2017-05-17,754.4962768554688,759.3956033285563,747.1472871458376,747.1472871458376,3787500
2017-05-18,735.715576171875,746.3307842631451,730.8162493605196,740.6149029832304,3553400
2017-05-19,738.1651000976562,748.7803061831314,731.6326655835177,736.5319914691216,3921900
2017-05-22,760.2120361328125,774.9100132009013,758.5789275696916,759.395481851252,8882300
2017-05-23,756.9459228515625,770.0107931488926,756.9459228515625,760.2121404258951,4291600
2017-05-24,774.91015625,774.91015625,758.5790676040568,761.0287309009483,3856900
2017-05-25,774.093505859375,775.7266145215256,759.3955279000197,768.3776255418479,2870100
2017-05-26,770.827392578125,780.6260458736097,767.5611748129635,771.6439470194155,1966800
2017-05-29,770.0107421875,774.0935138852068,766.7445248293345,769.1941878479587,1668900
2017-05-30,767.5611572265625,770.8273749168883,764.2949395362367,767.5611572265625,1964500
2017-05-31,762.6618041992188,766.7445761703066,753.6797058628254,766.7445761703066,7283800
2017-06-01,766.7445678710938,770.0107854126106,758.5790240173014,761.0286871734392,2762800
2017-06-02,792.0576782226562,796.1404497598865,766.7444946918291,768.3776033067212,6164600
2017-06-05,796.140625,807.5723878205129,795.3240705128205,801.039951923077,5066600
2017-06-06,781.4423828125,788.7913707386364,778.9927201704545,788.7913707386364,3708600
2017-06-07,793.69091796875,793.69091796875,776.5432746793017,777.3598291216564,3982600
2017-06-08,780.6260986328125,799.4068520518027,778.176435143379,796.9571885623692,4446400
2017-06-09,790.424560546875,795.3238863353887,781.4424632679332,792.8742234411318,5592100
2017-06-12,792.0576782226562,798.5901126822246,789.6080153003181,789.6080153003181,3012900
2017-06-13,789.6080932617188,796.9570827543304,788.7915388736508,789.6080932617188,2599600
2017-06-14,781.4423828125,792.8741418087121,778.9927201704545,792.8741418087121,2435800
2017-06-15,780.6260986328125,786.3419801081573,776.5433261504232,780.6260986328125,2401000
2017-06-16,791.2412109375,794.5074285265092,787.9749933484907,790.4246565402476,3038700
2017-06-19,782.259033203125,787.9749134039829,782.259033203125,787.1583590895746,2285500
2017-06-20,773.2770385742188,787.9750181880898,773.2770385742188,787.9750181880898,4437300
2017-06-21,759.3955078125,770.8272681451613,755.312736265121,770.0107138356855,5354900
2017-06-22,767.5611572265625,769.1942660717255,757.7625041555851,757.7625041555851,3085700
2017-06-23,775.7266235351562,778.9928408974095,769.1941888106496,772.4604061729029,2333900
2017-06-26,778.176513671875,783.0758411451502,772.4606316197206,773.2771861985998,2123400
2017-06-27,794.5075073242188,796.1406162806919,787.1585170200892,787.1585170200892,5002200
2017-06-28,789.6080932617188,800.2233003066023,787.9749844855828,790.4246476497867,3005100
2017-06-29,805.1226196289062,807.5722827717933,790.4246407715834,800.2232933431319,4142200
2017-06-30,810.02197265625,810.02197265625,798.5902109453755,800.2233197612147,5065500
2017-07-03,805.1226196289062,810.0219459146805,801.8564021050566,805.9391740098686,3071000
2017-07-04,796.9569702148438,807.5721757607381,795.3238616693214,805.9390672152159,2920000
2017-07-05,790.424560546875,796.1404406334743,783.0755718641044,790.424560546875,3401600
2017-07-06,783.8922119140625,794.5074189503988,783.0756575266521,794.5074189503988,4157900
2017-07-07,778.176513671875,783.0758411451502,777.3599590929957,782.2592865662709,3860700
2017-07-10,791.2412109375,793.6908741292569,784.7087757594813,784.7087757594813,1832000
2017-07-11,801.8565063476562,802.673060834772,792.0578525022673,792.0578525022673,2192400
2017-07-12,806.7556762695312,808.3887849259472,801.856350300283,802.6729046284911,2904100
2017-07-13,809.205322265625,814.9212024430815,805.9391050213642,810.8384308877554,3004300
2017-07-14,819.8206176757812,820.6371720758567,812.4716280751019,815.7378456754038,3539700
2017-07-17,819.8206176757812,819.8206176757812,819.8206176757812,819.8206176757812,0
2017-07-18,811.6549682617188,815.7377397318481,804.3059796154859,812.4715225557446,3284100
2017-07-19,792.8743286132812,801.8564270836686,788.791556581287,801.0398726772697,4195300
2017-07-20,800.223388671875,804.306161063058,791.2412894112723,794.5075073242188,2483800
2017-07-21,801.0399169921875,811.6551248626242,799.4068080890434,799.4068080890434,2850800
2017-07-24,800.223388671875,802.6730521065848,790.4247349330357,793.6909528459821,2473800
2017-07-25,799.4066772460938,808.3887747432409,796.9570142923264,801.8563401998612,2101100
2017-07-26,807.5723266601562,814.9213164882062,803.4895545334618,805.1226633841396,2177800
2017-07-27,801.0399169921875,810.0220159594801,801.0399169921875,801.0399169921875,2401400
2017-07-28,797.7735595703125,811.6549828176977,794.5073423356337,801.0397768049914,3921400
2017-07-31,846.7669067382812,856.565559468136,836.1516996142719,846.7669067382812,10232400
2017-08-01,836.1517333984375,848.4000498056412,830.4358524084091,845.1338320970535,4032700
2017-08-02,837.784912109375,841.0511300903082,833.7021396332084,836.1518031189083,1714900
2017-08-03,829.6192626953125,837.784806619479,825.5364907332292,832.0689258725624,2066500
2017-08-04,835.3351440429688,837.7848072219804,819.0040561828912,826.3530457199261,2328100
2017-08-07,846.7669067382812,854.9324506798268,842.6841347675085,845.1337979499722,3763300
2017-08-08,843.5007934570312,848.40012042774,834.5186940107318,846.7670114375037,2125500
2017-08-09,839.4179077148438,846.7668971792733,831.2523638654776,844.3172340244635,2475500
2017-08-10,832.0690307617188,843.5007936966198,829.6193672756687,839.4180212198694,2828200
2017-08-11,832.0690307617188,832.0690307617188,832.0690307617188,832.0690307617188,0
2017-08-14,835.3351440429688,836.9682528289766,819.8206105758951,824.7199369339183,2865700
2017-08-15,863.097900390625,867.1806719156516,841.8674884604866,845.1337056805079,5742700
2017-08-16,853.2992553710938,863.9144614187724,853.2992553710938,858.1985812392531,2106200
2017-08-17,878.6123657226562,880.2454742091296,863.9143893443962,865.5474978308695,3847200
2017-08-18,884.3284301757812,889.2277566587495,868.8138963130482,869.6304507268762,4715800
2017-08-21,874.5297241210938,894.127028863303,874.5297241210938,886.7780395849746,3579000
2017-08-22,891.677490234375,893.3105991908482,877.7960641043526,878.6126185825892,3765100
2017-08-23,894.1270141601562,905.5587750717929,890.8607967568314,894.9435685109873,3481800
2017-08-24,889.2277221679688,900.6594835181538,886.7780590215004,890.0442765501248,2110100
2017-08-25,890.86083984375,900.659492527641,887.594622282453,893.3105030147227,2244600
2017-08-28,892.4939575195312,897.3932839103064,890.0442943241437,891.6774031210688,1869500
2017-08-29,885.9616088867188,893.3105991908482,882.6953909737723,883.5119454520088,2065400
2017-08-30,896.5765991210938,899.8428162399321,885.9613934848695,888.4110563239982,2493400
2017-08-31,899.0263061523438,909.6415123103642,889.227654314171,902.2925234317346,3411100
2017-09-01,898.2098388671875,909.6416004527699,890.0442948774858,905.558828457919,3781500
2017-09-04,883.5117797851562,893.3104316866552,881.8786711349064,893.3104316866552,2057800
2017-09-05,876.162841796875,897.3932554844042,874.5297330516805,890.860820503626,3037500
2017-09-06,890.0442504882812,896.5766853542502,874.5297176816048,876.162826398097,3808400
2017-09-07,885.9616088867188,910.4582432338169,882.6953909737723,898.2099260602678,2400500
2017-09-08,870.447021484375,882.6953379217724,867.9973581968956,872.0801303426947,4157100
2017-09-11,876.162841796875,879.4290592872642,872.0800699338887,877.7959505420696,2230800
2017-09-12,885.1449584960938,890.044284834633,882.6952953268241,884.3284041063372,2220100
2017-09-13,880.2456665039062,889.2277651417013,879.4291120822886,885.9615474552304,1957300
2017-09-14,875.3463745117188,885.961582411581,873.7132656040477,881.8788101424033,2268200
2017-09-15,876.9794921875,881.0622644974976,872.0801654155027,875.3463832635009,2869800
2017-09-18,876.9794921875,876.9794921875,876.9794921875,876.9794921875,0
2017-09-19,898.2098388671875,900.659502064098,888.4111860795455,888.4111860795455,2837300
2017-09-20,894.943603515625,898.2098210467038,890.0442772190066,891.677385984546,2135700
2017-09-21,887.5945434570312,899.8428582241476,882.6952175501847,897.3931952707244,2438500
2017-09-22,886.7781372070312,893.3105728402322,881.0622560279804,892.4940183860821,1794500
2017-09-25,885.9616088867188,897.3933715820312,885.1450544084821,890.8609357561384,1531400
2017-09-26,880.2456665039062,887.5946562984658,876.9794488174355,886.778101876848,1713100
2017-09-27,910.2586059570312,912.7254314474297,888.8794517069114,890.5240020338437,3514000
2017-09-28,920.9483032226562,922.5928537641254,913.5478257860457,920.1260279519217,3259000
2017-09-29,899.5692138671875,925.8820245104691,893.8132865389697,920.9483725148538,4072200
2017-10-02,910.2586059570312,915.1922569378282,895.4576530146405,899.5690288319713,3187800
2017-10-03,921.7706909179688,923.4152416600169,911.0811110946561,915.1924879497764,2863800
2017-10-04,918.4815673828125,927.5265962469225,916.0147413289643,921.7706687879435,2273100
2017-10-05,923.4151611328125,934.9270153232483,923.4151611328125,929.1710882280304,2229600
2017-10-06,934.104736328125,940.682938696633,927.5265339596172,929.1710845517441,2929500
2017-10-09,934.104736328125,934.1047363281251,934.1047363281251,934.1047363281251,0
2017-10-10,948.0834350585938,960.4175647427905,947.261159746314,949.7279856831534,3883000
2017-10-11,950.5501708984375,957.1283727731671,939.8605928520017,946.4387947267314,2983500
2017-10-12,948.9056396484375,955.483841656399,944.7942633934616,952.1947406524182,2528700
2017-10-13,950.5501708984375,958.7729232418495,945.6165194923902,948.905620429755,2686000
2017-10-16,963.706787109375,971.107265849976,956.306308368774,956.306308368774,2510200
2017-10-17,963.706787109375,970.2849904343537,961.239960862508,967.8181641874867,2030500
2017-10-18,967.8178100585938,967.8178100585938,953.0168579931268,961.2396091406084,2414600
2017-10-19,953.0170288085938,968.6402587890625,950.550203022204,966.9957082648026,3113300
2017-10-20,953.0170288085938,957.1284051192434,949.727927760074,950.550203022204,1991000
2017-10-23,953.8391723632812,962.8841989977607,948.9055214717471,948.9055214717471,3242100
2017-10-24,970.2847900390625,970.2847900390625,951.3724593857587,953.0170098773503,3085600
2017-10-25,960.4172973632812,971.9291485303069,959.5950222799223,970.284598363589,2376200
2017-10-26,971.1071166992188,971.9293919885491,954.6616109126104,960.4175379379234,2009900
2017-10-27,966.99560546875,971.9292565170599,962.06195442044,971.9292565170599,2256000
2017-10-30,927.5263671875,943.1495950036015,908.614038778535,914.369964816046,8231100
2017-10-31,860.0999145507812,871.6117680916138,847.765785757032,863.3890155624476,11202800
2017-11-01,835.4317016601562,859.2776852705348,830.4980498786987,856.810859379806,8480000
2017-11-02,829.6756591796875,832.9647599098349,822.2751825368558,832.1424847272981,4863900
2017-11-03,829.6756591796875,829.6756591796875,829.6756591796875,829.6756591796875,0
2017-11-06,815.6970825195312,831.3203129306917,810.7634308107438,830.4980376458938,5184900
2017-11-07,841.1875610351562,846.1212124195267,809.9411022674769,814.8747536518474,6986900
2017-11-08,836.25390625,838.7207319321534,823.0975026118485,833.7870805678466,3460000
2017-11-09,836.25390625,847.7657594333825,823.919777839233,831.3202548856932,4608100
2017-11-10,835.4317016601562,837.8985275508851,826.3866733941506,828.0312239879698,2782500
2017-11-13,822.2752075195312,841.1875372924804,822.2752075195312,836.2538860473633,3903900
2017-11-14,822.2752075195312,828.8534091796874,821.4529323120116,823.0974827270508,2918800
2017-11-15,805.829833984375,817.3416887555803,801.7184572803731,812.4080367107781,4014200
2017-11-16,806.6520385742188,814.8747912610099,798.4292858874275,800.0738364247858,4181800
2017-11-17,801.718505859375,817.34173828125,799.2516796875,814.874912109375,4388300
2017-11-20,804.1851806640625,811.585657786738,791.8510521262701,797.60697877724,4432600
2017-11-21,801.718505859375,810.76353515625,801.718505859375,806.6521582031249,2364400
2017-11-22,807.474365234375,812.4080171604506,805.0075392713371,806.6520899133624,2484500
2017-11-23,807.474365234375,807.474365234375,807.474365234375,807.474365234375,0
2017-11-24,803.3628540039062,807.4742299199959,802.5405788206883,806.651954736778,2158500
2017-11-27,801.718505859375,810.76353515625,800.89623046875,805.8298828125,1856600
2017-11-28,813.230224609375,817.3416008713032,800.0738205712051,803.3629215807476,3433000
2017-11-29,814.052490234375,820.6306921756628,813.230214991714,819.8084169330019,2098100
2017-11-30,818.986083984375,826.3865606468844,814.8747080607587,818.986083984375,6365400
2017-12-01,833.7870483398438,844.4766258826622,825.5642963838295,828.0311219706338,4807600
2017-12-04,852.699462890625,866.6781426101434,845.2989853920564,849.41036178015,5416300
2017-12-05,857.6331787109375,859.2777293891944,843.6544979457544,849.4104253196534,3518700
2017-12-06,836.25390625,860.0998878441495,832.9648053404621,857.6330621619961,3228500
2017-12-07,839.5430908203125,848.5881192228819,837.0762648923389,841.1876414389615,2665200
2017-12-08,838.7208862304688,846.1213646383846,835.4317847158394,837.076335473154,4448800
2017-12-11,847.7657470703125,848.5880222857056,835.4316188394157,842.0098205625607,2681500
2017-12-12,852.699462890625,855.9885640010999,840.3653337263439,847.7658112249126,2289200
2017-12-13,849.4104614257812,856.8109397925111,844.4768091812946,851.8772875480245,1923500
2017-12-14,844.4767456054688,849.4103974785289,840.3653690445852,842.8321949811153,1734700
2017-12-15,832.142578125,843.654431972579,826.3866512012105,842.0098814229249,3940200
2017-12-18,832.142578125,843.654431972579,831.3203028501729,842.832156697752,2430100
2017-12-19,834.6092529296875,837.8983534338439,828.0310519213747,833.7869778036485,2381300
2017-12-20,864.211181640625,866.6780070877438,840.3652023184765,842.8320277655953,4840000
2017-12-21,851.8771362304688,863.3889894227724,844.4766591782735,861.7444389667289,3369700
2017-12-22,879.0123291015625,879.0123291015625,861.7445471454046,865.033648470387,4261600
2017-12-25,881.4791870117188,886.4128391778291,869.1450565964428,880.6569116507004,2442800
2017-12-26,872.4340209960938,879.0122228509182,867.5003696049754,879.0122228509182,2062700
2017-12-27,865.85595703125,871.6118845708689,861.7445802172365,866.6782323940527,1983200
2017-12-28,865.85595703125,875.7232613848824,859.2777541288283,862.5668555800391,2822100
2017-12-29,860.92236328125,870.7896683045308,858.4555370254297,866.6782912114971,1857300
2018-01-01,860.92236328125,860.92236328125,860.92236328125,860.92236328125,0
2018-01-02,860.92236328125,860.92236328125,860.92236328125,860.92236328125,0
2018-01-03,860.92236328125,860.92236328125,860.92236328125,860.92236328125,0
2018-01-04,885.5903930664062,885.5903930664062,865.8557882069877,870.7894394218423,4427700
2018-01-05,888.0571899414062,892.1685658207646,880.6567133585612,889.7017402931496,3588700
2018-01-08,888.0571899414062,888.0571899414062,888.0571899414062,888.0571899414062,0
2018-01-09,897.9246826171875,904.5028854202437,893.8133058652772,901.2137840187156,3007300
2018-01-10,907.7918090820312,908.6140842714171,893.813130862471,900.3913323775581,3110800
2018-01-11,913.5478515625,919.3037786200496,901.2137221534654,904.5028233292079,4052800
2018-01-12,905.324951171875,919.3036288920583,897.9244747317779,914.3699779319936,3249000
2018-01-15,924.2374267578125,928.3488032113614,913.5478479785851,914.3701232692948,3584900
2018-01-16,926.7042846679688,931.6379365827937,920.1260821148687,929.1711106253812,3423200
2018-01-17,922.5927124023438,922.5927124023438,903.6803840732404,920.9481621128565,4352900
2018-01-18,869.1448974609375,914.3700340364829,866.678071829544,912.725483615554,12893800
2018-01-19,888.0571899414062,890.5240154690213,874.0785119515878,875.7230623033312,5341800
2018-01-22,885.5903930664062,897.102245901067,879.0121914466,888.0572186738335,2834500
2018-01-23,897.102294921875,901.2136711589138,885.5904414581663,885.5904414581663,3003800
2018-01-24,912.7254638671875,916.0145646378801,893.8131344357053,894.6354096283784,3589300
2018-01-25,911.0810546875,920.1260832087657,902.8583014863493,904.5028521265795,3574500
2018-01-26,902.858154296875,916.0145572738786,898.7467783665613,910.2586309714395,3235700
2018-01-29,898.746826171875,905.3250280102784,888.8795234142698,900.3913766314759,1865000
2018-01-30,889.7017822265625,900.3913600167153,883.9458557241726,895.4577087289525,3034700
2018-01-31,881.4791870117188,895.4578681490315,880.6569116507004,889.7019406219027,3939500
2018-02-01,903.680419921875,904.5026950992379,872.4339631820831,877.3676142462607,3328700
2018-02-02,1005.6427001953125,1017.9768297970538,985.0858175257436,986.730368139309,15053200
2018-02-05,1018.7988891601562,1031.9552912800614,990.8415346553577,992.4860849203459,7397200
2018-02-06,965.3510131835938,982.6187911025506,933.2822827626736,969.4623888785835,9845400
2018-02-07,901.2136840820312,988.3748615571183,900.3914088228323,985.9080357795215,11418600
2018-02-08,894.6354370117188,916.8368678934434,881.4790335262522,903.680464407977,6579000
2018-02-09,898.746826171875,906.1473032400788,868.3226426692589,869.9671931288598,7114100
2018-02-12,898.746826171875,898.746826171875,898.746826171875,898.746826171875,0
2018-02-13,888.0571899414062,919.3036466245297,884.7680892379195,903.680418282968,5562800
2018-02-14,882.3013305664062,906.9695877117857,874.9008534227924,892.9909086627373,4129000
2018-02-15,911.9033203125,920.9483487376015,892.1687128395514,904.5028425101443,6246300
2018-02-16,966.99560546875,969.462430992905,920.9481956845237,921.7704708592421,9388200
2018-02-19,977.6851196289062,978.5073947505454,949.7277654931764,959.5950669528457,5025400
2018-02-20,971.1071166992188,980.9744201711837,966.1734649632363,966.9957402525666,3217800
2018-02-21,985.0858764648438,1004.8204850083798,966.995818633269,973.5740214811144,6089200
2018-02-22,946.438720703125,948.9055462132114,922.5927407722904,934.1045931526934,10484500
2018-02-23,940.6828002929688,948.0832768687001,931.6377733670748,944.7941761683751,4844300
2018-02-26,954.6615600585938,971.1070649691638,953.0170095675368,953.8392848130652,4629600
2018-02-27,962.88427734375,974.3961303606693,956.306075619796,961.2397269127615,4824300
2018-02-28,950.5501708984375,972.7516022256501,949.7278956640962,962.8842994135556,4438100
2018-03-01,939.8604736328125,948.083224933187,934.9268228525877,944.7941244130373,3397800
2018-03-02,923.4151611328125,934.1047400239314,908.6142057451094,925.0597117314462,4111300
2018-03-05,909.4364624023438,911.9032882497281,899.5691590128066,908.6141871198823,3629800
2018-03-06,915.1923828125,934.9269894499663,912.7255569828167,931.6378883437219,2742400
2018-03-07,910.2586059570312,915.1922569378282,905.3249549762344,910.2586059570312,3460400
2018-03-08,919.3037719726562,929.9933507165243,916.0146708206968,927.5265248525548,3492800
2018-03-09,925.0597534179688,934.1047821180556,917.6592753906251,920.1261013997397,4373400
2018-03-12,939.8604736328125,953.0168757134118,934.9268228525877,945.6163995430746,3078600
2018-03-13,951.3724365234375,952.1947117494733,936.5714824547928,937.3937576808287,2845800
2018-03-14,936.5714721679688,943.1496739040036,929.9932704319339,941.5051234699949,3521000
2018-03-15,949.727783203125,955.4837091619319,931.6377301897322,935.7491058745942,3201100
2018-03-16,925.0597534179688,949.7280135091146,916.8370000542535,949.7280135091146,4435700
2018-03-19,909.4364624023438,920.9483163568038,902.8582601426523,919.303765791881,2464400
2018-03-20,928.3486938476562,930.8155194291824,899.569062063185,900.3913372570271,2901300
2018-03-21,928.3486938476562,928.3486938476562,928.3486938476562,928.3486938476562,0
2018-03-22,925.8817138671875,937.3935646612733,920.9480635268651,928.3485390373488,3699300
2018-03-23,892.168701171875,912.725583687356,884.7682234663018,903.6805553805443,4650800
2018-03-26,857.6331787109375,862.566830745708,838.7208459109839,842.832222606626,6717900
2018-03-27,860.92236328125,869.1451174673173,851.0550582579691,860.1000878626432,4805300
2018-03-28,851.3978271484375,853.0542431545629,839.8029151055599,849.7414111423121,4131200
2018-03-29,858.8517456054688,870.4466582751664,843.9440007444288,858.0235375576332,4159400
2018-03-30,870.4464721679688,871.274680038728,858.8515619773393,870.4464721679688,2386600
2018-04-02,868.7901611328125,878.7286567797083,868.7901611328125,872.1029930151111,2199700
2018-04-03,878.7286987304688,880.3851147506958,864.6491625585385,867.1337865888792,3120000
2018-04-04,867.9619140625,881.2132409947519,865.4772902627028,881.2132409947519,2485400
2018-04-05,879.5569458007812,882.8697779883548,867.9620331442737,876.2441136132077,2301400
2018-04-06,880.3850708007812,886.1825265821598,870.4465751755607,872.1029911130975,2807400
2018-04-09,905.2313232421875,909.3723631472295,876.2440439068932,877.90045986891,3580500
2018-04-10,915.1697998046875,919.3108396228083,899.4338484958287,905.2313042411977,3334600
2018-04-11,899.4338989257812,920.9673071873561,899.4338989257812,919.310891167235,2462600
2018-04-12,900.2621459960938,903.574978180072,893.6364816281372,898.6057299041046,1360000
2018-04-13,916.826171875,927.5928748870822,904.4030530149051,905.2312609389114,2477200
2018-04-16,913.5134887695312,918.4827371218587,906.8878242997613,914.3416968282525,1726800
2018-04-17,905.2313232421875,912.6851950712631,901.0902833371455,907.7159471852127,1817800
2018-04-18,911.0288696289062,913.5134938188032,902.7467889959162,907.7160373757102,2269400
2018-04-19,906.8878173828125,916.8263140116652,901.9185690683861,909.3724415400256,2782000
2018-04-20,915.1697998046875,918.4826316591841,905.2313042411977,906.887720168446,2650200
2018-04-23,910.2006225585938,917.6544948088462,909.372414530788,914.3416626976228,2056500
2018-04-24,920.1392211914062,924.2802617908275,913.5135562323322,922.6238455510589,1726700
2018-04-25,906.8878173828125,914.341689854452,905.2314012780038,914.341689854452,1901700
2018-04-26,905.2313232421875,910.2005711282379,903.5749072801707,909.3723631472295,1808400
2018-04-27,887.0108032226562,909.3724201106223,884.5261791239933,908.5442120777348,4547900
2018-04-30,887.0108032226562,887.0108032226562,887.0108032226562,887.0108032226562,0
2018-05-01,868.7901611328125,929.2493429847623,862.99270533879,929.2493429847623,6266900
2018-05-02,882.8697509765625,890.3236231705486,855.5388862652806,874.5876707610225,3907200
2018-05-03,882.8697509765625,882.8697509765625,882.8697509765625,882.8697509765625,0
2018-05-04,882.8697509765625,882.8697509765625,882.8697509765625,882.8697509765625,0
2018-05-07,862.1643676757812,877.9003167495947,849.7412499859284,877.9003167495947,4023700
2018-05-08,864.649169921875,873.759458110707,862.1645458703754,864.649169921875,2714400
2018-05-09,857.1951904296875,863.8208537373566,849.7413192085598,854.7105666893117,2437900
2018-05-10,862.9927368164062,866.3055688195403,856.3670728101383,860.5081128140558,2072100
2018-05-11,867.9619140625,875.4157854618917,862.9926664629055,868.7901219957657,1894300
2018-05-14,862.9927368164062,864.6491528179733,851.3978248054373,859.6799048132723,2062800
2018-05-15,872.93115234375,879.5568157391485,864.649073099502,865.4772810239267,2700500
2018-05-16,877.9004516601562,880.3850755799492,867.1337480077204,868.790163954249,2590100
2018-05-17,879.5569458007812,883.6979860352482,868.7902411911672,876.2441136132077,2091000
2018-05-18,877.9004516601562,885.354323419535,872.1029958473063,882.0414915264778,2368600
2018-05-21,872.93115234375,876.2439840414493,867.1336968727763,873.7593602681749,1512400
2018-05-22,858.8517456054688,870.4466582751664,852.2260812227843,868.7902421794953,2484700
2018-05-23,846.4286499023438,859.6799790593276,843.1158176130978,856.3671467700816,2667200
2018-05-24,828.2079467773438,838.1464421386719,821.582283203125,835.6618182983399,3405900
2018-05-25,824.0670166015625,836.4901374548523,819.9259763171325,830.6926810566504,3087400
2018-05-28,832.3490600585938,837.3183081783466,822.4105638190882,824.0669798590058,2289200
2018-05-29,798.392578125,826.5516524572096,795.9079539192168,824.0670282514263,4163400
2018-05-30,801.7052001953125,807.5026551554025,776.8589646520693,782.6564196121594,5490500
2018-05-31,816.613037109375,817.4412450577618,793.4232145545449,806.6745417287335,6247400
2018-06-01,820.7540283203125,827.3796915156329,804.1898703320115,813.3001572255771,4654000
2018-06-04,844.772216796875,847.2568409639246,824.0670154047947,834.0055120729933,4923400
2018-06-05,828.2079467773438,850.569561340332,825.7233229370117,848.0849375,3340800
2018-06-06,830.6925659179688,834.8336056284272,822.4104864970518,828.2079420916937,2354900
2018-06-07,833.17724609375,839.8029100785909,829.8644141013294,831.5208300975397,2893700
2018-06-08,832.3490600585938,837.3183081783466,825.7233958989234,830.6926440186762,4815200
2018-06-11,834.0054321289062,836.4900560577908,819.0976885555991,831.5208082000217,3448300
2018-06-12,834.0054321289062,844.7721358207392,834.0054321289062,841.4593039155598,2238600
2018-06-13,827.3798828125,836.4901718124374,826.5516747215966,836.4901718124374,1953700
2018-06-14,830.6925659179688,843.9438929914359,823.2386944391435,826.5515262075103,3548300
2018-06-15,839.8028564453125,842.2874802809496,824.0669054862781,831.5207769931891,6322400
2018-06-18,824.0670166015625,832.3490971704224,811.6438957482726,832.3490971704224,5177000
2018-06-19,836.4900512695312,845.6003389566251,819.9258918384513,821.5823077815594,5435600
2018-06-20,841.4594116210938,846.4286601149191,829.8644984688347,846.4286601149191,4679800
2018-06-21,837.318359375,839.8029835867952,817.441365680638,834.8337351632048,3071400
2018-06-22,832.3490600585938,844.7721803579758,826.5516039188822,828.2080199587998,4889200
2018-06-25,842.28759765625,850.5696782625062,826.5516445043634,828.2080606256146,2688700
2018-06-26,841.4594116210938,843.1158277857022,831.5209146334431,838.1465792918768,2875000
2018-06-27,834.8336181640625,836.4900340731182,822.410498846145,835.6618261185904,2672500
2018-06-28,834.0054321289062,840.6310959392649,829.864392247432,833.1772241526114,2605200
2018-06-29,841.4594116210938,848.9132843618318,834.0055388803557,836.4901631272684,3692300
2018-07-02,827.3798828125,856.3671659941191,826.5516747215966,847.2568769941817,2964500
2018-07-03,843.9440307617188,854.7107357665298,836.4901580660804,848.0850711481845,4845400
2018-07-04,837.318359375,842.2876077985904,829.0362786690158,841.459399727992,3011100
2018-07-05,811.6439208984375,833.1773310447226,809.1592966507892,832.3491229621732,3395100
2018-07-06,834.8336181640625,838.9746579367018,819.9258749825614,820.7540829370893,3489400
2018-07-09,850.5697021484375,852.2261183162046,837.3183728063002,839.802997057951,2087900
2018-07-10,831.5208129882812,865.4773402119063,831.5208129882812,858.8516763633941,3744600
2018-07-11,824.8951416015625,829.8643894425358,819.0976857870936,824.8951416015625,2963600
2018-07-12,824.0670166015625,834.8337213410804,821.5823924309045,831.5208891135364,2114300
2018-07-13,836.4900512695312,838.9746751841932,819.0976838668973,826.5515556108833,3072500
2018-07-16,836.4900512695312,836.4900512695312,836.4900512695312,836.4900512695312,0
2018-07-17,853.8822631835938,860.5079257495189,834.8334833065592,838.9745224102624,3228900
2018-07-18,846.4286499023438,861.3363952039506,829.8644884561139,860.5081871316391,4113000
2018-07-19,849.7413940429688,853.0542259885553,846.4285620973822,849.7413940429688,2369100
2018-07-20,858.8517456054688,865.4774099881531,848.9132490314421,851.3978731749487,2540500
2018-07-23,857.1951904296875,864.6490616508153,850.5695271220185,850.5695271220185,1623300
2018-07-24,865.4773559570312,871.2748119299491,858.8516919879822,859.6798999841134,2479800
2018-07-25,863.8209228515625,870.44658668935,858.8516749732217,869.6183787096267,1707000
2018-07-26,864.649169921875,871.2748340592074,861.3363378532088,867.1337939733746,2457800
2018-07-27,858.0233764648438,867.9618711729307,857.1951685725032,867.9618711729307,3484100
2018-07-30,933.390380859375,948.2981242981228,925.1083011711818,932.5621728905558,8620400
2018-07-31,901.0902099609375,925.9364473679486,895.2927545659683,919.3107840594123,6851600
2018-08-01,911.85693359375,920.9672208503633,899.4338146074592,904.4030622019756,3553200
2018-08-02,914.341552734375,920.1390082317849,901.0902258831521,901.0902258831521,2752400
2018-08-03,926.7645874023438,940.0159130488473,924.2799638436243,925.1081716965307,2975900
2018-08-06,935.0467529296875,941.6724163694018,917.6543864004373,925.9364657000802,2810700
2018-08-07,954.9239501953125,955.752158304762,937.5315798968722,937.5315798968722,2599500
2018-08-08,936.703125,956.5801143899205,929.2492539787798,956.5801143899205,3270700
2018-08-09,954.9239501953125,957.4085745236611,937.5315798968722,938.3597880063219,2845900
2018-08-10,944.1570434570312,961.5494100470293,940.844211725603,954.9237465841728,2846300
2018-08-13,924.2802124023438,946.6418304443359,920.139172024197,940.8443739149305,2812200
2018-08-14,957.408447265625,957.408447265625,930.0775832865891,930.0775832865891,2731900
2018-08-15,946.6416015625,964.033966945538,938.3595228086723,954.9236803163276,2131600
2018-08-16,930.07763671875,935.8750930473619,913.5134757798586,931.7340528126391,3636900
2018-08-17,925.9365844726562,933.3904567984647,919.3109201830487,926.7647925088571,2816500
2018-08-20,920.1392211914062,927.5930942703645,915.9981805919849,925.1084699107117,2413100
2018-08-21,920.9674072265625,925.9366558267058,917.654574826467,920.1391991265386,2464700
2018-08-22,940.0162353515625,942.5008597621834,924.2802807509637,925.1084888878373,2613400
2018-08-23,955.7520751953125,959.0649073450363,940.8443305215554,946.6417867835721,3658400
2018-08-24,948.2982177734375,963.2059626816662,944.9853855716088,962.377754631209,2927900
2018-08-27,949.9546508789062,952.4392750747535,938.3597379649527,944.1571944219295,2565300
2018-08-28,956.5802001953125,964.0340718851461,954.0955762987013,960.7212400229978,2538400
2018-08-29,973.97265625,993.0214411936649,963.2059517166241,964.034159757653,5557700
2018-08-30,959.8929443359375,976.4571021329339,953.2672812171389,974.8006863532341,10810300
2018-08-31,964.8621215820312,969.8313685601361,952.439004136769,954.0954197961373,4208800
2018-09-03,964.8621215820312,971.4877842195044,956.5800432851897,969.8313685601361,2698300
2018-09-04,962.377685546875,971.4879734479211,954.095605636833,968.1751414839044,2707700
2018-09-05,945.8135375976562,962.3776976256362,944.1571215948582,962.3776976256362,2283200
2018-09-06,940.0162353515625,946.6419004465515,931.7341539828263,944.9854841728043,4015800
2018-09-07,942.500732421875,944.1571484718255,930.0776120472457,932.5622361221715,2583600
2018-09-10,939.1878662109375,947.4699461598876,935.8750342313575,941.6724901956226,2223700
2018-09-11,963.2058715820312,965.6904954984079,935.0468005297621,940.844256334641,3385800
2018-09-12,957.408447265625,964.0341112605429,950.7827832707072,961.5494872624487,2482800
2018-09-13,973.97265625,984.7393607833758,962.3777436755952,962.3777436755952,3467500
2018-09-14,977.2852172851562,979.7698407189321,967.346723550053,977.2852172851562,4223700
2018-09-17,977.2852172851562,977.2852172851562,977.2852172851562,977.2852172851562,0
2018-09-18,991.3648681640625,992.193076073974,973.972502055921,978.1135416054785,2964500
2018-09-19,986.3956298828125,1002.1315803175509,983.9110061299591,998.8187486470797,2686000
2018-09-20,979.7701416015625,988.0522222575352,970.6598528799926,987.224014191938,3436500
2018-09-21,1014.5551147460938,1020.3525725446428,970.6600771285076,985.5678257533482,7154100
2018-09-24,1014.5551147460938,1014.5551147460938,1014.5551147460938,1014.5551147460938,0
2018-09-25,1006.2727661132812,1022.8369268723476,1002.1317259235146,1016.211262568721,3677200
2018-09-26,1024.6444091796875,1024.6444091796875,1002.0972216916259,1009.6129508543131,2818000
2018-09-27,1022.1392822265625,1049.6969589532591,1021.3042011136323,1023.8094444524229,4153400
2018-09-28,1018.7990112304688,1029.6550662681705,1007.1078750360208,1027.1498227979316,3609500
2018-10-01,1043.0162353515625,1048.026721670305,1023.8093711297163,1027.1496953422113,2695900
2018-10-02,1046.3564453125,1054.7072549319134,1041.345959540852,1050.5318501222066,3809300
2018-10-03,1036.3355712890625,1048.0267058563848,1032.1601660864474,1043.0162196132467,2716400
2018-10-04,1045.5216064453125,1051.3671745324668,1037.1707948922349,1043.851444134697,2773200
2018-10-05,1060.552978515625,1060.552978515625,1042.1811946358266,1043.016275721272,3014300
2018-10-08,1060.552978515625,1060.552978515625,1060.552978515625,1060.552978515625,0
2018-10-09,1026.314697265625,1053.0372931260806,1023.8094539037073,1047.191725281606,3236200
2018-10-10,1023.8094482421875,1039.6759894465933,1022.9743671261662,1037.1707460985292,2598900
2018-10-11,1005.4375610351562,1006.2726420659163,989.5710214507144,997.0867507275552,4223100
2018-10-12,1002.0973510742188,1004.6025944519042,980.385241800944,992.9114586893717,4079600
2018-10-15,994.5814819335938,1003.7673730345757,984.5605098234316,997.0867249611343,2858100
2018-10-16,1013.788330078125,1014.6234110748944,994.5814671524274,996.2516291459664,2420400
2018-10-17,1027.9849853515625,1028.8200665744314,1015.4587670085297,1018.7990919000051,2665200
2018-10-18,1036.3355712890625,1058.047678342661,1035.5004902485393,1040.5109764916776,3607600
2018-10-19,1028.8197021484375,1031.3249449296432,1017.128569169478,1024.644297513095,2967800
2018-10-22,1049.697021484375,1054.7075084604342,1022.1393431160501,1032.9953982308448,2456600
2018-10-23,1007.1077880859375,1041.3461125565207,1004.6025448319924,1035.500544963982,3858400
2018-10-24,1027.1495361328125,1035.5003453696645,1007.9426748880526,1012.9531604301638,3271000
2018-10-25,996.2516479492188,1012.9532681998343,990.4060808615033,1008.7778631371804,4266300
2018-10-26,999.5919799804688,1010.4480332300478,981.2201975581042,997.921817942072,6457800
2018-10-29,893.5366821289062,904.3927352762669,845.937064482787,874.3298188681915,9596600
2018-10-30,918.5892333984375,922.764639004794,895.2069620028409,896.8771242453836,4538200
2018-10-31,942.8064575195312,945.3117005421695,926.1048373686095,933.6205664365243,6823200
2018-11-01,941.1364135742188,967.8590091681629,939.4662513495972,946.1469002480833,4937800
2018-11-02,968.6939086914062,973.704394426017,955.332613399111,960.3430991337217,5072500
2018-11-05,945.3118896484375,957.0030260928528,941.9715649500331,956.1679449182517,4435300
2018-11-06,956.16796875,964.5187807041484,949.4873191866812,953.6627251637555,3219700
2018-11-07,931.9505615234375,961.1784017145847,926.104993485208,957.8380771213107,4558500
2018-11-08,953.66259765625,960.3432463263463,938.6311381485333,946.1468679023916,3106800
2018-11-09,967.0238647460938,973.7045132072067,958.6730541697026,964.5186215731765,3015300
2018-11-12,946.1468505859375,958.6730666131124,943.6416073805026,956.1678234076774,4025200
2018-11-13,929.4451904296875,937.7960007659831,916.9189749252444,927.7750283624284,4589700
2018-11-14,931.115478515625,945.3118580086883,925.2699104890695,926.940072782371,3521700
2018-11-15,941.9713745117188,944.4766175290372,923.5995923847172,924.4346733904899,2300900
2018-11-16,951.9923706054688,963.6835049813254,942.8064793101529,959.5080998470909,3389000
2018-11-19,950.3223266601562,952.8275700520546,934.4557851781325,940.3013530925623,2572200
2018-11-20,926.9398803710938,948.6519856770834,926.1047993977865,941.971337890625,3508200
2018-11-21,912.7435913085938,923.5996450021087,906.8980239351628,915.2488344686357,2905100
2018-11-22,926.10498046875,928.6102238784941,916.9190879663548,922.7646559224245,2203100
2018-11-23,926.10498046875,926.10498046875,926.10498046875,926.10498046875,0
2018-11-26,924.4346923828125,931.1153405662475,919.4242062452363,927.7750164745299,3003800
2018-11-27,931.9505615234375,949.4872656381258,931.9505615234375,939.4662918583039,4588200
2018-11-28,931.9505615234375,946.9820221931703,924.434831188571,930.2803992268005,3393600
2018-11-29,923.5996704101562,938.6311297839201,916.9190217995945,937.7960487075998,2908100
2018-11-30,920.2593383789062,953.6625811512804,916.9190141016688,938.631121903712,5549100
2018-12-03,959.5081787109375,962.0134219973891,930.2803403690029,933.6206647509383,3475600
2018-12-04,940.3012084960938,964.5185575603804,938.6310464916602,960.3431525492964,2425500
2018-12-05,942.8064575195312,946.9818625572617,926.1048373686095,931.115323413886,2748200
2018-12-06,912.7435913085938,933.6206176422762,905.2278618284681,933.6206176422762,3207000
2018-12-07,921.094482421875,931.115455938704,912.7436711578507,924.4348069274846,2387000
2018-12-10,887.691162109375,901.8875400546801,882.6806757757379,901.8875400546801,2625600
2018-12-11,877.6701049804688,891.866481559601,871.8245381537673,885.1858337576565,1956700
2018-12-12,882.6806640625,890.1963934632214,872.6596915282049,880.1754209289263,2634500
2018-12-13,926.9398803710938,926.9398803710938,896.8769653320313,896.8769653320313,4589500
2018-12-14,915.2488403320312,924.4347319776995,909.4032729211515,918.5891645668197,4842000
2018-12-17,936.9609375,944.4766669451872,917.7540733622994,921.0943975601605,4490000
2018-12-18,930.2803955078125,935.2908823776929,908.5682857383304,919.4243406230714,4320000
2018-12-19,918.5892333984375,934.4557747025924,909.4033410644531,930.2803690962359,3814600
2018-12-20,873.4947509765625,908.5681539794456,867.6491838094154,906.8979919316891,5124500
2018-12-21,872.6597290039062,875.1649722450658,856.7931884765625,862.6387560392682,4200300
2018-12-24,872.6597290039062,872.6597290039062,872.6597290039062,872.6597290039062,0
2018-12-25,850.94775390625,854.2880787498467,827.5654800010734,833.4110484773676,3401500
2018-12-26,866.8141479492188,866.8141479492188,834.2459863210689,847.6072833992841,7634300
2018-12-27,894.3718872070312,901.0525362244507,865.9791288829985,879.3404269178374,6796500
2018-12-28,899.38232421875,904.3928107046484,876.8351350322075,887.6911890849873,5209100
2018-12-31,899.38232421875,899.38232421875,899.38232421875,899.38232421875,0
2019-01-04,877.6701049804688,886.0209147328995,866.8140523023088,874.3297810794965,4525900
2019-01-07,914.413818359375,930.2803594998574,906.0630072328054,908.5682505707763,3145800
2019-01-08,904.392822265625,910.2383899072311,891.8666058907548,908.568227723915,3558300
2019-01-09,901.8875122070312,911.0734035350658,895.2068639684607,908.5681604456018,2926200
2019-01-10,904.392822265625,904.392822265625,884.3508760658327,888.5262815241227,2798300
2019-01-11,906.0629272460938,918.5891428301411,898.5471978956652,908.5681703629032,3049600
2019-01-15,903.5576782226562,918.5891368252513,901.0524351222238,901.8875161557013,4617300
2019-01-16,895.2069091796875,901.8875577556553,882.6806930997478,898.5472334676714,6749800
2019-01-17,904.392822265625,910.2383899072311,896.8770924407029,902.722660082309,3996900
2019-01-18,916.0839233398438,924.4347339445826,903.5577074327356,906.8980316746312,3061300
2019-01-21,934.45556640625,943.6414566926386,929.4450807954927,931.9503236008713,2650600
2019-01-22,929.4451904296875,931.1153524969467,914.4137318243556,929.4451904296875,4067400
2019-01-23,944.4766235351562,961.1782437568212,930.2802463467409,951.9923526349055,5284300
2019-01-24,934.45556640625,946.1466994980173,929.4450807954927,936.1257282765025,2883400
2019-01-25,952.8275146484375,952.8275146484375,935.2908119248466,937.7960551710739,2374200
2019-01-28,972.0343627929688,980.3851734698843,957.0029035745207,957.0029035745207,4464400
2019-01-29,971.1993408203125,975.3747464128332,959.5082051612546,967.859016346296,3514400
2019-01-30,956.16796875,970.3643490720524,951.9925627729258,968.6941866812227,2995000
2019-01-31,967.0238647460938,980.3851616683196,963.6835405155373,972.8694321495675,2483600
2019-02-01,957.0028686523438,964.5185979873098,951.1573013918146,964.5185979873098,2503200
2019-02-04,960.3433837890625,964.5187898055367,952.827652959409,957.8381401791779,2075000
2019-02-05,967.8587646484375,969.5289264511096,960.3430365364134,960.3430365364134,1294400
2019-02-06,982.055419921875,987.9009878976004,968.6941216916454,973.7046085279815,2367500
2019-02-07,964.5186157226562,978.7149936164096,961.1782915123613,972.8694262483936,2377200
2019-02-08,909.4033203125,937.7960777878213,881.0105628371786,935.2908344811754,7463800
2019-02-12,916.0839233398438,927.7750581864781,903.5577074327356,911.9085180374744,2703200
2019-02-13,928.6102905273438,932.7856965099307,916.9191537761002,929.4453717238611,2173400
2019-02-14,928.6102905273438,937.796183689035,921.9296409552046,921.9296409552046,1454800
2019-02-15,928.6102905273438,935.2909400994829,923.5998033482393,930.2804529203785,1200300
2019-02-18,931.9505615234375,940.3013730066224,927.775155781845,939.4662918583039,1300600
2019-02-19,932.7857666015625,941.1365791942354,927.7752790459588,934.455929120097,1387100
2019-02-20,945.3118896484375,951.9925390452463,935.2909155532244,935.2909155532244,1717100
2019-02-21,944.4766235351562,950.322190612739,927.7750033134912,936.1258134243237,2504200
2019-02-22,950.3223266601562,954.4977323133203,943.6416776150936,954.4977323133203,1654700
2019-02-25,955.332763671875,964.5186556302584,950.3222771491205,956.1678447590008,1392600
2019-02-26,958.673095703125,968.6940688289417,951.9924469525806,956.1678524216709,1649500
2019-02-27,961.17822265625,969.5290325837586,959.5080606707483,961.17822265625,1859300
2019-02-28,943.6416625976562,961.1783660618605,942.8065814803133,960.3432849445174,2489600
2019-03-01,951.9923706054688,952.8274516323157,940.3012362296122,947.8169654712343,1751200
2019-03-04,951.1572875976562,963.6835029742716,946.1468014470101,963.6835029742716,1634700
2019-03-05,958.673095703125,961.1783389845792,947.8170414834904,951.1573658587625,1359300
2019-03-06,958.673095703125,960.3432578907612,950.3222847649445,952.8275280463987,1383500
2019-03-07,951.9923706054688,957.0028567665502,947.8169654712343,951.9923706054688,1304300
2019-03-08,937.7960205078125,948.6520741735307,932.7855342005579,944.4766689174852,2403000
2019-03-11,945.3118896484375,951.9925390452463,941.136483775432,943.6417272992353,697500
2019-03-12,966.1887817382812,972.8694301859098,956.1678090668383,956.1678090668383,950100
2019-03-13,965.3536987304688,971.1992661103245,957.8379692420827,962.8484555676735,865600
2019-03-14,963.6836547851562,971.1993851950925,958.6731678451988,965.3538170984755,902800
2019-03-15,966.1887817382812,972.0343491299562,963.6835385704205,966.1887817382812,2128700
2019-03-18,974.5398559570312,981.2205062120923,972.0346121113834,977.0450998026791,1053000
2019-03-19,972.0343627929688,975.3746870637349,962.8484710483616,972.8694438606602,797600
2019-03-20,974.5398559570312,974.5398559570312,959.5083928831439,971.1995308295008,1899500
2019-03-22,967.0238647460938,981.2202427259587,962.8484594578982,980.3851616683196,1879900
2019-03-25,942.8064575195312,950.322186587446,931.115323413886,950.322186587446,1411800
2019-03-26,963.6836547851562,969.5292228817733,946.1469504953051,956.1679243752201,1885900
2019-03-27,972.1294555664062,986.4875795843288,972.1294555664062,979.7308153406005,1146700
2019-03-28,968.7511596679688,971.2849464848858,958.6160124003003,968.7511596679688,1113400
2019-03-29,977.197021484375,985.642976726245,973.818639387627,984.7983812020581,1631000
2019-04-01,987.3321533203125,995.7781084385359,987.3321533203125,994.0889174148913,1012900
2019-04-02,989.8662109375,994.9337853962245,979.7310620200512,994.9337853962245,1434300
2019-04-03,983.95361328125,998.3117346767705,983.95361328125,998.3117346767705,1152300
2019-04-04,1000.0012817382812,1018.5823866354453,997.4674947068498,1004.2242601240004,2298500
2019-04-05,1008.4471435546875,1010.1363347499215,989.8660404071137,995.7782095904327,1897500
2019-04-08,1001.6903076171875,1009.2916674557665,997.467329929088,1006.7578808429068,915000
2019-04-09,997.4673461914062,1004.224110602525,993.2443684344571,994.9335595372368,1051300
2019-04-10,989.0213623046875,994.0889354676491,986.4875757232066,992.3997444133286,860100
2019-04-11,983.95361328125,991.5549716671138,978.8860410240076,989.0211855384925,1040600
2019-04-12,953.5484008789062,975.5078857529998,939.1902761535374,973.8186946088388,5539800
2019-04-15,965.37255859375,972.129321908492,959.4603906933509,968.7509402511209,2234900
2019-04-16,978.88623046875,988.1767814050366,961.149724135839,963.6835107548263,2411100
2019-04-17,970.4403686523438,978.8863248634173,962.8390080623776,966.217390546807,2305300
2019-04-18,949.3255004882812,971.2849871543802,945.1025222832621,967.906604590365,2198200
2019-04-19,945.9470825195312,952.7038473946708,940.0349132537842,949.325464957101,1509000
2019-04-22,940.8795776367188,944.2579603212312,934.1228122676938,940.0349819655905,1334800
2019-04-23,946.7916870117188,954.3930475675666,940.8795176905037,940.8795176905037,2006100
2019-04-24,937.5009155273438,952.7036330764358,932.4333430109798,945.1022743018898,2219000
2019-04-25,944.2579345703125,945.1025302184077,933.2781911450763,940.8795519779321,1482500
2019-04-26,948.4808349609375,949.3254305397095,933.2781145430419,940.8794747519896,2090000
2019-05-07,936.6566162109375,945.9471687612713,930.7444464061795,940.0349989565134,3020300
2019-05-08,940.034912109375,942.5686989344676,931.5889560257328,934.9673384591897,2304000
2019-05-09,914.697021484375,941.7240802909309,908.784852370441,934.967315589292,3382500
2019-05-10,885.1361694335938,941.7240733954743,878.379404781429,940.0348822324331,5136600
2019-05-13,873.3118896484375,880.0686547521005,864.8659332688588,877.5348678382269,2779600
2019-05-14,869.0887451171875,870.7779360697963,839.5279034465349,849.6630491621872,3435500
2019-05-15,876.6903076171875,876.6903076171875,864.8659682080925,872.4673292567963,2713100
2019-05-16,862.3320922851562,872.4672393051582,857.2645187751554,872.4672393051582,1800000
2019-05-17,878.3794555664062,879.2240511967585,864.8659254807692,870.7780948932353,2395600
2019-05-20,899.4943237304688,905.4064929944249,885.9807939842833,888.5145808116931,3057500
2019-05-21,883.447021484375,884.2916171072089,871.6226827646988,881.7578302387069,2649800
2019-05-22,903.71728515625,903.71728515625,885.1361820969627,886.8253732841706,2849800
2019-05-23,899.4943237304688,902.0281105578786,892.737558857376,896.9605369030589,2244100
2019-05-24,894.4265747070312,904.5617200294905,887.669811158725,895.2711701505694,2481800
2019-05-27,892.7374877929688,904.5618253796306,888.5145100834467,903.7172298377262,1131100
2019-05-28,891.8930053710938,896.115983616222,885.1362401788886,888.5146227749912,3062400
2019-05-29,891.8930053710938,894.4267923181708,878.3794749866832,880.0686662847346,1797000
2019-05-30,889.3591918945312,892.7375743898572,882.6024269038795,883.447022527711,1450800
2019-05-31,890.2037963867188,894.4267745479461,881.7578400642642,881.7578400642642,2045900
2019-06-03,883.447021484375,887.669999598545,873.3118740103669,875.8456608788689,1793300
2019-06-04,872.46728515625,885.980815226434,868.2443070093176,884.2916239676609,2216600
2019-06-05,894.4265747070312,897.8049564811843,883.4468339410337,896.9603610376461,2307000
2019-06-06,897.8050537109375,901.1834358509599,890.2036938958872,891.8928849658984,1952800
2019-06-07,902.0280151367188,905.4063972158825,888.5144868200638,893.5820599388094,1016300
2019-06-10,906.2510375976562,915.541588775265,905.4064420360554,915.541588775265,1305600
2019-06-11,916.3861694335938,918.919956077189,907.9402139549431,912.1631916942684,1472200
2019-06-12,916.3861694335938,928.2105071037047,906.2510228592131,912.1631916942684,2115900
2019-06-13,915.5416259765625,920.6091995520785,911.3186479969658,914.6970303806431,1685100
2019-06-14,907.9403686523438,913.0079428029616,902.0281988099564,911.3187514194223,2669700
2019-06-17,903.71728515625,910.4740499050818,899.4943071882301,903.71728515625,1303800
2019-06-18,899.4943237304688,905.4064929944249,878.379433502054,880.0686247203272,1683900
2019-06-19,907.0955810546875,911.318558620119,896.1158393845656,904.5617945154286,1949600
2019-06-20,918.075439453125,923.9876087964294,913.8524613507648,915.5416525917088,1551600
2019-06-21,921.4537963867188,927.365965566102,910.4740536250072,912.1632448191167,3426300
2019-06-24,916.3861694335938,922.2983382686492,911.3185961464034,918.0753605293239,1104400
2019-06-25,920.609130859375,934.1226593857511,918.919939793578,923.1429174580705,2025100
2019-06-26,901.18359375,909.6295505798969,897.8052110180412,906.2511678479381,2069600
2019-06-27,910.4740600585938,910.4740600585938,894.4267436011603,900.3389128223199,2279300
2019-06-28,908.7847290039062,912.1631108961141,903.7171561655945,904.5617516386465,2956600
2019-07-01,906.2510375976562,918.9199710216682,902.872655351253,918.0753754600673,5744500
2019-07-02,923.9874877929688,929.8996563620279,902.8726000463287,905.4063865759256,4808100
2019-07-03,913.008056640625,919.7648230172438,907.9404818581608,917.2310356260117,2368600
2019-07-04,917.2308349609375,920.6092174101491,912.1632612871201,914.6970481240288,1267700
2019-07-05,912.1631469726562,919.7645065307618,907.0955739339192,919.7645065307618,2213500
2019-07-08,902.0280151367188,911.318565854419,902.0280151367188,906.2509927356734,1811200
2019-07-09,900.3389282226562,905.4065019274741,896.9605457527775,902.0281194575955,2428900
2019-07-10,888.5145263671875,893.5820997114871,884.2915485802712,891.0483130393372,2860800
2019-07-11,892.7374877929688,896.1158699605865,886.8253189996378,889.359105625351,2056300
2019-07-12,896.115966796875,900.3389449627415,891.8929886310084,893.582179897355,1815000
2019-07-16,885.1361694335938,891.048338504238,880.0685959444702,888.5145517596762,1891100
2019-07-17,876.6903076171875,880.9132859775785,870.77813791264,878.3794989613439,1598700
2019-07-18,847.1293334960938,874.1563909954706,843.7509513086717,872.4671999017596,3327500
2019-07-19,858.1090698242188,858.9536653653844,837.8387768362451,844.5955411655697,2714600
2019-07-22,864.865966796875,864.865966796875,851.3524360656738,864.865966796875,3064600
2019-07-23,874.1563720703125,875.0009675988829,858.1090570274758,861.4874391417572,2267100
2019-07-24,869.9335327148438,875.0011066918233,866.5551500635239,869.9335327148438,1430700
2019-07-25,869.0887451171875,877.5346998802311,867.3995541645788,876.6901044039267,1479300
2019-07-26,868.244384765625,871.6227675857248,863.1768105354755,868.244384765625,1071800
2019-07-29,867.399658203125,869.9334449359482,858.9537024270478,869.0888493583404,1321500
2019-07-30,856.419921875,871.6226423816568,855.5753262912968,867.399664463141,1947000
2019-07-31,846.2848510742188,861.4875729498035,830.2375335388792,839.528085796181,6026800
2019-08-01,853.04150390625,874.1563926168006,842.0617617767635,851.3523128094059,4560000
2019-08-02,823.4807739257812,847.9740482271635,820.1023912635217,833.6159219125601,4023000
2019-08-05,793.9197387695312,799.8319070369639,781.2508067678898,798.1427161034118,4987700
2019-08-06,780.4063720703125,783.7847546333875,768.5820330995502,772.8050113033939,5136000
2019-08-07,779.561767578125,792.2307020458086,777.8725763157672,788.8523195210929,3130400
2019-08-08,782.940185546875,789.6969509021878,777.8726115303904,777.8726115303904,1937200
2019-08-09,780.4063720703125,788.0077328372312,777.0279895072376,787.1631371964625,2385200
2019-08-13,777.87255859375,787.1631103250543,766.8928156385722,771.115793698256,3961700
2019-08-14,776.183349609375,781.25092316504,774.4941584241533,779.5617319798184,2010500
2019-08-15,784.6293334960938,788.0077159869273,767.7374210419259,768.5820166646344,3807100
2019-08-16,795.6090698242188,800.6766435173666,780.4063487447751,783.7847312068736,3506500
2019-08-19,799.83203125,805.7442004355861,793.9198620644139,805.7442004355861,2122000
2019-08-20,804.0549926757812,812.5009484811992,803.2103970952395,808.2779705784902,3223900
2019-08-21,802.3658447265625,805.7442272306744,793.9198884662829,795.6090797183389,1944900
2019-08-22,813.345458984375,815.0346499687663,803.2103130780276,807.4332905390057,3165900
2019-08-23,816.7239379882812,821.7915115435343,811.6563644330282,815.034746803197,3231000
2019-08-26,792.2307739257812,801.5213267116914,788.0077953867312,793.9199653414013,3538300
2019-08-27,815.0347900390625,816.7239813137548,800.6766642041774,803.210451116216,3271800
2019-08-28,815.0347900390625,825.1699376872166,812.5010031270239,816.7239813137548,2899300
2019-08-29,820.1023559570312,826.0145253614589,815.8793778110115,820.1023559570312,2505900
2019-08-30,830.2374267578125,840.3725733713362,828.5482356555586,838.6833822690822,3563300
2019-09-02,816.7239379882812,826.8590850987873,813.3455556181126,825.169893913703,1547300
2019-09-03,809.9672241210938,818.4131805769968,807.4334371843229,810.811819766684,2227800
2019-09-04,788.8523559570312,803.2104823502534,788.8523559570312,802.3658866800639,3070000
2019-09-05,798.1427612304688,815.0346715210607,792.2305926287615,797.2981657159391,3951400
2019-09-06,810.8117065429688,812.5008975982665,804.8995378494262,808.2779199600219,2549000
2019-09-09,817.5684204101562,821.7913977883078,807.4332747025923,812.5008475563742,2113700
2019-09-10,847.973876953125,851.3522589330179,827.7035850737674,830.2373715586871,3930000
2019-09-11,860.6429443359375,868.244304982673,854.7307749440322,860.6429443359375,3742100
2019-09-12,863.1767578125,868.2443317331214,858.1091838918787,866.5551404262476,2262700
2019-09-13,872.46728515625,874.156476415023,859.7983507154526,872.46728515625,3635700
2019-09-17,882.6023559570312,891.0483115164286,874.1564003976338,877.5347826213928,2382300
2019-09-18,880.9131469726562,883.4469335890685,869.9334049682031,881.7577425114604,1647000
2019-09-19,875.8456420898438,885.9807893464282,875.0010464851283,880.913215718136,2395300
2019-09-20,883.447021484375,885.9808083528769,877.5348521245369,878.3794477473709,2560500
2019-09-24,852.1968994140625,866.5550235865492,851.3523038745044,860.6428548096429,3647300
2019-09-25,848.818603515625,851.352390391791,831.0820953824627,843.7510297632929,2508700
2019-09-26,853.8861694335938,862.3321256099894,851.3523825806751,858.1091475217916,2455800
2019-09-27,846.1856689453125,856.4528358081474,839.3408910367558,850.4636551381603,2374900
2019-09-30,832.4962158203125,838.4853972290916,829.0738264438672,836.774202540869,2867100
2019-10-01,846.1856689453125,852.1748496152995,830.78491865106,830.78491865106,2537400
2019-10-02,844.474609375,846.1858041255066,835.0630382472139,835.0630382472139,1941100
2019-10-03,810.2506713867188,826.5070206542454,808.5394767269792,824.7958259945057,2543000
2019-10-04,812.8175048828125,818.8066864977385,806.8283232678865,813.6731022563733,2388800
2019-10-07,814.5286865234375,817.095478602818,800.839128766741,814.5286865234375,2019200
2019-10-08,808.5394287109375,816.2398042224703,808.5394287109375,811.9618178271743,2174400
2019-10-09,796.56103515625,797.4166324013158,782.8714792351974,783.7270764802631,2534100
2019-10-10,803.4058837890625,807.6838703907082,792.2831186247837,804.2614811093916,1576400
2019-10-11,811.9619140625,811.9619140625,803.4059402578372,810.2507193015674,2374500
2019-10-15,835.9185180664062,837.6297125762658,823.9401564973891,824.795753752319,2540300
2019-10-16,841.90771484375,849.608090284394,837.6297284878367,843.6189093861154,2347100
2019-10-17,836.7742309570312,841.0522178228647,835.0630362106979,837.6298283301979,1806000
2019-10-18,823.0845947265625,835.9185541037958,817.9510109756692,834.2073595201647,2523000
2019-10-21,827.3626098632812,827.3626098632812,813.6730527197317,821.3734286129783,2078600
2019-10-23,835.9185180664062,838.4853098311957,828.2181427720382,834.2073235565466,2441300
2019-10-24,835.06298828125,835.06298828125,823.0846257444288,829.929404336898,2673700
2019-10-25,823.0845947265625,833.3517622283491,819.6622055593003,829.929373061087,3421600
2019-10-28,834.2074584960938,837.6298480694111,825.6514845628005,827.3626793494592,2580100
2019-10-29,839.3410034179688,852.1749637148796,836.7742113585866,842.7633928304783,3131400
2019-10-30,830.7850341796875,840.1966051127221,828.2182421070416,831.6406315372361,6460900
2019-10-31,829.9295043945312,835.9186863850073,823.0847249768444,831.640699248953,3848300
2019-11-01,820.5178833007812,831.640649184942,820.5178833007812,821.373480676486,3137000
2019-11-05,891.5324096679688,906.9331614664557,858.1641141045802,859.0197114267185,8159300
2019-11-06,888.965576171875,901.7995354043852,880.4096033502016,891.532368018377,5477500
2019-11-07,889.8212890625,890.6768864558294,876.1317307692308,881.2653151292068,2371900
2019-11-08,910.3556518554688,914.6336389412558,894.9548983466357,902.6552751010522,4411500
2019-11-11,919.7672729492188,922.3340653388444,912.9224932435501,917.200480559593,3162200
2019-11-12,933.4567260742188,933.4567260742188,922.3339603189805,924.9007524163432,2792300
2019-11-13,930.0343627929688,932.6011549625906,924.9007784537251,929.1787654030949,2520900
2019-11-14,930.0343627929688,930.8899601828427,923.1895836739773,927.467570623347,2326600
2019-11-15,934.3123168945312,935.1679142543248,922.3339538574219,922.3339538574219,2580700
2019-11-18,947.1461791992188,951.4241655551322,937.7346092162094,939.4458037585747,3963800
2019-11-19,957.413330078125,960.8357191043202,946.2905657429905,947.1461629995392,2935700
2019-11-20,953.9910278320312,954.8466251664098,942.0126651507322,942.0126651507322,3302800
2019-11-21,950.5686645507812,954.8466513399387,942.0126909724664,948.8574698351183,3757700
2019-11-22,953.1355590820312,959.1247412306616,951.4243641824226,954.84675398164,2168800
2019-11-25,962.5470581054688,968.5362398003473,960.8358633355035,961.6914607204861,1603300
2019-11-26,956.5579223632812,965.1138966241334,947.1463506763438,965.1138966241334,3048100
2019-11-27,958.26904296875,961.6914324079241,953.9910561697824,956.5578482491629,1445200
2019-11-28,959.9801635742188,963.4025527491714,957.4133716930043,959.9801635742188,1183400
2019-11-29,964.2582397460938,973.6698108527547,962.5470449994281,962.5470449994281,2313800
2019-12-02,961.6914672851562,971.9586359750333,959.124675112687,963.4026620668023,1552300
2019-12-03,962.5470581054688,965.9694476453993,948.0019025607639,951.4242921006945,2341500
2019-12-04,963.4024658203125,964.2580630368492,952.2797020053356,953.1352992218723,1838400
2019-12-05,969.3917846679688,980.5145500701608,966.8249926520782,972.8141740224894,3009800
2019-12-06,978.8032836914062,982.2256727952224,971.958505483774,977.0920891394982,2178900
2019-12-09,988.2149047851562,995.0596833464386,981.3701262238737,988.2149047851562,1989200
2019-12-10,999.3375244140625,999.3375244140625,977.9475945250629,989.0703580673427,3123600
2019-12-11,996.7706298828125,999.3374212043991,992.4926443468347,995.0594356684213,3533300
2019-12-12,992.4927368164062,1012.1714721153522,990.781542442585,1008.7490833677095,3196700
2019-12-13,1002.76025390625,1018.1610086590763,1001.0490589337137,1014.7386187140038,2987100
2019-12-16,1015.59423828125,1023.2946158250843,1012.1718482617681,1013.8830432715091,4464000
2019-12-17,1028.427978515625,1034.4171597549007,1019.8720053166597,1026.7167838758319,2779700
2019-12-18,1011.316162109375,1017.305344118483,1007.0381749600122,1016.4497466886104,3143400
2019-12-19,996.7706298828125,1007.8933922763546,994.2038385612258,1005.3266009547679,2806500
2019-12-20,991.6372680664062,997.6264491505001,984.7924896845846,997.6264491505001,3534600
2019-12-23,998.4824829101562,998.4824829101562,991.6377015363078,996.7712875666941,1144800
2019-12-24,999.3375244140625,1003.6155103918625,994.2039412407026,994.2039412407026,863300
2019-12-25,994.2041625976562,996.7709547558258,990.7817730534302,995.0597599837128,813500
2019-12-26,1008.7493896484375,1008.7493896484374,991.6374407146217,992.4930381613125,1295800
2019-12-27,1020.7275390625,1026.716719928751,1009.6047745966051,1009.6047745966051,2171600
2019-12-30,1019.8721313476562,1025.0057159014195,1015.5941442195201,1017.3053390707746,2075200
2020-01-06,1009.6046752929688,1012.1714668403237,997.6263147386453,1004.4710921982587,3944800
2020-01-07,1030.13916015625,1030.13916015625,1012.1716166651527,1013.8828112833523,3266800
2020-01-08,1025.8612060546875,1033.5615820801188,1015.5940380207791,1018.1608300292561,3512800
2020-01-09,1054.95166015625,1056.662855063235,1039.550905993385,1042.973295807355,3227800
2020-01-10,1066.9298095703125,1072.0633932570984,1061.7962258835266,1064.3630177269197,3112800
2020-01-14,1082.3309326171875,1084.8977253427618,1058.3742005118268,1060.940993237401,3422700
2020-01-15,1072.0633544921875,1082.330521494507,1064.3629792404479,1078.0525352435404,4017900
2020-01-16,1069.4964599609375,1073.7744458007812,1058.3736967773436,1065.2184741210938,2211600
2020-01-17,1072.0633544921875,1076.341340743154,1062.6517847400614,1065.2185764906412,2517100
2020-01-20,1075.48583984375,1084.0418131121967,1072.0634505363712,1076.3414371705946,1642500
2020-01-21,1072.0633544921875,1078.0525352435404,1071.2077572419942,1076.341340743154,1583300
2020-01-22,1071.207763671875,1072.063360927204,1064.3629856292432,1069.4965691612172,1760600
2020-01-23,1069.4964599609375,1077.1968344726563,1067.785265625,1072.0632514648437,1886200
2020-01-24,1085.7529296875,1096.0200968713061,1061.796206258619,1079.7637488302796,3803800
2020-01-27,1085.7529296875,1086.608526952817,1069.4965816464735,1072.9189707077423,1948500
2020-01-28,1090.0308837890625,1102.8648423894047,1082.3305086288572,1100.2980506693361,3425600
2020-01-29,1095.1646728515625,1097.7314650535584,1076.3415300369263,1094.3090754508974,2686300
2020-01-30,1066.0745849609375,1085.7533293061233,1060.9409994795847,1085.7533293061233,2774200
2020-01-31,1077.1971435546875,1085.7531176893553,1072.9191564873536,1078.0527409681542,2789000
2020-02-03,1072.0633544921875,1077.1969379933473,1043.828645235809,1043.828645235809,2879000
2020-02-04,1059.2294921875,1063.5074788279987,1048.9623242503028,1056.6627002032008,2952800
2020-02-05,1053.240478515625,1065.2188430153965,1037.8397241587759,1065.2188430153965,5230300
2020-02-06,1081.4749755859375,1086.6085593308073,1069.4966135145742,1069.4966135145742,3203500
2020-02-07,1068.64111328125,1101.153813285003,1062.6519317016111,1095.1646317053642,3109600
2020-02-10,1023.29443359375,1036.9839912338,1007.0380838961904,1023.2944335937499,5382800
2020-02-12,1023.29443359375,1045.5399647588315,1019.8720441837374,1036.9839912338,2849200
2020-02-13,1012.171630859375,1021.5832013914571,1009.60483889608,1013.8828255015718,2191100
2020-02-14,978.8032836914062,1005.3267992459811,976.2364918635442,996.7708264864408,4969300
2020-02-17,961.6914672851562,970.2474411933871,951.4242985952791,964.2582594576255,4343300
2020-02-18,962.5470581054688,964.2582528754341,951.4242921006945,958.2690711805556,2526400
2020-02-19,962.5470581054688,967.6806424153647,954.8466816406251,963.4026554904515,3457900
2020-02-20,950.5686645507812,976.2365852857258,950.5686645507812,966.8250143495795,4110600
2020-02-21,953.1355590820312,966.8251182789006,946.2907794835966,947.1463769334009,1913700
2020-02-25,907.788818359375,924.0451685467718,900.9440393331025,908.644415737659,5133800
2020-02-26,914.6336059570312,920.6227876611465,895.8104634583832,900.0884503898941,4740200
2020-02-27,889.8212890625,901.7996525691105,887.2544968825121,898.3772629957933,3207400
2020-02-28,859.8753662109375,872.709326900653,852.1749897971082,862.4421583488805,5772700
2020-03-02,875.276123046875,885.5432916456654,840.1966303343414,843.6190198672715,3805500
2020-03-03,867.57568359375,891.5324085845045,867.57568359375,889.8212139423077,3518200
2020-03-04,873.5648803710938,876.9872697163282,848.752557618144,853.0305442996871,3414100
2020-03-05,884.6876831054688,895.8104489472203,876.9873067534869,888.1100725952385,4567900
2020-03-06,840.1966552734375,872.7093568013302,832.4962785957787,870.142564575444,4580900
2020-03-09,776.0267944335938,814.5286750835515,772.6044050424864,814.5286750835515,5025600
2020-03-10,829.9295043945312,832.4962966761639,770.0376844897713,795.705607306097,11485100
2020-03-11,788.0051879882812,805.1171356101765,784.5827984639021,805.1171356101765,9885700
2020-03-12,705.867919921875,766.615340909091,703.3011274857954,762.337353515625,8373500
2020-03-13,635.7088012695312,650.2539555381477,601.4849088727866,641.6979824389615,8344700
2020-03-16,602.340576171875,635.7088751359419,598.0625891251997,635.7088751359419,6417200
2020-03-17,589.5064697265625,615.1743856798236,574.1057201546058,590.3620669250045,7344600
2020-03-18,587.79541015625,609.1853450236536,570.6834622623271,599.773773681996,8863100
2020-03-19,616.0300903320312,630.5752452426486,584.3729884677463,606.6185195075141,8174400
2020-03-23,633.9976806640625,636.5644728934717,609.185355779774,628.8640962052442,7295200
2020-03-24,697.3118896484375,697.3118896484375,651.1096294754122,657.0988113496933,5119100
2020-03-25,756.3480224609375,764.048398255223,731.5357004571284,752.9256332190328,6583800
2020-03-26,699.8785400390625,763.1927355927186,689.6113731925237,749.5031797973335,6860600
2020-03-27,668.2215576171875,768.3264516520286,651.9652073038372,726.4021797912832,14408800
2020-03-30,678.6624755859375,678.6624755859375,630.8080702561598,676.0522352952223,6805500
2020-03-31,690.8436889648438,700.4145713056665,661.2609617295734,665.6113627935838,7889100
2020-04-01,654.3002319335938,706.5050376729762,643.8592707857173,689.9735158555051,4895200
2020-04-02,617.7568969726562,643.8593010700924,613.4064962897502,633.4183394311179,6414300
2020-04-03,602.9654541015625,622.9772945695797,598.6150539998196,609.926094264351,4313300
2020-04-06,609.0560913085938,617.7568926130023,580.3434470040457,593.3946489606585,8051100
2020-04-07,606.4459228515625,635.1585705618947,589.9143984122803,617.7569658889661,8199700
2020-04-08,602.9654541015625,611.6662543050483,584.6937736742424,602.0953740812139,6873900
2020-04-09,591.6544189453125,605.5756993910845,582.953618666705,603.835539335363,8143000
2020-04-10,608.18603515625,614.2765963094599,588.1741913671316,596.0049128498301,5381400
2020-04-13,596.8749389648438,611.6663004260716,595.1347787929346,607.3158999962988,2607200
2020-04-14,616.8868408203125,618.6270011611315,590.7844357080285,600.3553175825326,5054700
2020-04-15,627.3277587890625,641.2490405375021,624.71751846123,633.4183195540048,5299000
2020-04-16,613.4064331054688,616.8867532933012,607.3158727767619,609.9261129176363,4014900
2020-04-17,638.6388549804688,638.6388549804688,618.6270107508356,626.4577324059094,4604400
2020-04-20,644.7294311523438,645.599511356328,622.1073458487527,627.3278270726584,3999200
2020-04-21,619.4970092773438,636.8986106615388,619.4970092773438,633.4182903846997,4111500
2020-04-22,592.5245361328125,605.5757373692181,589.9142958855314,602.0954170395099,5539300
2020-04-23,606.4459228515625,609.0561635525019,597.7451205150982,599.485280982391,4385600
2020-04-24,609.0560913085938,610.7962515694754,597.7450496128627,604.7056906563895,7015400
2020-04-27,626.4576416015625,626.4576416015625,611.6662806193034,619.497001139323,3439900
2020-04-28,626.4576416015625,629.0678817749024,615.1466008504232,626.4576416015625,3400100
2020-04-30,643.8592529296875,656.9104540025866,643.8592529296875,652.5600536449535,4692200
2020-05-01,626.4576416015625,630.8080418904623,612.5363606770833,628.1978017171224,4039400
2020-05-07,616.0166625976562,621.2371427891618,610.7961824061507,613.4064225019034,3229800
2020-05-08,663.87109375,666.4813339613369,617.7568500163827,628.19781086173,6907400
2020-05-11,672.57177734375,686.4930560468548,640.3788203428202,649.9496994512047,7848700
2020-05-12,654.3002319335938,685.6231153772233,653.4301518379374,683.0128750902542,4466300
2020-05-13,667.3514404296875,673.4420011637264,632.5482362351797,637.7687168643558,5425000
2020-05-14,616.0166625976562,649.0797038105247,613.4064225019034,642.9891435871016,6159300
2020-05-15,624.7174682617188,632.5481886159743,609.0560275532077,628.1977884191657,3805300
2020-05-18,636.0285034179688,637.7686634820398,617.7568227452227,628.197783129649,2830500
2020-05-19,659.5206909179688,668.2214915897098,653.43013044775,656.9104507164465,3709700
2020-05-20,660.3907470703125,661.2608271059783,643.859226392663,653.4301067849864,2486600
2020-05-21,666.4812622070312,676.9222219282902,661.2607823464017,664.7411022534881,2555900
2020-05-22,643.8592529296875,673.4419753615921,640.378932643581,673.4419753615921,2621200
2020-05-25,660.3907470703125,664.7411472486413,649.0797066066576,653.4301067849864,2302900
2020-05-26,686.4932250976562,694.3239462964889,670.8317826999911,675.1821833660092,4097700
2020-05-27,703.0247192382812,704.7648794344157,676.0522361981987,683.0128769827361,3771000
2020-05-28,712.5955810546875,720.4263017256181,696.0640596382784,718.6861415765225,4448300
2020-05-29,692.583740234375,708.2451815964589,689.1034199316897,701.2845409910883,7488000
2020-06-01,703.0247192382812,709.1152799247516,695.1939983556766,698.6743187479453,2357000
2020-06-02,713.4656982421875,718.6861789610327,702.1546566846894,704.7648970441121,3230300
2020-06-03,742.1783447265625,747.3988254632089,733.4775434988185,737.8279441126905,3949000
2020-06-04,743.9185180664062,765.6705215186404,737.8279570997806,764.800441380551,3987300
2020-06-05,778.7216796875,781.3319199546089,750.0090367493017,753.489357105447,3725500
2020-06-08,813.5249633789062,813.5249633789062,789.1627184862759,797.8635202336438,4131800
2020-06-09,799.6036376953125,828.316281921586,790.0327562865547,826.5761216654481,4196700
2020-06-10,805.6942138671875,811.7847748791424,779.5918095302376,787.4225308313225,3290000
2020-06-11,746.52880859375,791.7729788115531,743.9185680042614,784.8123372395834,5857400
2020-06-12,733.4776000976562,739.5681614270555,701.2846330708315,707.3751944002308,4969800
2020-06-15,719.5562133789062,746.5286953798084,719.5562133789062,729.1270940889037,2414700
2020-06-16,763.0601806640625,766.5405007583114,742.1782600985694,745.6585801928181,3456500
2020-06-17,747.39892578125,764.8005305724316,736.9579629065411,759.5800491350772,2895800
2020-06-18,741.3081665039062,746.5286465497084,730.8672064123019,740.4380864962725,2138700
2020-06-19,717.8161010742188,730.8673029119318,716.9460209517046,728.2570625443892,5132300
2020-06-22,729.9971923828125,737.8279131592669,710.8554304848126,717.8160711749944,2160500
2020-06-23,742.1783447265625,754.3594664454041,726.5169025166233,743.0484248493369,2980100
2020-06-24,719.5562133789062,743.0483751216275,718.686133314361,739.5680548634466,3157600
2020-06-25,691.7136840820312,701.2845652454304,688.233363658977,700.4144851396669,5058100
2020-06-26,687.36328125,696.064082278481,681.2727205300632,691.7136817642405,4361200
2020-06-29,651.6900024414062,669.9616847528475,649.949842221269,667.3514444226416,5116300
2020-06-30,669.091552734375,683.8829134580218,663.8710724789703,665.6112325641052,5296100
2020-07-01,661.2608642578125,678.6624659488076,657.7805439196135,669.96166510331,4691300
2020-07-02,665.6112670898438,674.3120679668351,654.3002259497549,656.0403861251532,3644700
2020-07-03,672.57177734375,677.7922568574143,663.8709781543095,671.701697424806,2672900
2020-07-06,692.583740234375,694.3239003857177,676.9222988722912,677.7923789479624,2288500
2020-07-07,686.4932250976562,691.713705896878,683.8829846980454,689.9735456304708,2692600
2020-07-08,678.6624755859375,684.7530362642729,671.701834810697,678.6624755859375,2479000
2020-07-09,671.7017822265625,679.5325024856804,669.0915421401899,670.8317021977716,2697600
2020-07-10,666.4812622070312,683.8828617424629,663.0009422999449,677.7923019050618,3282800
2020-07-13,696.9341430664062,703.894783696283,676.0522211767761,679.5325414917145,3424900
2020-07-14,696.06396484375,696.9340447998046,680.4025256347657,685.6230053710938,2310200
2020-07-15,702.1546020507812,710.8554025718565,689.9734813212757,707.3750823634265,3089900
2020-07-16,718.6860961914062,735.2176165638477,709.1152159757822,730.8672164658368,3595900
2020-07-17,700.4144897460938,709.9853709724379,699.544409634608,705.6349704150088,2176000
2020-07-20,704.7648315429688,709.1152317376784,696.9341111924913,703.0246714650849,2361100
2020-07-21,698.67431640625,702.154636786854,692.583755740193,701.284556691703,2172200
2020-07-22,706.5050659179688,721.2964281354632,702.1546652657645,709.1153063092913,3292000
2020-07-27,694.323974609375,695.1940547780584,684.7530927538572,694.323974609375,2557900
2020-07-28,689.103515625,701.284638375947,687.3633552320076,693.4539166074811,2381900
2020-07-29,629.93798828125,659.5207114878281,627.3277479983167,652.5600707333391,9612100
2020-07-30,612.5364990234375,636.8987461436878,611.6664187691429,631.6782646179199,3178400
2020-07-31,587.3041381835938,602.9655818684896,586.4340579788774,601.2254214590567,4851200
2020-08-03,613.4064331054688,617.7568333402593,596.0048321663065,596.0048321663065,2836500
2020-08-04,638.6388549804688,641.24909553216,617.7569305669384,623.8474918542181,4613600
2020-08-05,620.3670043945312,629.9378838452183,608.1858850936569,612.5362848439692,6300100
2020-08-06,643.8592529296875,657.7805340741131,621.2371710699957,622.1072511415224,4467400
2020-08-07,642.1190795898438,643.8592396971333,633.418279053396,637.7686793216199,2085400
2020-08-11,682.142822265625,683.8829825265067,660.3908190046038,668.2215401785714,3831400
2020-08-12,697.8042602539062,703.0247410039354,684.7530583788332,684.7530583788332,3783400
2020-08-13,697.8042602539062,710.8554621289793,694.3239397538867,709.9853820039745,3784200
2020-08-14,696.06396484375,702.1545245361328,693.4537249755859,700.4143646240234,2345100
2020-08-17,689.103515625,694.3239968039773,683.8830344460227,688.2334354285039,1501300
2020-08-18,669.091552734375,687.3632336282916,666.4813126066726,683.8829134580218,2338400
2020-08-19,677.7923583984375,681.2726785956053,662.1309175111821,664.7411576590581,1912700
2020-08-20,669.091552734375,683.0128334154543,667.3513926492401,672.5718729046448,2173200
2020-08-21,671.7017822265625,681.2726625432622,669.0915421401899,669.0915421401899,1788600
2020-08-24,658.650634765625,675.182156642173,657.7805546668593,672.571916345876,1737200
2020-08-25,685.6232299804688,685.6232299804688,671.7019461229974,671.7019461229974,3304300
2020-08-26,675.18212890625,685.6230896625323,669.0915684650854,672.5718887171795,2061700
2020-08-27,670.8317260742188,676.922286492532,666.4813257754236,674.3120463132549,2116700
2020-08-28,669.9616088867188,695.1939292214133,665.6112088290128,674.3120089444247,2963600
2020-08-31,689.9736328125,694.3240340282157,681.2728303810687,689.1035525693569,3644300
2020-09-01,671.7017822265625,678.6624224568895,668.221462111399,676.9222623993078,2470400
2020-09-02,671.7017822265625,675.182102341726,660.390741852281,671.7017822265625,3172900
2020-09-03,680.402587890625,686.4931481402854,678.6624278192935,684.7529880689538,1636200
2020-09-04,664.7412719726562,672.5719937629101,658.6507105802366,669.0916729672417,3177800
2020-09-07,676.0521850585938,676.0521850585938,661.2608245103362,664.741144639338,2442100
2020-09-08,663.0010375976562,678.6624794306717,655.1703166811485,677.7923993288376,3653200
2020-09-09,652.5599975585938,656.9103975423177,645.5993575846354,654.3001575520833,2653000
2020-09-10,663.0010375976562,663.0010375976562,652.560076375646,653.4301564774802,2301800
2020-09-11,652.5599975585938,656.0403175455729,640.3788776041666,654.3001575520833,4785200
2020-09-14,655.1702880859375,663.8710887245289,653.4301279582191,659.5206884052332,3173100
2020-09-15,647.3394775390625,649.0796374249202,642.1189978814895,648.2095574819914,2092300
2020-09-16,627.3277587890625,638.6388002096697,626.457678679785,638.6388002096697,3194600
2020-09-17,609.0560913085938,632.5482548304966,607.3159310477121,626.4576939174107,4171000
2020-09-18,609.9262084960938,619.4970905124376,609.0561283127897,616.8868499625256,4905100
2020-09-23,621.2371826171875,622.1072627048866,604.7056609509037,613.4064618278952,3456500
2020-09-24,617.7568969726562,626.4576983384683,614.2765764263314,615.1466565629127,3935500
2020-09-25,612.5364990234375,622.9774620749733,606.4459372433749,622.1073818206787,3088600
2020-09-28,632.5482788085938,633.4183589720168,613.4065152132855,619.4970763572472,2992700
2020-09-29,636.5044555664062,642.6585041699489,625.9546579603332,633.8670061648879,2882900
2020-09-30,620.6795654296875,645.2957521606099,618.0421168513744,630.3502102168356,4086400
2020-10-02,603.975830078125,631.2294701544305,598.70093199884,625.0754223952647,4937500
2020-10-05,628.5921020507812,630.3504016369374,614.525705361533,615.404855154611,3618000
2020-10-06,632.9878540039062,634.7461535983615,626.8338054233127,631.2295544094509,1810300
2020-10-07,625.95458984375,627.7128892534234,618.0422425002195,623.3171407292398,1587700
2020-10-08,625.075439453125,633.8669364918469,624.1962897492529,632.1086370841025,2065900
2020-10-09,615.4048461914062,628.5920928955078,613.6465466308593,625.9546435546874,2233700
2020-10-12,599.5801391601562,615.4048349151165,594.3052405751696,615.4048349151165,2548800
2020-10-13,604.8550415039062,607.4924908127896,598.7009931165119,605.734191273534,1577400
2020-10-14,581.9971313476562,597.821826761943,580.23883185718,597.821826761943,3687700
2020-10-15,584.6346435546875,589.9095425942787,577.6014448352327,581.11804419496,2897800
2020-10-16,580.23876953125,588.1511163884943,577.6013205788353,581.117919182055,2812300
2020-10-19,586.3928833007812,599.5801295519233,585.5137335507052,596.9426803016948,3463300
2020-10-20,581.9971313476562,588.1511795643233,579.3596821119419,583.7554308381326,3889500
2020-10-21,597.82177734375,598.7009270163143,582.8762329101562,583.7553825827206,2840500
2020-10-22,599.5801391601562,601.3384386884852,590.7886415185118,596.0635401034984,2486500
2020-10-23,611.009033203125,614.5256319553732,603.0966860105666,607.4924344508769,3884800
2020-10-26,615.4048461914062,619.8005950927734,606.6133483886719,606.6133483886719,2913200
2020-10-27,625.95458984375,625.95458984375,602.2175478131584,608.3715957470155,4366700
2020-10-28,595.1843872070312,620.6797302336249,589.0303388902673,619.8005804740872,3359300
2020-10-29,611.8882446289062,617.1631432895002,594.3052490935928,600.4592975309525,4201500
2020-10-30,599.5801391601562,617.1631344434453,593.4260908110051,615.4048349151165,3675900
2020-11-02,621.558837890625,625.075436690572,604.8549935908769,604.8549935908769,2953200
2020-11-04,624.1962890625,633.8669357944542,621.5588399537852,625.9545884683098,4156400
2020-11-05,560.0183715820312,576.7222162603022,554.7434732625773,575.8430665403932,10424000
2020-11-06,560.8975830078125,579.3597291569724,549.4686353916659,560.8975830078125,8334500
2020-11-09,560.0183715820312,575.8430665403932,559.1392218621222,567.0515693413032,5646400
2020-11-10,632.9878540039062,632.9878540039062,601.3384613037109,603.9759106953938,8627300
2020-11-11,616.2839965820312,640.0210406729226,611.8882476763106,631.2295428614814,6076000
2020-11-12,597.82177734375,614.5256211224724,591.6677296357996,598.7009270163143,4016900
2020-11-13,581.1179809570312,589.909478399649,574.0847830029371,580.2388312127695,4436000
2020-11-16,589.0304565429688,599.5802557646339,585.5138568024137,589.9096064781074,3686400
2020-11-17,592.5469360351562,602.2175833591721,587.272037494784,597.8218345755286,4277600
2020-11-18,580.23876953125,589.9094156901042,578.4804702296401,587.2719667376894,3681600
2020-11-19,579.3597412109375,581.9971907156914,571.4473926966758,574.9639920363477,4469800
2020-11-20,589.0304565429688,593.4262062186625,580.2389571915811,583.7555569321362,3560200
2020-11-24,612.7673950195312,616.2839941301168,602.2175976877746,606.6133465760065,3155400
2020-11-25,632.9878540039062,640.900202178955,625.0755058288574,628.592105017768,4770600
2020-11-26,632.9878540039062,635.6253033955892,624.1963560316298,632.9878540039062,3940900
2020-11-27,622.4379272460938,632.9877226231462,620.679628016585,631.2294233936375,3216600
2020-11-30,612.7673950195312,626.8337914618734,612.7673950195312,626.8337914618734,6287700
2020-12-01,623.317138671875,632.1086356912244,616.2839410563954,623.317138671875,3019500
2020-12-02,641.7793579101562,641.7793579101562,620.6797625816032,625.9546614137414,3665000
2020-12-03,646.1751098632812,655.8457577659971,641.7793608165923,646.1751098632812,4092400
2020-12-04,653.2081909179688,654.9664902205743,644.4166944049409,649.6915923127576,2752300
2020-12-07,648.8125,659.3622967479674,647.9333502710027,658.4831470189702,3044500
2020-12-08,654.9666137695312,670.7913104780569,649.6917148666894,658.4832130380925,3426600
2020-12-09,654.9666137695312,662.878962123794,650.5708646838297,650.5708646838297,3361900
2020-12-10,658.483154296875,668.1538014227303,655.8457050807326,668.1538014227303,4196700
2020-12-11,656.724853515625,667.2746503592494,654.9665540416876,663.7580514113746,4441700
2020-12-14,651.4500122070312,657.6040609053433,647.9334129508529,652.3291620210758,2746000
2020-12-15,623.317138671875,642.6584321144437,620.6796895660701,638.262683604769,5016600
2020-12-16,631.2294921875,633.8669413192026,619.8005459501219,622.4379950818245,3264400
2020-12-17,620.6795654296875,636.5042568995663,620.6795654296875,630.3502102168356,3225300
2020-12-18,628.5921020507812,631.2295514300154,619.8006041200011,620.6797539130791,3164700
2020-12-21,613.646484375,634.7460769609598,610.1298856106733,632.9877775787966,3055600
2020-12-22,589.0304565429688,605.7343053106051,588.15130660783,600.4594056997726,3748700
2020-12-23,583.7554931640625,595.1844410723951,580.2388938076525,590.7886918768826,2684100
2020-12-24,595.1843872070312,602.2175852833329,587.2720393711918,587.2720393711918,1830800
2020-12-25,589.9095458984375,596.9427446572862,589.0303960535814,594.3052951227179,1097200
2020-12-28,585.5137329101562,594.3052304012997,581.9971339136989,590.7886314048424,1817300
2020-12-29,599.5801391601562,600.4592889243207,586.3928926976895,591.6677912826761,2565500
2020-12-30,595.1843872070312,598.7009862451821,589.0303388902673,598.7009862451821,2672500
2021-01-04,576.7222290039062,599.580122226622,573.2056300465654,598.7009724872868,2806500
2021-01-05,593.4260864257812,595.184385941117,575.8430912724248,575.8430912724248,2929500
2021-01-06,602.2176513671875,602.2176513671875,589.9095533830406,593.4261528070825,3176900
2021-01-07,613.646484375,625.0754303590616,611.009035301755,614.5256340660817,4310700
2021-01-08,610.1299438476562,610.1299438476562,593.4260981227204,597.8218469977036,4078400
2021-01-12,615.4048461914062,618.0422955322266,608.3716479492188,613.6465466308593,2479200
2021-01-13,628.5921020507812,630.3504016369374,613.646555568455,622.4380534992351,3070200
2021-01-14,643.53759765625,646.1750468269723,618.9214053961749,622.4380042904713,4496200
2021-01-15,675.18701171875,677.8244609832764,641.7793210347494,641.7793210347494,5975800
2021-01-18,645.2959594726562,668.1538544948485,644.4168096641104,665.5164050692109,2796800
2021-01-19,643.53759765625,654.0873943391393,640.9001484855277,649.6916457212687,2322100
2021-01-20,651.4500122070312,653.2083118351204,643.53766388063,643.53766388063,2182300
2021-01-21,649.6915893554688,659.3622354757803,646.1749907662646,655.845636886576,2801500
2021-01-22,659.3622436523438,663.7579919433593,643.5375498046875,645.2958491210937,2478600
2021-01-25,647.0542602539062,662.8789568362029,644.4168108235234,660.24150740582,2407900
2021-01-26,645.2959594726562,652.3291579410231,640.900210429927,645.2959594726562,3167200
2021-01-27,680.4618530273438,680.4618530273438,646.1750154717024,655.8456619617551,4066800
2021-01-28,712.9904174804688,724.4193637532752,668.1537821025354,669.0329318158282,8838800
2021-01-29,694.5283203125,707.715566900712,686.6159723595728,705.9572673556171,8890400
2021-02-01,718.265380859375,727.9360285820838,695.4074862420632,695.4074862420632,4344500
2021-02-02,716.5069580078125,721.7818558581768,706.8363119488114,720.9027062164494,4589300
2021-02-03,715.6278686523438,720.0236172312893,703.319772631296,708.5946709260307,3028800
2021-02-04,721.7819213867188,725.2985202728903,706.8363761204895,708.5946755635753,3944500
2021-02-05,802.6636962890625,814.09264267653,760.4645096276441,761.343659349757,10887900
2021-02-08,826.4007568359375,837.8297034730302,792.9930666659741,800.0262645964928,5370100
2021-02-09,801.7845458984375,822.0049894901745,791.2347492418792,813.2134922763757,5202400
2021-02-10,800.905517578125,811.4553158338193,778.047621357454,793.8723187409955,5402100
2021-02-12,835.1923217773438,835.1923217773438,799.1471794690583,814.0927262798108,4020100
2021-02-15,836.95068359375,849.2587818818935,827.2800349387802,839.5881332269237,2068200
2021-02-16,845.7420654296875,851.8961137228349,826.4007707940814,836.9505678680483,2339000
2021-02-17,851.8960571289062,857.170955315463,841.3462607557929,852.7752068266657,2314800
2021-02-18,825.5215454101562,856.2917840569672,825.5215454101562,853.6543350300976,2873700
2021-02-19,821.125732421875,842.2253229766127,815.8508347831905,829.0380788799016,2176200
2021-02-22,833.4340209960938,846.6212681637535,824.6425228843206,834.313170807271,2245300
2021-02-24,838.708740234375,864.2040792981035,830.7963936283903,846.6210868403597,3486600
2021-02-25,860.6875610351562,868.5999083786868,845.7420160529318,858.050111920646,3246500
2021-02-26,810.576171875,842.2255668722885,805.3012727087852,834.3132181229663,5288900
2021-03-01,841.3462524414062,851.8960487102639,815.8509114583333,820.2466599036907,2816500
2021-03-02,856.2918090820312,886.1828989267839,848.3794617701849,860.6875575886124,4032500
2021-03-03,850.1378173828125,860.6876144961462,848.3795178639235,848.3795178639235,2647600
2021-03-04,982.0103149414062,982.0103149414062,982.0103149414062,982.0103149414062,2164900
2021-03-05,1066.408447265625,1069.9250456078034,953.8773003159135,982.0100870533414,25558600
2021-03-08,999.5931396484375,1068.1668114976706,985.5267454229537,1063.771063302207,14129900
2021-03-09,1007.5055541992188,1018.9345002765223,975.8561650620705,1004.8681051044564,6967900
2021-03-10,1046.188232421875,1053.2214306230305,970.5813517594538,981.131149061187,10183600
2021-03-11,1043.55078125,1052.342278985889,1017.1762880423337,1025.0886360046336,4865400
2021-03-12,1036.5174560546875,1046.1881023792012,1015.4178640739304,1026.8468097301738,7133800
2021-03-15,1081.354248046875,1083.9916974323553,1049.7048554211128,1049.7048554211128,6080000
2021-03-16,1053.2213134765625,1093.662198635095,1048.8255650897654,1088.3873005709386,5488100
2021-03-17,1031.2427978515625,1049.7049451276773,1020.6929994080682,1045.3091957762215,7701700
2021-03-18,1041.79248046875,1047.9465288765823,1018.9345863825159,1030.363533425633,6837000
2021-03-19,1042.6715087890625,1052.3421551606307,1034.7591617577796,1037.3966107682072,7251000
2021-03-22,1036.5174560546875,1049.7047010426606,1031.2425580594982,1033.000857391228,3838000
2021-03-23,1028.60498046875,1046.187971587874,1028.60498046875,1033.000728248531,3759300
2021-03-24,1010.1428833007812,1024.2092768019236,997.8347889872817,1007.5054345193171,4240800
2021-03-25,1017.1763305664062,1035.6384765836012,1007.5056826526375,1012.7805815146933,2922800
2021-03-26,1013.6596069335938,1030.3634512802878,1013.6596069335938,1027.726002172915,2771900
2021-03-29,1022.4509887695312,1047.0671776651004,1010.1428943217467,1039.1548312343816,4926300
2021-03-30,1026.4329833984375,1026.4329833984375,1005.1964389143319,1011.3904310555293,2679500
2021-03-31,994.5783081054688,1019.3542801935052,994.5783081054688,1016.6997117555014,6372000
2021-04-01,1014.929931640625,1022.0087803355901,1001.6570903375654,1001.6570903375654,6274400
2021-04-02,1007.8508911132812,1032.62685682985,1007.8508911132812,1017.584306216219,3718500
2021-04-05,1034.396728515625,1037.9361527363799,1006.9661908047743,1010.5056150255293,4019500
2021-04-06,1018.4691772460938,1031.7420162197614,1012.2751857250489,1028.20259249345,4464100
2021-04-07,1035.2816162109375,1043.2453209510215,1025.5481993063902,1030.8573357997798,4473300
2021-04-08,1017.5845947265625,1036.166574282439,1012.2754577105978,1034.396861943784,5175200
2021-04-09,1026.4329833984375,1034.396687579977,1014.0449991160425,1017.5844231967268,5694600
2021-04-12,1022.8935546875,1029.9724028168253,1020.2389866390031,1024.6632667198314,2693900
2021-04-13,1026.4329833984375,1034.396687579977,1006.0812949345029,1018.4692792168979,4169400
2021-04-14,1053.863525390625,1057.402949489334,1026.4329886256296,1030.857268749016,3886000
2021-04-15,1052.09375,1061.82716568545,1037.0511984861228,1047.6694701429774,2335700
2021-04-16,1047.6695556640625,1051.2089798386032,1033.5118589658994,1043.2452754458866,2547900
2021-04-19,1045.0150146484375,1058.2878556473593,1038.821022182274,1048.5544389148167,2962800
2021-04-20,1027.317626953125,1040.5904645106589,1021.1236360929425,1037.0510411619832,2774400
2021-04-21,1009.62060546875,1013.1600291513749,991.9234870556256,1001.6569021828441,2940500
2021-04-22,1020.2391967773438,1035.2817521504703,1008.7360661978942,1030.8574711583742,2920700
2021-04-23,1019.3541870117188,1029.0876037279766,1014.0450506210327,1020.2390430768331,2265100
2021-04-26,1039.7059326171875,1044.130213181516,1019.3542420212765,1026.4330909242021,2895600
2021-04-27,1036.1663818359375,1060.9423499754816,1035.2815258309538,1044.130085880791,3430200
2021-04-28,1030.857421875,1050.3242573095495,1026.4331410944205,1036.1665588116953,3103500
2021-04-30,1028.2027587890625,1029.087614863752,1018.4693419674793,1023.7784784156156,3637600
2021-05-06,1023.7784423828125,1041.4755632537342,1017.58445007799,1038.8209951230958,4590500
2021-05-07,1030.857421875,1036.1665588116953,1017.5845795332618,1029.9725657188842,3644200
2021-05-10,1090.1427001953125,1104.3003976004466,1030.8573423113141,1030.8573423113141,10408000
2021-05-11,1113.1490478515625,1121.1127532813432,1076.8699453381173,1086.603363085627,7133900
2021-05-12,1087.4879150390625,1108.7244569112654,1075.9847881916191,1108.7244569112654,4672600
2021-05-13,1068.021240234375,1083.9486489536946,1055.6332556749041,1073.3303764741481,3458900
2021-05-14,1091.9124755859375,1112.2641667840546,1081.2942019173547,1083.0639141954518,3500200
2021-05-17,1081.2940673828125,1114.0337404541415,1077.754643266993,1106.070036193548,2399700
2021-05-18,1105.1851806640625,1110.494316840191,1084.8334919889037,1089.2577721356774,2202700
2021-05-19,1104.3001708984375,1116.688153584798,1094.5667559305825,1094.5667559305825,2283300
2021-05-20,1109.6094970703125,1120.22776976955,1101.6457925458844,1109.6094970703125,2461400
2021-05-21,1108.7244873046875,1116.6881907250722,1093.6819363995162,1106.0699194978924,1941200
2021-05-24,1134.3853759765625,1140.579367889071,1111.3791203015307,1111.3791203015307,2787900
2021-05-25,1120.2279052734375,1133.5007477529807,1112.2641997857118,1131.7310354223748,2301600
2021-05-26,1149.4278564453125,1153.8521361083044,1121.9973225347624,1121.9973225347624,3273600
2021-05-27,1152.9674072265625,1163.58567958782,1142.3491348653047,1150.312839136248,5232800
2021-05-28,1165.35546875,1188.3617270548596,1165.35546875,1176.85859790243,3147100
2021-05-31,1148.543212890625,1161.816054333891,1132.6158031587058,1152.9674933717138,2151700
2021-06-01,1150.3128662109375,1162.7008509239784,1144.118873854417,1150.3128662109375,2552500
2021-06-02,1164.4705810546875,1166.24029318395,1134.385474857226,1141.4643233742756,3534900
2021-06-03,1189.24658203125,1191.9011502947126,1160.0463311331614,1167.1251798357282,2877500
2021-06-04,1217.5618896484375,1218.4467456728912,1181.2827926458315,1185.7070727681005,2421500
2021-06-07,1258.2652587890625,1264.4592509209353,1222.8710180355024,1241.4529944311214,5039900
2021-06-08,1252.0714111328125,1262.6896845841156,1238.7985693186838,1239.6834254396258,3928400
2021-06-09,1239.683349609375,1249.4167663443523,1232.6045010748462,1247.64705421072,2059200
2021-06-10,1233.4893798828125,1246.762221129758,1229.065099467164,1237.0288042153313,2246500
2021-06-11,1217.5618896484375,1240.5681462842365,1217.5618896484375,1236.1438661619675,2494300
2021-06-14,1206.943603515625,1223.7558677874702,1198.9798993868562,1203.4041794583943,1965000
2021-06-15,1194.5556640625,1214.9073531539352,1193.6708080150463,1212.2527850115741,2904200
2021-06-16,1171.54931640625,1195.4404278435377,1168.8947484687735,1185.7070120727908,3141000
2021-06-17,1175.0888671875,1182.1677157850152,1168.010018589985,1172.434298963432,3116200
2021-06-18,1157.3917236328125,1175.9737008471009,1152.9674433436962,1159.161435748459,5465100
2021-06-21,1157.3917236328125,1161.8160039219288,1128.1914737246452,1130.846041898115,2969000
2021-06-22,1182.167724609375,1186.5920050158472,1173.3191637964305,1176.8585881216084,2456800
2021-06-23,1173.319091796875,1189.2465002828053,1173.319091796875,1182.1676520668364,2220500
2021-06-24,1151.1976318359375,1179.513023241587,1147.6582079102313,1177.743311278734,2293700
2021-06-25,1141.46435546875,1166.2403259750483,1136.155218931686,1165.3554698855378,3034500
2021-06-28,1091.02734375,1147.6581223388077,1076.8696491027981,1132.6155717761558,7759400
2021-06-29,1085.718505859375,1107.83990980924,1074.215375805445,1091.0276428073425,5174700
2021-06-30,1103.4156494140625,1109.6096426345102,1084.833669752719,1085.7185259270686,3502800
2021-07-01,1118.4580078125,1125.536855963212,1098.106319379203,1102.5305994733978,3584400
2021-07-02,1110.494384765625,1118.4580895169322,1098.1063995969248,1106.070104348232,2868000
2021-07-05,1099.8760986328125,1108.7246593619582,1095.4518182682395,1106.954947216129,1540500
2021-07-06,1085.718505859375,1098.9913482292939,1078.639656595418,1093.6822112813263,2393100
2021-07-07,1066.2515869140625,1074.2152917125907,1061.8273064704356,1069.791011268964,4065700
2021-07-08,1053.863525390625,1072.4455019088475,1049.4392452672387,1066.2515097361068,3979200
2021-07-09,1062.7120361328125,1066.2514600666436,1036.1663566290786,1037.0512126125363,5441500
2021-07-12,1084.83349609375,1091.0274883226703,1070.6757995705036,1073.3303676686123,2851100
2021-07-13,1087.4879150390625,1088.3727709504042,1075.0999322802775,1084.833347305037,2508000
2021-07-14,1055.63330078125,1075.9849905699916,1054.7484447034785,1069.790998025592,4545500
2021-07-15,1053.863525390625,1066.2515097361068,1048.5543892425615,1055.6332374399794,3462600
2021-07-16,1044.1300048828125,1057.402843927933,1039.7057252011057,1048.5542845645193,3476100
2021-07-19,1029.972412109375,1037.0512603025666,1019.3541398195877,1030.857268133524,2904300
2021-07-20,1048.5545654296875,1061.8274080300632,1038.8211475227452,1038.8211475227452,5149700
2021-07-21,1061.827392578125,1082.1790842692058,1055.6333994547526,1058.287967936198,4162100
2021-07-26,1066.2515869140625,1091.0275573983727,1061.8273064704356,1083.9487086885697,3506700
2021-07-27,1080.4090576171875,1093.681896162853,1075.0999221989211,1079.5242017141431,3075000
2021-07-28,1069.7908935546875,1079.5243094596517,1062.7120456238047,1062.7120456238047,2511600
2021-07-29,1057.40283203125,1070.6756709270398,1052.97855239932,1062.711967589566,2989400
2021-07-30,1053.863525390625,1057.402949489334,1043.2452530944977,1047.669533217884,3805400
2021-08-02,1077.7547607421875,1081.294185243804,1064.4819188611261,1068.0213433627425,2197200
2021-08-03,1070.6759033203125,1081.294176741671,1068.0213349649728,1076.8698961494383,2472500
2021-08-04,1073.3302001953125,1079.524191457775,1068.9059207221248,1071.5604884060374,2210100
2021-08-05,950.33544921875,1014.045088272521,933.5231833573382,998.1176785090782,11608900
2021-08-06,970.6870727539062,979.5356331254095,935.2928312678933,950.3353838994489,5398700
2021-08-10,958.2991333007812,970.6871184034691,948.5657164343836,952.1051407494373,5132200
2021-08-11,964.4931640625,989.2691352494267,963.6083079486812,966.2628762901377,5070700
2021-08-12,968.0325927734375,986.6145712453225,966.2628805380199,973.3417294796903,4804900
2021-08-13,991.0386962890625,998.1175441196987,963.6081609453473,967.1475848606655,3869600
2021-08-16,981.305419921875,985.7297004445164,968.9174344584789,970.6871466675354,3003200
2021-08-17,963.6083374023438,988.3843093465729,960.9537689797477,980.420604078785,3251400
2021-08-18,982.190185546875,991.0387457770271,967.1476331556165,974.2264813397381,3603400
2021-08-19,958.2991333007812,973.3416866397592,957.4142772220177,970.6871184034691,3160200
2021-08-20,950.33544921875,963.6082906882856,949.4505931207809,958.2991541004714,2927300
2021-08-23,966.262939453125,970.6872203114269,940.6021104749742,945.0263913332761,3446700
2021-08-24,971.57177734375,988.3840394289333,970.6869214445298,976.880912739071,3314200
2021-08-25,982.190185546875,992.8084578230574,973.341625316723,976.8810494087838,2826700
2021-08-26,975.1115112304688,996.3480595694263,974.2266550496788,986.6146415807374,3048200
2021-08-27,974.2265625,982.1902673705722,964.4931454359673,967.147713726158,3100600
2021-08-30,981.305419921875,993.693405385271,981.305419921875,989.2691248626296,2286700
2021-08-31,991.0386962890625,999.0024000985281,981.3052805219378,983.0749924795967,4310100
2021-09-01,993.6934814453125,1001.6571869956312,986.6146320672516,999.8874746511159,3232800
2021-09-02,978.6507568359375,997.2327332315565,973.3416207229034,991.0387410996835,3750400
2021-09-03,994.5783081054688,997.2328765434727,972.4569044554361,985.7297466454556,4258800
2021-09-06,1007.8508911132812,1011.3903147870768,996.3477641734457,1000.7720437656902,3365300
2021-09-07,1004.3116455078125,1027.3179034665818,1003.4267894324752,1025.5481913159072,3536200
2021-09-08,1020.2391967773438,1025.548333967859,1007.8512099994749,1014.9300595868285,3346400
2021-09-09,1002.5418701171875,1014.9298543904802,1001.6570140976665,1013.1601423514384,3183100
2021-09-10,1003.4268188476562,1015.8148042655287,1000.7722505438265,1006.9662432527626,4094500
2021-09-13,991.0386962890625,993.693264225551,982.1901365007673,984.8447044372558,3470900
2021-09-14,994.5783081054688,1003.4268695654818,990.1540273754622,995.4631642514701,3642000
2021-09-15,987.4993286132812,1003.4267371393018,973.3416321457073,991.0387527301747,3576000
2021-09-16,988.3841552734375,1001.656995317396,985.7295872646458,994.5781472939515,2961800
2021-09-17,983.9599609375,994.5782338972573,979.5356805376013,988.3842413373989,5294000
2021-09-21,974.2265625,980.4205551771117,960.0688649523161,966.2628576294278,2839800
2021-09-22,962.723388671875,973.3416613410501,961.8385326161105,969.8022371179918,2641600
2021-09-24,983.9599609375,994.5782338972573,980.420536617581,994.5782338972573,2978700
2021-09-27,994.5783081054688,1009.6208625874909,992.8085958134661,994.5783081054688,2455700
2021-09-28,1017.5845947265625,1021.1240194038724,988.3843411387569,990.1540534774117,4074400
2021-09-29,1027.4290771484375,1028.3240502121557,1009.5296158740745,1011.3195620015108,3708300
2021-09-30,1027.4290771484375,1035.4838347219008,1012.2145350652289,1021.1642657024104,4608200
2021-10-01,1017.58447265625,1031.9040430718173,1014.8995532033312,1018.479445807223,2489400
2021-10-04,1017.58447265625,1027.4291773169525,1011.3196605994393,1023.8492847130607,2593400
2021-10-05,1008.6346435546875,1014.0044819409591,990.7351822671154,1005.9497243615517,3380300
2021-10-06,1011.3196411132812,1031.0090500553097,1003.2648829097242,1014.0045605144669,3325800
2021-10-07,1022.9542846679688,1036.3788815796217,1010.4246608837591,1011.3196340112027,3558200
2021-10-08,1026.5340576171875,1055.173194359777,1025.6390845939816,1033.6938418028349,3600400
2021-10-11,1041.748779296875,1048.908564721596,1032.799047515974,1037.2739134064245,2558100
2021-10-12,1047.1185302734375,1053.3833419930222,1033.6939337314705,1045.3285840678418,3173000
2021-10-13,1046.2235107421875,1053.383295246839,1035.4838339852104,1048.0134568683504,2443100
2021-10-14,1040.853759765625,1055.1733299773618,1039.9587866273914,1052.4884105626613,2256300
2021-10-15,1052.4884033203125,1059.6481883769134,1041.7487257354114,1046.2235913957868,2969900
2021-10-18,1058.753173828125,1064.1230124105161,1049.803442857473,1059.6481469251903,2613400
2021-10-19,1034.5888671875,1056.068220831531,1030.1140018449935,1054.2782746945286,2747600
2021-10-20,1040.853759765625,1060.5431688067633,1036.3788940744573,1044.4336523185593,2478800
2021-10-21,1016.689453125,1037.2738346583408,1015.7944800148548,1035.4838884380501,2756600
2021-10-22,1010.4246215820312,1023.8492179715179,998.7899713778095,1011.3195946746637,2959200
2021-10-25,997.8951416015625,1015.7946060249088,996.1051951592278,1006.8448738132356,2544900
2021-10-26,984.4703369140625,1005.9496897194603,973.7306605113637,1004.1597436523438,5105300
2021-10-27,962.9910278320312,971.0457854997713,915.5574548997844,930.7719971610711,7802200
2021-10-28,962.9910278320312,975.520650870738,951.3563778675178,954.9362701642913,9751700
2021-10-29,989.8402709960938,994.315136597342,960.3061580278559,976.4156741923493,5157900
2021-11-01,1014.0045776367188,1018.4794433809232,999.6850072552646,1005.0548461483099,2770700
2021-11-02,1004.1599731445312,1015.7946252397887,996.1052140016607,1006.8448928588214,3734900
2021-11-04,970.1510009765625,1013.1097168869637,962.9912149914956,996.1052251724299,6456500
2021-11-05,942.4066772460938,991.6301978999733,934.3519193209135,971.9407896384215,6346300
2021-11-08,968.3610229492188,971.9409158251863,940.6168531604703,945.0917192554297,5148400
2021-11-09,974.625732421875,983.5754636654184,968.3609205513947,971.940813048812,3325800
2021-11-10,979.1006469726562,981.7855664798939,967.4659957746264,971.0458884509433,2850300
2021-11-11,990.7352905273438,994.3151831760424,969.255934635152,974.6257736082,3276500
2021-11-12,1021.164306640625,1025.639172138612,997.0000329514954,997.0000329514954,3234200
2021-11-15,1018.4793090820312,1025.6390933286536,1013.1094708970644,1020.2692551436868,2199300
2021-11-16,1013.109619140625,1028.32416289097,1011.319672817055,1023.849297082045,3080100
2021-11-17,980.8905029296875,1012.2145609612012,978.2055836698435,1009.5296417013571,2817000
2021-11-18,965.6759643554688,981.7854799795637,961.2010989043313,979.9955337991087,3286600
2021-11-19,958.5162963867188,969.2559747776064,952.2514839920343,958.5162963867188,3694900
2021-11-22,936.141845703125,939.7217380385098,919.1373571100472,936.141845703125,4804800
2021-11-24,963.885986328125,981.785447541275,937.9317675690576,938.8267406297151,4733700
2021-11-25,982.6802978515625,987.1551625958774,955.8311093856728,962.0959200277138,2459600
2021-11-26,932.5621337890625,981.7856629238019,932.5621337890625,976.4158233818304,3747400
2021-11-29,879.7586059570312,911.9776393389774,877.9686596580342,904.8178541429894,6641100
2021-11-30,897.6580200195312,927.1921323432048,877.0736387030315,883.3384504080532,9618800
2021-12-01,910.1876831054688,928.0871459000699,901.2379517081682,906.6077905465485,6125000
2021-12-02,892.2882080078125,897.6580467721524,874.3887454600128,892.2882080078125,7163600
2021-12-03,921.822265625,927.192104065534,887.8132888349514,898.5529657160195,5691700
2021-12-06,928.0870971679688,943.3016397444928,910.1876353132345,913.7675276841813,4335900
2021-12-07,945.091552734375,947.7764719182794,923.6121992631391,934.3518759987571,4516500
2021-12-08,958.5162963867188,973.7308407738095,954.9364035897562,957.6213231874782,4620100
2021-12-09,919.137451171875,948.6715659612341,918.2424779964399,939.7218342068829,2658500
2021-12-10,901.238037109375,920.9274480492024,896.763170986687,914.6626354774392,3131900
2021-12-13,908.397705078125,918.24240927109,900.3429471020628,910.1876512950278,2210000
2021-12-14,903.0278930664062,910.1876781452281,894.078161717879,908.3977318755226,1956900
2021-12-15,920.0323486328125,932.561972057773,908.397698309635,914.6625100221152,2466000
2021-12-16,922.71728515625,929.8770701041161,913.7675539714173,917.3474464453503,2548700
2021-12-17,952.2514038085938,954.9363231802346,923.6122638444256,924.5072369683057,5859400
2021-12-20,918.2423706054688,947.7764819407324,915.5574513931721,933.4569128084834,2530700
2021-12-21,950.4615478515625,955.8313871049612,937.0369497180659,939.7218693447652,2629400
2021-12-22,952.2514038085938,969.2558931623187,947.7765381891925,953.146376932474,1689700
2021-12-23,960.30615234375,962.0960985736546,950.4614480792754,956.7262598839411,1360500
2021-12-24,964.7809448242188,974.6256483428332,957.6211604470445,967.4658639656591,1086300
2021-12-27,963.885986328125,971.9407438740425,955.8312287822075,963.885986328125,955900
2021-12-28,972.835693359375,975.5206124762822,963.8859629696843,972.835693359375,1283800
2021-12-29,974.625732421875,983.5754636654184,968.3609205513947,975.5207055462294,1159900
2021-12-30,958.5162963867188,970.1509479768471,956.7263499882375,969.2559747776064,1027300
2022-01-04,957.6211547851562,973.7306695385514,938.8267209061953,972.8356964966962,3102700
2022-01-05,976.4156494140625,988.9452727795958,967.4659184386815,981.785487999291,2900100
2022-01-06,948.6715698242188,979.10065791292,947.7765966451393,975.5207651966023,1788400
2022-01-07,951.3563842773438,964.7809804806928,949.5664381168972,950.4614111971205,1741600
2022-01-11,957.6211547851562,960.3060739107221,946.8814782828929,955.8312087014457,2003900
2022-01-12,955.8312377929688,969.2558338293868,947.7764801711179,951.356372447496,2183200
2022-01-13,948.6715698242188,962.0961675104105,936.1419453171064,962.0961675104105,2782500
2022-01-14,942.4066772460938,953.1463544796675,940.6167310404982,949.5664620684762,2896500
2022-01-17,951.3563842773438,952.251357357567,936.141841913548,937.9317880739945,1752500
2022-01-18,948.6715698242188,969.255952943046,946.8816234660599,956.7263284359337,1538400
2022-01-19,953.1463012695312,969.2558162205656,949.5664090581903,957.6211665337075,3578000
2022-01-20,991.6300659179688,1003.2647147058149,953.1462276197082,954.0412006033887,3492100
2022-01-21,952.2514038085938,973.7307587817199,944.1966456936715,969.2558931623187,2740200
2022-01-24,948.6715698242188,954.9363820777749,938.8268648543448,946.8816234660599,1810000
2022-01-25,939.7217407226562,948.6714715866816,929.8770367722285,945.0915792410715,2109200
2022-01-26,889.6032104492188,938.8267281300105,889.6032104492188,927.1920784963688,3545000
2022-01-27,861.8590698242188,907.5026965750341,860.0691236771279,897.6579927660347,4030000
2022-01-28,876.1787109375,888.7083349958504,851.1194628207993,874.3887646434499,2789000
2022-01-31,863.64892578125,877.073520482513,857.3841149206606,869.9137366418394,3261100
2022-02-01,877.0736083984375,883.3384198869978,866.3339315609056,874.3886891890545,2200500
2022-02-02,881.5484619140625,886.9183002607471,864.5439738162278,873.4937043940355,2287500
2022-02-03,890.4981689453125,899.4478992864714,878.8635195018059,892.2881150135443,2157400
2022-02-04,898.552978515625,902.1328708603088,879.7585437060353,884.23340913689,3022600
2022-02-07,878.8636474609375,925.4022520108039,845.7496403773788,916.4525203665988,5625200
2022-02-08,942.4066772460938,945.0915965544872,875.283694536258,876.1786676390558,4022700
2022-02-09,928.0870971679688,954.0413168573333,922.7172586115485,927.1921240752321,2972900
2022-02-10,940.6168212890625,953.1464459304011,929.877143025058,949.566553175733,2036500
2022-02-14,915.5574340820312,936.1418143204347,909.2926227051258,931.6669490512165,1738500
2022-02-15,925.4022827148438,928.0872022971886,904.8178992502002,911.0827116090047,1845800
2022-02-16,945.9866943359375,954.0414533227147,937.9319353491604,952.2515068812087,2031300
2022-02-17,951.3563842773438,954.9362765982369,934.3518957531014,945.9865457960041,2034300
2022-02-18,932.5621337890625,952.2515454429582,928.9822407610815,951.356572185963,1808600
2022-02-21,937.9317016601562,941.5115936512256,918.242295709275,923.612133695879,1287800
2022-02-22,903.0278930664062,921.8223288983136,901.2379467967008,915.5575169543445,1865400
2022-02-24,877.96875,914.6626529051988,869.9139908256881,902.1330275229358,3102600
2022-02-25,872.5986938476562,885.1283161182893,865.4389096930089,876.17858592498,2118700
2022-02-28,876.1787109375,881.5485498196501,865.4390331731996,874.3887646434499,2735100
2022-03-01,874.3887329101562,891.3932220865053,874.3887329101562,883.3384640556031,1977700
2022-03-02,831.4299926757812,858.2791851195632,827.8501003499437,849.3294543049692,4174000
2022-03-03,877.0736083984375,882.4434468172035,843.9596048160475,844.8545778858419,3735400
2022-03-04,911.9775390625,922.7172156756011,894.9730510917566,903.9227816026741,5831800
2022-03-07,852.0145263671875,893.1832954983752,843.0647939473641,893.1832954983752,4330500
2022-03-08,856.4893188476562,877.9686748062182,851.1194798580158,874.3887821464579,4230400
2022-03-09,814.425537109375,850.2244618174794,813.5305639916724,829.6400801103193,3571500
2022-03-10,850.2245483398438,852.9094679661802,824.2703252852591,835.0100037906045,4274800
2022-03-11,845.7495727539062,854.699303682519,837.6948149181547,842.1696803824611,4016700
2022-03-14,872.5986938476562,881.5484240409656,855.5942064803686,857.3841525190305,2299700
2022-03-15,857.38427734375,869.9139014385439,855.5943310444937,868.1239551392877,1671700
2022-03-16,878.8636474609375,885.1284596118811,862.7541305013684,863.649103665789,1944300
2022-03-17,900.3428955078125,903.9227877364718,879.7585151930216,884.2333804788457,2120500
2022-03-18,924.5072021484375,924.5072021484375,903.9228210744645,905.71276725481,5677000
2022-03-22,923.6123046875,934.3519826489826,912.8726267260174,927.1921973413275,2283900
2022-03-23,939.7217407226562,944.196606154669,910.1876288713728,920.0323328218007,2698600
2022-03-24,943.3016357421875,943.3016357421875,914.6624968961248,928.0870932302167,1838800
2022-03-25,952.2514038085938,962.0961081712766,938.8268069503899,960.3061619235161,1265400
2022-03-28,955.8312377929688,963.8859954148196,942.4066417565506,951.356372447496,1250800
2022-03-29,954.0413208007812,959.4111593793973,932.5619664863171,947.7765091257293,2040900
2022-03-30,964.0074462890625,972.1616446129361,947.6990496413152,962.1954022170905,1804000
2022-03-31,962.1956176757812,966.7257288701117,946.7932396150578,950.4173285705222,2817100
2022-04-01,956.7593994140625,962.1955323652788,944.0750891945579,951.3232664628463,2324000
2022-04-04,954.0413208007812,965.819608711902,948.6051879187255,955.8533650947999,2023800
2022-04-05,912.3642578125,952.229230348498,906.9281251939548,951.3232082454072,3817200
2022-04-06,886.0896606445312,913.2703250814801,882.4655720529381,906.0221478982937,3144100
2022-04-07,871.5933227539062,876.1234335790305,849.8487907933098,860.721056773608,2657900
2022-04-08,867.063232421875,881.5595874048948,858.0030105574876,863.43914367612,4188400
2022-04-11,876.1234741210938,890.6198294323011,865.2512076376883,869.7813186724405,2374800
2022-04-12,867.063232421875,885.1836761506498,862.5331214896813,869.7812989811913,2301700
2022-04-13,870.687255859375,872.4993000963352,861.627034674574,866.1571452669745,2232200
2022-04-14,898.7739868164062,902.398075472924,870.6872997283936,878.8414992055585,2740900
2022-04-15,875.2174682617188,900.5860905301743,871.593379366225,894.2439349630604,1783000
2022-04-18,858.0029296875,864.3450843947993,845.3186202729013,861.6270180916711,1859800
2022-04-19,885.1837158203125,886.9957602743971,869.7813379605936,871.5933824146782,2259900
2022-04-20,900.5859985351562,911.4582641110334,887.901688696633,896.9619100098639,2946700
2022-04-21,892.4318237304688,905.1161339154704,885.1836464818964,886.9956907940395,2708500
2022-04-22,851.660888671875,888.8077997735206,850.7548664498837,882.4656442195811,3970900
2022-04-25,842.6005249023438,848.0366573210686,831.7282600648941,838.9764366231939,3126300
2022-04-26,833.5404052734375,852.5668710459834,826.2922278362771,850.7548266866933,2977500
2022-04-27,847.1307373046875,850.7548260204295,821.7621162944936,821.7621162944936,4443700
2022-04-28,861.6270751953125,863.4391195174898,845.3186762957166,856.1909422287805,2739300
2022-05-02,884.277587890625,886.9956542468462,862.5330570408556,868.8752118720383,2650000
2022-05-06,906.022216796875,906.022216796875,877.9355280761719,887.9017724609375,3361400
2022-05-09,898.7739868164062,902.398075472924,879.747521369688,892.4318316675002,2959200
2022-05-10,896.9618530273438,902.3979854699337,883.3715219208689,888.8076543634588,2590500
2022-05-11,944.0750732421875,964.9135825364009,924.1425860912009,942.2630289557342,10731900
2022-05-12,922.33056640625,963.1015639389427,917.8004555692842,932.2968102475749,5053700
2022-05-13,925.048583984375,936.8268715375551,902.3980309974902,913.2702964311949,4817900
2022-05-16,914.1763305664062,933.2027953254692,896.0558879387272,925.0485961430137,3539800
2022-05-17,939.544921875,949.5111650192864,915.082325066297,915.082325066297,3004900
2022-05-18,947.69921875,955.8534185289197,934.1088857851339,951.323307540631,3329900
2022-05-19,954.9473876953125,955.8534098847767,927.7667220113852,928.6727442008495,3667600
2022-05-20,948.605224609375,955.8534020657982,936.8269362426875,955.8534020657982,3275000
2022-05-23,948.605224609375,953.1353355196394,939.5450027888461,944.9811358811635,2881500
2022-05-24,922.33056640625,949.5112314280452,917.8004555692842,947.6991870932588,3737900
2022-05-25,921.4246215820312,929.5788217730227,913.2704213910398,922.3306438254748,3178900
2022-05-26,926.860595703125,935.014794492302,917.8003748262616,917.8003748262616,2931900
2022-05-27,934.1088256835938,941.3570027985004,929.5787149867772,933.2028035442305,3025000
2022-05-30,964.9135131835938,967.6315794179137,935.0147846060739,935.9208066841807,6043100
2022-05-31,982.1281127929688,982.1281127929688,952.2293787319281,958.5715344418459,15547600
2022-06-01,1012.9328002929688,1021.9930221202762,992.0942900901617,994.812356638354,4866800
2022-06-02,1041.0196533203125,1048.2678319335087,1024.7112514406208,1043.7377203002611,5036900
2022-06-03,1060.951904296875,1063.6699706614272,1038.30135125894,1050.9856609601836,4355200
2022-06-06,1061.8580322265625,1070.9182543445365,1046.4556546260067,1050.0797434731962,3472300
2022-06-07,1080.8843994140625,1084.5084879284432,1053.7037355562068,1056.4218019419923,3885900
2022-06-08,1072.7301025390625,1078.166234815443,1057.3277277559848,1067.2939702626823,2934400
2022-06-09,1065.4820556640625,1076.3543215381856,1060.045922727001,1067.2940999764164,2747800
2022-06-10,1050.0797119140625,1059.1399337597404,1042.8315344375203,1050.9857340986302,3024600
2022-06-13,1030.147216796875,1035.5833498670434,1021.9930171916227,1022.899039369984,2422000
2022-06-14,1022.8988647460938,1030.1470409356143,1006.5904683196725,1013.838644509193,3384200
2022-06-15,1000.2484741210938,1014.744828818501,997.53040761533,1001.1544962896817,3934200
2022-06-16,1005.6846313476562,1017.462919822899,1001.1545203956398,1002.0605425860431,4078600
2022-06-17,976.6917724609375,992.0941473513233,966.7255298848054,978.5038165656887,6793800
2022-06-20,964.0074462890625,989.3760632966694,956.7592700011749,987.5640192246975,2849200
2022-06-21,978.50390625,983.0340169270834,965.8195963541666,971.2557291666667,2600900
2022-06-22,976.6917724609375,996.6242576132015,970.349618094308,988.4700591418208,2517500
2022-06-23,971.2557373046875,983.0340251637929,966.7256265896469,971.2557373046875,2323600
2022-06-24,961.2894897460938,975.7858439741216,954.9473347713316,975.7858439741216,1983400
2022-06-27,966.7257080078125,974.8799079816366,959.4775302533022,973.9738857623229,1911200
2022-06-28,983.0341186523438,983.0341186523438,969.4437852147538,974.8799185897898,2425300
2022-06-29,974.8799438476562,983.9401663741215,969.4438103317772,981.2220996161819,3456900
2022-06-30,961.2894897460938,981.221976809632,958.5714233283386,974.8798218348699,3038200
2022-07-01,960.3834228515625,972.1617101129497,954.9472902693839,961.2894449485923,3505700
2022-07-04,941.3569946289062,964.007547916416,935.9208618399039,959.477437258914,3047200
2022-07-05,949.5112915039062,953.1353804027761,940.4510692567317,941.3570914814491,2703100
2022-07-06,922.33056640625,940.4510097541134,914.1763668997114,934.1088545823612,4909000
2022-07-07,933.2027587890625,938.6388913645327,925.9545820217687,928.6726483095039,3070800
2022-07-08,944.0750732421875,956.7593832473609,928.6726968073342,933.2028075234675,3277900
2022-07-11,966.7257080078125,975.7859302009504,963.1016191305573,968.5377524464401,2457000
2022-07-12,940.4509887695312,971.2557417735429,938.6389444751776,964.0075645961284,2809000
2022-07-13,942.2630615234375,949.5112389197716,935.9209063016451,935.9209063016451,2385000
2022-07-14,952.2293090820312,962.1955530400735,944.0751094799967,944.0751094799967,2879600
2022-07-15,945.8871459960938,962.1955450649918,944.0751016551051,959.4774785535088,2639800
2022-07-19,956.7593994140625,963.1015545238148,948.6051999872382,949.5112221457741,2926200
2022-07-20,983.0341186523438,983.0341186523438,969.4437852147538,972.1618519022718,5475100
2022-07-21,979.4099731445312,986.6581505591068,973.0678179067776,977.5979287908874,2984400
2022-07-22,987.5641479492188,993.0002808737098,972.1617713298273,986.6581257951369,2355300
2022-07-25,980.3159790039062,985.752111974353,967.6316687395305,976.6918903569418,2847400
2022-07-26,979.4099731445312,993.9063279736826,973.0678179067776,983.9400840286411,2362500
2022-07-27,966.7257080078125,967.6317302271264,953.1353747181057,954.9474191567333,3361800
2022-07-28,968.5377807617188,990.2823146609529,964.9136917785131,988.4702701693501,2619900
2022-07-29,965.819580078125,973.0677570393117,958.5714031169383,969.4436685587184,3109500
2022-08-01,971.2557373046875,976.6918701627361,964.9135823036307,966.7256265896469,2062600
2022-08-02,968.5377807617188,972.1618697449245,960.3835805495061,964.9136917785131,2575800
2022-08-03,984.8460083007812,988.4700966477942,959.4773898716902,961.2894340451967,3387700
2022-08-04,964.0074462890625,990.2820853326554,958.5713140731467,987.5640192246975,6102000
2022-08-05,986.6581420898438,987.5641642588886,964.9136100327672,973.0678095541709,2831800
2022-08-08,1005.6846313476562,1007.4966757284628,987.5641875395903,987.5641875395903,2546300
2022-08-09,990.2820434570312,1015.6506593918866,989.3760214593578,1006.5904394151526,1943100
2022-08-10,988.47021484375,997.5304367946551,983.034081673207,993.0003258192025,1532900
2022-08-12,1014.7448120117188,1017.4628784724645,998.4364132472447,1002.9665240151542,2733900
2022-08-15,993.9063110351562,1015.6508429083046,992.0942667123938,1014.7448207469234,1496600
2022-08-16,989.3763427734375,991.1883873572716,980.3161198542668,987.5642981896034,1286500
2022-08-17,1008.4027099609375,1011.1207765646058,1000.2485101499326,1001.1545323511554,1697500
2022-08-18,987.5641479492188,1008.4026574931013,985.752103641055,1007.4966353390195,1583100
2022-08-19,1006.590576171875,1012.0267088964755,1003.8725098095747,1003.8725098095747,1790700
2022-08-22,996.624267578125,1007.4965323153409,993.9062013938211,1005.6844881924717,1423400
2022-08-23,987.5641479492188,996.6243694900372,986.6581257951369,995.7183473359554,1515700
2022-08-24,996.624267578125,1000.2483558238637,991.1881352095171,995.7182455166903,1807800
2022-08-25,990.2820434570312,1004.7783954198057,990.2820434570312,1001.1543074291121,1327300
2022-08-26,996.624267578125,1002.9664220081677,992.0941572709518,994.8122234552558,1338200
2022-08-29,981.221923828125,985.7520342797784,974.8797691958102,980.3159017377943,1824000
2022-08-30,1004.778564453125,1007.4966309034039,988.4701657514512,1000.24845370266,1847500
2022-08-31,993.9063110351562,1000.2484661648245,981.2220007758198,983.034045098582,4451400
2022-09-01,966.7257080078125,982.1280857361469,966.7257080078125,975.7859302009504,2247500
2022-09-02,967.6316528320312,971.2557414194172,957.66540921672,962.1955199509524,1901200
2022-09-05,971.2557373046875,977.5978923057443,969.4436930186713,972.1617594476957,1872300
2022-09-06,963.1016235351562,969.4437790993577,958.5715124178696,964.9136679820709,1568100
2022-09-07,956.7593994140625,961.2895102067428,952.2292886213824,953.1353107799183,1589800
2022-09-08,981.221923828125,983.939990099117,961.2894378408502,961.2894378408502,2081100
2022-09-09,993.9063110351562,1002.966532648968,985.7521115827257,987.564155905488,2719900
2022-09-12,1018.3689575195312,1020.1810019279291,1002.9665800481505,1006.590668864946,2417300
2022-09-13,1020.180908203125,1030.1471515337062,1012.0267091144676,1021.0869303240869,1737000
2022-09-14,995.7183837890625,1010.2147387850816,994.8123616018114,996.6244059763137,2681600
2022-09-15,1012.9328002929688,1014.7448446584302,997.5304231865462,997.5304231865462,2276100
2022-09-16,1031.959228515625,1037.3953614138636,1009.3086747729643,1011.1207190723771,5465900
2022-09-20,1031.959228515625,1049.1736493600472,1025.61707346768,1031.959228515625,2008400
2022-09-21,1002.966552734375,1028.3351737610801,1002.966552734375,1028.3351737610801,2050300
2022-09-22,996.624267578125,1004.778466131037,992.0941572709518,1002.9664220081677,2375000
2022-09-26,954.0413208007812,983.9400516520878,953.135298653772,982.1280073580692,2252300
2022-09-27,961.2894897460938,972.1617554171147,954.0413126320799,954.0413126320799,2101500
2022-09-28,947.69921875,963.1015961101817,942.2630855640535,955.8534185289197,2677700
2022-09-29,986.3807983398438,989.1437697637649,970.7239602709574,973.4869316948784,2491900
2022-09-30,972.5659790039062,987.301827170632,966.1190454309636,984.5388556393709,3058700
2022-10-03,959.6720581054688,968.881962693813,945.8572012229524,954.1461153524622,1931700
2022-10-04,1002.0377197265625,1005.7216819314395,978.0919653948615,982.6969181509579,1832800
2022-10-05,1005.7216796875,1011.2476229824863,998.353755294185,1011.2476229824863,1992800
2022-10-06,1017.6943969726562,1025.0623202086574,1012.1684545456553,1016.773406568156,1694900
2022-10-07,999.2747192382812,1008.4846244847171,993.7487760904198,1007.5636339600735,1729400
2022-10-11,969.8029174804688,990.9856972544961,968.881927055511,990.9856972544961,1754800
2022-10-12,970.7239379882812,979.9338425232744,958.7510620927901,964.277004813786,2013200
2022-10-13,973.4869384765625,979.9338718439569,970.7239670333935,976.2499099197315,1382000
2022-10-14,1015.8524169921875,1025.0623210447006,988.2227048346484,996.5116184819101,3322700
2022-10-17,1010.3264770507812,1015.8524194959085,999.2745921605266,1000.1955825680478,1543000
2022-10-18,1026.9044189453125,1033.3513525171666,1017.6945138426639,1027.8254094555773,1806200
2022-10-19,1025.0623779296875,1032.430301580575,1015.8524733660785,1024.1413874733266,1269900
2022-10-20,1016.7735595703125,1023.2204933719358,1009.4056352256,1022.2995028288468,1288800
2022-10-21,1015.8524169921875,1022.2993498289467,1007.5635033449257,1007.5635033449257,1226200
2022-10-24,1020.4574584960938,1034.2723157862033,1020.4574584960938,1026.904391898145,1463500
2022-10-25,1045.32421875,1046.2452092511014,1018.6154942180617,1025.9834182268723,1587000
2022-10-26,1021.3786010742188,1044.4033666529883,1018.6156292047664,1042.561385406687,2217800
2022-10-27,985.4597778320312,997.4326536374671,968.8819497937354,986.3807682786032,2800000
2022-10-28,979.0128784179688,987.3017927225424,972.5659450699671,977.1708974613969,3724100
2022-10-31,1003.8795776367188,1005.7215585131164,991.906701940134,992.8276923783328,2011100
2022-11-01,1007.5635986328125,1014.0105320792746,1002.037655678702,1005.7216176481089,1396400
2022-11-02,1019.5363159179688,1027.825229055513,1004.8004703401119,1007.56344138596,2289700
2022-11-04,1034.272216796875,1036.1141975925952,1016.7733992375335,1019.5363704311137,3974700
2022-11-07,953.22509765625,973.4868871716486,949.5411359261775,968.881935009058,6305400
2022-11-08,981.7757568359375,985.4597184000498,963.3559490153758,971.6448625346286,3111700
2022-11-09,983.617919921875,995.5907972242948,980.8549482367011,994.6698066625702,2685200
2022-11-10,955.0670776367188,974.4078767016861,951.3831159100583,970.7239149750257,2463200
2022-11-11,950.462158203125,976.2498911776285,938.4892821792484,976.2498911776285,2980400
2022-11-14,959.6720581054688,969.8029531526474,952.3041344347934,956.9090867289655,2682800
2022-11-15,964.2770385742188,967.0400100314514,956.9091146882648,961.514067116986,1121900
2022-11-16,966.1189575195312,967.960938372762,953.225091546916,962.4349958130698,2236800
2022-11-17,964.2770385742188,968.8819910029399,957.8301051740091,966.1190195457073,1650800
2022-11-18,983.617919921875,985.4599010453242,972.5660331811797,974.408014304629,1869800
2022-11-21,973.4869384765625,986.3808052113513,968.8819860712807,979.9338718439569,1433900
2022-11-22,980.8548583984375,989.1437726947623,978.0918869663292,978.0918869663292,1250400
2022-11-24,991.9066772460938,1002.0375718140668,986.3807347544721,1000.1955909835262,1575500
2022-11-25,993.7485961914062,1001.1165190547346,988.22265404391,998.3535479809864,1020800
2022-11-28,995.5907592773438,998.3537308572069,987.3018445377544,995.5907592773438,1135400
2022-11-29,989.1438598632812,992.8278220974089,979.0129637194301,983.6179165120898,5045600
2022-11-30,1000.195556640625,1004.80050855886,985.4597105022733,991.9066431878022,2480900
2022-12-01,986.3807983398438,1004.8006078326513,986.3807983398438,1000.1956554594494,1802900
2022-12-02,960.5931396484375,985.4598843948496,955.067196371457,985.4598843948496,1946500
2022-12-05,953.22509765625,964.2769828464674,951.3831167912138,963.3559924139493,1150400
2022-12-06,967.9608764648438,973.4868186711132,952.3040402137474,952.3040402137474,1338700
2022-12-07,959.6720581054688,965.1980008584753,954.1461153524622,958.7510676466343,1439100
2022-12-08,966.1189575195312,968.8819287993774,957.8300436799929,961.5140053864544,1594700
2022-12-09,976.249755859375,979.9337172022406,961.5139104879128,961.5139104879128,1770000
2022-12-12,967.0400390625,975.3289536830357,961.5140959821427,975.3289536830357,1221800
2022-12-13,970.7239379882812,979.9338425232744,967.9609666277833,979.9338425232744,917300
2022-12-14,979.9337768554688,988.2226903815018,967.9609017623098,969.8028825458728,1399300
2022-12-15,979.0128784179688,982.6968403311126,971.6449545916812,974.407926026539,675800
2022-12-16,967.0400390625,973.4869726562499,963.3560770089285,967.0400390625,2259300
2022-12-19,948.6201171875,957.830021237864,942.1731843522451,953.225069212682,1708100
2022-12-20,929.2793579101562,956.9090712276038,921.9114343588368,956.9090712276038,2262800
2022-12-21,916.385498046875,927.4373834504554,909.017574444488,921.9114407486652,1987100
2022-12-22,922.8324584960938,924.6744394511758,912.7015632431426,923.7534489736347,1302200
2022-12-23,913.62255859375,916.3855300411101,905.3336442516696,911.7805776288433,1114100
2022-12-26,926.5164184570312,927.4374089326346,918.2275041766005,918.2275041766005,694500
2022-12-27,927.4373779296875,939.4102537122952,925.5953970400556,935.7262919330313,794100
2022-12-28,925.595458984375,932.9633830359919,918.2275349327581,928.3584305037314,1289100
2022-12-29,922.8324584960938,923.7534489736347,908.0966108554376,914.5435441982246,1310600
2022-12-30,927.4373779296875,931.1213397089514,921.9114352607917,921.9114352607917,978700
2023-01-04,909.9385986328125,915.4645415394895,903.4916652416894,912.701570086151,1583200
2023-01-05,900.728759765625,906.2547030770705,895.2028164541795,901.6497503175326,1616300
2023-01-06,901.6495971679688,903.4915779589145,890.597712422294,900.7286067724958,1728800
2023-01-10,897.044677734375,909.9385437387706,896.1236873054896,907.1755724521144,1987500
2023-01-11,911.7805786132812,912.7015690967289,897.0447308781171,904.4126547456991,1502000
2023-01-12,896.1236572265625,910.8595035941113,896.1236572265625,909.0175227981678,2085500
2023-01-13,884.1508178710938,905.3335978825887,883.2298274358113,893.3607222239176,2439800
2023-01-16,865.7310180664062,876.7829034034243,862.9680467321518,874.0199320691697,1605800
2023-01-17,885.9927978515625,888.7557691546339,873.0989317705627,879.5458648110625,1342400
2023-01-18,900.728759765625,902.5707408694402,882.3089487274732,890.5978636946415,1393900
2023-01-19,889.6768188476562,903.4916762831789,889.6768188476562,894.2817713261637,1201000
2023-01-20,892.439697265625,893.36068766528,882.3088028694208,884.1507836687307,1208500
2023-01-23,901.6495971679688,901.6495971679688,893.3606836087126,901.6495971679688,1058100
2023-01-24,920.0695190429688,923.7534810811788,908.096642418786,909.0176329283385,1521600
2023-01-25,930.2003173828125,930.2003173828125,914.5434803575572,919.1484324238088,1023700
2023-01-26,932.0423583984375,934.8053298166147,924.6744346166316,930.200377452986,1097100
2023-01-27,938.4893188476562,943.0942713444554,932.9633758514974,936.6473378489367,1109400
2023-01-30,932.96337890625,935.726350413376,927.4374358919978,933.8843694086254,1404400
2023-01-31,925.595458984375,938.4893260747046,924.6744684779229,937.5683355682525,1690800
2023-02-01,931.121337890625,937.5682709917471,928.3583665615728,932.0423283336424,1396000
2023-02-02,916.385498046875,932.9633261522456,913.6225266959799,932.9633261522456,1844700
2023-02-03,917.3064575195312,919.1484383579239,907.1755629083718,909.0175437467644,1530900
2023-02-06,922.8324584960938,932.9633537490448,920.0694870634707,931.1213727939628,1701300
2023-02-07,928.3583984375,937.5683031839037,920.990474640377,930.2003793867807,2057200
2023-02-08,920.9904174804688,945.8571587524414,920.0694270629882,943.0941875,2611400
2023-02-09,942.1731567382812,944.0151374943678,915.4644357750259,916.3854261530693,2538400
2023-02-10,932.0423583984375,947.6991964347749,928.3583965075346,944.9362250165977,2097300
2023-02-13,931.121337890625,932.9633187766599,921.9114334604507,928.3583665615728,951200
2023-02-14,930.2003173828125,934.805269449064,924.6743749033106,934.805269449064,1346900
2023-02-15,944.936279296875,947.6992508737665,934.8053835149396,937.5683550918311,1635700
2023-02-16,942.1731567382812,944.9361278724111,931.1212722017618,943.0941471163245,2373900
2023-02-17,949.5411376953125,952.3041089980146,940.3312333529718,942.1732142214399,1688500
2023-02-20,981.7757568359375,987.3016991821061,944.9361411948141,946.7781219768704,2635000
2023-02-21,992.8278198242188,1002.958715944874,976.249989808601,979.9339520342938,2290100
2023-02-22,959.6720581054688,989.1437527881703,955.0671058112966,989.1437527881703,2500400
2023-02-24,978.0918579101562,983.6178006102136,961.5140298099842,964.2770011600129,1856200
2023-02-27,989.1438598632812,989.1438598632812,980.854944836494,983.6179165120898,1004700
2023-02-28,974.4078979492188,984.538792918445,969.8029456904795,983.6178024666972,3487600
2023-03-01,971.6449584960938,973.4869394600674,964.2770346401993,965.1980251221861,1642900
2023-03-02,979.9337768554688,981.7757576390317,968.8818921540912,975.3288248965615,1843300
2023-03-03,988.2227172851562,997.4326214537039,973.4868706154801,978.091822699754,2337500
2023-03-06,992.8278198242188,997.4327726063348,986.3808859292562,997.4327726063348,1426900
2023-03-07,1002.0377197265625,1008.4846535850974,995.5907858680276,1000.1957386241239,2777700
2023-03-08,974.4078979492188,993.7486974359234,973.4869074974708,983.6178024666972,4585500
2023-03-09,979.0128784179688,983.6178308093986,968.8819831568233,983.6178308093986,3129000
2023-03-10,967.0400390625,979.012915736607,958.7511244419642,960.59310546875,2964900
2023-03-13,941.2522583007812,959.6720676608749,938.4892868967672,955.988105788856,2395500
2023-03-14,897.9656982421875,920.9904597355769,887.8348031850961,920.9904597355769,2821900
2023-03-15,906.254638671875,914.5435530499715,899.8077052666889,901.6496862395993,2644800
2023-03-16,893.3607177734375,897.0446794962146,871.2569474367751,878.6248708823292,2508200
2023-03-17,891.518798828125,903.491675258668,888.7558273441535,901.6496942693536,2283200
2023-03-20,888.7557983398438,901.649664844256,885.9928269460411,886.913817410642,1942700
2023-03-22,903.4916381835938,907.1756000110498,892.4397527012256,902.5706477267297,1570000
2023-03-23,904.4126586914062,907.1756301538036,893.3607728418168,893.3607728418168,1621400
2023-03-24,897.9656982421875,901.6496600811298,891.5187650240384,895.2027268629807,1606600
2023-03-27,904.4126586914062,905.3336491788721,897.9657252791458,904.4126586914062,1569400
2023-03-28,902.5706787109375,912.7015740842235,899.8077072454959,910.8595931072624,1505200
2023-03-29,919.1484375,919.1484375,904.4125908066133,910.85952373497,2243900
2023-03-30,917.2745971679688,928.5180038748284,913.5267949323488,921.0223994035886,2051900
2023-03-31,928.5180053710938,940.6983626564864,926.644104250264,927.5810548106789,3120700
2023-04-03,948.1939086914062,951.0047601993847,937.8874531621518,940.6983046701303,2197900
2023-04-04,936.9506225585938,947.2570794067383,932.2658694458007,945.3831781616211,3580700
2023-04-05,918.2115478515625,932.2658062370456,918.2115478515625,926.6441028828523,2497500
2023-04-06,924.7701416015625,933.2026960842514,917.27453761695,919.1484386131032,2912000
2023-04-07,943.5092163085938,948.1939691204537,925.707155623526,925.707155623526,2862900
2023-04-10,940.6983642578125,952.8787215639396,936.9505620097734,945.3831170678615,1629300
2023-04-11,946.3200073242188,952.8786608403273,943.5091558173151,946.3200073242188,1859500
2023-04-12,965.0590209960938,966.9329220077367,955.6895159378793,956.6264664437007,1679400
2023-04-13,951.0048217773438,963.1851791006004,946.3200689607066,961.3112779739456,3001600
2023-04-14,951.0048217773438,955.689574593981,947.257019524034,953.8156734673261,2194300
2023-04-17,958.5004272460938,959.4373778103617,946.3200699106106,951.0048227319503,1441300
2023-04-18,967.869873046875,972.5546255785637,958.5003679834977,964.1220710215241,1854400
2023-04-19,973.4916381835938,974.4285887496992,968.8068853530663,970.6807864852773,1752100
2023-04-20,978.1763305664062,980.050231582817,966.9329244679418,967.8698749761471,1952500
2023-04-21,981.924072265625,985.6718740681656,972.5545677592736,975.365419111179,2302900
2023-04-24,997.8524169921875,1001.6002194973225,982.8612069716476,985.6720588504988,2663100
2023-04-25,996.9153442382812,1004.4109483302984,994.1044927037748,997.8522947497834,2336900
2023-04-26,1008.1587524414062,1013.7804555219345,995.0414452535069,995.9783957669283,2942900
2023-04-27,1019.4021606445312,1023.1499627057244,1006.2848534303554,1007.2218039456536,2488000
2023-04-28,1050.321533203125,1050.321533203125,1027.8347207170634,1028.771671237316,3401300
2023-05-01,1054.0693359375,1058.7540885416665,1047.5106822916666,1049.3845833333332,1952500
2023-05-02,1068.12353515625,1069.0604856256853,1053.1323276452852,1063.4387828090735,2575600
2023-05-08,1060.6280517578125,1073.7453598184213,1055.9432988790236,1066.249755212359,4709400
2023-05-09,988.48291015625,989.4198607819906,952.8787863781102,955.6896382553318,11177600
2023-05-10,977.239501953125,1001.6002182050725,967.869995702376,1000.6632675799976,5432200
2023-05-11,965.9960327148438,979.1133406275575,960.3743293236807,964.1221315844562,3390700
2023-05-12,967.869873046875,975.3654770975768,962.2481700088487,974.4285265912391,3691400
2023-05-15,985.6719360351562,986.6088865446955,974.4285299206869,978.1763319588433,2178700
2023-05-16,980.9872436523438,988.4828481883693,977.239441384331,985.6719964873597,2422600
2023-05-17,971.6177978515625,987.54595847208,969.7438966020899,980.9873040989257,1897700
2023-05-18,986.6089477539062,992.2306511599114,980.9872443479011,983.7980960509036,2121900
2023-05-19,1062.501953125,1067.1867060047398,1031.582584118717,1032.519534694665,7520700
2023-05-22,1092.484375,1094.3582761578045,1071.871462264151,1077.4931657375644,4706500
2023-05-23,1095.2952880859375,1107.4756462939076,1085.9257817721143,1095.2952880859375,3498700
2023-05-24,1091.54736328125,1103.7277201247318,1084.0517590698767,1103.7277201247318,3737900
2023-05-25,1099.97998046875,1100.9169310483655,1083.1148700356687,1088.7365735133624,2587300
2023-05-26,1090.6104736328125,1106.5386334710925,1089.6735230540903,1106.5386334710925,2197900
2023-05-29,1111.2232666015625,1113.0971675570459,1100.9168113464048,1109.3493656460791,1880300
2023-05-30,1093.4212646484375,1113.0972257089493,1088.7365120149823,1111.2233246555672,1724500
2023-05-31,1092.484375,1092.484375,1064.375857632933,1084.9887703687823,10922000
2023-06-01,1084.0518798828125,1090.6105342986982,1072.8084723127229,1079.3671267286086,3014600
2023-06-02,1090.6104736328125,1093.4213253689795,1082.1779184243114,1084.051819581756,2050600
2023-06-05,1127.1514892578125,1127.1514892578125,1108.8809538957782,1110.2863796928577,3195100
2023-06-06,1138.394775390625,1139.8002010392554,1106.0699854721258,1113.0971137152778,2215600
2023-06-07,1125.277587890625,1144.4850737788497,1121.0613105005268,1142.6111727165837,3040900
2023-06-08,1123.8721923828125,1132.30474739027,1116.376587931739,1122.4667665482361,2867500
2023-06-09,1166.50341796875,1169.314269578313,1140.73727821442,1152.4491599209337,4874200
2023-06-12,1154.7916259765625,1166.9719838976134,1144.9536445787905,1166.0350332883017,2472300
2023-06-13,1164.62939453125,1169.314146721641,1146.8273362077634,1150.5751379600763,2029800
2023-06-14,1177.7467041015625,1183.8368819668449,1169.7826253546546,1173.9989023383116,2336200
2023-06-15,1181.9630126953125,1191.80099258695,1163.2240033779076,1166.9718052413887,1804500
2023-06-16,1186.64794921875,1188.0533751357086,1161.8187580191473,1181.9631961622213,3479800
2023-06-19,1156.1968994140625,1181.0260872864067,1147.2958697994486,1161.8186023285555,2428300
2023-06-20,1157.602294921875,1162.2870472283173,1148.7012655396347,1157.1338196912307,1462300
2023-06-21,1131.836181640625,1140.7372112147855,1121.5297263442285,1138.394835011059,3606500
2023-06-22,1136.0523681640625,1153.3859506886276,1132.3045665371296,1134.6469425539626,2403300
2023-06-23,1127.6199951171875,1147.7644320885374,1120.1243906627317,1147.295956810134,2583900
2023-06-26,1134.1785888671875,1149.1697969810868,1129.4938363315941,1133.7101136136282,2066000
2023-06-27,1125.277587890625,1149.6383017000805,1115.908082579296,1146.827450106682,1541000
2023-06-28,1154.322998046875,1156.6653742604442,1136.5209388237495,1141.6741664936017,1635700
2023-06-29,1161.3502197265625,1171.1882006117007,1156.6654669241157,1164.6295466882752,1731600
2023-06-30,1145.4222412109375,1164.1612553820776,1136.521209479646,1161.818878610685,2138800
2023-07-03,1170.719482421875,1171.656432787959,1151.9804751001964,1152.4489502832382,1295200
2023-07-04,1159.0078125,1177.2783479436137,1156.6654361610751,1175.8729221402587,1322700
2023-07-05,1154.7916259765625,1161.3502802417438,1146.8275457974137,1150.5753482346602,1352600
2023-07-06,1154.322998046875,1161.3501266875824,1141.2056912508876,1153.8545228041612,1402300
2023-07-07,1139.331787109375,1151.5121433860377,1132.7731337296334,1142.6111137992457,1732900
2023-07-10,1141.67431640625,1153.3861990119767,1135.115662147043,1144.9536435358534,1701900
2023-07-11,1127.1514892578125,1147.7644009483129,1123.8721623979602,1141.2057472286083,1213400
2023-07-12,1133.24169921875,1146.359007022853,1129.9623722677243,1138.3949272846476,1537900
2023-07-13,1130.4307861328125,1140.2687664514156,1114.502627521741,1131.836211892613,1488700
2023-07-14,1143.5482177734375,1150.575347337797,1126.6831068189747,1129.962433949009,2636200
2023-07-18,1141.205810546875,1143.0797117136187,1120.592897712695,1122.4667988794386,1614800
2023-07-19,1156.66552734375,1157.602477953182,1143.0797435069867,1151.9807742965902,1215900
2023-07-20,1159.4761962890625,1168.8457009055396,1157.133820134943,1158.0707705965908,1549700
2023-07-21,1169.314208984375,1174.9359119121846,1148.2328230050894,1155.7284269088354,1986400
2023-07-24,1168.377197265625,1187.5846812623736,1161.3500689741318,1169.7826229239238,2638100
2023-07-25,1175.872802734375,1175.872802734375,1167.440248770543,1171.188050532246,1243100
2023-07-26,1181.026123046875,1184.3054498462911,1170.2511921345076,1179.6206972756966,1253300
2023-07-27,1180.5577392578125,1194.1435227651446,1169.782807510618,1189.927245124938,1489800
2023-07-28,1148.2327880859375,1168.3772229646381,1131.8361550451345,1163.692470667266,2677200
2023-07-31,1183.8369140625,1186.1792902280372,1162.2870533395578,1170.2511323023843,2427200
2023-08-01,1191.3326416015625,1191.3326416015625,1180.5577101203057,1186.179413501831,1192700
2023-08-02,1176.34130859375,1197.8911692848342,1169.7826553399418,1184.305387544803,1607400
2023-08-03,1137.9263916015625,1162.2871048017605,1136.5209658400127,1160.8816790402107,2000000
2023-08-04,1137.9263916015625,1141.2057183785123,1128.5568865245632,1138.8633421092625,1285000
2023-08-07,1161.818603515625,1161.818603515625,1125.2775345340851,1133.7100889144406,1800400
2023-08-08,1195.0804443359375,1195.0804443359375,1172.1251555188223,1180.5577105944974,2154300
2023-08-09,1140.7371826171875,1143.079558762192,1110.75476796113,1123.4035991441542,2761800
2023-08-10,1162.287109375,1169.314238210399,1144.485049658656,1145.8904754257358,2320200
2023-08-14,1107.007080078125,1166.5034402854553,1104.6647036920097,1166.5034402854553,2850200
2023-08-15,1117.781982421875,1123.8721608675935,1102.3222986750511,1116.8450318917644,1951700
2023-08-16,1099.511474609375,1117.7820104039065,1094.3582465647635,1111.6918318057294,1396700
2023-08-17,1099.97998046875,1102.7908322075968,1086.8626723541313,1100.9169310483655,1460100
2023-08-18,1096.232177734375,1102.322356499566,1088.7365731002938,1088.7365731002938,1014000
2023-08-21,1091.54736328125,1104.1961953879427,1088.7365117019851,1104.1961953879427,863300
2023-08-22,1096.700439453125,1100.4482410403207,1089.2048362787336,1092.0156874691304,1174500
2023-08-23,1095.763671875,1098.574523534363,1086.39416634379,1090.141968556274,1512100
2023-08-24,1094.82666015625,1095.2951354066379,1083.583254146943,1094.82666015625,1425200
2023-08-25,1092.9527587890625,1096.700560790911,1079.8354517825928,1081.240877533286,1606300
2023-08-28,1115.4395751953125,1116.8450009515434,1096.2320898601558,1105.6015949016958,1170800
2023-08-29,1106.5386962890625,1119.1875298198859,1106.5386962890625,1119.1875298198859,1025900
2023-08-30,1106.5386962890625,1116.8451532401036,1105.6017456571496,1113.0973507124525,1407800
2023-08-31,1113.0972900390625,1118.7189935241083,1106.0701606827554,1106.0701606827554,2089200
2023-09-01,1121.52978515625,1130.8992904624843,1113.097230380639,1114.0341809112626,1275900
2023-09-04,1130.899169921875,1139.3317237986744,1117.3133886759204,1133.7100212141415,1545100
2023-09-05,1138.863525390625,1138.863525390625,1127.1516421595409,1131.3679201227312,1428300
2023-09-06,1158.5394287109375,1166.035033587353,1143.079743653331,1143.079743653331,1337000
2023-09-07,1154.322998046875,1161.8186019302962,1148.701295134309,1153.3860475614472,1549400
2023-09-08,1137.4578857421875,1156.1968953919763,1136.520935259698,1153.386043944508,2041900
2023-09-11,1149.169921875,1165.09808222712,1143.0797429168365,1159.0079032689564,1173900
2023-09-12,1182.4315185546875,1185.2423700251027,1153.3860533603963,1159.007756301227,2378000
2023-09-13,1197.891357421875,1205.386962317749,1179.6208204881818,1186.1794747720717,3024200
2023-09-14,1234.4322509765625,1238.1800528770605,1201.1705091096417,1205.386786247702,2347700
2023-09-15,1243.8017578125,1257.3875397245763,1234.4322530455509,1253.6397378177967,2819800
2023-09-19,1255.045166015625,1268.162472715303,1240.9909088373986,1243.8017602730438,2129900
2023-09-20,1257.3875732421875,1266.28860300806,1248.9550187271504,1263.0092762522122,2492600
2023-09-21,1252.234375,1259.2615039281707,1236.7746913580247,1255.0452265712684,1729400
2023-09-22,1234.9007568359375,1245.6756875670553,1232.5583805900424,1238.64855882937,1779200
2023-09-25,1236.774658203125,1239.5855096990413,1222.2519254742247,1234.9007572058474,1782200
2023-09-26,1247.549560546875,1257.387540558698,1232.5583529098117,1237.2431052963939,2870500
2023-09-27,1243.3333740234375,1243.3333740234375,1217.5672340191838,1237.2431954769777,2609400
2023-09-28,1241.4337158203125,1257.580902636644,1235.2597914493622,1243.8083021168318,2194600
2023-09-29,1225.7613525390625,1242.3834553437378,1222.911849201118,1223.8616836470997,2642500
2023-10-02,1227.6611328125,1253.7815824468084,1224.3367119499517,1238.1093126662233,2109100
2023-10-03,1219.1124267578125,1237.1592799782243,1214.3632548577043,1233.8348596481485,3200200
2023-10-04,1175.420166015625,1199.1660279553346,1166.8716557173295,1193.9419383285983,2855800
2023-10-05,1174.9453125,1178.7446506164106,1158.7981255052546,1166.8717190026273,3234400
2023-10-06,1173.995361328125,1186.3432089796345,1170.6709408065649,1175.4201129802223,1772900
2023-10-10,1210.089111328125,1217.6877870664491,1192.5171736832503,1195.3666770851219,2252100
2023-10-11,1203.9151611328125,1211.0389194827108,1199.6409061228735,1204.390078356139,1580300
2023-10-12,1224.8115234375,1226.236275112689,1207.2395861101686,1211.0389239106728,1961400
2023-10-13,1219.58740234375,1225.286408896758,1212.4636441524897,1213.413478577991,2092200
2023-10-16,1193.467041015625,1216.2630688583429,1190.142620288562,1215.7881516116195,1652700
2023-10-17,1199.166015625,1205.8148568997524,1189.1927537128713,1197.7412639232673,1390100
2023-10-18,1194.8917236328125,1210.08907464881,1192.042220317313,1201.5405647023115,2078800
2023-10-19,1199.640869140625,1201.5405379753686,1172.5705882455277,1177.7946775410728,1916700
2023-10-20,1164.9720458984375,1187.7680745177302,1164.9720458984375,1186.3433227290245,2207300
2023-10-23,1153.5738525390625,1160.6976103768911,1137.9015852958394,1153.5738525390625,1913400
2023-10-24,1134.102294921875,1157.848155368313,1123.1791991165135,1153.0989832790253,1967500
2023-10-25,1162.12255859375,1169.7212349065821,1140.75128146391,1142.176033272566,2134100
2023-10-26,1153.5738525390625,1162.122361944457,1142.650757187725,1144.075508755291,1696900
2023-10-27,1167.8214111328125,1173.0455004058751,1143.1257163874257,1150.2494744870564,2469600
2023-10-30,1125.078857421875,1154.998641304348,1114.15576171875,1149.2996348505435,1980400
2023-10-31,1151.67431640625,1156.8984060889175,1123.6541990173969,1136.0020473582474,2092000
2023-11-01,1174.470458984375,1195.8417370491939,1165.9219477584475,1175.8952108553628,1728600
2023-11-02,1171.1458740234375,1188.2428940821737,1166.3967017848995,1188.2428940821737,1655000
2023-11-06,1192.51708984375,1199.165930647339,1174.9451534342643,1188.2428350414427,1869900
2023-11-07,1186.8179931640625,1204.864845401051,1183.0186558510122,1197.7410879390818,1493600
2023-11-08,1173.5203857421875,1201.0655829793573,1163.0722074798127,1197.266245429403,2515100
2023-11-09,1130.302978515625,1138.8514884371718,1098.9584421366203,1102.75777987953,4006700
2023-11-10,1166.396728515625,1167.3465629851003,1126.503680797664,1137.901694431367,2445100
2023-11-13,1155.4737548828125,1182.5440401390067,1145.9754091788848,1175.8951981462571,1328500
2023-11-14,1131.2528076171875,1174.4702742390027,1127.9283871078171,1160.2227577702724,2288000
2023-11-15,1152.6240234375,1154.0487750115885,1133.1524185916255,1137.9015905052534,2204000
2023-11-16,1130.302978515625,1165.9217698554032,1130.302978515625,1156.423425498129,1494100
2023-11-17,1129.828125,1130.3030422446407,1119.3799456179067,1124.6040353089534,2388800
2023-11-20,1119.854736328125,1145.9751818319617,1116.530315991273,1132.2025832935751,1757600
2023-11-21,1118.4300537109375,1124.60397757431,1096.1089443587448,1113.6808815083434,2116800
2023-11-22,1123.6541748046875,1129.8280988420759,1117.9551680009445,1118.4300852345896,1242400
2023-11-24,1136.951904296875,1143.6007458424708,1123.1793039524266,1127.4535592317382,1271600
2023-11-27,1111.7811279296875,1139.8012417903674,1107.5068732729735,1139.8012417903674,1443700
2023-11-28,1115.58056640625,1125.0789109478103,1109.406642454236,1122.7043248124203,1170400
2023-11-29,1129.353271484375,1138.3766996417353,1112.256249712534,1115.1057533411742,1795100
2023-11-30,1146.4500732421875,1150.2494106845809,1124.6038829484257,1133.62730937411,3288000
2023-12-01,1131.727783203125,1156.898396929422,1126.0287763216993,1151.1993900479963,1535900
2023-12-04,1111.7811279296875,1135.5269871336534,1105.132287352577,1127.453395004305,1346100
2023-12-05,1121.2796630859375,1125.5539184725421,1108.4568969261238,1116.0555731689763,1966800
2023-12-06,1133.1524658203125,1133.1524658203125,1119.379866696763,1126.5036248641163,1110800
2023-12-07,1112.256103515625,1130.3029574582354,1108.9316830525124,1123.6541165320104,1272800
2023-12-08,1064.28955078125,1101.3330960560993,1055.2661230860942,1100.3832615618724,2930000
2023-12-11,1078.0621337890625,1087.5604785801556,1070.463457956188,1087.5604785801556,1566800
2023-12-12,1068.5638427734375,1089.4602023654513,1064.2895874023438,1084.236112467448,1463800
2023-12-13,1074.2626953125,1077.5871156781886,1068.0887717762212,1069.5135233615163,1316500
2023-12-14,1023.9215087890625,1068.0888094928578,1022.0218399415875,1063.8145545860389,2588600
2023-12-15,1031.045166015625,1042.4431779844758,1023.9214085350932,1025.8210771965685,3320400
2023-12-18,1015.3731079101562,1025.8212876922066,1008.7242662306697,1025.8212876922066,1707300
2023-12-19,1016.3228759765625,1026.771055075387,1011.573703658915,1023.4466344530337,1383600
2023-12-20,1015.8479614257812,1029.1456439502888,1012.0486235616362,1012.9984580276724,2154900
2023-12-21,995.9014892578125,1009.1991724715554,995.9014892578125,1008.7242552139217,2020300
2023-12-22,995.4264526367188,1011.0987202593388,995.4264526367188,996.851204238775,1695900
2023-12-25,1015.3731079101562,1019.6473632755404,1010.1490180191312,1018.222611487079,1495800
2023-12-26,1029.62060546875,1030.095522722195,1016.7978396257352,1021.0720949067402,1421300
2023-12-27,1039.1187744140625,1042.4431946247107,1032.9448511657156,1035.3194370304645,2021600
2023-12-28,1037.21923828125,1037.6941555148953,1027.7208936083448,1033.419900412088,921700
2023-12-29,1028.6707763671875,1041.4935422775818,1022.4968520399607,1033.8948661825334,1535400
2024-01-04,1055.26611328125,1055.26611328125,1016.3228993797817,1030.5704166608066,1987000
2024-01-05,1063.8145751953125,1065.2393268585204,1048.1423069000243,1056.2158996582032,1987200
2024-01-09,1072.8380126953125,1079.011936628486,1066.664088762139,1068.5637576646538,1581600
2024-01-10,1093.2593994140625,1096.1089026271313,1076.1623801356498,1076.1623801356498,1986000
2024-01-11,1104.657470703125,1120.8046564313736,1100.3832156574122,1113.2059807945507,1958000
2024-01-12,1110.8314208984375,1132.2026966318406,1106.5571657517569,1131.2528621548004,2039000
2024-01-15,1131.2528076171875,1136.001979773431,1124.1290493828224,1131.2528076171875,376600
2024-01-16,1144.0755615234375,1145.500313156717,1129.8280451906426,1136.4768861459468,1765100
2024-01-17,1131.2528076171875,1166.8715987890132,1128.8782215390656,1129.35313875469,2310000
2024-01-18,1128.8782958984375,1142.6508960587466,1127.928461404623,1139.8013925773032,1472200
2024-01-19,1117.00537109375,1142.1759853233286,1112.7311158472178,1139.8013990752552,1161400
2024-01-22,1136.951904296875,1144.5505803489846,1125.078972965454,1133.6274835240772,1652300
2024-01-23,1131.727783203125,1153.0990590084714,1131.2528659630061,1147.8749693671646,1743900
2024-01-24,1123.17919921875,1129.8280401443578,1116.5303582931422,1123.17919921875,1344200
2024-01-25,1115.105712890625,1131.2528995338453,1109.8816230942891,1124.6040579748721,1710400
2024-01-26,1106.55712890625,1117.955142251207,1103.7076255700108,1116.055473360381,1372200
2024-01-29,1106.55712890625,1120.8046455874464,1104.6574600154238,1106.55712890625,1274400
2024-01-30,1097.058837890625,1113.6809414950285,1094.6842516614245,1107.0321000532672,1330800
2024-01-31,1109.40673828125,1112.731159157949,1087.560543948657,1087.560543948657,1823100
2024-02-01,1096.1090087890625,1102.282933015344,1088.5103328182545,1097.533760533589,1320200
2024-02-02,1113.2060546875,1122.2294826051889,1105.1324612874628,1107.0321303227656,1744100
2024-02-05,1135.527099609375,1143.1257753073046,1114.6307414400683,1117.0053275956711,2488300
2024-02-06,1130.77783203125,1146.9250165289664,1127.453411693485,1138.8514242801082,2631200
2024-02-07,1205.8148193359375,1211.0389087462154,1174.9452000933868,1190.142551105104,5485200
2024-02-08,1204.8651123046875,1215.313292230073,1184.9185869925877,1206.2898641126947,3083300
2024-02-09,1203.440185546875,1221.96195635837,1185.3933319356747,1192.517089940096,3086100
2024-02-13,1210.5640869140625,1214.8383422228999,1199.1660727571627,1203.4403280660001,2393000
2024-02-14,1177.31982421875,1202.4904376449676,1167.8214795296112,1199.640934238226,2604700
2024-02-15,1197.2664794921875,1202.4905696446722,1173.9955324493008,1186.818299187218,2279700
2024-02-16,1207.239501953125,1213.8883426405143,1201.5404956496484,1204.8649159933432,2086400
2024-02-19,1214.3634033203125,1214.3634033203125,1193.4670444051408,1211.0389825838079,1464000
2024-02-20,1209.1392822265625,1221.4871303561347,1205.3399443405403,1211.5138684053263,1739500
2024-02-21,1202.490478515625,1204.3901475180194,1190.6175472506602,1198.6911405108362,2047600
2024-02-22,1206.7646484375,1213.413489475723,1198.691055748229,1208.1894000885477,1878400
2024-02-26,1186.8179931640625,1216.2628573402017,1184.9183245075374,1210.088934206495,2394400
2024-02-27,1213.41357421875,1220.0624157213185,1188.71787720921,1188.71787720921,2003400
2024-02-28,1197.7412109375,1219.112485518066,1191.567287169781,1213.4134789632485,1641000
2024-02-29,1182.5439453125,1195.3667109845633,1175.8951038529117,1191.5673730076555,2523100
2024-03-01,1197.2664794921875,1205.3400733642093,1185.8684646140389,1188.2430510469865,1388600
2024-03-04,1192.51708984375,1199.6408478475955,1186.8180834406735,1195.8415102455447,1566800
2024-03-05,1211.98876953125,1213.8884384490104,1184.4435702237215,1195.841583730285,2170500
2024-03-06,1222.911865234375,1241.433637173847,1214.3633551084647,1220.0623618590716,3013800
2024-03-07,1200.5906982421875,1227.1860618108435,1194.4167745566067,1215.788048852848,1709300
2024-03-08,1225.7613525390625,1229.0857730999976,1197.266319159619,1201.5405741665354,2239700
2024-03-11,1188.7178955078125,1205.339999520107,1171.6208742380238,1205.339999520107,2091100
2024-03-12,1182.5439453125,1190.1426212663152,1163.0723381808484,1188.7178695249747,1329500
2024-03-13,1170.1961669921875,1200.1159553527832,1163.5473251342773,1192.042361668178,1495500
2024-03-14,1187.29296875,1187.7678859375,1173.5203703125,1183.9685484375,1770900
2024-03-15,1209.6141357421875,1214.363307849538,1190.1425301020502,1194.8917022094008,2176500
2024-03-18,1234.3099365234375,1234.3099365234375,1218.1627499740734,1225.2865087458517,1657500
2024-03-19,1254.7314453125,1262.8050390181443,1232.8852505795799,1234.7849196867903,2708100
2024-03-21,1286.07568359375,1290.3499380813216,1266.1291626517495,1281.3265119408927,2614400
2024-03-22,1299.37353515625,1306.022376344915,1282.2765149568256,1287.5006044622053,1795000
2024-03-25,1268.50390625,1292.2497674677088,1268.50390625,1291.7748502433546,1501600
2024-03-26,1285.60107421875,1298.8987580303956,1282.2766532658386,1284.6512396607752,1793300
2024-03-27,1293.19970703125,1315.9957356531743,1292.2498725053365,1306.0224731310825,1684200
2024-03-28,1291.2745361328125,1306.1942195543993,1281.6489339253371,1293.6809366846815,1664300
2024-03-29,1306.675537109375,1316.7824197168509,1288.8681725152508,1288.8681725152508,573900
2024-04-01,1296.568603515625,1315.8198077252111,1289.83068204227,1309.0818862518558,1548200
2024-04-02,1290.793212890625,1304.7503356250875,1284.5365716648316,1287.4242522305824,1632400
2024-04-03,1297.5311279296875,1304.7503293091181,1288.3868061824085,1295.6060075618393,2082200
2024-04-04,1321.59521484375,1324.0016154534435,1301.862729844262,1308.6006515514043,2385500
2024-04-05,1295.60595703125,1297.5310773240155,1272.5045135180628,1286.9429157138047,1939400
2024-04-08,1320.1513671875,1324.482888261028,1298.0124817005787,1299.4563220584214,1915400
2024-04-09,1328.3330078125,1340.3650096948595,1320.1512465324954,1320.1512465324954,1545000
2024-04-10,1345.177978515625,1353.3597408178669,1335.0710956716794,1338.9213367550872,2304700
2024-04-11,1341.3277587890625,1344.2154396475967,1310.5258296313662,1326.4080743533034,1706400
2024-04-12,1343.7340087890625,1355.7660110167583,1336.0335273633373,1353.3596105712193,1920400
2024-04-15,1342.771484375,1342.771484375,1314.8572384632616,1323.520280297939,1367100
2024-04-16,1318.226318359375,1341.809045485921,1314.3760771958573,1314.857357341297,1967800
2024-04-17,1274.4296875,1324.9640973140106,1264.3228055371978,1323.5202570336103,2264700
2024-04-18,1295.124755859375,1300.4188369870053,1272.98587114383,1278.2799522714604,1719600
2024-04-19,1303.7877197265625,1313.8946012748304,1279.2424359664833,1295.1246783994757,2416900
2024-04-22,1321.59521484375,1328.333136550892,1304.7504105758944,1328.333136550892,1923600
2024-04-23,1297.0499267578125,1327.8518545175527,1291.2745653028612,1324.0016135475853,1762400
2024-04-24,1312.450927734375,1312.450927734375,1295.6061230146452,1298.975083958591,1973800
2024-04-25,1267.2105712890625,1306.6755416064584,1263.3603302824874,1302.3440204740612,1765400
2024-04-26,1288.3868408203125,1298.012442918335,1263.360275365454,1270.0981968340698,2026900
2024-04-30,1315.3385009765625,1320.1513019314712,1288.8680957245645,1307.1567393532175,2924900
2024-05-01,1298.4937744140625,1306.6755365211934,1279.2425694561075,1297.049934042216,1749100
2024-05-02,1305.7130126953125,1305.7130126953125,1288.3869277498532,1296.087409947835,1791800
2024-05-07,1328.3330078125,1330.739408188972,1301.8626036713088,1318.7074063066123,3994800
2024-05-08,1246.5155029296875,1254.697264918029,1200.3126117014058,1227.2642982512368,7802600
2024-05-09,1258.5474853515625,1276.3548493890416,1249.4031632782624,1249.8844433873835,3864300
2024-05-10,1248.9217529296875,1270.098075522715,1241.702552045701,1253.7345535190118,3399200
2024-05-13,1237.8525390625,1250.847103041772,1232.558457441315,1248.9219824522502,2530900
2024-05-14,1268.1729736328125,1270.5793739622866,1234.483369020176,1237.3710494155448,2739800
2024-05-15,1254.6971435546875,1276.8360267934736,1249.4030627801951,1268.1729855261226,2691900
2024-05-16,1253.7347412109375,1262.8790636996162,1246.5155392461913,1250.3657802940559,2410400
2024-05-17,1223.4139404296875,1244.1089834818026,1215.7134592940167,1232.076981707317,2395500
2024-05-20,1242.665283203125,1245.552963954178,1222.4515179457542,1228.2268794478603,1906200
2024-05-21,1261.91650390625,1266.729305217868,1243.6278589221015,1245.0716993155868,1970800
2024-05-22,1253.7347412109375,1277.3174676291087,1253.7347412109375,1259.0288226517514,2534400
2024-05-23,1234.96484375,1251.809648711516,1227.745641623636,1242.6653260181215,3136100
2024-05-24,1245.0716552734375,1252.7721370996358,1225.3391705938043,1229.670691621041,2488100
2024-05-27,1274.4296875,1274.9109675934667,1254.6972036678626,1260.9538448829305,1880800
2024-05-28,1287.905517578125,1304.2690405966812,1278.2799158025036,1280.205036157628,2453100
2024-05-29,1326.407958984375,1332.664600300339,1298.4937131131508,1302.3439539229748,3863800
2024-05-30,1334.1083984375,1346.1404005879103,1302.825192846433,1310.5256742226957,3422700
2024-05-31,1350.9532470703125,1375.498532286054,1336.996124104499,1337.9586843090376,15287700
2024-06-03,1419.7763671875,1420.2576473119702,1365.3917131223516,1369.7232342425848,3673600
2024-06-04,1419.7763671875,1422.664047934322,1385.6054783501058,1390.8995597192795,2677900
2024-06-05,1391.862060546875,1403.8940631449636,1374.5359768056276,1377.9049375330924,2610000
2024-06-06,1390.418212890625,1409.1881368444963,1385.1241317754304,1408.706856743115,1727900
2024-06-07,1399.5626220703125,1414.9635862746627,1393.7872604936813,1405.337983646944,1415300
2024-06-10,1416.4073486328125,1416.4073486328125,1382.717741291903,1388.4931025503447,2104800
2024-06-11,1415.4447021484375,1430.3643844900225,1410.6319013930874,1420.2575029037876,1424900
2024-06-12,1409.6693115234375,1417.851072635045,1393.7870693656112,1399.5624301502753,1928800
2024-06-13,1377.423583984375,1407.7442289148487,1368.7605425756683,1407.7442289148487,2408400
2024-06-14,1389.93701171875,1402.4502950652484,1370.2045264415794,1372.1296469564252,3594300
2024-06-17,1307.15673828125,1371.166990929043,1304.750337805769,1371.166990929043,2574000
2024-06-18,1309.081787109375,1326.4078695858227,1296.0872252520394,1321.1137888291303,2572800
2024-06-19,1301.8626708984375,1326.4079560059497,1294.1621892960807,1326.4079560059497,1879800
2024-06-20,1291.755859375,1302.825302283206,1274.9110549494692,1299.4563413980998,2394600
2024-06-21,1286.9429931640625,1293.6809145942407,1279.7237916317285,1280.205071733884,2652300
2024-06-24,1284.0552978515625,1298.974980847589,1280.2050570783945,1292.718339591191,1971000
2024-06-25,1299.456298828125,1304.750380045573,1284.5366153971354,1291.2745369466145,2152100
2024-06-26,1323.520263671875,1330.2581850142046,1295.1247380149148,1301.8626593572444,2307700
2024-06-27,1314.3759765625,1320.6326179741852,1303.787814173494,1317.7449373226382,1738600
2024-06-28,1324.0015869140625,1331.7020686990952,1311.4883040133843,1326.4079874718852,2223800
2024-07-01,1351.4344482421875,1355.2846888354702,1329.776844904973,1335.0709257207366,1941600
2024-07-02,1405.8192138671875,1409.669454781579,1352.8784012943047,1353.3596814086036,3000700
2024-07-03,1413.0384521484375,1420.257654049741,1389.4557259375133,1412.0758918949305,2264500
2024-07-04,1439.5087890625,1440.9526293724925,1408.2255823459964,1424.5891058592445,1562100
2024-07-05,1405.8192138671875,1430.364499696433,1399.5625723813014,1429.8832195821342,2473100
2024-07-08,1360.09765625,1398.600066901097,1360.09765625,1398.600066901097,2667600
2024-07-09,1369.2418212890625,1373.5733419890983,1354.3221388778286,1362.0226201223363,2566300
2024-07-10,1364.4290771484375,1384.1615611565808,1357.2098756820437,1376.4610795924273,2408000
2024-07-11,1381.7552490234375,1387.0493304373204,1369.7232458100673,1383.6803695375768,1959600
2024-07-12,1345.177978515625,1356.7287017658487,1333.6272552654013,1351.4346202761628,2959400
2024-07-16,1377.9049072265625,1381.755147973266,1348.0655414396094,1349.0281016262852,2294900
2024-07-17,1412.55712890625,1414.0009692424403,1360.5788768033965,1375.9798403894272,2738700
2024-07-18,1402.4501953125,1420.738838902711,1401.9689152180208,1410.631956918647,1936900
2024-07-19,1419.7763671875,1425.551728681144,1383.1990777277542,1400.043882084216,2046700
2024-07-22,1404.375244140625,1423.6264469389885,1394.268362671484,1410.6318850500932,1639700
2024-07-23,1410.150634765625,1425.551597329618,1400.0437530830045,1410.150634765625,1465700
2024-07-24,1368.7606201171875,1396.6748662377208,1367.3167798006082,1395.2310259211415,1527100
2024-07-25,1328.3330078125,1350.4718912760416,1323.520207059556,1349.0280510501584,2357900
2024-07-26,1325.9267578125,1347.5843636569873,1315.338594955195,1331.2208392411524,2049700
2024-07-29,1343.2528076171875,1356.2473707865406,1334.5897655042857,1351.9158497300896,1680700
2024-07-30,1331.220703125,1339.8837445770066,1322.0763815923265,1331.220703125,1628600
2024-07-31,1358.65380859375,1360.5789291160224,1305.2317141006909,1311.488355798076,2053700
2024-08-01,1285.98046875,1317.2636762607597,1260.9539027413923,1307.1567938342066,2062200
2024-08-02,1228.226806640625,1260.953853212554,1228.226806640625,1251.3282512796336,2492900
2024-08-05,1096.3560791015625,1177.2111367350403,1082.8802361626495,1172.8796157903898,3627600
2024-08-06,1216.676025390625,1219.5637058306345,1154.109615857088,1165.1790575437908,3373900
2024-08-07,1148.334228515625,1164.2164705696969,1054.0033363156826,1086.7303805483157,7205700
2024-08-08,1182.5052490234375,1204.6441344345396,1133.4146770249065,1148.3343606715189,3740200
2024-08-09,1207.5318603515625,1236.8899486263513,1164.2166481428576,1200.3126583167782,7117700
2024-08-13,1227.26416015625,1245.0715224800858,1200.7937567018994,1203.2001570159314,3400500
2024-08-14,1262.397705078125,1267.6917861897757,1231.5957786103402,1239.7775403283454,2184500
2024-08-15,1268.1729736328125,1284.055215807341,1260.4724925784956,1262.3976128420748,2487500
2024-08-16,1296.568603515625,1307.1567658308973,1282.1302003584353,1293.1996427789475,2302700
2024-08-19,1293.1995849609375,1307.6379874725965,1285.980383705108,1296.5685455469913,2981900
2024-08-20,1320.1513671875,1329.7769695731179,1300.900162416264,1309.0819244440393,2505300
2024-08-21,1337.9586181640625,1345.659099419683,1309.5630935339618,1315.3384544756773,2923200
2024-08-22,1362.022705078125,1364.9103857249338,1325.9266969930156,1339.883820119258,2870300
2024-08-23,1375.9798583984375,1382.2364999371503,1359.6163343741118,1365.391695794462,2168900
2024-08-26,1405.337890625,1405.337890625,1356.72860057256,1373.5734040560787,2527500
2024-08-27,1440.471435546875,1454.4285593794373,1398.1187839170302,1408.225666692334,3264500
2024-08-28,1434.696044921875,1450.5782889616007,1415.926120147654,1439.9901262684502,2814600
2024-08-29,1454.9097900390625,1460.203871312774,1424.1078626283777,1426.0329830915455,2140100
2024-08-30,1463.091552734375,1470.7920345908717,1448.6531492534436,1452.022110065661,4079800
2024-09-02,1479.9364013671875,1484.7492026724467,1449.1344730135288,1457.7975153629955,1725200
2024-09-03,1495.3372802734375,1503.5190420258186,1474.6422358409438,1482.3427174902438,2334900
2024-09-04,1463.5728759765625,1483.3053613152797,1450.578312460822,1456.834954153586,4303700
2024-09-05,1454.9097900390625,1493.8934794182105,1435.1773052915926,1444.3216274916397,2866000
2024-09-06,1448.653076171875,1458.7599580986555,1408.7068285565044,1414.0009095657704,4514100
2024-09-09,1463.5728759765625,1465.497996497413,1385.1242147519063,1410.1507815229622,3228400
2024-09-10,1439.0274658203125,1483.305233999399,1439.0274658203125,1454.428428665212,4770800
2024-09-11,1431.8082275390625,1451.540710674895,1427.957986927193,1430.845667386095,4299100
2024-09-12,1476.5673828125,1484.7491447120476,1445.7654556612613,1457.3161783429757,2589200
2024-09-13,1433.252197265625,1471.7546068630897,1432.7709171456568,1464.054124943597,5214100
2024-09-17,1448.653076171875,1453.947157181141,1431.3269928688226,1445.2841155296148,2751800
2024-09-18,1453.947265625,1484.2679136668323,1441.4339823061487,1467.9043893267958,1481600
2024-09-19,1476.5673828125,1493.8934668350716,1464.0540999073094,1484.2678646003096,2209200
2024-09-20,1478.0111083984375,1501.5938320426978,1472.2357475059657,1491.9682305552446,3934200
2024-09-24,1491.005859375,1506.406823706827,1472.235934095586,1492.4496997811088,2411300
2024-09-25,1506.40673828125,1514.1072200104832,1480.4176124450878,1492.9308952550919,1800800
2024-09-26,1552.609619140625,1554.5347395611343,1516.5136112560785,1522.7702526227333,2538300
2024-09-27,1575.0123291015625,1580.369513894425,1544.8172875417924,1564.7849763151887,2394800
2024-09-30,1502.4468994140625,1527.7717742178004,1480.5311423723663,1500.0118152983184,3100200
2024-10-01,1559.9149169921875,1560.8889506587452,1505.856048498234,1519.979536663321,2130700
2024-10-02,1543.3563232421875,1548.2264915073886,1519.4924987427028,1519.4924987427028,3403300
2024-10-03,1602.285400390625,1606.181535102821,1574.0384237272037,1582.3177099906204,2168400
2024-10-04,1617.3829345703125,1618.3569682556906,1587.674907166281,1593.0320924358602,2609400
2024-10-07,1635.4024658203125,1655.8571720634493,1633.4543985590615,1653.909104802198,1636900
2024-10-08,1618.35693359375,1624.2011355808474,1608.1295801163294,1618.8439504260082,1830500
2024-10-09,1575.0123291015625,1627.1231266321338,1575.0123291015625,1619.8178746418666,2254500
2024-10-10,1624.2010498046875,1633.9413859354502,1587.6747893143272,1599.3631926712424,2443400
2024-10-11,1609.1036376953125,1620.7920418432204,1597.4152335474048,1613.9738060902741,1795500
2024-10-15,1602.285400390625,1619.3309897564827,1602.285400390625,1612.0257371711152,1054900
2024-10-16,1598.3892822265625,1606.181551731628,1571.1163389588332,1578.421591619832,1514200
2024-10-17,1592.5450439453125,1609.5906331006906,1589.135926114237,1605.2074816035934,906800
2024-10-18,1588.64892578125,1614.9478350369789,1588.64892578125,1602.2853972471835,772700
2024-10-21,1598.876220703125,1606.6684898262595,1583.7786992770523,1593.0320188607743,1151700
2024-10-22,1596.92822265625,1625.6622162935537,1580.3696500517021,1615.921879467349,1527100
2024-10-23,1593.51904296875,1610.0776149311391,1581.8306392305929,1596.4411439032892,983200
2024-10-24,1600.8243408203125,1608.6166102006364,1567.7071959539355,1575.0124484979892,1304700
2024-10-25,1587.6748046875,1599.8502249688459,1581.830602952454,1596.4411072900689,1220500
2024-10-28,1609.5906982421875,1616.8959510329992,1580.3696870789404,1585.7268724588691,1502700
2024-10-29,1628.584228515625,1631.50632940411,1600.3372532602702,1625.66212762714,1478900
2024-10-30,1628.584228515625,1652.4480524382523,1625.1751108123926,1634.9154471073425,2507600
2024-10-31,1629.0712890625,1629.0712890625,1610.0776327774663,1625.6621712677504,2349100
2024-11-01,1597.4151611328125,1608.616547933439,1578.4215052534894,1594.0060434108827,2077100
2024-11-05,1607.6424560546875,1615.4347248510749,1582.8045992662023,1611.5385904528812,2434200
2024-11-06,1629.558349609375,1653.909191653747,1619.8180127916262,1650.9870906084225,2098500
2024-11-07,1660.2403564453125,1675.3378780204973,1632.4803974199729,1655.8572050202588,1718600
2024-11-08,1652.93505859375,1684.1041345365902,1622.7400162741233,1684.1041345365902,1880900
2024-11-11,1588.64892578125,1652.4481315682958,1588.64892578125,1650.9870810540888,2047000
2024-11-12,1606.1815185546875,1641.7337474371898,1592.545047202495,1596.44118187455,1872900
2024-11-13,1626.63623046875,1642.2207692037798,1606.181523379023,1611.5387085691896,1521500
2024-11-14,1613.48681640625,1663.6495517186086,1613.48681640625,1643.1948441155107,1626400
2024-11-15,1612.999755859375,1631.0193787358232,1609.5906380178847,1616.4088737008651,2009400
2024-11-18,1600.3372802734375,1626.636188713719,1594.9800952207875,1607.155515794992,1805700
2024-11-19,1596.441162109375,1613.4867510885783,1585.2397750658986,1604.2334313570109,2099100
2024-11-20,1594.4930419921875,1618.8438825846154,1586.2137561907618,1590.596907497399,1528400
2024-11-21,1570.1422119140625,1601.311288081091,1566.246077393184,1588.6488508882358,1590600
2024-11-22,1604.2333984375,1611.0516338892683,1555.044699821171,1568.1941539067243,1856500
2024-11-25,1644.1688232421875,1644.1688232421875,1603.7464262252736,1623.2270994864368,4550500
2024-11-26,1679.7210693359375,1679.7210693359375,1635.402537207909,1639.7856887370547,2015000
2024-11-27,1706.5069580078125,1706.5069580078125,1666.0845614568284,1676.3119148010533,2656500
2024-11-28,1619.8179931640625,1694.8185857519354,1618.3569426591039,1693.357535246977,1875100
2024-11-29,1657.80517578125,1662.1883269510593,1608.12946252341,1620.304882439547,1891900
2024-12-02,1693.3575439453125,1701.1498133451182,1651.9611127588437,1657.805314808698,2093600
2024-12-03,1704.5589599609375,1724.0396337890625,1678.7470671386718,1704.5589599609375,2356800
2024-12-04,1681.18212890625,1710.8901560972354,1670.4677584439276,1699.6887687957162,1736100
2024-12-05,1713.812255859375,1723.0655757972347,1694.3315823059863,1698.227717016664,1805500
2024-12-06,1704.5589599609375,1743.5203076171874,1696.2796735839843,1733.779970703125,1964600
2024-12-09,1696.7666015625,1711.8641229885727,1679.2339960354477,1702.610803404851,1831100
2024-12-10,1725.5006103515625,1733.2928795487471,1696.7666176869443,1720.6304421033221,1583800
2024-12-11,1714.7862548828125,1726.9616756076266,1702.6108341579984,1718.682389514753,1674500
2024-12-12,1736.2149658203125,1746.4423190551586,1713.8121920677922,1721.1174443783966,1878800
2024-12-13,1735.7279052734375,1741.5721069746949,1720.1433674034179,1726.9616027215516,1857800
2024-12-16,1736.2149658203125,1753.260554545056,1731.344797613243,1742.059167668796,1203300
2024-12-17,1706.0198974609375,1730.3707381326608,1680.6950231623453,1723.065485931144,2905500
2024-12-18,1716.734375,1739.6241666666667,1696.766684397163,1697.2537012411346,1469800
2024-12-19,1717.2213134765625,1732.31883495069,1677.2859340933867,1677.2859340933867,1263700
2024-12-20,1731.831787109375,1737.6759888656495,1713.8121650275282,1716.7342659056656,2681000
2024-12-23,1749.8514404296875,1770.7931637635245,1738.6500535301932,1753.2605581817074,1091500
2024-12-24,1744.9813232421875,1750.8255252736992,1735.7280033589607,1748.3904410939026,642300
2024-12-25,1742.0592041015625,1747.9034060722695,1726.961682343903,1744.0072714251316,975600
2024-12-26,1752.7735595703125,1752.7735595703125,1726.961667751133,1733.7799033260105,802800
2024-12-27,1788.812744140625,1793.1958954331014,1746.442281646687,1759.1047187138408,1649600
2024-12-30,1764.4619140625,1790.2738051597432,1754.2345609862336,1788.8127547202766,1433700
2025-01-06,1690.92236328125,1763.4878679266722,1683.130094326037,1757.1566494005615,2012600
2025-01-07,1709.4290771484375,1719.169413770366,1687.0263029180023,1701.636807850895,1429900
2025-01-08,1691.4095458984375,1706.5070684791608,1669.4937873135168,1705.0460179068327,1827400
2025-01-09,1670.4676513671875,1690.922357302296,1648.5518950081428,1681.6690379506992,1364800
2025-01-10,1647.577880859375,1657.3182171340388,1621.7659897315161,1641.7336790945767,2627200
2025-01-14,1625.6622314453125,1645.6299221251381,1597.9022712318965,1633.4545009789028,2594600
2025-01-15,1614.4608154296875,1647.0909435243448,1600.8243439871442,1646.1169098498774,1778600
2025-01-16,1630.04541015625,1645.1429326285668,1607.642634874748,1607.642634874748,1257500
2025-01-17,1632.4803466796875,1637.8375315882427,1602.7723212777005,1635.4024475388994,1427300
2025-01-20,1656.34423828125,1662.6754570691526,1631.0193631296402,1633.941464108672,874000
2025-01-21,1639.78564453125,1666.5715698205934,1635.4024931202666,1662.18841840961,1023200
2025-01-22,1652.93505859375,1662.1883780142807,1641.2466551151847,1641.2466551151847,1284100
2025-01-23,1650.5001220703125,1658.7794086076967,1634.4285658506842,1647.0910040843307,1487000
2025-01-24,1665.5975341796875,1687.026274385508,1656.8312313682156,1676.3119042825979,1145100
2025-01-27,1706.993896484375,1725.0135182161644,1687.5132243419,1700.6626780380705,1660100
2025-01-28,1715.76025390625,1728.9097080236127,1662.6754206176377,1687.5132783948782,1977800
2025-01-29,1755.6956787109375,1761.539880692777,1725.5006351381003,1730.3708034562999,1545600
2025-01-30,1726.961669921875,1765.4359992856168,1723.0655353027619,1753.7475954282775,1674700
2025-01-31,1740.111083984375,1755.6956221001042,1718.195327259131,1726.4746131331121,1480800
2025-02-03,1687.5133056640625,1713.3251974967307,1687.5133056640625,1705.0459114371956,1793400
2025-02-04,1691.4095458984375,1720.6305573449986,1691.4095458984375,1708.4551359089314,1325400
2025-02-05,1678.7469482421875,1704.5588392363377,1654.8831244928788,1700.1756879354443,1380100
2025-02-06,1679.7210693359375,1702.1238438182377,1678.2600188262224,1682.1561535187964,1358600
2025-02-07,1680.2081298828125,1696.7667027570199,1665.5976244055707,1669.493759199502,2134100
2025-02-10,1649.0389404296875,1684.591168029028,1632.9673854875198,1675.8248653333003,2004200
2025-02-12,1666.5716552734375,1689.9484639973198,1648.0650150336974,1655.8572846083248,2096000
2025-02-13,1704.5589599609375,1717.2213979492187,1678.2600502929686,1684.5912692871093,1984100
2025-02-14,1600.3372802734375,1658.2922822066507,1592.5450111059465,1640.2726597568283,2879500
2025-02-17,1523.8756103515625,1578.9085103099283,1515.1093077033272,1578.9085103099283,3080700
2025-02-18,1523.8756103515625,1536.0510306963338,1513.1612404481639,1535.564013882543,1539800
2025-02-19,1505.8560791015625,1551.1486455169718,1493.193641178975,1534.1030560057961,1853300
2025-02-20,1480.5311279296875,1530.6938602246737,1472.7388588353208,1519.0054565831235,2741000
2025-02-21,1501.472900390625,1507.8041192375529,1476.6350418372933,1481.0181933467047,1833700
2025-02-25,1581.3436279296875,1588.1618634674194,1504.881986542265,1540.4342147032958,3608100
2025-02-26,1559.9149169921875,1577.9345398235052,1534.1030248284078,1573.5513883239955,2286500
2025-02-27,1578.9085693359375,1584.26575448791,1560.401929720032,1575.499451511955,3066600
2025-02-28,1582.317626953125,1593.5190136628578,1557.9667862797928,1573.0643074972588,3294800
2025-03-03,1580.36962890625,1593.5190834456857,1555.0447534969665,1587.6748814281586,1777600
2025-03-04,1576.96044921875,1595.954105030835,1557.966793406665,1568.1941465362493,1997100
2025-03-05,1602.285400390625,1602.285400390625,1549.200564936954,1553.5837164881746,1806300
2025-03-06,1618.843994140625,1631.5064321212678,1602.772438242117,1609.1036572324383,1889300
2025-03-07,1568.1942138671875,1617.8699312008687,1568.1942138671875,1616.4088806910545,2191600
2025-03-10,1604.2333984375,1607.1554993454006,1565.7590698168071,1581.3436079922776,2154000
2025-03-11,1600.8243408203125,1609.590643873177,1563.3240444275032,1574.0384148254486,2906200
2025-03-12,1568.1942138671875,1609.5906449785884,1564.7850960109545,1600.8243419197036,1812500
2025-03-13,1565.759033203125,1597.902142438399,1565.759033203125,1568.1941172361003,1455200
2025-03-14,1580.856689453125,1588.6489590252907,1563.3240829157521,1565.759167157054,1525400
2025-03-17,1567.2200927734375,1606.181437528526,1567.2200927734375,1606.181437528526,1165600
2025-03-18,1580.36962890625,1590.5969824369222,1566.2461406972266,1571.6033258799596,1367700
2025-03-19,1594.9801025390625,1607.6425399943344,1578.4215304821685,1580.3695977829796,1595200
2025-03-21,1612.025634765625,1613.9737019979702,1586.2137439370515,1586.2137439370515,3393400
2025-03-24,1576.4735107421875,1610.0776726949866,1568.6812413038572,1595.4671674981175,2288200
2025-03-25,1618.843994140625,1626.149246821765,1598.3892866334331,1601.7984045512983,1670100
2025-03-26,1628.584228515625,1654.3961196972423,1624.2010771828975,1632.480363033605,2467300
2025-03-27,1631.0194091796875,1636.863611302756,1597.4152469720439,1599.3633143464,1936800
2025-03-28,1613.7781982421875,1625.108142857441,1599.9852221888355,1612.7929856669482,1655000
2025-03-31,1553.68017578125,1602.4481965175669,1538.9019876793357,1593.5812836564185,2280700
2025-04-01,1554.6654052734375,1574.86226256628,1540.379823285817,1573.8770500154096,1347800
2025-04-02,1518.7052001953125,1551.217215509257,1512.3013183910507,1548.2615777534438,1814500
2025-04-03,1423.6322021484375,1463.040706014138,1409.8392257954422,1410.3318320937635,2564200
2025-04-04,1346.29296875,1396.5388095156422,1320.1848358031466,1364.5194011845956,3534800
2025-04-07,1293.5841064453125,1326.5887275922416,1242.845659010481,1257.6238475837329,4803400
2025-04-08,1365.9971923828125,1386.6866558087331,1328.0665094352912,1330.0369345234742,3548400
2025-04-09,1332.5,1358.1155268022183,1319.199630314233,1337.9186691312384,2919100
2025-04-10,1455.651611328125,1493.5822962933587,1442.8438475736307,1472.8928317668676,2314700
2025-04-11,1404.4205322265625,1421.1691460798431,1356.6377221157325,1366.9824542015822,2135600
2025-04-14,1432.4990234375,1447.2772114371992,1420.6764730377408,1422.6468981043672,1944900
2025-04-15,1436.9324951171875,1468.9519027903507,1426.5877634073963,1451.7106832740321,2677600
2025-04-16,1431.513916015625,1448.7551366145744,1414.2726954166756,1437.4251916495505,2647500
2025-04-17,1452.203369140625,1460.0850699229352,1424.1248101036456,1433.976936081533,1524600
2025-04-18,1463.0406494140625,1470.4297436030224,1442.3511856849748,1448.2624610361427,847900
2025-04-21,1417.228271484375,1457.1293802748633,1410.3317835452783,1455.651561430771,1553800
2025-04-22,1418.7060546875,1426.0951487223308,1380.775371975369,1403.9278666178386,1679700
2025-04-23,1451.710693359375,1463.0406376916674,1425.6025607675708,1448.2624494321556,2458800
2025-04-24,1431.513916015625,1465.5037509106967,1427.573065593008,1456.1442311569813,3058100
2025-04-25,1462.055419921875,1475.3557893079567,1437.9177125175045,1448.2624442622346,1650600
2025-04-28,1456.63671875,1493.089582188451,1456.63671875,1477.818788045316,2921500
2025-04-30,1483.7301025390625,1483.7301025390625,1453.6811197187162,1456.144151097433,2815700
2025-05-01,1488.6561279296875,1499.9860719873918,1452.6958707030603,1454.666295756574,1180200
2025-05-02,1510.823486328125,1528.0647064199034,1490.1340222179908,1490.1340222179908,2428700
2025-05-07,1534.4686279296875,1543.828147650607,1517.7200136922527,1518.2126199933537,2703900
2025-05-08,1532.99072265625,1533.9759352029444,1502.4491337087284,1525.109022282696,1319400
2025-05-09,1568.4583740234375,1571.9066179361773,1547.7689105469976,1568.4583740234375,1901100
2025-05-12,1592.5960693359375,1607.3742574213313,1569.9361809383338,1576.3400624420044,1988000
2025-05-13,1623.1376953125,1631.5120020864947,1605.4038692028641,1619.6894513467375,1667300
2025-05-14,1604.418701171875,1641.3641732590384,1588.1626934535232,1620.6747088902268,2238800
2025-05-15,1534.961181640625,1574.36968437851,1507.3752297241053,1546.7837324619904,3202700
2025-05-16,1522.1534423828125,1541.3650877721102,1508.3604662058808,1534.4685996836442,1900600
2025-05-19,1505.8974609375,1533.4834137711605,1504.4196420356968,1527.0795318633466,1418800
2025-05-20,1499.0009765625,1525.109110561124,1493.582307242031,1512.7939530146032,1700100
2025-05-21,1473.8780517578125,1495.552728989545,1466.4889572469945,1485.2079966744,1777400
2025-05-22,1442.84375,1467.474063246842,1433.9768372311369,1463.0406068624104,2138600
2025-05-23,1451.2181396484375,1463.5332969774297,1434.9621319741677,1451.2181396484375,2740600
2025-05-26,1411.3170166015625,1442.3512127781414,1406.8835600049083,1438.4103624700044,1582300
2025-05-27,1380.2828369140625,1414.2726712277922,1377.3271991476513,1408.8540019893715,1854200
2025-05-28,1367.47509765625,1400.4797199699997,1365.9972787466793,1399.0019010604287,2006200
2025-05-29,1368.952880859375,1383.238463279282,1358.1155424718593,1364.5194242463003,2506200
2025-05-30,1330.529541015625,1348.263366812205,1322.6478406615895,1339.396453913915,5463800
2025-06-02,1306.884521484375,1326.5887735987267,1300.4806395472108,1320.1848916615625,2508200
2025-06-03,1295.0618896484375,1315.7513530813908,1288.1654018374531,1312.7957154481119,2160700
2025-06-04,1284.7171630859375,1304.9140203277027,1284.7171630859375,1295.0618948439148,2691900
2025-06-05,1270.431640625,1284.2246169481873,1264.0277587606631,1275.8503098948236,3432700
2025-06-06,1245.3087158203125,1263.5351487654675,1243.8308969328675,1262.0573298780225,2007400
2025-06-09,1259.59423828125,1268.4611511827213,1240.8751999336992,1245.8012626567388,2207900
2025-06-10,1295.0618896484375,1315.2587468091776,1270.924182309992,1270.924182309992,3574700
2025-06-11,1312.7957763671875,1319.6922644981971,1301.4658315805289,1303.4362567608173,3006300
2025-06-12,1286.6876220703125,1304.421448408188,1280.776346624354,1301.465810685209,1798900
2025-06-13,1258.6090087890625,1293.0914473860232,1258.1164025233916,1292.1062348546814,2142400
2025-06-16,1257.1312255859375,1269.9389888560136,1253.190375348991,1262.5498946617388,1598700
2025-06-17,1291.12109375,1295.0619440933804,1266.4907791038727,1269.446416861408,1923700
2025-06-18,1319.1995849609375,1319.1995849609375,1287.6727838266954,1293.0914527716434,3058300
2025-06-19,1292.598876953125,1301.9583962603313,1287.180207880532,1299.9879711430247,1511300
2025-06-20,1290.62841796875,1303.4361808951573,1290.62841796875,1292.5988430343511,3379000
2025-06-23,1263.04248046875,1276.3428498028593,1252.205142492809,1275.357637259592,1498300
2025-06-24,1277.8206787109375,1294.5692920787756,1275.850253608839,1288.6580167724799,1634900
2025-06-25,1287.18017578125,1298.0175136561784,1277.8206567074483,1286.6875695142078,2516100
2025-06-26,1291.12109375,1304.9140699518314,1280.7763615986264,1281.268967891549,2301700
2025-06-27,1315.7513427734375,1335.9481997759501,1305.4066111380043,1318.7069803835614,3370300
2025-06-30,1345.3077392578125,1356.6376836016168,1319.1996066394806,1320.1848191911158,3638800
2025-07-01,1354.1746826171875,1362.548989494049,1336.9334625765903,1352.2042574696907,3423900
2025-07-02,1350.2337646484375,1359.593283629948,1322.155207703906,1338.9038206181879,3540700
2025-07-03,1357.6229248046875,1373.3863259635227,1343.8299487907066,1344.815161363134,2800100
2025-07-04,1337.918701171875,1364.5194411804468,1333.9778508002346,1360.0859845123516,2768300
2025-07-07,1312.7957763671875,1341.8595477764422,1311.3179574819712,1336.4408785306491,2197100
2025-07-08,1303.9288330078125,1319.6922340868643,1295.0619199008459,1313.2883523984995,2397900
2025-07-09,1331.5147705078125,1338.4112584053744,1308.8548817015383,1323.140463775059,1840200
2025-07-10,1301.4658203125,1332.5000166333507,1298.510182567657,1326.588741143665,2384500
2025-07-11,1312.3031005859375,1320.6774071587456,1299.495337592231,1303.9287940131294,2029800
2025-07-14,1297.52490234375,1304.9139963206505,1287.6727770412158,1300.4805399345103,1484800
2025-07-15,1284.224609375,1305.406680032125,1279.7911527258343,1302.4510422660146,1993000
2025-07-16,1283.2393798828125,1301.4658125337392,1280.283742155635,1280.776348443498,1343700
2025-07-17,1298.017578125,1298.017578125,1272.8946572580646,1277.3281138816415,1210200
2025-07-18,1293.0914306640625,1300.4805245535715,1287.1801555524555,1294.5692494419643,1141600
2025-07-22,1269.93896484375,1300.4805536025988,1267.968539762534,1284.2245466825664,1319700
2025-07-23,1341.8594970703125,1363.0415669579863,1289.1506254893568,1292.5988694245596,3268500
2025-07-24,1336.4407958984375,1359.5932903353068,1333.9777645753663,1359.5932903353068,1851000
2025-07-25,1298.017578125,1326.5887430324954,1293.5841215014232,1326.0961367409868,2069000
2025-07-28,1312.3031005859375,1312.7957068549263,1298.5101250542534,1300.973156399197,1534000
2025-07-29,1292.1063232421875,1311.8105752169063,1290.6285043440837,1298.0175988346032,1842100
2025-07-30,1300.4805908203125,1302.9436222423205,1284.2245834350585,1290.6284651322799,1524000
2025-07-31,1310.8253173828125,1311.317923665181,1290.6284598057005,1298.0175540412292,2210000
2025-08-01,1323.633056640625,1333.4851821087354,1312.303112352298,1321.1700252735975,2324000
2025-08-04,1307.86962890625,1313.2882978019068,1287.6727721133475,1300.480534957627,2337000
2025-08-05,1307.86962890625,1322.155210540254,1303.4361725370761,1310.825266485699,1702800
2025-08-06,1319.6922607421875,1332.50002437761,1310.3327411624557,1314.2735915118164,2254000
2025-08-07,1316.736572265625,1327.0813040342664,1309.840084419864,1324.1256663860831,2869100
2025-08-08,1308.8548583984375,1328.55910918351,1277.8206634119483,1310.8252834769448,5696200
2025-08-12,1347.770751953125,1355.1598459879558,1299.495337592231,1308.3622504340278,5118200
2025-08-13,1338.4112548828125,1371.4158754485647,1322.6478540155877,1346.292955316425,4673600
2025-08-14,1326.0960693359375,1338.4112259976755,1308.8548500095044,1327.0812818688764,3225000
2025-08-15,1328.0665283203125,1328.0665283203125,1304.9140332049362,1310.3327022744922,3925100
2025-08-18,1329.0517578125,1333.485214380444,1318.214419535304,1328.5591515271728,2930900
2025-08-19,1320.184814453125,1331.0221524822177,1314.7661454385786,1322.1552395493236,2933000
2025-08-20,1310.332763671875,1337.4261102891508,1310.332763671875,1328.5591968507695,5164400
2025-08-21,1286.1949462890625,1309.840046795334,1276.342821078116,1301.4657403660294,4431300
2025-08-22,1305.4066162109375,1305.4066162109375,1280.2836964272553,1286.1949716704746,3563400
2025-08-25,1299.495361328125,1311.810518277785,1291.6136608803426,1301.958392718057,5603300
2025-08-26,1281.7615966796875,1324.618344916095,1269.9390454420577,1298.5102109329962,48948300
2025-08-27,1282.7467041015625,1298.0174981980097,1279.2984602733325,1282.7467041015625,3856400
2025-08-28,1308.8548583984375,1312.795708555452,1280.7763010297092,1282.7467261082165,3397500
2025-08-29,1295.5545654296875,1320.6774866604533,1295.5545654296875,1304.421478805252,3815100
2025-09-01,1322.1552734375,1322.1552734375,1294.0767150969868,1294.5693213836623,2100700
2025-09-02,1339.8890380859375,1348.2633445739746,1322.155212581859,1323.1404251098631,2565400
2025-09-03,1333.977783203125,1349.741183890902,1325.6034765877434,1329.0517204881949,2298900
2025-09-04,1325.603515625,1329.0517596269974,1308.8549019010127,1320.1848464790041,2656700
2025-09-05,1341.8594970703125,1349.741197493633,1320.6774271826387,1327.0813087765866,2698300
2025-09-08,1370.4306640625,1370.4306640625,1348.7559878515906,1351.7116255167145,2834400
2025-09-09,1361.0711669921875,1384.7162686988922,1361.0711669921875,1370.4306864177581,2502800
2025-09-10,1365.011962890625,1365.011962890625,1346.2929247853042,1363.041537826907,2147900
2025-09-11,1352.6968994140625,1365.0120569105488,1338.9039230179976,1365.0120569105488,2320800
2025-09-12,1366.982421875,1373.386303490991,1339.8890765765766,1366.489815596847,2313400
2025-09-16,1364.02685546875,1381.7606824087554,1359.5933987337487,1367.9677058998623,1899200
2025-09-17,1345.8004150390625,1355.15993476298,1336.440895315145,1347.7708402440978,1745000
2025-09-18,1351.218994140625,1353.6820254824781,1333.4851684792825,1346.7855377252893,1394500
2025-09-19,1309.3475341796875,1361.0711952364472,1308.3623215881303,1353.6821007997673,4446800
2025-09-22,1340.3817138671875,1348.7560207895478,1313.2883679419044,1315.258793100107,1892800
2025-09-24,1339.396484375,1348.2633974749447,1327.5739335750734,1342.8447283583118,2030600
2025-09-25,1341.366943359375,1343.3373685424222,1330.0369985568536,1334.4704552187097,2113100
2025-09-26,1332.5,1344.322550831793,1323.1404805914972,1330.0369685767098,2030100
2025-09-29,1312.5,1340.0,1309.0,1330.5,2237300
2025-09-30,1306.5,1324.5,1303.5,1314.0,1860500
2025-10-01,1281.0,1304.0,1280.5,1302.0,2280600
2025-10-02,1268.5,1275.5,1255.0,1259.0,2082300
2025-10-03,1301.0,1302.5,1265.0,1267.0,1832800
2025-10-06,1346.5,1362.5,1332.0,1345.5,3258400
2025-10-07,1372.5,1381.0,1339.0,1346.0,2628000
2025-10-08,1372.5,1386.5,1365.5,1373.0,2216100
2025-10-09,1394.5,1408.0,1385.5,1392.5,3747900
2025-10-10,1349.0,1392.0,1338.0,1378.0,3596400
2025-10-14,1307.5,1330.0,1301.0,1320.5,2780000
2025-10-15,1335.0,1337.0,1313.0,1313.5,1400200
2025-10-16,1337.5,1343.0,1326.0,1338.0,1868400
2025-10-17,1328.0,1335.0,1322.0,1334.5,1249900
2025-10-20,1340.0,1356.5,1337.0,1349.0,1310100
2025-10-21,1340.5,1359.5,1340.5,1344.0,2036800
2025-10-22,1361.0,1362.0,1334.5,1340.0,1879100
2025-10-23,1352.5,1356.0,1328.5,1341.5,2035500
2025-10-24,1360.0,1368.5,1342.0,1350.0,1617900
2025-10-27,1382.5,1385.0,1368.5,1372.5,1979400
2025-10-28,1316.0,1362.0,1316.0,1361.5,2953000
2025-10-29,1319.0,1336.0,1317.0,1330.5,2479300
2025-10-30,1340.0,1343.5,1316.0,1320.0,5633800
2025-10-31,1324.0,1354.5,1324.0,1336.5,2257300
2025-11-04,1340.0,1362.0,1326.0,1326.0,2624700
2025-11-05,1310.0,1356.0,1290.5,1343.0,3731500
2025-11-06,1302.5,1334.0,1302.5,1325.0,2516200
2025-11-07,1327.5,1331.0,1299.5,1300.0,2910800
2025-11-10,1368.0,1387.5,1341.0,1373.0,3549000
2025-11-11,1380.5,1380.5,1356.0,1368.0,2455300
2025-11-12,1372.5,1403.5,1364.0,1394.0,2734600
2025-11-13,1362.0,1371.0,1356.0,1371.0,1664500
2025-11-14,1380.0,1386.0,1352.0,1360.5,1916600
2025-11-17,1365.5,1380.0,1360.0,1379.5,1372500
2025-11-18,1349.5,1360.0,1348.0,1355.0,1644800
2025-11-19,1322.5,1354.0,1320.0,1350.5,1916800
2025-11-20,1347.0,1352.5,1335.5,1352.5,1882000
2025-11-21,1384.5,1393.0,1343.5,1344.0,3176400
2025-11-25,1383.0,1400.0,1380.5,1391.0,2498200
2025-11-26,1392.0,1399.0,1372.0,1377.5,2338800
2025-11-27,1381.5,1397.5,1381.5,1392.0,1251700
2025-11-28,1401.0,1405.5,1378.0,1381.5,1703400
2025-12-01,1365.5,1423.5,1365.5,1404.0,2451500
2025-12-02,1377.5,1389.5,1371.0,1375.0,1703700
2025-12-03,1382.0,1393.0,1375.0,1377.5,1563000
2025-12-04,1382.5,1386.5,1362.0,1371.0,2198300
2025-12-05,1363.5,1385.0,1358.0,1369.5,2174600
2025-12-08,1381.0,1381.0,1352.5,1357.5,1556600
2025-12-09,1390.5,1397.5,1370.0,1388.0,1585100
2025-12-10,1394.5,1412.5,1383.0,1398.0,2123400
2025-12-11,1367.0,1401.5,1367.0,1400.0,1477900
2025-12-12,1384.0,1398.0,1367.0,1389.0,2096200
2025-12-15,1387.5,1394.5,1367.5,1386.0,1956200
2025-12-16,1388.5,1405.0,1383.5,1387.5,2550700
2025-12-17,1375.0,1383.0,1366.0,1375.0,2092600
2025-12-18,1356.0,1376.0,1347.0,1374.5,3041500
2025-12-19,1365.0,1381.0,1359.0,1359.0,5019400
2025-12-22,1406.0,1408.0,1386.0,1399.5,2260300
2025-12-23,1400.5,1418.0,1389.0,1395.5,1368300
2025-12-24,1372.5,1399.0,1372.5,1395.0,1188400
2025-12-25,1368.5,1381.0,1367.5,1379.5,758700
2025-12-26,1366.5,1380.0,1363.0,1376.5,910300
2025-12-29,1375.0,1380.0,1366.0,1369.5,1016000
2025-12-30,1374.0,1380.5,1364.0,1367.5,1268000
2026-01-05,1378.0,1397.0,1370.0,1385.0,1676800
2026-01-06,1409.5,1409.5,1384.5,1385.5,2104300
2026-01-07,1418.5,1433.0,1401.5,1416.0,3592100
2026-01-08,1424.5,1435.0,1406.5,1430.5,2176400
2026-01-09,1418.5,1445.5,1417.5,1435.0,2497700
2026-01-13,1439.5,1462.0,1433.5,1450.0,2301400
2026-01-14,1466.5,1474.5,1445.0,1452.0,1730500
2026-01-15,1469.0,1472.0,1439.5,1460.5,1874700
2026-01-16,1482.0,1484.0,1452.5,1458.5,1717900
2026-01-19,1463.0,1476.5,1446.0,1472.5,1708000
2026-01-20,1438.5,1462.5,1434.5,1459.0,1363700
2026-01-21,1380.0,1413.5,1380.0,1409.0,2574000
2026-01-22,1409.0,1414.0,1391.5,1397.0,2157800
2026-01-23,1402.0,1417.0,1396.5,1415.5,1564900
2026-01-26,1361.5,1379.0,1353.0,1375.0,2302700
2026-01-27,1352.0,1365.0,1348.0,1356.0,1859400
2026-01-28,1332.0,1352.5,1322.0,1322.0,1925700
2026-01-29,1345.0,1345.5,1316.5,1325.5,1760300
2026-01-30,1362.0,1368.0,1335.5,1351.0,2681300
2026-02-02,1378.0,1392.0,1370.0,1392.0,2151800
2026-02-03,1425.5,1431.5,1383.0,1398.0,2567000
2026-02-04,1454.0,1456.5,1411.5,1415.0,2748000
2026-02-05,1430.5,1479.0,1430.5,1465.0,3327600
2026-02-06,1502.5,1532.5,1489.5,1516.0,5178800
2026-02-09,1543.0,1571.5,1521.5,1542.5,3868400
2026-02-10,1573.5,1577.0,1543.0,1543.5,2213900
2026-02-12,1515.5,1585.5,1515.5,1580.0,2737600
2026-02-13,1464.0,1508.5,1458.5,1495.0,3242000
2026-02-16,1479.5,1488.5,1472.0,1475.0,1341100
2026-02-17,1454.0,1481.5,1451.0,1481.5,1060400
2026-02-18,1480.0,1487.0,1461.5,1463.5,1633700
2026-02-19,1475.0,1480.5,1465.0,1480.0,1451400
