Price,Close,High,Low,Open,Volume
Ticker,8725.T,8725.T,8725.T,8725.T,8725.T
Date,,,,,
2011-02-21,429.1950988769531,431.87037885425116,424.7999460711201,431.87037885425116,3576300
2011-02-22,416.7738952636719,426.13744199914186,414.28969755593783,424.03544201189715,5322900
2011-02-23,408.9390563964844,418.4937191827712,407.028137835298,414.09856800284734,7469400
2011-02-24,403.206298828125,410.6589273158829,402.4419383389279,405.11725253638826,6206100
2011-02-25,407.60150146484375,414.2897703018296,403.58854716068913,408.7480598374593,5673600
2011-02-28,409.89459228515625,411.6144297353038,401.486486421041,407.0281965349104,3553800
2011-03-01,411.8055114746094,416.3917446789305,407.02819688350235,407.41039464725657,4640400
2011-03-02,400.9132080078125,407.0281972829696,399.19337055450416,404.9261620655319,4816500
2011-03-03,403.39739990234375,404.3528417300792,399.7666089883763,401.1042835314923,2616600
2011-03-04,411.2322692871094,416.58289849987295,408.5569896709133,409.3213502769428,5142600
2011-03-07,401.4864501953125,408.74799710412725,400.33989199866704,406.8370784397778,3536400
2011-03-08,399.7667236328125,402.05984066128025,398.62016511857865,400.14892146762014,4645200
2011-03-09,409.89459228515625,419.64033783599217,408.93911537168015,409.3213131351071,7736700
2011-03-10,397.855712890625,405.8816206434618,396.5180732618792,404.543981014716,3659100
2011-03-11,385.052490234375,395.7536772301559,381.9949782439968,391.9318397274546,16610400
2011-03-14,350.0824890136719,360.019316227032,315.3035412816363,321.9918098813079,29394000
2011-03-15,324.8581848144531,337.47032565443544,302.30918241012154,336.89704652534533,15637200
2011-03-16,335.36822509765625,347.59816580249844,324.6670051120604,332.5018300113515,9808200
2011-03-17,329.6354675292969,329.6354675292969,310.526176727223,320.080804633171,7679700
2011-03-18,330.3999328613281,342.6299136488393,325.0493381356601,334.7950854871702,6726300
2011-03-22,353.9042663574219,355.62410356162667,343.7763594816673,347.216033890077,8814600
2011-03-23,350.8468322753906,366.13428761091484,346.4516805562592,356.00634451473456,7659300
2011-03-24,350.65576171875,355.81527411738466,349.12700564094547,350.4646453401602,6509400
2011-03-25,360.21038818359375,365.94317969309486,356.388550504048,365.94317969309486,10694700
2011-03-28,359.06378173828125,363.8411306824384,355.8152236452536,363.8411306824384,4452900
2011-03-29,362.16595458984375,364.4925024019834,356.3495850594946,362.7475915428787,6598800
2011-03-30,363.7168884277344,364.10465815057023,353.44132802538564,361.0026068687681,5442900
2011-03-31,367.2067565917969,367.2067565917969,360.42101632261097,363.71693513897,3592200
2011-04-01,362.5535888671875,373.21695373112624,362.55358886718756,367.40058580544786,2729400
2011-04-04,362.74755859375,369.3394316292912,360.2271083593349,367.0128840284767,3689100
2011-04-05,357.7066650390625,364.68630728372716,354.2168439167302,364.49244016591854,4744800
2011-04-06,359.6454162597656,362.1658661073351,354.21681785782783,361.5842292964027,4354200
2011-04-07,358.0944519042969,363.1352812108168,357.12504526829014,359.64545992155007,4431000
2011-04-08,366.0435791015625,367.20685322529664,359.0639343591579,360.614978357573,5825400
2011-04-11,364.104736328125,366.81905397018204,362.5536926040491,366.23741701119144,3165600
2011-04-12,363.1352233886719,363.3291259851768,358.86989876994767,360.808676232951,3019500
2011-04-13,364.104736328125,365.46187739900216,359.64550780909605,361.1965515331719,2951100
2011-04-14,361.584228515625,363.9107757543308,359.6454154831744,361.19645880907615,2844900
2011-04-15,361.19647216796875,363.5230194927222,359.0637919535132,359.0637919535132,4003200
2011-04-18,359.6454162597656,363.52300683274615,358.869912345287,362.35973321088136,3180300
2011-04-19,364.4924621582031,367.78838086129554,354.0229981595129,357.70668662191554,4700700
2011-04-20,367.9822998046875,372.0537582068984,365.8496192843818,366.43125619898336,3717600
2011-04-21,362.16595458984375,370.5027390832435,360.421043730739,368.1761912711038,3805200
2011-04-22,359.06378173828125,360.03318826278087,353.82905040651224,358.86991463349887,3982200
2011-04-25,357.9005126953125,363.32914670172295,355.9617351217626,361.1964665206121,3311400
2011-04-26,357.1250305175781,359.06380820921424,354.022979110901,358.0944371135444,4301400
2011-04-27,366.43115234375,366.43115234375,360.03314809647816,361.19642159598214,7012800
2011-04-28,366.2372741699219,371.66587183645083,364.1045943186514,366.62500832448825,7128000
2011-05-02,365.6556701660156,369.53322506047544,361.00257589243023,362.94135333966017,5432400
2011-05-06,373.0231018066406,375.9312861645414,360.61486037969644,360.80872750345736,8119500
2011-05-09,376.1252136230469,378.645628399544,373.02312643626607,376.1252136230468,9777900
2011-05-10,375.5436096191406,379.0334313848312,374.18643304339236,377.09461784813453,6321600
2011-05-11,373.7986755371094,379.80891192712704,372.6354016874091,378.0640011525767,3962400
2011-05-12,369.53326416015625,373.9924918109295,369.14552992986,372.4414483888571,3054600
2011-05-13,367.2067565917969,370.6965780446238,361.0026532314155,370.1149411358193,5124300
2011-05-16,361.0026550292969,361.58429194099807,354.99238327485153,361.58429194099807,4429500
2011-05-17,363.52301025390625,367.9822376797855,360.0331893554687,361.97196691005826,5352900
2011-05-18,366.81903076171875,373.99254096863757,363.5230763692045,366.0434911985975,3174600
2011-05-19,371.6659851074219,378.6456280202373,360.22711405576337,370.3088441522521,7896600
2011-05-20,364.88018798828125,369.33941586629373,361.9720036113813,367.7883723651812,4254000
2011-05-23,353.8291015625,359.25773628420774,352.2780934994112,358.6760993854747,6531300
2011-05-24,354.6045837402344,356.15559155246154,349.1759498965595,350.3392235058765,4518300
2011-05-25,355.57391357421875,358.2882301817526,351.5024564130625,354.7984097579044,3118200
2011-05-26,359.6454162597656,364.68628045461094,358.48214263790084,360.0331859671518,4779000
2011-05-27,360.4209899902344,362.5536348331733,354.99235557114247,357.1250359143784,3747000
2011-05-30,359.25775146484375,359.8393883881542,355.57402728367737,357.7067078359158,2901000
2011-05-31,367.4006042480469,367.98224106981144,359.0637861358919,361.19646631579343,10016700
2011-06-01,365.4618225097656,369.1455463636442,362.7475407756731,366.4312291292543,4657500
2011-06-02,358.86993408203125,361.97198542813067,355.18624588976974,361.3903485819685,5407800
2011-06-03,348.7882080078125,358.48213087164515,348.2065712159708,356.54335339893714,5437500
2011-06-06,345.68621826171875,349.5638097933599,343.16580329131835,347.2372619744357,4232700
2011-06-07,354.41070556640625,354.7984752963369,344.32901209087123,346.84942658468105,5014800
2011-06-08,352.85980224609375,353.05366941837957,348.206706108784,351.50262553917423,4016400
2011-06-09,354.79852294921875,354.79852294921875,348.20664965681976,351.3087014120133,4224900
2011-06-10,358.288330078125,362.9414252739448,355.9617824802151,358.288330078125,8303100
2011-06-13,351.50262451171875,353.24753555810946,348.20670509096254,350.5332531528169,2945700
2011-06-14,355.38018798828125,357.70673586381827,348.7883141743607,354.6046838632033,6022800
2011-06-15,363.7168884277344,364.10465815057023,358.86992664361316,359.4515634777195,5147100
2011-06-16,354.6045837402344,357.51276776352694,353.4413101309174,356.9311309588684,2914500
2011-06-17,350.3393249511719,356.73733165504126,347.8189099012639,355.3801905512914,3889500
2011-06-20,351.30865478515625,354.21683901351014,346.84942713491495,346.84942713491495,3118800
2011-06-21,353.0535888671875,354.7984995205673,348.9821306759679,352.66581911078146,3743100
2011-06-22,360.2270812988281,361.97199186836,352.08416530767903,353.05357190196224,4281300
2011-06-23,357.5128173828125,361.97200983722456,356.15564098338433,357.70668451117444,4618800
2011-06-24,361.3904724121094,363.52315341223044,356.5435088667156,358.8700570485539,4198200
2011-06-27,354.9924011230469,361.3904074734367,353.24749030021326,361.3904074734367,3213600
2011-06-28,361.584228515625,364.6862796671349,359.83931808659565,360.2270522928509,3786300
2011-06-29,366.81903076171875,368.3700388873604,362.74757230638363,367.78840196516967,3929400
2011-06-30,363.7168884277344,373.79861721910765,363.135251593628,372.63534355089496,4295400
2011-07-01,365.4618225097656,369.5332806112018,364.10468164271936,365.65572513384177,4732800
2011-07-04,375.73736572265625,377.09450639699565,371.6659081993458,372.6353146811838,4478700
2011-07-05,378.64556884765625,380.778249015611,376.51288867970146,377.0945254982078,3595200
2011-07-06,384.84967041015625,385.04353749792335,376.1251189562758,378.4516660106439,4095000
2011-07-07,383.4925842285156,385.43139756202453,381.3599392620746,384.6558580285013,3917400
2011-07-08,384.6558532714844,390.4722221994821,384.46198614065065,389.30894841388255,5218200
2011-07-11,386.2069091796875,386.7885460911027,379.42113337974365,381.553813888366,3902700
2011-07-12,376.3190612792969,378.83947592532377,373.0231071265711,378.0639719189227,6522000
2011-07-13,374.5741271972656,377.0945416855545,369.33939560599947,371.0843061364215,5650800
2011-07-14,373.9924621582031,379.6149630546657,373.60469245835617,374.57409895782706,4489500
2011-07-15,370.69659423828125,372.24763789628287,366.8190383437291,370.3088599490068,6137400
2011-07-19,368.7578125,371.278227355578,367.4006715008889,369.5333165708777,2345100
2011-07-20,375.15582275390625,376.12522947817695,371.8598682916268,374.18641602963555,3077700
2011-07-21,376.5129699707031,379.6150573393558,375.3496960825338,378.06401365502944,3672600
2011-07-22,389.8905944824219,390.47223138890996,382.1354475626804,382.52321733377227,6347100
2011-07-25,384.84967041015625,392.7986825123868,383.6863968829722,391.2476748096686,5328600
2011-07-26,390.6661376953125,395.5131001281556,383.49259211435685,384.07422902631,4495200
2011-07-27,387.1763000488281,389.5028475994464,382.3293023181744,387.7579369364827,3335400
2011-07-28,380.5843505859375,382.52316366909884,378.4517058948723,379.4210769361585,5232600
2011-07-29,374.5741271972656,381.74763643334654,373.0230837812363,380.77826536108694,6474900
2011-08-01,378.4516906738281,385.2374296910921,377.6761512716374,380.19660107831766,6407400
2011-08-02,381.7476501464844,383.68646336124084,372.82923005961385,378.063961838922,5273400
2011-08-03,370.69659423828125,376.70686622534913,368.95168343564245,373.99254869892167,8813700
2011-08-04,370.50274658203125,377.4823901597148,369.3394726524174,374.9619751456523,8954700
2011-08-05,359.25775146484375,364.1047139923305,357.7067078359158,360.22712267016084,5307000
2011-08-08,356.7372741699219,358.2883176816299,349.951534244332,354.02299239980505,4946100
2011-08-09,346.6555480957031,348.01268885548745,335.6044484080884,347.6249546385745,6723300
2011-08-10,348.98211669921875,350.5331601624253,348.98211669921875,350.5331601624253,4371900
2011-08-11,348.2066650390625,348.5943993379023,340.64538470775983,341.2270216563216,5624400
2011-08-12,348.2066650390625,348.2066650390625,348.2066650390625,348.2066650390625,6762900
2011-08-15,350.1454162597656,354.02300745377204,345.4923210270777,350.9209202984472,4706700
2011-08-16,346.8493957519531,351.6963926941835,344.7167511776526,350.3392165102186,4974300
2011-08-17,353.6351623535156,354.022932040404,343.74733709034166,344.13510677723,5013000
2011-08-18,353.6351623535156,353.6351623535156,353.6351623535156,353.6351623535156,5149800
2011-08-19,342.58404541015625,345.87999882364994,341.22690482826584,342.00240866073324,4945500
2011-08-22,342.58404541015625,346.0738659066943,340.64526807884283,342.77791249320063,5081100
2011-08-23,342.9718017578125,348.2065322993378,340.45135227466346,343.16566883332837,5460900
2011-08-24,343.7473449707031,348.2065722211256,339.28811772028064,348.2065722211256,4892700
2011-08-25,343.9412536621094,350.1453920433755,343.1657496770624,346.46170373903146,6236100
2011-08-26,341.6146545410156,342.97183068496014,338.706470661551,341.4207874491485,4840200
2011-08-29,341.6146545410156,344.5228384204803,338.706470661551,343.94120164458735,4935900
2011-08-30,342.7411193847656,346.8494625310096,341.4208632508572,344.1351806410831,5811300
2011-08-31,345.68621826171875,345.68621826171875,342.5841663365873,343.55357309457315,4591200
2011-09-01,346.8493957519531,350.3392165102186,344.32898148219226,346.8493957519531,5003100
2011-09-02,337.93109130859375,343.55359404733514,336.1861803379814,342.19641740332247,6915900
2011-09-05,329.0125427246094,333.27786717851313,327.2676324252454,333.08400008979186,3462000
2011-09-06,321.45135498046875,327.2677242774597,317.1859938291414,327.2677242774597,6327900
2011-09-07,322.4206848144531,326.8799125365812,319.9002702760136,325.9105059447369,3580200
2011-09-08,321.64520263671875,329.59425202778004,319.90029195333693,328.0432084757855,2854800
2011-09-09,322.0329895019531,324.55340434503415,321.06358279293704,321.64521971828657,6528900
2011-09-12,315.82879638671875,316.7982029297473,309.4307913033782,310.5940649548947,2936400
2011-09-13,320.2880859375,320.4819530835481,313.3084426761523,319.90031614510247,3492900
2011-09-14,320.67572021484375,323.196169828879,318.9308099437225,319.7063492866366,3891000
2011-09-15,326.10443115234375,333.084073896387,324.16561783435475,326.4921654157025,3563400
2011-09-16,330.5635986328125,336.37996714541504,327.8493169937954,333.859552623386,4510200
2011-09-20,319.70648193359375,329.0126739074007,317.76766827218063,329.0126739074007,3689100
2011-09-21,318.93084716796875,322.6145707260333,316.2165656518411,322.4206681175281,3858900
2011-09-22,316.21661376953125,316.79825068296367,310.7879789106286,316.79825068296367,4327800
2011-09-26,313.5022888183594,315.82883641626927,308.6553264894801,315.6349692832098,6053700
2011-09-27,324.3594665527344,324.3594665527344,311.3695543824694,314.8593751744284,5094900
2011-09-28,330.0741882324219,332.63598219996834,322.3888784950257,322.5859617741426,6429000
2011-09-29,335.39483642578125,335.39483642578125,322.9801034924326,326.9213005781808,4998600
2011-09-30,334.21246337890625,336.97130480249166,330.4683497975313,336.97130480249166,3629100
2011-10-03,325.3448181152344,327.51248194869476,316.4771516364791,324.556593122443,5845500
2011-10-04,323.9654541015625,326.3301654453696,318.44780632689,320.6154343369587,4059900
2011-10-05,316.6742248535156,330.8624907673116,315.4918693606993,327.1183409849758,7153500
2011-10-06,316.0830383300781,321.4036379000086,314.5065523558904,318.44774925004725,5445300
2011-10-07,306.2300720214844,317.06831865622144,303.47123051627136,311.9448022527735,9475200
2011-10-11,316.4771423339844,319.03893662985297,307.8065594202596,310.565364855251,6837000
2011-10-12,311.3536376953125,318.2506876265388,310.171282154802,313.7183487763335,6135300
2011-10-13,314.11236572265625,316.0829818589787,310.9594304202064,315.2947209714023,2771700
2011-10-14,307.60943603515625,313.3241655475258,306.82121116823754,309.7770995224595,4531200
2011-10-17,313.9153747558594,316.08303846093685,312.53597207951475,313.71832753998876,4346400
2011-10-18,305.4417724609375,311.7476428148069,305.0476420328392,308.9888380659705,3608700
2011-10-19,311.3536376953125,312.7330404650322,306.23008499222436,307.8065710737809,4184100
2011-10-20,310.76239013671875,311.3535677742124,306.821193859221,309.9741292316475,3415800
2011-10-21,299.1358947753906,308.9888677639121,295.78589406242713,308.00355964027375,4031400
2011-10-24,304.85064697265625,304.85064697265625,295.9829634028829,299.1359171601065,3083700
2011-10-25,299.9241943359375,307.0183095269483,297.7565304874069,306.82126229803737,4799100
2011-10-26,296.96826171875,300.3182625709283,286.72117587972485,290.66235441412937,5269800
2011-10-27,310.5653991699219,311.15657698311503,295.98301912492934,298.15068313418095,3563400
2011-10-28,318.0535888671875,323.9653656119308,316.87123351823885,318.4477193443776,5727600
2011-10-31,308.0036315917969,315.8859901744086,304.0624342591765,315.6889429366978,4472100
2011-11-01,302.88006591796875,307.0183103141013,301.1065506466543,304.4565520011808,2201400
2011-11-02,293.0270080566406,296.77113866176006,288.88876508725355,294.99760596059417,3890400
2011-11-04,301.3035888671875,307.41243166402575,296.77123210642486,305.4418511809011,6369900
2011-11-07,301.3035888671875,301.697719396863,293.61827807558683,298.1506528776627,4348500
2011-11-08,297.5594177246094,304.65353135322687,295.58881958030406,297.5594177246094,4317300
2011-11-09,306.8212585449219,307.4124363070508,300.7124156558183,301.1065461914466,3985800
2011-11-10,302.6830139160156,302.6830139160156,294.0124127603176,298.1506570912006,6793200
2011-11-11,297.3623352050781,302.4858684327479,296.77115760029665,301.50057843854836,4155600
2011-11-14,300.1212158203125,304.85065561081575,297.756504945717,303.2741696668773,2614500
2011-11-15,300.1212158203125,301.50063651093063,296.77121476173954,297.5594577337088,2892000
2011-11-16,300.3182373046875,301.89470497755644,298.34763918261916,300.3182373046875,2529900
2011-11-17,300.3182373046875,301.6976577942663,291.4505728173444,297.75646155012964,3050100
2011-11-18,293.6182861328125,301.6977276757979,283.17415155345026,287.706508438586,6655800
2011-11-21,282.58294677734375,292.4359026456283,281.99176906442045,292.2388554355286,4470900
2011-11-22,285.9329528808594,286.52413060428034,281.5976616033135,282.5829517952444,4399800
2011-11-24,281.79473876953125,286.32711382505727,278.2476720519792,280.61238319701386,2805900
2011-11-25,287.5094299316406,290.85943091348605,277.45940894479253,281.79470008804856,5171400
2011-11-28,290.662353515625,294.0123723987587,286.7211749934035,291.6476616771636,3920100
2011-11-29,294.4064636230469,294.99764126084415,288.49468724507403,290.66233256989415,3085800
2011-11-30,292.8300476074219,293.4212253495356,285.34178417977313,288.49473815148383,4899300
2011-12-01,301.3035888671875,304.259495674501,297.55947512446267,300.12123336078736,4187400
2011-12-02,303.66827392578125,306.230031790958,300.31825511545685,302.4859005493704,4227300
2011-12-05,303.66827392578125,306.62416226353184,300.12118987916995,303.66827392578125,2793000
2011-12-06,289.67706298828125,298.34766294150705,289.67706298828125,297.75648526193913,4924200
2011-12-07,292.4359130859375,293.6182685539956,281.79471387341437,288.4947342061813,8298600
2011-12-08,287.5094299316406,291.6476738674016,286.3270745214232,290.0711879595705,5642400
2011-12-09,279.4300231933594,282.9770898546629,278.83884541647546,281.9917995736277,10630200
2011-12-12,287.5094299316406,291.84472107489665,281.5976528805535,285.3417663187008,7170000
2011-12-13,290.0711975097656,292.04179593877785,284.75059798861383,287.1153088869035,6613200
2011-12-14,292.6329345703125,293.02704698694026,285.34173759418456,289.085868696733,5708100
2011-12-15,284.9476318359375,288.29763255882773,283.17409885770553,287.31234247358014,4443600
2011-12-16,281.2034606933594,283.9623014061816,279.4299279671056,283.76523620060635,4353600
2011-12-19,278.83880615234375,281.59764741686394,275.68587048047993,279.03587139732707,4518300
2011-12-20,273.91229248046875,277.0652276352802,273.71522726780233,276.0799376545652,3708900
2011-12-21,279.8241271972656,280.8094173848452,276.8682385932146,277.0652858059431,4694700
2011-12-22,281.99176025390625,284.5535362769715,277.0652734530305,280.02116192529365,6953400
2011-12-26,279.8241271972656,283.962371242937,275.88293036432276,282.97706301404514,2920200
2011-12-27,281.40057373046875,284.3564621099905,279.42997546368395,281.203508491397,3591300
2011-12-28,277.4593811035156,281.7946718117529,276.0799605829074,279.82409168666686,3435900
2011-12-29,279.23291015625,279.8240877938135,272.3358256904697,276.8681996059961,4087500
2011-12-30,281.0065612792969,281.7947864334225,277.2624286525897,281.4006738563597,3310800
2012-01-04,291.45062255859375,292.43591276713045,283.7653120245943,284.1594244997465,5806800
2012-01-05,287.3123474121094,292.2388340056483,285.9329268360039,290.2682357599706,3705600
2012-01-06,284.159423828125,291.2535566119726,281.5976656837218,287.7064902200488,4806300
2012-01-10,284.159423828125,289.2829761995567,283.76531135390434,286.72120001384087,5665500
2012-01-11,286.7211608886719,290.6623392170141,284.7505627038456,286.7211608886719,4084500
2012-01-12,284.159423828125,290.4653316635313,282.7800211476964,288.8888456840234,3650400
2012-01-13,286.91827392578125,289.87416267487475,284.9476754126145,288.69180717523733,3860700
2012-01-16,278.05059814453125,284.5535531695597,277.06528990107614,284.5535531695597,4397400
2012-01-17,279.035888671875,280.8094218625861,276.47411249374375,280.6123566054029,3634500
2012-01-18,282.18878173828125,288.1005577660294,279.2328937244072,281.4005389208119,6760800
2012-01-19,286.3270568847656,287.7064594175121,283.3711685412935,284.75057107404007,3628200
2012-01-20,295.7858581542969,297.36232570290207,290.2681946722165,291.2534846349312,5386500
2012-01-23,300.71240234375,303.0771313288964,295.98298045608254,295.98298045608254,4858500
2012-01-24,300.5153503417969,304.4565291716723,295.98297574406206,302.0918182654845,4432500
2012-01-25,304.0624694824219,305.4419085540822,299.1359993079254,304.4566000861296,4733700
2012-01-26,303.4712219238281,308.00359653635775,301.69770677971053,306.4271105662116,3276300
2012-01-27,299.5300598144531,305.24477216187836,299.5300598144531,304.0624166388722,6167700
2012-01-30,308.0036315917969,313.5212789913622,300.9094980426576,301.89478835515547,6417600
2012-01-31,308.0036315917969,310.9595205706049,306.2300982045121,309.3830344210309,5131800
2012-02-01,311.55059814453125,313.71826139255734,308.2005796853304,310.5652901076798,4048800
2012-02-02,319.63006591796875,325.1477120340364,311.9447563608006,314.90064465201914,5810100
2012-02-03,314.7035827636719,319.0389099404864,313.9153578599889,316.2800686536611,4000800
2012-02-06,323.17718505859375,325.1477655495336,320.8124740364154,320.8124740364154,4275900
2012-02-07,324.3594665527344,327.1182713939815,321.40357844952786,323.17711131145177,4708500
2012-02-08,332.6360778808594,332.63607788085943,322.38897122839444,322.58605456420116,5180100
2012-02-09,334.4095458984375,335.00072362478556,328.10363812318303,330.66539624314976,4992600
2012-02-10,329.48297119140625,336.97123283755775,328.3006159884675,328.3006159884675,6676800
2012-02-13,333.02996826171875,336.1829388757435,330.2711640777094,333.6211457415221,4381200
2012-02-14,328.69482421875,331.25658240394415,322.5859995851521,327.51246873594874,5992500
2012-02-15,344.45947265625,347.02123007274673,334.2123708250332,334.6065012285769,7149000
2012-02-16,341.89776611328125,345.8389629032529,339.5330552558231,342.09484940648554,8131500
2012-02-17,342.8830261230469,349.7801105151306,339.7300907839379,346.8242223588975,9783300
2012-02-20,347.41546630859375,352.7360660054675,345.6419330763025,350.7654494700599,3548700
2012-02-21,342.8830261230469,350.37128814637725,340.1241851496896,346.8242223588975,5799300
2012-02-22,339.53302001953125,344.4595245163856,337.1683094074797,342.88303874747777,8643600
2012-02-23,335.98590087890625,337.95651679853665,331.65061080442587,337.1682559976386,12522300
2012-02-24,338.94195556640625,342.2919754131929,333.81843825088833,335.7890190581927,10621500
2012-02-27,335.19769287109375,341.8976935170512,334.40946811351535,339.927113581797,7849800
2012-02-28,341.306640625,342.6860795580124,329.48308452849153,329.87721509258506,7361400
2012-02-29,343.474365234375,354.31261487515474,341.897878782346,344.85376832825284,8661000
2012-03-01,339.9271240234375,349.9771433423913,337.95654402765246,348.79478812839676,5399100
2012-03-02,340.3212585449219,345.64185707182946,337.75946482873957,344.8535961979496,4110900
2012-03-05,338.94195556640625,343.8684617086159,336.77432750316115,338.54786105452484,3639300
2012-03-06,334.21246337890625,340.9125016815245,332.6360134933931,338.5477907706298,4726200
2012-03-07,325.3448181152344,328.6948374791955,323.17719036440127,326.3301264181941,5245500
2012-03-08,336.1830749511719,336.3801221633277,324.75361499364425,327.3154091647924,5981100
2012-03-09,345.0508117675781,347.41552313073083,337.36549983733175,341.10961413477963,10104000
2012-03-12,341.89776611328125,348.0066265501309,339.5330552558231,346.6271878281975,5296500
2012-03-13,339.53302001953125,347.80950716171174,338.35066471350547,338.7447951763875,6161100
2012-03-14,349.3859558105469,350.5683109909548,343.86831032951534,348.9918253895387,5989200
2012-03-15,351.9478759765625,356.67729888367256,349.38611726275565,351.1596508529219,5854800
2012-03-16,351.9478759765625,352.7361371828364,348.9919866596187,349.5831645230075,5563500
2012-03-19,350.3713684082031,353.1301739309187,348.5978351081886,349.97723786954634,5176200
2012-03-21,343.2771911621094,348.2036598913792,342.4889301859379,346.4301268189273,7364400
2012-03-22,343.6712341308594,346.8242053984,339.3359437412628,342.0947845797064,7987800
2012-03-23,341.5036315917969,343.4742117140795,336.5771271621604,338.7447905545053,5748000
2012-03-26,333.22723388671875,341.50372313455165,331.0595699133146,339.9272369645641,9837900
2012-03-27,346.2330017089844,346.2330017089844,339.13887101545447,342.88298352061264,8424300
2012-03-28,343.03094482421875,346.4332477452334,340.6293278554476,345.83284350304064,5604600
2012-03-29,342.2303161621094,345.83274054276313,339.42841831746006,342.0301936895472,4994700
2012-03-30,340.0289001464844,342.0302719128487,337.0268791427021,339.8287776281536,6134400
2012-04-02,344.43182373046875,347.63396664841997,343.03085642918734,346.03287686656574,6522900
2012-04-03,347.43389892578125,351.63672820050533,344.8321230394909,347.2337397679047,7521000
2012-04-04,334.0248107910156,345.63264812407624,333.4244066753663,343.63127664140563,6698700
2012-04-05,327.8205871582031,329.8219216288999,322.41695110614484,329.6217991755559,6351300
2012-04-06,325.6191101074219,327.82060378889906,320.6157553539782,320.6157553539782,4878900
2012-04-09,316.8132629394531,321.6164960521384,315.6124546612818,317.2135079350033,5720400
2012-04-10,324.0181579589844,326.61989737724895,318.6145199509049,318.8146424766897,8238000
2012-04-11,315.4123229980469,318.6145031160006,311.4096528192501,314.2115146152551,8987700
2012-04-12,312.2101135253906,314.01132571880635,308.40756666565386,312.410235998296,6750900
2012-04-13,311.40966796875,319.2149228366075,309.6084553069367,315.612497512981,7507800
2012-04-16,308.8078918457031,312.6104763391805,304.204798929739,306.4062932867119,6050400
2012-04-17,305.80584716796875,311.6097477296809,305.60570634760614,308.60772703864353,4179600
2012-04-18,309.8085021972656,314.6117347894713,308.2074124512783,311.2094328214068,6612300
2012-04-19,307.0066833496094,308.2074734122894,300.4022372290192,306.60640167250085,8220300
2012-04-20,305.20550537109375,308.80791261328676,304.4049602490042,308.20750835244064,4782300
2012-04-23,301.20269775390625,306.6063343015882,299.60162636592275,304.40485885275115,6064500
2012-04-24,295.5989990234375,298.6010199399826,293.7977864735104,296.1994032067465,6357000
2012-04-25,300.8024597167969,304.4048843840639,297.4001758608934,301.20272301664454,6573000
2012-04-26,300.8024597167969,302.40353123906687,297.6002983493775,301.8031271278557,5817000
2012-04-27,296.7997741699219,306.2060992146405,295.1986843117165,298.00058240213616,8795700
2012-05-01,287.793701171875,298.200693228765,286.3927521814603,296.5996217560616,6190800
2012-05-02,291.3962097167969,295.7991621165145,288.1940475255516,289.99526032258626,6638100
2012-05-07,280.1885681152344,281.78965789747457,276.9864251965112,280.58884972223376,8482500
2012-05-08,277.9871520996094,280.1886281180407,274.18458595606205,279.1879605320051,7925100
2012-05-09,270.98236083984375,274.3846442672607,269.5814119824946,274.3846442672607,7901100
2012-05-10,277.9871520996094,278.18729294596955,270.78230150523507,271.7829690912706,9199200
2012-05-11,267.580078125,275.78561274379575,266.7795515691748,275.5854719434003,7398000
2012-05-14,266.97967529296875,270.1818364998524,263.77753240896357,266.5794120131877,4930200
2012-05-15,263.57745361328125,265.9790705026961,258.9743606828637,262.9770493909275,6871500
2012-05-16,257.9736633300781,262.57677437936474,251.96962137264512,260.5754209525931,13232700
2012-05-17,260.7755432128906,261.5760698682593,254.57136085793974,256.17243249155774,6388800
2012-05-18,250.36849975585938,256.17239971771363,248.56728752739994,254.3711874892542,9213000
2012-05-21,258.7742004394531,261.57608049281004,251.7694911446202,256.37258373003823,8175300
2012-05-22,256.9729309082031,261.17575921744947,256.1723860750066,260.975618428431,9231000
2012-05-23,252.77011108398438,257.57334359864444,251.1690396867237,256.3725354699794,7978800
2012-05-24,254.3712615966797,256.37261520788195,250.16843183917342,251.7695220572887,7033800
2012-05-25,252.77011108398438,256.5726762657162,250.96889889098688,256.5726762657162,7070100
2012-05-28,248.9675750732422,252.97028151969926,246.3658360382132,252.97028151969926,4712400
2012-05-29,250.96890258789062,251.3691658623824,244.56459858163112,247.36647814882997,5430000
2012-05-30,244.16432189941406,248.36715049625656,242.96351372888765,247.96688721370728,6076500
2012-05-31,240.9622344970703,240.96223449707028,236.35912323450847,236.35912323450847,19656000
2012-06-01,236.55926513671875,240.76209472036604,233.15698062901285,234.95819330771883,9262800
2012-06-04,229.75465393066406,232.9568155788944,229.15424976680092,230.55519892344188,5649900
2012-06-05,238.1603240966797,239.36113248426443,228.9541386737846,230.95547377117123,7534800
2012-06-06,243.36386108398438,244.76479211283598,235.95886925750358,237.9602228567133,10673100
2012-06-07,250.56871032714844,250.56871032714844,243.36385940709832,243.36385940709832,7001700
2012-06-08,242.36317443847656,250.16842963360295,238.96088982002365,249.76816624404483,11159100
2012-06-11,245.56529235839844,249.16771718517202,243.76407994501164,248.36717222715114,5682300
2012-06-12,243.36386108398438,244.76479211283598,238.56062710418786,240.1616989898255,4599900
2012-06-13,245.36517333984375,246.1657183689962,238.76072723726094,241.36248483984508,7860600
2012-06-14,252.77011108398438,254.1710600083862,243.56390932326,244.764717451925,7306500
2012-06-15,255.37191772460938,257.1731302673624,253.17042351265692,255.17177689000965,6324900
2012-06-18,262.5766906738281,265.5787106955454,260.7754786607978,263.9776211353788,6113100
2012-06-19,259.3746337890625,262.37665501347294,258.37396615522016,260.7755831347485,4581900
2012-06-20,268.58087158203125,269.1812759012736,260.97573798970456,261.1758788704139,6783300
2012-06-21,269.1811828613281,274.58481986679277,267.98037463789154,272.1832034199196,8241000
2012-06-22,268.58087158203125,270.38208453975824,263.7776370280926,264.7783047858679,5391600
2012-06-25,265.17852783203125,270.5821658821224,264.778264454467,270.18190250455814,4494900
2012-06-26,257.37322998046875,263.9776753855287,255.17175428640869,261.77619969146866,7299600
2012-06-27,263.1771545410156,263.577417860664,256.5727089909762,260.3752563348363,4444800
2012-06-28,272.9837646484375,273.98445051015847,268.98107617019866,269.18121700711924,5193000
2012-06-29,276.78631591796875,279.98847752428514,268.180516907614,270.1818702019218,6364800
2012-07-02,283.1907043457031,284.5916538972706,275.5855889005215,280.38882356545435,7024200
2012-07-03,293.79779052734375,293.79779052734375,282.7903742405037,283.3907784320971,8208900
2012-07-04,293.1973571777344,298.8011168600667,292.19667140934075,296.1993778371553,8213700
2012-07-05,288.5942687988281,293.9979064010988,287.59360127640514,289.99521798852544,4690500
2012-07-06,288.79443359375,292.59699981106667,286.5929575326103,289.19469697135276,4572900
2012-07-09,284.5915832519531,287.5936041723324,282.18996651564976,282.7903706997256,5617800
2012-07-10,280.1829833984375,287.79372145762864,275.1852346237968,284.3914191443571,6634500
2012-07-11,272.14874267578125,274.98508780682295,268.7809057734238,273.38401625618565,5889000
2012-07-12,264.5780944824219,273.7842977361474,264.5780944824219,270.9824177558313,8129100
2012-07-13,255.53602600097656,262.17657019440617,254.37131334266616,260.5754979734732,8980200
2012-07-17,260.7133483886719,263.5774531569301,257.5734109437882,258.7742193864166,6606900
2012-07-18,262.77685546875,265.1784718731038,260.3752390643962,260.5753798723854,5724900
2012-07-19,265.7789306640625,270.18190108567893,263.1771912392334,266.7796165870425,4218000
2012-07-20,253.7708282470703,262.5767684683236,248.9675947892527,261.57608261602394,9408900
2012-07-23,249.36782836914062,253.77077930778376,247.96687943982073,248.36714270982156,4807800
2012-07-24,252.5699920654297,252.7701328784231,247.1663550205228,247.76675913662353,6291600
2012-07-25,242.1630401611328,253.57072027770292,239.96154581811862,252.7701752145266,6268200
2012-07-26,239.86500549316406,244.16435967960896,237.55991371979027,242.9635513232783,6690600
2012-07-27,247.7667999267578,247.76679992675784,241.3624944082946,245.16506054391348,5304900
2012-07-30,254.17112731933594,255.3719357660054,250.56870197932747,252.77017802392726,4760100
2012-07-31,253.6161651611328,256.772775316031,247.56659271796295,251.76942078491288,4076100
2012-08-01,250.16839599609375,253.37055765064838,248.7674651595669,253.1704168213384,4185300
2012-08-02,252.4525604248047,254.97164523242498,249.96828909328312,250.1684116122042,2907900
2012-08-03,242.56320190429688,247.96683759028372,241.96279793918725,246.96617042272592,4000800
2012-08-06,248.9668426513672,250.5686839182482,247.96692636370565,249.5679980695649,2803200
2012-08-07,250.7316131591797,253.37047360742514,246.76602998258704,249.7680498120589,2694000
2012-08-08,254.02166748046875,262.37662658505553,252.16975552797098,256.77284813236236,4482000
2012-08-09,257.8489990234375,260.3752847400935,254.37124267596465,258.9743538070516,4373700
2012-08-10,261.17578125,263.1771343403849,257.9736199699599,259.7748322544427,4233300
2012-08-13,263.269287109375,264.97837212335986,253.37055239872956,258.7741897721622,4235700
2012-08-14,261.7762451171875,267.17988320446887,257.9736788740655,264.97840712838934,6113700
2012-08-15,258.3089294433594,261.5760638936179,255.57202250108742,261.1758005750759,3317400
2012-08-16,261.17578125,265.1784691078909,254.7714770127987,257.9736199699599,3750300
2012-08-17,272.3833312988281,272.78361292981447,264.9783593230167,264.9783593230167,4910100
2012-08-20,273.98443603515625,277.38672014576747,272.98375022630296,276.3860526597949,3267000
2012-08-21,271.3827819824219,276.7864214466736,271.3827819824219,273.98454042469086,3131100
2012-08-22,264.7781982421875,268.78088598553927,261.3759145764824,266.1791471976559,4960200
2012-08-23,270.22967529296875,273.78427727839517,264.578074712577,266.17916457273293,8046600
2012-08-24,263.9776611328125,268.5807714121516,260.97564065623436,267.7802265107711,7412700
2012-08-27,259.77484130859375,264.9783558603812,258.7741738899636,263.77754762887326,3113100
2012-08-28,254.57131958007812,262.17643151022185,253.170370676021,261.17576419182546,3097800
2012-08-29,257.9736633300781,259.77487591730807,253.1704297641317,256.37259158239,2637600
2012-08-30,252.16978454589844,256.77287767998143,248.16709566073428,256.57275514559757,4487400
2012-08-31,246.96621704101562,253.3705211034612,246.76607624057476,247.16633951857813,4134900
2012-09-03,249.36782836914062,254.17106090066258,245.9655264440606,247.16633457694107,4724100
2012-09-04,248.16702270507812,250.36849819630044,244.36445747216854,250.16835739786998,4056600
2012-09-05,245.16506958007812,248.3672132958914,243.76412025260782,247.766809058816,3710400
2012-09-06,247.3665771484375,248.96764921005456,245.36522332925205,246.36590940028756,3297000
2012-09-07,256.7728271484375,258.57403954072475,253.77080649462536,255.77215970479344,4997100
2012-09-10,259.9750061035156,260.5754102746554,255.572036074197,256.17244024533676,3516000
2012-09-11,258.7742004394531,258.7742004394531,253.37056284326965,255.97232038609621,3001500
2012-09-12,263.57745361328125,264.3779986840471,257.77355223815624,258.9743606828637,4237200
2012-09-13,265.5787353515625,268.5807556519838,260.77550287088843,262.7768375225841,4326900
2012-09-14,283.1907043457031,283.79110867881974,271.98316290182186,273.1839715680551,11246700
2012-09-18,283.1907043457031,285.19205823038715,278.5876105661045,282.19003656480413,7329600
2012-09-19,285.39208984375,288.99451446314004,279.5881712972577,283.19059591664774,5739000
2012-09-20,275.5854797363281,285.39208606696104,274.985075641042,283.79099626427876,5289900
2012-09-21,280.7889709472656,283.1905872870081,276.786283155321,278.18723212779696,6029400
2012-09-24,280.1885681152344,283.3907293568361,274.7849313266506,276.3860211088908,5655000
2012-09-25,278.78765869140625,280.9891344060492,274.1845481204982,277.38670960597165,4732200
2012-09-26,276.13446044921875,280.42036116572547,274.7058206487017,275.5221889182892,3533100
2012-09-27,279.80816650390625,281.6449816013061,273.8895463073011,274.2977212117068,4190100
2012-09-28,275.7263488769531,280.62452224746863,273.68543707755543,279.39997890483977,7652400
2012-10-01,278.1754150390625,278.37949312441185,274.0935917414148,274.5017852822079,6282900
2012-10-02,278.9917297363281,283.2776305814329,277.9712833825086,278.3794581870274,4781400
2012-10-03,278.7876892089844,281.23677573590066,276.1345059098093,277.56314594552623,4602300
2012-10-04,280.4203796386719,284.9103773896192,277.97129335361797,280.2162828865689,5294100
2012-10-05,281.23675537109375,283.6858417206677,279.19584385143344,281.8490269584873,5682300
2012-10-09,275.9303894042969,281.44083369577726,275.31811781635463,278.5835725137287,9121800
2012-10-10,273.4813232421875,276.7467781806326,269.1954218101866,269.8076934433296,5084400
2012-10-11,270.0118103027344,271.6445285508941,267.7668203758836,271.2363536601164,5026200
2012-10-12,275.3181457519531,276.33861095876404,270.8281661081575,271.23634097985314,5966700
2012-10-15,276.13446044921875,276.7467319801483,273.07310279457107,273.4812775868427,4738500
2012-10-16,276.9508056640625,280.4203378221609,275.11399122417936,279.8080663421998,5321100
2012-10-17,286.7471923828125,290.82899663353106,280.2162831596081,280.42037991190995,7580700
2012-10-18,291.4412841796875,293.89037060136553,289.4003725999403,291.4412841796875,5634900
2012-10-19,292.25762939453125,294.2985221275425,287.97172849614446,288.17580655841857,4623000
2012-10-22,291.6453552246094,292.66580158197223,286.1349112617689,286.7471828131956,3513000
2012-10-23,281.0326232910156,293.89032501021245,280.42035178057773,293.4821502316017,6123600
2012-10-24,280.6244812011719,284.0940139361236,278.5835697002936,278.7876664558952,4727400
2012-10-25,283.48175048828125,283.68584724973897,278.17540285579827,281.8490324517587,4797600
2012-10-26,276.3385925292969,283.685851840105,275.52222415530264,283.07358023087096,5051100
2012-10-29,271.8486633300781,281.440914741753,271.0322947493851,278.1754777890836,4544100
2012-10-30,265.31768798828125,273.8894900143714,265.31768798828125,271.84857854171565,4840500
2012-10-31,276.13446044921875,277.5631002497357,268.1749305471348,271.4403849404404,4825500
2012-11-01,272.46087646484375,274.9099629948648,271.03223642731564,273.27724486986654,2466900
2012-11-02,276.13446044921875,277.3590035110778,273.4812775868427,274.7058206487017,4032600
2012-11-05,271.8486633300781,274.09365357066974,270.8282166180004,271.44048838225734,2915100
2012-11-06,273.4813232421875,274.7058665084735,271.0322367096155,272.2567799759015,3446100
2012-11-07,279.80816650390625,281.84907839603363,272.05273120990125,275.3181678152458,6628500
2012-11-08,271.0322265625,276.3385929744403,269.60360526201714,275.31812783404206,6520200
2012-11-09,273.07318115234375,274.9099962722026,267.56273579276734,268.9913760032296,7068600
2012-11-12,265.7259216308594,268.99137697295254,265.7259216308594,268.78728017499367,3126600
2012-11-13,265.9299621582031,267.56268014124277,262.05223592780754,265.5217686486589,3156000
2012-11-14,267.3586120605469,268.99134890374245,264.9095254808012,265.52179712573763,3639300
2012-11-15,280.4203796386719,281.44082602909583,270.8281312505593,271.84857764098325,6901200
2012-11-16,286.54315185546875,290.0126852151126,280.8286098351296,283.0736184958249,5743200
2012-11-19,287.5635070800781,293.89031878220953,284.2980715503046,289.4003215724669,7136400
2012-11-20,295.9312744140625,300.0130787813788,290.42083010991473,291.84945136170006,8479200
2012-11-21,296.5435791015625,301.64583045892454,293.89039568990154,301.44175236306086,7421400
2012-11-22,302.8703918457031,306.1358471098917,297.97221829194484,305.72767220876165,8627400
2012-11-26,295.9312744140625,307.15624109544393,295.7271776559305,306.13579467487637,7576800
2012-11-27,301.4417419433594,304.70717821478576,295.11492880426863,296.95174371383877,7751400
2012-11-28,294.094482421875,299.80900524166435,294.094482421875,297.97219033136474,4030800
2012-11-29,290.8290100097656,295.7271828099301,289.40037004803554,294.91081444822055,4669200
2012-11-30,291.8494873046875,298.3803975187691,290.420865876959,294.0944958654867,6524700
2012-12-03,290.0126647949219,296.33947806178026,289.6044899240125,294.70675989309495,4409100
2012-12-04,292.25762939453125,293.48217250835603,287.76763174882535,290.62489278606813,3275100
2012-12-05,288.17584228515625,291.03312236167676,285.9308525265021,287.35949256476243,4376100
2012-12-06,289.8085632324219,292.66582446749356,288.17582651091266,291.23718450743456,4397400
2012-12-07,292.869873046875,294.5025908147281,288.3798758289749,290.4207870525737,5432700
2012-12-10,291.8494873046875,299.80901894649764,290.62494397517827,298.1763007355014,4307400
2012-12-11,289.1963806152344,291.2372741175089,286.9513716036595,290.6250023298161,2506800
2012-12-12,287.9717102050781,293.07396039857235,286.74716716903254,292.6657856149051,3537900
2012-12-13,289.1963806152344,292.4618176928944,287.76774021560055,292.4618176928944,5072400
2012-12-14,296.33935546875,300.8293519314717,290.4207382063297,291.8493590060283,11179200
2012-12-17,302.2580261230469,305.5234803713962,298.38031905599064,302.2580261230469,6180900
2012-12-18,314.5035095214844,316.74848036909793,304.70714569749674,304.91124244957325,10593000
2012-12-19,336.9534912109375,337.1576066777377,323.2794365896644,326.13671679399914,13562400
2012-12-20,339.8107604980469,345.1171271727328,330.42260779984434,336.34120874497205,9808500
2012-12-21,337.7698059082031,349.40296495759037,331.4429751960213,345.9334138370419,10752300
2012-12-25,346.5456848144531,351.64793509059643,343.48432717474947,350.423392034715,7484100
2012-12-26,348.994873046875,349.1989511592085,343.2803495706435,348.994873046875,5454000
2012-12-27,350.015380859375,353.89308968526893,348.9949154335697,352.0562743408817,7041300
2012-12-28,347.97430419921875,351.44385529705886,346.13748962449546,350.8315837721511,4311900
2013-01-04,363.0770263671875,365.3220344900105,355.32157433659944,355.9338458819067,7526400
2013-01-07,361.0361633300781,367.36295736126914,359.19934854327175,367.15887928609925,6693600
2013-01-08,352.46435546875,363.89340016084174,351.0356968546696,360.83204223080077,8176200
2013-01-09,357.36260986328125,359.81169676726694,350.83169899595254,351.443970721949,6147300
2013-01-10,370.22027587890625,375.5266053475248,360.4239293274917,360.6280074239474,8497500
2013-01-11,383.89422607421875,388.38420456575983,381.4451401024534,386.5473900869358,7980900
2013-01-15,387.56787109375,393.07831475859007,382.6696989472255,388.9964921797904,10060200
2013-01-16,370.8324890136719,385.3228910873697,369.19975238941544,385.3228910873697,8147400
2013-01-17,362.8729553222656,378.5879003754913,353.0766104080095,376.7510857040683,11064900
2013-01-18,387.56787109375,393.07831475859007,373.4856261724921,373.4856261724921,11773500
2013-01-21,380.22064208984375,390.8333367660894,380.01656402475334,390.8333367660894,7103400
2013-01-22,376.7511291503906,385.11885385296665,372.05707158439196,381.8534176283466,6259200
2013-01-23,361.44427490234375,371.03654117376294,361.0361188023432,369.60792008358527,5914200
2013-01-24,367.363037109375,368.58758056640625,349.40307886295017,353.2807873535156,9360000
2013-01-25,377.3634033203125,384.3025067282565,374.0979670736943,377.5675187776663,10628700
2013-01-28,380.8329162597656,387.3638254583235,377.7715584120183,385.11881724661185,5971500
2013-01-29,384.302490234375,387.7720044193442,370.42432138421896,375.9347658345627,6102600
2013-01-30,395.9356994628906,399.4052140748041,383.69026584414246,387.9761676107043,9066900
2013-01-31,391.6497802734375,395.3234101956373,380.83296860137295,391.8538583679722,8319900
2013-02-01,392.4662170410156,398.5889349355713,389.81305174340963,396.3439259175327,5248800
2013-02-04,401.8542175292969,402.6706045147796,390.83332955609035,392.67014421829145,4851000
2013-02-05,386.9556579589844,394.30291728731953,386.3433863482898,391.85383084454116,5817900
2013-02-06,399.8133239746094,403.8951467832673,395.3233450441486,400.0174020355108,8817000
2013-02-07,398.5888671875,405.52793383186315,394.30296538978496,397.36432381672427,5420100
2013-02-08,387.77197265625,398.5887825924131,387.15970110080855,390.8333304334575,6332700
2013-02-12,396.9560546875,405.11970051902654,396.54789855498734,396.95605468750006,5265000
2013-02-13,399.20111083984375,407.16064219094494,393.0783944159198,394.09885960993887,8827500
2013-02-14,390.4252624511719,403.6911242338736,388.180253784363,403.07885254020744,5925600
2013-02-15,385.73114013671875,403.48701801602806,381.8534321370165,391.64977855318716,12358500
2013-02-18,404.3033142089844,406.54832242202787,394.5069690903813,396.7519773034248,7244100
2013-02-19,407.9769287109375,412.67102303199397,402.87467827159054,403.48694981911575,6496500
2013-02-20,418.9978942871094,422.87563972078584,415.93653598162615,418.1815445290127,9465000
2013-02-21,406.75238037109375,421.03874120919556,404.7114876956888,416.9569184882966,6455400
2013-02-22,397.9764404296875,407.36459015748824,396.54781951048056,400.22144819137,8638800
2013-02-25,408.7933044433594,415.7323693344149,405.1196752592556,413.283283211679,7987200
2013-02-26,396.34381103515625,408.5892432748634,393.48656842595364,393.89472458721485,8511600
2013-02-27,378.3838195800781,395.9356165480405,378.3838195800781,395.9356165480405,9594300
2013-02-28,391.4456481933594,394.0988501601711,383.07796086136864,383.6902324890799,8711400
2013-03-01,397.16021728515625,400.0174600323957,381.64931078544754,386.54748391796704,7747200
2013-03-04,398.5888671875,404.7115840413786,395.11931518026944,402.05841919473056,5229900
2013-03-05,389.4048156738281,406.1402303058355,386.7516506652453,404.30341513756275,7130700
2013-03-06,413.4874267578125,413.89562029961877,396.5479366392224,397.3642863527405,10336500
2013-03-07,408.3851318359375,420.018291513423,406.14012365200665,417.97739876354336,5305800
2013-03-08,421.4469299316406,422.05920151864547,408.99742011923934,410.83423488025386,11101800
2013-03-11,442.4682312011719,446.34593837369414,424.5082416892957,426.14097820039933,7710900
2013-03-12,435.7333068847656,446.1419242223916,434.9169198272426,446.1419242223916,5374800
2013-03-13,443.48870849609375,446.1419102950781,430.631005127467,431.4473921595047,8069400
2013-03-14,442.4682312011719,443.69277424197765,430.8350723135173,443.28458077167977,5925300
2013-03-15,440.8356018066406,450.01967684427893,436.9578936918923,442.4683387144753,11767500
2013-03-18,426.5492248535156,431.65147570300013,423.4878668698064,430.63101058506624,5716800
2013-03-19,427.9778137207031,433.6923357342877,426.5491925598294,429.81462837186496,3580800
2013-03-21,432.4676208496094,442.87623307170537,431.24307823524515,437.7739846352127,5817900
2013-03-22,420.01824951171875,428.7941285657151,419.40597801097283,426.3450425627313,6516600
2013-03-25,428.5901794433594,431.4474597630144,419.6101822745135,427.36563607352116,6196800
2013-03-26,432.26373291015625,434.3046257079925,421.4469226044326,421.65103804328015,5631600
2013-03-27,429.162841796875,433.9175487117831,426.26866743310944,432.88390689916,4624800
2013-03-28,430.6099548339844,432.47048757861415,421.9274686923789,428.74942208935465,5830200
2013-03-29,427.09552001953125,432.6771166796734,423.1677045421257,432.47036564236265,4485000
2013-04-01,415.31219482421875,429.1628124743946,415.1054437642414,427.30228005037264,5520300
2013-04-02,410.7642822265625,413.03827936513727,397.12037510038675,412.6248150164955,8931900
2013-04-03,412.2113037109375,415.9323685252209,400.01446753546566,410.97094877284303,8302200
2013-04-04,423.3745422363281,424.4081462239418,397.327085824235,401.461577479955,10115100
2013-04-05,454.79681396484375,472.5752479851531,448.59503905690207,456.2439200117835,21611400
2013-04-08,477.3300476074219,483.11835936394124,465.3399218831952,475.46951477290094,11836200
2013-04-09,481.464599609375,490.767264937933,478.1569978878796,485.80584342936874,9095100
2013-04-10,502.9639892578125,506.0648769844328,483.32502103833946,485.3923047578419,10641600
2013-04-11,541.6217041015625,544.1024142544745,510.4061139616316,511.0262914998596,17001600
2013-04-12,535.2132568359375,548.857163730944,528.8047677300706,532.3190821497544,13082100
2013-04-15,511.2329406738281,527.5643057026937,509.7858725501498,524.8768448053406,11152200
2013-04-16,513.093505859375,516.6078576445686,490.7671158531271,496.1420001388414,10796100
2013-04-17,513.5069580078125,521.7759785304917,508.3388249127167,520.5356235594583,5947200
2013-04-18,516.4011840820312,526.5307380784819,506.2715922329471,509.78594428800017,6964800
2013-04-19,508.5456237792969,516.1944681047735,506.2716266651774,512.4734025649249,5824800
2013-04-22,513.7137451171875,522.8096954974401,512.6801410610608,518.8819168083614,4640700
2013-04-23,522.1896362304688,523.0165272332383,507.7188354924613,510.81972406865174,5662500
2013-04-24,539.554443359375,539.554443359375,522.8096502896012,531.4921355850395,6556500
2013-04-25,546.9967041015625,551.131234512772,535.4200416617601,538.9343944039204,6675600
2013-04-26,537.9007568359375,553.8186630921927,536.6604014874667,549.6841326464097,7450800
2013-04-30,539.3477172851562,553.4050488601101,539.1409662146272,542.8620312525792,5499600
2013-05-01,539.3477172851562,550.9243388348087,538.7275397788309,547.8234513031821,5112600
2013-05-02,533.1459350585938,543.2754882415976,527.3575865089083,538.9342457556487,3163500
2013-05-07,556.712646484375,559.193356327079,542.0351006308333,542.4485648888267,5863200
2013-05-08,572.2171630859375,594.7502680265775,567.4624559377669,567.8759202536266,8873700
2013-05-09,549.8908081054688,580.6929364522205,548.8571661730965,577.3853352623196,6575700
2013-05-10,565.6018676757812,573.6641750001071,561.0539120590894,561.4673384816606,5211900
2013-05-13,598.8847045898438,599.5048820409714,575.7313878459918,575.9381388981194,7988700
2013-05-14,587.9283447265625,605.7067812704382,587.1014539056737,599.5050054821834,3733200
2013-05-15,611.9085083007812,619.7640651048697,601.5722035264257,601.5722035264257,7028100
2013-05-16,593.7167358398438,624.3121924021289,585.240999693756,620.1776620376643,9185100
2013-05-17,624.3121337890625,633.614797846254,590.4090788297524,593.923431202237,8130900
2013-05-20,624.3121337890625,636.7156480126808,612.3220082135911,633.614797846254,6547200
2013-05-21,622.2449340820312,631.5475993981379,613.9759108630393,628.4467109594357,7400100
2013-05-22,635.6820068359375,640.8501784680674,622.2448135860882,622.2448135860882,5739900
2013-05-23,568.4960327148438,654.2872376756206,568.4960327148438,636.7155172738907,13061700
2013-05-24,570.356689453125,603.226102869891,547.6168310755525,578.832424910407,11197200
2013-05-27,538.1073608398438,561.0539285127885,537.6938965525173,554.0252248913938,6681000
2013-05-28,549.2706909179688,552.3715792034435,516.194523971145,530.0451835480255,6687000
2013-05-29,566.4288330078125,578.8323843718714,546.3764375867955,559.6068797575801,7935000
2013-05-30,542.4486083984375,566.2220670136693,537.4871883150757,545.7562091698017,8548200
2013-05-31,528.5980834960938,551.3379438150487,528.5980834960938,550.097588485881,8517300
2013-06-03,504.41107177734375,532.5258131918206,502.75729017835175,526.3240375640146,7488600
2013-06-04,518.2617797851562,522.3962720384376,494.0748524781717,502.3438748373725,9096900
2013-06-05,480.22412109375,519.0885922294704,479.6039435642046,518.0549503960173,10947600
2013-06-06,476.5031433105469,490.76722910622516,470.50811799383297,475.46953914015586,11368200
2013-06-07,459.1380920410156,472.98874897899645,455.4170268074028,466.1667960507063,12572700
2013-06-10,474.4357604980469,482.7047807432151,469.6810539844452,479.81064447635185,10035600
2013-06-11,474.22894287109375,487.2526667621024,471.1280562303774,476.29618801403126,8919600
2013-06-12,476.0895690917969,479.6038827451453,452.3160749055441,465.13308817502053,7840500
2013-06-13,475.2626647949219,490.9738529196765,462.8591151451838,465.7532893476659,14631300
2013-06-14,470.9214782714844,496.14204483479796,470.0945874809711,480.01742837766704,12240300
2013-06-17,490.3537292480469,492.6276883649542,470.094583312716,470.094583312716,6959100
2013-06-18,502.9639892578125,506.0648769844328,488.906618946256,494.07479039237876,8277000
2013-06-19,515.781005859375,518.2617160473117,506.4783426546125,513.3002956714383,6788400
2013-06-20,525.4970703125,526.7374253469533,505.4446765397157,507.3052090913956,12081300
2013-06-21,511.2329406738281,535.6266126894966,502.75720728176185,512.266582392243,21036300
2013-06-24,497.79583740234375,531.4921368445682,494.69494978948165,526.5307166639888,8142300
2013-06-25,494.6950378417969,506.27166175528697,484.35873134158766,498.00263926670283,8788200
2013-06-26,486.8394470214844,504.20442092798316,484.772200840638,502.5506012717226,5066700
2013-06-27,507.511962890625,507.7187139813189,491.3873461535018,491.80081048225503,7386600
2013-06-28,521.3627319335938,535.2133546031893,508.54571352794346,510.1995333439559,7134000
2013-07-01,551.9580078125,552.3714721212896,533.7661460152502,535.419927545143,9172800
2013-07-02,559.4000854492188,565.1883959627097,550.5108875441024,557.7462662228088,7031700
2013-07-03,556.91943359375,570.1498752263911,554.8521877347029,565.808632425549,4273500
2013-07-04,558.3665161132812,563.121223347934,550.9243854082424,551.3378497316227,2632200
2013-07-05,568.7028198242188,568.9095330590275,557.1261594748834,563.741399367737,2727900
2013-07-08,570.14990234375,582.3467405532879,569.9431891038035,578.832388358389,3903600
2013-07-09,580.4862670898438,584.827510540302,573.6643130962665,581.9333356224502,4507200
2013-07-10,581.3130493164062,587.5148245148481,575.7314516378085,577.798735272377,3874500
2013-07-11,576.3516845703125,585.0341706828985,568.4961271321106,575.1113294113716,4172400
2013-07-12,587.3081665039062,589.7888768164887,575.9382568554482,576.3516833391218,4235700
2013-07-16,591.8560180664062,592.0627691242947,574.904513214133,585.6542433823272,7727400
2013-07-17,590.822509765625,594.7502884167342,578.0054940608929,581.9332727120021,5891100
2013-07-18,573.6642456054688,594.7502827412374,570.9768221174744,592.8897500527871,8240700
2013-07-19,570.356689453125,581.7265997155926,560.4338476669316,578.4189984044073,7440000
2013-07-22,576.1448974609375,582.7601367446993,570.5632999613159,579.2457849607273,6096900
2013-07-23,582.3465576171875,584.0003765751394,574.4909648826947,575.7313196380028,4144500
2013-07-24,599.091552734375,599.298265980437,579.8660474188827,582.5534710282341,5717700
2013-07-25,567.6691284179688,601.5721778635619,566.015346978517,599.2981810685272,6974700
2013-07-26,540.7948608398438,561.880898991856,537.9006861230025,555.2656587187773,5886900
2013-07-29,532.939208984375,546.9965788823421,528.80471737228,534.17956403853,5459400
2013-07-30,541.6217041015625,546.789875488551,525.0836616505716,531.2854370328514,4772700
2013-07-31,525.4970703125,536.040088105353,522.6029338005301,529.2181354158599,4968000
2013-08-01,543.4822387695312,543.4822387695312,520.9491340796617,524.6701993230878,2737800
2013-08-02,569.7365112304688,569.9432244832469,549.6840765739499,551.7513605122814,3598800
2013-08-05,555.265625,561.4674005504565,552.1647372247718,560.6405097612737,2448600
2013-08-06,568.0827026367188,568.9095935164605,550.717729193675,554.645508188246,2849100
2013-08-07,542.4486083984375,559.4001143990467,542.2418573265433,552.7848750036871,4010400
2013-08-08,530.8720092773438,547.6168039624936,527.3576570345202,538.3141402485214,3998100
2013-08-09,537.4872436523438,541.0015580047889,528.1845800382799,533.5594271135378,3296700
2013-08-12,540.7948608398438,565.1885002020772,537.9006861230025,549.8908114837474,5627400
2013-08-13,543.2755737304688,554.2320572033091,534.3863741446618,544.1024645737002,5845200
2013-08-14,549.4771728515625,550.0973502475575,535.4198059248013,545.549395294469,5052900
2013-08-15,538.1073608398438,550.7176241506752,535.8333640384948,539.7611422838876,4036500
2013-08-16,524.050048828125,529.2181826487272,519.7088058200814,527.771114263591,4942200
2013-08-19,531.2854614257812,531.2854614257812,523.6365795346974,524.0500438633771,2285400
2013-08-20,517.4347534179688,540.1746079308007,517.4347534179688,523.223102044584,4595400
2013-08-21,517.22802734375,530.2517546509666,512.2666074171912,522.3961604830387,5282400
2013-08-22,523.4298095703125,527.1508745672579,515.1607888613108,517.2280345754036,4022400
2013-08-23,536.2468872070312,542.4486629347432,528.804756333777,536.4536004470767,4557000
2013-08-26,529.2181396484375,539.9679086014282,526.7374295596908,538.1073760348681,3176100
2013-08-27,526.1173095703125,533.9729049945921,524.0500635545068,526.5307739145281,2880600
2013-08-28,514.7473754882812,519.5020827388504,507.09853152226526,507.51195799439523,3283500
2013-08-29,519.502197265625,523.6366900141994,512.6802425925703,515.9878443619584,2381400
2013-08-30,513.7137451171875,526.9442252798522,507.3052561291886,524.8769414623285,5485800
2013-09-02,511.8533020019531,518.6752565182873,509.16587799185356,515.3676548248847,2337000
2013-09-03,527.5643920898438,533.5594166214847,515.7810184104076,518.0549775695952,4157400
2013-09-04,527.9777221679688,528.8046506681837,518.0548829864086,520.1221663843187,2356500
2013-09-05,535.0065307617188,539.141022668392,529.6316458598814,531.4921785736749,3693600
2013-09-06,520.1221923828125,544.5158273059299,517.021304983576,537.280410756835,4107900
2013-09-09,526.737548828125,543.4823457186665,525.2904802329091,543.2756324486758,3729000
2013-09-10,547.2032470703125,553.4050218306584,533.9728068657843,534.1795200735861,4171200
2013-09-11,543.4822387695312,556.0925406628975,539.3477470674798,550.0974784864999,3856500
2013-09-12,551.1312255859375,551.5446521235134,540.7949186516543,545.5496266548998,3156900
2013-09-13,543.4822387695312,553.6118305006135,539.9679246080508,546.1697000137611,7272900
2013-09-17,534.3863525390625,545.34279771629,532.7325330668281,543.8957293359816,3725700
2013-09-18,537.4872436523438,542.4486642465112,527.564402464009,535.4199598363506,6150900
2013-09-19,546.37646484375,547.4101067931982,538.1074428060742,542.4486860000654,4134000
2013-09-20,546.169677734375,555.8857669052264,543.6889676732842,551.9579885927097,4319700
2013-09-24,538.314208984375,540.1747419647357,531.2855414538923,535.0066074146138,3724200
2013-09-25,528.8048706054688,534.386469966561,524.2568755205945,533.3528278376998,6689700
2013-09-26,553.0503540039062,553.2593549859505,523.1613765367583,532.5669948021309,6603600
2013-09-27,551.7962036132812,559.7387374830813,548.8699988672382,556.3944925528739,4905000
2013-09-30,535.0751953125,546.9889792421766,534.6571933205697,539.8825243921882,4368300
2013-10-01,535.9111938476562,543.853689737903,535.0751134485895,535.7021546121119,2926500
2013-10-02,526.923583984375,545.9438583299562,524.6244585411267,537.1652819463205,4671900
2013-10-03,516.8909301757812,530.2678341162376,516.681929207559,526.9235889953454,4237800
2013-10-04,506.2311706542969,512.2925807355654,504.76808750566727,509.78441632559935,3591600
2013-10-07,499.54278564453125,510.20248498229466,497.66166223198474,507.4852812053583,4736100
2013-10-08,500.37890625,502.469030945821,491.60032894736844,498.4977825422933,3416400
2013-10-09,514.80078125,517.0999448775664,493.8994224582607,500.37883488124237,4590600
2013-10-10,515.6369018554688,516.4729823590803,506.02228223641623,512.5016956458255,3680400
2013-10-11,524.6244506835938,528.5956986119073,518.7720410011202,522.5342879663295,5481300
2013-10-15,513.3377685546875,536.1202539171783,511.4566448567325,528.1777188797373,6398700
2013-10-16,530.0587768554688,539.6734334117085,522.3252820354975,522.534282996614,5331600
2013-10-17,543.017578125,545.1077023121005,535.4930851255773,535.4930851255773,4616100
2013-10-18,532.35791015625,543.4356493517072,528.3866624921666,541.3454867735136,5098800
2013-10-21,536.7472534179688,544.4807485955437,534.0300877115899,538.0013357857678,2874000
2013-10-22,538.0014038085938,541.3456111217008,535.493238755873,538.8374460689802,2024700
2013-10-23,527.759765625,551.3782953874812,526.505683043928,545.3169217600084,3858900
2013-10-24,527.1326904296875,530.8949379309187,515.4279076686703,525.6695686648349,3540300
2013-10-25,513.7557373046875,527.7596827759936,513.3377353576578,527.3416425574069,4348800
2013-10-28,526.5054931640625,527.550536090361,516.2637969311821,524.2063298374171,2819100
2013-10-29,523.9974365234375,529.8498082359188,517.7270245916515,520.8622305575445,2828100
2013-10-30,534.4481811523438,535.0752224435947,527.7597662267094,530.4769323982757,4430400
2013-10-31,527.759765625,539.6735501451843,527.5507263471126,534.4481805430088,4237200
2013-11-01,519.1900024414062,532.7759049565167,515.8457961812535,532.7759049565167,2539800
2013-11-05,520.235107421875,528.5956425901985,517.0999019498097,526.0874782125463,2814900
2013-11-06,531.3128051757812,537.1652142078996,520.2351047458342,523.78831208153,5079000
2013-11-07,525.4603881835938,534.4479636093446,524.8333471475752,532.984880615817,2164500
2013-11-08,512.9196166992188,518.5629865651026,509.78441121817224,517.5179053142367,4000200
2013-11-11,519.3989868164062,521.6981500747196,511.4564924177752,518.9809849669298,3591600
2013-11-12,538.8373413085938,539.0463805367201,519.1900649726119,521.0711883964257,4527000
2013-11-13,531.93994140625,536.5382690784198,526.714610802302,533.6120640389988,4228500
2013-11-14,537.7922973632812,541.9725461171288,530.2678036804909,535.2841328023511,4584600
2013-11-15,557.0216674804688,558.2757500626174,538.8374700393144,543.4357983549014,7739700
2013-11-18,572.2794799804688,574.1606031378864,560.3656999834901,564.1279462983255,7117500
2013-11-19,575.6237182617188,580.849047899794,562.4558554256663,564.7550188367638,6099300
2013-11-20,565.1730346679688,570.8164045941814,559.1116628541822,565.1730346679688,5700000
2013-11-21,573.32470703125,578.1320360681067,567.6813357464204,572.488664783277,4168800
2013-11-22,579.8040771484375,590.6727779270653,574.9967487888736,582.3122418105482,7827000
2013-11-25,582.5210571289062,588.7914667858374,579.5948531984906,586.283302923065,4506600
2013-11-26,583.357177734375,588.7915462610957,575.6236842041384,577.0867672310619,6377100
2013-11-27,574.996826171875,585.0294861705119,574.5787859147449,579.3861149212786,4623900
2013-11-28,573.7425537109375,583.9842113114364,568.0991843301741,581.0580452950355,5920200
2013-11-29,576.2506713867188,583.775163287307,571.861384444709,574.3695484115717,5068200
2013-12-02,585.0293579101562,586.910481247488,577.2958636138657,577.2958636138657,4687800
2013-12-03,589.8367919921875,592.7629588623965,583.3573404833835,588.5827095416524,4570800
2013-12-04,568.0993041992188,584.6113757068379,567.6812639922915,582.7302521829994,4487700
2013-12-05,558.4847412109375,569.3534432290484,554.3044535401749,564.5461143212494,4292400
2013-12-06,563.2919921875,564.5460745732767,552.2142899608442,557.0215802586167,4512900
2013-12-09,576.6689453125,578.5500690504477,571.8616163361135,577.9230278044652,3510000
2013-12-10,569.5625,576.2509532739696,565.3822501913872,575.8329129844828,5003700
2013-12-11,569.3533935546875,571.8615582840033,561.2018581844112,566.6362278551143,4024800
2013-12-12,561.2019653320312,566.218295748407,557.2307165095884,563.7101305402191,3640500
2013-12-13,550.7510986328125,561.8288377291503,543.8536463839056,552.841261192304,17091900
2013-12-16,549.2879638671875,552.4231691404021,544.0626345023462,545.5257175393301,6242100
2013-12-17,556.603515625,562.2468857254247,552.2142277691141,558.0665988197777,3977700
2013-12-18,562.6648559570312,563.2918970440085,551.7961565399432,555.5584030618064,4779000
2013-12-19,568.7265014648438,572.9067898667577,564.3372120378824,568.5175004397963,6191100
2013-12-20,564.755126953125,572.0705821925864,556.8125922346342,569.5624173627007,7562400
2013-12-24,573.32470703125,583.7754073529364,571.2345822755372,574.7878288046538,5767800
2013-12-25,570.3984985351562,574.3697467635992,565.1731296186408,573.3246653259845,3363000
2013-12-26,580.43115234375,583.5663583552007,574.5787422746703,575.2057834769605,2664000
2013-12-27,585.6563720703125,586.9104542374866,578.9679210882003,585.0293309867254,3271800
2013-12-30,589.8367919921875,592.1359176371291,586.0745446405822,592.1359176371291,3743400
2014-01-06,583.357177734375,590.0456283617584,575.8326851303993,585.0292999591079,4301400
2014-01-07,560.78369140625,574.1605924578719,557.6484862022054,573.115511299341,7914900
2014-01-08,573.95166015625,573.95166015625,562.2469173956191,569.3533710911132,4262400
2014-01-09,567.2632446289062,574.160697337737,562.6649173086491,570.1894111728282,4595700
2014-01-10,561.828857421875,569.1443500934068,559.5296938344669,564.3370219639369,7086000
2014-01-14,544.0626831054688,552.423218490402,539.882396277226,551.7961773797432,6684600
2014-01-15,570.6073608398438,570.6073608398438,554.5132943153832,554.5132943153832,5570700
2014-01-16,574.5787353515625,583.9843532725861,573.9516941568276,578.3409825199719,4856400
2014-01-17,568.5172729492188,574.7876839072192,567.472191699035,570.6073971780352,3207600
2014-01-20,561.4107666015625,571.8614640080152,559.529643364694,571.8614640080152,2858700
2014-01-21,564.755126953125,575.6238284587772,564.755126953125,566.8452515541771,4368000
2014-01-22,562.6648559570312,565.3820595149663,553.8862807393504,559.3206495836697,3939000
2014-01-23,561.2019653320312,570.3985838525747,561.2019653320312,568.5174599464337,4871700
2014-01-24,543.2266235351562,553.0502807347186,538.6283346384619,552.4232396000988,9365700
2014-01-27,517.7271118164062,523.9975248046084,517.3090715266716,522.5344029263188,6326400
2014-01-28,518.1450805664062,525.6695756691288,514.8008732779388,519.1901620878602,5916300
2014-01-29,531.93994140625,541.9726006596272,527.7596922317148,533.1940238129222,5618700
2014-01-30,511.03851318359375,526.2965010245291,507.69430663160114,519.817088870183,7190400
2014-01-31,504.14117431640625,518.354122336245,499.5428844886179,517.1000398130699,7243200
2014-02-03,494.1085205078125,504.35018182206466,492.85443796845254,499.54289093555946,5242500
2014-02-04,470.28082275390625,481.5675625,470.2808227539063,478.01431685978673,8220000
2014-02-05,484.9119567871094,486.584079784106,476.34241732247114,479.6866250448983,9134700
2014-02-06,491.182373046875,494.7356200843485,485.1209989066492,488.46520664855194,7560000
2014-02-07,505.81317138671875,506.858214381916,495.1534725891542,501.00584348553514,6459300
2014-02-10,501.6329345703125,517.5179647411871,499.3337708630133,516.4729216418694,6099000
2014-02-12,519.3989868164062,522.5341920452207,509.7843702052248,510.20241032624944,7539000
2014-02-13,512.7105712890625,521.4891458746063,510.62040896861527,521.4891458746063,4590000
2014-02-14,506.8582458496094,523.5793557979462,502.25995687922733,515.009780730296,4786800
2014-02-17,509.78448486328125,511.6656084236624,499.9608268463276,502.25999062175686,4761600
2014-02-18,529.4317016601562,532.1489053377402,516.0548373061245,517.0999185876224,7109100
2014-02-19,527.1326904296875,530.8949379309187,523.7884449142193,528.1777336656556,3491100
2014-02-20,515.2188110351562,530.6858001546898,511.8745661404839,526.0875112639573,5692500
2014-02-21,530.4768676757812,532.9850325347684,523.9974545472506,525.0424977241229,5263800
2014-02-24,513.128662109375,531.5218947065379,504.977127152228,524.6244420504904,7572900
2014-02-25,522.5343627929688,526.9236515475901,516.4729895509607,522.3253617999356,5088600
2014-02-26,512.9196166992188,519.1900276613119,512.2925756030095,513.7556587369808,3674400
2014-02-27,501.21484375,510.20245843442996,499.1247194908904,510.20245843442996,5649300
2014-02-28,503.30511474609375,503.7231167250667,496.82566308485326,499.5428673059774,8597700
2014-03-03,502.4689025878906,504.35002581505603,494.1083676687832,499.54273641555557,5834400
2014-03-04,502.8870544433594,511.4566304724398,497.4526844893621,497.4526844893621,4069500
2014-03-05,506.4402770996094,514.5918125141181,505.813235913878,511.87460852824404,3505200
2014-03-06,508.1123352050781,510.4114988580199,499.3337590576429,506.2312117449135,7607400
2014-03-07,518.3541259765625,521.4893323065185,510.41159051682035,515.636921642893,6978000
2014-03-10,511.8746032714844,518.9810954844975,508.5303964057794,515.2188484087458,3260400
2014-03-11,520.026123046875,520.6531642074104,513.1286702809851,513.3377095155338,3247500
2014-03-12,503.93212890625,511.2475841323248,499.9608424184926,511.03858315406944,4258500
2014-03-13,499.333740234375,506.6492328386522,499.1247392816425,503.72302814263065,3565800
2014-03-14,481.149658203125,485.1209451198655,473.2071609127683,483.03078202529827,11345400
2014-03-17,476.55126953125,477.80535181949017,470.4898590475713,477.3873116328921,4009200
2014-03-18,479.68646240234375,487.00195497830026,478.6413810996205,486.5839148029003,3747300
2014-03-19,478.6414794921875,487.42005707929394,472.9981081861905,482.19472603463186,3724800
2014-03-20,469.0267333984375,483.448678409352,465.8915279612821,483.448678409352,5774700
2014-03-24,465.0555114746094,471.32592269327125,460.4571843998887,465.2645124247138,6887400
2014-03-25,466.10064697265625,467.7727697199053,453.5598220471896,457.3220695248296,7123500
2014-03-26,480.73150634765625,480.73150634765625,467.7726446328166,468.6086866470949,6315000
2014-03-27,482.6358642578125,484.32859397071644,467.4014130713155,480.308404488684,6265500
2014-03-28,484.3285827636719,484.9633515484211,469.72890071443925,478.6156637009287,3707400
2014-03-31,500.1977844238281,502.3136673826219,487.0792170956017,489.6182921434384,7429200
2014-04-01,505.69921875,508.44987097193837,497.65880005243406,506.3339876276179,6055500
2014-04-02,507.6033935546875,515.8553868206196,506.12224072943314,509.9308530060172,4721700
2014-04-03,512.8932495117188,518.1829772069635,507.603521816474,508.8730595627901,4318800
2014-04-04,516.0670166015625,517.9713229358856,509.93090549878417,509.93090549878417,2897700
2014-04-07,503.5831604003906,512.0467689739819,497.6586653934425,507.81496468718626,4484700
2014-04-08,492.3689270019531,499.13976720271563,487.92554617005,497.8702298221719,5183100
2014-04-09,489.8298645019531,495.33116745987684,483.2705620428183,488.3487116921061,7656000
2014-04-10,481.3662414550781,499.3513800845001,478.82716670675563,497.235458632094,4137300
2014-04-11,470.1522216796875,471.42175959714547,462.32337869321475,465.49722348685975,4501200
2014-04-14,468.24774169921875,475.65335098449754,464.65070601511786,465.49705139946764,3575700
2014-04-15,467.8245849609375,473.9606960046344,466.13185532121156,471.4216209166511,3561000
2014-04-16,482.0009765625,482.63574520535803,469.9403723481965,473.9605995817665,3568800
2014-04-17,478.6156311035156,484.54012644326747,476.92290154506827,480.09674525265126,3743100
2014-04-18,486.4444580078125,490.6762627527705,483.27061413489673,489.1951485264803,2353500
2014-04-21,483.9053955078125,490.88785221001325,482.8474733514388,487.0792394633583,1647600
2014-04-22,482.2126770019531,491.94578499497726,482.2126770019531,485.38652077611425,4140600
2014-04-23,485.80975341796875,488.56044430005534,481.78956356220215,486.2329455713397,2994600
2014-04-24,486.2328796386719,491.7342219136524,482.84745910041295,484.96334209392336,2469300
2014-04-25,490.88787841796875,494.27333798010505,479.2504628740629,484.328613474053,3714600
2014-04-28,489.6181945800781,490.4645785895101,479.88508841723365,481.57781769289466,2989200
2014-04-30,484.5402526855469,490.8879417545419,483.05913815052116,490.04159612641564,4952700
2014-05-01,499.13983154296875,500.8325611829591,485.17491855687865,486.6560715205744,4243800
2014-05-02,498.08197021484375,499.7746613182352,495.3312793712049,495.9660482207807,2821800
2014-05-07,487.2908020019531,493.003720501894,481.7894601616814,493.003720501894,7860000
2014-05-08,497.8703308105469,504.6412111279258,490.88787380122966,493.0037956934685,6481200
2014-05-09,501.46734619140625,505.91072773993767,493.2153518869907,495.3312349480777,4277700
2014-05-12,499.5630798339844,506.1223449690724,496.38923561648767,498.92831099048504,3359400
2014-05-13,510.5657043457031,513.9511638571322,508.4498212084703,509.50778214869365,3387600
2014-05-14,516.9133911132812,516.9133911132812,508.6613965340427,510.35412628521414,2634600
2014-05-15,514.5858764648438,515.2206452109998,508.2381890032841,513.1047235616735,4024200
2014-05-16,504.85272216796875,507.81498918595645,499.1398035396267,503.5831846950038,4005300
2014-05-19,501.46734619140625,505.2759589472903,497.0239646428748,502.7368837767009,3255900
2014-05-20,497.235595703125,515.2207392904426,495.1197124106475,506.1223597720341,4887900
2014-05-21,474.8069763183594,494.696382198042,472.267901578689,486.6560046845564,8388000
2014-05-22,491.52252197265625,492.79205929909716,471.84469341282136,475.2301521121336,9685200
2014-05-23,493.6386413574219,498.92836942504493,487.92572109682976,491.5227191357966,6692400
2014-05-26,497.6588134765625,503.583310246401,493.8502001081194,502.7369646344866,3539100
2014-05-27,498.92822265625,509.08452235408714,496.8123398002702,497.44710853138497,3252300
2014-05-28,512.4699096679688,517.1249058918233,502.94837931445653,506.12222276562727,6253800
2014-05-29,504.0063171386719,507.60335246758103,500.83247383175325,505.06427782204617,5181600
2014-05-30,509.930908203125,513.9511363146022,504.6411812719114,505.69914215543884,5379300
2014-06-02,515.2207641601562,517.3366475547675,510.35418973500987,513.1048420223264,6454800
2014-06-03,512.4699096679688,519.2407886115351,512.2583330189594,517.548059189842,5640000
2014-06-04,521.991455078125,521.991455078125,509.50769630556823,516.9133054097745,6457200
2014-06-05,513.5278930664062,523.2610004985445,512.0467789715527,522.6262317802918,5097000
2014-06-06,518.1829223632812,523.4726882418828,516.7018080637438,516.913384751331,4302600
2014-06-09,524.3190307617188,526.6465292848312,522.8379164705815,526.2233371688436,2343000
2014-06-10,527.7044677734375,532.5710416564951,524.3190469705185,527.4928910805095,6127500
2014-06-11,540.8230590820312,541.0346357838553,528.1276821082747,528.9740276587864,5522400
2014-06-12,525.8001708984375,529.3972072031114,519.664098002671,528.1276695359577,8166300
2014-06-13,532.9942626953125,534.263800408169,524.1074987053172,528.9740341091228,9156000
2014-06-16,532.78271484375,538.4956352764228,527.2814098855458,533.4174837807136,5898300
2014-06-17,532.78271484375,537.8608663394592,529.6088701589317,532.78271484375,5339100
2014-06-18,531.9360961914062,535.9562844813164,527.0695239244194,528.5506765127031,6889500
2014-06-19,544.6316528320312,549.2866113093531,531.0899307886855,533.8405827875737,8809500
2014-06-20,534.2638549804688,549.0751168956162,534.2638549804688,544.63173444675,10855800
2014-06-23,537.8606567382812,540.3997314966731,536.1679660614907,537.014311399886,4551600
2014-06-24,532.147705078125,538.2838149395574,527.4927478947785,535.109971691093,5887200
2014-06-25,530.2434692382812,535.3216191072614,527.2812409768487,529.3971238411875,9350700
2014-06-26,533.840576171875,538.7071500264117,532.9942306619089,537.6491890815435,7164000
2014-06-27,521.5682983398438,529.8202914966763,514.7974192454762,529.1855227923046,6822300
2014-06-30,517.7596435546875,522.4146007563819,514.1626082778486,521.7798321041871,5557800
2014-07-01,521.5682983398438,525.1652951691456,516.4901487048699,522.6262203516586,5262600
2014-07-02,517.5480346679688,525.5884506110415,516.7016893688259,523.6841446305667,5616900
2014-07-03,518.1829223632812,522.8379194359077,514.7975016458184,522.4147273175198,3977100
2014-07-04,512.8932495117188,522.4147826090898,512.0469039285804,521.7800137359317,4402200
2014-07-07,512.0468139648438,515.6438111186225,510.1425076799454,511.412045203211,2557800
2014-07-08,496.6007080078125,510.1424663202228,495.11959393182065,509.71927426570767,8019300
2014-07-09,502.948486328125,504.21802397871613,492.7921851233957,494.27333821122835,5598300
2014-07-10,498.5049743652344,504.2178923009518,497.87020570571025,501.8904330448328,3459900
2014-07-11,493.4270324707031,497.6588382271778,489.8300343837592,490.88795676546243,4146000
2014-07-14,499.13983154296875,500.4093690871588,490.88783750573367,493.63852801361946,2768700
2014-07-15,505.91070556640625,508.87297271666495,503.5832071809736,503.7948225980561,3675300
2014-07-16,494.9079895019531,510.56559097861305,494.69637411496774,509.2960536295214,5358900
2014-07-17,495.3313293457031,499.5631350175647,494.2734069851526,496.1777137260073,3009600
2014-07-18,487.7140808105469,489.19523403895755,481.3663919551245,486.6561584967886,3713700
2014-07-22,494.0617980957031,499.45733393328675,490.78218449382854,494.2734135652062,3613200
2014-07-23,496.0717468261719,500.4093200964299,494.1674406963209,496.70651553612214,3345000
2014-07-24,491.6284484863281,496.8124067366119,487.81983558649864,493.53275493624295,4991100
2014-07-25,491.09954833984375,497.5530062811631,488.877857205864,497.1298528463604,4083300
2014-07-28,498.3992614746094,499.5629912335587,494.90803345455276,495.7543788480424,4107000
2014-07-29,498.3992614746094,502.6310271852662,498.0818771091497,502.6310271852662,2638800
2014-07-30,497.7646179199219,500.7268469136717,492.79223578180904,496.28346467982857,3130800
2014-07-31,503.47747802734375,510.0367428681403,503.0542859029262,503.4774780273438,5198100
2014-08-01,492.8980712890625,499.6689527509044,492.7922635536019,497.12987704561624,4187400
2014-08-04,488.8777770996094,492.89796653080964,486.1270865080192,490.6762757608704,4092000
2014-08-05,482.0009765625,491.0993529389346,481.04882359821283,490.04139228643675,3250200
2014-08-06,477.4519958496094,482.00114690229896,471.9506527529235,481.57799348631954,5357700
2014-08-07,478.5098571777344,479.03885699514746,470.78686277290853,475.336013246104,4029900
2014-08-08,463.48699951171875,476.4997590076032,461.26530886608,474.80702941080835,3846000
2014-08-11,486.0212097167969,492.89785718379653,473.96060535557075,478.19237053070725,6204000
2014-08-12,489.4067077636719,491.94578277152493,478.1924468979177,485.8096719214768,2931900
2014-08-13,497.6588134765625,499.7746968779579,487.2909344435403,491.205316798961,4548300
2014-08-14,504.0063171386719,506.22800745351486,499.98612853097643,502.5252031765113,5110500
2014-08-15,505.1700439453125,506.65119664239506,501.5730473797215,505.6990436556438,4174500
2014-08-18,502.7368469238281,507.8149968927557,498.399273406439,507.8149968927557,3020400
2014-08-19,503.68902587890625,510.56567473348554,501.6789118320304,507.3918308401087,3187500
2014-08-20,498.29351806640625,508.5556267881232,495.64863509857065,508.3440113550396,3103800
2014-08-21,505.4874572753906,506.8628023606733,499.03400137929384,499.03400137929384,2824200
2014-08-22,506.2282409667969,513.8454684170811,505.8050487495959,510.9890081232245,3935700
2014-08-25,504.3238830566406,513.2106475157884,499.98630855646263,512.6816863552453,3763200
2014-08-26,501.7847900390625,507.6035175754687,500.9384444629954,504.74705767012296,2298900
2014-08-27,505.69921875,513.1048298267305,501.6789900296082,503.90068110127083,3222900
2014-08-28,502.1021728515625,504.0064794489768,497.0240219251245,499.4572896629704,3657000
2014-08-29,496.4949645996094,504.4295738850111,496.1775802281933,499.0340395709379,3924900
2014-09-01,496.4949645996094,497.97607875181455,494.1674662948217,496.3891568947342,2392200
2014-09-02,503.9005126953125,507.81493238014434,494.6963670459224,496.9180573750855,3108600
2014-09-03,506.0165100097656,510.9888523877481,505.17012583331854,507.603431911591,3320400
2014-09-04,504.2178955078125,507.3917388256191,499.668745914426,505.9106248583775,4017600
2014-09-05,504.1121826171875,510.98883098939126,502.31364537496137,510.98883098939126,2629500
2014-09-08,506.9685974121094,510.8829784335593,503.37156198666366,509.2960567375105,3782100
2014-09-09,511.2004699707031,513.6337762437087,510.24831675340886,512.4700075937621,2433000
2014-09-10,517.5480346679688,518.182803328127,506.7569674452783,506.9685828274673,3511800
2014-09-11,521.1451416015625,528.1275978227771,520.4045651485457,522.0972947226372,4812300
2014-09-12,519.6641235351562,524.2132745704924,515.8555103465677,524.2132745704924,6650700
2014-09-16,511.2004699707031,518.3945423301801,510.0367400639702,516.3844281792655,4314900
2014-09-17,506.9685974121094,517.3364729118927,506.86278971797094,512.6815155178848,2540400
2014-09-18,514.6917114257812,517.9713632825387,509.5077918295819,510.67152176568925,4510800
2014-09-19,520.298828125,522.6262878461376,514.2685246546861,517.548137555347,5625000
2014-09-22,518.8176879882812,522.8379162302837,515.5380750063266,518.9234957030328,3914100
2014-09-24,509.40203857421875,514.6917664549758,507.9209240659793,511.94111415589714,5985900
2014-09-25,518.1829223632812,518.1829223632812,509.08458239204236,516.0670392577687,7283100
2014-09-26,513.4721069335938,517.8616987349943,508.76136660823533,509.7249298025691,5372100
2014-09-29,517.9688110351562,520.9665767035186,514.6498967958008,520.2171254845549,3488700
2014-09-30,512.2946166992188,516.8983222486504,506.9414989773803,513.7934802515333,5202000
2014-10-01,507.0484313964844,512.5086236827487,506.72724361493937,511.2238725565689,4331100
2014-10-02,491.31011962890625,503.1940648739456,489.9183323601523,501.48108989586626,6834600
2014-10-03,491.845458984375,494.9502604410171,487.2417554114361,487.2417554114361,4479300
2014-10-06,494.5220642089844,499.3398805063467,488.63364820608996,499.12576840673813,5286900
2014-10-07,496.1280212402344,504.58597878726647,493.7726704353578,496.7703967701991,4744500
2014-10-08,489.383056640625,492.38082205104246,485.3146915323713,487.7771178863815,6037800
2014-10-09,483.7087097167969,492.05959049544015,482.53103447102194,490.4536518841626,4933200
2014-10-10,478.1415710449219,480.49696137573295,472.2531540291382,474.9296929608594,6064800
2014-10-14,467.2210693359375,470.3259101831866,462.61740469895943,464.6515675078618,6799200
2014-10-15,468.9341735839844,470.1118490786151,463.25986902758933,468.184722337859,4261200
2014-10-16,455.87249755859375,457.1572485717157,452.553544372199,455.9795340046943,5889600
2014-10-17,447.84283447265625,460.15500638869145,446.2368955960001,458.65614317297644,8967000
2014-10-20,462.0820007324219,467.32807929654916,461.0114012595247,463.9020904098126,8019900
2014-10-21,454.58770751953125,465.29393890476746,452.33939343958355,464.65156345335384,4072800
2014-10-22,455.55133056640625,462.1891980342176,453.30301619097924,460.69033485309666,9139200
2014-10-23,455.7654724121094,460.58328924521834,453.62423355544774,455.2301724998174,6637200
2014-10-24,465.29400634765625,468.39884761784964,463.3668797140845,464.5445943507062,7097400
2014-10-27,468.0775146484375,472.1458787659228,465.5080132673985,468.61281436699414,3400200
2014-10-28,466.2575378417969,470.4329785962234,462.08209708737036,464.2233748946331,4745700
2014-10-29,472.14599609375,475.7861370239534,465.93635314398887,467.43525546039047,5540100
2014-10-30,477.2850036621094,479.53331794584744,473.8590140131955,475.1437650324744,8186700
2014-10-31,504.8001708984375,508.76150036353135,484.4583020306512,485.8500897611595,10761900
2014-11-04,523.8572387695312,539.4883634196303,522.6795633803941,538.7389514481297,15299400
2014-11-05,530.0670166015625,531.1376166064978,519.4678177832011,522.8938083724946,6566700
2014-11-06,525.3561401367188,534.0282103241401,524.1784646619124,531.7798958311049,5988000
2014-11-07,524.9277954101562,531.1373983511273,523.3218568551665,531.1373983511273,3530700
2014-11-10,526.3196411132812,526.5337924160425,518.1829110030582,519.5746984335632,2276400
2014-11-11,532.1010131835938,537.8823925432816,526.7478972160084,528.5679480193401,5088000
2014-11-12,534.6704711914062,544.3061026658658,532.9574961787145,538.4176873475748,6467100
2014-11-13,542.7001953125,543.4496464283524,536.0623285395509,538.6318304139165,4950000
2014-11-14,549.3380737304688,554.5841136557594,541.3083807759574,553.9417382193985,7153800
2014-11-17,529.5315551757812,543.8779683227668,528.4609554179403,543.342629236355,5996100
2014-11-18,543.8779907226562,544.9485905245904,539.1672104471713,541.736712703802,7038900
2014-11-19,549.6593017578125,559.2949340098535,541.8437203064387,549.2310383663369,10203300
2014-11-20,553.7277221679688,561.8644921754092,552.014707638115,556.0831122455812,11005800
2014-11-21,556.5113525390625,558.0102549987677,549.1240335265638,554.5842258401498,7803900
2014-11-25,578.1381225585938,578.9946104117358,563.2564059643074,565.076496562548,10776600
2014-11-26,582.6345825195312,584.6687846860614,574.4978130609003,577.174390731862,11702100
2014-11-27,572.5706787109375,579.5297727186924,572.5706787109375,579.3156214151534,8193300
2014-11-28,593.3409423828125,594.5186179138731,574.3908621791828,574.9261621101203,8152800
2014-12-01,605.9742431640625,608.757896627843,596.017422346096,596.3386101144176,6425700
2014-12-02,613.8967895507812,615.3956524618679,598.8009671782823,598.9080036099773,4560600
2014-12-03,618.607666015625,627.7079995436553,617.3229148920203,624.603158189949,7976100
2014-12-04,628.778564453125,631.4551422146192,618.6076316914325,626.6373257684241,8353800
2014-12-05,627.2797241210938,628.2432874453965,618.5005785416158,624.067846373418,7085700
2014-12-08,629.4209594726562,634.6670395012604,626.5302695154137,630.3845227917371,6027000
2014-12-09,620.5347900390625,624.6031555105271,614.539297890458,623.1042922752491,7263300
2014-12-10,615.3956909179688,621.0699944143341,609.1860483997386,618.0722684048327,8230200
2014-12-11,612.6121215820312,614.0039090422136,597.6233336136103,604.6894641906549,8869500
2014-12-12,614.3251342773438,622.0336408317091,611.6485956398503,615.2886975966394,8756400
2014-12-15,599.5505981445312,604.4754912343814,593.5551051015605,600.6212373051504,6141300
2014-12-16,594.8397216796875,598.265711327182,588.5230422400132,589.2724541959557,6520500
2014-12-17,594.197265625,604.7964600929054,590.6642008023648,594.732565407753,6254100
2014-12-18,602.22705078125,613.0403589794478,599.8716608023644,608.7578816455524,6320400
2014-12-19,611.86279296875,620.106600557256,606.8308635585578,612.9334320973537,7376100
2014-12-22,616.5736083984375,621.926765475022,612.6123176424674,618.3936990557771,4919700
2014-12-24,619.5712280273438,626.2090957492103,617.6441013460767,622.2478059316011,4300500
2014-12-25,619.1430053710938,620.4277565765724,615.6099395560275,620.1065687752027,2306700
2014-12-26,623.2113037109375,623.7466035524787,614.1109711598041,616.3592853847615,2013000
2014-12-29,626.316162109375,630.7057153045673,617.644092172476,628.4574008764823,2649000
2014-12-30,616.78759765625,628.99273298743,616.1452221125037,628.4573938959803,2586300
2015-01-05,624.06787109375,628.9927635710999,612.183922956607,615.9311007414966,5390100
2015-01-06,595.5892333984375,613.3615981597416,595.5892333984375,612.183922675316,6782700
2015-01-07,598.5869140625,604.9036328677503,589.4866202569544,592.0561223587538,6602700
2015-01-08,606.0812377929688,612.71910438167,602.5481728137835,607.79425206416,4232400
2015-01-09,616.0382690429688,617.6442082219129,611.0063393514437,614.218217709332,5213700
2015-01-13,601.0494384765625,611.8627478096328,591.4138046527888,610.2568088390037,5292600
2015-01-14,590.7713623046875,600.6211071423143,588.3088966896632,596.2315541877994,3204900
2015-01-15,600.728271484375,603.2977739263576,590.4502617164441,590.7714495216919,3406500
2015-01-16,580.6004028320312,585.3111828519097,570.4294700205727,582.7416807346999,10053900
2015-01-19,580.3862915039062,584.4546567924531,573.8554605447337,581.7781182217602,7063500
2015-01-20,590.343017578125,591.6277684324843,577.2813969612997,578.1378844617111,8321400
2015-01-21,573.1061401367188,590.3432065478213,569.7871862980604,589.9149430567855,8899800
2015-01-22,573.8555297851562,574.712056733717,565.7187982262985,569.8942396761714,4925400
2015-01-23,593.4480590820312,593.7692469255192,578.6734182815865,582.8488602469296,5373900
2015-01-26,593.8762817382812,597.4093477735009,585.7395105273974,587.4525253106092,4285800
2015-01-27,614.9677124023438,615.1818637932818,604.2614759106052,604.2614759106052,5256900
2015-01-28,620.9630737304688,623.7466881746134,609.4003132905685,609.4003132905685,4234500
2015-01-29,614.6463012695312,626.1020242610616,613.6827379828133,615.1816403449238,5545800
2015-01-30,618.7147216796875,633.3822834642426,618.6076460203506,625.2455135419208,5834700
2015-02-02,611.54150390625,614.4321937881598,606.5095753291262,611.54150390625,3424200
2015-02-03,610.1498413085938,618.6078011220744,607.2591506491448,614.5394347446097,4788000
2015-02-04,633.0611572265625,634.452984103261,618.8218182803244,618.8218182803244,6691800
2015-02-05,632.0975952148438,639.4849146711149,628.3504172554657,634.3459098319697,4144500
2015-02-06,626.208984375,636.915254880376,623.7465582338326,634.0245653725982,3443400
2015-02-09,627.6010131835938,633.8106575670977,622.6761201065045,633.8106575670977,4053300
2015-02-10,640.5556030273438,642.0544664849058,629.4210655476024,629.5281412258205,3764400
2015-02-12,658.5418090820312,662.7172491037502,646.4437523446727,646.5508279784929,6087900
2015-02-13,659.6127319335938,663.3598708114249,652.5465608347665,660.8974831865629,4119900
2015-02-16,689.5902099609375,691.089112506573,658.5420296712842,659.5055930759805,4471800
2015-02-17,693.4443969726562,703.8294420874314,686.2712295650261,693.7655847433707,4659300
2015-02-18,698.1550903320312,701.7951918094998,689.4830216002892,698.9045022322525,6587100
2015-02-19,701.9022827148438,702.6517730881977,694.9432669507011,698.0480296460954,5089500
2015-02-20,699.9752807617188,705.4354735809146,696.2281418879525,702.0095225200422,4447200
2015-02-23,686.1641235351562,703.9365660202377,679.5262951315569,703.9365660202377,6778200
2015-02-24,681.1321411132812,682.4168920374717,672.9953329834264,680.7038385285689,8508600
2015-02-25,678.7767944335938,685.5217376033148,670.640063732258,675.5649167337267,10560000
2015-02-26,704.7930297851562,705.0071811113698,675.7790929650671,678.7768194571285,9983100
2015-02-27,707.255615234375,712.2875841392862,699.7612585288681,706.6132395620459,7583700
2015-03-02,704.4718627929688,709.3967945363204,698.9046338819929,706.5061044145658,3915900
2015-03-03,714.6427612304688,719.0323533928328,708.4331573835719,714.7497976780943,4950900
2015-03-04,706.8272705078125,717.3193524250677,698.0480855382899,714.428662392051,5762400
2015-03-05,708.4332275390625,709.5038273662777,703.722447152338,706.6131372593078,3561300
2015-03-06,719.6747436523438,723.4218819607817,707.1484208393208,715.3921878498695,7776000
2015-03-09,723.3147583007812,728.2396106233566,716.5698160608539,724.2783214779138,5280000
2015-03-10,715.1780395507812,738.7317803212503,711.0025990533134,729.0961484040166,5127900
2015-03-11,715.0708618164062,723.7429297793248,712.073136066312,713.5720381488424,5716500
2015-03-12,742.264892578125,746.4403333412213,719.4605622565989,719.9959013132707,9233700
2015-03-13,748.3675537109375,754.5771582042582,744.8344880067227,751.7935829563842,9861900
2015-03-16,738.0894165039062,750.7227746341426,735.0916904429115,745.5837708638804,6493500
2015-03-17,741.0872802734375,747.1898483846006,736.1624268834602,739.6954926320283,5310300
2015-03-18,746.54736328125,750.9369553117604,741.6225106137102,745.7979513404224,6029700
2015-03-19,748.1534423828125,751.4724353469604,735.6271178526216,749.5453084961619,6521400
2015-03-20,749.4381103515625,752.6499880793764,740.2307798084853,750.4016736699067,4357800
2015-03-23,748.5816650390625,754.1488936522845,745.4768237508316,749.4381134934142,3762900
2015-03-24,746.1192626953125,748.0463895038238,733.6999749021313,742.157972616147,4744200
2015-03-25,747.5108032226562,751.4721704071133,736.1621974629167,745.1554529293047,3548700
2015-03-26,746.1192626953125,748.5817286445183,732.629375035733,743.0144211432695,4508700
2015-03-27,750.9873657226562,767.4307916714273,740.7102146004758,757.2617943981661,6235800
2015-03-30,749.9055786132812,753.3672940641824,731.5149082502165,750.9873547874894,4680900
2015-03-31,729.1348266601562,760.8315834034938,729.1348266601562,757.261635568447,5391900
2015-04-01,722.752197265625,732.2720321565398,717.0186180247551,723.5094325489188,6584700
2015-04-02,737.6809692382812,747.5253435017789,725.9975047012913,731.1901556066201,6801300
2015-04-03,744.2802124023438,744.9292940059602,737.1403147625626,741.0348043842614,2795700
2015-04-06,736.815673828125,739.6283868060824,728.7021548855397,735.6257438722681,1801800
2015-04-07,755.0980834960938,761.2643570281624,742.9818440843842,742.9818440843842,4515300
2015-04-08,736.815673828125,755.4227300921764,732.2721032202772,754.016333986406,6285300
2015-04-09,740.818359375,743.0901445666237,732.8129946695133,738.9792687610637,3828900
2015-04-10,736.5993041992188,740.0610191678779,728.053012142695,740.0610191678779,3606600
2015-04-13,715.2877197265625,737.4646416735005,709.8786815207067,736.5992526087349,7481100
2015-04-14,705.5514526367188,716.8022228495356,703.3878216482939,711.825879499515,5232300
2015-04-15,716.5859375,717.2350189651269,706.2006340579711,709.229654484037,4770900
2015-04-16,744.4963989257812,747.0927246413027,724.2667208035341,724.2667208035341,6128400
2015-04-17,727.7284545898438,742.9818685665266,724.915821147023,740.4937758466141,4528800
2015-04-20,724.5914306640625,731.7313280484592,712.583421426668,720.2641673056702,3267000
2015-04-21,746.6600341796875,746.6600341796875,728.3775210106122,734.0029462473615,3912300
2015-04-22,751.5281982421875,763.5362055940286,740.9265076825222,749.0400261634959,6442500
2015-04-23,749.3645629882812,762.4543463246822,742.9819020720633,755.5308370016106,5256900
2015-04-24,757.3699951171875,761.3726381592306,745.5782944460678,748.6073944222603,5844000
2015-04-27,748.3909912109375,762.6707846251965,744.9291966993164,757.6945193920282,2886600
2015-04-28,759.96630859375,764.9425738523628,752.7181787740323,753.8000341333365,3207300
2015-04-30,744.8209838867188,753.259042963431,737.789241578266,744.8209838867188,5366700
2015-05-01,739.7364501953125,749.9054455156493,732.9210951168964,746.5518052737286,3923100
2015-05-07,745.0374145507812,759.4253615129813,740.7101516912821,742.765629281298,4511700
2015-05-08,768.6206665039062,770.6761441208604,749.6891487546302,750.1218433528179,5458200
2015-05-11,758.7762451171875,779.5468523402415,756.6126137869265,777.1669133404594,4785900
2015-05-12,791.0140991210938,791.1223322122997,768.6207834776058,771.9744246330854,9156300
2015-05-13,777.8160400390625,786.686794311802,771.7579195022547,775.8687954986867,6598200
2015-05-14,785.3887329101562,793.9349475320029,774.5707326972472,778.8979169356921,6604500
2015-05-15,773.1642456054688,782.3596199783572,765.8080411874589,782.0350792177513,7689300
2015-05-18,812.43359375,817.9507861106152,775.976878484185,781.6022246759734,7166400
2015-05-19,810.4862060546875,824.225147227725,806.3754103941866,815.1380084761055,6903000
2015-05-20,796.5313110351562,815.0301374243082,796.5313110351562,810.2702583103163,7395300
2015-05-21,839.5868530273438,848.5658394696228,821.0880317584769,826.8216109606038,12848700
2015-05-22,815.7872314453125,832.6633491996319,812.866364910911,828.660627422698,5364000
2015-05-25,819.8980712890625,825.4152639243327,817.8426729929984,822.1698564918208,6822900
2015-05-26,827.9033813476562,830.2833202297677,814.380824860879,822.2780352474041,4888800
2015-05-27,820.3309326171875,823.4681073142432,810.2701685030958,819.7900049095348,7881300
2015-05-28,835.4761352539062,847.0514496747063,826.4972263492243,826.4972263492243,6461100
2015-05-29,836.2333374023438,847.700417196204,835.3678690134108,835.3678690134108,10049100
2015-06-01,847.9169311523438,849.8641758940305,826.9299336363007,835.9089219119421,5762100
2015-06-02,855.4891357421875,860.0327047484054,850.5128722894195,851.3782611825193,7238400
2015-06-03,861.1146240234375,865.3336530896373,853.7584210380837,855.9219728650378,7554300
2015-06-04,867.822021484375,875.3946130616994,852.6767590961398,863.2784506912631,9958500
2015-06-05,854.6239624023438,859.1675329757828,842.5078006177005,858.7348383799829,7079100
2015-06-08,848.3495483398438,856.3549135137455,839.4787939599307,854.6239766345545,5490600
2015-06-09,824.6581420898438,842.7242723615948,822.2782027230037,839.4788644824533,7832100
2015-06-10,816.3278198242188,829.5258315575225,814.0560354654932,824.2250277983462,6451200
2015-06-11,816.4365234375,825.4154330178034,811.8929521011936,814.1647377693467,7610400
2015-06-12,825.6318359375,828.6608571424238,815.5710706410919,828.6608571424238,9974100
2015-06-15,842.6160278320312,843.3733424826055,819.6818652866539,821.7372638376631,5350800
2015-06-16,831.1490478515625,843.048904441556,824.6582313904023,840.7771186801499,4307700
2015-06-17,822.494384765625,837.7477994671812,820.4389865007217,834.7187789872848,3332100
2015-06-18,801.2911987304688,813.8401355038545,800.6421171600108,811.4601169231149,6515400
2015-06-19,791.4466552734375,817.8426071895275,790.1484924048827,815.3544352802729,19873200
2015-06-22,811.1355590820312,816.5445984666419,796.747610983945,797.8293871674318,6925200
2015-06-23,836.2333374023438,836.990572721673,814.5972615476538,814.813648453282,6831000
2015-06-24,838.6132202148438,846.7267382122784,836.4495890043365,838.6132202148438,5304000
2015-06-25,835.908935546875,846.402394859265,833.6371499778509,836.8825579335996,3705600
2015-06-26,847.2677612304688,849.6477003665195,833.5288163853467,837.9642331345888,4300200
2015-06-29,818.3836669921875,827.1462677703845,811.5683108313676,813.5155554487447,4170900
2015-06-30,824.9825439453125,825.4152385117991,802.8056202504482,817.8426478136064,4949100
2015-07-01,832.1226806640625,839.4789658226828,819.249201444877,833.4208439724307,2817300
2015-07-02,836.2333374023438,851.5949060960334,834.0697060468009,844.2386228740512,4751700
2015-07-03,832.55517578125,836.9905924328141,825.5235123689041,836.0169701849279,2589300
2015-07-06,801.3992309570312,823.1434602673731,795.8820384454519,817.4099600875292,4454700
2015-07-07,816.6527099609375,829.9588811854404,814.3809246299248,818.2754137688037,3518100
2015-07-08,775.43603515625,809.1882744432259,775.43603515625,804.6447037699791,4688100
2015-07-09,782.1431884765625,782.3595753824933,749.6891142659167,752.9345216869813,5586300
2015-07-10,789.9322509765625,804.8611267139996,779.7633330448666,786.1459155015237,4971300
2015-07-13,811.6763916015625,814.5972582646629,796.4229768053716,804.1038007380508,4128000
2015-07-14,825.7398071289062,838.8296699681084,817.5181346865627,832.7715496648352,5641800
2015-07-15,819.3573608398438,826.4972583936186,813.2992395345341,826.1727175957197,4584000
2015-07-16,824.1171875,830.499849198773,819.5736166173182,826.1726652455102,4427100
2015-07-17,846.4021606445312,846.4021606445312,824.7660871821005,827.1461051801174,3784200
2015-07-21,854.0831909179688,856.0304356248873,844.9960489523489,852.4604869955367,4636500
2015-07-22,846.18603515625,853.9750145007727,841.7506969630158,844.9961050232337,4481700
2015-07-23,858.7349853515625,863.1704028435644,848.133292454542,852.1360152766887,3267000
2015-07-24,844.8876953125,861.0065783865393,842.7241432136983,861.0065783865393,3486900
2015-07-27,836.449462890625,839.4785619753447,822.169673368142,836.449462890625,3258600
2015-07-28,817.734619140625,832.7716490053103,816.3282229255236,822.9272716675483,4809900
2015-07-29,832.879638671875,838.2886770656813,820.4389375230517,825.739742854823,3421800
2015-07-30,841.1015014648438,849.2150205168082,838.2887884489679,841.642349912585,3177600
2015-07-31,845.3206176757812,845.3206176757812,831.4735173354992,841.1015873380134,4700400
2015-08-03,836.0171508789062,843.9142844074272,821.7373548235212,843.8061305454798,2793900
2015-08-04,837.531494140625,838.072342550304,824.8744053103042,830.1752109733482,3464100
2015-08-05,839.802978515625,842.5074572960699,828.5522105072675,836.6657260821526,3228300
2015-08-06,852.6766357421875,863.6028665275851,849.2149208420502,849.3230746721872,5004000
2015-08-07,870.6346435546875,870.8509512236398,846.4022421136559,848.4576403701726,4303200
2015-08-10,906.65869140625,906.65869140625,870.3101278173776,882.7508300154708,10717800
2015-08-11,885.3469848632812,919.5319104580552,876.5843864060566,911.7429340516334,7669200
2015-08-12,889.5661010742188,901.1414130034617,876.9090131713021,888.0515513242171,5622600
2015-08-13,920.3976440429688,923.6430518146293,887.2944847720297,889.5662702121922,6377400
2015-08-14,913.36572265625,923.6428716733164,903.5213474133918,920.397464534619,5688300
2015-08-17,941.6009521484375,953.6089609513004,922.2367385229696,923.7512093333709,6687300
2015-08-18,951.3369750976562,956.2050857489978,939.220814998841,940.6271316647046,5504700
2015-08-19,929.5929565429688,954.7989837720776,916.935866003502,945.6036879964821,7272000
2015-08-20,894.7589111328125,933.7038038915856,893.6771349673757,914.4477444387213,9505200
2015-08-21,840.9931640625,872.0409195277114,840.9931640625,866.3073403643838,10954800
2015-08-24,772.1904907226562,820.2225150442349,772.1904907226562,815.6789451759774,8739600
2015-08-25,757.8026733398438,806.9164818603107,750.5546227897579,757.0454379789643,11531700
2015-08-26,809.9454345703125,817.5180245036048,757.5861487375126,757.8025356156877,12449100
2015-08-27,829.6342163085938,836.5578043420937,813.1908730045695,820.0062279780141,10155900
2015-08-28,845.2122192382812,859.9247852320891,842.0750449873478,859.9247852320891,19480800
2015-08-31,827.7952880859375,833.7451753433419,811.2437100623833,830.7161547959764,9617400
2015-09-01,790.0401611328125,824.00877838185,789.8238535039917,820.114290260313,5637300
2015-09-02,784.306640625,800.4254409775027,772.0822490543425,775.6521964017984,6647700
2015-09-03,822.9271240234375,843.0486489551947,818.0590131528511,818.5998615383104,7137300
2015-09-04,797.1801147460938,834.6105283827521,788.417515827144,823.0352169798634,5337300
2015-09-07,792.7449951171875,800.3175871297649,778.5733542272125,792.4204543275971,5027400
2015-09-08,771.9743041992188,808.1064819333719,769.5942858343221,797.6130239071449,7874700
2015-09-09,817.409912109375,818.8162288048641,746.2272620411741,772.406906284414,11732400
2015-09-10,779.5468139648438,802.913745940476,772.9478456977317,787.1194043976071,7719300
2015-09-11,762.779052734375,771.9744284510246,755.9636957656938,764.7262975825697,14137500
2015-09-14,741.2509765625,771.000567853242,738.6546509002847,768.945090548274,7460400
2015-09-15,743.7392578125,775.5442518535159,735.6257389244857,747.2009730489975,8306400
2015-09-16,736.490966796875,759.317047757751,729.7838454742902,750.6626030949989,5188500
2015-09-17,754.4490966796875,760.0744433189611,737.4647444549257,747.2009670422736,6567300
2015-09-18,715.7205200195312,733.029413142542,706.8497657766568,732.3803316312687,10098600
2015-09-24,702.08984375,715.7205561753175,700.7916806618746,702.08984375,7229100
2015-09-25,730.649169921875,730.649169921875,701.0078164403667,707.0659350923955,7719300
2015-09-28,703.9771728515625,722.3417940558346,697.636952631634,715.5643476378883,6829500
2015-09-29,677.0860595703125,692.3898558239673,672.4949046815386,682.7703198876654,6680400
2015-09-30,698.0740356445312,706.8190371885478,685.8309053815177,691.7338174522449,5370000
2015-10-01,714.6897583007812,726.4955852782616,691.5154105724306,705.070222266186,4701900
2015-10-02,710.5357666015625,716.8759049776178,698.9485150058488,705.7259595205093,3449100
2015-10-05,720.8110961914062,724.9650236458413,708.3493938914638,722.9973864405872,3423600
2015-10-06,725.4025268554688,736.1152490875456,722.7790095793188,731.3054407268062,4518000
2015-10-07,740.0504150390625,742.2366257354136,703.7584047570854,722.5602490879647,4156800
2015-10-08,722.77880859375,735.240512190194,715.5641380905456,731.9611165069192,6066000
2015-10-09,750.5443115234375,752.2932956945734,723.6532695674849,729.1188751260461,5372400
2015-10-13,740.2689819335938,750.9817024850755,738.7386504715113,743.1111518913455,3998700
2015-10-14,729.5563354492188,743.9856780857947,719.0622680771635,740.9248550600252,5371200
2015-10-15,734.365966796875,736.333604171499,717.3131095501337,726.9327234238752,4513200
2015-10-16,759.5078735351562,761.6941635319077,737.4266408023734,745.5157616699825,6670500
2015-10-19,748.5767822265625,763.6620030595576,742.8924427399955,759.0708488929938,3354300
2015-10-20,756.2286987304688,760.1639738322751,749.0140277104903,757.7591101800747,4228200
2015-10-21,770.4392700195312,773.2814394023238,749.2325663631525,752.5119617804652,4482300
2015-10-22,760.6011352539062,773.5001448107338,757.321739614606,763.0060787649732,2559600
2015-10-23,790.3344116210938,797.3304295174993,780.0589978258454,787.055015722251,5541300
2015-10-26,797.7676391601562,821.1606337205293,796.4558809593246,813.0714314609461,5031300
2015-10-27,777.4354858398438,796.8932082703114,776.1237274723205,792.0834009016008,5105100
2015-10-28,777.216796875,783.1197092563291,769.5649001055126,778.3099021096773,4730100
2015-10-29,782.2451782226562,797.1118257664639,772.8442970506842,785.0873479131963,13397100
2015-10-30,785.3060302734375,798.6421868696585,770.8766883367302,780.2775698593038,5678100
2015-11-02,768.253173828125,776.3422970160558,763.4433664809454,771.7511427502769,3907800
2015-11-04,788.3668823242188,802.1403469904488,785.0874859751164,787.0551237845779,5023500
2015-11-05,797.5491943359375,801.9216961258605,787.7110052610698,795.144330360988,3911700
2015-11-06,791.6461181640625,800.6097730130648,788.1480694131335,798.423562599184,4854000
2015-11-09,834.0595703125,843.460530859008,807.8244060556102,808.9175912752256,7629900
2015-11-10,831.2176513671875,834.4970475718669,810.6667417967357,826.1891904777566,5222400
2015-11-11,839.9624633789062,844.9909231239612,825.3145503738305,825.7517764138225,3834000
2015-11-12,834.715576171875,840.1812629098233,829.0313164075071,833.6224708496372,4082400
2015-11-13,834.0595703125,837.1203928513822,823.346931616515,828.593964467893,4725000
2015-11-16,828.593994140625,836.245890635117,813.7273471537538,813.7273471537538,3673500
2015-11-17,827.7196044921875,839.9626570044885,826.4078460064629,836.9019138922592,5424000
2015-11-18,808.698974609375,841.7115844726225,805.8568049991943,837.3390035241335,9365400
2015-11-19,814.6019287109375,825.7518745950647,809.5735484313778,820.2861881601518,6162600
2015-11-20,806.9500732421875,814.8206236827072,798.6422166238304,813.7274383014932,4471200
2015-11-24,801.484375,811.7597890173355,796.018688362671,808.0431669394436,5496300
2015-11-25,787.9296264648438,799.9540259160405,783.5570447886047,797.9863881807481,4473900
2015-11-26,793.6139526367188,807.1687648093836,792.5208471583495,796.8933491352176,3994200
2015-11-27,782.6824340820312,797.5490006073169,780.2774906278669,791.2088625424714,3775200
2015-11-30,759.0708618164062,780.2775685236204,758.6335556556097,779.4031163287798,6535500
2015-12-01,768.9089965820312,773.9373765782238,756.4472930608565,763.6619635204839,5390100
2015-12-02,777.4354858398438,785.9619152287441,769.5649356347049,772.4070253887537,5215500
2015-12-03,782.0265502929688,785.7431718862217,776.9980904195096,782.6824294013879,3289200
2015-12-04,768.9089965820312,771.9697391801436,760.1639147916623,762.5687782570811,4476900
2015-12-07,775.4678344726562,781.5893200364512,770.2208010960459,777.4354719888851,3449700
2015-12-08,768.0343627929688,782.0264757940917,766.2853786915884,779.4029596103411,3820200
2015-12-09,762.56884765625,771.5325833277373,759.2894516943347,766.9414289810558,5475600
2015-12-10,754.9169921875,763.2247690627308,742.0180607116503,752.730701404173,5156700
2015-12-11,754.0424194335938,757.5404684866929,745.0787638102885,745.0787638102885,6975000
2015-12-14,736.7709350585938,736.989508065318,718.6248919516244,727.8072000084712,6466200
2015-12-15,724.7465209960938,739.3945165848638,724.7465209960938,733.7101767700924,4147200
2015-12-16,736.989501953125,745.297357787429,733.7101062457343,734.1474123823009,6251400
2015-12-17,762.7875366210938,774.8120157348436,752.7306951770458,757.7591559307607,6348900
2015-12-18,736.55224609375,780.4961467956924,734.5846087488869,758.1962568872441,6627900
2015-12-21,736.989501953125,740.7062037970821,722.3415878356948,732.6170010310614,3961200
2015-12-22,744.4227905273438,748.3580651909244,736.1150151475739,738.738531589961,2957100
2015-12-24,748.1394653320312,756.6658943760912,745.734601776626,754.2610308206861,2513100
2015-12-25,748.1394653320312,748.1394653320312,748.1394653320312,748.1394653320312,0
2015-12-28,769.127685546875,774.3747193995277,763.2247724626408,768.2532332803547,4434600
2015-12-29,781.5892944335938,788.366739010829,769.1275905723577,770.2207758655919,4241100
2015-12-30,780.4961547851562,789.241236428522,776.560880055147,785.0873086368337,2594700
2016-01-04,760.81982421875,782.4638364594558,757.3217753506426,770.2207855161408,3803100
2016-01-05,745.0787963867188,751.8562417036172,737.8641249428333,750.9817093862614,4884600
2016-01-06,732.6170043945312,754.4796692319647,717.7504371405648,751.8561526540076,5219700
2016-01-07,714.25244140625,735.896454782197,713.1593361053585,729.7748889577729,5181600
2016-01-08,708.7867431640625,722.7788590778013,703.3211366857616,703.3211366857616,5741400
2016-01-12,676.4301147460938,696.5437170503379,675.9928085663325,690.4221511040985,7324500
2016-01-13,690.6408081054688,696.762374086378,682.1143783757716,688.8918235666575,5227800
2016-01-14,679.7095336914062,681.239865182021,662.0007544936512,675.3369521266665,5249700
2016-01-15,668.7781372070312,697.8554335963152,664.6242091287853,695.013263851897,6909900
2016-01-18,671.18310546875,675.3369941631063,653.6930183112651,654.3488975804631,4668900
2016-01-19,670.9644775390625,673.5879945577881,658.2841586257865,666.1547096819633,4337400
2016-01-20,644.1825561523438,674.0250130130282,643.9639031136969,670.0897787292321,4167000
2016-01-21,629.8626708984375,660.2517684330502,629.8626708984375,646.8062442814002,4941900
2016-01-22,672.4947509765625,673.5878561553019,646.9154252680943,661.3447659062799,6486300
2016-01-25,675.3368530273438,684.9564670074777,670.5270860689621,682.1142974137967,3237300
2016-01-26,662.2193603515625,667.6850068542137,650.4135350830204,660.9076019883912,2955300
2016-01-27,688.8917236328125,693.0455713178351,676.6485934470395,679.2721099063668,4080300
2016-01-28,675.5556030273438,686.9242029699669,672.4948599926838,686.0496706471861,3033000
2016-01-29,705.0701293945312,712.7220265916405,657.846827704851,688.454496556666,12336000
2016-02-01,726.495361328125,727.3698934483726,699.8229723258913,712.7219007668845,8524800
2016-02-02,717.094482421875,729.337531807596,712.0660228018224,721.4669829031974,5011500
2016-02-03,689.1104736328125,701.1349538477768,681.0213491810376,695.6692664658132,4935300
2016-02-04,666.8104858398438,681.8956663334753,664.6241953078037,672.2761321065707,4032600
2016-02-05,647.1341552734375,654.8953791047096,638.8263387561213,653.6929472524531,5824200
2016-02-08,650.3042602539062,655.4419675743112,628.113692856243,634.0166059599093,5005800
2016-02-09,603.5181884765625,622.1014190690097,599.3642602029987,618.7126965367212,7017600
2016-02-10,583.5138549804688,615.6519346809469,573.2384011881205,613.3563575594842,6411900
2016-02-12,554.2178955078125,569.7403824537023,546.5659585573,551.9223184258275,11374500
2016-02-15,625.0528564453125,636.0934759277502,585.700105777192,597.9431971067255,8033400
2016-02-16,661.1261596679688,671.6202256944445,613.9028625488281,621.9920251003415,9950100
2016-02-17,627.5669555664062,671.1829145622623,621.8826968712758,656.0976956614398,9018300
2016-02-18,641.3406982421875,649.5391903793883,630.6280151934785,645.8225672983239,6044700
2016-02-19,633.5792846679688,640.6846290713844,628.1136382062405,630.9557679612691,4560600
2016-02-22,649.7576904296875,650.6321827077096,626.1460386378754,628.332289348776,7257300
2016-02-23,652.7092895507812,663.5312989871371,648.7740133921063,652.7092895507812,7228200
2016-02-24,649.6484375,653.2557735991923,622.429446933367,636.4215251257298,8262900
2016-02-25,676.6487426757812,680.5840182326615,650.8508384801306,653.9116217016019,7459200
2016-02-26,676.8673095703125,688.6731347372365,672.9320345146712,684.300633585427,4677000
2016-02-29,671.8389892578125,698.9486109094552,671.4017230908954,686.4869054533891,5530200
2016-03-01,661.7820434570312,680.3653121976288,659.158526931929,670.0898591304167,5656800
2016-03-02,701.7907104492188,711.1916718875763,681.8956823125551,688.017247907692,6841500
2016-03-03,718.6250610351562,731.3054208802187,710.9731625418449,711.191815663388,7425000
2016-03-04,714.6897583007812,723.2161888956282,707.6937393722927,719.4995663497731,4765200
2016-03-07,687.1428833007812,710.5359660651076,680.802743144905,708.3496749484561,7702800
2016-03-08,679.9281616210938,690.6408832372294,663.3125665047103,679.490935454672,6013200
2016-03-09,664.8428344726562,671.620238904161,655.6605265188884,670.5270936610077,4262400
2016-03-10,668.3408813476562,674.8996731175057,658.7213067413144,671.1830111040283,5073900
2016-03-11,669.2153930664062,672.0575229055656,648.5551983895772,655.8791960898099,7474500
2016-03-14,703.1025390625,710.9730898729011,679.2722335321023,684.0820412706973,6870900
2016-03-15,683.4260864257812,707.0377362447142,678.1790531326851,701.5720498766143,5085000
2016-03-16,675.9927978515625,685.8309857895545,673.5879341545128,677.3045562432948,4740300
2016-03-17,666.8104858398438,683.6447307844567,660.0330412348808,681.0212141713579,6557700
2016-03-18,651.1787109375,673.3692769169414,643.7454267740713,662.0007176025761,5353200
2016-03-22,663.5311279296875,674.0251549491084,653.365000473925,659.3771997008307,4090200
2016-03-23,662.0006713867188,682.5515379518979,660.0330339486159,673.58788297722,4608600
2016-03-24,661.3448486328125,668.7781729428232,654.1301774112485,660.0330902288918,4710600
2016-03-25,692.6085815429688,695.4507520312909,655.0048461414797,662.6567450704752,6416700
2016-03-28,696.1065063476562,701.7907662399995,682.1143896164481,693.0456832750717,6337500
2016-03-29,706.5624389648438,718.1308692194507,704.3378003752294,704.3378003752294,5061000
2016-03-30,697.8860473632812,711.6791959136776,697.6636324151851,707.6747491998226,4271100
2016-03-31,697.663818359375,718.1309687505072,697.2188254032274,708.5647607831145,7057500
2016-04-01,665.29443359375,692.7694059502513,663.6259138299007,692.7694059502513,4772100
2016-04-04,674.9718017578125,688.3199996850394,663.0697085068305,668.9651310214648,4951200
2016-04-05,653.6148681640625,683.648267999222,653.0587084258495,675.861827987488,4800300
2016-04-06,650.1665649414062,662.29111504688,645.9396209407457,655.5058283230011,4421100
2016-04-07,638.3755493164062,655.1719922286698,633.481239115462,646.6068984578441,5246100
2016-04-08,646.4957885742188,659.8439463511445,623.6926721268557,627.8083676865227,5913600
2016-04-11,641.2676391601562,646.2731975943691,631.2565222917306,645.7170380134584,3525300
2016-04-12,643.15869140625,650.7226332225264,629.9217423085901,636.5958205980519,4268400
2016-04-13,672.3021850585938,676.9740401781761,649.8328137832126,654.2821724544904,5451600
2016-04-14,702.7805786132812,703.4479865701788,684.3156522960107,688.7650115184294,4798800
2016-04-15,689.2098999023438,701.6682356607233,686.0953566980963,690.767212239815,4141200
2016-04-18,639.1542358398438,654.5046156992369,630.9228455699422,646.9406332493089,9487500
2016-04-19,661.0675659179688,664.8495578307966,651.1676950328981,658.0642301818448,7747200
2016-04-20,655.172119140625,681.4234836458219,652.2799910084104,676.3066760341201,5678400
2016-04-21,673.8595581054688,680.3111409820083,659.8439914811036,677.4190535109853,6403200
2016-04-22,691.6570434570312,700.7782571069242,667.0741599794007,667.0741599794007,5202900
2016-04-25,721.6903076171875,727.0295698647359,701.0006664079373,704.3377053126551,8379000
2016-04-26,707.0073852539062,714.3488713512006,698.553498464446,711.6792400430935,3896400
2016-04-27,700.5556640625,716.1285392299848,690.9895403126335,710.5667806407384,4288500
2016-04-28,660.4000854492188,717.9083695904949,638.9317854480491,713.6815074065483,6571800
2016-05-02,640.7114868164062,641.9350542023662,623.8038361594198,627.8082829520223,4883400
2016-05-06,635.4835205078125,648.4979735641289,627.47462631931,640.8227833001474,4164000
2016-05-09,630.4779663085938,640.4890841183526,624.9162070351659,640.1553801913607,2434500
2016-05-10,658.39794921875,660.8451253048551,629.3657031052014,639.3768224547009,4134600
2016-05-11,648.720458984375,666.4067677941342,646.2732831806773,664.9607038098568,2899200
2016-05-12,656.5067749023438,656.5067749023438,634.1486151215739,637.596861363707,3607500
2016-05-13,633.3700561523438,662.8472500750785,633.0363522239178,656.9517868493258,5614500
2016-05-16,643.3812866210938,651.3901823051738,629.5881749200615,633.0364630291572,3035100
2016-05-17,653.1698608398438,653.5035647808833,637.8194795520249,649.1654135473693,3556200
2016-05-18,662.95849609375,669.4101193300822,649.2766342330654,653.1698741145472,6576300
2016-05-19,671.1898803710938,682.3133180268032,663.8483935947738,678.5313671474137,4407900
2016-05-20,674.9718017578125,691.879453955751,652.3911827533234,657.3967417002798,6427500
2016-05-23,668.2977294921875,677.6414396150126,654.8383646864421,675.1943045968825,4699500
2016-05-24,657.2855224609375,666.073073244854,655.8394991916177,665.1832096379383,3650400
2016-05-25,689.877197265625,697.8860911963604,671.4122745266567,671.4122745266567,6181800
2016-05-26,682.9808349609375,707.2299785456119,680.75615522167,699.6660755791728,5089200
2016-05-27,690.9896240234375,691.8794468466294,679.6436497915741,685.6503612015454,5791200
2016-05-30,696.7738037109375,700.7782508587015,684.9829587105277,700.7782508587015,4117800
2016-05-31,703.44775390625,706.1173848508657,685.4277450300937,690.7670069193251,5342100
2016-06-01,698.553466796875,709.009576593408,691.8793888291639,694.9940128612146,5799300
2016-06-02,675.8616943359375,692.3244348321118,673.1920629438737,687.8749948648824,4934100
2016-06-03,678.7538452148438,679.6437088507049,666.8517510518981,675.6392613863105,4543800
2016-06-06,669.8551025390625,669.8551025390625,657.1743519343614,663.1810232734304,4741800
2016-06-07,687.875,693.436759265214,672.5246601163822,672.5246601163822,5823600
2016-06-08,674.5269775390625,690.7672239768152,663.403498196091,689.6549045572618,6140100
2016-06-09,651.7237548828125,674.7493253318213,647.3856039286514,670.744878297211,5049600
2016-06-10,647.3856811523438,651.6125843924153,636.8184026844915,651.6125843924153,6379200
2016-06-13,618.7985229492188,631.5904836725306,618.7985229492188,630.1444600255837,5861400
2016-06-14,611.9017333984375,622.135347307172,607.897286408587,615.7949729065753,4282200
2016-06-15,626.4735107421875,632.9250927535273,613.125353842392,617.0185526930516,6666900
2016-06-16,608.2310180664062,626.2510303426437,603.7816594760826,623.4701914075272,6109200
2016-06-17,619.9105834960938,627.1408616506255,614.0151616456953,622.6914628428627,4197300
2016-06-20,631.0341796875,642.268865941316,625.0275084900516,633.3701073753966,4505100
2016-06-21,633.592529296875,636.5958647353641,610.789454050428,621.5791875429188,3518400
2016-06-22,636.7071533203125,641.1565530156049,623.6926989285452,628.5870100786242,4122300
2016-06-23,654.3934936523438,655.5058538118783,633.1476875320685,637.5970466995099,3607500
2016-06-24,575.528076171875,659.1765616767128,570.0776053779093,657.0630897091539,8102400
2016-06-27,567.2965087890625,585.0940598981433,551.278725011489,583.5367482073254,7936200
2016-06-28,544.9384765625,557.1742728272611,527.2521696073178,545.0497247758849,10132500
2016-06-29,574.9718627929688,576.4179267131282,555.9507390673743,556.061987287492,9279600
2016-06-30,583.2033081054688,591.9908598134301,582.0909886636957,588.0976602965266,7918800
2016-07-01,582.9808959960938,591.76844836174,578.9764479411692,586.6516400464412,5570100
2016-07-04,582.5358276367188,583.6481876753828,573.080909881778,578.0864689527504,7316400
2016-07-05,573.8595581054688,581.4235416249378,565.1832552189896,576.8628937200192,5310600
2016-07-06,553.1697998046875,561.8461009194842,543.1586831337681,557.1742464730552,8545800
2016-07-07,550.8340454101562,561.9575254463732,548.1644134602922,554.7272858272751,4884900
2016-07-08,540.3778686523438,556.506863518035,539.4879644183425,551.7238013854721,5012700
2016-07-11,540.3778686523438,540.3778686523438,540.3778686523438,540.3778686523438,0
2016-07-12,597.330078125,606.1176291656228,579.4213128248407,590.544750809936,6154200
2016-07-13,599.7772827148438,628.3645759183034,591.100979489206,626.8073043024075,8097000
2016-07-14,599.9996948242188,606.7850219703863,588.876216380657,605.6726619054266,7111200
2016-07-15,620.6893310546875,634.704896594632,606.2288133477251,609.5658527619977,8486100
2016-07-19,617.0185546875,619.2432339328763,605.3389173624256,610.5669319199638,8105700
2016-07-20,623.2476806640625,625.1386967201404,611.3455876417695,616.2398982729724,6264000
2016-07-21,643.8259887695312,647.6079386611036,634.0373287127147,641.7125174287107,7227000
2016-07-22,642.380126953125,647.941846075569,628.4758087793418,628.9207202385153,4922400
2016-07-25,650.9450073242188,660.5112121635477,642.3799548381553,653.5034308380406,5490000
2016-07-26,640.7114868164062,646.3844531059266,628.6981464385987,642.2687581017498,5214600
2016-07-27,642.7138061523438,656.2844198412172,615.4613305464162,644.7160298475223,5407500
2016-07-28,638.8207397460938,643.4925960057213,632.257866891143,639.5993552991291,3869400
2016-07-29,668.74267578125,670.522443653194,629.0319081076129,642.1576096005961,5620800
2016-08-01,658.39794921875,663.9596686122445,645.6059498048288,657.7305412621167,4859700
2016-08-02,641.2676391601562,652.6135716110388,636.4845771465788,638.7092562055605,4808400
2016-08-03,630.144287109375,644.8272604732024,627.9195670185655,630.144287109375,5569200
2016-08-04,650.3890380859375,654.1710299942863,626.6960561956853,630.4780481040341,5584200
2016-08-05,644.048583984375,657.6191968733011,642.6025200446499,650.7226625748867,3113700
2016-08-08,672.3021850585938,679.4212159621195,657.7304600497729,661.7349072951292,3973800
2016-08-09,672.9696655273438,678.0864733601513,664.1821547256711,672.3022575811232,3671400
2016-08-10,663.9595947265625,670.522466060037,656.5069005303952,663.5146832952162,5138400
2016-08-12,677.1966552734375,688.5425503877725,672.3023028480447,677.4191110253731,5757600
2016-08-15,640.1552734375,666.406631071346,637.3743942645324,650.5000934491233,7145100
2016-08-16,620.6893310546875,646.3845345445859,620.021923171833,643.2699508461501,4731300
2016-08-17,640.044189453125,641.712709237935,626.9184869008374,627.4746873193382,6414300
2016-08-18,627.4744873046875,648.9427412024281,627.2519909140719,646.3843585930152,4447800
2016-08-19,637.4857177734375,642.9361878256791,618.5758023399518,626.0285365921144,4104900
2016-08-22,634.0375366210938,646.4958316208697,625.6949374550268,645.0497675203022,3562200
2016-08-23,612.1242065429688,630.0329690988649,607.5635593767088,630.0329690988649,4337700
2016-08-24,628.0307006835938,628.2531563579585,616.4623131159016,618.2420399814931,3870300
2016-08-25,641.8239135742188,644.4935450473381,626.2510361574604,630.4779798134616,6267000
2016-08-26,620.3556518554688,631.5903380864879,613.1254130812896,631.4791305918064,5598000
2016-08-29,648.164306640625,652.1687539634735,637.3745322200572,640.7115716557643,2951100
2016-08-30,650.8339233398438,653.3923066037325,644.3823003328945,644.8272524926184,2706300
2016-08-31,656.840576171875,666.073037901684,654.6158561696169,661.9573425593148,4043400
2016-09-01,647.1631469726562,655.3944967271707,641.8238842701945,654.504633188541,6610500
2016-09-02,662.847412109375,663.9597316524747,649.4992517093564,652.057635540909,5157900
2016-09-05,663.5147094726562,688.5424653133701,662.513597609614,686.0953301383861,3947100
2016-09-06,667.2965698242188,671.1898092530066,662.9584190069652,663.514619345558,3079800
2016-09-07,657.5079956054688,661.9573542176614,643.8261343655223,656.7293395174305,5496000
2016-09-08,650.8339233398438,657.84170599494,644.6047560450846,657.396753835216,3740700
2016-09-09,641.8239135742188,654.6158705593532,640.2666013913368,650.7226715728353,5913600
2016-09-12,640.2665405273438,641.2676522345974,629.6992638625571,631.8127354896503,4611000
2016-09-13,629.4768676757812,645.049704348902,627.8083480059703,642.936232522027,4129500
2016-09-14,637.8193359375,641.7125341279016,626.0284524305478,635.0384568098787,7113300
2016-09-15,633.3700561523438,636.8183436578589,624.0263461564188,630.9228804321062,4080300
2016-09-16,651.2788696289062,652.836181903635,637.9307114760655,639.5992312451706,5467500
2016-09-20,647.2744140625,657.0630768302256,643.1587591739054,645.38343859302,4557300
2016-09-21,680.3110961914062,684.5379992531238,632.9251359621783,640.3778709851296,8152200
2016-09-23,680.3110961914062,682.9807277536162,666.073074771401,678.0864168013461,6845700
2016-09-26,664.2933349609375,682.5358452324466,661.846199748802,680.5336214759649,3595500
2016-09-27,672.3021850585938,672.3021850585938,641.2677189070823,654.7271246157557,4917300
2016-09-28,646.2879028320312,663.0276106645704,639.9539783589456,661.3310200538626,6922200
2016-09-29,648.6629638671875,659.860459035406,648.4367656504734,657.0328363541738,4757700
2016-09-30,631.0185546875,637.9180366209633,618.2375865549974,627.2860555370582,5305500
2016-10-03,630.5661010742188,635.8820704245624,626.6073625986752,634.524798129099,3215700
2016-10-04,630.6791381835938,635.7689089582659,625.4762890054805,630.4529399560507,3667500
2016-10-05,634.8640747070312,636.3344667378966,622.5355050221707,635.0902729346026,8396700
2016-10-06,653.0741577148438,664.4978935592551,643.1208553850938,645.0436439536601,7766400
2016-10-07,658.0509033203125,668.230446128186,651.4907397039054,651.4907397039054,4980600
2016-10-11,660.0867919921875,666.873153659617,657.5984455739085,659.747473908816,3828900
2016-10-12,652.3955688476562,660.1998849369703,650.2465818861148,650.8120982306259,5450400
2016-10-13,658.7295532226562,667.2125057391711,653.1873437716444,656.1280868371473,7236600
2016-10-14,673.0939331054688,676.3740354059285,663.3668288759823,668.7959180125632,7077000
2016-10-17,676.3740844726562,684.7439170251768,672.0760276472905,673.0939819342457,4847700
2016-10-18,673.2070922851562,675.8085171749342,661.5571573584137,674.3381663949432,4311900
2016-10-19,666.9862060546875,671.8497788668401,662.2357530728008,666.4206897446838,4506900
2016-10-20,672.8677978515625,673.9988720011166,657.8246814872256,664.1586470199289,4430400
2016-10-21,670.37939453125,680.6720565849355,668.2304076759139,678.0706318239513,3847800
2016-10-24,670.2664184570312,677.0527809745824,664.1586921912352,672.1892073634475,2742900
2016-10-25,678.6361083984375,684.7438333740234,673.20701953125,678.0705921149925,4227300
2016-10-26,680.4459228515625,681.5769555919145,672.0760486172215,679.5410469544803,3336600
2016-10-27,681.576904296875,684.065250695579,675.0167823504091,681.3507060499617,2682900
2016-10-28,691.9827270507812,695.6021063174138,684.0652908955641,685.4225632981346,6181500
2016-10-31,706.2339477539062,708.0436992668292,686.5535420711116,686.7797402998965,6644100
2016-11-01,713.92529296875,726.593141275837,707.1389308682866,720.48541538542,6159600
2016-11-02,698.0903930664062,704.6505980670404,691.7564691613553,700.3525412915902,4506000
2016-11-04,673.9987182617188,685.6486095200479,668.7958280653512,684.2913374184438,6891600
2016-11-07,680.6719970703125,689.720464447478,680.2195592042233,685.4224496919398,4543200
2016-11-08,687.4584350585938,692.6613261298279,684.7438903989349,687.6846333066771,2649600
2016-11-09,647.07958984375,704.1981066926712,637.5786834380735,692.2088952707131,6876900
2016-11-10,711.6630859375,717.5446545001861,695.3758182402045,708.9485413212841,8101200
2016-11-11,727.72412109375,748.5356000389319,724.5570974767979,743.3327510129661,7213500
2016-11-14,749.6666870117188,751.9288350679363,731.5697510859525,735.6415678823492,5939700
2016-11-15,750.7979125976562,755.0958868412323,742.4280381190375,748.7620039008034,5370300
2016-11-16,770.2520751953125,770.9307113849119,758.9414996490999,761.2035650535433,5667900
2016-11-17,767.5374755859375,770.0257804895348,750.3453323975876,756.6792973283115,5954700
2016-11-18,757.3579711914062,785.1820543624167,754.4171868197179,775.9073875858566,5977200
2016-11-21,788.5753784179688,795.3617413991905,773.6453798592809,786.9918661085686,7097100
2016-11-22,794.9091796875,798.5285172980755,784.7296373302668,788.5752146070012,5796600
2016-11-24,803.052978515625,811.6490106579757,800.5645902007603,808.9344654718287,3866700
2016-11-25,807.3507080078125,811.8750038384499,795.3614980233946,799.2070749222487,5036700
2016-11-28,808.7080688476562,810.5178205148427,791.2897682299555,796.2664610527252,4662300
2016-11-29,801.2430419921875,806.4459742951013,795.5877960508648,796.7188286708641,5752200
2016-11-30,802.8264770507812,804.183749201332,793.0993323580615,801.4692049002306,9569100
2016-12-01,828.841064453125,836.30606287444,808.4819778495385,814.3634641434627,7098900
2016-12-02,830.6506958007812,834.0438767476799,824.0905735838878,824.5429700963638,5313000
2016-12-05,820.2448120117188,826.1263801543969,816.3992350271382,822.054563520845,6113700
2016-12-06,828.3885498046875,839.9253650554634,826.5788809085391,828.1623929685013,8075100
2016-12-07,831.3291015625,834.7222815688775,823.6378659342746,833.8174059534073,6491700
2016-12-08,850.5571899414062,856.8910710290703,840.8300458435693,856.6649142453547,5706000
2016-12-09,854.4027709960938,859.3794628836043,843.0921979877296,843.3183547726302,6892200
2016-12-12,860.0582275390625,876.7978913493987,850.331081935601,856.6650468449859,5438100
2016-12-13,858.4746704101562,863.6775195867472,844.9019483483356,861.8678509256114,5027700
2016-12-14,858.4746704101562,863.6775195867472,853.724217688519,859.3795461613847,3943500
2016-12-15,857.3436279296875,874.7619267603271,854.62908354874,867.5231693582406,5273400
2016-12-16,834.2701416015625,842.1875364361501,825.9002673995122,841.5089002262902,8452800
2016-12-19,837.4368286132812,841.5086446357121,823.8641085385117,827.7096849459267,5546100
2016-12-20,831.1030883789062,845.1282914539146,824.9953627034021,840.3778381507447,4426500
2016-12-21,834.722412109375,839.925261319047,828.8409267922968,831.5554712219208,5910000
2016-12-22,827.0313110351562,846.9380010671804,822.9594937223333,843.0924234410704,7161300
2016-12-26,831.5556640625,832.4604571879847,823.6381857457922,827.0313670697124,3914100
2016-12-27,829.7457885742188,836.5321502115252,818.435213459151,823.1856666052655,3235200
2016-12-28,827.4837036132812,830.1982482037662,818.661433694205,823.4118867275538,3361500
2016-12-29,822.7332763671875,827.2574898793579,815.7206750081937,825.6739778715,3317100
2016-12-30,819.7925415039062,820.69741739749,807.5770897265302,809.8392380398224,2628900
2017-01-04,848.7477416992188,852.1409230797344,836.9847681409924,838.1158009873835,4312200
2017-01-05,853.4979858398438,854.4028615993411,847.3902608562107,847.3902608562107,3645900
2017-01-06,843.9971923828125,844.4496717433062,828.1624029575237,828.1624029575237,3092700
2017-01-10,824.995361328125,843.7710176750039,824.995361328125,843.7710176750039,4032000
2017-01-11,839.92529296875,845.5806216906756,836.0797158289826,836.5321123038597,4338300
2017-01-12,829.5195922851562,835.1748381529936,823.8642635759943,834.9486813367279,6349800
2017-01-13,838.115478515625,838.115478515625,825.4476338495368,825.4476338495368,4663200
2017-01-16,832.4602661132812,841.2825355304973,829.9719613273276,834.2700176315401,4826400
2017-01-17,829.971923828125,837.6631603299207,827.2573795147051,832.4602285016539,6135000
2017-01-18,836.0797119140625,838.5680167762223,820.018684455895,823.411865104897,5535000
2017-01-19,837.8894653320312,852.5933048580415,835.8535567368605,850.3311565829631,4205700
2017-01-20,858.7010498046875,863.9038998279985,834.9487823310191,834.9487823310191,3911100
2017-01-23,839.92529296875,845.8068613487765,835.4010796960044,839.6991361519739,3697500
2017-01-24,833.5914916992188,840.1516140063306,830.1983107056552,832.9128555005061,5065800
2017-01-25,845.354248046875,853.7241199741172,841.9610679197918,853.4978803518744,3433200
2017-01-26,871.1423950195312,877.2501190940832,855.986246062072,856.891038845577,4328700
2017-01-27,877.2503051757812,888.1084836115468,873.40472792689,880.643485936958,2829300
2017-01-30,867.7493896484375,869.7852980830986,861.4155075237094,869.3329016002826,2363700
2017-01-31,858.4746704101562,867.523179398477,855.5338863496547,859.605702968201,3402300
2017-02-01,862.0941162109375,864.5824210491621,844.4495770058526,846.9378818440772,2787000
2017-02-02,856.4388427734375,864.5824767776224,852.8194222689124,863.903840610607,4083300
2017-02-03,855.3077392578125,863.677529396789,854.402863496306,854.402863496306,4561200
2017-02-06,856.2125244140625,868.6542139463386,854.8552522047713,866.8445452810574,4167000
2017-02-07,853.4979858398438,855.7601338179263,841.5087755227825,846.0329886376255,3882600
2017-02-08,857.796142578125,862.0941993873095,854.6292013110758,859.6058114676772,4812900
2017-02-09,850.5571899414062,853.9503701102666,847.6164061812898,851.9144620089504,5619600
2017-02-10,865.034912109375,868.6543327763876,856.4388812217196,866.3921845043382,6175200
2017-02-13,862.3202514648438,881.5483020906015,859.3795502317352,874.309544570452,5032800
2017-02-14,855.986328125,878.1550789071314,854.4028163400915,878.1550789071314,6653400
2017-02-15,890.3706665039062,909.3724795085627,881.5483961803156,882.2270323590534,8477100
2017-02-16,881.7745361328125,890.3705658109125,872.0473910571818,887.429781755182,8387100
2017-02-17,876.3453979492188,880.417214331779,869.3327976765931,878.8337025692334,4286400
2017-02-20,869.7854614257812,872.7262462196695,865.939883496344,871.5952133795626,4284300
2017-02-21,883.1318359375,883.5842324058585,867.5232051039096,869.7852702870257,4563900
2017-02-22,877.2503051757812,884.2629063626556,874.5357605668399,883.1318737227057,4470900
2017-02-23,883.1318359375,884.2628685290581,871.368782188266,879.28617601182,5108400
2017-02-24,872.9522705078125,879.9647883638916,868.6542142298805,872.2736344029455,5064300
2017-02-27,852.5932006835938,862.0941063001849,846.7116324552983,860.2843547647143,5907600
2017-02-28,859.379638671875,871.142610497499,857.7961266470937,859.379638671875,5760000
2017-03-01,870.9164428710938,872.0474755368724,856.8912401770597,865.2611138595427,3173100
2017-03-02,873.6310424804688,890.3707080567826,871.1426544814125,889.0134356359644,5643900
2017-03-03,874.3095092773438,875.6667814351655,868.2017845671454,875.4405417950892,3848400
2017-03-06,855.7601928710938,866.3921317032448,855.0815567149707,866.3921317032448,5631900
2017-03-07,865.2610473632812,865.9396834788603,859.3795619753705,860.2843549019274,5193900
2017-03-08,859.6058349609375,864.1301315704656,856.2126539244583,859.832074643814,3871200
2017-03-09,854.8552856445312,866.6183395323025,851.0097085148843,862.0941262714633,4431300
2017-03-10,876.1192016601562,877.702713501046,865.9396602001235,868.2018081383487,7281300
2017-03-13,880.869873046875,882.0009058761441,869.7854530912105,872.0476015910897,2878500
2017-03-14,878.6077270507812,888.7872710672348,876.5718182474906,877.4766942182891,3411300
2017-03-15,884.941650390625,886.0726831684495,873.178594704169,873.178594704169,2785800
2017-03-16,880.6436157226562,883.8106401273825,870.9165513346322,875.6670051003823,4041000
2017-03-17,880.1909790039062,884.0365557702589,875.44052653434,877.4764347355826,4041600
2017-03-21,875.2144165039062,881.3221420120938,870.2378065025654,875.2144165039062,3831600
2017-03-22,832.91259765625,854.176470072382,832.6863580462717,849.8784973719443,5019300
2017-03-23,834.722412109375,834.9486517589509,823.185598283473,826.3525391709271,3746100
2017-03-24,843.318603515625,847.1642640889987,828.1624494390873,832.6866634086203,2674500
2017-03-27,826.12646484375,833.8176196013608,800.5644470184455,828.1623733692346,3841500
2017-03-28,836.9846801757812,841.5088939272034,830.8769543327612,837.6633163805612,4000200
2017-03-29,842.5186157226562,854.9696297481141,839.7517237169989,851.0498942197139,3288900
2017-03-30,830.528564453125,841.3656123759293,830.0674440193898,836.9846727195514,3206700
2017-03-31,816.23291015625,842.2877743398234,816.0023077415713,836.062269092869,6035100
2017-04-03,823.6114501953125,831.4510052910921,817.1554254706363,826.6089445281656,5806200
2017-04-04,814.618896484375,821.3056068426718,808.8545958236921,817.1552698363452,5665500
2017-04-05,812.082275390625,816.4632130293413,804.0122071034203,810.2377100663808,4419000
2017-04-06,798.9398803710938,810.2380482397876,795.9423865841774,806.3182291863994,4057200
2017-04-07,807.0098266601562,815.3104994524509,799.1703586488625,808.3932721255387,5699100
2017-04-10,813.9270629882812,818.0773994303271,808.623883458604,813.9270629882812,5052900
2017-04-11,827.531005859375,828.2227286047467,808.854491734337,809.0850096902531,5978100
2017-04-12,813.4659423828125,818.7691219108065,808.8544855949399,818.0773991706851,3824700
2017-04-13,801.47607421875,802.8595197349151,795.9422921540893,797.786942468185,4247100
2017-04-14,801.47607421875,806.318133525328,792.9448831616069,800.0926287025848,3340800
2017-04-17,803.7821044921875,804.0127069656312,789.4865243543265,794.5591032593647,2459400
2017-04-18,803.0902099609375,817.8469918934592,800.7844390355622,812.3132092236164,2894100
2017-04-19,791.3309326171875,797.0953177901024,787.8723184012033,794.0978239899748,5435100
2017-04-20,801.24560546875,807.4711106738455,792.2532090613897,793.1754498362657,5288100
2017-04-21,809.5462646484375,816.2328901218071,802.6290367660494,810.9297102249152,4933800
2017-04-24,810.238037109375,824.0724937222908,808.3933866017715,823.150168468489,4291500
2017-04-25,831.2203369140625,833.987228559201,810.0075291142786,810.2381315643173,4336500
2017-04-26,838.1373901367188,838.1373901367186,828.2227534481973,832.8342104093975,4949700
2017-04-27,839.982177734375,841.8267439325143,827.9922863493998,828.9146116678835,5565000
2017-04-28,837.4458618164062,846.6688623191014,832.6038013292872,841.3656813604395,4510500
2017-05-01,848.7438354492188,850.1272809837733,835.1399825057038,840.4431622418914,2930100
2017-05-02,848.7438354492188,853.3552924181291,843.2100533110005,851.2801241162973,4647000
2017-05-08,871.1096801757812,873.4153667419645,868.1121863131526,873.4153667419645,5926500
2017-05-09,866.2674560546875,875.7209718382142,863.7310830980562,874.1069239966132,5869200
2017-05-10,860.0419921875,866.4980149815943,853.3552825552271,866.0368946216771,4982100
2017-05-11,860.5030517578125,869.4954469932237,858.1972812434892,866.7285561515588,5319000
2017-05-12,857.0446166992188,864.8841705295866,851.7414362944897,859.3503876937564,3899700
2017-05-15,857.9669189453125,859.1197621922108,847.1298715569418,848.9745220785663,3120300
2017-05-16,847.3602294921875,862.1170072132836,844.1322186689596,862.1170072132836,5406000
2017-05-17,836.0621948242188,841.8265791685759,834.9093517308719,838.3679654497239,4905900
2017-05-18,814.388427734375,820.383331181896,810.6992109149934,816.232993924652,4833600
2017-05-19,855.8917846679688,859.8115194152464,819.4609908941605,820.3833161918602,9621300
2017-05-22,886.0969848632812,886.0969848632812,874.7988166549969,876.1822623768757,8073000
2017-05-23,878.4879760742188,885.1746018140745,875.0293619951864,885.1746018140745,5608200
2017-05-24,881.946533203125,887.4803153722427,876.4127510340074,887.2497129689245,5273700
2017-05-25,884.9442138671875,888.4028284544239,876.8740568710805,881.9467197453049,5148900
2017-05-26,889.7860717773438,897.625540098291,886.7885783376795,888.8637466177208,6597300
2017-05-29,886.5581665039062,890.2473834965822,879.1798169573862,888.8639376791826,5187300
2017-05-30,888.8638916015625,894.167072147073,884.4829519272894,890.9390602200875,6108000
2017-05-31,895.7811889648438,900.8538519006266,882.407850918962,886.3276704579534,17029200
2017-06-01,911.4598999023438,919.0688494661192,906.1567207768898,906.1567207768898,8655300
2017-06-02,922.7582397460938,926.4474562571692,910.0766265958134,911.229554252361,7864200
2017-06-05,920.6830444335938,922.5276104159133,914.9186596354702,917.6855508283586,4870800
2017-06-06,922.2972412109375,939.129109056813,922.2972412109375,923.4500845809911,7044600
2017-06-07,907.0791015625,915.3797743238076,901.5453197216283,906.6178967832208,6355200
2017-06-08,909.6155395507812,922.0665507385487,908.9238167070165,910.0766599670167,6252000
2017-06-09,906.8486938476562,917.4551394658347,902.9289590151858,911.6907539978727,5961600
2017-06-12,914.68798828125,926.4472738791537,911.2293748701019,911.2293748701019,4832100
2017-06-13,917.9163208007812,923.6807066511584,908.0015974034525,910.5379710858118,3180300
2017-06-14,905.9261474609375,911.9211339051141,901.7758112021108,910.998808812439,5454900
2017-06-15,901.084228515625,910.3072275591544,889.5555430403286,898.3173372464482,6045900
2017-06-16,898.3172607421875,912.1517159098743,894.3975265909473,907.5402590002498,8368200
2017-06-19,897.1643676757812,907.5402084738821,893.9363564626417,897.8560903956546,5626200
2017-06-20,900.6231689453125,918.838565843938,900.3925665110327,907.3097951511656,5905800
2017-06-21,899.4701538085938,904.3122129316158,891.6306013679072,900.6229968820909,5003100
2017-06-22,875.029296875,897.6255456967788,872.7235261809684,896.7033049702173,6486900
2017-06-23,872.7235107421875,877.1044496517029,869.7261017756671,871.5706676349729,5115300
2017-06-26,869.034423828125,873.1847605546502,866.7286530560054,868.573219010411,4833300
2017-06-27,872.0316772460938,876.8737358958134,869.4953889567936,870.1871116210393,2794800
2017-06-28,871.1096801757812,884.252414470562,868.342788745301,878.0269087519816,4298400
2017-06-29,875.029296875,880.7936813906718,872.2624058176877,880.3324765885772,3305700
2017-06-30,870.1873168945312,872.2624853767917,862.3477633708292,864.6535342751702,5378700
2017-07-03,867.1896362304688,869.7260090101472,862.1170595487188,863.2699025329704,3942300
2017-07-04,871.1096801757812,878.9491496029248,867.651065887681,877.5657038876848,4245000
2017-07-05,872.4929809570312,872.4929809570312,861.6559350286274,870.648330683918,4569300
2017-07-06,881.946533203125,884.0217015165442,867.6509574125095,871.5706916360294,6715800
2017-07-07,892.0918579101562,900.8537368106512,877.3351603366899,877.5656783232978,7091700
2017-07-10,889.7860717773438,899.4701904175367,881.9465190175829,899.0089856183185,5497200
2017-07-11,896.9339599609375,898.5480081372261,888.1721650871427,891.8613818734481,5617500
2017-07-12,898.3172607421875,900.8536338154723,890.0165876415755,896.9338152254188,5736000
2017-07-13,892.3223876953125,907.3096864741556,887.4803282271984,901.7759042248823,4973400
2017-07-14,892.7835083007812,897.395049802246,890.247219582147,895.3198814582317,3403800
2017-07-17,892.7835083007812,892.7835083007812,892.7835083007812,892.7835083007812,0
2017-07-18,902.9288940429688,903.6206168717966,892.3224491880002,892.5530516105501,5665200
2017-07-19,905.6957397460938,909.846076510044,898.7785118061765,901.5454029821434,5306400
2017-07-20,910.9989624023438,914.6881789562201,904.081734138089,909.3849143277438,4483200
2017-07-21,908.9237670898438,910.0766102869114,900.6230934177903,909.1543695047849,5577300
2017-07-24,895.5505981445312,903.1595504276406,884.9442361030566,902.9290324085879,4793400
2017-07-25,895.5505981445312,905.9264421669532,893.9366342558222,905.234719232125,4016700
2017-07-26,899.0090942382812,906.3875275291135,897.395130562456,904.0817565708754,3220800
2017-07-27,895.0892333984375,902.4675812101138,892.5529448091639,897.8561243826676,4457100
2017-07-28,894.6282958984375,897.3951874481864,889.0945127989396,891.1696814612512,13784700
2017-07-31,892.7835083007812,898.3172905514862,887.2497260500764,891.1695447702031,4281900
2017-08-01,900.1619262695312,900.1619262695312,890.4778074884921,896.011589649086,5467200
2017-08-02,901.3150024414062,911.9214491377758,899.4704360572345,909.1545573420999,3483900
2017-08-03,903.3900756835938,905.4652443107383,894.1670758611199,903.8511961211277,3562500
2017-08-04,894.6282958984375,898.0869103356237,888.8639103568509,897.8563078935349,4456500
2017-08-07,888.4026489257812,899.7007313350791,886.0968781872967,899.2396109629085,4462800
2017-08-08,891.6306762695312,891.6306762695314,877.7962204701593,889.5555078996255,4907100
2017-08-09,878.718505859375,892.3223586328292,871.801278273074,887.2496969232707,5087700
2017-08-10,878.718505859375,896.4726951846097,871.5706758739261,896.4726951846097,5668200
2017-08-11,878.718505859375,878.718505859375,878.718505859375,878.718505859375,0
2017-08-14,865.8062744140625,873.1847066538554,862.5782630834104,871.1095384186909,5884800
2017-08-15,881.946533203125,886.788592601103,870.8789688648898,873.4152575461304,4960800
2017-08-16,876.6433715820312,890.4778272911699,876.41276917394,881.9465514575955,3846000
2017-08-17,870.6483764648438,873.6458699871603,864.6534738590265,869.7261357186046,2717700
2017-08-18,863.2700805664062,865.1146466093771,852.4331178508687,857.9669004186021,5097000
2017-08-21,863.2700805664062,866.4980922513105,859.3503460605355,866.4980922513105,2505600
2017-08-22,862.5782470703125,864.6534152669532,856.5833448707316,862.5782470703125,3398100
2017-08-23,861.1948852539062,872.4930524570575,859.119716855704,870.1872816461157,2968800
2017-08-24,852.6636352539062,861.8866343401494,851.9719124334085,857.0445745966654,3556200
2017-08-25,849.8966064453125,856.1221108224076,849.666088501662,853.8164247530586,3309000
2017-08-28,845.9769287109375,854.5082041622792,840.4431466752159,852.6635538578302,2647500
2017-08-29,836.0621948242188,839.9820133314586,833.2953038491371,834.9093517308719,4637700
2017-08-30,835.6011962890625,840.6738586291449,833.7566301830434,836.2929191336726,3354900
2017-08-31,836.75390625,843.6711335941412,835.8316655633215,838.8290744532424,4292700
2017-09-01,836.2929077148438,839.5209194660076,828.9145589526881,838.5986786450023,3300000
2017-09-04,834.2176513671875,842.979444877067,831.4507603178768,834.6787717291347,2919000
2017-09-05,827.9920654296875,832.1424015972548,825.9168973459037,830.0672335134711,2925000
2017-09-06,818.5388793945312,821.0751688154995,809.3158782764401,818.5388793945312,4162200
2017-09-07,813.4659423828125,825.4558313578544,813.235339989835,821.7666152642697,5920200
2017-09-08,801.9373168945312,812.0825563459941,795.0200889869844,797.3257753302885,8788200
2017-09-11,808.1627197265625,817.3856328101194,807.4709970233554,812.3130559458051,4205700
2017-09-12,825.2252807617188,830.7590630300286,819.6914984934089,820.8443416530346,4605300
2017-09-13,828.2228393554688,835.1400677341646,826.14767084186,827.300514092035,3993900
2017-09-14,821.3057250976562,829.1451953902617,818.999953838095,823.3808938996109,4330200
2017-09-15,827.9920654296875,831.2200765248602,818.5385500831636,820.8442361059418,7431600
2017-09-18,827.9920654296875,827.9920654296874,827.9920654296874,827.9920654296874,0
2017-09-19,841.59619140625,844.593685539975,834.6789622044483,841.5961914062499,7863900
2017-09-20,849.666259765625,852.8942715766558,839.5209350358296,839.5209350358296,5734200
2017-09-21,851.9719848632812,868.8039364059572,851.5108644233545,863.2701533715243,5892300
2017-09-22,854.9693603515625,856.1222035110503,845.2852413831791,851.9718668103146,4905600
2017-09-25,851.5106201171875,861.6558579566104,848.7437293938173,860.0418946605135,3133500
2017-09-26,847.3602294921875,854.5080582137618,845.285061583227,853.355130860696,4552200
2017-09-27,844.7783813476562,849.2382015511512,840.5533156682974,849.2382015511512,4062000
2017-09-28,848.5342407226562,858.1579752423766,845.7175295501329,856.2801964470955,4057800
2017-09-29,850.4119262695312,853.2286371331998,842.4313027952662,846.4216145323987,4555500
2017-10-02,852.759033203125,855.1063204116559,849.9423229365581,853.4632107697668,3441600
2017-10-03,866.6079711914062,867.7816579664444,856.9842381993927,857.6884158807399,4832400
2017-10-04,868.9552001953125,873.4150205295491,864.9648889231117,868.7204456642947,4771200
2017-10-05,856.0452270507812,866.3732227311741,854.4022032519046,866.3732227311741,3715200
2017-10-06,869.6593627929688,872.006650185012,861.4439858595912,863.0870096707573,4148100
2017-10-09,869.6593627929688,869.6593627929688,869.6593627929688,869.6593627929688,0
2017-10-10,836.0936889648438,848.2993785245809,825.5310234078448,846.6563545218427,10308900
2017-10-11,849.7075805664062,850.6465126550669,838.4407393391868,838.9102483631056,5761500
2017-10-12,841.7269897460938,847.8298336497596,836.7977465271998,845.4825463210358,4606200
2017-10-13,841.9616088867188,847.1256063231267,834.9198332730602,836.5629429026388,6803400
2017-10-16,849.7075805664062,858.3924659987802,845.7172696181583,846.4214471948595,5068500
2017-10-17,856.0452270507812,859.0966920416947,853.4632711102738,853.6980256354769,4017000
2017-10-18,866.8428344726562,877.640255594107,863.5567002005627,869.6595455513651,5187900
2017-10-19,875.5274658203125,876.2316433837178,866.8425805519222,872.2412465516377,4459500
2017-10-20,887.0291137695312,888.672223660212,874.3539156507643,875.762270997294,5370900
2017-10-23,890.0804443359375,894.070755227634,885.8553789356088,891.9582225274696,3771000
2017-10-24,895.714111328125,895.9488659013508,887.0292236291622,891.2542901920307,3715500
2017-10-25,900.4085693359375,909.0934567287301,897.1224352226197,902.0516793721946,4955100
2017-10-26,908.858642578125,910.0323293667303,898.2959772358204,900.4085103042813,4449900
2017-10-27,910.9711303710938,921.2991266097258,907.9197511744316,920.5949489552366,4899600
2017-10-30,905.1029663085938,910.501632563749,902.9904335184226,904.1640341932357,8614800
2017-10-31,900.1738891601562,906.0419795757151,892.1931796055941,895.4793136766749,5048400
2017-11-01,899.9390258789062,904.3988462616755,895.7139600297095,902.5209819114649,5849100
2017-11-02,893.1320190429688,898.0612626167369,889.6111307759913,896.6529073099459,5646300
2017-11-03,893.1320190429688,893.1320190429686,893.1320190429686,893.1320190429686,0
2017-11-06,897.8265380859375,905.8072470775422,892.8972943474265,900.408494248285,4379700
2017-11-07,900.8780517578125,902.9905849021436,890.3153860361571,895.9488077543733,3481500
2017-11-08,895.714111328125,895.9488659013508,888.2029105360918,895.2446881408727,3570000
2017-11-09,903.2251586914062,921.0643542462816,893.1320031451874,896.4181368161442,5865300
2017-11-10,888.4373168945312,898.0611340863675,883.7428285301647,889.6110034550034,3815400
2017-11-13,879.5178833007812,886.3249052523959,878.5789511160399,883.7429491933391,3899400
2017-11-14,880.6915893554688,885.1514103172127,877.6402098188194,878.8138107206694,3187800
2017-11-15,868.7205200195312,878.8137622886235,863.7912761605405,876.2318060631683,4133700
2017-11-16,873.649658203125,877.4053007706665,861.9133933734315,866.1384590272229,4929300
2017-11-17,869.4248046875,885.3862250247248,859.5663157565324,876.701337075329,6495300
2017-11-20,821.5405883789062,839.1450301724484,814.2641430770344,831.3990757832898,12036000
2017-11-21,818.2545776367188,826.4699563896428,816.1420443037496,824.3574230566736,8549100
2017-11-22,810.9779663085938,820.3670310827771,810.7432977116944,815.6725416752819,9587700
2017-11-23,810.9779663085938,810.9779663085938,810.9779663085938,810.9779663085938,0
2017-11-24,811.681884765625,813.7944172181317,805.344287408105,809.8041067942298,5481000
2017-11-27,816.1420288085938,823.418561025959,813.0905631769502,813.7947409412373,5630700
2017-11-28,809.8043212890625,815.9071657819463,804.1708999235734,813.3252096424933,5768400
2017-11-29,839.8491821289062,842.9006472660838,818.7238526234906,819.1933616964016,7905900
2017-11-30,857.9232177734375,866.8427735763437,836.3283770475884,839.8492656486297,11779500
2017-12-01,862.6176147460938,877.8747683946636,857.688371233259,867.3121037243033,9470100
2017-12-04,856.0452270507812,867.7815779640293,854.871626343129,867.5468234388262,6075900
2017-12-05,856.984130859375,862.8523061219894,851.8201331899072,857.4535539350798,3580500
2017-12-06,832.3380737304688,848.7689160217551,831.3991414409338,848.5341614595726,7938300
2017-12-07,838.44091796875,841.7271379996017,833.7464284436414,834.6853607323412,4543200
2017-12-08,842.6658325195312,846.6562295582232,827.4086798421682,827.4086798421682,6176400
2017-12-11,859.8008422851562,863.3217302552018,847.3604001107211,854.1674215330831,4705500
2017-12-12,866.8428344726562,870.5984778973349,856.5149225037904,859.801056775884,3404400
2017-12-13,872.9454345703125,884.2122757197403,869.4245467111164,883.2734295967388,5521200
2017-12-14,865.4342651367188,868.720398597007,859.8008443709793,868.4857300378873,5780400
2017-12-15,868.9552001953125,874.5886212662708,858.6272902182836,864.7301343920939,7075200
2017-12-18,895.9489135742188,897.1225145843956,872.0068684440229,875.5277574337575,6727200
2017-12-19,895.009765625,900.8779411809263,892.6624782107929,895.9486977825195,4623300
2017-12-20,905.3377075195312,910.0322825138721,896.8875756807412,900.8779730218496,5902200
2017-12-21,899.9390258789062,907.9197344693395,898.7654251294132,906.0418701191288,3468300
2017-12-22,897.3570556640625,908.6238977505203,893.6014129821821,899.0000794955487,4628100
2017-12-25,899.7041015625,910.5015186814877,895.9485454891579,909.3279181534645,2894700
2017-12-26,897.8265380859375,900.1738256621011,893.1320488927996,899.0001388944248,1888200
2017-12-27,897.591796875,902.5210406867388,894.0709084380437,899.4696613475036,2375100
2017-12-28,889.1417236328125,895.0099000702355,886.3250126963208,892.1931891337438,2919000
2017-12-29,895.2445678710938,898.7654562004777,892.662525790087,892.662525790087,3517800
2018-01-01,895.2445678710938,895.2445678710938,895.2445678710938,895.2445678710938,0
2018-01-02,895.2445678710938,895.2445678710938,895.2445678710938,895.2445678710938,0
2018-01-03,895.2445678710938,895.2445678710938,895.2445678710938,895.2445678710938,0
2018-01-04,906.5112915039062,908.8584927758592,897.5916516011206,902.5208946150688,4325700
2018-01-05,913.3184204101562,918.7170871231782,910.2669552458291,915.4309533794935,3483900
2018-01-08,913.3184204101562,913.3184204101562,913.3184204101562,913.3184204101562,0
2018-01-09,912.8489990234375,925.0546877855206,904.8682902488548,925.0546877855206,6463500
2018-01-10,914.7269287109375,921.768706453131,911.2060398398407,913.3185731624989,5691000
2018-01-11,893.1320190429688,900.6432186927915,888.6721985850687,892.4278413895732,9225600
2018-01-12,881.3956909179688,895.7139989036103,877.4053794291655,889.1416453110031,8991300
2018-01-15,887.4984130859375,897.122143692799,885.3858805654678,887.2636585972737,3113700
2018-01-16,895.009765625,898.5306537667192,890.5499453257614,891.0194543841128,3870000
2018-01-17,894.77490234375,898.9999676002932,890.5498370872068,897.3569439733081,5048400
2018-01-18,886.79443359375,912.6142526229204,886.5596790526672,906.5114081874551,6795300
2018-01-19,890.7846069335938,894.5402492127223,881.630298720047,887.4984736638402,4840500
2018-01-22,909.7974243164062,916.3697769841347,905.80711338913,915.1960903896833,6564900
2018-01-23,922.47265625,926.9324763709353,904.6334617254389,911.6752377273473,5237700
2018-01-24,921.7684936523438,925.9935593222551,917.5434279824323,918.9517832057361,5562300
2018-01-25,915.4310302734375,917.3088088619594,906.0419654124402,912.1448962537256,5979600
2018-01-26,902.2863159179688,918.0128926510621,902.0515613837248,917.7782240760031,4819500
2018-01-29,902.52099609375,912.1448146520507,900.4084631359551,906.0418843567415,3219900
2018-01-30,890.5499267578125,902.520946190062,884.447082759138,901.1125909627385,5686200
2018-01-31,871.0678100585938,888.4374979089888,871.0678100585938,883.0388308920587,7405800
2018-02-01,881.1610717773438,883.5082735099049,870.3636515463046,880.2221395088033,5532600
2018-02-02,881.3956909179688,885.8555114942939,872.4761357245072,877.1706248854045,3951300
2018-02-05,873.8844604492188,876.9359255744374,867.312107086896,868.7204623817377,4924500
2018-02-06,841.4922485351562,843.1353582871697,825.5309179412459,841.0228254456588,9228900
2018-02-07,830.9296875,856.045330192275,829.0519089496742,854.8717293432203,8604000
2018-02-08,843.3700561523438,849.7076548970546,832.1032139395246,838.6755672167305,5918700
2018-02-09,822.714111328125,823.8877118942905,815.4375815158876,821.7751792996897,7178400
2018-02-12,822.714111328125,822.714111328125,822.714111328125,822.714111328125,0
2018-02-13,811.2125854492188,832.572667712197,807.6916974915399,830.9295580122206,5940600
2018-02-14,811.2125854492188,816.376583106874,799.2415663931105,811.2125854492188,7139100
2018-02-15,784.453857421875,796.1901222670474,770.1355507009707,795.2512760933093,13039500
2018-02-16,782.8108520507812,792.1999167542664,779.2899635318735,780.9330734937612,7110900
2018-02-19,797.5985717773438,802.762570180104,791.9651502322201,794.5471924131958,5017800
2018-02-20,797.36376953125,800.8846574067792,792.434526505509,797.36376953125,4825500
2018-02-21,788.9137573242188,802.2931332641937,785.1581143722152,799.9458456742927,8531400
2018-02-22,781.1678466796875,787.5054461648795,775.7690935158017,783.9845575619951,6356700
2018-02-23,785.3927612304688,786.0969388149673,779.9940091098612,783.0454739624142,3886800
2018-02-26,786.80126953125,795.0166476295982,785.6275826892041,793.8430467467468,2889600
2018-02-27,795.2512817382812,799.9457705178372,790.0872839093428,793.3734174591137,4311900
2018-02-28,782.1064453125,800.8845692204255,782.1064453125,796.424749749439,7525200
2018-03-01,773.4218139648438,778.5857260902402,770.1355942932071,775.5343469141021,6743400
2018-03-02,762.3898315429688,765.2065428491118,753.4702743932517,757.6953413524661,5442900
2018-03-05,764.2675170898438,765.9105409935031,756.9909859363082,758.3993412589805,3984300
2018-03-06,767.31884765625,778.585689523135,767.31884765625,774.5953783483405,4763700
2018-03-07,769.6663208007812,774.1261421025877,764.5023217123319,767.7885420228008,4832700
2018-03-08,770.135498046875,778.5856287878679,766.8493647451028,776.9426051165693,4166400
2018-03-09,771.7787475585938,783.5150137285016,769.1967913506036,775.5343905550081,5696100
2018-03-12,780.4635620117188,786.8011606284657,778.5856977080423,782.3413403562125,3882000
2018-03-13,785.6273803710938,786.09688937068,776.7078268481973,782.5760016696455,5714700
2018-03-14,791.0263671875,792.1999681168293,783.515080554038,786.5665461213318,5862600
2018-03-15,783.0455322265625,790.3220631275326,777.1773565993811,789.6178854906382,3985200
2018-03-16,777.6468505859375,784.2191177634019,776.473163907747,783.7496946676351,5777400
2018-03-19,780.228759765625,786.09693492715,776.7078718605454,777.6468039549591,4752300
2018-03-20,791.49560546875,791.7303599834548,781.4023647649326,781.6371192796374,5468400
2018-03-21,791.49560546875,791.49560546875,791.49560546875,791.49560546875,0
2018-03-22,790.3220825195312,794.312393906781,777.1773756688503,791.7304378278766,6966300
2018-03-23,764.5023193359375,775.2997406839678,759.5730748447588,774.5955628995138,7355700
2018-03-26,756.0518798828125,763.7978323763498,745.9587263640118,754.1741018707684,6106500
2018-03-27,773.1870727539062,773.1870727539062,756.9909865304637,758.8687649757715,6283200
2018-03-28,783.2440185546875,783.7228911831837,762.4117877166377,766.2429441237059,6290100
2018-03-29,784.4412231445312,788.7513397552154,774.1448042336033,787.7935068341034,5213100
2018-03-30,803.3578491210938,804.3155943214766,782.2861393695081,792.5825579452052,6993000
2018-04-02,802.87890625,813.8936778097243,802.87890625,803.3578665501267,3616200
2018-04-03,804.5552368164062,807.1891681832727,792.5827178793494,797.3717079162598,3573000
2018-04-04,811.9781494140625,815.090953107825,807.4285524214577,812.2175418892433,4392600
2018-04-05,818.4432373046875,828.9790480851658,816.5275715703882,820.8376879382487,5559900
2018-04-06,819.4010620117188,827.3029427864036,815.3304253879434,818.6827092140201,4651500
2018-04-09,832.8103637695312,836.1626475596801,820.5983663395359,820.5983663395359,5226000
2018-04-10,842.1489868164062,846.6984962253831,824.6690389332089,825.6268719248873,5661600
2018-04-11,845.2617797851562,855.318719155873,844.782907140211,852.9242682415944,5892000
2018-04-12,845.0223388671875,850.0508082642926,837.8388111570372,846.698436873191,4200300
2018-04-13,844.5433959960938,859.3894120299378,842.8672979554865,851.9664040130158,3883500
2018-04-16,845.5012817382812,850.2902713797879,841.1911647540588,845.7407619117006,2968500
2018-04-17,832.5709228515625,840.9516765667228,829.9369917272674,837.5993926185694,5016600
2018-04-18,843.106689453125,846.9379335364048,829.45798653778,829.9369468541581,4942200
2018-04-19,856.5160522460938,860.826169219617,848.8535636112387,850.5297494419046,5598900
2018-04-20,862.023193359375,868.2488871926814,858.1919499368221,858.9103025979548,4823700
2018-04-23,866.5728759765625,876.3903340958765,865.6150431028943,868.4884540343563,3963900
2018-04-24,868.7279052734375,874.4747269451701,862.502123336034,874.2352468123347,4273800
2018-04-25,876.3903198242188,878.7848581246238,868.7279200282803,869.6856651968094,4027500
2018-04-26,881.4188232421875,885.0105869880806,876.8692266008745,881.1793430959464,3354000
2018-04-27,879.2637939453125,887.8840272192862,874.7141971541994,885.9684490549189,3536100
2018-04-30,879.2637939453125,879.2637939453125,879.2637939453125,879.2637939453125,0
2018-05-01,880.2217407226562,885.7290834635145,877.3483292596765,880.9400935884012,2975400
2018-05-02,878.5454711914062,883.8134209353503,874.9537072045239,881.418882380912,2334300
2018-05-03,878.5454711914062,878.5454711914061,878.5454711914061,878.5454711914061,0
2018-05-04,878.5454711914062,878.5454711914061,878.5454711914061,878.5454711914061,0
2018-05-07,871.8409423828125,879.5034317932506,859.6289430550877,878.7850788916197,3685200
2018-05-08,876.8692626953125,886.4473289751363,872.7986261789227,876.3903900726632,3674100
2018-05-09,881.4188232421875,883.5738814897234,868.488473756972,870.1646594015704,4228800
2018-05-10,885.7289428710938,886.9261682274459,879.9821208573316,880.7004736090519,2185800
2018-05-11,895.5466918945312,897.4623583138712,886.6870635409841,889.3209952556099,3777900
2018-05-14,900.33544921875,902.4905074048937,888.6023254198984,894.3491472496148,2704500
2018-05-15,898.8987426757812,908.7162007265102,897.9409098088046,903.6877316315808,3531600
2018-05-16,902.2510986328125,907.2795681315622,898.659334705134,901.7722260056383,3176100
2018-05-17,915.6603393554688,916.1392996815841,903.9273020880038,907.5190660861156,5285400
2018-05-18,926.1962280273438,929.5485118231312,910.631859091471,920.2099255374274,4881000
2018-05-21,889.5601806640625,905.1244609478682,888.1234751704944,905.1244609478682,8136300
2018-05-22,865.1364135742188,881.6585310720767,864.6574531580476,881.6585310720767,7335300
2018-05-23,858.9103393554688,871.6012953716204,854.8397033313557,868.0095319122449,5407800
2018-05-24,850.52978515625,853.8820692687925,846.9380208608267,852.4453635506231,5107800
2018-05-25,851.9664306640625,854.6003617313745,845.0223827468479,850.7692052133846,5103300
2018-05-28,847.8956909179688,851.9663271071272,840.4726835711119,850.5296216651252,4008000
2018-05-29,847.6561279296875,851.2478911836268,842.1487868368247,846.4589027415519,3642300
2018-05-30,825.6268310546875,828.7396346668336,819.1616559823933,825.6268310546876,7965600
2018-05-31,829.4581298828125,839.7545508106592,825.148012427839,833.0498944286236,10652400
2018-06-01,828.7396850585938,834.2471152110544,821.3167642802321,828.7396850585938,4506300
2018-06-04,841.6698608398438,846.9378097230415,837.5992248830079,842.8671737662055,3390000
2018-06-05,837.8389282226562,843.8251436911638,835.6838696084993,841.1912123926029,3423900
2018-06-06,842.3882446289062,845.2616554550304,833.7680121505335,836.8809031086813,3035700
2018-06-07,847.1773681640625,853.1635825911259,844.543349634192,846.937888018744,5250600
2018-06-08,847.6561279296875,854.3607819002185,842.3881792607323,844.3038447891884,5603400
2018-06-11,850.7691040039062,856.7553182347134,840.7121658838639,844.0644493606976,2958600
2018-06-12,847.4168090820312,857.9527084249528,846.2195836660603,855.7976500624756,3231300
2018-06-13,861.0653686523438,866.5727975656737,851.008431302218,858.4314381000128,5261400
2018-06-14,855.0792236328125,861.78379061229,849.0929216894189,856.0369688072853,4583700
2018-06-15,852.2060546875,858.4317508473322,849.3326429691825,856.7555647817915,4841100
2018-06-18,841.430419921875,847.656113559986,835.6835988129938,847.4166334506056,3936600
2018-06-19,834.4865112304688,846.4591168990717,830.4158744092944,832.0920602483919,4710300
2018-06-20,831.8525390625,836.1626558452073,823.2323054970856,834.4864700887488,4962600
2018-06-21,823.711181640625,831.1341898056453,819.1616723658665,824.4295344408027,4112400
2018-06-22,819.6404418945312,822.7533328668928,814.8514530589702,819.6404418945312,3977100
2018-06-25,817.7250366210938,827.7819766827138,815.3304978527601,826.5846634537677,3247800
2018-06-26,824.9083862304688,828.7395422009674,813.4147429398939,814.8514483512158,3943500
2018-06-27,822.9928588867188,828.7396814979488,817.4855164474747,827.0635833627094,3022500
2018-06-28,820.8378295898438,828.0213581092693,815.0910067743032,822.7534956547286,4095900
2018-06-29,824.6690063476562,826.345192094473,812.4570088668983,817.2459982569534,4249200
2018-07-02,812.2174682617188,820.3588285395363,800.0054716897641,809.8230175896585,6649500
2018-07-03,814.6121215820312,819.1617188042579,808.3864261907389,817.9644056097186,5007600
2018-07-04,815.0909423828125,819.8800194771346,806.231316368462,809.1047275492352,2962800
2018-07-05,820.8378295898438,826.1057797339415,817.7250256911307,819.8800842469584,4194900
2018-07-06,819.1617431640625,825.1479585565509,812.9359598980753,817.9644299339182,5159700
2018-07-09,817.9642944335938,824.9084294115097,813.175305375014,815.8092362038013,6217500
2018-07-10,815.8093872070312,824.4296217217737,815.8093872070312,821.3168177178235,6230400
2018-07-11,812.6964721679688,814.6120503463412,804.7945916090536,806.23129716522,4874400
2018-07-12,813.4149169921875,817.9644266418388,812.4570839498388,812.6965641328154,5023200
2018-07-13,812.9359741210938,816.2883459966805,810.7809154965993,813.4149344973547,4913400
2018-07-16,812.9359741210938,812.9359741210938,812.9359741210938,812.9359741210938,0
2018-07-17,820.5982666015625,823.4716774123184,817.4853756600639,818.9220810654418,4056900
2018-07-18,816.2882690429688,822.7534443069624,814.6120832631939,820.5983858856312,3510900
2018-07-19,815.5699462890625,824.1901802920371,815.5699462890624,817.4855246154274,4083600
2018-07-20,816.7670288085938,820.1193122153114,810.7807270134541,817.006508941052,3636900
2018-07-23,823.711181640625,829.9369643685326,812.6964971642668,814.6120754015573,3304800
2018-07-24,824.9083862304688,835.9230692575766,823.2322006874134,829.9368551700951,3396000
2018-07-25,820.5982666015625,825.3872553896427,819.6404337681308,821.7954918761978,3769200
2018-07-26,827.302978515625,830.4158700032741,822.513988887326,826.8241058596614,3404700
2018-07-27,828.9790649414062,832.8103087983665,826.1056539710721,830.1762902825309,3750300
2018-07-30,823.232177734375,835.6836535151768,821.316599802535,831.3735374013843,3975000
2018-07-31,817.0064697265625,832.3312682984637,816.0486369322429,830.6551705203236,9156000
2018-08-01,822.9928588867188,825.6268777099019,813.8937523154559,815.5699381402493,5845500
2018-08-02,822.5140380859375,834.7260369046807,821.7956852142468,826.3452826314748,4505700
2018-08-03,821.3167114257812,828.9791118840569,819.8800058592577,824.429515026883,3305400
2018-08-06,820.1192016601562,825.147669937146,817.9641438271606,819.8798092495085,2684400
2018-08-07,825.6268310546875,828.0212818810231,818.4433031965829,819.6405286097506,3065400
2018-08-08,820.8378295898438,830.1764166650969,820.1194767379011,827.5424854378266,4505400
2018-08-09,814.37255859375,818.9221553533397,805.9918055319712,816.5276168973114,5603700
2018-08-10,811.73876953125,813.6543480171039,806.7102992775166,811.259896832177,5559600
2018-08-13,811.4992065429688,813.4148725229372,805.2735113319543,806.4707368022697,5774700
2018-08-14,816.048828125,818.6827593145656,812.935936581291,816.5277007895876,3539400
2018-08-15,812.9359741210938,819.8801103708379,810.3020428098984,816.7672186833815,4138500
2018-08-16,817.7250366210938,817.7250366210938,801.6817934834187,809.5836749604058,4552800
2018-08-17,824.9083862304688,828.9790223327008,818.4432118795204,818.922084453448,3105300
2018-08-20,827.5424194335938,829.4579976561363,820.3588914871216,821.795597076416,2825700
2018-08-21,821.3167114257812,824.429515026883,818.4433002927342,818.9221729183924,2726700
2018-08-22,824.9083862304688,830.1762476122892,818.922084453448,822.034975407825,2526600
2018-08-23,824.9083862304688,830.4157277440227,823.4716808191469,825.8661313783238,2263200
2018-08-24,827.302978515625,835.6838199770909,825.8662728581799,831.6130954879603,3366000
2018-08-27,831.613037109375,832.3313898876697,827.063527973207,829.6974589304384,2446500
2018-08-28,828.7396850585938,836.6415661829852,828.0213322291037,832.5709293790593,3597000
2018-08-29,834.2470092773438,836.1625873495569,824.4294633945865,827.7818346328885,2569500
2018-08-30,831.13427734375,839.9939920422632,829.4580914036096,838.0783259136571,3625200
2018-08-31,817.7250366210938,827.5424964990129,817.2460762536921,827.5424964990129,4668300
2018-09-03,810.5413818359375,816.2882038337356,808.3863235867633,814.851498334286,4275600
2018-09-04,811.9781494140625,819.1616774605167,811.0203164446848,814.6120804679119,2932800
2018-09-05,792.822021484375,805.2734994116403,792.1036686749088,804.5551466021741,6921600
2018-09-06,772.9476318359375,785.8779825543825,768.8769950988706,783.7229241013083,5517900
2018-09-07,778.6943969726562,780.849455266861,771.9897419386148,775.1026331489816,4591800
2018-09-10,788.9909057617188,793.3010228414072,780.3706716023418,780.610064091509,4850700
2018-09-11,790.4276123046875,793.3010236942356,782.0467706254681,785.8780150413843,5378100
2018-09-12,790.188232421875,791.385458089628,783.4835757654092,787.3148206676136,5260800
2018-09-13,794.4982299804688,801.4422781072881,791.3853384872821,791.3853384872821,5131200
2018-09-14,819.6404418945312,819.6404418945312,808.8651512473639,812.6963949295366,9322200
2018-09-17,819.6404418945312,819.6404418945312,819.6404418945312,819.6404418945312,0
2018-09-18,852.6847534179688,854.8398117669611,823.2322893150734,832.0920028685582,9283200
2018-09-19,876.1510620117188,882.3768456346638,866.0941213634143,868.0097875656573,7795200
2018-09-20,886.2078857421875,886.9262385508652,874.4748483268198,885.2501404569852,7116000
2018-09-21,901.5328369140625,902.7300624477081,884.0528881371378,885.96855421844,10591800
2018-09-24,901.5328369140625,901.5328369140626,901.5328369140626,901.5328369140626,0
2018-09-25,916.378662109375,916.6181422645807,902.490566898398,905.1244978474699,7629900
2018-09-26,923.696044921875,925.4033717225905,911.0125736930588,915.1590536248373,5876100
2018-09-27,924.6716918945312,932.9647415942705,917.5982634974238,921.9886858108085,4344000
2018-09-28,925.403564453125,934.1844103656694,921.5010258186944,925.403564453125,6020700
2018-10-01,919.0617065429688,924.1838657354854,916.622553343505,919.5495014535145,3674700
2018-10-02,917.1104736328125,930.7695355753948,913.9395832811856,924.4278441955121,5583900
2018-10-03,914.6714477539062,924.9157679687501,911.0127619628906,911.0127619628906,4102800
2018-10-04,920.28125,936.3794648065502,916.8665069367032,932.9647217432534,5904000
2018-10-05,931.5014038085938,936.8675060847017,920.7692885797615,921.0131414172774,5127900
2018-10-08,931.5014038085938,931.5014038085938,931.5014038085938,931.5014038085938,0
2018-10-09,919.3055419921875,926.8667641834658,910.0368145037036,925.8911744755727,5348100
2018-10-10,921.7448120117188,925.8913818306462,911.7444346643908,921.988754155002,4027200
2018-10-11,902.2318115234375,904.6709648759527,893.2070245101673,895.4022357304191,5215800
2018-10-12,874.91357421875,890.2800523485442,865.1571397170009,887.1092513309926,7864800
2018-10-15,863.693603515625,869.7913523099884,860.0349185096613,861.0105082956754,5409300
2018-10-16,865.156982421875,869.3034618650739,857.1078762934947,861.0104136553215,3887100
2018-10-17,871.4986572265625,878.3282314741016,866.1325567946851,873.4499258729937,3265200
2018-10-18,873.6940307617188,880.0357220369006,872.2305566733406,875.1575048500969,2394300
2018-10-19,870.5230712890625,876.1331143976405,865.4009123867554,866.3765914759348,2818200
2018-10-22,863.9376220703125,868.815929229876,860.7668206723159,865.8889806634905,3306000
2018-10-23,849.7906494140625,860.5227629415987,842.9610739019743,857.595814768328,3420900
2018-10-24,844.4244995117188,852.9614014192136,833.9362393851542,850.0344534139738,4340400
2018-10-25,829.5459594726562,836.86333073917,821.9847353795118,824.1799467594659,3972000
2018-10-26,829.5459594726562,841.4976956490887,821.9847353795118,835.1560036592366,4352700
2018-10-29,823.69189453125,838.0827813037397,821.0088887216461,833.2044752383636,3391800
2018-10-30,818.8139038085938,823.9360640647691,815.643012923166,815.643012923166,5305800
2018-10-31,830.7655029296875,832.960714103615,816.8624988281467,825.1554592696252,4309800
2018-11-01,829.5459594726562,839.7902792457755,826.1312159894097,830.7655808993284,5110800
2018-11-02,831.4971923828125,834.6679932369257,821.0089320445087,825.6432962541529,4632600
2018-11-05,826.6190185546875,831.0094413549012,821.2530057922354,826.3751657258182,3239400
2018-11-06,850.766357421875,857.1081388937048,834.1803452441135,834.1803452441135,4495800
2018-11-07,839.3024291992188,859.3032724564828,835.8876859400268,853.6932286379993,4008600
2018-11-08,855.4005737304688,865.8888340924378,852.4736256595347,852.4736256595347,3689400
2018-11-09,862.2303466796875,870.7672507359699,857.1081863812406,857.5959813971066,2732400
2018-11-12,865.4010620117188,872.7184331373065,855.8884795484547,856.8641588063257,3045900
2018-11-13,843.6928100585938,845.156284143691,826.8628580799748,842.4732780954691,4649400
2018-11-14,837.35107421875,851.985814290599,834.9119210989869,848.8149241672435,4900200
2018-11-15,827.838623046875,837.3512055859511,817.3503612421521,828.3264180180091,3963600
2018-11-16,833.448486328125,842.7171257021816,826.8628529857606,826.8628529857606,3693300
2018-11-19,840.765869140625,849.3027716028732,809.3011760396269,829.7898134077187,5736900
2018-11-20,843.4487915039062,847.5953605848358,828.3262571027503,839.0583696464712,5101200
2018-11-21,832.9607543945312,843.4489265172577,823.2042300417995,833.6924914879017,3890400
2018-11-22,831.4971923828125,837.838883414405,822.9602009796065,836.3754093822402,2660700
2018-11-23,831.4971923828125,831.4971923828125,831.4971923828125,831.4971923828125,0
2018-11-26,823.4481201171875,829.3020164940316,821.2529089758709,826.3750683056095,2625300
2018-11-27,840.0342407226562,846.6198750140359,826.375177152033,828.0825042712472,4691400
2018-11-28,829.5459594726562,838.3268049924728,825.1555367127479,836.86333073917,4942800
2018-11-29,832.9607543945312,838.8146511414951,831.0093959299595,838.3267668636644,3425100
2018-11-30,840.278076171875,848.3271837280768,837.3511279696199,841.985403074277,7742100
2018-12-03,849.0590209960938,860.766815187027,843.6929188841224,846.6198674318557,3084600
2018-12-04,832.4727783203125,844.4245126352434,828.5702404682513,843.2049807218951,3977400
2018-12-05,821.2529296875,823.6919936904504,811.2524635759374,820.2772504922965,4326600
2018-12-06,814.6672973632812,819.545514700134,806.8620424362697,815.1550922999547,4241400
2018-12-07,810.7645874023438,814.6672144687469,801.49594860842,810.7645874023438,4549200
2018-12-10,806.6182250976562,808.3255521127733,797.1056428123206,807.3499621965282,3320700
2018-12-11,799.7886352539062,802.4716414623065,786.8613098382282,802.4716414623065,3984600
2018-12-12,799.7886352539062,805.3985898072431,791.9834694418672,796.6177447724335,3997500
2018-12-13,800.0325927734375,808.8134379770848,799.7886506322106,804.9108103343383,3541200
2018-12-14,790.2760620117188,801.2521184285481,788.5686456835311,792.7152154343617,5371800
2018-12-17,790.0321655273438,799.7886904583561,790.0321655273438,791.7395819542006,3262200
2018-12-18,788.0809326171875,796.6178364984365,781.7392402474069,786.3735161115836,3877500
2018-12-19,784.4222412109375,788.080927037481,777.1048695578504,785.8857155415549,3898800
2018-12-20,778.8121337890625,790.0320419146491,774.665564447402,782.4708189003118,4725300
2018-12-21,762.22607421875,778.0804367307231,752.9574345686498,775.8852255512227,7786800
2018-12-24,762.22607421875,762.22607421875,762.22607421875,762.22607421875,0
2018-12-25,741.7374267578125,761.0064863650856,731.9809035684206,760.7625442552571,5200800
2018-12-26,744.42041015625,758.0795154112473,733.4443553964346,744.42041015625,4556700
2018-12-27,761.006591796875,772.714385516827,757.34790625939,768.8117578357171,5110500
2018-12-28,763.9334716796875,771.2508420980753,752.9574160521057,753.6891530939445,3028800
2018-12-31,763.9334716796875,763.9334716796875,763.9334716796875,763.9334716796875,0
2019-01-04,756.1283569335938,761.0065744311297,743.6887817283202,753.4452613850799,5170800
2019-01-07,772.4703979492188,784.1781909807112,770.031333949906,772.4703979492188,4122900
2019-01-08,772.2266235351562,780.2757320614047,767.1044635639071,772.4704763658187,3330000
2019-01-09,780.5196533203125,785.1540187131508,776.8609673058057,780.0318582928412,2740200
2019-01-10,775.6412963867188,777.3487126626567,764.9091824375867,768.3239256660894,2950200
2019-01-11,781.9829711914062,786.129540726727,775.8852219367812,781.4951762615802,3444000
2019-01-15,781.9829711914062,786.6173356565531,775.1534848803565,778.81217016248,2876400
2019-01-16,785.6416015625,788.568549583625,780.2755897393475,787.1050755730625,2490600
2019-01-17,792.47119140625,796.6176714052344,787.105090160284,790.275980349723,3244200
2019-01-18,802.2277221679688,808.8133553983199,793.6907306537872,798.3250949236752,3133500
2019-01-21,803.9351806640625,806.8621292457561,796.6178092098284,803.9351806640625,1822500
2019-01-22,797.3494262695312,807.3498919664411,793.446888297274,804.9107387412538,1967400
2019-01-23,792.2274169921875,795.8861028608758,791.2518269761275,795.1543656871381,2584500
2019-01-24,784.909912109375,789.788218655702,774.4217406138496,783.9343222588059,4809900
2019-01-25,787.3491821289062,792.9591372333065,785.3979128150678,788.5687142846323,3405000
2019-01-28,780.5196533203125,783.4466021319179,778.0805888595673,782.9588071044467,2809800
2019-01-29,783.20263671875,784.9099637312185,777.1047977964846,778.0804770345924,2493900
2019-01-30,782.95849609375,785.3976489089916,778.8120166988573,781.7389643478059,3412800
2019-01-31,788.8125610351562,796.1299317312153,786.3734076953457,794.6664575920034,4925700
2019-02-01,787.8368530273438,792.2272752844436,781.4951617637672,783.9343150143903,3267600
2019-02-04,796.1300048828125,805.1547926783096,794.9104727625381,796.3739470362198,3641100
2019-02-05,798.3250732421875,802.7154952765167,795.3981252193014,801.0080791553781,2031300
2019-02-06,793.4469604492188,800.032594365056,791.2517491439396,800.032594365056,2385300
2019-02-07,785.8856811523438,795.1543217328771,780.763521219321,793.4469946374564,2173500
2019-02-08,774.9094848632812,781.7390599874911,771.0068577461093,779.5438489822128,3551100
2019-02-12,789.5443115234375,797.5934194259007,778.324313157667,782.9586777850585,3358200
2019-02-13,794.422607421875,796.8617610440374,788.0809151923125,793.2030752724854,3034500
2019-02-14,800.2764282226562,803.2033765603476,796.1299478520516,797.3494798849648,2904300
2019-02-15,804.178955078125,805.3984869583235,782.9585822871645,793.2029001862489,4508400
2019-02-18,811.0084228515625,819.0575287076662,808.0814752675249,818.8135866345459,3795600
2019-02-19,817.1063842773438,821.4968068006071,809.5451605917511,809.5451605917511,3783300
2019-02-20,819.7894897460938,823.4481752264788,816.6185992219679,821.2529639382478,2956200
2019-02-21,821.4968872070312,823.6920986835257,816.3747270952108,820.7651500481998,4296000
2019-02-22,816.3744506835938,824.4235567054387,814.4231820285066,821.2527563063414,2654100
2019-02-25,818.0819702148438,821.9845973427387,786.6172790527344,819.3015021133389,3493500
2019-02-26,810.2769775390625,816.6186698121268,808.3256188985938,812.716041854573,3074100
2019-02-27,813.6915283203125,819.545424207509,811.7402594657012,814.1793232031247,4056000
2019-02-28,815.3989868164062,818.813729820469,810.7646225568183,813.2037757445015,5100000
2019-03-01,814.6672973632812,817.8380984367179,810.2768749631019,814.6672973632811,2888400
2019-03-04,813.9354858398438,819.545439730209,807.8376477340631,819.545439730209,2468700
2019-03-05,807.3499755859375,811.0086611409744,805.1547642529154,809.5451869189596,2855400
2019-03-06,811.4962768554688,812.4719558957531,806.3741182098527,810.0328029567213,3068700
2019-03-07,812.7158813476562,814.1793553772878,803.4472422677778,805.1546584101367,4651500
2019-03-08,797.8373413085938,805.6425068777904,795.6421301181911,800.5203474335175,5536500
2019-03-11,798.3250732421875,799.3007523576046,789.0564342775032,796.3738043347184,1950600
2019-03-12,808.0816650390625,814.6672986497309,801.0081471675777,803.447300501542,1827300
2019-03-13,796.1300048828125,806.1303826451767,791.7395820617676,803.4473762512207,2187900
2019-03-14,793.6907348632812,809.5450967174952,791.9834080100837,803.2033162464625,2373600
2019-03-15,806.8621215820312,809.3012751514024,800.5204294897236,801.4961087821482,6212400
2019-03-18,813.6915283203125,816.3745341608234,805.6424214754173,810.7645803767142,1933500
2019-03-19,820.0333251953125,826.3751061092536,815.6429027118337,817.3503190076445,2233800
2019-03-20,821.2529296875,825.8872048871292,818.3259814252617,819.5455134267369,4173300
2019-03-22,825.3994750976562,837.1072690706726,820.2773152344615,831.7411670585803,5831100
2019-03-25,816.6185913085938,817.35032839758,806.8620670143195,817.1063862601262,2345700
2019-03-26,836.1315307617188,838.5706841083356,822.7164106637584,824.4237376153546,3304200
2019-03-27,839.1195678710938,844.3485026743565,829.9066523464069,837.8745226038689,2799600
2019-03-28,838.6215209960938,841.8585110610821,828.4126785862823,837.8745303030494,2718600
2019-03-29,839.1195678710938,853.5613270136569,839.1195678710938,849.0793828965745,3363600
2019-04-01,845.8425903320312,853.561434268891,844.0995814501284,845.3445356884031,2624700
2019-04-02,847.33642578125,854.8063322936167,846.838371223504,854.8063322936167,1905000
2019-04-03,849.8262329101562,853.8102129721082,846.589334596106,853.8102129721082,1618800
2019-04-04,846.0913696289062,852.0672947615069,845.3443789873312,851.8183586712358,1180200
2019-04-05,847.83447265625,854.8064164829149,845.3444731784286,851.5694262802863,2366700
2019-04-08,842.6055908203125,847.5854989052057,840.6136458234346,846.8385081332018,1783500
2019-04-09,840.8624877929688,843.6015144405168,836.6295709541038,841.6094784813207,1114500
2019-04-10,837.6255493164062,838.6214760635131,827.1676801741073,831.898560186321,1057200
2019-04-11,838.12353515625,841.6094612353306,832.6455731587932,839.8665437884828,1269000
2019-04-12,837.87451171875,842.6054830648928,835.633539689322,840.8624744246538,2136300
2019-04-15,852.3162841796875,859.7861902636462,846.8383226563254,854.5572560048751,4112700
2019-04-16,857.04736328125,859.7862987959832,852.0673644730588,855.0553272838181,3012300
2019-04-17,860.7822875976562,864.5172409844188,854.8063621788363,855.3043255686094,2632500
2019-04-18,860.0352783203125,868.9991662546804,857.0473156755232,863.5212043441056,3378000
2019-04-19,855.5533447265625,862.0272334736396,853.0633454305862,861.5292700885982,1553400
2019-04-22,850.5733642578125,854.8063722697036,848.0834560941681,853.3123908973624,2070600
2019-04-23,851.5692749023438,857.7942268976321,850.3243209774362,852.3162654943634,2562000
2019-04-24,849.328369140625,858.5412842200687,845.8424431687137,856.5492483629348,2361000
2019-04-25,857.2962036132812,859.5371754709854,850.0753246891381,853.3123144342815,2392500
2019-04-26,856.0513305664062,857.047348548,848.3323963761759,852.814340515267,3095700
2019-05-07,848.5813598632812,857.29622019445,842.8544620668424,851.0713590373495,4234200
2019-05-08,834.388671875,842.8545974786514,829.4087639121786,838.6215890841283,3960600
2019-05-09,828.6617431640625,831.8986421893052,823.4328080774798,828.9106792826865,2844300
2019-05-10,828.9105224609375,834.8864471435886,822.4366344498569,829.657513046269,3714000
2019-05-13,826.9186401367188,830.1556299783309,817.2077617972632,822.6857235633651,2380500
2019-05-14,824.1797485351562,825.1756753196905,808.7418803356296,810.9828523789106,2423100
2019-05-15,826.4208984375,828.9108071200901,820.6939078596507,826.9188619369369,2223300
2019-05-16,826.1718139648438,831.8987129612692,821.9388965488248,831.151722171066,3741900
2019-05-17,833.3924560546875,837.3764361908328,818.7016717797973,830.1555576803568,3876900
2019-05-20,864.76611328125,877.7139811284843,834.1394977695327,839.8664866636021,7439400
2019-05-21,862.2763061523438,880.9510738918157,854.0594083469762,855.3043624678112,6326700
2019-05-22,852.3162841796875,863.7701705702165,845.8423959687157,862.2761893534248,4584600
2019-05-23,856.3004760742188,857.2964030079175,846.0915411133091,847.5855226992569,3852600
2019-05-24,858.5413818359375,860.0353633059622,845.5935120339268,852.3164286490376,3920100
2019-05-27,861.7781982421875,863.2721795689208,855.5533368377213,857.0473181644546,2499600
2019-05-28,860.2842407226562,863.7702580384272,856.5492873024633,859.5372500386177,7250400
2019-05-29,854.8062133789062,856.7981577766378,843.1033006806384,846.8382534172409,4888800
2019-05-30,865.2642822265625,865.7622456454359,854.0594214114791,855.8023389702316,4569000
2019-05-31,858.0432739257812,867.7541528777591,857.5453105285011,860.7823005742893,5235300
2019-06-03,855.8023071289062,856.549297822119,846.0914281171409,847.8344367964331,3609600
2019-06-04,863.5213012695312,868.0032457397883,859.0393567992742,867.0072276846,4999200
2019-06-05,874.2280883789062,874.9750790294192,869.4971171971962,873.7300338216428,4261200
2019-06-06,860.2842407226562,868.0031748528505,859.2883139341957,866.7582207745816,4882200
2019-06-07,871.240234375,872.9831519865264,854.308383395932,861.5293547078908,4130400
2019-06-10,885.1840209960938,887.1759658943438,871.48916045897,873.4811965426125,4126200
2019-06-11,879.9550170898438,882.445016407128,876.4690909939542,877.4650177725596,2846700
2019-06-12,865.7622680664062,871.7381939892115,861.7782870560717,869.7462490767408,6106800
2019-06-13,871.4889526367188,871.4889526367188,861.7780753972211,862.7740932015239,3717300
2019-06-14,868.003173828125,871.987154533423,861.0312303902001,871.4890999543944,3733200
2019-06-17,870.4931640625,880.20404284197,869.4971461002465,871.4890908393684,4009500
2019-06-18,864.0191650390625,866.7581915785329,859.5372210858015,863.0232382841488,4037100
2019-06-19,867.0072021484375,874.2281732614332,865.0152572821237,872.2361372097283,3155100
2019-06-20,862.2763061523438,865.5132051035927,855.3043624678112,857.7943618948705,3593400
2019-06-21,852.3162841796875,860.0352175282371,847.8343405293123,858.5412363114453,7056300
2019-06-24,850.5733642578125,853.810354293014,842.8545212909738,846.8384108269594,2509500
2019-06-25,858.292236328125,862.5251528484548,849.5773760149591,852.3163112710101,4023600
2019-06-26,851.3203735351562,851.3203735351562,846.3404659137295,848.0834746146537,3545400
2019-06-27,854.059326171875,854.059326171875,843.6014572439964,844.5973839706835,4304400
2019-06-28,851.5692749023438,855.0552006033103,848.3322852751339,848.3322852751339,3634800
2019-07-01,870.4931640625,872.2360815147122,865.7621927235272,868.7501554249026,4078800
2019-07-02,873.9790649414062,877.2160548363169,872.4850836338142,872.7341109135403,3227700
2019-07-03,876.718017578125,876.718017578125,870.24412884593,874.7260728571538,3493800
2019-07-04,882.69384765625,883.6898655019264,878.2119041287676,880.2039398201206,2495700
2019-07-05,896.88671875,897.6337093794934,877.7139896547949,877.7139896547949,4813800
2019-07-08,898.6297607421875,902.8626774051417,894.6457801747475,896.8867521466732,4062900
2019-07-09,891.1599731445312,902.1158071859347,891.1599731445312,896.3889084437867,3399300
2019-07-10,893.898681640625,896.6377078437959,883.1918776349016,889.4167382376603,4577100
2019-07-11,889.1679077148438,894.3968423056347,887.9228624982098,891.6578157773462,3393900
2019-07-12,887.4249267578125,895.1438608368614,886.6779360787235,893.1518249023669,2869500
2019-07-16,887.4249267578125,893.4008521905251,885.4329820087036,891.906870832347,2916600
2019-07-17,888.4210205078125,889.9150019934281,882.6940306893575,884.9350029177807,3149100
2019-07-18,884.93505859375,888.1720490780377,881.6981592948615,886.9270948234958,4065000
2019-07-19,897.1358032226562,899.6258025415223,888.6698784868199,888.9189057743221,3457200
2019-07-22,897.8829345703125,903.6098335970087,895.6419621878574,897.3849711026779,2923200
2019-07-23,902.3646850585938,906.0996382252271,891.4088528315963,892.9028340982496,2780100
2019-07-24,903.3607177734375,905.6016897101532,899.8747006371808,903.3607177734375,3479400
2019-07-25,896.6376953125,905.8505180551444,891.9067247248104,905.8505180551444,3794100
2019-07-26,891.6580200195312,895.1440380021504,889.6660748761801,892.1560746944218,2711400
2019-07-29,888.6697998046875,891.9067895140743,886.9268825026446,891.6577622486207,2474400
2019-07-30,893.6498413085938,899.3767392085375,890.1638241648178,892.653823383889,2778300
2019-07-31,891.6580200195312,894.6459833272598,879.706166788617,882.1961666068587,5415900
2019-08-01,889.6658325195312,893.6498129063488,884.1878708858296,886.1799066719278,2637000
2019-08-02,876.718017578125,876.9670448627655,868.9991747934961,871.4890828983641,4874400
2019-08-05,862.2763061523438,867.7541772323293,854.806399056555,866.5092231114943,4707000
2019-08-06,857.2962036132812,859.2882393881594,837.8744475131779,838.3725020495866,4169400
2019-08-07,856.0513305664062,861.2802653953459,841.3605440611809,851.8184137190602,5077800
2019-08-08,844.8464965820312,855.8023299798897,843.8504785693569,855.8023299798897,5413500
2019-08-09,854.557373046875,859.5372807231139,845.344457219713,851.0714467920467,4151100
2019-08-13,851.0713500976562,855.5532938526726,844.8463978205629,852.5653313493284,6931800
2019-08-14,855.5533447265625,862.7742241438941,854.3082994858821,855.3043174413496,3976200
2019-08-15,852.8142700195312,855.802232531933,841.6094105980249,843.1033918542257,4001400
2019-08-16,855.304443359375,858.7903699386328,849.5775444394377,852.8144436968206,3672300
2019-08-19,862.0272216796875,864.7661570380192,856.7982870594468,858.5412956613214,3325200
2019-08-20,866.5091552734375,869.248090599002,859.7862394135574,860.5332300646552,2325900
2019-08-21,857.7943115234375,863.2721822817513,855.8022756246106,860.284219618895,4388100
2019-08-22,858.0432739257812,861.031236680236,852.5654029995388,860.2842459916224,5186700
2019-08-23,852.3162841796875,856.7982278300627,850.5732756983048,855.304246613271,2908200
2019-08-26,838.3726196289062,841.3605825248984,822.9347505426865,826.9187314658063,6662700
2019-08-27,830.4046020507812,842.6054801190279,825.9226580075949,842.10751673158,7127700
2019-08-28,829.1596069335938,833.8905780289423,826.6696077488766,829.6575702963851,3198000
2019-08-29,833.8905029296875,835.1354568172367,826.171569981989,828.9105050087461,2458500
2019-08-30,840.8624877929688,841.8585057725669,833.39258090945,838.8705430191593,4292700
2019-09-02,843.3524780273438,847.0874314287048,837.6255798737186,839.3684973374299,1920600
2019-09-03,841.3606567382812,844.5975560375272,841.1116294131857,843.8505652476398,2095800
2019-09-04,838.8704833984375,841.6094186659354,835.633493583845,840.1154373954129,2890500
2019-09-05,843.3524780273438,850.822384830066,840.1154880177021,841.3605332750797,3828900
2019-09-06,851.5692749023438,853.063256086383,848.3322852751339,849.5773303854165,2442900
2019-09-09,856.0513305664062,858.2923026359518,852.0673498254184,852.0673498254184,3581400
2019-09-10,862.5253295898438,864.0193111602565,859.7863937725532,862.2763934517073,3086400
2019-09-11,883.44091796875,886.9269351505199,870.4931407333789,872.9830487942057,5776200
2019-09-12,890.661865234375,897.882744319354,885.9308941453859,892.902837141994,5675400
2019-09-13,904.8546752929688,905.6016659189164,886.9269002702267,895.8907877815977,6950700
2019-09-17,895.1439208984375,898.3808199347529,890.4129492183104,896.3888750519902,6912300
2019-09-18,890.661865234375,898.8787622289781,882.9429316018939,898.8787622289781,3557100
2019-09-19,896.3887329101562,908.091555416913,896.1397056447777,896.3887329101562,5747400
2019-09-20,880.2042236328125,901.6179303291744,878.4612146372073,899.625985180914,8146800
2019-09-24,903.6095581054688,904.3565486718787,881.9468316795796,882.4448861807675,6013800
2019-09-25,907.8428344726562,910.58177029937,899.3769084827247,902.6138989582219,3021600
2019-09-26,911.8265991210938,919.2965059713085,909.0876636711438,916.8065978114945,4479000
2019-09-27,907.7593994140625,911.5724463269023,895.5576492929749,899.8790714302049,4484400
2019-09-30,889.7108154296875,904.9630013690077,886.4062372041383,902.92940760775,4538400
2019-10-01,896.574462890625,903.6921819932404,891.9988062729377,894.2866345817814,3443700
2019-10-02,884.372802734375,887.6774749949711,880.3056140511603,885.898021763576,3786000
2019-10-03,871.4083251953125,871.6625593637244,860.2234181647254,868.3578875422461,3826500
2019-10-04,869.1204833984375,869.1204833984375,858.1898107067658,863.7822175888408,3018300
2019-10-07,864.5448608398438,878.2718306019747,862.5112667205557,870.1373610328507,2547000
2019-10-08,868.35791015625,880.3055200032157,867.3411596400623,873.4420351050757,3931500
2019-10-09,859.2066040039062,859.969213443286,849.8011496462038,850.5637590855837,3252600
2019-10-10,849.0384521484375,853.1056400086512,844.7169370455115,850.3094367182589,4227300
2019-10-11,851.5805053710938,859.4608339027822,850.5637548516303,858.4439902913466,4494300
2019-10-15,871.6624755859375,875.2212881418117,855.9019135905403,857.935507466474,6302700
2019-10-16,872.1709594726562,887.4231481728017,867.0869276032652,881.0681316090559,4358400
2019-10-17,871.916748046875,876.7465453509612,866.8326234956749,867.0868576508242,4576200
2019-10-18,870.6456298828125,876.7465045870237,864.2906141272327,870.6456298828125,3909900
2019-10-21,871.4083251953125,875.4756064300575,871.4083251953125,872.170934608579,2090100
2019-10-23,877.2549438476562,878.7801624732436,870.1372258975962,874.7128817743583,3610200
2019-10-24,879.28857421875,885.89782417384,879.28857421875,884.6268396303122,3701700
2019-10-25,881.8306274414062,884.3725965026442,879.542799431116,880.813783961735,2906700
2019-10-28,871.1539916992188,880.5594436573934,869.8829142298825,877.2548656577964,3756300
2019-10-29,874.9672241210938,880.8138652116113,869.6289582713265,869.6289582713265,4552500
2019-10-30,890.98193359375,893.7781367794147,876.7464973402801,876.7464973402801,5386200
2019-10-31,891.9987182617188,897.0828427299375,885.1352340123902,893.5239369837918,4727700
2019-11-01,889.2024536132812,889.4566877467389,881.0679853541608,885.897782246159,2326200
2019-11-05,895.0491943359375,908.7761634270469,888.9483191843334,908.7761634270469,5193600
2019-11-06,903.9464721679688,906.9969101020655,896.3203773327272,904.963222751349,3718500
2019-11-07,905.7257690429688,913.0977222640179,902.1669560654781,910.3014256248731,3099900
2019-11-08,903.6921997070312,913.6061225730156,899.6249182698156,913.6061225730156,3679200
2019-11-11,903.4380493164062,908.0137064481584,899.6250017066127,900.3876112285715,2787300
2019-11-12,898.0995483398438,899.1163918011453,890.9819233866082,894.794970001541,4332300
2019-11-13,889.2024536132812,897.845390139317,885.3894070712004,895.3033280806109,3184200
2019-11-14,884.372802734375,889.4569282263661,881.3223646759731,886.6606312781765,2549100
2019-11-15,891.4902954101562,896.0659513318508,881.0679990636157,884.372577390201,3322500
2019-11-18,885.89794921875,891.236215383811,881.830760868591,889.965230660883,2497500
2019-11-19,898.6082763671875,905.2175280462144,876.4925996078443,886.9148990039995,5223900
2019-11-20,893.52392578125,894.79500342835,877.2549883444179,888.4398944687351,6334500
2019-11-21,888.6942138671875,896.8286833659267,872.9335570301686,896.0660739412958,4976400
2019-11-22,887.6773681640625,894.0324777182308,884.3726963011798,891.2361811065721,3894000
2019-11-25,898.8623046875,903.1838202859223,894.7951163609507,898.0996952397753,3134700
2019-11-26,910.04736328125,915.3856297553457,903.946487310855,904.4548626110615,8382000
2019-11-27,908.2677001953125,909.5386846980986,900.8958411320206,903.6920442749331,3230700
2019-11-28,903.9464721679688,911.8267081030665,898.6082057832997,906.9969101020655,3299100
2019-11-29,900.1332397460938,908.5219423407307,898.6080210925234,907.7593330139456,2961300
2019-12-02,904.9631958007812,909.2847114733718,900.8960074044287,903.9464452476807,2735700
2019-12-03,897.0828857421875,898.8622456086119,891.2361516326001,897.0828857421875,4740000
2019-12-04,903.6921997070312,905.98002806072,894.5408862922765,896.3203393758035,3278100
2019-12-05,909.2846069335938,912.0808102711055,904.7089506947755,907.2509198772536,2540100
2019-12-06,913.3518676757812,916.1481643281816,909.030445247488,913.8603360263842,1987200
2019-12-09,923.774169921875,926.3161390627986,911.5724201511599,925.2993886432143,3315900
2019-12-10,925.5536499023438,930.3835408444899,921.7406026038008,927.8414782814696,2963400
2019-12-11,929.875,933.6880466196119,925.0451099178389,929.3665317227461,2940600
2019-12-12,927.0787353515625,932.4170008009803,924.0282979518952,929.8750316958987,2791200
2019-12-13,943.3477783203125,956.5663715909711,941.8225596003119,951.4822471296609,5870400
2019-12-16,948.1777954101562,951.4823743506983,944.1105139156715,945.6357328396064,2809500
2019-12-17,946.3984375,952.753548019649,940.5517954007933,950.7198605218499,3716400
2019-12-18,942.5853271484375,944.1105461244058,935.2134664619166,939.2806550031798,3250800
2019-12-19,928.0956420898438,936.4843455105408,926.8246574506973,934.4507514695127,4017600
2019-12-20,925.2994384765625,932.6712983294042,921.9947667050284,927.0787983526466,4449900
2019-12-23,922.5029907226562,926.3160371063155,918.9441784618917,926.3160371063155,1883700
2019-12-24,917.1649780273438,920.7238843588433,913.3519305950073,919.7070406795608,1428000
2019-12-25,919.1985473632812,926.0620318602339,917.1648602658362,926.0620318602339,1770300
2019-12-26,923.01171875,923.0117187500001,916.9108428190543,917.6734523104225,1364700
2019-12-27,924.2826538085938,930.1292952305204,923.0116690886899,927.8414668795091,1527600
2019-12-30,917.9273681640625,921.9946488172886,915.1311650791947,919.4525867725278,1879800
2020-01-06,908.5221557617188,917.4192356335731,903.4380303275328,914.1145634105503,3698400
2020-01-07,926.316162109375,928.0956150258644,911.5724428309152,911.5724428309152,3029100
2020-01-08,922.5029907226562,926.8245053521052,910.8097105407362,917.9273350622651,4902900
2020-01-09,933.6881103515625,938.7721418274195,930.1292045356944,931.9086574436285,3003900
2020-01-10,932.925537109375,939.2805534273455,929.6208653214917,936.9927252108037,2743500
2020-01-14,932.925537109375,938.5179440218316,927.0788029391225,930.1292405611782,3034800
2020-01-15,929.875,931.4002186478448,925.5534851031343,927.8413130749014,2758200
2020-01-16,927.3331298828125,928.095739364624,910.3014870916959,912.080940246582,3869700
2020-01-17,931.6544799804688,934.9591518414516,927.5872917890736,930.8918705580859,3528600
2020-01-20,936.7385864257812,943.0936027592796,936.7385864257812,940.8057745371477,1753800
2020-01-21,930.891845703125,938.7721738879993,928.3498764243667,936.738579846599,2101800
2020-01-22,939.0265502929688,939.0265502929688,931.9088304319495,935.9761122228151,3219900
2020-01-23,931.1461791992188,939.5348835163288,927.3331317823505,939.2806493245449,2761500
2020-01-24,926.06201171875,928.8582150519626,921.4863554869669,926.0620117187499,2357400
2020-01-27,925.0452880859375,926.316272839953,911.3183176114553,914.3687554946736,2654400
2020-01-28,925.0452880859375,927.3331164983512,917.1649591902982,921.7406160151255,3172800
2020-01-29,929.6209106445312,931.4003637081427,925.0452539883646,925.0452539883646,2151300
2020-01-30,931.4005126953125,932.671497605786,925.8080115236503,931.1462784764226,2832900
2020-01-31,929.6209106445312,943.3478806130313,929.3666764663088,931.6545047943921,3668100
2020-02-03,928.0956420898438,932.162923263868,919.9611728337633,924.5368292450526,3066600
2020-02-04,930.1293334960938,931.4004113602638,915.6397533435862,919.7070349433703,2630700
2020-02-05,939.7889404296875,942.5851436439324,933.9422067654111,935.4674254444467,2730600
2020-02-06,963.6838989257812,965.9717267732115,953.007368971107,953.261603095917,4400400
2020-02-07,947.9234008789062,959.8709160647477,946.3981822129707,956.8204787328767,2643300
2020-02-10,951.9906616210938,953.77002129921,944.8729436327557,946.6523964028296,2160900
2020-02-12,944.3646240234375,946.6524521087498,938.517890188553,945.3813744444898,2056800
2020-02-13,947.160888671875,947.4151228395878,938.2638099055599,943.3478416160301,2276100
2020-02-14,955.5496215820312,957.0748404512764,941.3142764997347,946.3983083665609,3448500
2020-02-17,951.2282104492188,955.8038671113069,940.0432098805766,947.6693043173902,2791500
2020-02-18,940.8058471679688,953.2618328140645,937.7554093029637,953.2618328140645,2519100
2020-02-19,935.21337890625,944.3646919053044,932.6713164869672,944.3646919053044,3108000
2020-02-20,950.2113037109375,952.4991318900168,943.0935850120352,945.8898815144433,3062100
2020-02-21,952.75341796875,957.0748404007255,944.1104800128272,944.3647141883453,3887700
2020-02-25,926.316162109375,932.1628960812835,910.555599294069,912.0808180533556,5294100
2020-02-26,923.774169921875,926.5703732136761,915.3854669545084,918.6900454561016,3439200
2020-02-27,906.4884033203125,921.2322170745703,903.6921996964948,920.9779828935053,3680700
2020-02-28,885.3895874023438,895.0492762457275,874.4588207247427,889.7110099995461,7036800
2020-03-02,874.2047729492188,884.1186970361114,856.9188945312618,867.849662375677,5010000
2020-03-03,859.4609985351562,879.5430818829676,858.1900135963798,879.034613433865,5969400
2020-03-04,850.0552368164062,856.6645802664804,846.4964240223433,851.5804555984284,4008600
2020-03-05,845.7337646484375,850.8177959240563,839.3786557349432,850.0551865781155,3661200
2020-03-06,821.838623046875,831.7525443302104,811.6705607150164,830.2273256712358,4703700
2020-03-09,784.4708862304688,807.6034038038234,776.5906041323515,804.0445907509894,5994300
2020-03-10,781.6746215820312,788.538106064215,755.3645977336605,785.2334343569526,7853700
2020-03-11,766.4225463867188,789.5550655504438,763.3721083911497,770.2355938811801,5993100
2020-03-12,745.196533203125,758.1608935654233,734.3928840525477,751.0431744927199,7897500
2020-03-13,706.8118286132812,729.9443458211381,668.5542863508776,688.2550145578894,9551100
2020-03-16,689.7802124023438,719.6490965217904,681.8999306689258,708.0828382703993,8472300
2020-03-17,690.6699829101562,700.4567887951587,658.5132685080234,678.3411144619419,9549000
2020-03-18,673.892578125,728.1649205825214,673.6383439398302,701.2194017196442,8298900
2020-03-19,697.6605224609375,731.850876813806,680.7560441910224,692.95779526512,11269800
2020-03-23,716.2173461914062,721.4284949276699,681.7728059887282,686.602650023656,10498500
2020-03-24,727.2752685546875,752.4413818195936,714.4379777272828,747.865724862338,9061200
2020-03-25,765.1513671875,774.0484918040227,750.0262972307944,752.6954299611531,7985100
2020-03-26,774.048583984375,779.6410377129399,737.6975183837372,753.7123166730692,7231500
2020-03-27,826.6685180664062,826.6685180664062,791.8427228439544,791.8427228439544,10181700
2020-03-30,806.6328125,810.2756384562579,770.334289722046,797.2654164337424,8546100
2020-03-31,787.1175537109375,815.2196501213592,785.2961405058784,808.9747503956663,5199000
2020-04-01,771.7655029296875,801.9491993566616,759.6660102972747,775.9287533302074,4869600
2020-04-02,768.5130004882812,789.4594198663059,763.6992075594361,764.2196317704696,5170200
2020-04-03,782.1737060546875,800.127793119815,775.6686179271849,781.6532818523575,5302500
2020-04-06,794.4032592773438,804.55117314333,778.1404686827528,784.77567428596,6344400
2020-04-07,796.2247314453125,816.2604200485437,786.5971933846015,799.8675579305519,5548200
2020-04-08,804.8114624023438,810.2757497319426,795.9645368931662,808.7145247806286,3994500
2020-04-09,796.4849853515625,804.551299113288,784.7757971596343,799.6074831808854,2834400
2020-04-10,793.1022338867188,797.785908496286,778.4007155771778,789.4593599754547,3281700
2020-04-13,780.6124267578125,789.4593517128005,777.3598590980545,786.5971379112228,2919600
2020-04-14,784.5155639648438,788.4186264721316,773.0665647285309,786.8574014692165,3105300
2020-04-15,780.352294921875,785.556346380014,766.6915764658515,774.1073950562643,4082700
2020-04-16,781.1327514648438,786.857225983922,763.9592802628138,764.7398925901787,3497700
2020-04-17,783.4746704101562,794.143008237016,779.4414904152408,783.214434510613,3006900
2020-04-20,764.739990234375,782.1736518899082,764.739990234375,772.9364207182513,2856000
2020-04-21,770.9849243164062,773.7170679338769,755.2425571150934,757.4542765428731,3742200
2020-04-22,778.4006958007812,779.7016847294062,760.5766805595719,763.5690599139708,3370800
2020-04-23,777.2299194335938,779.1814508285183,767.6023327887591,778.5309086003372,3306600
2020-04-24,788.6787719726562,793.362446727317,781.132883297794,785.5563221362157,3358800
2020-04-27,805.5919189453125,809.7552164394928,786.0766108313272,793.6225458503333,3869100
2020-04-28,800.1278076171875,805.852331012124,788.9390444004027,799.3471951219512,3042900
2020-04-30,812.3572998046875,826.4083234769059,810.7960749522188,824.586958008761,4708200
2020-05-01,781.6531372070312,799.8674091803607,777.4898872932177,798.0459962764666,3492000
2020-05-07,764.6099243164062,775.4083810770136,755.6328807945699,775.0180748369337,6189300
2020-05-08,770.9849243164062,783.9951002554449,765.520637081465,774.4976803960113,3437100
2020-05-11,779.5716552734375,789.7196172014353,779.1813490454376,782.4338691822347,3166200
2020-05-12,782.954345703125,790.240046564523,775.4084089091298,785.5563715154515,2356200
2020-05-13,754.331787109375,757.5843547458519,746.5256628976713,754.982329223551,6006900
2020-05-14,741.1915893554688,753.1609654732875,737.6788330078125,753.1609654732875,4117500
2020-05-15,745.4849243164062,749.3879867473821,735.9874565194297,746.2655368026014,3390300
2020-05-18,749.6481323242188,750.9491689420323,739.5001705817588,740.4109009787086,2940300
2020-05-19,775.4083251953125,781.653224586536,766.4312823204289,766.4312823204289,4770900
2020-05-20,772.9364013671875,798.5664928649277,767.4721145147394,772.2858592644102,6794100
2020-05-21,771.8955078125,773.4567325359669,758.2347914821645,765.000114498787,4704300
2020-05-22,761.0972290039062,768.3829301862725,754.9824466353922,767.862553587766,5916600
2020-05-25,773.5869750976562,775.4083883535196,765.1303556981702,771.115019672352,2540100
2020-05-26,780.6124267578125,782.954264038086,774.6277156044022,778.5307777381912,4795500
2020-05-27,801.9491577148438,805.0716072642986,774.2373703186332,775.6685247919994,7732800
2020-05-28,809.2348022460938,824.5869092472662,805.5919762356176,808.1940492657275,7209000
2020-05-29,823.5462036132812,823.5462036132812,791.0206662619602,795.1839647732887,17052300
2020-06-01,817.0409545898438,823.8063256465559,808.4542181090634,818.3420387951502,4523100
2020-06-02,823.5462036132812,834.2145428921444,809.7554142733251,809.7554142733251,4863000
2020-06-03,821.2042236328125,838.1174601003273,819.1226223830007,833.9542576007035,5262900
2020-06-04,824.8470458984375,834.9950067908046,824.3266694107458,826.1481300520619,5037600
2020-06-05,840.19921875,845.1430339949658,829.2706446238168,836.0359206530145,5410800
2020-06-08,863.357421875,863.6176578039288,844.1023453745662,851.3879984884538,6129000
2020-06-09,870.3827514648438,873.765436671701,858.6735664675589,862.0562516744161,4843500
2020-06-10,858.6737670898438,863.097206248011,851.6482544500177,862.5768296675249,4456200
2020-06-11,831.6124877929688,846.1838883006267,827.9695661988507,840.4593652881588,6884400
2020-06-12,819.1226196289062,821.4644567606697,804.0307485721205,816.5205466081923,7248000
2020-06-15,811.056396484375,829.7910966919063,811.056396484375,819.1227575035997,4683300
2020-06-16,835.775634765625,841.7603932889614,822.7654600137431,829.0103591409822,5328900
2020-06-17,824.8470458984375,836.5562315434765,818.3420062887026,834.2143944144686,2769000
2020-06-18,821.4645385742188,824.0665165644791,806.8930425544927,819.6430777493514,3522900
2020-06-19,806.1123657226562,813.9184896492462,798.0460535467797,811.8368883653551,7100400
2020-06-22,800.648193359375,808.4543184011941,799.0870159958173,800.1278167864579,2280600
2020-06-23,791.8012084960938,800.387993046734,783.7348957691804,798.0461080639757,4520700
2020-06-24,792.3216552734375,799.8675440366485,789.9798178686884,796.2247176146859,2788500
2020-06-25,780.0919799804688,787.6379157686732,777.7501427680743,780.3522158783793,2752200
2020-06-26,789.19921875,795.7043068805151,781.9135181380309,785.8165805453009,2625600
2020-06-29,773.06640625,782.6939902241935,771.8954877378518,779.3113049814568,3489300
2020-06-30,770.4644775390625,792.321625838043,769.0333706153729,791.8012016636094,4229100
2020-07-01,757.5844116210938,769.6839050575976,753.4211609438983,763.308887257838,4002600
2020-07-02,764.479736328125,769.1634107800566,755.6328115782987,759.5358736215751,2964600
2020-07-03,767.342041015625,779.7017223019596,760.3165289412194,775.1481655427423,2251800
2020-07-06,777.2299194335938,779.701827437292,767.4722624589705,767.7324507633573,2488200
2020-07-07,773.32666015625,781.1327837525621,766.0409130364937,780.0919355098555,2854200
2020-07-08,762.5282592773438,771.895608844217,762.5282592773438,770.7246901483578,2394300
2020-07-09,755.6328125,761.7475938269915,747.9568063537937,756.5435428594756,3405300
2020-07-10,744.0537109375,756.5435089310945,743.012862674835,756.4133909870618,3420300
2020-07-13,752.2501831054688,764.0894396884065,751.339452735704,758.8853886620957,4038000
2020-07-14,757.06396484375,759.6660381286066,746.0053201399209,746.0053201399209,4110300
2020-07-15,755.1124267578125,761.0971380841779,751.7297886923727,756.8037696129339,3906000
2020-07-16,756.1533203125,768.7731905674995,754.8522836042793,765.2604343356285,4835700
2020-07-17,751.7297973632812,762.0078772794444,749.3879599883178,759.0154977593443,4000500
2020-07-20,747.956787109375,754.5919924203189,740.8011576571495,754.0715682790374,3860700
2020-07-21,738.5894775390625,740.1507024007658,734.1659912159693,737.8088651082109,4871400
2020-07-22,734.5563354492188,749.1277841275457,733.9058409381092,740.4109289836174,5278200
2020-07-27,740.0205688476562,742.4925240415113,728.0511943751804,733.7756695324862,4413300
2020-07-28,734.6864624023438,741.5818567678821,732.6048132385866,736.3777576808918,2953500
2020-07-29,713.08935546875,717.2526053005251,706.5842686732022,715.5613103676639,6794700
2020-07-30,705.6736450195312,720.7654696287613,704.242538095967,719.5945509699899,5061900
2020-07-31,685.898193359375,705.0231994461035,682.1252012117146,702.5512440022715,8085600
2020-08-03,699.8190307617188,705.8037418310936,687.979726573869,690.4516817721587,6816000
2020-08-04,715.4312744140625,718.4236061068437,704.1123944587937,706.1940434356156,6735600
2020-08-05,712.1787719726562,718.6839077535271,705.5435658746352,711.007853249476,6980700
2020-08-06,725.7094116210938,730.9134630112757,715.0410252750538,718.5537814035885,6622500
2020-08-07,737.93896484375,752.7706016213752,716.0818159083024,722.0665273317524,7510800
2020-08-11,734.9465942382812,742.362412236437,724.9287507188641,724.9287507188641,9472500
2020-08-12,759.2756958007812,764.8700530431538,738.4593487356531,740.2807618326115,6838500
2020-08-13,759.9262084960938,764.4797651701108,752.6405082887061,761.0971271532526,4595400
2020-08-14,755.6328125,762.528206236599,753.6812814759815,762.3981359315313,3591300
2020-08-17,752.7706909179688,761.6176649664101,752.7706909179688,753.4212331433245,2122200
2020-08-18,746.785888671875,749.7782203641731,739.8904472818655,745.2246638507106,3896400
2020-08-19,752.7706909179688,758.7554030513485,744.7043770689162,746.5257904813321,3473100
2020-08-20,753.291015625,757.0639599252859,748.7374588732893,748.8675291853248,2046900
2020-08-21,751.4695434570312,765.3904485329404,749.7782007301267,751.9899199539256,2738400
2020-08-24,747.8267211914062,754.5920449195543,747.8267211914062,749.387946079071,1981800
2020-08-25,763.5690307617188,769.8139298440575,763.0486066232576,766.0409382186119,3532200
2020-08-26,766.4312744140625,768.1226171966716,759.5358806223186,762.6583302857197,2155800
2020-08-27,754.4619750976562,757.3242367892509,749.908418099724,757.1941188253767,3882900
2020-08-28,767.9925537109375,783.474732819814,760.7068531945747,767.6022474753322,5211600
2020-08-31,765.2603149414062,780.3521859387887,764.3496322680595,773.8470510574073,4353600
2020-09-01,760.967041015625,762.2680776818003,753.5512225435543,758.1048270527654,3419100
2020-09-02,760.57666015625,767.6021717036404,757.7144464742165,767.6021717036404,2877300
2020-09-03,763.8292236328125,766.4312490512735,758.6251251510914,762.5281871011824,2874300
2020-09-04,761.2272338867188,766.3012146596122,755.1124047818257,757.584360014323,3471600
2020-09-07,762.1378784179688,770.5945443787564,760.5766536430294,766.1710583014951,2675700
2020-09-08,767.4722290039062,767.602299328025,758.7553732716182,766.4313805421119,4893000
2020-09-09,759.666015625,759.9262038878568,745.0945676537846,745.0945676537846,5866500
2020-09-10,773.4569091796875,775.1482522313149,760.9671085395051,765.0002892111668,3833700
2020-09-11,780.8726196289062,786.5971425554633,772.155812575179,786.5971425554633,4584600
2020-09-14,794.923583984375,797.2654211034563,781.6531736429135,782.4337860159407,3236700
2020-09-15,780.6124267578125,787.1175144325272,774.4976452964768,786.5971379112228,4286700
2020-09-16,778.6610107421875,782.9543797237234,773.7171471905066,778.1405864991864,3660900
2020-09-17,772.2859497070312,777.4900489147022,767.7323926783229,777.099742665247,4341000
2020-09-18,768.9032592773438,772.9364394631067,765.0001970475095,768.3828350984317,6405000
2020-09-23,770.8547973632812,773.0665167652542,756.9338911659166,761.0971417004549,5318400
2020-09-24,767.0818481445312,769.6838737563595,758.8854174402292,765.260387335929,5547300
2020-09-25,763.5690307617188,768.9031995129501,757.8445081730424,768.5128933203039,5084100
2020-09-28,779.1813354492188,780.6124423786455,764.870075575742,771.5052813359605,5405100
2020-09-29,775.9786987304688,786.253894572943,771.1747034479456,785.4532286925224,3501000
2020-09-30,753.6934204101562,772.9094003826709,752.892754577968,770.373991159918,5173200
2020-10-02,746.6209106445312,761.2997683801257,741.9503761079252,755.6951073886921,4681800
2020-10-05,765.0361938476562,769.7067281920589,757.0295356179581,759.9653265917686,3899400
2020-10-06,774.9111328125,779.7151282262549,769.9737256608752,773.309801007915,3368400
2020-10-07,772.375732421875,773.9770642452315,765.970405128449,771.3081452937913,3100800
2020-10-08,770.1070556640625,779.1813008394689,768.639184621907,772.6425137084794,4286700
2020-10-09,755.8286743164062,767.0379978761835,751.6918838559452,765.8369989233502,5003400
2020-10-12,751.1580810546875,754.4941564199261,747.2881632599838,753.5600787746682,2490300
2020-10-13,769.5733032226562,770.1070478496077,763.4348490626124,764.5023871852782,4866900
2020-10-14,775.8452758789062,778.2472736370453,771.5750739318045,773.4432781207672,4055100
2020-10-15,774.1105346679688,783.9854475731046,772.5092027232195,778.113864529842,3225600
2020-10-16,774.9111328125,781.4499206374782,769.0395991519445,769.0395991519445,3961500
2020-10-19,789.3231201171875,798.5307780059563,783.8519194004072,784.7860459105964,4390500
2020-10-20,780.5157470703125,795.4615259682629,777.9803377784281,784.9194092674192,3358200
2020-10-21,789.3231201171875,791.7251178273011,783.0512534970359,784.6525853037783,3248100
2020-10-22,786.921142578125,791.9920593419704,782.5174799967048,789.990394532234,2298300
2020-10-23,795.4615478515625,800.2655431078376,784.2522255869204,800.2655431078376,2769300
2020-10-26,795.1947021484375,795.728446837833,787.7217878092157,791.9920385369905,1939800
2020-10-27,794.6608276367188,799.7316948820084,790.6574985302365,797.9969515150417,2401500
2020-10-28,772.9094848632812,783.7184747792659,765.036286275796,783.585063038495,4621800
2020-10-29,770.2405395507812,774.2438687584256,765.436544501608,768.2388749469591,2163600
2020-10-30,759.1647338867188,769.7068023253239,757.1630691365066,769.7068023253239,3508500
2020-11-02,768.3722534179688,775.9785780995106,759.1645972245234,760.232135276206,3160500
2020-11-04,776.112060546875,791.458171890829,776.112060546875,784.9193846650329,3913200
2020-11-05,772.509033203125,775.177951771219,761.2997120496636,770.5073687114354,3078600
2020-11-06,776.24560546875,779.7151414814101,768.2389463097119,772.5091482382758,2968800
2020-11-09,793.7267456054688,797.5966632039732,779.8485535498851,789.5900045432968,4230300
2020-11-10,833.7601318359375,841.7667909197093,820.4156348712929,824.4189644131787,6322800
2020-11-11,860.1820678710938,868.9893924645263,851.10782207444,856.9794043825729,4429800
2020-11-12,835.6282348632812,851.9084732278272,832.158747969016,843.3680699851716,3847800
2020-11-13,820.4155883789062,834.827573912978,814.0103103436404,827.6215811459422,3520200
2020-11-16,840.4322509765625,848.4389097592466,827.3547734565345,831.0911816426091,3852600
2020-11-17,857.7800903320312,862.0502432583181,843.3681042963578,859.1145009043039,4401900
2020-11-18,853.5098266601562,858.046900726764,845.5031678734756,853.776747865557,3047700
2020-11-19,884.4688720703125,884.7357932749127,848.9727500475029,872.1920604592427,9258300
2020-11-20,845.77001953125,872.1919913546186,836.962695590127,870.3237385455081,7886700
2020-11-24,854.84423828125,867.9218135616959,850.8409088829027,865.5198159226875,4986000
2020-11-25,861.783447265625,874.8609254084848,858.8476070804617,870.857595826479,5072400
2020-11-26,837.2295532226562,843.6348799868399,830.2904818073007,843.1011353356679,6085500
2020-11-27,842.5674438476562,845.7701074318254,834.8276083608903,838.0302719450593,5657100
2020-11-30,810.0069580078125,838.8308793879995,810.0069580078125,837.2295477075022,9613800
2020-12-01,811.6082763671875,817.746681795833,805.7366943892259,810.5406893518688,5102100
2020-12-02,828.1553955078125,831.6248823050101,818.0136119635391,821.2162264383595,5223900
2020-12-03,831.6248779296875,843.3680419527348,828.1553911507434,840.9660444576836,3701700
2020-12-04,833.7601318359375,847.3714522783494,827.8885492619924,828.9561363856745,3489900
2020-12-07,843.6348876953125,858.313794243201,840.6991454807472,851.1078015676517,4155900
2020-12-08,832.6925659179688,839.8985592768742,831.0912340604342,835.8952296330378,2642100
2020-12-09,842.3004150390625,842.8341596557302,834.8275017180965,839.6314964806768,2161800
2020-12-10,834.2938232421875,846.5707322990168,834.0269020439309,842.3004818145693,2276400
2020-12-11,843.9017944335938,843.9017944335938,832.4255514936822,839.3647205910842,3532800
2020-12-14,840.4322509765625,858.313821503735,838.8309192200257,848.7058309645141,3423600
2020-12-15,825.486572265625,835.8952293358997,824.6859063371423,832.9594868439766,2625300
2020-12-16,828.6890869140625,837.4964105431009,826.8208341711529,833.2261604468172,2826300
2020-12-17,826.8208618164062,834.8275199286941,825.486451376867,826.5540383710139,2933100
2020-12-18,815.0778198242188,826.8208861554111,813.4764881546231,819.8818148330059,5499600
2020-12-21,810.540771484375,820.949477160251,803.6016995254828,813.2096904243509,4082100
2020-12-22,803.334716796875,811.0745029401204,800.1320534091549,807.3380460315252,3560400
2020-12-23,813.209716796875,814.2772550862245,803.6017255864181,805.7368021651171,3704700
2020-12-24,809.206298828125,820.9494142046842,808.1387117864964,818.814288990192,2231100
2020-12-25,817.2130126953125,823.0845463472403,814.0103490908485,822.0169592332401,2333400
2020-12-28,822.5507202148438,823.0844648502273,812.6758091663236,819.6149292451805,2421600
2020-12-29,836.1620483398438,838.8308692835047,827.0878030138236,831.3580533562205,2904900
2020-12-30,838.2972412109375,846.0369794038413,834.8276562166845,842.8343156360822,3194100
2021-01-04,820.949462890625,832.6925300948351,820.1487969963031,830.8242770955718,3665700
2021-01-05,825.2195434570312,831.09112541292,822.0168801606424,824.418877632934,3213300
2021-01-06,842.5674438476562,845.5031862206325,818.814339308813,821.7501305505574,3292500
2021-01-07,873.259521484375,889.5397596863749,852.9760517683919,861.2495337298335,6659700
2021-01-08,887.6714477539062,887.6714477539062,870.0568002187339,871.9250529910329,4907700
2021-01-12,871.3912353515625,883.1343001451272,868.4553958500344,882.3336344151679,7061700
2021-01-13,873.7933349609375,875.9284112452481,854.0435128153379,862.0501710534114,3784500
2021-01-14,885.0027465820312,889.5398207996099,867.921841356235,868.1887625705175,3594300
2021-01-15,875.9284057617188,889.5397246812337,874.3270741241288,885.0026509539042,3434400
2021-01-18,866.58740234375,871.6582210860797,861.5164858638861,871.6582210860797,3058500
2021-01-19,868.9893798828125,876.99603848819,864.7191293807673,866.0535399024862,3065700
2021-01-20,856.7123413085938,867.9216616621642,850.3070153922678,865.519664443542,3714600
2021-01-21,857.24609375,862.5839305542305,852.7090204301702,854.0434307624689,3489300
2021-01-22,836.69580078125,848.9727095441385,832.6924715909091,848.9727095441385,4662900
2021-01-25,830.557373046875,842.0335179271202,828.1553755969363,835.8951125786745,3513300
2021-01-26,829.2228393554688,834.560676460613,826.0201761873916,830.2904263240023,3522300
2021-01-27,828.6890869140625,830.8241630934431,822.0168394644047,822.0168394644047,4811100
2021-01-28,810.8077392578125,820.949524300791,798.2639563521896,798.2639563521896,16383600
2021-01-29,801.7333374023438,819.347984986787,800.132005803758,815.3446559903226,6267000
2021-02-01,804.6692504882812,815.0779074597714,804.6692504882812,806.5374546807537,4130700
2021-02-02,807.6049194335938,807.8717917438557,801.1995930372104,806.8042536340458,4591200
2021-02-03,819.8818969726562,821.483228802681,812.4090313887973,813.7434420013051,4752300
2021-02-04,828.4223022460938,835.0945507951933,825.4865597985084,827.0878916312893,4296300
2021-02-05,837.4964599609375,843.6348654248147,835.3613836555733,840.4322020980043,6688500
2021-02-08,854.043701171875,855.1112884182468,839.6317131648259,841.2330451656092,5171100
2021-02-09,859.1143798828125,863.651453379441,853.7766406081013,859.3813010546806,4929000
2021-02-10,867.387939453125,871.3912682540818,857.7799503308289,858.8474395194044,4545600
2021-02-12,861.24951171875,874.3270861853132,860.7157670780327,867.921759546593,6475500
2021-02-15,853.7766723632812,863.117740875836,846.8375035367889,861.7833304419069,5262900
2021-02-16,848.4389038085938,856.7124837385173,845.5031615213779,854.8442307898164,5098500
2021-02-17,844.9694213867188,854.8442353774086,842.300502551042,850.8409059926604,4056900
2021-02-18,831.8919067382812,847.6383042192737,830.8243195787502,844.7025617024896,4833000
2021-02-19,828.6890869140625,835.0944131897268,826.5540107346819,831.8917500518946,3999900
2021-02-22,836.1620483398438,845.7700383070905,836.1620483398438,840.4322009447125,3748800
2021-02-24,828.9560546875,842.3004525994432,827.3547230285658,841.7667079589745,5178300
2021-02-25,828.6890869140625,833.4930816208107,823.0844264228563,830.023497308985,6329100
2021-02-26,800.6658325195312,822.5507311875746,800.6658325195312,822.0168888075426,7593300
2021-03-01,819.34814453125,819.34814453125,807.3381552032572,808.405742389371,4839300
2021-03-02,818.5474243164062,823.0845473847052,811.8752247549525,821.4832155804548,4991400
2021-03-03,829.4898681640625,832.1587870629454,816.9460861718635,820.4156220978896,4836900
2021-03-04,821.7501831054688,828.4223341741799,814.5441407114589,822.0170065961901,4433100
2021-03-05,823.8850708007812,824.6857365644361,816.9459512261864,821.2161523427586,5466900
2021-03-08,842.5674438476562,846.036930905482,832.9594530951491,837.2296060490171,5624400
2021-03-09,854.043701171875,860.7159504209881,848.972881661094,859.3815396661851,6276300
2021-03-10,855.6448974609375,860.9827351086262,850.0402363471376,852.709155170982,5586300
2021-03-11,846.036865234375,850.0401944038398,833.4931330825616,838.5640492763931,7867200
2021-03-12,843.101318359375,852.1755658243512,834.8277369137334,835.3615794183239,7570200
2021-03-15,858.8475341796875,861.5164529203274,850.0402098468588,850.3071310421819,6461700
2021-03-16,860.1820678710938,864.719141900654,852.1754091497914,852.1754091497914,6640200
2021-03-17,878.0636596679688,878.5975021468481,854.3106014842341,854.3106014842341,8703000
2021-03-18,901.2827758789062,903.9516944766128,881.5330519209483,881.5330519209483,7242600
2021-03-19,903.41796875,921.8332826630833,896.7457209849246,897.8133079938442,16284300
2021-03-22,917.2962036132812,922.6340414582407,901.0160620775048,906.3538021849273,8811600
2021-03-23,911.15771484375,923.1677022977537,910.090127824218,913.2927911452857,6632700
2021-03-24,885.8035278320312,904.4856695636012,879.9319445160107,899.9485947552284,5382900
2021-03-25,897.54638671875,903.4179686609386,890.6073155052741,891.9417259631467,3562200
2021-03-26,908.2219848632812,917.0293091140528,901.5497369426113,908.7557295114243,4346700
2021-03-29,902.3505249023438,914.8942588627696,886.8709506359887,912.7591822437196,6285300
2021-03-30,906.1716918945312,908.628181511072,889.5222177967452,905.8988152403501,5136600
2021-03-31,886.7926025390625,900.7127080267486,886.2467493676165,898.8020719944853,5140800
2021-04-01,883.2443237304688,901.5315547997457,880.5149578668538,895.253893367667,4784100
2021-04-02,875.8748779296875,892.7974264912399,872.5995588474266,886.5196649470357,2675400
2021-04-05,881.8796997070312,882.6985295117731,871.5078888319039,878.6043804880636,2173800
2021-04-06,875.3290405273438,887.6114873074281,869.597232029971,886.5196809420402,3094800
2021-04-07,879.9691162109375,881.3338992704487,872.599647526915,877.7856032524621,3568800
2021-04-08,869.0513305664062,888.1572911934926,866.3218647819073,887.8844145834042,3267300
2021-04-09,869.3241577148438,875.3289421171685,866.0488389417206,870.6889405068428,2876700
2021-04-12,878.6041870117188,880.7876993585985,871.5076969182683,871.5076969182683,2376000
2021-04-13,881.8796997070312,888.4303381449665,878.3314039015463,885.7008721442235,2186100
2021-04-14,864.9571533203125,872.8724738928822,860.3170516443244,872.3266207359185,4156500
2021-04-15,867.9595336914062,872.5995356161429,865.7760210129661,871.2348526864682,2079900
2021-04-16,884.0631103515625,884.0631103515625,867.4136395494226,870.6889583898171,4223100
2021-04-19,873.9642944335938,883.5172745878555,871.7806818604821,883.5172745878555,2058600
2021-04-20,861.954833984375,870.9619621100834,860.590150919963,870.1431322804735,2892900
2021-04-21,854.0394287109375,856.2229413912914,846.6699609655891,851.5829394624881,3382800
2021-04-22,862.2278442382812,862.2278442382812,851.8560326432726,855.1313520895718,2292600
2021-04-23,858.679443359375,861.954762405825,852.401781838614,857.04178383615,2302200
2021-04-26,855.6771240234375,860.8630793054851,851.3099985251445,860.0442495217306,2583600
2021-04-27,850.4912109375,852.4018471793236,844.7594021668417,849.1265278818046,3565800
2021-04-28,856.4959106445312,859.7712296144912,848.5805897853955,852.1287853663171,3166200
2021-04-30,844.7593383789062,858.9524209147039,844.2134851888081,855.4041252920532,4276200
2021-05-06,868.2326049804688,873.1455840090508,860.5901598399586,872.0537775733168,5268900
2021-05-07,887.884521484375,887.884521484375,872.0537779559486,877.5126102273857,3789600
2021-05-10,899.6210327148438,899.6210327148438,887.0657082599062,887.8845381136985,2797200
2021-05-11,885.1549072265625,895.7996933449208,883.7902243758081,893.3432042406843,3097200
2021-05-12,884.336181640625,894.1621392144098,875.602030448864,884.336181640625,3809100
2021-05-13,882.6984252929688,891.4325755273851,880.7877893225534,882.1525721391922,3079800
2021-05-14,910.2657470703125,911.6305300192779,890.6138321713686,891.4326619588246,4079700
2021-05-17,906.717529296875,911.3575313282863,898.5292316209694,904.2610399941034,3483300
2021-05-18,919.5457153320312,925.2775229966121,911.3574186683445,911.9032717943259,4312200
2021-05-19,922.548095703125,923.0940488065332,904.2609656992918,907.2633079488471,4182600
2021-05-20,908.3552856445312,926.0965658482563,892.2515651957126,925.5507125966209,9059100
2021-05-21,912.1763305664062,920.3646279682591,898.8020781584459,906.9903755602987,6776400
2021-05-24,906.9903564453125,913.2681176242962,901.2585483848144,912.1763113421251,6522900
2021-05-25,911.3575439453125,917.6352055988142,903.4422227339577,908.6280780306215,6214200
2021-05-26,906.444580078125,912.4493652066079,900.1669183220805,900.7127715320122,6022200
2021-05-27,896.3456420898438,908.9010655021367,873.4184080051052,901.5315974034708,14235600
2021-05-28,921.7293090820312,922.0022856464935,903.169201659043,907.8092035260895,5194200
2021-05-31,912.4492797851562,920.3646003847899,908.3551312069321,917.9081112378555,3351000
2021-06-01,915.45166015625,919.2728323365474,910.5386816580948,912.722194339007,2752800
2021-06-02,909.9927978515625,916.8163122328253,906.1715258450633,915.4516293475328,4086900
2021-06-03,923.6400756835938,928.8260314126189,911.3576278686523,912.1764577229818,2846100
2021-06-04,929.371826171875,932.6471453830534,920.3646983411343,927.1883133493593,2844300
2021-06-07,934.5577392578125,936.7412519814588,928.5529543242783,934.8306158765149,2620800
2021-06-08,942.4730224609375,952.0260026920862,931.5552593719094,931.8282359344456,4540200
2021-06-09,922.548095703125,938.6518131125152,920.6375597055886,937.2870303087922,3408000
2021-06-10,918.4540405273438,922.8211660243737,915.7246745521567,922.2753128202978,3741300
2021-06-11,909.7199096679688,915.1787416942411,898.8021456606143,915.1787416942411,5639700
2021-06-14,905.6256713867188,915.9974812006689,904.2609885033779,914.9057748759162,2642700
2021-06-15,909.9927978515625,917.3622653507824,903.1691835154998,903.4421600744782,2983200
2021-06-16,907.2633666992188,917.0893237392825,907.2633666992188,915.4516642326051,3056400
2021-06-17,902.077392578125,913.8139854466327,901.2585628420617,907.5363241217482,4201500
2021-06-18,875.3290405273438,887.884463887477,873.6913809566659,886.7926575220891,8615700
2021-06-21,857.3148193359375,865.7760941057885,852.128863837666,858.9524789717273,4950600
2021-06-22,883.790283203125,885.4279427149561,875.8748622594052,882.9714534472095,4212000
2021-06-23,872.32666015625,879.9690045182949,871.5078304064021,876.6936855189033,4084500
2021-06-24,874.51025390625,877.512596615747,867.4137620679783,868.505468532443,2589900
2021-06-25,883.2443237304688,885.154959798842,876.4208091166279,879.969004730288,2923200
2021-06-28,884.8820190429688,893.343293454143,881.8796764895619,893.0703168748124,2200500
2021-06-29,871.5078125,875.0560080399025,867.4136638348807,872.0536656704155,3215400
2021-06-30,875.60205078125,880.5150296822268,870.1431186991791,878.8773700485679,4038000
2021-07-01,894.9810791015625,900.439911773539,888.9762931940131,888.9762931940131,5636700
2021-07-02,906.1716918945312,910.538817864432,897.7105165185476,897.7105165185476,3366900
2021-07-05,902.8963623046875,903.9881687736528,895.7998701434567,896.0728467494023,2075100
2021-07-06,913.5409545898438,916.5433967468371,900.9856326862568,908.9009530128482,2453100
2021-07-07,896.8916015625,903.1692633354103,896.0727717679982,900.4397973688016,3701100
2021-07-08,894.9810791015625,904.5340612662269,894.9810791015625,903.1693780869382,3507600
2021-07-09,886.7926025390625,889.5220683058956,878.0584520219188,882.4254773030899,5589900
2021-07-12,903.1692504882812,913.2681844617533,900.9857377189389,913.2681844617533,3551400
2021-07-13,919.8187866210938,922.2752758732378,915.7246378675203,918.7269803018729,2864400
2021-07-14,924.1858520507812,927.4611711956214,918.4540435473111,919.8188264941997,3761400
2021-07-15,918.18115234375,926.9153032730482,915.4516864481164,925.8234969238335,2568000
2021-07-16,915.9974365234375,921.7292442906233,913.5409474803579,920.637538019118,2298300
2021-07-19,914.0870361328125,921.4565043549662,909.4469339489907,911.3575701396708,2801700
2021-07-20,902.3504028320312,903.1692325986666,894.9809349323142,895.2539115061277,2606100
2021-07-21,909.1740112304688,922.0023108338077,903.9880560928274,920.9105045009345,3853200
2021-07-26,920.3646240234375,923.6399429701402,918.1811113772364,920.6376005872634,2326500
2021-07-27,933.739013671875,936.1955032431064,929.0989111785603,932.3742306068688,3263100
2021-07-28,931.2824096679688,938.1059243352844,927.1882608856575,933.7388989373553,2190600
2021-07-29,929.371826171875,935.9224645942318,926.642360177623,930.736509191596,2116500
2021-07-30,922.548095703125,930.1905395576626,921.7292660028102,929.0987333056438,3366000
2021-08-02,943.8377685546875,947.1130877052009,927.1882961761162,929.6447855390013,3027600
2021-08-03,933.4659423828125,942.4730698970327,928.5529637386925,938.1059444506571,2859600
2021-08-04,927.1882934570312,934.8306381492786,926.0964870917926,928.0071232422583,2544300
2021-08-05,937.5599365234375,938.3787661623227,921.1833437457356,921.7291968533957,2568300
2021-08-06,937.2869262695312,941.108197750036,933.7387312652164,937.5599027909348,3560400
2021-08-10,945.4755249023438,956.6662664485444,941.654352153905,955.3014833596019,4113300
2021-08-11,951.753173828125,963.2167906624852,948.7507313540169,949.5695611278998,3964200
2021-08-12,964.0355834960938,970.3132448703772,955.8472860710273,958.3037752985472,2610900
2021-08-13,965.1273193359375,970.0402979410777,962.3979534140634,965.6732724841569,2745000
2021-08-16,951.2072143554688,959.6684886143072,947.9318952816999,959.3955120398912,2353200
2021-08-17,950.9344482421875,956.9391339386868,948.7508353027174,953.6638144842991,2643900
2021-08-18,955.8473510742188,959.941500065178,951.7532020832596,955.574374489885,2175000
2021-08-19,953.936767578125,961.8520894128621,953.6637909787152,955.8474038643642,3125100
2021-08-20,956.120361328125,961.5792940488668,954.7556781253512,955.8474846604641,2391900
2021-08-23,967.5836791992188,973.5884633426971,965.1271902252674,967.0378260788269,2629500
2021-08-24,979.5933837890625,980.1392369854055,969.4944499504763,969.7674265260509,2533200
2021-08-25,967.856689453125,977.4096691441264,965.9460535330065,966.4920066272093,2811900
2021-08-26,971.950927734375,973.5885872587801,966.4920959712933,969.2214618754317,2564400
2021-08-27,979.5933837890625,988.0545581290073,973.8615753856391,987.2357283570897,3036600
2021-08-30,972.4967651367188,986.9628240039908,967.8567632111653,983.6875050083523,4361100
2021-08-31,970.3132934570312,974.953295578641,952.2990382198543,962.1249956219508,5156700
2021-09-01,988.3275146484375,989.9651741590397,970.8591132170792,972.2238961124505,3700200
2021-09-02,1014.5301513671875,1018.3513238921076,1005.795999901022,1013.9842981364311,5131200
2021-09-03,1025.9937744140625,1035.5467557551403,1010.7089842773753,1011.8006907447589,4030800
2021-09-06,1028.7230224609375,1038.276001777323,1028.7230224609375,1032.8171707329302,2406300
2021-09-07,1041.824462890625,1046.191488439876,1032.5443586775536,1035.5467012370145,2907300
2021-09-08,1039.6409912109375,1039.6409912109375,1031.179815589568,1031.4526922516632,4177500
2021-09-09,1027.9044189453125,1042.097402774146,1027.9044189453125,1031.7255915215655,2888400
2021-09-10,1044.5538330078125,1044.5538330078125,1028.177237246233,1028.177237246233,4161000
2021-09-13,1054.92578125,1056.2904642938663,1043.462163808051,1045.3727000785013,2835600
2021-09-14,1075.669189453125,1076.760995644032,1060.6573790908135,1064.4785508267996,3641100
2021-09-15,1064.751708984375,1076.4882027307228,1064.751708984375,1071.3023473376143,3248400
2021-09-16,1064.478759765625,1071.848228102464,1062.022270320012,1064.478759765625,3426900
2021-09-17,1057.9281005859375,1064.2057623949836,1057.1092707867224,1062.295226166688,6782100
2021-09-21,1047.283203125,1053.2879876730683,1038.276076280297,1039.9137357066068,3458100
2021-09-22,1033.9090576171875,1046.191504579198,1033.6361809879045,1042.6433087600456,3315000
2021-09-24,1063.1138916015625,1065.5703806194188,1052.741982445196,1058.473790153527,4431600
2021-09-27,1065.570556640625,1075.123537747632,1063.1140672169822,1068.5728992845848,3248400
2021-09-28,1064.205810546875,1066.6623000556688,1054.3798525117006,1059.292831529288,4349100
2021-09-29,1050.9605712890625,1063.7872967152668,1041.479863791689,1057.931586637723,4284300
2021-09-30,1047.335693359375,1059.604767549795,1046.499163252858,1051.7972212992966,4912500
2021-10-01,1030.04736328125,1048.7297995516524,1026.1434883257011,1042.0375591884076,4358400
2021-10-04,1038.691650390625,1044.2685865719457,1033.1148163248092,1039.24940527806,3111900
2021-10-05,1032.8360595703125,1041.759117656903,1023.6342261229338,1041.2013627042932,3235500
2021-10-06,1037.2974853515625,1048.7300311247307,1023.9130016696068,1030.3263660620416,4290600
2021-10-07,1033.11474609375,1042.316577840334,1025.5859746647268,1040.6435175227734,4306500
2021-10-08,1042.8740234375,1048.7297333858946,1025.864648331053,1032.5568882720754,4994700
2021-10-11,1060.7203369140625,1061.277989698333,1040.364733844349,1042.0377943126678,3266700
2021-10-12,1051.5185546875,1059.604979966402,1044.5474350305428,1058.7684496921875,3150000
2021-10-13,1037.2974853515625,1046.220440434364,1036.4609551214403,1042.8743195138752,3332100
2021-10-14,1018.3359375,1028.9319506497686,1013.0378798673738,1023.9127704026967,4896600
2021-10-15,1039.8070068359375,1042.8742501037382,1021.9609957425971,1025.5859938703616,3690000
2021-10-18,1050.1240234375,1056.2585086708646,1046.2201487084735,1047.8932087022054,3439800
2021-10-19,1039.5281982421875,1052.0761516897817,1035.9033019898868,1049.2877856673206,2737500
2021-10-20,1038.691650390625,1050.4030734096916,1036.1820597436822,1049.8454206377614,2507700
2021-10-21,1026.1436767578125,1036.1820391460374,1025.5860239969677,1034.7878561861737,2803200
2021-10-22,1028.37451171875,1031.720632578881,1018.0572716948446,1018.6149244663649,2625300
2021-10-25,1022.2398681640625,1029.4897622685703,1019.451400224406,1019.451400224406,3109800
2021-10-26,1033.951171875,1036.1818847013908,1028.0954613546724,1028.9319914290047,3390300
2021-10-27,1043.4320068359375,1043.4320068359375,1030.0475240207913,1037.2974181738289,3330900
2021-10-28,1024.74951171875,1035.0667517255763,1016.3842095822704,1033.3936912982804,14349300
2021-10-29,1027.8167724609375,1031.1628933719503,1019.4514701834054,1019.7303476311586,3090000
2021-11-01,1045.3839111328125,1046.2204413636778,1034.23024279828,1044.2686055686634,2577300
2021-11-02,1023.9129638671875,1041.4800980511834,1022.7975562297026,1040.6435678519454,3184500
2021-11-04,1040.6435546875,1043.1531452534666,1026.9801942342922,1043.1531452534666,5895000
2021-11-05,1031.720458984375,1037.5761695043382,1030.3261741169158,1034.7877018849074,2199600
2021-11-08,1033.3935546875,1041.4799783119336,1031.1627396690078,1037.0184503904404,2070000
2021-11-09,1024.470458984375,1037.8549401125997,1023.6339289138609,1033.9511671553632,2463600
2021-11-10,1018.3359375,1030.3261333465719,1018.0570601144459,1024.7493004438752,2003700
2021-11-11,1020.287841796875,1027.2589599829214,1015.547538615038,1018.0571289081558,2052000
2021-11-12,1036.1820068359375,1038.970474784218,1021.1244637231227,1021.4033411526007,3123000
2021-11-15,1024.74951171875,1039.8070555644133,1023.355328734505,1037.2974649234693,3198600
2021-11-16,1027.259033203125,1043.4319836167006,1025.3070954641855,1029.7686236751197,3456300
2021-11-17,1022.7974853515625,1029.2109511782792,1021.4033024879482,1026.1436059166335,2610000
2021-11-18,1021.9609375,1025.585935421172,1013.037983519608,1023.0763450408593,3057900
2021-11-19,989.0574951171875,1031.7205319215404,979.2979088169731,1021.9609456213259,6589500
2021-11-22,989.6151733398438,994.0767015382295,967.8653893103966,988.778643184865,6335100
2021-11-24,964.7981567382812,993.7978350583878,963.4038717209645,989.8940616639981,8139300
2021-11-25,961.4521484375,965.3559222880875,951.4137852941229,963.6828617641913,6858300
2021-11-26,941.932861328125,957.8269327004468,938.3078636433102,953.3654049434045,6832500
2021-11-29,927.154296875,933.5676607448432,920.7408308896585,929.9426626711936,5186400
2021-11-30,924.6447143554688,941.3753177387673,922.9716540171388,933.5676687880616,11852400
2021-12-01,936.913818359375,938.5868787493025,918.510154070173,920.7408672182422,4655700
2021-12-02,943.6060791015625,946.9521999494403,923.5293540142952,927.4331276316512,4154700
2021-12-03,965.91357421875,966.1924516776511,950.8560295172801,955.038680823244,4241700
2021-12-06,947.509765625,965.3557758784672,941.3752793781011,964.7981231602477,4685400
2021-12-07,952.807861328125,953.644391496104,936.3561353963703,942.4906218845506,6062700
2021-12-08,962.8461303710938,971.4903086440252,957.8269498478735,965.6345980336015,3834300
2021-12-09,947.7886962890625,951.1348170173558,942.7695151966226,944.4425755607692,3615600
2021-12-10,943.3272705078125,958.1060400749046,942.2119648874556,956.1541020660122,3783300
2021-12-13,956.4327392578125,967.307630075175,954.7596791320644,956.4327392578125,3012900
2021-12-14,965.3558349609375,972.6057292034841,963.1251218360389,968.9808331399614,3772500
2021-12-15,967.3077392578125,973.1634503588807,963.6827412043663,963.6827412043663,3775800
2021-12-16,991.2882080078125,993.7977984078324,978.4613785914354,981.2498464077335,3791400
2021-12-17,986.5479125976562,994.3554591616022,982.9229146187199,988.4997481808949,6810000
2021-12-20,975.9517822265625,980.9709629959257,972.8845391282275,974.8364767992557,3057300
2021-12-21,987.3844604492188,995.1920071532146,987.1055830256842,989.8940509145383,4362600
2021-12-22,985.71142578125,991.8459123346149,982.3653050737781,990.7306068424577,2348700
2021-12-23,992.6824340820312,992.6824340820312,983.2018269016999,989.8940682598159,2800200
2021-12-24,984.8748168945312,1001.3265416863018,979.0191061244359,1000.76888898479,2655000
2021-12-27,987.1054077148438,990.4515277409957,984.3169403212239,988.499590353914,1551000
2021-12-28,1002.9996948242188,1003.8362250117286,991.567149633419,996.8651060773133,2295600
2021-12-29,995.19189453125,1007.1821927693808,991.8457742894913,1003.836072527622,1943400
2021-12-30,989.6151733398438,994.0767015382295,986.2690527199288,993.5189466912453,1944300
2022-01-04,1020.287841796875,1021.4032492989797,994.9131635767877,1001.0476495496379,2969400
2022-01-05,1052.91259765625,1056.5375957339527,1040.0858699022217,1042.3165829647705,4028400
2022-01-06,1045.9415283203125,1066.0182512177507,1042.5954078374061,1059.8836629605912,3862200
2022-01-07,1057.095458984375,1066.2972926086838,1052.3551544891463,1059.3262746066746,3823800
2022-01-11,1086.9315185546875,1087.21029385494,1056.816433811807,1065.1817351292736,4446900
2022-01-12,1088.046875,1090.835342941725,1074.1047395223734,1074.1047395223734,4912800
2022-01-13,1101.710205078125,1104.7774482494108,1084.979602115663,1088.0468452869488,4236000
2022-01-14,1110.3543701171875,1111.4696755570953,1094.18142008357,1101.152538602723,4180800
2022-01-17,1106.4505615234375,1128.4792238505954,1103.3833182052895,1113.9793332170293,2871300
2022-01-18,1111.4697265625,1127.0850245927504,1105.3352400150088,1117.0466624799465,3552000
2022-01-19,1106.1717529296875,1117.0466450488598,1101.7102246884508,1106.4505282403597,3741000
2022-01-20,1090.8355712890625,1108.4027085567545,1088.883633109701,1097.8066915449076,4460100
2022-01-21,1096.6912841796875,1099.47975270632,1081.6337379438107,1085.8163896759988,3677100
2022-01-24,1101.9892578125,1106.171909218525,1091.672016972468,1092.2296697881004,3649800
2022-01-25,1093.344970703125,1096.1334387398485,1079.123957312189,1088.325789506324,5606100
2022-01-26,1099.20068359375,1109.239046000999,1094.1815023901256,1099.20068359375,3296700
2022-01-27,1093.9024658203125,1116.2100026683229,1088.0467552679202,1112.3061275564025,4882800
2022-01-28,1110.0755615234375,1115.094742660695,1100.3160766839374,1104.219850196637,4259400
2022-01-31,1094.7392578125,1105.6141514401588,1086.9317099517018,1093.345074719253,4235100
2022-02-01,1089.9989013671875,1096.4122658273918,1074.3837042784037,1079.1240082606844,4461300
2022-02-02,1098.364013671875,1100.8736039544458,1089.4410600390083,1093.9024857976967,4497000
2022-02-03,1108.402587890625,1113.979422218867,1095.8546340654482,1103.1045289037138,3409800
2022-02-04,1120.6715087890625,1127.3637499007475,1114.8157978163383,1115.3735526526423,4030800
2022-02-07,1157.2000732421875,1158.8731335398313,1123.1811124464307,1125.133050165514,4364400
2022-02-08,1151.344482421875,1156.0847863883416,1142.7003026096054,1148.834891713362,3220500
2022-02-09,1154.411376953125,1167.7958566859147,1150.786379653669,1154.1324995868663,5380200
2022-02-10,1154.96923828125,1166.9595375804313,1147.4404670710537,1154.1327081467837,3246900
2022-02-14,1162.498046875,1168.3537580045713,1147.7193813960093,1151.9020322028462,4389900
2022-02-15,1095.296875,1147.4405210930104,1091.6718768748149,1145.7674607453096,7900200
2022-02-16,1132.3828125,1135.4501574329179,1114.258028753466,1114.8156814160488,4154100
2022-02-17,1115.0947265625,1125.133088692095,1111.4697284216463,1123.7389057681512,4662900
2022-02-18,1113.4217529296875,1118.4409343854186,1102.8257372283133,1105.6141032933808,3082500
2022-02-21,1110.3543701171875,1118.9984467962024,1095.2968276389731,1103.1043741803096,2445900
2022-02-22,1096.1334228515625,1099.2006661666474,1082.7489398540995,1091.9507719148553,3457500
2022-02-24,1084.422119140625,1101.152724722041,1076.056816349917,1090.8354839083304,3912000
2022-02-25,1063.2298583984375,1067.970162044903,1056.5376169608392,1064.9029187578371,5015100
2022-02-28,1088.883544921875,1093.623951242757,1067.970287963609,1069.0856957065541,5524800
2022-03-01,1078.2874755859375,1103.3833826981006,1074.941354637649,1097.248793587736,3186300
2022-03-02,1049.28759765625,1061.8355488555057,1044.547192459539,1059.604733898646,4173300
2022-03-03,1077.4508056640625,1079.6815186352208,1062.9509160627974,1069.0855043778508,3389700
2022-03-04,1061.27783203125,1082.7488395952048,1057.9317115917238,1080.2392492655601,3493200
2022-03-07,1037.85498046875,1042.0376309839592,1021.6821332202684,1026.1435590261642,4119900
2022-03-08,1008.018798828125,1030.047459452355,1002.441965376564,1026.1435841323182,3451800
2022-03-09,1012.7590942382812,1029.768573988476,997.422776837517,999.0958370714543,3325200
2022-03-10,1062.393310546875,1064.6240236171352,1037.2974055733268,1038.1339357391118,4255800
2022-03-11,1057.374267578125,1062.3934492280212,1052.3550859282288,1057.374267578125,3545100
2022-03-14,1075.219970703125,1082.469863623469,1057.931615262753,1057.931615262753,3334500
2022-03-15,1107.2869873046875,1116.2100432142133,1092.7872001538187,1094.7390356651904,3740400
2022-03-16,1125.1329345703125,1125.690587240402,1102.8255002654064,1112.0273309570593,5979900
2022-03-17,1119.2774658203125,1126.806238011929,1103.3833911935667,1124.5755247343973,5340000
2022-03-18,1132.9407958984375,1136.0080393348212,1115.6524365993528,1121.5081481423158,11923200
2022-03-22,1160.824951171875,1165.2864792683522,1141.3059827452141,1143.2578183185833,5321700
2022-03-23,1180.065185546875,1186.199774129533,1158.5942786808203,1171.1422311575077,3865500
2022-03-24,1179.786376953125,1180.6229070946385,1161.3827138398267,1169.7480152549622,2583300
2022-03-25,1163.6134033203125,1182.2959434749046,1161.661465657745,1182.0170660615395,3073200
2022-03-28,1174.2095947265625,1184.8057126475658,1167.5173527198274,1181.180714188748,2133900
2022-03-29,1165.286376953125,1169.4690272652324,1158.5941364537532,1168.911374595447,3315300
2022-03-30,1166.5712890625,1174.8508840157772,1152.5815348853623,1169.4263686744303,2376000
2022-03-31,1135.73681640625,1159.1482185141085,1135.4512770758945,1153.72359856653,3250800
2022-04-01,1134.309326171875,1141.1614336452417,1120.034032565786,1125.4586525004888,2614200
2022-04-04,1130.312255859375,1136.307850227885,1121.1761469113635,1136.307850227885,1656000
2022-04-05,1094.909423828125,1121.4613333913103,1090.0557792585125,1116.3222541210164,4138200
2022-04-06,1069.4996337890625,1093.4820075653083,1067.2156330429423,1091.4835461205228,3648300
2022-04-07,1048.9432373046875,1057.2229354489984,1042.3766702892378,1053.511343020347,4047000
2022-04-08,1053.511474609375,1058.9360942896062,1044.9463406694615,1055.2245013973577,3105000
2022-04-11,1078.3502197265625,1080.9197595670546,1054.9388218837967,1055.5099004404685,5514300
2022-04-12,1071.4981689453125,1092.0544887332321,1065.2170363807206,1070.927194913931,4902300
2022-04-13,1076.637451171875,1078.3504781427132,1059.5071814634919,1064.9318017227695,3955800
2022-04-14,1086.9156494140625,1088.3431370859662,1076.3519478883327,1081.2055941715755,3498300
2022-04-15,1087.7720947265625,1090.3416351078065,1076.9229590795994,1083.4895274244896,1978500
2022-04-18,1086.344482421875,1093.4820240692977,1074.067756047124,1087.7719698403887,2504400
2022-04-19,1099.4776611328125,1108.0427950927015,1091.7690405689123,1105.7587942216837,3511800
2022-04-20,1102.3326416015625,1102.9036156293048,1089.199402524701,1098.9065883254116,3394200
2022-04-21,1087.7720947265625,1097.7647169131112,1082.633013964075,1096.6227686691354,3992100
2022-04-22,1097.479248046875,1098.9067355849463,1082.9185196720161,1089.1995484834194,3263700
2022-04-25,1082.633056640625,1085.7735712676533,1068.643301384099,1072.9258688549876,2330400
2022-04-26,1079.492431640625,1088.6285397927736,1076.6373521003277,1083.489459353154,2241300
2022-04-27,1076.637451171875,1087.2011523436674,1072.3548837447793,1076.0664770332185,4030800
2022-04-28,1108.0428466796875,1110.326952211904,1076.6373888829075,1077.493902318773,3843600
2022-05-02,1108.0428466796875,1112.6109531892578,1095.7662238021908,1099.1922775456528,2872500
2022-05-06,1122.318115234375,1131.7397628183564,1116.322521317296,1117.1790347340216,3165000
2022-05-09,1123.4600830078125,1128.8847029266071,1115.466027348903,1124.6021357683119,2766300
2022-05-10,1121.461669921875,1128.0282383305928,1107.4719150808326,1116.6080238957704,3746100
2022-05-11,1072.0692138671875,1114.6094481667237,1069.2142389666465,1114.6094481667237,5268300
2022-05-12,1082.34765625,1092.3403846682534,1075.7810868032007,1075.7810868032007,3332700
2022-05-13,1090.341552734375,1092.6255536046397,1071.498258028832,1074.9243116116581,2720100
2022-05-16,1080.919921875,1096.051623911752,1078.064842327461,1087.4864898239944,2826300
2022-05-17,1081.2054443359375,1100.9052524305816,1082.632931810017,1089.4850389733715,2640600
2022-05-18,1090.341552734375,1103.1892536699725,1086.0589857558425,1087.4864732304006,4268700
2022-05-19,1063.789794921875,1072.640469505807,1059.7927666685862,1060.078201472831,3988800
2022-05-20,1070.0706787109375,1085.773353247903,1056.6519002933537,1063.5040068708947,5184300
2022-05-23,1142.017822265625,1143.4453096482755,1082.347323170009,1088.0574818103132,8472600
2022-05-24,1124.3165283203125,1165.4291705490475,1119.462987353261,1148.0134681970567,5990400
2022-05-25,1122.318115234375,1132.31073691122,1117.1790347340216,1125.1730902535533,4425000
2022-05-26,1109.7557373046875,1120.8904106039147,1102.3326566234862,1102.3326566234862,6059100
2022-05-27,1147.4423828125,1148.2988961872181,1121.461546815952,1124.3165216951093,6734400
2022-05-30,1145.7294921875,1162.8597617171156,1142.3034382815767,1150.2975989136867,6969600
2022-05-31,1168.56982421875,1180.8464466588741,1156.0075579036968,1163.4307437866444,15042000
2022-06-01,1191.6956787109375,1204.257840392574,1175.1363847927535,1183.4159794744164,5513100
2022-06-02,1197.40576171875,1203.115816336461,1182.5594942468688,1195.121760782638,3073200
2022-06-03,1176.2784423828125,1199.6897390430584,1170.5682833226258,1198.547790874908,4410600
2022-06-06,1189.4114990234375,1192.5521176639322,1169.7116920533513,1176.8493381260143,2498700
2022-06-07,1185.985595703125,1197.9767840717575,1181.7030284286134,1196.2637571619528,3037500
2022-06-08,1174.27978515625,1179.7044044761305,1165.7146517853073,1166.0001910826222,3876000
2022-06-09,1170.853759765625,1180.2754066986329,1165.1437055669348,1175.9928399109021,4203900
2022-06-10,1174.8509521484375,1187.4132195255595,1165.42930389303,1170.5683847596158,4184100
2022-06-13,1167.4278564453125,1170.5683709751768,1149.7266129649197,1161.1467228307172,3122100
2022-06-14,1152.2960205078125,1169.1407485783238,1148.5844277241995,1165.1437210416402,3887400
2022-06-15,1158.8624267578125,1167.7130985223337,1152.866834010359,1156.2928870089038,5157000
2022-06-16,1167.713134765625,1187.1274008416763,1164.858055659942,1167.998569487803,4926600
2022-06-17,1152.2960205078125,1152.5814552608833,1139.1627806660592,1144.5874001875159,7514700
2022-06-20,1135.451171875,1148.5844115316024,1129.1701436280255,1142.3032787297748,4378800
2022-06-21,1173.4232177734375,1178.276758275143,1146.8713055464473,1155.4364385228957,3910200
2022-06-22,1173.4232177734375,1183.7013773451756,1169.4261905693768,1175.1362443687271,3665100
2022-06-23,1187.6986083984375,1195.1217946219929,1173.1378798393623,1173.423419172534,3642900
2022-06-24,1164.57275390625,1175.7074287681173,1159.7192125360318,1173.708967085897,4133400
2022-06-27,1177.991455078125,1189.1261291907847,1170.8538086158267,1180.8464300191583,2819700
2022-06-28,1203.972412109375,1204.257951453993,1181.988601000363,1187.6986560086455,4605600
2022-06-29,1187.4129638671875,1214.5358499716867,1185.9853720083722,1213.3937973956035,5923800
2022-06-30,1187.1275634765625,1189.1261295798258,1160.5756482761487,1176.563863437682,5704800
2022-07-01,1196.8348388671875,1206.541921677429,1191.6957581247543,1200.831866815236,3668400
2022-07-04,1201.40283203125,1202.544884817171,1189.4116437211073,1200.2608838001938,3050100
2022-07-05,1236.5198974609375,1236.8054367993552,1209.6825454053771,1215.1070609512533,6165300
2022-07-06,1189.982666015625,1220.5316094592422,1182.8450194127815,1210.8244226259583,6487500
2022-07-07,1213.39404296875,1213.9651216497923,1189.6972052417625,1209.6825543163086,4907700
2022-07-08,1215.3927001953125,1224.5288096721467,1199.1189431102448,1205.4000771876852,5791500
2022-07-11,1239.3748779296875,1243.3719055731192,1226.2416377371871,1230.52420469617,4617300
2022-07-12,1235.3778076171875,1252.5080748614525,1232.8082675305477,1249.0820214125995,4514700
2022-07-13,1232.8084716796875,1237.0910391999332,1227.6693906553928,1234.5214986877859,3012000
2022-07-14,1228.811279296875,1233.3793859483055,1216.8200908223776,1223.3867637378464,3144600
2022-07-15,1210.5389404296875,1232.8082882209821,1193.6941076535481,1229.382234714629,3399600
2022-07-19,1223.6722412109375,1228.2403480217304,1213.679618651877,1216.5346984779815,3730500
2022-07-20,1241.9444580078125,1241.9444580078125,1225.385163716088,1239.3749177498653,3705600
2022-07-21,1232.8084716796875,1242.2301202242281,1214.8216880946557,1237.3764739980356,4108200
2022-07-22,1230.524169921875,1231.951761904431,1213.3939025700397,1224.243141596105,3771600
2022-07-25,1238.8038330078125,1241.6588077806239,1233.3792136517088,1241.6588077806239,3163200
2022-07-26,1248.7965087890625,1253.935589072145,1242.5153758136762,1245.6559945787974,2776200
2022-07-27,1247.3690185546875,1253.3646122048967,1241.6588596607746,1251.651585447694,2599500
2022-07-28,1243.6573486328125,1243.942887926264,1232.5226754012515,1243.6573486328125,3514200
2022-07-29,1232.522705078125,1240.802299239078,1225.956137609428,1237.3762458545662,4899900
2022-08-01,1249.36767578125,1249.653215137132,1232.522944881654,1237.3764866024153,3468000
2022-08-02,1226.8128662109375,1244.5141102851408,1217.6766525459736,1234.5214876786363,3081900
2022-08-03,1244.799560546875,1244.799560546875,1221.673697798867,1224.814212209321,2982900
2022-08-04,1218.5330810546875,1240.8024304081766,1213.1085656590026,1236.5198632248134,5929200
2022-08-05,1227.3836669921875,1230.2387464285748,1211.966426234435,1212.5374002997703,3849900
2022-08-08,1148.58447265625,1162.2886870951015,1134.3092841340658,1147.442419934726,10354200
2022-08-09,1154.2945556640625,1160.2901496291452,1139.7338274631475,1159.148201434275,6040500
2022-08-10,1157.1495361328125,1175.992829837418,1149.4409159809286,1172.8523157382679,3236100
2022-08-12,1171.9959716796875,1188.5551624724299,1165.4292986763096,1174.5655121014786,4893600
2022-08-15,1165.7147216796875,1171.7103153988337,1157.4351271096286,1166.571235068137,3967200
2022-08-16,1153.4381103515625,1166.2858124639743,1150.2975957979288,1164.8583248586622,4370700
2022-08-17,1178.5625,1179.133474111557,1158.2917166587918,1160.5757176598836,5058600
2022-08-18,1180.2755126953125,1190.5536739089146,1176.5639196276686,1183.4160271034034,3229500
2022-08-19,1179.1334228515625,1187.1275828401529,1167.4277744669037,1181.4175283082222,3541800
2022-08-22,1189.982666015625,1193.4087196562123,1175.4219380431286,1175.4219380431286,3353400
2022-08-23,1176.8492431640625,1184.272323383352,1173.7087293318332,1179.989756996292,3926100
2022-08-24,1177.42041015625,1188.2696498183407,1174.850869902838,1182.5594906630738,3242400
2022-08-25,1191.41015625,1194.8362098984544,1181.9885087167506,1182.5594828065396,2607900
2022-08-26,1193.6942138671875,1203.1158618479865,1193.1232397502758,1193.6942138671875,2799000
2022-08-29,1180.5611572265625,1184.5581854253012,1172.5669962742136,1175.70751096216,3807600
2022-08-30,1195.1217041015625,1196.263652238029,1189.4115451998066,1190.553597891129,2254200
2022-08-31,1187.984130859375,1192.8376721251802,1184.2725378003108,1185.9855646652848,5558700
2022-09-01,1165.7147216796875,1185.1289902995893,1165.429182365252,1181.1319626717775,5116200
2022-09-02,1164.858154296875,1171.4247217856566,1162.288614250632,1167.4276943431182,4772100
2022-09-05,1174.8509521484375,1179.4190588814697,1160.8613017148655,1164.8583297594764,2791500
2022-09-06,1171.9959716796875,1180.2755670760587,1167.7134043100357,1169.7118660459614,2877000
2022-09-07,1178.2769775390625,1186.8421121093847,1173.9944102539012,1179.1334909960947,3409200
2022-09-08,1186.2711181640625,1189.9827112674607,1177.7059837368852,1178.276957847076,3221400
2022-09-09,1186.842041015625,1191.6956866846433,1182.2740392216606,1182.5594739869964,4582200
2022-09-12,1188.2696533203125,1194.8362213578753,1182.559494148217,1192.2666810968906,2184000
2022-09-13,1183.416015625,1185.7001211313323,1173.9943679372489,1182.5595021988408,2816400
2022-09-14,1175.7073974609375,1181.4175566848808,1169.997342791856,1172.8524224038276,4071900
2022-09-15,1183.701416015625,1185.4144426668777,1176.849309410614,1179.1333100940014,2542800
2022-09-16,1193.123046875,1195.1216127934083,1178.2767812414984,1179.9898078701774,4380300
2022-09-20,1197.976806640625,1204.54347962183,1191.981212343357,1198.547885324562,3362700
2022-09-21,1198.26220703125,1208.5403674918468,1193.979640172668,1197.6912329683908,3900600
2022-09-22,1183.701416015625,1189.6970092950096,1179.1333100940014,1183.9869553091169,3311100
2022-09-26,1134.5947265625,1165.7147485792277,1132.596264979907,1165.4292092582032,4755300
2022-09-27,1135.165771484375,1149.7264989914854,1135.165771484375,1137.7353116326885,3982200
2022-09-28,1114.89501953125,1132.5963679468489,1105.758910531336,1131.4543151137837,6200100
2022-09-29,1143.90283203125,1145.9538157148315,1119.876149415934,1133.9405280585202,4727400
2022-09-30,1123.97802734375,1154.157870332493,1118.4109499739877,1152.1067797052426,5143800
2022-10-03,1130.42431640625,1132.4754071802504,1110.7927541484821,1127.787245683685,4179000
2022-10-04,1156.208984375,1162.6550853866038,1135.1124196766382,1137.7494902639335,3706200
2022-10-05,1157.381103515625,1163.2413327180095,1153.8650089152711,1154.1580525661977,4372500
2022-10-06,1158.26025390625,1170.2736499737982,1158.26025390625,1160.3113450817907,3123600
2022-10-07,1137.4564208984375,1142.4375183496516,1130.1311892209203,1139.8004478220662,3620700
2022-10-11,1139.5076904296875,1145.3678123101674,1131.0103903048964,1135.9915958408612,3824700
2022-10-12,1129.252197265625,1134.819382080312,1123.6851197536155,1133.940358546555,3177900
2022-10-13,1115.4810791015625,1124.2713161315196,1113.1370516611398,1122.2202250569635,3184800
2022-10-14,1147.125732421875,1152.985853652639,1133.6473355581707,1135.9914698926198,5542800
2022-10-17,1131.01025390625,1147.125721262426,1129.838294053106,1143.6096270976368,2735700
2022-10-18,1143.90283203125,1153.8650287012863,1138.6286900402802,1141.265761035765,2640000
2022-10-19,1148.5908203125,1152.6930020479108,1138.921560554683,1138.921560554683,2186700
2022-10-20,1149.1767578125,1151.2277411102032,1140.386522814706,1141.5584826126296,2747700
2022-10-21,1134.526611328125,1145.6609836353773,1134.526611328125,1136.2846588184593,3150000
2022-10-24,1142.1446533203125,1158.5530574149775,1140.386606192217,1154.1579395947385,2258400
2022-10-25,1158.5531005859375,1161.7761513399855,1139.2145814562784,1148.0048174243052,3418800
2022-10-26,1160.0181884765625,1167.6364650711373,1155.6230701730358,1155.6230701730358,2256000
2022-10-27,1141.55859375,1158.5530855011389,1138.6285866672642,1156.795038330424,2940900
2022-10-28,1143.0238037109375,1150.348929355656,1138.628685403029,1138.9216217550943,7740000
2022-10-31,1154.743896484375,1163.2411956356593,1144.4886575427702,1154.4509601706611,3348600
2022-11-01,1156.7950439453125,1165.5852798415535,1151.8139460383375,1165.292236210784,2343000
2022-11-02,1168.808349609375,1175.5476021080663,1149.76287395816,1152.1069011344475,3258900
2022-11-04,1148.2978515625,1167.636370532254,1140.6795755847468,1159.1390709649665,3865800
2022-11-07,1163.8272705078125,1172.031526711986,1158.8461724388615,1166.4643413624376,2635200
2022-11-08,1182.2867431640625,1187.8539284037722,1165.2922511131014,1165.2922511131014,2912100
2022-11-09,1175.8406982421875,1179.9428804865504,1172.3246033485625,1179.3567931358125,2108400
2022-11-10,1179.6495361328125,1184.3376972302572,1168.8082105398912,1169.9802776399206,2061900
2022-11-11,1192.5419921875,1200.1602683238114,1178.4776144622315,1197.230153863485,3206700
2022-11-14,1167.05029296875,1190.490993752908,1166.4643130050858,1186.6818557323782,3673200
2022-11-15,1177.8914794921875,1185.5096473233357,1168.808200972327,1169.9802680627624,2485200
2022-11-16,1145.9537353515625,1174.9615142676437,1143.3166645410097,1169.687372646538,4001400
2022-11-17,1157.381103515625,1165.5853600173482,1157.381103515625,1160.604261767744,3428400
2022-11-18,1178.4776611328125,1190.49105578403,1166.7574174327297,1174.9615665622496,3780900
2022-11-21,1161.190185546875,1163.2412763986733,1132.7683864691826,1157.9671347534945,8547900
2022-11-22,1182.5797119140625,1186.3887424081565,1154.450958467565,1161.4831468291893,5506200
2022-11-24,1215.982666015625,1222.135831132543,1183.751729582361,1186.0958640191666,8473200
2022-11-25,1215.982666015625,1219.4987603681495,1209.2434136381637,1215.982666015625,4266000
2022-11-28,1198.6951904296875,1222.7218721391168,1191.9560450184345,1215.9827267278638,3913200
2022-11-29,1202.7974853515625,1208.0716276396286,1189.9050660011565,1191.3701770607522,4807500
2022-11-30,1201.332275390625,1210.4155554620677,1193.128126264184,1207.4854408868011,6917700
2022-12-01,1170.566162109375,1197.8158883678368,1169.101158830776,1189.904677518606,5332500
2022-12-02,1130.42431640625,1155.9160000577128,1123.978107761308,1155.9160000577128,9552300
2022-12-05,1111.671875,1129.2523480221544,1111.671875,1123.3922261156667,6901800
2022-12-06,1136.5775146484375,1137.7495818825098,1122.2200934161235,1122.8061806845026,5172300
2022-12-07,1140.0936279296875,1149.176907713138,1136.2844898328817,1143.0237424120526,5337300
2022-12-08,1136.5775146484375,1136.5775146484375,1121.9271570846197,1131.0103294149515,4802700
2022-12-09,1145.9537353515625,1150.3488533691507,1135.112515776636,1135.4054521093512,4813800
2022-12-12,1147.711669921875,1148.2977571351587,1139.5075219626585,1147.125690011267,3152700
2022-12-13,1163.2412109375,1166.7573051697518,1153.8648881163751,1157.380982348627,6159300
2022-12-14,1175.8406982421875,1175.8406982421875,1157.6742437260252,1162.3624060184254,5084400
2022-12-15,1171.4453125,1174.0823830688864,1164.7061679248488,1166.7572585793193,4924800
2022-12-16,1169.6875,1174.0826184961206,1167.0504289023277,1169.3945636353906,8729100
2022-12-19,1172.3243408203125,1179.649572642532,1164.4131290812793,1164.9992163007698,4216500
2022-12-20,1203.6763916015625,1206.8994424732823,1174.6686118480168,1182.5798245080746,8276400
2022-12-21,1205.727294921875,1220.0847156721288,1205.727294921875,1215.9826414446343,6408900
2022-12-22,1217.44775390625,1218.033733904706,1189.904977135753,1211.5876320136153,5735400
2022-12-23,1270.1893310546875,1272.8264023302336,1218.9129093737236,1219.4989967478703,8625000
2022-12-26,1246.162353515625,1265.7939152841193,1240.3022322679808,1265.7939152841193,2937900
2022-12-27,1256.1246337890625,1258.7617043988366,1247.0413548100591,1256.710613712564,2366700
2022-12-28,1269.0169677734375,1270.1890349457917,1256.1246580882605,1259.9337959214017,3300300
2022-12-29,1229.4609375,1251.4365268696538,1223.3077724764971,1251.1435905465135,18765600
2022-12-30,1237.665283203125,1245.8695395979819,1230.3400504469068,1230.6330940940163,2954700
2023-01-04,1241.7672119140625,1246.7484168164738,1215.6895494646174,1227.9958789602824,4113600
2023-01-05,1227.9959716796875,1238.2512112661673,1217.4476884583873,1222.4287864342173,4092900
2023-01-06,1215.689697265625,1234.442237401711,1214.5176299750287,1230.6330991842913,3356100
2023-01-10,1210.41552734375,1219.7917435430234,1205.7273655927693,1207.7784564780775,3400800
2023-01-11,1214.810546875,1224.186762313422,1205.7272677516455,1215.9826140433076,4513200
2023-01-12,1215.1036376953125,1216.275597606467,1194.8860952470332,1198.1091459567338,4280700
2023-01-13,1227.4100341796875,1235.0282032244222,1206.6064033494404,1206.8994469943996,4078200
2023-01-16,1226.531005859375,1233.5631948900018,1216.8617459422633,1226.8239422005252,3610200
2023-01-17,1229.7540283203125,1234.735126334367,1219.2057450180653,1226.530977523299,3079500
2023-01-18,1233.5631103515625,1235.9071374335676,1210.708497568296,1230.6329960220446,5032500
2023-01-19,1201.332275390625,1226.2379810236632,1201.039339044982,1222.4288428060859,4262100
2023-01-20,1216.275634765625,1216.275634765625,1200.7462533955677,1206.8994186765115,2640000
2023-01-23,1220.670654296875,1230.3399132436168,1216.8616238226714,1221.8427214519184,3077400
2023-01-24,1241.474365234375,1242.0603451993913,1223.6008496231796,1226.530964053632,2247600
2023-01-25,1243.818359375,1247.33445367712,1233.8560564180987,1242.3533558500108,3312900
2023-01-26,1246.74853515625,1248.7995187317524,1240.3023261838575,1247.3345151345811,2671500
2023-01-27,1252.315673828125,1254.6598084602974,1241.4744535394257,1252.315673828125,2791200
2023-01-30,1234.735107421875,1240.3022926247947,1231.2190130416489,1237.3721782070445,3206700
2023-01-31,1218.6197509765625,1242.060344498907,1217.4476837445054,1241.1813209005354,3113700
2023-02-01,1231.218994140625,1234.735088466874,1221.8427783715222,1230.0470342336641,2685600
2023-02-02,1209.5364990234375,1230.9261095072575,1203.6763773344912,1227.1169713929642,3358200
2023-02-03,1204.2623291015625,1205.43439633297,1191.076975133297,1197.8161202828487,4033200
2023-02-06,1222.4287109375,1224.4798016491957,1206.6062870827366,1219.4987039809967,4714200
2023-02-07,1231.218994140625,1243.232387957098,1229.4609469775005,1234.1491085133937,2635500
2023-02-08,1240.5953369140625,1243.5253440306785,1230.926077363322,1237.079242531975,2595600
2023-02-09,1239.42333984375,1245.576505360705,1232.6841943308395,1232.6841943308395,3050100
2023-02-10,1271.9471435546875,1277.8072650944498,1242.9393648834334,1245.869479304657,4391700
2023-02-13,1264.6219482421875,1280.1514370971731,1264.035968261831,1272.8262044806197,2676000
2023-02-14,1264.6219482421875,1280.1514370971731,1259.05487017208,1274.8772953659,5603700
2023-02-15,1274.584228515625,1279.5653265146757,1245.5764495218211,1249.0925439453124,4440600
2023-02-16,1279.8582763671875,1283.3743705330314,1265.5008560890985,1269.6030374843688,3718500
2023-02-17,1286.3046875,1292.1648095990975,1278.9794543991068,1283.3745727991036,3130200
2023-02-20,1305.9361572265625,1309.4522519799682,1286.3046997218444,1286.3046997218444,2919000
2023-02-21,1307.1080322265625,1311.7961936420998,1291.5786517851993,1298.024753016047,3055800
2023-02-22,1296.559814453125,1312.0891956722332,1288.6486020259533,1307.1080976893538,3405300
2023-02-24,1297.7318115234375,1297.7318115234375,1283.6674346355887,1294.5086536181855,3269400
2023-02-27,1319.41455078125,1322.051621835443,1307.4012628574915,1307.4012628574915,2997300
2023-02-28,1304.4710693359375,1313.5543492969898,1300.0759511777976,1312.675325665362,7573200
2023-03-01,1320.8795166015625,1322.344627569221,1298.6109887622338,1299.7829487731292,3525900
2023-03-02,1334.3577880859375,1348.4221652989645,1328.7906030048869,1334.0647444597719,5693400
2023-03-03,1322.9305419921875,1347.5432032385538,1319.7074911679638,1339.3389470555358,5742300
2023-03-06,1314.7261962890625,1326.7395897573945,1314.7261962890625,1323.809475469539,3161100
2023-03-07,1326.4466552734375,1328.4977461739613,1318.535442617731,1322.3445807750786,3150600
2023-03-08,1320.8795166015625,1335.529982461992,1320.586580250185,1326.1536585586707,3584700
2023-03-09,1356.333251953125,1366.295553991239,1332.892661201726,1337.5807149704021,5723100
2023-03-10,1320.29345703125,1348.1291688042934,1315.8983389985228,1336.9949055556133,5637000
2023-03-13,1266.0870361328125,1295.6807950972313,1252.6086384081104,1295.3877514610358,6144900
2023-03-14,1221.2568359375,1233.8561027918447,1198.402222114742,1232.3910992117944,7344900
2023-03-15,1256.417724609375,1268.1379673358379,1248.5065124828056,1260.5197988333687,5291400
2023-03-16,1214.224609375,1226.2378958849256,1201.9182792370868,1207.192420724764,6418500
2023-03-17,1207.1923828125,1228.2889481006641,1205.7272720212577,1225.6518774396436,8200800
2023-03-20,1186.681884765625,1205.4344243912124,1185.80286114728,1194.8861409710735,4315800
2023-03-22,1227.4100341796875,1235.9072268566104,1219.4988214899938,1227.7029705219572,5438100
2023-03-23,1208.657470703125,1217.7407504929413,1204.8483326036496,1210.1224742939905,4290300
2023-03-24,1202.2113037109375,1208.0715328842737,1191.9560636116362,1197.230205486024,3316800
2023-03-27,1207.7783203125,1220.670629545851,1202.7972227842527,1217.4475790631823,3466500
2023-03-28,1213.052490234375,1231.8050282664274,1206.0203018851903,1228.288934091835,4903200
2023-03-29,1223.014892578125,1225.3589197848041,1208.9505147326754,1212.759545530693,5023800
2023-03-30,1224.8160400390625,1237.1242037959069,1212.2076396268956,1234.722640362908,5488200
2023-03-31,1232.6212158203125,1243.1282895585557,1224.2156887535516,1241.3270894818886,4391700
2023-04-03,1244.0289306640625,1247.03085759992,1234.1223299153626,1245.5298941319913,3941700
2023-04-04,1242.8280029296875,1250.9334029487943,1234.1222395546736,1245.229566289841,3861000
2023-04-05,1218.21142578125,1235.3228238488512,1216.4102259846604,1230.5196976822863,3797400
2023-04-06,1215.2098388671875,1222.1144033706603,1211.9075650266443,1217.3111659258514,3594000
2023-04-07,1223.014892578125,1224.2157293145322,1210.706728291946,1211.3070916918837,3037200
2023-04-10,1244.3289794921875,1252.1342528844298,1233.2216526391524,1233.2216526391524,3791100
2023-04-11,1260.539794921875,1262.941468273035,1241.0268310787246,1252.1342680023931,3887700
2023-04-12,1276.150390625,1283.0549550108617,1265.9435524548453,1270.746789817837,3519600
2023-04-13,1277.9515380859375,1282.7547752504474,1270.446500629491,1274.3491376966888,4332600
2023-04-14,1284.255615234375,1297.7646153946243,1280.3529785425726,1297.7646153946243,4741200
2023-04-17,1295.0628662109375,1300.4664664872003,1288.4584292277736,1296.864066303025,4058400
2023-04-18,1306.470458984375,1310.0728592480602,1301.6673319238155,1307.6712957177806,5048700
2023-04-19,1330.186279296875,1334.6892795653139,1310.3730781157435,1313.3751149402128,5339100
2023-04-20,1330.7867431640625,1334.0890169012655,1320.279778389919,1332.287816657896,4775700
2023-04-21,1316.9775390625,1333.4884670554848,1313.9755021835338,1333.4884670554848,4369800
2023-04-24,1316.9775390625,1327.484503234084,1316.9775390625,1323.581866285081,2943600
2023-04-25,1313.3751220703125,1327.184249677473,1313.0748854052767,1321.780649326011,3195000
2023-04-26,1301.06689453125,1309.772768700013,1292.6613669747996,1309.772768700013,3678900
2023-04-27,1303.4683837890625,1303.7685104858767,1284.8559112527942,1286.3569844829403,3451500
2023-04-28,1334.3890380859375,1335.2896381363748,1305.56983647194,1307.6712732351373,5843400
2023-05-01,1351.2001953125,1360.2061950370078,1341.5937223153448,1350.8999586761763,2618700
2023-05-02,1343.39501953125,1358.7052201714766,1333.4884191169856,1358.405093449942,2428500
2023-05-08,1344.595947265625,1348.1983476601747,1332.2877825630926,1338.2917465751634,2718600
2023-05-09,1370.4129638671875,1370.7132005128076,1360.2062371543846,1361.4069638638182,4104300
2023-05-10,1365.909912109375,1378.2181849386188,1362.6077488787707,1375.216148405739,2714400
2023-05-11,1368.311767578125,1368.9121309900654,1353.6019295250449,1356.0034931093408,2168400
2023-05-12,1358.104736328125,1382.721171819543,1351.5002999922522,1382.721171819543,3512700
2023-05-15,1388.425048828125,1392.627922377876,1372.2142478301625,1378.2183214907984,4288800
2023-05-16,1396.5303955078125,1406.7372323883196,1385.7231952589905,1398.9320688541236,5323200
2023-05-17,1412.441162109375,1422.0475263171782,1389.0255600294215,1395.6298873250528,4306200
2023-05-18,1410.639892578125,1423.5484197989394,1401.3336555636201,1422.9480564206424,4848600
2023-05-19,1415.44287109375,1419.9458708002376,1404.6356717981798,1419.9458708002376,4136100
2023-05-22,1439.158935546875,1458.6719007391916,1428.9520979400384,1436.4571352924065,9078000
2023-05-23,1432.5543212890625,1450.866557396851,1419.0453216857397,1441.5603210246109,6164700
2023-05-24,1439.4591064453125,1442.4610332998614,1421.747232295443,1425.6498691301906,3933900
2023-05-25,1425.3494873046875,1429.8524870644292,1419.0452876410493,1428.9518871124808,4058100
2023-05-26,1416.9442138671875,1431.0535789863825,1416.3437405010689,1428.0515419654005,5143500
2023-05-29,1451.4669189453125,1455.0693188350933,1425.6497563807238,1427.4509563256142,5428500
2023-05-30,1438.55859375,1445.7633945368339,1424.4491189180935,1441.8607574651203,5133000
2023-05-31,1440.3597412109375,1444.2622682032327,1425.0495400994669,1431.9541039552078,12829800
2023-06-01,1448.4649658203125,1451.1667656882032,1426.5503302463585,1433.4548932632401,3622800
2023-06-02,1461.97412109375,1483.8886490685868,1454.769320677578,1455.9700474559202,5521200
2023-06-05,1477.2843017578125,1483.5885020356743,1473.9820283212468,1478.184901797507,3633900
2023-06-06,1519.612548828125,1519.612548828125,1470.6799085702544,1476.9841090356506,4061100
2023-06-07,1510.30615234375,1549.6323144573432,1509.7057890082017,1541.8271513491354,8958300
2023-06-08,1522.6143798828125,1542.127453385647,1520.2128165022507,1523.5149798925886,5840100
2023-06-09,1548.1314697265625,1556.236870091623,1534.322232459098,1542.7278694831887,6603600
2023-06-12,1552.6343994140625,1565.2427994093043,1543.9286360628557,1561.3401627652693,3503100
2023-06-13,1561.940673828125,1566.7438006514496,1548.431673506538,1561.0400738066858,4371600
2023-06-14,1573.9486083984375,1577.2508817839591,1555.6364811653887,1561.9406813458052,4116300
2023-06-15,1567.9447021484375,1579.9527395762448,1559.839301620387,1569.1455388721774,5552100
2023-06-16,1556.2369384765625,1564.642575870018,1540.626500442012,1561.640538957384,8635200
2023-06-19,1579.052001953125,1585.3562018146192,1562.540965670371,1565.8431289523135,4145700
2023-06-20,1502.80126953125,1531.9207082341206,1494.3957422283936,1531.020108170491,9942900
2023-06-21,1546.0299072265625,1549.3321803976905,1502.8011087959649,1512.4075817382218,7622100
2023-06-22,1566.1435546875,1578.1515925190379,1558.3383905620942,1558.638517300722,4231800
2023-06-23,1541.8272705078125,1571.8473085261376,1536.7239069199434,1570.0461084437686,3555000
2023-06-26,1533.7218017578125,1542.4275651222824,1522.0140017443941,1538.2248017629734,2676900
2023-06-27,1536.423583984375,1546.330183881109,1523.2148207675705,1542.7277839186604,3667500
2023-06-28,1539.4256591796875,1541.5269859194311,1530.1194223979544,1539.1254225297848,5148600
2023-06-29,1540.9266357421875,1556.2368360973114,1538.8251990479364,1545.7298724991076,2680800
2023-06-30,1529.8192138671875,1546.63048771329,1522.3142869104,1541.22688753487,4131300
2023-07-03,1555.9366455078125,1558.038082264276,1537.9246445567803,1539.1254812656923,3256200
2023-07-04,1575.7498779296875,1575.7498779296875,1555.0360764235552,1555.9366764890392,3593700
2023-07-05,1594.962646484375,1599.4656466156127,1576.9506459594245,1580.5530460644145,5411400
2023-07-06,1577.551025390625,1594.6624260635192,1566.4436982448524,1591.6604992364862,4797300
2023-07-07,1568.8453369140625,1586.557101814271,1559.2389727212174,1576.0501375428298,4341600
2023-07-10,1567.0440673828125,1575.4497043897622,1558.6384303758628,1568.845267460264,3952200
2023-07-11,1541.8272705078125,1563.4416714962397,1535.5230702195213,1560.4396347134486,4246800
2023-07-12,1530.7198486328125,1556.2368866999063,1518.1114479303826,1553.83532321162,3930900
2023-07-13,1522.6143798828125,1531.0200166195652,1514.2088530825843,1518.1113798339313,3779400
2023-07-14,1506.40380859375,1516.9108835952945,1486.5906053682038,1511.8074094734445,5175900
2023-07-18,1522.0140380859375,1527.7178748741744,1509.4056377704326,1513.008037860577,3476100
2023-07-19,1544.5291748046875,1545.7300115861021,1528.6186096494903,1533.121610159125,3110400
2023-07-20,1530.7198486328125,1551.4336497868042,1530.7198486328125,1548.7318496362836,2875500
2023-07-21,1538.525146484375,1548.4317471916302,1528.918672507531,1545.4297103318,3218700
2023-07-24,1543.9287109375,1551.4336380076124,1537.9246373575756,1540.626437487583,4129800
2023-07-25,1536.423583984375,1546.6304205234871,1528.9185474170995,1545.1293472481186,4068300
2023-07-26,1531.3203125,1533.1215125892231,1523.5150388223474,1525.3162389115705,4122300
2023-07-27,1555.636474609375,1560.7398380884101,1534.622437451039,1535.8232741258523,4320300
2023-07-28,1574.549072265625,1576.9506356744464,1546.0299983294387,1548.73179839056,6097800
2023-07-31,1588.6583251953125,1595.2627615298393,1583.554962081121,1590.4595251105,5233500
2023-08-01,1592.260986328125,1598.8654237464914,1585.9567855904006,1592.8613497528725,3002100
2023-08-02,1515.4095458984375,1549.9325821462733,1515.1094191929103,1546.02994554572,8477700
2023-08-03,1485.989990234375,1516.9106266766787,1483.2881902521308,1515.4095533955278,7276200
2023-08-04,1507.004150390625,1513.6084775980885,1482.9880752869328,1486.5904755588333,4628400
2023-08-07,1518.4117431640625,1519.0121065751603,1501.600578224523,1504.0021418054473,4749300
2023-08-08,1529.8192138671875,1530.1194505226088,1523.815250314452,1527.4176504333986,4338600
2023-08-09,1539.12548828125,1543.0281251506055,1510.6065232909652,1533.72188797131,7235400
2023-08-10,1561.6405029296875,1570.3462668579875,1542.1275382890713,1542.1275382890713,4854600
2023-08-14,1531.3203125,1571.246841186759,1524.415638866959,1561.6404773564122,5679000
2023-08-15,1541.8272705078125,1551.7338709608416,1538.2248703430746,1539.7258337662058,3367500
2023-08-16,1521.7137451171875,1533.7217816187824,1520.2127817806838,1525.0160183686262,4106700
2023-08-17,1549.632568359375,1549.632568359375,1522.014201351178,1523.8154015894634,3845100
2023-08-18,1534.9227294921875,1546.9306569275252,1529.5191291653266,1537.324292991949,2903100
2023-08-21,1531.02001953125,1545.1293830657357,1528.318219496783,1541.5269830197797,2592600
2023-08-22,1552.6343994140625,1556.236799412703,1531.620362776485,1532.8211994215396,2518800
2023-08-23,1554.135498046875,1554.135498046875,1540.9267335476177,1543.028170375251,3032100
2023-08-24,1561.0401611328125,1563.7419613482714,1543.6285230987896,1545.7299599118794,2522700
2023-08-25,1542.127685546875,1551.133687000455,1537.3244481261186,1547.531286419023,4250100
2023-08-28,1567.3443603515625,1572.4477241088487,1549.9327223318032,1550.8333224028852,3777600
2023-08-29,1560.139404296875,1569.445530812902,1554.1353311303506,1567.3442041474873,3160200
2023-08-30,1564.6424560546875,1576.6503829126286,1556.236819304909,1558.0380193272526,4730700
2023-08-31,1573.048095703125,1580.2528963093018,1558.3383677565355,1560.4396946423153,6133500
2023-09-01,1600.0660400390625,1606.6704770010938,1574.2488754472602,1574.549112107157,4515600
2023-09-04,1622.5809326171875,1622.5809326171875,1589.5589698882457,1600.0659330436995,4422300
2023-09-05,1621.3802490234375,1627.0839757759652,1606.970648913432,1626.7838490646895,3983400
2023-09-06,1658.9052734375,1662.8079102557722,1628.2848720819761,1630.3863088205117,4049700
2023-09-07,1664.308837890625,1679.318801586843,1654.7024743174288,1661.3068011767712,4143300
2023-09-08,1640.29296875,1667.911334328796,1639.0921320077803,1644.4957324429706,5407200
2023-09-11,1670.3128662109375,1670.3128662109375,1644.7959379306424,1653.8019384852241,3313800
2023-09-12,1667.6109619140625,1672.7144352006699,1642.9946352263407,1670.3127619117288,5592300
2023-09-13,1687.42431640625,1695.2295904052148,1667.9113512819044,1676.9173520987613,4440000
2023-09-14,1709.3387451171875,1713.2413816373908,1697.630945493097,1704.8357452617681,4083000
2023-09-15,1709.939208984375,1746.2634465991985,1702.434282075121,1730.0526461666118,7695300
2023-09-19,1742.060791015625,1743.8619911752357,1705.736551151299,1707.8379879830225,5484900
2023-09-20,1728.25146484375,1761.5736660939945,1714.7424643368943,1760.0727026831862,7549500
2023-09-21,1735.156005859375,1748.364879473959,1730.3528790327318,1731.5536057711297,4750200
2023-09-22,1736.3568115234375,1748.0646116011371,1718.3448114039,1726.1499748101915,4290000
2023-09-25,1721.0467529296875,1740.25959128242,1715.342915777345,1738.1581544501814,4088400
2023-09-26,1740.8597412109375,1748.3647776029993,1726.1499050621828,1731.8537415150713,4202400
2023-09-27,1743.862060546875,1743.862060546875,1716.8440570779264,1738.4584598530853,5863500
2023-09-28,1737.4246826171875,1752.444686752473,1730.374366629977,1735.2789196312383,6047700
2023-09-29,1684.39453125,1727.0025477485424,1670.9071508301924,1718.4196080693268,6504600
2023-10-02,1673.359375,1698.1884851677776,1669.6809883084775,1684.3945350745678,5071200
2023-10-03,1633.5103759765625,1662.9374715857903,1627.3796562209993,1656.5002944212717,4579800
2023-10-04,1626.4600830078125,1645.4651573672961,1610.8269382392973,1618.7968515857115,6763800
2023-10-05,1660.791748046875,1668.148522124602,1627.3796950253768,1640.254049661399,5062800
2023-10-06,1668.1484375,1687.4599684743662,1645.7715467302644,1661.7112605085447,3440400
2023-10-10,1713.5152587890625,1722.7112259878313,1685.3142178758658,1685.620787534311,3771300
2023-10-11,1711.9825439453125,1723.3242743826822,1690.5253617195349,1707.3845602890087,4538100
2023-10-12,1749.072998046875,1753.0579546687638,1733.4398534796842,1737.424810101573,5046600
2023-10-13,1696.349365234375,1746.9271844316504,1690.8317849583086,1746.0075877189727,6631800
2023-10-16,1681.9423828125,1690.8317802585234,1671.5202493459688,1689.2991564934732,4586400
2023-10-17,1697.26904296875,1703.0931931788864,1679.4902471785883,1698.188639725326,3727200
2023-10-18,1710.75634765625,1723.3241311873717,1697.8819944883614,1700.334214816142,3680100
2023-10-19,1689.2991943359375,1714.128306065426,1679.7966573666588,1698.8017313052162,2811000
2023-10-20,1663.550537109375,1685.3142896549125,1662.3243706788294,1675.5052949769383,3036900
2023-10-23,1652.208740234375,1663.5504705606827,1633.8168057892597,1655.2741000603808,3234600
2023-10-24,1651.2891845703125,1660.1786946101226,1626.7666421189085,1651.5957542371734,2954400
2023-10-25,1668.455078125,1699.4147980299292,1666.0027452822094,1675.8118521424456,3802200
2023-10-26,1661.7113037109375,1681.3294048515238,1658.6459438358725,1676.7314211666567,3467700
2023-10-27,1678.2640380859375,1679.796661889447,1650.9827057528905,1655.8871468263048,4474500
2023-10-30,1649.7564697265625,1665.6961831810534,1640.8670724326603,1647.6107066878458,15627900
2023-10-31,1683.781494140625,1688.992504492101,1657.1131908473,1670.907140826606,5821200
2023-11-01,1723.937255859375,1737.731206463483,1709.2237085483264,1734.0528196357209,5409900
2023-11-02,1732.8267822265625,1745.7011362477795,1723.9372724701786,1738.9573895800845,3538200
2023-11-06,1755.5101318359375,1771.4498456740969,1750.299121194146,1758.5754916428225,4975200
2023-11-07,1711.676025390625,1758.5754570094891,1709.2236926912299,1755.5100972629734,3003000
2023-11-08,1666.9222412109375,1711.3694522964452,1654.9674841556696,1710.449855599886,3898500
2023-11-09,1708.9171142578125,1712.5955007909195,1656.8065635351634,1679.1834523633809,3654300
2023-11-10,1711.0628662109375,1718.1131823204757,1698.495082230496,1707.6910491077592,3001200
2023-11-13,1736.8116455078125,1741.409629137162,1716.274060133691,1719.6458773767274,3240900
2023-11-14,1752.444580078125,1760.4144922519638,1743.8617531676857,1750.2989294782383,2893800
2023-11-15,1727.0025634765625,1758.5754202131313,1708.3040602483386,1756.7362268547963,4155600
2023-11-16,1709.8367919921875,1734.0527629801238,1703.706072642584,1720.565382470813,3409500
2023-11-17,1716.5804443359375,1719.0327770039853,1689.6056830310524,1695.429720542892,5037900
2023-11-20,1650.0631103515625,1671.8268623029899,1646.6911808234752,1649.4499710252953,13010400
2023-11-21,1660.485107421875,1665.696230341234,1642.7063123307064,1651.289140217664,6453300
2023-11-22,1670.9072265625,1683.7815805371147,1655.2740824504679,1656.806706219436,3450000
2023-11-24,1685.0076904296875,1693.2840605645433,1675.1985843217778,1691.7513245914895,3246000
2023-11-27,1683.474853515625,1702.4799253004987,1670.600500744461,1690.2185995285267,3911700
2023-11-28,1684.39453125,1687.7664605465416,1676.4247308549482,1685.9272672049563,3520800
2023-11-29,1685.0076904296875,1691.444867201242,1673.9725302498798,1680.1031373757328,3910200
2023-11-30,1696.0428466796875,1698.1884974282646,1667.2287799695794,1669.987570008139,7356300
2023-12-01,1711.0628662109375,1722.4045961113802,1702.7864960214006,1711.6760055063917,3340500
2023-12-04,1714.434814453125,1718.726228291297,1690.5253003088908,1704.6257081723659,3565800
2023-12-05,1710.4498291015625,1732.2135798311442,1710.1432594556402,1714.7412428672035,3604500
2023-12-06,1751.21875,1754.5905672705376,1715.9675044689848,1723.937305406374,5065800
2023-12-07,1770.5301513671875,1771.7562054179953,1742.942251392225,1745.7010413897212,4357800
2023-12-08,1718.1131591796875,1754.2838869061122,1712.5955791276444,1753.9774295179677,6588300
2023-12-11,1730.0679931640625,1732.5202136559174,1714.12827932836,1725.7764669839935,3514800
2023-12-12,1730.9876708984375,1746.314246136935,1719.6459401137802,1727.3092838607608,2916000
2023-12-13,1728.228759765625,1732.5201735909957,1712.5956159487212,1729.148356460737,2808300
2023-12-14,1676.7314453125,1712.289148902368,1672.4399189745163,1707.078138069631,6376500
2023-12-15,1649.4498291015625,1677.037728746016,1648.8368020835028,1654.9674090304532,6500400
2023-12-18,1618.796875,1639.6410309076891,1609.9073647739185,1639.6410309076891,4978500
2023-12-19,1648.5302734375,1650.9826060816183,1631.3645062059409,1634.7363232722862,3939300
2023-12-20,1667.535400390625,1681.3293510034462,1648.8368965858708,1654.9675038841942,3490500
2023-12-21,1636.57568359375,1671.5203609107373,1635.3496294020606,1664.470156414395,3344400
2023-12-22,1635.3494873046875,1645.1584812632143,1631.3645308892912,1633.816751315059,2977800
2023-12-25,1648.8369140625,1664.1634885984895,1639.9475165473903,1663.5504615387968,2267100
2023-12-26,1644.85205078125,1650.9827707475586,1637.495276626052,1650.3696313976486,2187000
2023-12-27,1651.90234375,1661.7113383973144,1645.4651664568173,1658.0329513726385,3161400
2023-12-28,1671.2137451171875,1675.1985892457503,1658.3393915362365,1658.3393915362365,3025800
2023-12-29,1700.0277099609375,1711.6760095365335,1675.198599333867,1676.7313353206562,4896900
2024-01-04,1714.434814453125,1716.2740078488355,1659.2590125818153,1671.52022704958,6813000
2024-01-05,1747.233642578125,1755.8165821005014,1725.4698925188811,1725.4698925188811,4518300
2024-01-09,1746.92724609375,1772.06292787932,1746.92724609375,1756.7363528788544,4270200
2024-01-10,1741.40966796875,1755.8167584989478,1729.4549102658627,1746.9272484470057,4592700
2024-01-11,1778.806640625,1788.9222046273806,1756.4297495042774,1757.3493462317665,5593200
2024-01-12,1760.7210693359375,1780.3391692252235,1755.5100589106155,1780.3391692252235,5171400
2024-01-15,1775.1282958984375,1780.3393067262216,1763.1735381569906,1763.1735381569906,600000
2024-01-16,1794.7462158203125,1809.153305841268,1791.9874256786986,1806.087946043211,3642000
2024-01-17,1825.0928955078125,1872.2988972646676,1801.4899507571138,1805.168337588675,5343000
2024-01-18,1793.82666015625,1832.143265614694,1793.2136330847934,1826.0125458782848,4116000
2024-01-19,1798.4246826171875,1824.4799614202043,1793.826698843447,1817.4297570522901,3926100
2024-01-22,1848.3892822265625,1852.6806958779248,1820.8013824918378,1824.1731994853758,4072200
2024-01-23,1848.6959228515625,1860.650679862322,1833.675806111867,1856.0526963966454,4350900
2024-01-24,1848.3892822265625,1853.2938351534417,1834.9019019969587,1841.645535984035,3478500
2024-01-25,1846.8568115234375,1864.9421765401692,1841.032661456321,1859.731165799356,4403400
2024-01-26,1824.7864990234375,1851.7612618517137,1822.0277088076734,1845.9372240109635,3952500
2024-01-29,1854.52001953125,1863.4095293519488,1841.645665416888,1841.645665416888,3600600
2024-01-30,1870.7662353515625,1883.6404767440165,1860.6506717710627,1865.8616822576835,4157400
2024-01-31,1884.56005859375,1884.56005859375,1848.3893306095054,1857.5852974284583,4110900
2024-02-01,1860.0374755859375,1876.590215484131,1855.7460619197045,1869.8465814736867,2960700
2024-02-02,1848.3892822265625,1856.66565214698,1845.63049225309,1854.5198891935731,2847600
2024-02-05,1864.6356201171875,1871.6859366315118,1847.7764213778898,1863.4095659667967,3179100
2024-02-06,1833.062744140625,1864.9420581433951,1830.610411502021,1856.3591184191882,4507200
2024-02-07,1836.4346923828125,1838.2738858654193,1821.1081174462438,1829.997515193689,4202400
2024-02-08,1852.9873046875,1866.4746852022247,1833.9823441091896,1842.2587142045682,4449300
2024-02-09,1829.9974365234375,1853.6003811170633,1829.9974365234375,1847.1632042046692,3409800
2024-02-13,2028.0169677734375,2048.8612322865656,1951.997131569586,1952.6100462978998,12784500
2024-02-14,2014.83642578125,2056.524735837971,1994.605297818134,2007.7861093813729,9041100
2024-02-15,2291.94140625,2295.9264749093795,2127.0271415357074,2176.378905346197,15572700
2024-02-16,2287.650146484375,2329.9515949484435,2276.614986015488,2329.6449130392534,13843200
2024-02-19,2316.7705078125,2317.077189714893,2280.599779691989,2293.474133287025,6387300
2024-02-20,2256.384033203125,2311.866297241881,2234.9266254004337,2308.187910134098,7069200
2024-02-21,2222.052001953125,2247.8007085954714,2202.434014586401,2236.45909122093,6930000
2024-02-22,2205.499267578125,2235.5395002409005,2192.931596120857,2234.619903572763,6666300
2024-02-26,2197.836181640625,2210.0973965199173,2173.620209287974,2179.4442470662266,9399000
2024-02-27,2173.926513671875,2203.0471495351867,2168.4089336879365,2176.6853036638445,5185800
2024-02-28,2227.876220703125,2238.9113804790168,2168.408895962741,2182.202845682606,7028400
2024-02-29,2271.40380859375,2288.569688192022,2238.911467275397,2254.544610897298,14096100
2024-03-01,2301.137451171875,2358.1524478200226,2272.32349544473,2272.32349544473,16171200
2024-03-04,2327.192626953125,2352.021736110318,2290.1020796493126,2298.6851312541257,7498500
2024-03-05,2325.353515625,2340.3735196963644,2296.8460189214293,2329.338359682079,4877100
2024-03-06,2348.650146484375,2348.956603903531,2305.7355557889005,2313.705469285312,6106200
2024-03-07,2403.825927734375,2425.283110604796,2362.4440735843955,2362.4440735843955,7765200
2024-03-08,2455.629638671875,2493.639785159585,2404.1322236338665,2438.463983333147,9919500
2024-03-11,2406.278076171875,2495.785412339974,2375.624703550993,2465.132264230003,9402300
2024-03-12,2323.207763671875,2361.8308257713757,2283.971786768549,2358.1524389047563,10062000
2024-03-13,2365.815673828125,2384.207606445315,2335.7754423830834,2357.2326222661727,7356000
2024-03-14,2344.0517578125,2368.267727027738,2321.981439182645,2358.7653035657363,5997900
2024-03-15,2350.489013671875,2354.4738576113477,2309.4136222162297,2317.9966738701846,11695500
2024-03-18,2372.2529296875,2404.438812845441,2340.373503913143,2348.0367345899704,5517300
2024-03-19,2377.464111328125,2392.1776596695286,2348.0370146453183,2351.1024868903974,6361200
2024-03-21,2453.177490234375,2472.4890205567585,2407.504113523831,2448.5795068242837,7874100
2024-03-22,2456.54931640625,2486.896008411875,2449.8056819086396,2474.0216542276703,5425500
2024-03-25,2401.986572265625,2468.1975344414004,2400.1473788718536,2468.1975344414004,4358700
2024-03-26,2453.79052734375,2458.695192899632,2415.7806040957253,2433.8660812473345,4438200
2024-03-27,2505.287841796875,2537.7804078617596,2493.0266274297155,2532.2628277199015,5791800
2024-03-28,2496.076171875,2591.160327043066,2489.05024907933,2529.332206441171,5081900
2024-03-29,2535.42138671875,2546.1944685392805,2516.2171973865,2531.2058329628903,2276400
2024-04-01,2448.768310546875,2559.7778915720487,2437.5268339873637,2557.435917288817,6883800
2024-04-02,2503.102294921875,2528.3956190097833,2471.251442366731,2490.9240277684376,5920400
2024-04-03,2518.0908203125,2565.3987021673292,2503.5705793471566,2523.243163880848,6650800
2024-04-04,2551.346923828125,2576.171852589441,2521.3696513616296,2542.915815946923,5021300
2024-04-05,2572.424560546875,2577.5769039856978,2520.9011261586456,2576.640114269548,3913700
2024-04-08,2580.855712890625,2630.5055687102995,2561.1831285092444,2572.424605298605,3404700
2024-04-09,2618.327392578125,2618.327392578125,2574.298273633162,2577.5770378099146,2901900
2024-04-10,2584.602783203125,2606.6173411608174,2575.2348861998516,2585.539572903452,3222000
2024-04-11,2599.59130859375,2602.4016775760138,2558.372563520552,2576.1715670748877,2955800
2024-04-12,2598.65478515625,2614.580211020582,2571.4878822112137,2613.6434212638565,3344600
2024-04-15,2614.579833984375,2621.6057561466405,2550.8781397131684,2563.993194416064,2488200
2024-04-16,2499.823486328125,2563.5251903080057,2482.9612705687446,2529.3323639070404,5874900
2024-04-17,2440.8056640625,2517.6224226321124,2431.906161545289,2504.975761160286,4215500
2024-04-18,2505.912353515625,2526.0533313102364,2417.8541250182534,2437.526707980432,3894600
2024-04-19,2509.659423828125,2524.6480579383337,2460.9463629699453,2500.759922325188,5300000
2024-04-22,2557.43603515625,2588.8184919979108,2526.9903680710568,2538.7002400269002,3563500
2024-04-23,2592.5654296875,2607.5540645113483,2559.309396172087,2583.66592776084,2825700
2024-04-24,2651.583251953125,2660.4827541236086,2587.413157355425,2597.7178440791436,5454400
2024-04-25,2587.413330078125,2644.557505724311,2580.387406842938,2604.743940724919,4818200
2024-04-26,2599.59130859375,2610.832784522804,2557.4357738597973,2572.8928032622466,3414800
2024-04-30,2666.57177734375,2666.57177734375,2601.4648957258364,2641.746851259222,4508700
2024-05-01,2638.936767578125,2664.2300912290334,2607.0859155732774,2641.74713687267,2932300
2024-05-02,2652.0517578125,2653.9253372952357,2623.9480655714633,2638.9367014333493,2998100
2024-05-07,2655.33056640625,2712.943136465867,2629.568848086909,2698.891290109863,4058200
2024-05-08,2594.9072265625,2667.5084215295014,2593.502042143784,2642.2151019926105,3789300
2024-05-09,2674.534423828125,2677.344792749836,2615.048281651913,2635.189258924174,3939100
2024-05-10,2719.031982421875,2763.06109634912,2676.876447810683,2680.6236064427894,4157000
2024-05-13,2686.24462890625,2734.489301404479,2683.4342596345086,2712.006347230547,3514800
2024-05-14,2627.226806640625,2681.0922162971897,2583.1976891822155,2677.345057364559,4991000
2024-05-15,2589.28662109375,2624.416233355333,2581.3239089811245,2604.275255658692,3650300
2024-05-16,2608.0224609375,2620.2007267392914,2560.7145822459256,2595.375800297178,3382400
2024-05-17,2612.70654296875,2615.9853070061795,2571.0194002071476,2582.2608769069057,4146200
2024-05-20,2592.5654296875,2637.0629393207996,2568.6772929369918,2576.171610348916,4770200
2024-05-21,2949.95068359375,3058.6182857839294,2905.921568913246,3029.577805888278,17337800
2024-05-22,2933.088623046875,3016.4629084033654,2923.7207258158087,2983.6752680946333,11094900
2024-05-23,2974.30712890625,2976.180708200049,2896.5535882135828,2932.151594795768,4216300
2024-05-24,2986.485595703125,3006.1581796145947,2901.237732086756,2914.3527880277356,5027900
2024-05-27,3093.279541015625,3097.026699757013,3007.0948899637056,3011.7788383904403,4675600
2024-05-28,3120.446533203125,3166.3492291283587,3101.710738947928,3158.8549114262796,6326200
2024-05-29,3106.39453125,3210.3781841356304,3106.39453125,3147.6132765379975,7471000
2024-05-30,3078.291015625,3107.331496904481,3036.1354782838175,3065.175959563299,5456700
2024-05-31,3073.607177734375,3124.193824365785,3052.061013428404,3076.4175469916754,12931300
2024-06-03,3171.033203125,3177.5907311669125,3100.773974104505,3100.773974104505,6538700
2024-06-04,3098.900390625,3168.22282983487,3076.4174373677447,3142.929507420458,6804300
2024-06-05,2943.393310546875,3044.5666006611536,2930.2782544209504,3030.514754811948,9459800
2024-06-06,2951.824462890625,2994.9167908160352,2943.3933552530443,2978.991365278384,6041500
2024-06-07,2938.70947265625,2976.1810629993324,2938.70947265625,2972.433903965024,3407200
2024-06-10,2973.37060546875,2992.10640008418,2952.761231391777,2956.508390314863,5335700
2024-06-11,2978.054443359375,3024.8939281558423,2977.1176536634457,2984.6119712308805,4997400
2024-06-12,2973.37060546875,2984.612082238008,2953.6980211225487,2963.0659184302635,3107600
2024-06-13,2913.416015625,2996.7903003165193,2897.490590459204,2996.7903003165193,5025000
2024-06-14,2927.468017578125,2944.330233359375,2882.502108828125,2889.0596371875004,6497300
2024-06-17,2865.6396484375,2939.646033604732,2860.9557000091945,2904.0480255496077,4309400
2024-06-18,2891.869873046875,2927.4678824980515,2872.197288876488,2902.1745599932683,4339700
2024-06-19,2925.59423828125,2950.8875602260446,2911.5423927563643,2917.1631309663185,4523200
2024-06-20,2938.70947265625,2940.583052173404,2891.8699847273965,2910.605779898938,3609900
2024-06-21,2955.571533203125,2999.600649545612,2955.571533203125,2987.422383323222,6374900
2024-06-24,2988.359375,2991.1697443181815,2933.088778409091,2950.887784090909,3847100
2024-06-25,3153.234130859375,3153.234130859375,3030.5146801337132,3039.8825771356724,9143300
2024-06-26,3183.21142578125,3183.21142578125,3139.1823095329514,3161.665262510806,5873500
2024-06-27,3201.010498046875,3213.188764501253,3163.5389089564815,3173.84359595634,4757900
2024-06-28,3349.023193359375,3357.454300699301,3232.8612700092876,3236.608428827032,8202400
2024-07-01,3478.30029296875,3478.30029296875,3379.937370598236,3379.937370598236,7299100
2024-07-02,3582.283935546875,3632.8705810802253,3490.4785418011656,3507.340756978949,10767100
2024-07-03,3567.295166015625,3580.4102217730356,3495.162359349868,3575.726273288246,7284900
2024-07-04,3616.008056640625,3630.996691072296,3540.1280948302906,3569.1685740416533,4898200
2024-07-05,3598.209228515625,3636.617606117588,3571.9791169825767,3607.5771254917136,4422900
2024-07-08,3497.972900390625,3587.904715719361,3480.1738952734795,3580.4103977752998,5793000
2024-07-09,3531.697265625,3567.2952751989387,3494.225676599801,3537.31800397878,4807800
2024-07-10,3681.58349609375,3711.560766290951,3529.82356572042,3541.0650420443703,9294800
2024-07-11,3617.8818359375,3764.0210297247218,3615.071466826207,3719.055123944038,7755400
2024-07-12,3466.121826171875,3541.0650007918075,3463.3114571236274,3536.3810523780617,7308900
2024-07-16,3508.277587890625,3568.2321314487026,3496.0993212303906,3559.801023760848,5367800
2024-07-17,3521.392578125,3565.421695223131,3518.582208948523,3545.7491109877956,3450500
2024-07-18,3502.65673828125,3548.5594342362597,3449.2597246193,3469.869098313386,4019300
2024-07-19,3490.478515625,3496.0992539754425,3453.9437163471216,3457.6908752474164,3103500
2024-07-22,3432.3974609375,3521.392482441065,3402.420190536299,3489.541632639789,4416100
2024-07-23,3459.564208984375,3483.9207401063877,3438.0180468379785,3470.8056848868423,3885600
2024-07-24,3361.201416015625,3441.765329554461,3338.718463400136,3429.5870635544047,6548900
2024-07-25,3208.504638671875,3255.3441224481066,3181.3377380816605,3250.660174070483,6759000
2024-07-26,3148.55029296875,3198.20014882336,3120.4466009755747,3187.8954617591953,5826000
2024-07-29,3274.080322265625,3301.2472262271995,3229.11441226026,3251.5973672629425,4583300
2024-07-30,3275.95361328125,3315.2987810701584,3220.683020434926,3231.924496946043,4297500
2024-07-31,3355.58056640625,3379.000307936165,3232.861120789494,3238.481858756674,6645400
2024-08-01,3208.504638671875,3320.919399734831,3185.084896783759,3302.1836062243383,5832500
2024-08-02,2875.9443359375,3082.038066851588,2875.9443359375,3011.7788404036037,10088100
2024-08-05,2480.619140625,2726.0580435116126,2430.969286224273,2716.690146454872,15279100
2024-08-06,2810.369140625,2898.4273736979167,2693.7388212890623,2855.335046875,11018900
2024-08-07,2856.271728515625,3010.842025401515,2730.741911650721,2756.503627798369,11984300
2024-08-08,2836.599365234375,2917.163283797835,2801.4697495817036,2830.0418369792096,6576900
2024-08-09,2822.54736328125,2949.0139726549537,2754.1617152495437,2902.17448770173,9714900
2024-08-13,3008.03173828125,3017.3996353173175,2877.817969479913,2907.7952399953283,8978200
2024-08-14,3076.417236328125,3136.3717744295254,3018.336277542393,3089.5322915378065,6925000
2024-08-15,3048.313720703125,3105.457893094917,3029.577926476308,3078.290991466032,5652800
2024-08-16,3167.285888671875,3175.716995740212,3102.6474011479595,3138.245408769826,5755100
2024-08-19,3112.9521484375,3189.768903228916,3099.8370927414044,3162.602002144147,3973600
2024-08-20,3152.29736328125,3164.4756294692606,3127.0040411984583,3152.29736328125,2883800
2024-08-21,3133.561767578125,3139.1825061746777,3077.354381612598,3091.4062281039796,3055600
2024-08-22,3092.3427734375,3140.119047731748,3086.7220352852355,3130.751150811307,3151600
2024-08-23,3091.406005859375,3121.3832762192237,3054.8712076083098,3102.6474822443183,4617000
2024-08-26,3022.08349609375,3072.670138619808,3013.652389006074,3068.922979914174,3052300
2024-08-27,3063.30224609375,3095.1530951357036,3011.778813820002,3018.3363415639337,3538400
2024-08-28,3089.532470703125,3098.9003678247236,3039.8826159586542,3044.566564519453,3082600
2024-08-29,3135.43505859375,3141.0557966730935,3082.9748365198775,3111.078526916595,3851500
2024-08-30,3133.561767578125,3173.843727520086,3109.20523365973,3147.6136140695066,6630200
2024-09-02,3185.0849609375,3191.6424887982535,3136.371896829044,3182.2745918543196,3161600
2024-09-03,3274.080322265625,3276.89069164096,3199.1371389233504,3201.9475082986855,3897700
2024-09-04,3138.24560546875,3219.7463122376403,3126.0673389400654,3142.9295541336287,5592400
2024-09-05,3075.48046875,3175.7169628579045,3053.9343064651234,3072.6700997563203,5279700
2024-09-06,3064.239013671875,3091.4059141293756,3038.9456925562713,3066.112593013772,4008700
2024-09-09,3013.65234375,3025.8306093604288,2885.3121600093255,2907.795111905502,5216200
2024-09-10,2997.72705078125,3086.7220726013184,2997.72705078125,3043.6297462463376,3853000
2024-09-11,2926.531005859375,2978.0544390611244,2887.18583868713,2964.0025936424654,5536600
2024-09-12,3024.89404296875,3031.451571089153,2960.2555514962064,2998.663930487138,5067600
2024-09-13,2979.927978515625,3017.399565796551,2954.6346571010004,3000.5373515201345,4472100
2024-09-17,2919.973388671875,3111.078480519505,2860.9556397189303,3111.078480519505,6219100
2024-09-18,2965.8759765625,2973.3702936226705,2924.657232731562,2970.5599247251066,3875800
2024-09-19,3107.33154296875,3138.245604143899,3052.060948746514,3076.4174817936014,5930800
2024-09-20,3127.004150390625,3176.6540065831664,3097.9636684666857,3156.0446323145643,7145400
2024-09-24,3183.21142578125,3201.9472199294623,3147.613416899647,3192.579322855356,4414200
2024-09-25,3089.532470703125,3174.78033450967,3089.532470703125,3156.981329978633,4582000
2024-09-26,3190.70556640625,3190.70556640625,3110.1416560389753,3128.877449147644,6123800
2024-09-27,3215.11328125,3235.213721531706,3150.983305113129,3214.156117427062,5443600
2024-09-30,3187.35546875,3201.7129258164414,3110.7823643956453,3148.111752768393,6371200
2024-10-01,3243.828369140625,3270.6289576139025,3179.698389579568,3209.3704696749824,3754000
2024-10-02,3128.96875,3200.756041602937,3115.568455567452,3176.826944401958,4814500
2024-10-03,3234.2568359375,3246.6999667061264,3195.013115821064,3211.2849022108057,4867400
2024-10-04,3253.39990234375,3277.3289984186526,3230.4279701118435,3251.4855746577578,4113900
2024-10-07,3371.131103515625,3392.1887083643883,3351.030662523624,3369.2167758021014,4893400
2024-10-08,3300.301025390625,3367.3024963237294,3293.6008782973145,3350.073546655217,4472600
2024-10-09,3259.142822265625,3355.8163685354716,3247.6568563721776,3345.2875664664784,3433900
2024-10-10,3321.358642578125,3333.8017729393687,3291.6865624859283,3300.301037351405,3503300
2024-10-11,3344.33056640625,3389.3172683584808,3341.459074792278,3365.388171575379,4492600
2024-10-15,3343.373291015625,3416.1177428098385,3339.544635658035,3413.246251291646,5340300
2024-10-16,3385.488525390625,3419.9464238678834,3299.3437791974793,3342.416152294052,4609700
2024-10-17,3374.002685546875,3431.4325184923537,3368.259702252327,3407.5034214317375,2846900
2024-10-18,3377.831298828125,3393.1459207553708,3343.373399491822,3387.4029375326536,2954200
2024-10-21,3356.773681640625,3379.7456144491152,3330.9302572310735,3378.788450582095,2525800
2024-10-22,3299.34375,3345.287614229765,3280.2004732375976,3326.1443374673627,3067700
2024-10-23,3281.15771484375,3316.5727776935805,3269.6717485140753,3301.258155920681,2500200
2024-10-24,3265.843017578125,3293.6007688998616,3211.284678773332,3254.357051513958,3211200
2024-10-25,3213.19921875,3255.3144304345396,3199.798924123101,3241.914135807641,3789800
2024-10-28,3244.785400390625,3273.50031543833,3178.7410957809043,3197.884372479374,4232300
2024-10-29,3276.371826171875,3301.2580860259413,3245.7425832745625,3253.3998939988905,2966000
2024-10-30,3317.52978515625,3339.544552916952,3292.6435259484997,3299.3436726582786,13437500
2024-10-31,3291.6865234375,3350.0735190553214,3259.142952109534,3337.6303888416874,4427800
2024-11-01,3211.28466796875,3258.1856959062966,3206.4988487914493,3245.742566045315,3639200
2024-11-05,3255.314208984375,3297.4294178039318,3190.2270680814236,3243.8282429426777,3059700
2024-11-06,3376.8740234375,3376.8740234375,3270.6288373259463,3272.5431650036317,4424000
2024-11-07,3504.1767578125,3569.26389781011,3441.961109285373,3531.934508693834,6509700
2024-11-08,3476.419189453125,3522.363055393034,3457.2759119781626,3520.448727645538,3176900
2024-11-11,3475.4619140625,3498.433846295356,3443.8755072423232,3462.061620260001,2214000
2024-11-12,3511.833984375,3560.649338205233,3483.119070357216,3499.3908549672938,3245800
2024-11-13,3452.489990234375,3511.8341486470536,3414.203436419744,3507.0483294202245,3351000
2024-11-14,3431.432373046875,3481.204892823287,3430.475209205021,3452.489977567665,3482300
2024-11-15,3468.761962890625,3510.8771743605994,3468.761962890625,3498.434043699016,3415500
2024-11-18,3490.7763671875,3508.9624793280436,3452.4898153126715,3471.6330912500857,3498700
2024-11-19,3541.50634765625,3541.50634765625,3468.761892947635,3479.290695602829,4269600
2024-11-20,3367.302490234375,3438.1326165212836,3348.159212859535,3408.460536590281,8344100
2024-11-21,3367.302490234375,3414.2035198027334,3355.816523809471,3370.1739818406013,5046800
2024-11-22,3379.745361328125,3396.017145848821,3333.8014991520417,3369.2165595794395,3491600
2024-11-25,3413.246337890625,3428.5609597095395,3388.3600774348884,3411.3320101632607,7937800
2024-11-26,3285.943359375,3388.359887033935,3256.2712812682057,3379.745412744866,5147900
2024-11-27,3175.86962890625,3270.6288492985705,3158.64067974401,3259.1428831904104,7147700
2024-11-28,3176.82666015625,3193.0984447970022,3117.4825044076247,3151.9404012939235,4499100
2024-11-29,3197.88427734375,3214.156062053371,3163.4263803116114,3174.912345988991,3738500
2024-12-02,3290.729248046875,3296.47223102776,3197.884356522574,3197.884356522574,4422000
2024-12-03,3355.81640625,3366.3452084373216,3279.2432994331148,3315.6155251711352,5704300
2024-12-04,3292.6435546875,3359.6450223700945,3287.8577355673146,3352.944875601835,4333300
2024-12-05,3318.487060546875,3335.716009808439,3298.3866197417165,3317.5298966990104,4217200
2024-12-06,3284.986328125,3317.529898974723,3260.100068063447,3313.7012435806378,4577600
2024-12-09,3284.986328125,3308.9154243380317,3261.057231911968,3294.5579666102126,3524200
2024-12-10,3248.614013671875,3326.1442832969256,3248.614013671875,3326.1442832969256,4157100
2024-12-11,3286.900634765625,3289.7721262927935,3261.057211021108,3283.071979396067,3753200
2024-12-12,3306.0439453125,3346.2448271026346,3292.643651382455,3345.2876632504885,5163100
2024-12-13,3321.358642578125,3340.5019200569614,3294.558054107754,3296.4723818556377,5213100
2024-12-16,3274.45751953125,3352.944954959944,3265.8430449110274,3332.844514179425,2771300
2024-12-17,3206.498779296875,3283.0718844741136,3206.498779296875,3265.842935809235,3571700
2024-12-18,3203.62744140625,3243.828323551175,3177.7840171702273,3178.741181030821,3942900
2024-12-19,3224.684814453125,3239.042271329586,3152.8975300708203,3160.554840404933,3367200
2024-12-20,3244.785400390625,3278.286134612947,3224.6849598572317,3252.442711070013,7211600
2024-12-23,3243.828369140625,3284.029251850541,3212.2419612971194,3278.2862686062676,2648400
2024-12-24,3245.742431640625,3245.742431640625,3222.770500540839,3237.127957478205,1684500
2024-12-25,3246.69970703125,3252.4426900035933,3191.184204965268,3250.5283623461455,2885200
2024-12-26,3285.943359375,3285.943359375,3228.5135307812043,3229.470694591101,2903500
2024-12-27,3328.05859375,3328.05859375,3269.671600877193,3284.9862219585852,3169800
2024-12-30,3301.258056640625,3354.859231233804,3284.029107664246,3340.501773753488,3857000
2025-01-06,3292.6435546875,3331.8872714730196,3260.09998467024,3311.786831168241,4303300
2025-01-07,3262.014404296875,3291.6864836786835,3214.156211745571,3284.0291728704747,5240300
2025-01-08,3159.597900390625,3213.199076525698,3147.1547702164116,3195.012963194155,10341000
2025-01-09,3110.78271484375,3165.3410578425483,3107.911223106971,3159.59807436899,6162900
2025-01-10,3066.7529296875,3108.868138459738,3061.009946673104,3062.9242743445693,6195000
2025-01-14,3080.1533203125,3081.110484178352,3026.5521438247747,3038.038110215002,6390300
2025-01-15,3045.6953125,3104.0823062342865,3031.3378550243556,3104.0823062342865,6895200
2025-01-16,3078.239013671875,3095.4679633752626,3051.438425244384,3052.395589116794,5076300
2025-01-17,3048.56689453125,3064.8386801535516,2971.0366218602826,3054.3098776920624,4880500
2025-01-20,3077.28173828125,3077.28173828125,3048.566823149543,3072.495919092632,3129800
2025-01-21,3058.138671875,3098.3395558245306,3021.7664435397105,3093.553736306729,3060400
2025-01-22,3057.181396484375,3078.239001594787,3038.0381191112733,3066.753035170926,3422500
2025-01-23,3088.767822265625,3091.639313888432,3059.09574216329,3075.367528025861,4061600
2025-01-24,3085.896240234375,3119.396974852304,3075.367437925883,3119.396974852304,4054100
2025-01-27,3094.5107421875,3114.6111831358257,3087.8105952047245,3099.2965614609107,3196100
2025-01-28,3092.59619140625,3115.5681222616354,3074.41007947907,3086.8532086924038,4283600
2025-01-29,3101.210693359375,3118.439641655816,3094.510546799648,3112.6966588903356,3290600
2025-01-30,3122.268310546875,3122.268310546875,3089.724741399544,3105.0393621747585,3350000
2025-01-31,3109.825439453125,3111.739767209021,3070.5817204572563,3093.553653528009,5112300
2025-02-03,3055.26708984375,3073.453203473772,3029.423665211613,3067.7102202221863,4661400
2025-02-04,3075.367431640625,3104.0823469687357,3061.9671378208404,3092.5963808374913,4333800
2025-02-05,3073.453125,3131.840119900343,3055.2670118343194,3095.4678935689817,3984500
2025-02-06,3083.98193359375,3107.911029912758,3067.7101480968245,3073.4531312133863,2562800
2025-02-07,3098.33935546875,3102.168010835409,3062.924293327155,3092.596372418762,3141200
2025-02-10,3080.1533203125,3108.8682362880672,3060.0528791296033,3098.339433763693,3308300
2025-02-12,3084.93896484375,3084.93896484375,3044.738084755808,3060.0527057416903,4105800
2025-02-13,3135.668701171875,3135.668701171875,3086.853345933851,3097.3821480440133,3954500
2025-02-14,3124.1826171875,3150.9832033643534,3112.6966516831344,3143.3258930281095,4104800
2025-02-17,2979.65087890625,3024.637577045856,2964.3362582629798,3015.065939143812,8245000
2025-02-18,3058.138671875,3077.281949946205,2979.6512317830593,2983.4798873973004,5605400
2025-02-19,3006.45166015625,3073.4531298190764,3002.6230047469458,3062.9243274434893,3956200
2025-02-20,2912.649658203125,2983.47978462673,2898.292200144286,2981.5654568855516,7519500
2025-02-21,2900.20654296875,2921.2641482312292,2875.3202822040016,2883.934757084107,5455800
2025-02-25,2916.478271484375,2928.921401621985,2868.620078647414,2872.4487340743713,5327400
2025-02-26,2907.86376953125,2917.4354080089697,2879.148854098091,2916.478244161198,3952500
2025-02-27,2971.03662109375,2971.03662109375,2887.7633652834547,2913.606789500443,5503800
2025-02-28,2995.9228515625,3009.3231454672523,2950.9361505965453,2969.122263752995,6776200
2025-03-03,3101.210693359375,3103.1250209478685,3010.2801329059366,3017.93744325991,4912400
2025-03-04,3107.9111328125,3110.782624465853,3059.095774705497,3110.782624465853,4406400
2025-03-05,3080.1533203125,3105.0395808246585,3056.224223666194,3099.296597629545,4197000
2025-03-06,3133.75439453125,3143.3260328774054,3072.4959091158557,3096.4250049812445,4179600
2025-03-07,3085.896240234375,3123.22563023721,3084.939076388149,3108.8681725438123,3851500
2025-03-10,3044.73828125,3090.6821471726657,3044.73828125,3073.4531974516663,3252100
2025-03-11,3060.052978515625,3061.9673063095042,2975.822555584948,2995.922997420678,5174700
2025-03-12,3083.024658203125,3098.339279293237,3044.7381054778452,3051.4382522047695,4126200
2025-03-13,3120.354248046875,3148.1120005601756,3090.6821677740368,3090.6821677740368,3452600
2025-03-14,3145.240234375,3163.4263465031577,3109.825173914904,3120.353975673311,3879800
2025-03-17,3200.755859375,3211.2846615439967,3156.726323031923,3166.2979613673747,3669200
2025-03-18,3306.0439453125,3317.529911538253,3243.828294923006,3252.4427695923205,5074900
2025-03-19,3311.786865234375,3341.458944084741,3289.7720970550713,3309.8725375666095,3522500
2025-03-21,3265.843017578125,3296.4722604159033,3265.843017578125,3268.7145090941667,5352700
2025-03-24,3275.41455078125,3284.029025052738,3251.485455582673,3265.8429127018194,2569800
2025-03-25,3272.543212890625,3315.615586268829,3265.843065920682,3290.7293260947554,3281300
2025-03-26,3322.315673828125,3332.8444760211846,3293.600758756145,3311.786871635066,3751100
2025-03-27,3369.216552734375,3369.216552734375,3308.9152337507767,3311.786725130948,5106200
2025-03-28,3430.29736328125,3448.865924506989,3303.249312789352,3347.2274841134704,8983500
2025-03-31,3151.76904296875,3258.293950157461,3148.837164789244,3234.838924721415,9691200
2025-04-01,3070.65380859375,3210.406671301868,3064.790052116486,3207.474793063236,5892800
2025-04-02,3080.4267578125,3098.018027368536,3055.9944389846723,3095.0861491091964,4075300
2025-04-03,2929.434814453125,2968.0378753942086,2874.2177779171448,2879.1042413274085,8141800
2025-04-04,2779.42041015625,2856.6265326605903,2695.373238822411,2845.387666726414,8294000
2025-04-07,2517.99462890625,2600.57586164158,2444.209030426754,2501.869299437221,8586400
2025-04-08,2793.59130859375,2826.3306155162236,2738.3742685603243,2790.1707839899095,7166800
2025-04-09,2631.360595703125,2754.010829597551,2610.8374489956914,2744.7265489441884,7762000
2025-04-10,2883.013427734375,2960.219550036414,2866.8880983928098,2960.219550036414,5244900
2025-04-11,2807.761962890625,2820.4667681525734,2729.5785458940186,2759.3859736239747,5572300
2025-04-14,2817.534912109375,2862.97902359501,2817.534912109375,2828.7737783907687,4908300
2025-04-15,2868.35400390625,2879.104223341674,2854.6719064429835,2866.3994185543547,3228700
2025-04-16,2847.8310546875,2903.5367410695135,2829.7511389319343,2895.718399121161,4170900
2025-04-17,2908.911865234375,2908.911865234375,2848.3197148414533,2849.785653963863,2621200
2025-04-18,2938.71923828125,2938.71923828125,2887.9000163355813,2897.6729436328255,1700800
2025-04-21,2902.559326171875,2939.6964488636363,2893.2750454989346,2937.7418634588066,1758700
2025-04-22,2910.377685546875,2929.923539714416,2895.7182949212192,2914.286856380383,2222500
2025-04-23,2971.947265625,3024.7210743536257,2966.083509099597,3019.8346105824567,3236200
2025-04-24,3056.9716796875,3077.4948271534327,2999.311408235594,3029.6074830662565,3924200
2025-04-25,3114.6318359375,3136.132275344662,3081.4038841264314,3092.1541038300124,3532700
2025-04-28,3156.655517578125,3182.065128555534,3141.99612662962,3148.8371757389223,3566800
2025-04-30,3171.31494140625,3194.7699671670357,3163.496599485988,3189.8835034668723,5223600
2025-05-01,3202.588134765625,3213.3383543208347,3161.541841918461,3187.9287444630663,3507000
2025-05-02,3169.3603515625,3263.1804544764686,3169.3603515625,3223.1114521902946,3609400
2025-05-07,3188.90625,3272.9534266779037,3161.542052942078,3269.0442556696294,3809000
2025-05-08,3116.58642578125,3175.223987884378,3116.58642578125,3161.541890060315,2951100
2025-05-09,3184.9970703125,3192.815412307744,3157.632873329146,3184.9970703125,2905200
2025-05-12,3238.748046875,3248.520973992909,3195.747167556201,3225.0659489099276,2006400
2025-05-13,3234.8388671875,3287.6126734799846,3221.1567692598187,3286.6353807708647,3146100
2025-05-14,3285.658203125,3285.658203125,3208.4520764007657,3238.7481514444526,4031500
2025-05-15,3269.044189453125,3290.5446295631305,3229.9524801622056,3234.838943823571,3913600
2025-05-16,3300.3173828125,3334.522626637918,3283.703407240154,3313.022187661941,3522100
2025-05-19,3248.52099609375,3261.2258014334666,3208.45199463772,3244.611825219991,3381400
2025-05-20,3226.043212890625,3284.680775075853,3194.769846391837,3273.9305553418944,3781200
2025-05-21,3218.224853515625,3261.225732214285,3147.859779281454,3157.6327062584223,7146800
2025-05-22,3144.927978515625,3184.0196873846817,3120.4956604724644,3120.4956604724644,5596900
2025-05-23,3165.451171875,3174.2468064989193,3137.1096825312598,3149.814488099143,2816400
2025-05-26,3184.9970703125,3198.6791688041767,3166.4285080737955,3174.2468500690397,2148700
2025-05-27,3212.361083984375,3212.361083984375,3153.723522366163,3161.541863915258,2138900
2025-05-28,3213.33837890625,3243.634452430001,3194.7698177142734,3225.0658912380245,3489900
2025-05-29,3331.5908203125,3332.568113014264,3250.475526066112,3273.930550908441,5029100
2025-05-30,3377.523681640625,3377.523681640625,3274.907944785224,3280.7717011769614,9062900
2025-06-02,3394.1376953125,3418.5700138793914,3366.773498517582,3417.5927211367157,4981000
2025-06-03,3396.09228515625,3401.956041619829,3342.341184240108,3379.4783085094423,4795500
2025-06-04,3425.410888671875,3425.410888671875,3382.4100101835547,3410.7514982781295,4437300
2025-06-05,3377.523681640625,3402.933292671486,3367.750754321063,3378.5009743725814,3855000
2025-06-06,3374.591796875,3422.479140647625,3374.591796875,3399.0241151263394,3842800
2025-06-09,3405.865234375,3420.52462562769,3387.2966721215926,3411.728990876076,2708400
2025-06-10,3370.6826171875,3448.866035388428,3370.6826171875,3428.3428881106843,4758400
2025-06-11,3300.3173828125,3369.7051631440627,3293.4763340474165,3369.7051631440627,4042300
2025-06-12,3249.498291015625,3330.613586701128,3235.8161929481907,3318.8860740718987,4716100
2025-06-13,3164.473876953125,3224.0887338073994,3155.678242335281,3221.1568556014518,5466900
2025-06-16,3182.065185546875,3220.1796026956245,3173.2695508202405,3219.202309948221,2468000
2025-06-17,3158.610107421875,3171.3149129282133,3147.8598873780506,3152.7463510343346,2286600
2025-06-18,3176.201416015625,3187.9289289362982,3135.1551207932694,3140.041584510216,2831900
2025-06-19,3143.95068359375,3169.360294340855,3127.3367073360273,3165.4511234566853,2402100
2025-06-20,3091.1767578125,3131.24575783473,3084.335709028217,3122.4501236835085,5868500
2025-06-23,3055.01708984375,3081.403993690769,3032.5393569370303,3079.4494082206193,2972600
2025-06-24,3093.13134765625,3122.4501282027545,3083.358420807415,3087.267591546949,2794500
2025-06-25,3106.8134765625,3125.3820377624647,3091.1767934467402,3123.4274523729946,3318500
2025-06-26,3132.22314453125,3132.22314453125,3085.313094316741,3105.8362412855886,3394500
2025-06-27,3131.245849609375,3161.5419236848716,3122.4502152003597,3129.2912641851494,3925300
2025-06-30,3156.655517578125,3171.3149085266305,3136.1323702502177,3144.928004819321,4263200
2025-07-01,3118.541015625,3150.7916748276402,3095.0859907503527,3146.882504015199,3006100
2025-07-02,3081.404052734375,3100.9499078103936,3061.858197658356,3098.018029548991,3183100
2025-07-03,3082.38134765625,3083.3586404107386,3048.176101249158,3065.767370829948,3060500
2025-07-04,3049.1533203125,3092.1542004707535,3049.1533203125,3089.222322278145,2930400
2025-07-07,3025.6982421875,3064.789950742894,3018.857193190306,3062.8353653151244,2711900
2025-07-08,3029.607421875,3042.3122271925404,3009.0842748235887,3012.9934456905244,4255900
2025-07-09,3032.539306640625,3051.1078682990756,3014.9480377010404,3050.1305755802096,3271400
2025-07-10,3027.65283203125,3029.6074174618707,2999.311343287252,3025.6982466006293,4682600
2025-07-11,3053.0625,3061.8581346030733,3003.220570582587,3004.197863316261,4285800
2025-07-14,3052.085205078125,3072.6083524705814,3024.7210085548504,3034.4939358845913,2639300
2025-07-15,3046.221435546875,3075.540217409694,3036.4485082592687,3070.6537537658905,3098900
2025-07-16,3021.7890625,3050.130551119825,3020.8117697889716,3042.3122094315977,3348800
2025-07-17,3048.176025390625,3052.0851963112927,3023.743707136452,3041.334976279457,4679000
2025-07-18,3048.176025390625,3056.9716599621274,3018.8572434856173,3056.9716599621274,5074100
2025-07-22,3014.947998046875,3050.130535463305,3008.106949104791,3044.2667792272337,4071100
2025-07-23,3119.518310546875,3141.018750030594,3032.5392599081933,3054.0396993919126,7876500
2025-07-24,3167.40576171875,3195.747251101608,3142.9734432852515,3146.882614234611,4296500
2025-07-25,3127.336669921875,3185.9742324829103,3127.336669921875,3185.9742324829103,3010700
2025-07-28,3094.108642578125,3127.336593888187,3089.2221791501747,3126.3593012025967,2913700
2025-07-29,3074.56298828125,3087.267794017949,3058.92630429762,3081.404037524088,2482100
2025-07-30,3116.58642578125,3137.109572517345,3071.630961502185,3074.5628396073416,3365700
2025-07-31,3170.337646484375,3176.201402920536,3119.5184240376466,3120.4957167770067,3685300
2025-08-01,3194.769775390625,3219.2020924248145,3164.47370226823,3171.314751037803,3076500
2025-08-04,3137.109619140625,3149.8144244517866,3098.995203207141,3099.972495923384,3526900
2025-08-05,3194.769775390625,3204.542702204301,3140.0413852340403,3155.678068135922,2791900
2025-08-06,3225.06591796875,3236.793430397727,3179.133160955256,3186.951502574574,3130600
2025-08-07,3276.862548828125,3287.6127689405944,3226.0433264782705,3243.6345957532203,3082800
2025-08-08,3287.61279296875,3332.568259222187,3271.9761090545107,3311.0678188401084,4555900
2025-08-12,3380.45556640625,3423.456446695893,3294.453805826964,3308.1359041009414,5998300
2025-08-13,3381.432861328125,3427.365619849056,3361.887006638367,3366.7734703108067,5339500
2025-08-14,3410.75146484375,3425.4108550937945,3340.386391643535,3356.0230745769163,4349200
2025-08-15,3517.2763671875,3525.09470865388,3438.1156598404073,3451.7977574065712,5190100
2025-08-18,3516.299072265625,3547.5724381112336,3469.3890234972123,3498.70780397747,3737500
2025-08-19,3495.776123046875,3534.8678325581627,3485.025902931271,3532.913247082598,2831600
2025-08-20,3511.412841796875,3532.9132822420547,3461.570911673958,3484.048644866646,3514300
2025-08-21,3482.093994140625,3536.822386975841,3475.252945036223,3511.4127760166334,2924000
2025-08-22,3548.5498046875,3567.1183660449947,3475.252851960548,3476.2301446635743,3075500
2025-08-25,3527.04931640625,3571.0274874337597,3506.5261699267458,3557.3453897807567,2626600
2025-08-26,3454.729736328125,3539.754202257558,3440.070345650636,3523.1402261564044,4571600
2025-08-27,3395.114990234375,3435.1839927097953,3379.4783063415284,3419.5473088169483,3961100
2025-08-28,3433.229248046875,3442.0248823288057,3379.4781496572996,3394.137540127184,3617300
2025-08-29,3383.387451171875,3423.456453337689,3383.387451171875,3421.501867866186,3261100
2025-09-01,3382.41015625,3431.2747930059954,3372.637228898801,3389.2512053958394,2120200
2025-09-02,3431.274658203125,3437.1384143834775,3386.3191941537534,3391.2056576373807,2305500
2025-09-03,3329.63623046875,3443.002183722162,3320.840596164606,3431.2746713166366,4937400
2025-09-04,3368.72802734375,3391.205760047233,3342.3411237353134,3353.0913437239356,3329800
2025-09-05,3416.615234375,3438.1156734929205,3396.0920879442574,3415.6379416878217,2965900
2025-09-08,3426.38818359375,3460.5934278680743,3413.683378577572,3424.4335982066455,3169500
2025-09-09,3416.615234375,3457.6615272364843,3415.6379416878217,3431.2746246826728,2659400
2025-09-10,3433.229248046875,3441.0475896308135,3400.0012963151376,3413.6833940870297,2615900
2025-09-11,3400.00146484375,3443.0023456868444,3391.2058301258444,3433.2294182225046,3581400
2025-09-12,3412.7060546875,3438.115664487579,3412.7060546875,3428.3427376413947,3438300
2025-09-16,3502.6171875,3513.367407662528,3447.8887939453125,3457.6617213657923,4890800
2025-09-17,3387.296630859375,3459.6162934916874,3382.4101671680028,3446.911487894119,5994800
2025-09-18,3355.0458984375,3406.8424124535754,3355.0458984375,3400.978656149869,4013300
2025-09-19,3332.568115234375,3390.2283846768464,3331.5908225319604,3357.0004327947445,6188400
2025-09-22,3330.613525390625,3364.8187699295545,3330.613525390625,3351.136672113983,3103500
2025-09-24,3301.294677734375,3355.0457752108077,3296.4082143274263,3355.0457752108077,4430400
2025-09-25,3288.590087890625,3324.7499194662428,3276.8625749471817,3320.840748485095,4999200
2025-09-26,3335.5,3338.431878113097,3288.5899501904482,3292.499121007911,6456700
2025-09-29,3293.0,3341.0,3287.0,3336.0,4779500
2025-09-30,3356.0,3364.0,3287.0,3297.0,4573900
2025-10-01,3311.0,3341.0,3289.0,3329.0,5126300
2025-10-02,3298.0,3327.0,3279.0,3287.0,3508800
2025-10-03,3274.0,3326.0,3274.0,3287.0,3005000
2025-10-06,3320.0,3345.0,3283.0,3344.0,5284900
2025-10-07,3308.0,3360.0,3305.0,3330.0,3905200
2025-10-08,3366.0,3390.0,3347.0,3350.0,4542400
2025-10-09,3352.0,3387.0,3336.0,3382.0,3243500
2025-10-10,3369.0,3375.0,3315.0,3367.0,5004900
2025-10-14,3295.0,3375.0,3288.0,3300.0,5610500
2025-10-15,3372.0,3393.0,3350.0,3365.0,3695500
2025-10-16,3353.0,3385.0,3343.0,3354.0,3259100
2025-10-17,3258.0,3305.0,3252.0,3283.0,4575200
2025-10-20,3350.0,3354.0,3311.0,3328.0,4153600
2025-10-21,3315.0,3370.0,3315.0,3360.0,3649900
2025-10-22,3307.0,3320.0,3291.0,3298.0,3234800
2025-10-23,3279.0,3302.0,3268.0,3290.0,4091800
2025-10-24,3261.0,3272.0,3238.0,3250.0,7108400
2025-10-27,3293.0,3294.0,3271.0,3284.0,5266900
2025-10-28,3242.0,3293.0,3242.0,3291.0,3941200
2025-10-29,3186.0,3242.0,3183.0,3233.0,3989000
2025-10-30,3204.0,3204.0,3167.0,3197.0,15596600
2025-10-31,3186.0,3232.0,3183.0,3223.0,4767100
2025-11-04,3167.0,3187.0,3138.0,3172.0,3881200
2025-11-05,3142.0,3199.0,3108.0,3179.0,5222700
2025-11-06,3192.0,3195.0,3121.0,3123.0,3713600
2025-11-07,3200.0,3200.0,3161.0,3177.0,2886400
2025-11-10,3239.0,3239.0,3211.0,3224.0,2560800
2025-11-11,3225.0,3250.0,3211.0,3249.0,2440400
2025-11-12,3281.0,3281.0,3226.0,3228.0,4259500
2025-11-13,3306.0,3306.0,3285.0,3294.0,3195100
2025-11-14,3346.0,3346.0,3276.0,3305.0,4069600
2025-11-17,3398.0,3398.0,3345.0,3358.0,5566000
2025-11-18,3288.0,3384.0,3288.0,3377.0,5177200
2025-11-19,3293.0,3340.0,3265.0,3329.0,5156000
2025-11-20,3403.0,3429.0,3328.0,3328.0,8289300
2025-11-21,3434.0,3453.0,3292.0,3306.0,8927800
2025-11-25,3359.0,3470.0,3340.0,3470.0,6551700
2025-11-26,3417.0,3428.0,3366.0,3397.0,4562700
2025-11-27,3442.0,3462.0,3413.0,3424.0,3761700
2025-11-28,3465.0,3484.0,3437.0,3461.0,5033400
2025-12-01,3480.0,3488.0,3434.0,3461.0,5531900
2025-12-02,3521.0,3555.0,3500.0,3545.0,7309000
2025-12-03,3502.0,3541.0,3472.0,3530.0,4499300
2025-12-04,3561.0,3577.0,3476.0,3484.0,6359600
2025-12-05,3520.0,3538.0,3507.0,3520.0,4791100
2025-12-08,3583.0,3583.0,3511.0,3513.0,5254200
2025-12-09,3588.0,3622.0,3568.0,3610.0,4744100
2025-12-10,3563.0,3613.0,3525.0,3605.0,4775700
2025-12-11,3596.0,3642.0,3581.0,3608.0,5006100
2025-12-12,3717.0,3733.0,3630.0,3648.0,5917700
2025-12-15,3786.0,3812.0,3712.0,3723.0,4572900
2025-12-16,3686.0,3788.0,3680.0,3786.0,4899000
2025-12-17,3721.0,3730.0,3655.0,3689.0,4061900
2025-12-18,3737.0,3758.0,3700.0,3727.0,5253600
2025-12-19,3751.0,3788.0,3743.0,3788.0,6676500
2025-12-22,3724.0,3802.0,3708.0,3795.0,3275500
2025-12-23,3769.0,3769.0,3715.0,3722.0,3158900
2025-12-24,3665.0,3759.0,3646.0,3731.0,5304600
2025-12-25,3647.0,3662.0,3632.0,3662.0,2543000
2025-12-26,3626.0,3642.0,3605.0,3638.0,2980900
2025-12-29,3677.0,3694.0,3621.0,3630.0,11632700
2025-12-30,3683.0,3713.0,3682.0,3691.0,3830700
2026-01-05,3777.0,3785.0,3698.0,3698.0,5956800
2026-01-06,3838.0,3863.0,3798.0,3800.0,5315700
2026-01-07,3806.0,3817.0,3778.0,3788.0,4660000
2026-01-08,3824.0,3852.0,3794.0,3798.0,3851400
2026-01-09,3851.0,3884.0,3831.0,3842.0,4115400
2026-01-13,3908.0,3958.0,3881.0,3950.0,4618600
2026-01-14,3956.0,3956.0,3879.0,3920.0,4063000
2026-01-15,4019.0,4035.0,3965.0,3970.0,4730700
2026-01-16,4057.0,4075.0,4003.0,4015.0,3417300
2026-01-19,4023.0,4060.0,3992.0,4052.0,3600400
2026-01-20,4056.0,4057.0,4018.0,4025.0,3290100
2026-01-21,3955.0,4013.0,3921.0,4000.0,5044200
2026-01-22,3955.0,3993.0,3932.0,3981.0,3070900
2026-01-23,3980.0,4003.0,3950.0,3999.0,3440100
2026-01-26,3900.0,3931.0,3879.0,3912.0,4780000
2026-01-27,3919.0,3930.0,3851.0,3889.0,3217500
2026-01-28,3852.0,3871.0,3828.0,3853.0,4534300
2026-01-29,3891.0,3909.0,3805.0,3825.0,3737200
2026-01-30,3932.0,3942.0,3901.0,3910.0,3599100
2026-02-02,3912.0,4038.0,3905.0,4010.0,4345800
2026-02-03,4041.0,4053.0,3995.0,4009.0,3819200
2026-02-04,4082.0,4128.0,3988.0,4027.0,3531500
2026-02-05,4130.0,4187.0,4099.0,4150.0,3294900
2026-02-06,4159.0,4170.0,4129.0,4150.0,3666600
2026-02-09,4155.0,4283.0,4151.0,4268.0,4020900
2026-02-10,4179.0,4220.0,4153.0,4200.0,3671500
2026-02-12,4207.0,4214.0,4143.0,4146.0,3801700
2026-02-13,4190.0,4264.0,4182.0,4207.0,5145200
2026-02-16,4208.0,4261.0,4185.0,4260.0,3268400
2026-02-17,4202.0,4237.0,4185.0,4230.0,2527900
2026-02-18,4333.0,4370.0,4293.0,4300.0,3775300
2026-02-19,4306.0,4327.0,4266.0,4322.0,3203600
