Price,Close,High,Low,Open,Volume
Ticker,8795.T,8795.T,8795.T,8795.T,8795.T
Date,,,,,
2011-02-21,786.6154174804688,792.7836770480003,773.3049626242165,785.6414817592796,4059700
2011-02-22,768.760009765625,780.1225943694244,762.2671042777397,778.4993679974531,4624900
2011-02-23,763.8902587890625,784.0182639080263,762.2670325697912,765.838130252188,5447800
2011-02-24,745.3855590820312,758.3713702158644,743.7623326903021,750.5798835355645,4424100
2011-02-25,759.669921875,769.4092798477565,749.2812733707265,749.2812733707265,3842200
2011-02-28,766.1627807617188,771.0324594530009,753.1769709182998,765.5134902695479,2585200
2011-03-01,782.3949584960938,787.2646366610072,767.4612787903592,768.1105692123476,3345900
2011-03-02,762.5916748046875,774.2789035373264,760.6438033492477,772.3310320818865,2973400
2011-03-03,762.2669677734375,775.2527764237516,756.747999097054,770.7077433961416,2294800
2011-03-04,785.317138671875,791.1607552473581,777.5256499045641,778.499586000478,4256700
2011-03-07,764.2149658203125,779.1486482450085,761.6178036594958,777.5254218944981,3268900
2011-03-08,782.0704345703125,794.406954501268,777.2007556501984,784.0183061383581,6067900
2011-03-09,779.4732055664062,799.9258552751458,776.8760436986298,787.9139816366798,2551300
2011-03-10,767.7861328125,790.8359490618393,765.8382610167812,784.6676883753964,3191500
2011-03-11,760.3192749023438,773.6297318925215,759.3453390250137,763.8903731192207,4814700
2011-03-14,664.87353515625,684.6768972873688,607.7359657287598,607.7359657287598,10846300
2011-03-15,637.2786254882812,658.3805667296151,502.55084679361147,648.6412092336149,11508400
2011-03-16,661.3023681640625,667.4706278572962,629.811779203869,649.2904940246073,8629400
2011-03-17,646.6934204101562,651.2384544893441,608.0606307370596,624.6175405969582,6568800
2011-03-18,648.9659423828125,669.418595894627,634.3569041600879,652.8616859088723,3642900
2011-03-22,681.7550659179688,691.1697787330264,674.2882247198196,678.5086132231213,5314100
2011-03-23,684.3522338867188,708.051338760405,678.1839737141155,681.7550717087805,4300600
2011-03-24,668.7691650390625,681.7549740689473,667.4705841360741,678.183876585729,2174600
2011-03-25,650.5889892578125,685.6506713136228,643.4467947649623,685.0013809051818,4773800
2011-03-28,637.9278564453125,668.4445070844267,633.382823371402,655.4586983018249,4598500
2011-03-29,646.8987426757812,653.5438247782546,628.6247668939795,650.8857919372653,4564800
2011-03-30,655.2052001953125,656.5342168285687,634.2731882215271,644.5730671292628,4096300
2011-03-31,681.1209716796875,687.7660543302211,664.5082650533537,666.5017898485138,4981500
2011-04-01,663.8436279296875,685.7723964198573,662.1823575895231,675.804774378871,3396300
2011-04-04,667.4984741210938,680.4563837730215,665.5049495592588,670.8210150574855,2201100
2011-04-05,657.1985473632812,667.4984234847483,651.2179741314617,667.1661694163138,2415100
2011-04-06,637.9278564453125,658.1953560511272,632.9440450668335,658.1953560511272,5530000
2011-04-07,649.2245483398438,655.5373765990336,645.237498912987,646.8987695075106,3606400
2011-04-08,664.1759033203125,668.4952063434062,640.253609653948,649.5567238575343,3491000
2011-04-11,664.8403930664062,676.4692854988521,659.8565820239294,666.5016634138984,3054300
2011-04-12,657.8632202148438,661.5180158827039,649.2246122726286,652.8794079404888,1833500
2011-04-13,666.1694946289062,672.4823227575592,652.2148219234629,662.5146993965283,2153900
2011-04-14,662.1824340820312,666.8339915718198,654.5405896345217,663.5114505076851,2376600
2011-04-15,666.5018310546875,667.1663393608237,658.5277313810521,661.5180187586654,2550600
2011-04-18,640.2537841796875,664.8405927055292,639.9215300104194,664.508338536261,3875900
2011-04-19,643.2440185546875,646.8988141146574,631.9473777329627,638.5924605692715,2652900
2011-04-20,645.56982421875,651.2181448629697,643.2440451299537,645.9020783742924,1744300
2011-04-21,636.9312744140625,649.55693347913,634.2732409266798,647.2311541776702,2371400
2011-04-22,639.9213256835938,644.9051366312852,629.9537037882106,630.6182119145695,1734400
2011-04-25,639.5892333984375,643.9085373122971,637.5957085151177,637.5957085151177,1356500
2011-04-26,641.5827026367188,642.5794649919286,633.6086037950403,636.2666367422664,2430000
2011-04-27,656.866455078125,656.866455078125,641.2505100155697,642.9117807669054,4383200
2011-04-28,661.5179443359375,664.8404854928231,656.5341326006089,658.5276572947404,3227700
2011-05-02,675.4725341796875,680.1240912276538,661.850117110643,663.5113874849168,3413600
2011-05-06,666.5018310546875,689.7596217694572,662.847035370938,671.8178975037777,3459100
2011-05-09,659.192138671875,673.1468109623079,656.5341058546497,673.1468109623079,3166100
2011-05-10,652.8793334960938,660.5211781120785,643.2439641976781,655.8696205197399,3334200
2011-05-11,641.9149169921875,654.8728268072472,638.592376013967,654.2083186116031,3918800
2011-05-12,635.934326171875,641.5826456833285,631.6150230160576,641.2503915944194,2474600
2011-05-13,624.9700317382812,641.5827385893786,618.6572031348643,635.6021641229836,4171400
2011-05-16,609.6863403320312,618.6572020153909,609.0218320591898,614.0056441055007,2749500
2011-05-17,618.6572875976562,621.979829421489,611.0154414028409,613.3412206795239,2526000
2011-05-18,628.2925415039062,631.615082706994,616.9959014134076,623.9732379398921,2781200
2011-05-19,631.282958984375,640.9183304636101,629.9539422286184,631.6152131733141,3886200
2011-05-20,632.61181640625,636.93111977457,619.3216521960346,628.29251303793,2587500
2011-05-23,615.9993286132812,636.266836189015,614.0058032779632,634.6055650762498,3187100
2011-05-24,619.6539916992188,620.9830083033993,603.7057924490512,608.3573505636833,2170500
2011-05-25,621.9796142578125,629.9537118765023,619.6538357856946,619.98608985314,1792600
2011-05-26,630.618408203125,640.5860332010668,627.2958665371443,634.6054582023017,2681300
2011-05-27,639.9213256835938,648.8921853894385,628.9569415986724,630.6182119145695,3123200
2011-05-30,632.9441528320312,633.6086611289677,622.9765283779834,632.9441528320312,1951000
2011-05-31,649.5567016601562,649.5567016601562,630.285965754126,632.9439982928889,4524400
2011-06-01,652.8793334960938,654.5406040647861,641.2504395152473,649.556792358709,2609100
2011-06-02,636.5987548828125,642.5793277366176,628.9569117918393,642.2470736891839,2664000
2011-06-03,628.2925415039062,642.2472145568751,624.3054920602008,639.9214357147135,2038100
2011-06-06,615.0022583007812,627.9601664983666,608.6894312301628,627.9601664983666,3202200
2011-06-07,618.324951171875,619.9862218628258,610.6831059935015,617.3281887573046,2241300
2011-06-08,620.9829711914062,623.3087501097261,612.3443637805038,617.3281757483321,2513700
2011-06-09,616.9959716796875,621.9797840518982,612.3444134656241,618.6572424704244,1825400
2011-06-10,618.324951171875,632.6118791140516,616.9959346191145,623.9732715211076,3168800
2011-06-13,615.6668701171875,617.3281406787557,602.7089597369552,607.6927714216599,1950600
2011-06-14,622.9764404296875,628.62476015625,613.0088173828125,615.999104296875,2066500
2011-06-15,624.9700317382812,635.9344182600055,621.3152362310399,628.2925731085007,1453600
2011-06-16,616.3312377929688,625.3020967797128,615.3344756833304,621.6473023777058,1988100
2011-06-17,606.696044921875,616.6636688800656,601.0477246789002,615.6669064842466,2407000
2011-06-20,610.0185546875,614.0056040645426,607.0282676547182,607.0282676547182,1218100
2011-06-21,608.357177734375,614.3377507541559,604.7023831111755,614.3377507541559,1601800
2011-06-22,621.3152465820312,626.2990587203898,612.3443847329859,612.3443847329859,2239900
2011-06-23,619.9862670898438,629.2893836378157,619.9862670898438,620.9830295771264,1360300
2011-06-24,625.30224609375,628.2925331367062,617.3281473125331,620.6506884713735,2108500
2011-06-27,609.021728515625,624.6376702724358,606.6959499561,624.6376702724358,3764800
2011-06-28,618.324951171875,624.637779797488,614.005647375403,616.3314263427341,3117400
2011-06-29,632.61181640625,636.93111977457,627.9602589326746,627.9602589326746,3050000
2011-06-30,632.9441528320312,650.2213685523806,630.6183737927533,647.2310812161663,4532200
2011-07-01,651.882568359375,661.185683504157,645.237486113102,645.237486113102,6256000
2011-07-04,671.485595703125,676.1371535160116,668.495308537698,670.1565791851574,4834500
2011-07-05,671.1532592773438,675.1403083423576,668.1629724785832,671.1532592773438,4852300
2011-07-06,674.8082885742188,675.1405427783419,668.1632044917548,671.1534923288635,3177100
2011-07-07,671.485595703125,676.1371535160116,670.4888333146494,672.8146122210926,2389400
2011-07-08,676.136962890625,682.4497895711763,675.472454818988,678.4627411413544,3323400
2011-07-11,666.1694946289062,673.146830981628,660.8534288363564,668.1630193011125,5000300
2011-07-12,651.2180786132812,653.876111587213,642.2472173262615,653.876111587213,3917500
2011-07-13,647.8955688476562,654.5406516050681,640.5859778145032,650.8858560884916,2649800
2011-07-14,637.9278564453125,646.5664628346761,637.5956023534139,644.9051923751831,3528100
2011-07-15,641.25048828125,642.2472506982675,632.9441348061042,637.9279468911917,2839900
2011-07-19,629.2892456054688,634.60531103825,624.6376883517853,631.6150242323106,3989300
2011-07-20,634.6052856445312,649.8889731522006,632.2795071107555,637.2633182545608,3564800
2011-07-21,636.5987548828125,643.908343926352,635.6019927405116,637.9277710725469,1784900
2011-07-22,653.5438842773438,660.5212211201624,644.9052767576636,645.5697850284082,3792800
2011-07-25,638.9246215820312,653.2115475976461,636.931097021713,650.8857689439413,3103000
2011-07-26,653.8761596679688,659.8567342990782,643.9085352827863,645.9020601598228,4217600
2011-07-27,643.5763549804688,655.2052514308127,638.924796400331,654.2084888779261,3139900
2011-07-28,631.6150512695312,637.263371033646,627.9602561280453,633.9408299959315,2152500
2011-07-29,627.9602661132812,641.5826845845216,627.9602661132812,638.9246517120845,3031300
2011-08-01,642.5794067382812,653.876045739885,642.5794067382812,644.9051853562586,4562900
2011-08-02,641.5827026367188,643.9084814655417,633.9408579134436,643.2439732287352,3329300
2011-08-03,621.6473999023438,633.2762930058083,617.9926049269692,629.2892439417633,4667700
2011-08-04,624.6377563476562,634.9376342448783,619.6539444619037,623.9732480962226,3315700
2011-08-05,588.0897827148438,604.0379802121955,584.7672415695622,602.0444555250265,6080800
2011-08-08,578.4544677734375,581.7770092310678,566.1610643802053,575.7964346073333,7061500
2011-08-09,561.1771240234375,561.5093780933151,536.9225769223652,560.8448699535597,6606500
2011-08-10,563.8352661132812,563.8352661132812,563.8352661132812,563.8352661132812,3218000
2011-08-11,537.9194946289062,547.8871196065883,530.2776488126833,544.8968321132836,7351000
2011-08-12,539.5807495117188,553.5354240680563,539.5807495117188,553.5354240680563,4794000
2011-08-15,549.54833984375,559.5159639037938,545.5612902197324,555.1966601444415,3920400
2011-08-16,554.1997680664062,566.160914139782,552.8707518360312,555.5287842967814,4265400
2011-08-17,553.8676147460938,555.19663121819,547.2225323856127,551.5418359199253,1824000
2011-08-18,539.9127807617188,539.9127807617188,539.9127807617188,539.9127807617188,3127400
2011-08-19,522.9678344726562,528.2838988637378,518.980786179345,526.9548827659675,4241800
2011-08-22,511.33905029296875,519.6454026369091,508.34876344915017,517.984132168121,4036900
2011-08-23,514.32958984375,519.6456579558301,508.34901321765983,511.3393015307049,4413500
2011-08-24,512.3358764648438,522.9680087909625,510.3423516536965,519.6454674390503,4415700
2011-08-25,522.9678344726562,535.5934874014752,511.67119764160776,513.996975812706,4240200
2011-08-26,521.3067626953125,522.6357792987422,514.3294255273064,520.9745085444551,4323100
2011-08-29,518.648681640625,526.2905264053492,509.3455662748739,518.648681640625,4234200
2011-08-30,519.9828491210938,528.6163877991717,517.3197459480266,523.3003210456916,3399200
2011-08-31,521.3067626953125,521.3067626953125,515.3261879798787,518.9809836393105,2658600
2011-09-01,537.2548828125,538.2516451182746,525.293735143205,526.6227515509045,3857300
2011-09-02,529.6129760742188,534.596787015946,522.6356407558005,524.9614191952733,4772500
2011-09-05,519.6454467773438,524.6292586070498,515.9906514355594,521.6389715092262,4770200
2011-09-06,505.69073486328125,514.6615954686089,489.74253823158773,509.6777840212046,7171200
2011-09-07,493.0650634765625,503.69719422538327,487.74899810215214,502.36817788178064,6084900
2011-09-08,494.3941955566406,506.35534544914003,491.4039080835158,503.6973121396957,3867200
2011-09-09,494.7264404296875,500.37476110618496,489.7426280680721,490.4071363829542,4260700
2011-09-12,479.1103210449219,489.07794214849173,476.12003471385094,481.7683533392072,3068800
2011-09-13,487.41680908203125,488.7458256030456,476.4524227836624,484.4265219097488,2952100
2011-09-14,478.1135559082031,486.08765274058453,474.45876152669496,485.4231446712194,2775000
2011-09-15,482.10076904296875,492.40064763727065,478.4459734127326,484.42654808039174,2183100
2011-09-16,496.3877258300781,498.3812508334118,488.08137164952126,491.7361674889663,2406200
2011-09-20,478.4459228515625,495.0586285061306,476.12014405992295,494.72637439303924,2982100
2011-09-21,471.8009338378906,481.43630502190393,468.4783920502999,478.7782715918313,4684500
2011-09-22,462.497802734375,467.14936109520926,459.17526104806484,466.48485275794724,2962400
2011-09-26,453.5269470214844,471.46867239815845,452.530184500558,471.46867239815845,3762600
2011-09-27,467.4814147949219,467.48141479492193,456.517031931928,456.517031931928,1849500
2011-09-28,487.7490539550781,491.0715951945541,482.43298797191653,487.7490539550781,2509800
2011-09-29,493.0650634765625,498.38112885097286,475.12334283792745,486.4199817585495,2939200
2011-09-30,489.74249267578125,495.72306585635386,483.7619194952086,494.3940495940044,3641200
2011-10-03,477.1170349121094,481.7685937482999,463.826866808708,479.7750685327897,2863100
2011-10-04,475.7879638671875,476.4524721966109,466.48484725525924,470.4718972317999,3339500
2011-10-05,475.7879638671875,484.4265721496923,475.123455537764,479.7750138437281,4062000
2011-10-06,483.7619934082031,490.4070757352389,473.7943699176495,478.4459275465745,2524200
2011-10-07,493.0650634765625,501.70366970997935,489.0780144457547,489.0780144457547,2474200
2011-10-11,522.9678344726562,528.9484069126231,501.03906885944446,502.3680849572149,4465000
2011-10-12,515.6585083007812,520.31006700968,510.3424412048969,516.9875250747523,2068100
2011-10-13,520.309814453125,523.6323547753034,516.9872741309467,519.6453063886894,1431700
2011-10-14,507.6843566894531,516.9874731732913,507.019848369179,515.658456532743,1332000
2011-10-17,520.309814453125,528.9484192907886,519.6453063886894,524.296862839739,1544300
2011-10-18,507.01983642578125,515.6584443858535,504.36180320729744,515.6584443858535,1460000
2011-10-19,506.35528564453125,518.9809423732007,505.6907773956539,510.3423351377953,1552900
2011-10-20,498.3810729980469,507.01967826334635,497.7165649007161,506.3551701660156,1347300
2011-10-21,481.1039733886719,500.3747126542402,477.11692388545083,499.04569615316655,3939300
2011-10-24,494.3941955566406,503.03280381233463,483.09755399150237,484.4265706462245,2397000
2011-10-25,499.0457458496094,504.3618123832936,495.0586959493462,499.7102541663199,1794800
2011-10-26,503.0327453613281,507.6843031123576,485.0910226073574,494.3941381094163,1995400
2011-10-27,528.2839965820312,532.9355537846403,499.7101451945755,503.69719422538327,2597400
2011-10-28,545.5614013671875,555.5290274579401,541.5743509308865,542.9033677429868,4690300
2011-10-31,523.6325073242188,539.5807055168345,517.6519330019878,538.2516890007832,4672200
2011-11-01,517.6520385742188,524.297122509703,513.0004798193797,522.9681057226061,1578700
2011-11-02,497.716796875,506.3554061665554,492.4007296186582,505.02638935246995,2953400
2011-11-04,507.01983642578125,512.3359028627488,501.70376998881363,507.68434473040213,2626600
2011-11-07,502.36822509765625,504.3617498004247,495.7231427550946,502.3682250976562,2285000
2011-11-08,487.0846252441406,502.36831744143285,483.09757510571654,493.7297088081807,3075700
2011-11-09,500.3746643066406,503.0326970519614,485.75548420737624,493.72958244333864,2683600
2011-11-10,469.8072814941406,481.10392051168003,465.15572425162435,480.43941233417775,4188700
2011-11-11,461.16864013671875,465.82019702570585,455.1880669937354,464.49118077170954,3719700
2011-11-14,469.14276123046875,478.44587547583217,465.1557122681702,473.79431835315046,2935400
2011-11-15,471.8009338378906,479.11052577059036,466.4848669777454,466.4848669777454,2058800
2011-11-16,467.14935302734375,472.46541963362927,463.82681139841526,471.8009113078436,1731600
2011-11-17,469.14276123046875,470.47177755123494,459.17513882472224,463.82669594740395,1498600
2011-11-18,454.5237121582031,469.8074042336982,443.8915785404673,467.8138791803728,4461000
2011-11-21,452.5301513671875,456.51720115896893,449.2076098740364,453.859167964448,1659100
2011-11-22,456.5171813964844,458.51070620607595,444.5560325389345,448.5430821581178,1842900
2011-11-24,449.2076110839844,455.85269408818533,441.2335114789432,449.87211938440447,2057200
2011-11-25,461.83319091796875,467.1492564249382,445.2204862086893,449.2075353389164,3167400
2011-11-28,478.4459228515625,485.0910051133897,471.80084058973523,471.80084058973523,3142100
2011-11-29,491.73614501953125,493.06516162769213,477.7814706338418,483.0975370664854,2803300
2011-11-30,487.7490539550781,487.7490539550781,478.4459384845453,483.0974962198117,2510500
2011-12-01,505.0262145996094,510.3422800164474,497.0521164743524,500.37465735987615,4419500
2011-12-02,505.69073486328125,509.6777840212046,500.37466931938343,502.3681938983451,2864300
2011-12-05,518.98095703125,524.9615314400609,505.69079167833706,509.67784128421096,2912300
2011-12-06,511.6713562011719,518.3164387492391,507.01979841752484,517.6519304944323,3438700
2011-12-07,522.3035278320312,523.6325444422909,505.69082020378596,512.3359032550841,2333700
2011-12-08,520.309814453125,523.6323547753034,514.3292418732041,521.6388305819963,2573200
2011-12-09,498.3810729980469,512.3357430419921,493.065008219401,510.34221875,5363800
2011-12-12,511.00677490234375,517.6518565005537,501.70366066484985,508.3487422630598,2859100
2011-12-13,499.7100830078125,503.0326234533432,490.40696976032666,492.40049402764504,3416600
2011-12-14,491.73614501953125,491.7361450195312,480.4395038501636,491.7361450195312,3547200
2011-12-15,479.1103210449219,486.4199098542064,477.11679682420794,484.4263856334925,2355400
2011-12-16,479.1103210449219,486.4199098542064,475.123272603494,482.4328614127785,2812900
2011-12-19,473.7943420410156,479.7749157834688,469.80729287938016,474.45885023462154,2126600
2011-12-20,475.12335205078125,478.44589297421334,470.4717947579764,475.12335205078125,1757600
2011-12-21,484.4266662597656,487.0847000938384,479.7751070501383,485.09117471828387,2247600
2011-12-22,483.0975341796875,485.7555673801259,476.45245117859133,479.1104843790298,1880600
2011-12-26,481.1039733886719,486.4200393929666,477.11692388545083,485.75553114242973,1448900
2011-12-27,476.452392578125,479.7749336700227,467.8137857391911,472.4653432678478,2102700
2011-12-28,474.458984375,484.42661009716386,471.80095084908965,480.4395598082983,1558400
2011-12-29,471.1363525390625,471.8008607937015,463.1622534833943,468.47831952050643,2081200
2011-12-30,476.452392578125,476.452392578125,470.4718186127092,471.8008350494683,1392100
2012-01-04,491.07171630859375,497.7168004264367,482.43310695539793,485.0911406025351,2620000
2012-01-05,483.7619934082031,492.4006004333496,483.09748517549957,487.74904280442456,1513900
2012-01-06,481.1039733886719,491.7361053972613,479.1104486370613,485.75553114242973,2636100
2012-01-10,479.77490234375,493.06506584357686,479.77490234375,484.42645956868944,2192800
2012-01-11,481.7684631347656,491.73608650996766,479.11043023471177,482.4329713597791,2099200
2012-01-12,484.4266662597656,488.41371701087485,479.7751070501383,486.42019163532024,1407900
2012-01-13,491.07171630859375,497.0522920146524,487.74917424967225,491.07171630859375,2421300
2012-01-16,474.458984375,489.078168767507,472.46545923056726,489.078168767507,2441900
2012-01-17,478.4459228515625,479.7749393039279,473.12985704210064,478.44592285156244,1364000
2012-01-18,485.7555236816406,493.7296225656074,474.4588835960211,479.11044127833503,2737700
2012-01-19,491.73614501953125,498.3812280603357,487.74909519504854,489.0781118032094,1933000
2012-01-20,515.6585083007812,517.6520334617378,499.7103070131282,501.7038321740848,3670000
2012-01-23,523.6325073242188,533.6001311946036,520.974474292116,522.9679990661931,3455100
2012-01-24,517.6520385742188,527.619664477445,513.0004798193797,522.9681057226061,2644600
2012-01-25,531.6066284179688,535.5936781311035,522.3035124206542,524.961545562744,3140500
2012-01-26,532.2711181640625,544.2322668868504,530.2775933769311,540.2452173125878,2796200
2012-01-27,511.6713562011719,528.2840625713397,511.00684794636516,528.2840625713397,4625900
2012-01-30,520.9744262695312,532.9355738114338,510.3422951211735,510.3422951211735,3133100
2012-01-31,514.9938354492188,527.6194907699092,513.0003109248992,514.3293272744455,3062700
2012-02-01,524.2969970703125,524.9615053048756,514.9938817864286,514.9938817864286,3385200
2012-02-02,537.5872192382812,543.5677939887689,524.9615614316962,526.9550863485254,3440800
2012-02-03,532.2711181640625,540.2452173125878,524.9615272779143,527.6195603274227,2869600
2012-02-06,542.9031982421875,550.8772966251817,538.9161490506904,540.245165447856,2248700
2012-02-07,544.8967895507812,546.8903143906012,538.9162150313215,540.2452315912014,1982900
2012-02-08,556.85791015625,556.85791015625,545.5612699740826,546.2257782200925,2901900
2012-02-09,566.1610107421875,567.4900271993288,552.2063379422041,552.2063379422041,3430900
2012-02-10,558.1869506835938,569.4835913521903,556.857934134347,567.4900665283203,1953100
2012-02-13,560.8449096679688,564.1674506020207,554.8643359866752,558.1868769207272,2390100
2012-02-14,558.1869506835938,562.1740003313337,547.5548182896205,552.2063762119838,2735800
2012-02-15,579.4512939453125,583.4383441330095,563.503093194524,565.4966182883726,4618600
2012-02-16,577.4576416015625,582.7737073470315,574.1351005106444,578.1221498197461,2430800
2012-02-17,592.7413940429688,595.3994272001121,578.1222116786803,587.425327728682,4227200
2012-02-20,606.696044921875,615.3346523523069,600.7154705469605,605.3670283941162,3480200
2012-02-21,597.3929443359375,610.0186016689551,596.0639277745672,604.0380271427888,3208300
2012-02-22,596.0638427734375,602.7089246326731,586.7607281705076,597.3928591452847,4524800
2012-02-23,600.7154541015625,604.0379953300004,590.0833221705615,595.3993881360619,3356200
2012-02-24,612.6765747070312,617.328132215653,602.0444432587531,604.7024761208226,3829800
2012-02-27,617.9927978515625,629.9539487777217,615.3347643124159,622.6443565450688,3302400
2012-02-28,627.9602661132812,629.9537907676091,612.6765770967675,614.6701017510953,3427000
2012-02-29,630.618408203125,649.2246415326165,628.6248832035366,637.2634915350862,5285500
2012-03-01,620.6507568359375,641.2505142898069,618.6572319210469,634.6054312401717,3506100
2012-03-02,623.3087158203125,633.2763392076309,619.9861746912064,631.9473227559885,2656500
2012-03-05,625.30224609375,635.934377802039,621.9797049349096,623.3087213984458,2270900
2012-03-06,612.011962890625,628.6246654663748,610.682946684565,625.3021249512249,2880200
2012-03-07,594.0703125,606.6959679110738,590.0832634228188,598.7218697567114,4686100
2012-03-08,619.3217163085938,621.979749425798,593.4058934158521,597.3929430916586,3619500
2012-03-09,643.9085083007812,648.5600661522833,629.2893264817749,635.2699008622775,6129900
2012-03-12,637.9278564453125,653.8760528564453,636.5988400777181,645.9019546508789,3143500
2012-03-13,641.25048828125,652.5471290074481,631.2828641110751,631.2828641110751,4210800
2012-03-14,665.1727294921875,671.1533034836258,654.5405979518529,655.8696143943947,3662200
2012-03-15,679.12744140625,685.77252400318,661.8502266542318,664.5082596930039,5353100
2012-03-16,691.0885620117188,691.0885620117188,675.8048726595365,679.1274138230544,4100500
2012-03-19,701.720703125,703.7142278497869,681.120947635535,685.1079970851089,3358900
2012-03-21,683.779052734375,700.3917605267554,681.1210194875941,681.7855277992894,5679200
2012-03-22,679.12744140625,691.088590080724,671.1533422899339,681.1209661853289,3398700
2012-03-23,666.5018310546875,673.1469141160503,663.8437978301424,663.8437978301424,3749200
2012-03-26,659.8567504882812,675.1404415872042,653.8761757104419,666.5018335747695,3375500
2012-03-27,688.4305419921875,689.0950502373537,669.8243111275337,680.456443050193,3895800
2012-03-28,683.3361206054688,698.2798528652305,675.184993918326,698.2798528652305,3277500
2012-03-29,664.3167724609375,684.0153270635624,660.9204699432435,679.9397640423297,4813800
2012-03-30,651.410888671875,660.9205366816834,645.9768040948417,658.8827549652959,4744300
2012-04-02,669.071533203125,679.260439800127,664.3167101245242,671.1093145225254,4061600
2012-04-03,662.2791137695312,669.7509806941106,659.5620712515024,669.0717200646034,2607500
2012-04-04,641.2218627929688,662.9581971249338,639.863341897221,658.8826344376904,4624100
2012-04-05,635.7879028320312,639.8634663117238,620.8441700731587,637.1464239919287,3609300
2012-04-06,627.6367797851562,635.7879067953531,618.1271316065933,625.598998032607,2634000
2012-04-09,608.6174926757812,618.8064015933446,606.5797108922686,611.3345350537982,3429300
2012-04-10,613.3721923828125,635.7877874532807,609.9758900994082,618.8062760362593,3138700
2012-04-11,597.7491455078125,601.8247078635476,588.9187604037198,601.8247078635476,4813300
2012-04-12,599.7869873046875,607.2588523786983,587.5602990017607,598.4284663821401,2905000
2012-04-13,605.9004516601562,616.7686211966613,601.1456274879353,605.2211910641247,4383200
2012-04-16,585.5225830078125,593.6737094533969,583.4848013964164,593.6737094533969,3411800
2012-04-17,592.3152465820312,601.1456344324514,587.5604223548819,593.6737677897881,3418500
2012-04-18,609.2966918945312,612.0137339988547,602.5040866337226,604.5418682119653,3404700
2012-04-19,607.9380493164062,609.9758304872993,593.6735811201554,599.1076642425367,2724100
2012-04-20,614.0516357421875,617.4479390372218,603.8627258570849,605.9005078341054,2515200
2012-04-23,605.2211303710938,622.202643568936,602.5040882594391,616.0892988177128,4186500
2012-04-24,585.5225830078125,596.390751601925,584.8433224706805,595.032230527661,3551200
2012-04-25,596.3907470703125,607.2589155818445,595.7114865383418,595.7114865383418,3234200
2012-04-26,601.1455688476562,608.6174346751412,597.0700056690281,605.9003925560557,2625800
2012-04-27,588.9188232421875,609.9758976603049,580.7676976609807,597.0699488233943,5439900
2012-05-01,563.7861938476562,601.1455199459949,561.7484124241105,592.994394251812,5348200
2012-05-02,576.012939453125,586.2018475802439,571.9373762022774,573.2958972858933,3495100
2012-05-07,548.1632690429688,559.0314379459272,544.0877057043592,552.918092938013,3785300
2012-05-08,548.1632690429688,552.918092938013,544.0877057043592,552.918092938013,3051100
2012-05-09,531.861083984375,543.4085149265645,529.1440414097422,543.4085149265645,3183600
2012-05-10,532.5401611328125,535.9364631808534,527.7853382655553,531.1816403135962,2893700
2012-05-11,521.6720581054688,534.5780074596405,518.2757556438446,531.1817049980164,2682800
2012-05-14,531.181640625,536.6157239050511,523.0305157049232,527.785338574968,2670400
2012-05-15,531.861083984375,539.3329510646153,522.35143497316,531.861083984375,4203500
2012-05-16,543.408447265625,546.8047500610351,529.8232360839843,542.049926147461,6352100
2012-05-17,544.0877075195312,544.7669680782323,523.030630199799,539.332883608624,4477600
2012-05-18,523.7098388671875,535.2572672209387,519.6342759188046,533.2194857467473,6077000
2012-05-21,537.2949829101562,541.3705453595379,521.6719935208596,524.3890351537808,4145200
2012-05-22,544.0877075195312,546.8047497543354,537.9743624912219,542.0499258434281,2987300
2012-05-23,526.427001953125,544.7670394405243,523.7099593623992,542.0499968497984,3619100
2012-05-24,531.181640625,535.2572030850383,522.3512552949169,524.389036524936,2771500
2012-05-25,517.5965576171875,537.2951142719098,515.5587758942852,530.5025085289021,3899600
2012-05-28,518.2758178710938,523.7099024621406,510.8039515584043,521.672120740498,2215300
2012-05-29,526.427001953125,526.427001953125,504.69066122731857,512.1625283518146,2290300
2012-05-30,513.52099609375,522.3513835927166,507.40765090215774,519.6343412853422,2621400
2012-05-31,508.08697509765625,510.8040177452373,498.57732583112255,503.33215046438943,3211500
2012-06-01,506.0491027832031,513.5209687303376,497.89797629541994,497.89797629541994,2793300
2012-06-04,493.8223876953125,499.25647174147826,490.4260851664589,494.50164820108324,2844500
2012-06-05,510.803955078125,512.1624762352477,491.78465887840764,494.50170119265294,2890600
2012-06-06,530.5025634765625,531.861084765875,514.2003080048115,516.2380899387804,3253500
2012-06-07,542.0498046875,542.0498046875,530.5023777705984,530.5023777705984,2912300
2012-06-08,521.6720581054688,539.3328309059143,517.5964951515198,537.9743099212646,4645600
2012-06-11,527.106201171875,531.8610251515182,521.6721166237113,528.464722308916,2509500
2012-06-12,520.9927978515625,525.7476213000122,510.12462996939166,515.5587139104771,2225300
2012-06-13,522.3515014648438,526.4270658455838,517.5966763539805,523.0307621949671,1913000
2012-06-14,523.030517578125,525.7475592278815,510.8038301542208,516.9171738661729,2514500
2012-06-15,532.5401611328125,535.9364631808534,525.0682966271225,528.4645986751634,3178000
2012-06-18,549.521728515625,555.6350728378013,548.1632075551414,550.8802494761086,3017200
2012-06-19,546.8046264648438,552.2387097092148,542.7290640315655,546.8046264648438,2229300
2012-06-20,564.4655151367188,568.5410784229044,554.2766069212545,554.2766069212545,2403900
2012-06-21,567.1826171875,576.0130052395209,565.1448353293413,567.8618778068862,2043400
2012-06-22,569.2202758789062,575.333620130589,559.0313687927683,559.7106292651774,2580200
2012-06-25,558.3522338867188,574.6544888907105,554.9559307608871,573.9752282655442,2714100
2012-06-26,544.7669677734375,554.9558761482524,535.9365805152646,550.2010522400054,3088200
2012-06-27,549.521728515625,551.5595099563504,537.2950398712724,548.8424680353831,1864000
2012-06-28,563.10693359375,568.5410173920009,556.9935893207178,556.9935893207178,2288700
2012-06-29,572.6166381835938,578.7299830752336,551.5595613346122,555.6351245957054,2118300
2012-07-02,579.4092407226562,583.4848039633783,571.2581142412121,582.805543423258,1787900
2012-07-03,595.0321655273438,599.1077283049283,580.7676958057979,580.7676958057979,2692300
2012-07-04,590.9566650390625,600.4663125224497,586.2018412973689,597.7492703843391,1871400
2012-07-05,582.8055419921875,592.994450068974,578.0507182230205,582.8055419921875,2254200
2012-07-06,579.4092407226562,590.9566699047022,573.9751564016934,584.8433250436191,2588200
2012-07-09,576.012939453125,579.4092421621647,566.5032918678139,571.2581156604695,1629900
2012-07-10,565.708740234375,579.409078207224,559.0312677192793,579.409078207224,2868600
2012-07-11,559.03125,565.8238532806804,554.2764277035236,557.6727293438639,1160900
2012-07-12,558.3522338867188,567.8618826390473,546.1255426337249,562.4277976377167,2419200
2012-07-13,540.6913452148438,545.4461686024115,530.50243795577,540.0120847309055,2782600
2012-07-17,544.792724609375,553.5974504030908,536.6159335195604,537.2951941949016,2023000
2012-07-18,543.408447265625,548.8425317382812,537.9743627929687,543.408447265625,2331700
2012-07-19,552.23876953125,556.9935928851476,545.4461647399677,546.1254252190959,2216800
2012-07-20,537.9742431640625,550.8801909167357,529.8231182676373,550.2009305087003,2500800
2012-07-23,523.030517578125,535.2572050020292,521.6719967532467,527.7853404651988,1607300
2012-07-24,525.0684204101562,527.7854626891221,515.5587724337757,518.9550752824831,1484300
2012-07-25,505.36993408203125,516.2381047074513,499.9358487693212,514.8795833792738,1991300
2012-07-26,510.8746643066406,514.8794989545119,502.652809005724,508.76615398011796,2352500
2012-07-27,526.427001953125,530.5025658392137,520.313656123992,522.3514380670364,2331400
2012-07-30,546.8046264648438,548.1631472759366,539.3327620038335,541.3705432204727,3117800
2012-07-31,544.2672119140625,549.5217797739991,533.8987872711537,540.6913927071733,2716800
2012-08-01,532.5401611328125,539.3327652288943,528.4645986751634,537.2949840000698,2072800
2012-08-02,535.9365844726562,542.7291901060232,533.2195422193095,535.2573239093196,1793900
2012-08-03,523.030517578125,532.5401633522728,519.6342155159294,527.1060800527597,1978800
2012-08-06,540.194091796875,543.4083485300588,536.6157441734331,540.012046351746,1697900
2012-08-07,547.6141357421875,552.2388622539698,540.6914321699385,540.6914321699385,1781400
2012-08-08,538.6536254882812,560.3899634651098,535.2573226794018,556.3144000944544,3056700
2012-08-09,546.12548828125,550.2010516266325,539.3328827056126,539.3328827056126,2589400
2012-08-10,544.5970458984375,549.5216839810863,540.691298453578,542.7290797291569,1918200
2012-08-13,543.3328857421875,546.1254657439106,525.7476498579438,533.8987762123305,1913900
2012-08-14,544.1123657226562,553.5973454034724,538.6536133803112,548.8425215779212,2590200
2012-08-15,544.7669677734375,548.1632705650425,537.9743621902276,547.4840100067215,1285000
2012-08-16,578.0505981445312,578.7298585418808,548.1631406611477,550.2009218531965,3541200
2012-08-17,581.447021484375,581.447021484375,571.9373739367334,573.2958950149679,3189800
2012-08-20,581.447021484375,588.9188874146648,578.0507187887887,584.8433241799613,1425000
2012-08-21,582.1892700195312,590.2773787461703,581.4469921826487,582.126252687535,1763400
2012-08-22,572.6166381835938,584.1640674233578,567.8618143789851,582.1262857928112,2151900
2012-08-23,585.1570434570312,586.8810233783823,568.5409913978078,569.2202518415328,2119400
2012-08-24,572.6166381835938,581.4470252492956,567.1825538354695,581.4470252492956,1875200
2012-08-27,570.5787963867188,581.446963936942,565.8239730834961,579.409182521275,1346400
2012-08-28,562.4276733398438,582.8054875912874,557.6728500145069,580.0884456910949,2321900
2012-08-29,564.4655151367188,571.2581206136949,562.4277334936259,565.8240362321139,1630200
2012-08-30,552.9180908203125,567.8618230046453,548.1632669434794,566.5033018969787,1573200
2012-08-31,537.9742431640625,554.9557533649482,537.9742431640625,544.7668472444168,2576800
2012-09-03,541.3705444335938,554.2764921678953,540.6912840265253,544.7668464689363,2165900
2012-09-04,537.9742431640625,541.3705452042396,532.540159899779,541.3705452042396,1676700
2012-09-05,533.219482421875,536.6157848576831,530.5024404732285,533.8987429090366,1654300
2012-09-06,537.9742431640625,543.408326428346,533.2194203078144,538.6535035720979,1740300
2012-09-07,561.0692749023438,563.1070567724491,554.2766686686592,558.35223240887,2771600
2012-09-10,567.86181640625,569.8995980440715,553.5973449414997,559.7106898549641,1913500
2012-09-11,557.6730346679688,559.0315560678907,550.8804276683588,559.0315560678907,2656300
2012-09-12,571.2582397460938,571.937500435447,556.9937652696752,558.3522866483818,2357200
2012-09-13,579.4092407226562,582.805543423258,565.144769380129,569.2203326208511,2460100
2012-09-14,605.2211303710938,612.0137356502306,586.8810961174242,590.9566592849064,4744700
2012-09-18,603.1832885742188,611.334414095492,599.7869862736883,604.5418094944309,3762800
2012-09-19,618.1270751953125,625.5989409394317,601.1455621404962,609.9759489290007,3043600
2012-09-20,601.1455688476562,616.7685610323975,598.4285267285708,607.9381741453699,2865300
2012-09-21,597.070068359375,605.9004561735637,595.0322865561006,599.1078501626494,2233800
2012-09-24,594.3529663085938,595.711487374442,583.4847977818081,592.3151847098214,2180400
2012-09-25,596.3907470703125,598.4285286662248,584.8433180268099,588.9188812186344,2423500
2012-09-26,586.2017822265625,594.3529078195158,583.4847403622447,590.9566054891186,2517900
2012-09-27,582.1262817382812,584.8433238934191,569.899592040161,578.0507185055745,3142000
2012-09-28,573.9751586914062,594.3529749763082,567.8618138059356,590.9566722621579,3264200
2012-10-01,573.2957763671875,573.2957763671875,561.7483495920189,567.1824327803336,1518900
2012-10-02,574.6543579101562,581.446962613586,571.2580555584414,573.2958369694703,1464900
2012-10-03,573.9751586914062,579.4092430340468,563.7862505489552,570.5788559772559,1850100
2012-10-04,579.4092407226562,586.8811066639801,573.9751564016934,573.9751564016934,2110600
2012-10-05,584.1640014648438,592.9943875334983,578.0506572634674,583.4847409980241,1687800
2012-10-09,571.2582397460938,585.5227142225123,566.5034149206209,577.3715859502731,3145400
2012-10-10,565.1447143554688,568.5410167253934,559.0313700896043,561.0691515115591,3031600
2012-10-11,552.9180908203125,557.6729146971456,548.8425274973126,554.9558724818124,3881400
2012-10-12,561.7484130859375,564.4654549871997,547.4839431043116,547.4839431043116,3865500
2012-10-15,560.3898315429688,563.1068731504498,554.2764879261364,561.7483523467092,2822800
2012-10-16,576.692138671875,576.692138671875,565.8239711586241,567.1824920977805,2786800
2012-10-17,581.447021484375,590.2774084928993,578.7299793279059,584.164063640844,3913700
2012-10-18,598.428466796875,602.5040295673418,588.239559870708,590.9566017176859,3463000
2012-10-19,600.4663696289062,605.900454421928,589.5982000428627,593.673763637629,2656200
2012-10-22,595.71142578125,599.1077280947121,582.8054769900941,586.8810397662486,3218000
2012-10-23,588.9188232421875,605.2210744046009,587.5603023119863,601.8247720790981,2407900
2012-10-24,584.8433837890625,590.9567292642095,579.4092989222652,580.0885595306148,3810100
2012-10-25,591.6360473632812,592.3153080376363,581.447137247955,582.12639792231,2941800
2012-10-26,584.1640014648438,595.0321689339571,583.4847409980241,594.3529084671375,2996400
2012-10-29,582.1262817382812,597.7492741303239,580.7677606607124,592.3151898200482,4096800
2012-10-30,576.012939453125,590.2774108310915,571.2581156604695,585.522587038436,5910800
2012-10-31,592.3152465820312,597.749331413059,578.7300345044617,581.4470769199756,2868800
2012-11-01,586.881103515625,595.032229953342,584.1640613697193,593.6737088803892,2173100
2012-11-02,592.3152465820312,597.0700708091806,586.8811617510034,597.0700708091806,2937700
2012-11-05,586.881103515625,588.9188851250542,582.1262797602901,585.5225824426722,1534500
2012-11-06,579.4092407226562,587.5603672041004,576.0129380220545,586.2018461238597,1665800
2012-11-07,578.72998046875,580.7677620901188,571.2581145237309,580.7677620901188,3277800
2012-11-08,562.4276733398438,571.9373199905175,558.352110489555,568.5410176152768,3214700
2012-11-09,559.03125,561.0690309842041,548.8423450789793,550.2008657351154,2001800
2012-11-12,544.0877075195312,553.5973553413457,543.4084469608302,552.9180947826447,3219000
2012-11-13,547.4839477539062,550.2009896782433,538.653561499811,548.8424687160748,2029800
2012-11-14,541.3705444335938,544.7668464689363,537.9742423982512,543.4083256547992,1983300
2012-11-15,569.2202758789062,572.6165782409522,542.7291174549475,543.4083779273568,4454500
2012-11-16,592.9945068359375,595.7115492498478,575.3337311455201,575.3337311455201,3942900
2012-11-19,602.5040283203125,609.2966329236982,601.1455073996353,606.5795910823439,4458500
2012-11-20,609.2966918945312,612.6929945249356,602.5040866337226,605.2211287380461,3526700
2012-11-21,604.5419311523438,621.5234460723534,600.4663675715414,617.447882491551,2447900
2012-11-22,611.33447265625,619.4855989583333,607.9381700303819,617.4478173828126,2220500
2012-11-26,609.2966918945312,626.9574655726336,607.9381708423696,623.5611629422293,1937400
2012-11-27,614.0516357421875,620.8442423322559,609.2968111291397,610.6553324471533,2351400
2012-11-28,601.1455688476562,609.2966952049126,600.4663083178849,605.9003925560557,1828800
2012-11-29,601.824951171875,605.9005151752963,596.39086583398,603.1834725063488,1624000
2012-11-30,601.824951171875,612.6931218476651,600.4664298374013,607.9382971770069,2495500
2012-12-03,600.4663696289062,609.9760180166943,599.1078484306507,607.2589756201835,1859100
2012-12-04,607.9380493164062,609.2965700970016,597.7491434619413,601.1454454134297,1486300
2012-12-05,602.5040283203125,609.9758933840368,595.7114237169268,601.8247678599739,1783600
2012-12-06,599.7869873046875,613.3721965301618,597.7492059208663,610.6551546850669,1846600
2012-12-07,605.9004516601562,609.296754640314,597.0700639117459,597.7493245077775,1528600
2012-12-10,599.1077270507812,618.806280434537,597.7492061277636,614.7307176654841,1771000
2012-12-11,590.9566650390625,595.0322282462284,588.9188834354795,594.3529677117008,1787000
2012-12-12,595.0321655273438,599.1077283049283,588.2395608980362,597.069946916136,1674700
2012-12-13,606.5797119140625,615.4100996574923,603.8626695314687,605.2211907227655,2297800
2012-12-14,618.1270751953125,621.5233778062758,608.6174278846154,609.9759489290007,3707200
2012-12-17,626.278076171875,634.4292008075175,622.8817742403572,626.9573365581786,3331100
2012-12-18,643.2597045898438,648.0145281718172,630.3537548673443,631.0330153790547,3464300
2012-12-19,673.1471557617188,673.8264162619828,648.6937777522113,652.7693407537959,3618200
2012-12-20,667.7132568359375,674.5058637213489,660.241389261985,673.8266030328077,3604300
2012-12-21,670.4301147460938,687.4116272776564,662.9582492322062,674.5056777536688,4396500
2012-12-25,673.1471557617188,685.3738447664724,671.7886347611906,683.3360632656802,1511100
2012-12-26,681.9775390625,685.373841547871,675.8641945888322,680.6190180683516,1536500
2012-12-27,708.4686889648438,711.8649914047519,690.8079162773213,692.8456977412662,3759500
2012-12-28,707.1102905273438,722.0540238526095,698.959163259017,717.9784602184461,2605500
2013-01-04,761.451171875,770.9608207654995,758.0548686998217,760.7719112399643,5185300
2013-01-07,743.1110229492188,772.9984863950739,739.0354597520566,768.9229231979118,3782000
2013-01-08,717.9783935546875,732.9221254924388,711.8650486710619,732.2428649498137,4753600
2013-01-09,725.4503173828125,728.8466203668144,707.110281269202,708.4688024628028,3388200
2013-01-10,758.0546264648438,767.5642723165532,738.3560743434455,738.3560743434455,4573900
2013-01-11,779.11181640625,797.4518504454555,775.0362532864266,781.8288584861324,5007500
2013-01-15,792.0177612304688,814.4333582464254,785.9044165897533,799.4896269024543,4574200
2013-01-16,754.658447265625,779.791086823526,751.9414051512573,779.791086823526,4784700
2013-01-17,754.658447265625,784.5459105236695,734.9598919364593,779.791086823526,7062400
2013-01-18,791.3385620117188,793.3763437164699,765.5266604182035,768.243702691205,3778200
2013-01-21,777.7532348632812,802.2066116799434,775.0361929947633,802.2066116799434,1835300
2013-01-22,777.0740356445312,793.3762881405704,760.7717831484922,775.7155146031947,2697700
2013-01-23,730.205078125,761.4510628633722,729.5258175872093,761.4510628633722,4556800
2013-01-24,747.1866455078125,749.9036878551136,707.789531471946,714.5821373401989,4772900
2013-01-25,747.86572265625,760.771670640327,741.7523788743188,750.5827643371083,4110700
2013-01-28,747.86572265625,766.2057540020436,746.5072018158208,760.771670640327,2714900
2013-01-29,761.451171875,767.5645175903212,734.2807464735728,739.7148315538582,3979100
2013-01-30,769.6021728515625,777.0740386074028,753.2999202933652,764.847349188755,2332400
2013-01-31,766.885009765625,770.2813118460751,751.2620201955547,759.4131451886349,2769000
2013-02-01,766.885009765625,775.7153951747952,762.1301868529949,763.488707685175,2247000
2013-02-04,777.0740356445312,779.7910777272044,758.0547410658189,765.5266067931702,3167500
2013-02-05,748.5452880859375,762.8097627227838,743.111202509996,756.6964164498497,3191500
2013-02-06,776.394775390625,789.300725287757,768.9229096607065,773.6777333070183,4327100
2013-02-07,768.9230346679688,780.4704654006149,761.4511677233154,769.6022952993009,2302500
2013-02-08,751.2621459960938,768.2436592419368,749.2243644065926,753.9791881154287,2233700
2013-02-12,756.6961059570312,772.319095577329,755.3375851204836,767.5642726494124,2651600
2013-02-13,795.4140625,828.0185671968402,777.7532891225447,778.4325496370623,5787900
2013-02-14,780.470458984375,804.2445808855526,779.1119377328791,788.6215864933503,3893200
2013-02-15,769.6021728515625,779.1118201771775,749.2243571538158,775.7155175608864,4360700
2013-02-18,781.149658203125,787.9422639266304,768.2437073284647,777.7533553413723,2449100
2013-02-19,779.791015625,786.583620290723,770.9606295595601,772.9984109592771,1999000
2013-02-20,794.0555419921875,803.5651892016748,786.5836763275903,792.6970209622607,2372700
2013-02-21,764.8474731445312,788.621595311546,760.0926487111284,784.5460315114864,2338800
2013-02-22,749.2242431640625,757.3753682030188,737.6768160255411,751.2620244238016,3533400
2013-02-25,759.413330078125,794.0556197328516,755.3377665893336,781.1496686850122,3104700
2013-02-26,753.2997436523438,767.5642112958958,735.6389741888984,739.0352760087917,5071300
2013-02-27,730.205078125,760.7718023255815,727.4880359738372,759.4132812500001,3194800
2013-02-28,747.1866455078125,748.5451666814631,734.2806943581321,743.1110819868609,2500800
2013-03-01,747.1866455078125,759.4133360706677,741.7525608132103,743.1110819868609,2269800
2013-03-04,738.356201171875,762.8095804195176,735.639159033248,747.1865881224127,2892100
2013-03-05,701.6760864257812,737.6768924089047,689.4493976013243,735.6391109381618,4808400
2013-03-06,705.7517700195312,718.6577215405814,699.6384245621917,710.5065942641287,6094700
2013-03-07,708.4686889648438,732.242806044201,696.921260669156,718.6575962845683,7746300
2013-03-08,727.4879150390625,732.9219984380471,715.9404878162203,732.2427380131741,6169400
2013-03-11,751.9414672851562,760.7718548865175,734.2806920824335,734.9599526671536,4620000
2013-03-12,758.7340087890625,770.9606982771584,746.5073193009666,758.0547482619461,4299300
2013-03-13,762.130126953125,766.8849494920483,750.5827007871686,752.6204818752785,3269400
2013-03-14,766.885009765625,770.9605722621651,741.7523743702945,764.1679681012649,3999600
2013-03-15,776.394775390625,777.0740359115267,760.7717834098863,773.6777333070183,5194200
2013-03-18,738.356201171875,762.8095804195176,736.3184195679048,760.0925382808906,4755300
2013-03-19,755.3377075195312,758.7340101612558,743.790278537668,753.2999259344966,2776400
2013-03-21,775.0362548828125,779.7910785324003,754.6584392417219,760.7717839340492,5740000
2013-03-22,756.0169067382812,767.5643347836997,753.9791253185015,767.5643347836997,3845300
2013-03-25,758.7340087890625,768.2436561686926,752.6206640450146,767.5643956415762,2612500
2013-03-26,758.7340087890625,763.4888324788776,754.6584456263639,757.3754877348297,3444300
2013-03-27,752.8416748046875,768.7858355049709,746.6026554002289,762.5468161005123,2973800
2013-03-28,775.7180786132812,777.1045273686223,754.9213472831665,757.0010204161779,4796500
2013-03-29,787.5028076171875,792.355377734547,767.3993028452699,780.5705645923883,5521100
2013-04-01,768.092529296875,795.1282771692379,766.0128563836163,795.1282771692379,4835400
2013-04-02,755.6144409179688,761.8534592374749,727.1922463513296,756.3076651756916,5825200
2013-04-03,731.3516235351562,757.6941464681761,708.4752220406916,756.307697892754,5643500
2013-04-04,711.94140625,743.8297262962511,694.6107975292113,726.4991175754625,10125300
2013-04-05,650.2445068359375,705.0092360897105,628.7545497869886,691.1447476710338,28612400
2013-04-08,645.3919067382812,692.5311652325918,637.7664384524369,659.9496189203477,15594300
2013-04-09,670.347900390625,675.8936948095754,655.0969657385116,663.4156573669371,10527100
2013-04-10,682.8258666992188,682.8258666992188,656.4833459534622,659.9494671042196,9517800
2013-04-11,724.4193115234375,732.7380021820799,700.8496879906176,702.9293606552781,12766900
2013-04-12,759.7738647460938,762.5467620626854,730.6584429218822,739.6703592008048,10607100
2013-04-15,737.5906372070312,753.5347957180854,729.9651700930488,741.7499829055671,5774200
2013-04-16,717.4872436523438,728.5788338923801,709.8617753623189,716.7940192623415,5508100
2013-04-17,752.1484985351562,763.240089296965,723.0330727854083,733.431439124604,7096200
2013-04-18,741.0568237304688,767.3993488022721,738.2839263544895,741.0568237304688,6418400
2013-04-19,736.8973999023438,748.6822125066145,730.6583814647887,741.7499697982199,4099500
2013-04-22,736.8973999023438,760.4670251108853,734.1245028189859,757.6941280275275,4792900
2013-04-23,757.6941528320312,760.467050006165,734.1245268518949,738.2838726130955,6206900
2013-04-24,759.7738647460938,766.0128837084249,743.1364808465443,762.5467620626854,4111500
2013-04-25,757.6941528320312,766.7060686479658,752.8415827772974,762.5467228867652,3655500
2013-04-26,769.4789428710938,779.8773069639464,766.0128215068095,768.7857185982368,7050100
2013-04-30,784.72998046875,786.1164291974934,775.7180637319182,779.1841855537766,4756900
2013-05-01,783.3434448242188,797.2079305733199,775.717977662213,793.7418091360446,3677300
2013-05-02,766.0128784179688,781.9570378782522,759.7738594987273,775.0247946346507,3695100
2013-05-07,779.8775024414062,800.6742358398438,777.1046046549479,786.8097469075522,4620500
2013-05-08,793.0487060546875,808.2996427095853,784.0367889404297,785.4232377272385,4628200
2013-05-09,789.5824584960938,807.6062898577254,788.1960099298144,797.2079256106302,3011300
2013-05-10,847.813232421875,850.5861293390357,813.1520209573665,821.4707117088486,7573700
2013-05-13,885.940673828125,910.8967491472272,866.530393024379,866.530393024379,6673200
2013-05-14,888.7136840820312,907.4307429511535,867.2237276026685,906.7375185485935,4907600
2013-05-15,908.8171997070312,978.8328649781297,907.4307508897817,951.1038886331402,8213300
2013-05-16,945.557861328125,987.8445398772566,931.0001523194074,971.2071581530081,6720400
2013-05-17,956.6493530273438,965.661267222529,929.6136104417884,942.0916454812756,5406800
2013-05-20,969.8208618164062,982.9921244143418,965.6615157328478,971.2073105109258,4550700
2013-05-21,987.8446655273438,998.2430304276315,971.2072816868831,976.75307630037,4501000
2013-05-22,1001.015869140625,1012.1074577183605,992.6971777073235,995.4700748517573,4571500
2013-05-23,946.2514038085938,1077.9640534229768,940.7056080353565,1005.1754838992388,11310500
2013-05-24,950.4104614257812,996.8564868929785,921.9882667368994,963.5817223791655,7336000
2013-05-27,891.4862670898438,942.7848547761955,890.79304293192,929.6135957756458,4621500
2013-05-28,894.9524536132812,920.6017493403854,876.9286241834243,890.7931083602373,5306900
2013-05-29,926.8410034179688,976.7531591742095,914.3629644789087,924.7613302614587,5196900
2013-05-30,886.6339111328125,915.056108440432,863.7575084218017,889.4068084311168,4037900
2013-05-31,872.0762329101562,895.645860826647,859.5981946014258,893.5661877751919,4166400
2013-06-03,834.64208984375,874.8491008162895,831.869192535299,872.7694278349512,4300800
2013-06-04,847.813232421875,854.0522504854864,809.6858998109158,814.5384694159469,5188700
2013-06-05,795.1282958984375,863.0642793317826,790.968949973947,860.2913820487889,4413600
2013-06-06,798.594482421875,820.7776624891494,784.0367705027263,790.9690142737495,5253400
2013-06-07,787.5028076171875,809.6859852965449,764.6264056353502,783.3434618023081,3871500
2013-06-10,824.9368286132812,838.8013131277902,808.9926714215959,815.231689453125,2960500
2013-06-11,829.0963134765625,854.7456141443157,823.5505187375888,823.5505187375888,3156900
2013-06-12,814.5387573242188,839.4948383996841,791.6623496717087,839.4948383996841,2339200
2013-06-13,782.6500854492188,804.1400346511016,769.4788262609679,788.1958787916401,2922600
2013-06-14,774.3314819335938,816.6181608932618,771.5585849526318,795.821433536048,4122100
2013-06-17,799.2875366210938,801.3672093096136,760.466979768725,761.8534282277382,2503400
2013-06-18,833.9489135742188,844.3472790801317,808.2996119929668,813.8454069294537,3595500
2013-06-19,863.0642700195312,867.9168402124121,847.1201108143512,854.7455782603068,2650200
2013-06-20,852.6658935546875,866.5303796287474,843.6539776065484,850.5862206435785,2287600
2013-06-21,867.2236938476562,877.6220594813212,824.9370069374189,829.7895775664625,3715400
2013-06-24,865.1439819335938,901.1916478474935,860.9846358666053,883.8610392350416,2137900
2013-06-25,858.2117309570312,883.1678071399497,843.6540198503287,870.6897690484905,2467200
2013-06-26,858.2117309570312,878.315236771049,850.5862632344728,866.5304230180041,2355000
2013-06-27,882.4746704101562,888.7136900752713,864.4508358220462,867.9169578582213,2430300
2013-06-28,924.7612915039062,940.0122273457997,892.17974675077,897.7255416023677,4760000
2013-07-01,949.02392578125,965.6613065107972,935.8526660370252,940.7052354164765,3131600
2013-07-02,967.7413330078125,968.4345574583912,935.1597838306153,957.3429662491325,2493800
2013-07-03,959.4224853515625,986.4582345775098,955.9563636559283,980.9124398644949,3064500
2013-07-04,950.4104614257812,968.4342922040967,945.5578916008502,945.5578916008502,1876300
2013-07-05,970.5140380859375,977.4462812151228,957.3427761404855,964.2750192696708,1666200
2013-07-08,958.0363159179688,1001.7094620126373,957.3430913767835,982.2991748594512,2062600
2013-07-09,978.139404296875,998.9361315321026,970.5139376439582,976.7529558145264,2949300
2013-07-10,967.0479125976562,982.2988474199848,958.7292208763861,978.1395015593497,3191900
2013-07-11,971.9004516601562,986.458161706421,955.9562930380566,956.649517325974,2956900
2013-07-12,989.92431640625,993.3904379622943,977.4462788044905,983.6852976053702,2298800
2013-07-16,991.3107299804688,992.6971785538681,975.3665713863774,990.6175056937692,3082300
2013-07-17,978.832763671875,1000.3227181150961,974.6734176506064,990.6175773988027,3090000
2013-07-18,969.8208618164062,995.4701626650175,967.0479644273672,986.4582461506405,2801500
2013-07-19,949.7173461914062,980.219217163977,945.5580001496921,975.3666467819771,4063400
2013-07-22,971.2073974609375,986.4583344660343,960.8090313210988,970.514173051615,4273800
2013-07-23,968.4346313476562,987.8449174448175,966.354957837246,969.1278558511262,3817800
2013-07-24,954.5697631835938,964.9681266169662,943.4781755213297,962.1952297014002,3068900
2013-07-25,922.6815185546875,964.2749754391963,920.601845710462,958.7291811879285,3088300
2013-07-26,893.56591796875,917.1355387685464,886.6336765570452,902.5778318039663,3020600
2013-07-29,862.3710327148438,893.5661263419885,858.9049112007166,881.7813131939561,2980000
2013-07-30,876.9286499023438,883.1676679648901,853.3590261105021,854.7454745688458,3445200
2013-07-31,860.2913208007812,879.7016003998319,842.2674897445199,857.5184237152025,2997800
2013-08-01,876.9286499023438,876.9286499023438,847.8132322771277,856.8251472563612,3016000
2013-08-02,942.78515625,942.78515625,888.7136546415442,888.7136546415442,3613600
2013-08-05,909.5103759765625,921.2951902994295,897.032337281762,920.6019659274962,2419800
2013-08-06,925.4544677734375,925.4544677734375,897.7254949562558,911.5899813648466,1725500
2013-08-07,897.7255249023438,917.1358065218539,897.7255249023438,909.5103387427606,2069100
2013-08-08,879.7017211914062,896.3391059893526,865.8372338597844,881.7813942911496,2952800
2013-08-09,890.7933959960938,892.8730692941391,876.928907342458,886.634049400003,1820900
2013-08-12,877.6220092773438,910.2035530656811,868.6100929103568,897.0322906831617,2244700
2013-08-13,895.6458129882812,909.5102992574498,883.1677753460297,891.4864671075308,2483900
2013-08-14,908.1239013671875,910.8967987759422,890.1000682102814,901.1916578453005,1903100
2013-08-15,881.7813720703125,897.7255320998858,874.8491285791937,891.4865129578789,2556200
2013-08-16,863.0642700195312,866.5303915858748,846.4268865010824,860.9845970797252,3103300
2013-08-19,870.6897583007812,877.6220015993542,858.2117203633496,865.8371879917801,2421700
2013-08-20,856.8251953125,886.6338388387439,855.4387467763956,858.2116438486045,2252900
2013-08-21,838.80126953125,856.1318742736312,829.0961308755165,854.7454258942406,1689900
2013-08-22,862.3710327148438,869.9965000459235,840.8810793272552,842.9607522357315,2472000
2013-08-23,886.6339111328125,896.3390516768777,874.8490976150191,879.7016678870517,2918300
2013-08-26,872.0762329101562,892.8729634247069,867.9168868072461,891.4865147237368,1305400
2013-08-27,859.598388671875,874.8493278257309,856.1322661369078,867.9170827557964,1295900
2013-08-28,838.80126953125,846.4267356178977,823.5503373579545,833.9487002033833,2025500
2013-08-29,838.1082153320312,841.5743369835285,818.6979340836467,829.0962990381385,1465700
2013-08-30,829.0963134765625,851.2794924324572,823.5505187375888,844.3472490087402,1852000
2013-09-02,833.9489135742188,845.0405034471926,825.6302211694883,833.2556892071578,1392600
2013-09-03,869.9964599609375,872.0761327735931,847.8132832926109,847.8132832926109,1551800
2013-09-04,865.8370971679688,868.6099941965291,851.2793877680269,854.7455090537273,1811000
2013-09-05,889.4066772460938,895.6456952470406,874.8489685772178,883.8608834674743,2500100
2013-09-06,868.6102294921875,901.191778403706,863.757658377706,897.7256561790764,1692900
2013-09-09,874.8489990234375,902.5779688815496,869.9964292982679,902.5779688815496,1558900
2013-09-10,897.0322265625,901.1915722807187,883.1677408351044,883.1677408351044,1927000
2013-09-11,896.3389282226562,910.8966370336971,881.0879951825183,903.2711705136281,2176400
2013-09-12,905.3509521484375,906.0441764609554,886.633895710453,899.111933335776,1708900
2013-09-13,892.8729858398438,905.3510244618291,880.3949472178583,889.4068640004033,3546400
2013-09-17,884.5543823242188,896.3391977627076,881.088260136428,893.5663000124749,1402300
2013-09-18,881.7813720703125,888.0203912123194,869.9965581354105,887.3271668632076,2087500
2013-09-19,901.1915283203125,903.2712010779746,873.462558218149,892.1796130371093,3953700
2013-09-20,895.6458129882812,928.9205800342855,890.1000184806139,912.9764208247418,4633100
2013-09-24,862.3710327148438,882.4745374967814,860.2913598063675,874.8490701657016,2977300
2013-09-25,854.7457275390625,865.1440940541363,852.6660542360478,858.2118497107538,1733300
2013-09-26,887.3270874023438,888.7135359764098,838.8013873100281,854.7455459117889,3526100
2013-09-27,872.0762329101562,897.032309527617,869.3033355082162,890.7932903732518,2493500
2013-09-30,841.574462890625,856.82540043889,838.8015651545768,849.1999316647575,3304400
2013-10-01,842.9606323242188,859.5980132253546,842.2674081200047,846.4267533452887,2200000
2013-10-02,840.881103515625,856.1320386164855,834.6420846107276,842.2675521611578,2639800
2013-10-03,827.7098999023438,847.1201823121139,827.0166755305662,846.4269579403364,1864700
2013-10-04,823.5506591796875,833.949026088522,818.0048634949759,824.2438836402765,1961400
2013-10-07,802.060791015625,827.0168744007265,799.2878928617248,823.5507517083513,2609300
2013-10-08,797.9012451171875,802.0605913124117,784.729982165644,795.1283476537046,3087000
2013-10-09,811.765625,818.0046434671222,780.5705326643895,789.5824482280103,2738500
2013-10-10,815.9251098632812,818.69800743291,799.2877244455083,810.3793147240235,2517800
2013-10-11,829.7896118164062,835.3354070499328,818.6980213493532,824.9370409870705,2660000
2013-10-15,827.0166015625,840.1878634482397,824.2437043233969,833.2556203504819,2316700
2013-10-16,838.80126953125,851.9725291354597,829.7893550652118,829.7893550652118,2262700
2013-10-17,859.598388671875,863.7577357138357,849.8932455739667,851.9729190949471,3487400
2013-10-18,845.7337646484375,865.8372721687691,842.9608670594262,860.2914769907467,2288800
2013-10-21,853.3593139648438,857.5186607429015,840.8812736306705,850.5864161128053,2253300
2013-10-22,848.5064086914062,857.5183231628018,846.4267361210841,857.5183231628018,1881500
2013-10-23,831.869140625,864.4506819661458,824.2436735026042,858.2116634114584,2821500
2013-10-24,823.5506591796875,831.8693527067551,803.4471498226077,824.9371081008654,3371400
2013-10-25,811.765625,821.4707648377456,806.2198308070026,818.0046434671222,2599000
2013-10-28,813.84521484375,824.9368020988608,806.2197486058614,824.2435778954164,2191000
2013-10-29,813.1522827148438,820.0845272392669,803.4471403806511,804.1403648330935,1582200
2013-10-30,826.3234252929688,828.4030983432027,815.2318356917208,821.4708548424228,1876100
2013-10-31,814.5387573242188,834.6422670794548,813.8455328499002,821.4710020674036,1830500
2013-11-01,802.7537841796875,824.9369630171227,799.2876624863383,821.4708413237735,1113800
2013-11-05,797.2079467773438,817.3114515221637,790.2757037618886,808.299535602072,1774500
2013-11-06,817.3113403320312,823.5503581971614,795.8213899076947,799.9807351511146,2236700
2013-11-07,822.8572387695312,829.7894817246242,818.6978929964755,824.2436873605499,2429200
2013-11-08,804.83349609375,811.072515443314,801.3673742328812,807.6063935824451,1629700
2013-11-11,823.5506591796875,830.4829037855772,811.0726188890862,821.4709857979207,1554800
2013-11-12,840.1879272460938,841.5743759709222,813.1521771119372,818.0047476488371,1918700
2013-11-13,828.4032592773438,844.3474224266148,827.0168103078419,844.3474224266148,1220400
2013-11-14,853.3593139648438,856.1322118168822,832.5625800745552,838.1083757786321,1926500
2013-11-15,891.4862670898438,897.0320603532331,858.9047316674311,859.5979558253548,3624100
2013-11-18,910.2036743164062,915.7494697425535,898.4188590358435,906.7375521750644,2882500
2013-11-19,907.4307861328125,912.9765816171995,899.8053173417806,906.0443372617158,2633400
2013-11-20,893.56591796875,911.5897456391825,888.0201248393862,908.1236249333301,2289100
2013-11-21,907.4307861328125,913.6698060527478,900.4985417773289,901.1917662128773,1702700
2013-11-22,922.6815185546875,932.3866584944062,915.0560514591942,919.2153971476451,3557500
2013-11-25,933.7730712890625,953.8765746798441,929.6137257599353,935.8527440536261,3344900
2013-11-26,920.6018676757812,929.6137835491135,917.8289704839867,923.3747648675758,1969600
2013-11-27,913.6696166992188,924.0679810774344,909.5102709479324,910.8967195316945,1586400
2013-11-28,932.3865966796875,933.7730451505867,925.4543543251917,931.6933724442379,2412700
2013-11-29,938.6257934570312,943.4783640288181,933.7732228852446,934.4664472526428,2834600
2013-12-02,949.7173461914062,953.1834678928348,933.7731863648353,938.6257567468351,2871200
2013-12-03,955.2630004882812,966.3545883023686,952.4901035347593,962.8884671104663,2165200
2013-12-04,921.98828125,945.5579064849624,919.2153841635338,944.1714579417293,2616500
2013-12-05,915.7493286132812,929.6138150419456,912.2832070061152,916.4425529347145,2062500
2013-12-06,933.7730712890625,935.8527440536261,912.9763436434264,919.2153619371172,1978700
2013-12-09,939.3187866210938,954.5697189499972,933.0797688501788,949.7171495726188,1777300
2013-12-10,950.4104614257812,953.1833584685991,938.6256489938058,940.0120975152148,2171700
2013-12-11,922.6815185546875,943.478246996942,915.7492757406027,940.0121255898995,2260000
2013-12-12,940.7054443359375,945.5580147930868,927.5341816665324,933.0799764747029,3428300
2013-12-13,929.614013671875,947.6378498802782,910.8969529939177,933.0801360196448,5864600
2013-12-16,913.6696166992188,921.2950839099102,894.2593365265494,901.1915794453599,2169000
2013-12-17,946.9444580078125,949.0241310488253,925.4545032506807,926.1477275976849,3078600
2013-12-18,948.3310546875,949.7175035978618,935.8530144942433,940.0123612253288,2347700
2013-12-19,967.0479125976562,976.753052939138,957.3427722561744,958.7292208763861,3555400
2013-12-20,971.9004516601562,979.5259188272473,956.649517325974,973.9801245239083,2551700
2013-12-24,971.2073974609375,989.2312321033247,969.1277242329697,984.3786612380666,1885000
2013-12-25,978.832763671875,980.2192123456313,964.968276934313,975.3666419874845,1226800
2013-12-26,1012.107421875,1016.9599917059074,985.0716756742294,986.4581241973458,2166000
2013-12-27,1017.6532592773438,1025.9719507700743,992.003960508092,1021.1193807326481,1918100
2013-12-30,1018.3464965820312,1026.6651881810676,1006.5616834833963,1024.5855152813085,2425400
2014-01-06,1007.2550048828125,1029.4381846187036,999.6295368485999,1025.9720627849706,2478100
2014-01-07,993.3906860351562,999.629706394065,982.2990942859849,992.0042370665097,2814700
2014-01-08,1025.9720458984375,1025.9720458984375,1002.4024178169868,1010.7211100810282,2267300
2014-01-09,1037.7568359375,1042.6094063126252,1025.278797830035,1030.1313682051602,3071400
2014-01-10,1032.9044189453125,1041.9163366945,1026.665398965106,1039.8366633677642,3499800
2014-01-14,985.0718994140625,1012.1076517554759,974.6735331289035,1012.1076517554759,4082700
2014-01-15,1025.9720458984375,1027.358494609111,1007.9482126596811,1007.9482126596811,2523800
2014-01-16,1022.5057373046875,1043.3024641651218,1020.4260646186441,1037.0634461069915,1924400
2014-01-17,1007.9482421875,1012.1075884413686,998.2431009284732,1011.4143640657238,2183600
2014-01-20,1007.2550048828125,1017.6533703840115,1005.1753317825726,1015.5736972837717,1682200
2014-01-21,1007.9482421875,1022.5059540760402,999.6295496797627,1008.6414665631447,2145800
2014-01-22,1005.1753540039062,1013.4940465887662,997.549885801118,1000.3227833294046,2641800
2014-01-23,1017.6532592773438,1030.8245208075002,1007.2548949114309,1013.4939135309787,3528100
2014-01-24,968.4346313476562,999.6297340038084,961.5023863129558,997.5500604933982,3400500
2014-01-27,899.8052368164062,933.080006744902,897.0323393223649,930.3071092508607,6474700
2014-01-28,901.1915283203125,920.6018073918268,900.4983040677583,920.6018073918268,4724100
2014-01-29,926.8410034179688,929.6139009599822,904.6578230818618,909.5103937803852,3833000
2014-01-30,895.6458129882812,904.6577290632408,882.4745510325713,896.3390373017397,3689500
2014-01-31,876.9286499023438,912.9763098192781,865.8370622355948,904.6576190692163,2868000
2014-02-03,858.9050903320312,879.7018237541143,858.2118658846284,867.2237837008645,2073200
2014-02-04,806.219970703125,843.6540880014644,806.219970703125,818.6980098025714,4658700
2014-02-05,832.5625,838.1082951706911,818.6980120732723,822.1641340549542,3167900
2014-02-06,842.2675170898438,847.1200871471515,820.0843396850083,829.0962555057228,3112800
2014-02-07,874.1557006835938,874.8489248712889,851.2793024896536,859.5979927419954,2272400
2014-02-10,858.2117309570312,888.0203775088505,847.8133658808151,885.9407044936073,2852500
2014-02-12,867.916748046875,884.5541297985724,863.7574026089508,877.6218874020318,2447800
2014-02-13,876.9286499023438,885.9405648815773,838.1080930687223,866.5302864647666,3862900
2014-02-14,849.8930053710938,895.6458099016746,838.1081920829138,873.4626319474536,3597700
2014-02-17,859.598388671875,867.223858248803,842.9610005040323,845.7338985320062,2057300
2014-02-18,885.940673828125,892.8729169723201,863.7574957667009,863.7574957667009,2512200
2014-02-19,895.6458129882812,898.418710242115,877.6219808383623,885.247448286405,2547100
2014-02-20,860.2913208007812,887.3270673851732,856.1319751724133,886.6338431137785,2105700
2014-02-21,888.7136840820312,890.7933572897115,867.9169520052286,876.2356448359496,2196900
2014-02-24,874.1557006835938,899.1117714406193,858.211544366605,881.0879425605453,2543100
2014-02-25,885.2476196289062,891.4866396576143,879.0085996001983,882.4747218383694,2143100
2014-02-26,872.7694091796875,884.5542224887064,859.5981472460783,869.9965119305066,1711000
2014-02-27,846.4268188476562,872.7693406463549,842.9606975583538,872.0761163884944,3001900
2014-02-28,863.7577514648438,865.8374250237479,849.200036552515,850.5864855917844,3277200
2014-03-03,860.2913208007812,863.7574421577546,836.0284713019679,852.6658538154398,2654600
2014-03-04,861.6779174804688,877.622078463615,845.7337564973225,855.4388979653246,2634900
2014-03-05,894.9524536132812,899.8050230751658,873.462503139221,876.2353999745836,2925400
2014-03-06,901.8848876953125,906.7374581902143,872.0762403694874,890.79329799268,3148200
2014-03-07,917.1357421875,924.7612094316894,900.4983591092688,919.9086393672053,2758300
2014-03-10,904.6576538085938,921.9882602033944,899.8050840180496,911.589896366514,2362900
2014-03-11,913.6696166992188,917.828962450505,901.1915794453599,904.6577009047651,3041700
2014-03-12,885.2476196289062,899.805333029225,882.4747218383694,898.4188841339566,2722200
2014-03-13,881.0882568359375,895.6459699701269,879.7018079660147,885.9408278806673,2060000
2014-03-14,845.7337646484375,869.9966185522861,840.1879694704149,868.6101697577805,3881400
2014-03-17,835.335205078125,838.1081020244424,824.2436172928552,830.4826354220695,2566800
2014-03-18,845.0403442382812,859.5980532038299,843.6538957653718,852.6658108392829,2340100
2014-03-19,846.4268188476562,861.677752520587,836.028454979749,847.8132673633772,1864700
2014-03-20,829.0963134765625,851.2794924324572,828.4030891341909,847.120146378227,1999600
2014-03-24,818.6979370117188,845.0404616573118,813.1521423494887,831.1759750017364,3265100
2014-03-25,808.2996215820312,815.9250897101635,794.435134076336,813.8454165843093,4964700
2014-03-26,833.255615234375,834.642063845414,811.0724374577528,816.6182319019083,4480000
2014-03-27,836.7954711914062,839.6272663561826,810.6013659172252,831.8398296530477,3172700
2014-03-28,849.5384521484375,850.2464008585612,812.0171705118814,829.715888264974,3286700
2014-03-31,868.6531372070312,872.1928810424307,857.3259569337529,864.4054446045519,3297600
2014-04-01,874.3165893554688,875.7324866661659,861.5735135591947,873.6086407001202,2211300
2014-04-02,877.8566284179688,899.0950952345326,877.1486795240833,882.1043217812816,2632700
2014-04-03,894.8470458984375,906.1742236946202,877.8562792041633,884.9357653267775,2523500
2014-04-04,906.8823852539062,913.9618730388704,890.5995633484887,890.5995633484887,1740200
2014-04-07,881.3961791992188,908.2982312550985,872.1928456011547,892.0154102739082,2265900
2014-04-08,862.281494140625,879.2722624980757,858.7417507328228,875.7325190902735,2412600
2014-04-09,839.6270751953125,853.0780991655579,834.6714347852221,841.0429724553384,3067200
2014-04-10,841.7509765625,860.157642155961,837.5032845024706,850.9543093592305,1895700
2014-04-11,818.3887939453125,826.1762305658993,805.6457158388976,809.8934085410359,2416900
2014-04-14,817.6808471679688,831.1318740910781,814.1411032408346,815.5570008116882,1269500
2014-04-15,819.8046264648438,829.0079599225666,816.264882827258,822.6364213749123,1709800
2014-04-16,856.6178588867188,860.1576021052589,826.1760672072734,829.0078617821055,2481700
2014-04-17,854.4942016601562,867.2372800610534,845.2908672595083,855.910099260256,3007300
2014-04-18,861.57373046875,872.1929629724733,853.0783444657714,868.6532188045655,1450100
2014-04-21,861.57373046875,872.9009118060549,858.0339863008422,862.9896281359131,1153800
2014-04-22,851.6624145507812,867.2372882998396,851.6624145507812,860.8657490388613,1537500
2014-04-23,850.954345703125,867.9451146689112,844.5828073409551,853.0781918238483,2399700
2014-04-24,853.078125,871.4847899377593,843.8747925311203,849.5383817427386,2233300
2014-04-25,862.9894409179688,872.1927737579471,840.335083158022,849.5384159980003,1784100
2014-04-28,858.7418212890625,864.4054112068799,845.9987439739733,850.2464364123364,1805000
2014-04-30,862.9894409179688,871.4848250779487,858.0338001579804,862.2814922379704,1553800
2014-05-01,892.7232055664062,899.0947431160475,868.6529526010947,868.6529526010947,2042000
2014-05-02,887.767578125,899.802704782197,885.6437322443182,893.4311671401516,1385100
2014-05-07,864.4053344726562,882.1040513947007,861.5735397651291,879.2722566871736,2694300
2014-05-08,868.6531372070312,883.5200613157091,858.0339057008329,865.8213421387117,3670000
2014-05-09,877.1486206054688,887.059904454118,860.1578482934983,860.1578482934983,2823700
2014-05-12,885.6438598632812,893.4312958812638,876.4405263874838,876.4405263874838,1387100
2014-05-13,911.8380737304688,913.9619201754931,899.8029438753306,903.3426879503712,2765300
2014-05-14,928.8287963867188,928.8287963867188,911.838025721108,913.9618720543093,2297400
2014-05-15,928.8287963867188,930.95264271992,907.5903330547053,919.6254622761796,2692900
2014-05-16,916.0856323242188,942.9876833507415,902.6346068109575,915.3776836129946,3847300
2014-05-19,889.8916015625,912.5459621432478,887.7677552580549,911.8380133750994,3073300
2014-05-20,891.307373046875,899.0948083951796,882.1040403625149,899.0948083951796,2175900
2014-05-21,892.015380859375,895.5551244342138,884.2279449947297,889.183585999504,2246500
2014-05-22,909.006103515625,913.2537955881279,889.1835405106114,895.5550786193658,2251400
2014-05-23,929.5367431640625,936.616230926165,913.2539213112267,914.6698188636472,2450800
2014-05-26,935.2002563476562,936.6161537834589,925.9969230149391,936.6161537834589,2509900
2014-05-27,935.908447265625,952.1912719911237,935.2004983645163,936.6163961667336,2150900
2014-05-28,938.7398681640625,945.8193543493118,936.6160223084876,939.4478167825873,2712100
2014-05-29,942.98779296875,950.7752296974709,931.6606122724287,937.3242026205893,2947500
2014-05-30,938.031982421875,948.6512124115566,935.20018775796,942.9876230837265,3274700
2014-06-02,945.1115112304688,951.483049508427,936.6161268598578,949.3592034157742,3402500
2014-06-03,953.6068115234375,968.4737328612193,947.9432224423778,952.8988628883051,3823900
2014-06-04,972.7214965820312,973.4294452695001,958.5625228326568,959.2704715201255,3395200
2014-06-05,951.4830322265625,973.4294414520264,948.651237487793,971.3055953979492,3090400
2014-06-06,955.7306518554688,960.6862922724971,949.3591141764323,952.8988573314525,3229700
2014-06-09,960.6865234375,971.3057554578113,956.4388306293754,959.2706258347918,2699100
2014-06-10,957.854736328125,967.7660196308551,952.89909467676,960.6865315574765,2421900
2014-06-11,978.3854370117188,979.0933859531165,959.2708155939789,959.2708155939789,1975600
2014-06-12,977.6771240234375,979.0930213790109,963.5181504677034,974.8453293122907,2209900
2014-06-13,971.3056640625,978.3851514098944,965.6420741845847,965.6420741845847,3082600
2014-06-16,967.0579223632812,976.9692041444569,962.8102301713488,969.8897171579029,1890700
2014-06-17,969.1817016601562,981.9247773576601,965.6419584108496,977.6770854584921,1971800
2014-06-18,952.8989868164062,969.1818075420952,943.6956533627559,966.3500126332797,2440800
2014-06-19,991.8362426757812,996.7918841452534,962.1023938589485,967.0580353284206,2889700
2014-06-20,998.9154663085938,1015.9062325675634,996.7916205262225,998.9154663085938,2604200
2014-06-23,997.4996337890625,1006.7029661093306,991.8360446688974,1005.2870688292893,2906800
2014-06-24,999.6236572265625,1005.287247352492,991.8362208034094,998.9157084608213,1166300
2014-06-25,982.6327514648438,998.9155708334976,982.6327514648439,995.3758274924859,1437800
2014-06-26,977.6771240234375,996.0837896458918,976.2612266678641,993.9599436125317,1745100
2014-06-27,965.6419677734375,970.5976083705153,955.7306865792821,969.1817110570645,2175600
2014-06-30,974.8452758789062,976.2611731568712,964.2260462941687,968.4737381280637,2306700
2014-07-01,1005.2872314453125,1010.2428727270851,981.216973790988,985.4646663182218,2546200
2014-07-02,996.0835571289062,1009.5345788669654,991.1279175412002,1007.4107333293771,1938700
2014-07-03,985.4645385742188,1001.747357817902,978.3850519465303,1001.0394091551331,2143800
2014-07-04,993.9598999023438,1008.1188728354256,990.4201566690732,999.6234890755765,2050900
2014-07-07,1000.3316040039062,1013.0746817619178,993.2521163605664,994.6680138892344,1669300
2014-07-08,969.8897705078125,992.5441301109147,961.3943856566492,990.4202838981239,2316400
2014-07-09,959.2703857421875,969.1816664804832,952.1908995005476,966.3498719838271,2385800
2014-07-10,942.98779296875,959.2706152197119,942.2798441752299,956.4388200456315,2147500
2014-07-11,936.6161499023438,940.1558934771825,917.5015345982142,928.1207653227306,3268400
2014-07-14,930.9526977539062,944.4037253260159,924.5811583776438,938.0321859497534,3334800
2014-07-15,939.4481201171875,947.2355574354159,933.0765804931824,941.5719666585225,3126100
2014-07-16,918.91748046875,939.447994285078,914.669787955027,939.447994285078,4139000
2014-07-17,912.5457153320312,927.4126354421729,906.8821267186439,918.2093039454186,4288800
2014-07-18,893.4312133789062,902.6345460048378,889.8914700612402,901.9265973413047,3969100
2014-07-22,895.5550537109375,906.882232255898,895.5550537109375,899.0947970062377,3079400
2014-07-23,914.3155517578125,918.2092687803971,904.0502977891805,905.8201691630825,3298300
2014-07-24,911.4839477539062,917.8554860294676,903.3425377351335,914.3157425430446,3506300
2014-07-25,914.3155517578125,916.0854231317146,904.4042720639609,911.8377318343496,2399200
2014-07-28,915.7315673828125,917.8554133063908,905.8202864061142,913.6077214592343,2385300
2014-07-29,913.6080322265625,917.8557255185884,908.6523900525324,914.3159811085669,2533300
2014-07-30,917.85546875,921.0412378278056,910.0680332264751,916.7935457240648,1654100
2014-07-31,927.058837890625,936.6161454977448,922.4571712649747,922.4571712649747,2353600
2014-08-01,911.1300659179688,919.6254511479731,909.3601939950512,913.2539122254698,1787900
2014-08-04,912.5457153320312,917.8553296570819,899.8026409519098,904.0503324119503,2159500
2014-08-05,892.3693237304688,912.5458613951402,891.3074006954861,908.6521436002035,1641100
2014-08-06,881.0421752929688,889.537559867911,871.4848676461587,887.7676880814647,2010400
2014-08-07,889.8916015625,891.3074990987967,869.3610872861973,880.6882675765712,2626300
2014-08-08,857.6800537109375,885.2900595670882,853.0783860682458,883.8741618308753,2375500
2014-08-11,907.59033203125,910.4221271389919,883.5200736154446,884.9359711693155,3214900
2014-08-12,903.696533203125,909.3601229137596,899.0948665632344,907.5902511291863,1776200
2014-08-13,911.4839477539062,917.147537332183,894.8471533677185,896.2630507622877,2297200
2014-08-14,912.9000244140625,923.8732313767752,907.2364337236302,920.333487195255,1172700
2014-08-15,899.802978515625,911.1301599918249,896.9711831465751,909.0063134650375,1815800
2014-08-18,909.3599853515625,910.7758825650332,896.9708847336938,901.9265249808412,1344500
2014-08-19,906.1743774414062,922.4571982860566,903.3425825119019,916.0856596946717,1756300
2014-08-20,891.661376953125,906.8822738205265,883.5199670007939,906.5282994747729,3488900
2014-08-21,911.4839477539062,912.8998451484755,896.2630507622877,901.9266403405644,1987800
2014-08-22,916.793701171875,930.2447284477557,913.9619059559001,921.7493427998311,1704300
2014-08-25,920.6870727539062,924.226815440388,913.9615616495909,920.333098485258,1228900
2014-08-26,915.3776245117188,928.8286491565158,913.2537785151718,919.6253165048125,1149000
2014-08-27,918.5634765625,923.8730920339594,911.4839892672205,920.3333483863198,1626900
2014-08-28,913.2537231445312,922.4570552382359,906.528211229901,914.6696203897166,1253100
2014-08-29,913.6080322265625,923.5193165746228,907.9444411705281,907.9444411705281,1641900
2014-09-01,910.77587890625,925.9967738899145,909.3599816984672,918.9172878510008,1203500
2014-09-02,922.8111572265625,928.82872135117,900.5107725294879,906.1743622938243,2580000
2014-09-03,925.9971313476562,941.5720066455526,923.8732847161249,933.7845689966044,1936200
2014-09-04,934.4922485351562,940.1558379202179,926.3508387941303,931.3064795060592,3087000
2014-09-05,930.5984497070312,944.7574219353619,930.244475401323,940.863704572571,2562200
2014-09-08,942.98779296875,948.2974089201506,935.200356240029,941.9258697784699,2714400
2014-09-09,969.5357055664062,984.4026276670959,950.0671171012174,955.7307064729087,4242600
2014-09-10,977.6771240234375,980.5089187345843,967.057893856637,969.1817398899971,2704900
2014-09-11,996.7918090820312,1004.5792450904845,979.4470652450215,982.9868088852274,4724200
2014-09-12,989.7123413085938,992.5441362765725,980.8629820336599,992.1901619055752,3618500
2014-09-16,975.5532836914062,989.7122573298882,970.5976429179376,989.7122573298882,1643700
2014-09-17,961.0404052734375,981.2169441686809,959.9784821736879,978.3851492360152,2502000
2014-09-18,972.0136108398438,978.0311750730111,966.7039953399903,969.8897646399024,2559800
2014-09-19,993.6058959960938,1002.1012795030074,975.1992317311145,977.323077607843,2942500
2014-09-22,989.3583374023438,1000.6855169361094,984.7566707167515,993.9600040879361,2222200
2014-09-24,976.261474609375,980.1551933260912,970.2439093199046,974.8455768942055,2574000
2014-09-25,1003.5172119140625,1004.2251605644427,994.6678537843088,994.6678537843088,2781300
2014-09-26,997.853515625,1003.1631299330437,984.7564669984924,984.7564669984924,1753800
2014-09-29,999.26953125,1012.7205557585015,994.3138906416046,1003.8711975292242,2475500
2014-09-30,997.1456909179688,1006.7029978596745,986.8804353139143,1003.1632545479316,2876300
2014-10-01,985.1107177734375,1000.6855907817131,984.7567433868858,997.8537956892994,2061800
2014-10-02,940.5096435546875,973.429250950467,938.3857979162501,971.6593795851024,4029500
2014-10-03,944.0496215820312,945.4655190272236,933.4303907430882,933.7843651043863,2227100
2014-10-06,967.0579223632812,975.9072810964738,959.2704866780718,965.2880506166427,3092800
2014-10-07,964.9341430664062,976.6152974028669,962.8102968234135,970.9517074215527,2265500
2014-10-08,955.7306518554688,961.3942409035011,947.2352682834202,950.7750114384404,2635300
2014-10-09,938.385986328125,958.2085496002393,937.6780376398352,954.6688061587903,2179100
2014-10-10,904.0506591796875,916.7937381657755,896.6171964378028,908.2983521750501,4970400
2014-10-14,893.4312133789062,900.1567256824717,882.1040347623749,884.9358294165078,4063500
2014-10-15,901.9266967773438,905.466440485261,881.7501576422147,890.5995169120082,3129900
2014-10-16,879.9802856445312,882.4581062396687,867.591182668844,876.794516307926,3478900
2014-10-17,860.8656005859375,881.0421380996704,858.7417545318604,878.9182920455933,4771700
2014-10-20,893.4312133789062,902.2805716730712,881.7500604306083,890.2454443930068,3249400
2014-10-21,875.7324829101562,902.6345316980188,869.7149193655029,898.7408141103019,2134600
2014-10-22,895.201171875,898.0329668038255,882.4580946952847,892.015402580071,2303000
2014-10-23,897.6790161132812,905.1124779975,885.2899129729166,893.4313236080134,2054300
2014-10-24,899.802978515625,909.0063134650375,895.5552854620502,907.9443902016437,1739900
2014-10-27,902.6344604492188,907.9440749224494,895.5549744849111,904.0503576420803,2470600
2014-10-28,898.7409057617188,907.9442391803107,892.7233416034087,905.8203930067895,1284200
2014-10-29,924.5810546875,933.7843883099636,906.5283618126674,911.8379773640888,2785200
2014-10-30,941.2177734375,944.403542508932,928.1207228105021,935.2002096359064,4130300
2014-10-31,996.0835571289062,1003.1630422542005,953.2526721208758,956.4384404272581,4901700
2014-11-04,988.2965087890625,1054.843694910962,987.5885600005316,1054.843694910962,9390200
2014-11-05,1007.7650756835938,1010.9508451536157,986.5266125501144,991.1282795623682,5494100
2014-11-06,999.9774780273438,1014.8443998245643,995.3758117567754,1007.410938925954,4065900
2014-11-07,1002.8093872070312,1011.3047720615913,1000.6855409933912,1011.3047720615913,2242200
2014-11-10,1005.64111328125,1005.995087625946,995.3758572850669,996.4377803191547,1901800
2014-11-11,1014.4906616210938,1021.9241242498596,1004.5793781160726,1008.8270710467959,2109000
2014-11-12,1009.180908203125,1031.1273186936876,1007.057062026619,1026.5256519779243,2746200
2014-11-13,1020.8616943359375,1022.9855397471773,1002.1010598699858,1005.6408022220521,3006400
2014-11-14,1024.755615234375,1030.0652298210816,1010.9506173089378,1030.0652298210816,2942700
2014-11-17,989.7123413085938,1019.4461884723712,985.8186232276229,1019.4461884723712,2694000
2014-11-18,1012.7208251953125,1013.4287740420062,995.0221040279705,1004.2254390349883,2847000
2014-11-19,1014.8444213867188,1028.2954461557092,1008.4728833382496,1022.6318567792921,2492200
2014-11-20,1005.2872314453125,1018.0303090270136,1002.8094108044262,1015.9064627633968,2118600
2014-11-21,1001.7473754882812,1008.4728879032202,992.1900683723153,1003.5172471764231,2604100
2014-11-25,1024.047607421875,1025.1095302778258,1011.3045331504657,1014.136327433001,2093300
2014-11-26,1014.8444213867188,1024.4017284594224,1014.1364727146666,1020.5080107631358,1672100
2014-11-27,1003.1632690429688,1012.7205761227711,999.623525680079,1010.9507044413263,1978100
2014-11-28,1018.0304565429688,1019.8003286857764,1006.7032748289997,1011.3049424002996,2693100
2014-12-01,1032.189453125,1034.3132997363682,1016.9685524101938,1022.9861178090706,3347800
2014-12-02,1044.932373046875,1047.410193714669,1021.2160895122745,1027.9416027534298,2663400
2014-12-03,1037.1448974609375,1065.8168212474002,1035.0210512545327,1047.7641284929607,2621800
2014-12-04,1053.07373046875,1067.5866793592436,1044.9323201155462,1052.3657817423843,3287800
2014-12-05,1067.940673828125,1069.0025969376657,1047.4101603770043,1047.7641347468511,2078700
2014-12-08,1060.5072021484375,1086.701305272264,1058.3833559492082,1076.0820742761182,3285000
2014-12-09,1060.861328125,1067.2328676332584,1051.3040188626126,1052.7199165311144,2623900
2014-12-10,1029.0035400390625,1072.5423895143995,1020.8621291615605,1059.4453372332007,3954100
2014-12-11,1018.7378540039062,1021.2156736627065,999.6232452074465,1010.5964465535623,2620200
2014-12-12,1017.6762084960938,1030.065310164742,1009.5347988281251,1010.9506961616848,4133000
2014-12-15,1003.5172119140625,1022.9857997995205,995.3758024346891,1004.933109214823,3150700
2014-12-16,986.1726684570312,990.7743356106354,975.1994621676672,986.1726684570311,2759000
2014-12-17,985.4645385742188,1002.1013321492863,976.9691546209926,983.3406925859122,3192100
2014-12-18,1005.2872314453125,1021.5700527997084,1004.225308313504,1016.2604371406662,2174700
2014-12-19,1044.932373046875,1048.1181424768959,1026.8796796100896,1032.1892953267911,3223100
2014-12-22,1045.2860107421875,1054.1353674196528,1041.0383195370043,1043.5161394066945,2749400
2014-12-24,1049.88818359375,1065.1090844347923,1047.05638808844,1060.5074167386633,1809200
2014-12-25,1043.870361328125,1050.2418996475235,1039.6226691151926,1046.3481817856689,930100
2014-12-26,1051.657958984375,1053.4278310122854,1040.6847524113302,1044.9324452783153,1312600
2014-12-29,1039.2686767578125,1053.7816249005477,1024.4017542701326,1052.011753175824,3033600
2014-12-30,1032.189453125,1048.8262515807185,1031.835478689772,1044.2245839227537,1726800
2015-01-05,1012.0127563476562,1027.9416035094766,1004.2253199574329,1025.4637828398602,2606900
2015-01-06,970.9515380859375,991.1280738755468,970.597563773839,989.0042280029563,2495200
2015-01-07,967.411865234375,976.9691723552414,961.748275829417,968.1198139099947,1967500
2015-01-08,974.491455078125,985.1106863357871,970.2437625750601,974.8454294533805,1825700
2015-01-09,981.9249267578125,995.0219787729671,975.5533879396291,984.4027474093282,2255000
2015-01-13,957.854736328125,969.1819172455308,943.341785777699,969.1819172455308,2746800
2015-01-14,929.5367431640625,951.4831552265803,927.7668712235368,944.4036674644777,2894700
2015-01-15,929.5367431640625,936.2622565380599,922.811229790065,929.1827687759574,3134600
2015-01-16,919.9793701171875,920.6873188437108,888.1216774236334,888.1216774236334,4107400
2015-01-19,933.0762939453125,941.2177031868688,923.8729617592055,933.7842425750131,2598000
2015-01-20,941.5717163085938,952.898894850652,935.9081270375646,936.9700500258825,4941100
2015-01-21,926.3509521484375,947.9433893211753,921.3953108301043,945.1115942821277,3147600
2015-01-22,926.3509521484375,928.8287728076042,918.5635157910567,920.3333876904614,2570800
2015-01-23,964.5801391601562,971.3056520570527,937.6780875725702,941.5718055655103,3773400
2015-01-26,949.3594360351562,957.5008480518634,941.5719984539581,950.0673849061743,2162600
2015-01-27,965.2882690429688,970.9518599137746,957.854806025036,969.1819877666477,2195900
2015-01-28,968.11962890625,972.013345878085,950.774889668076,955.0225809100777,2750900
2015-01-29,949.0054321289062,964.2263323831185,945.8196623082572,955.7309461947209,2052400
2015-01-30,948.2973022460938,974.845379016701,947.5893535322109,963.5181995945753,3226600
2015-02-02,926.3509521484375,933.4304397460564,922.4572339697471,928.8287728076042,2069000
2015-02-03,935.2002563476562,942.9876922445709,929.8906409633963,932.7224358350016,2804700
2015-02-04,991.8362426757812,996.4379097545769,952.8990597013574,952.8990597013574,6046200
2015-02-05,993.6058959960938,1012.3665345738611,987.2343583659086,999.6234593134909,4941900
2015-02-06,984.0489501953125,998.915876780997,980.1552313276331,995.7301067983503,2927900
2015-02-09,1018.0304565429688,1019.4463542572148,992.5442976865384,1002.8095561148228,3585300
2015-02-10,1030.0654296875,1031.4813271853523,1010.5968390920317,1022.2779934493127,3362200
2015-02-12,1038.914794921875,1047.4101799570112,1024.7558198633144,1030.0654355102747,3551400
2015-02-13,1044.932373046875,1067.2327590570217,1040.3307060924003,1058.0294251480723,2742400
2015-02-16,1087.0552978515625,1095.196708418344,1066.1708098759057,1069.3565792281245,4078600
2015-02-17,1060.1531982421875,1093.07281341298,1057.6753777454612,1084.5774288527755,4129400
2015-02-18,1068.294677734375,1073.9582678085135,1059.7992926231673,1069.0026264936423,3436100
2015-02-19,1088.4710693359375,1091.6568383193598,1070.0644040983868,1070.0644040983868,2323500
2015-02-20,1123.5146484375,1130.2401614558719,1097.3205451027882,1097.3205451027882,4411300
2015-02-23,1077.143798828125,1127.4081496114288,1063.338801077781,1123.1604579959385,4792800
2015-02-24,1077.8519287109375,1085.639364649079,1071.12641585527,1079.267826154236,2872500
2015-02-25,1077.143798828125,1096.612385399123,1073.6040558152163,1090.594822277178,2873900
2015-02-26,1093.4268798828125,1094.1348286558025,1068.294698441673,1072.8963654661072,2665400
2015-02-27,1099.7984619140625,1114.3114123287637,1096.2587179104767,1104.0461547183652,3432100
2015-03-02,1115.3731689453125,1124.9304763275795,1113.2493228603644,1113.6032972078556,2702100
2015-03-03,1118.5592041015625,1132.718181368671,1105.816124561165,1129.886385915249,2866700
2015-03-04,1126.346435546875,1129.1782304822536,1101.9222042292338,1118.2050251076612,3366100
2015-03-05,1140.151611328125,1150.7708439701132,1126.3466088935404,1129.1784042647373,3015200
2015-03-06,1161.7437744140625,1166.6994151336837,1145.10698056962,1147.2308265923148,3730400
2015-03-09,1151.83251953125,1177.3186723911915,1147.9388017332033,1161.743801199005,4237200
2015-03-10,1139.7974853515625,1178.026717779503,1134.4878697365707,1163.1597940575261,4555000
2015-03-11,1131.6558837890625,1146.1688306878275,1116.7889625756934,1136.6115241935188,3324700
2015-03-12,1171.301025390625,1185.1060238766433,1133.4257731341136,1141.921156817817,4253900
2015-03-13,1170.59326171875,1178.026723616571,1162.097876692669,1171.65518484701,4868200
2015-03-16,1158.912109375,1172.009161313569,1157.8501862448456,1168.11544316967,1744500
2015-03-17,1162.451904296875,1168.1154945735955,1151.124723743434,1165.2836994352351,2714200
2015-03-18,1166.6995849609375,1181.566509283862,1155.3724045244235,1164.22176424045,2021300
2015-03-19,1139.089599609375,1164.5757559710516,1128.1163933980977,1163.513832789315,3280800
2015-03-20,1142.2752685546875,1145.8150121820647,1126.3464222314892,1137.319627476359,2996600
2015-03-23,1151.4786376953125,1162.8058176541967,1129.8862008986896,1138.381585867853,2345800
2015-03-24,1162.451904296875,1168.1154945735955,1151.124723743434,1151.124723743434,3890400
2015-03-25,1177.672607421875,1185.4600427579978,1165.6374800842302,1166.6994030846106,3702800
2015-03-26,1152.54052734375,1170.2392455154907,1138.3815528063574,1167.761424971447,2477300
2015-03-27,1184.1761474609375,1219.047151196126,1159.3710004740508,1162.96594931273,4678700
2015-03-30,1189.2091064453125,1196.0395094146177,1151.8216375606958,1183.0976932622502,4373700
2015-03-31,1189.5687255859375,1200.7130684366973,1184.1763016258926,1199.6345836446883,3724800
2015-04-01,1173.3907470703125,1197.8363876342773,1167.9983263576732,1189.5680092082305,2589000
2015-04-02,1201.431884765625,1214.733195279188,1181.3001715559078,1185.973604979592,2460100
2015-04-03,1232.707763671875,1249.2445257392142,1210.419084363722,1220.125444707595,3907700
2015-04-06,1218.3280029296875,1236.6622396217542,1211.1381061877005,1219.046992603886,1601600
2015-04-07,1249.6041259765625,1261.8269511443425,1233.067362514272,1237.3813008087825,2465200
2015-04-08,1237.0218505859375,1267.2194197371198,1221.563571139499,1261.4675018035614,3465000
2015-04-09,1236.6619873046875,1243.132893052212,1226.9556286834006,1239.8974401784496,2634900
2015-04-10,1231.6292724609375,1240.9761379261986,1219.7659432165676,1238.8191689726768,1966500
2015-04-13,1199.634521484375,1225.1586602393618,1179.8623013220613,1223.3611856791515,3199100
2015-04-14,1211.138427734375,1227.6751946313123,1201.072569623196,1202.5105493533642,2520100
2015-04-15,1228.7532958984375,1230.1912751797697,1206.464617037787,1206.464617037787,3015700
2015-04-16,1247.8065185546875,1247.8065185546875,1216.5304692564282,1224.7988501053933,2123200
2015-04-17,1225.1583251953125,1241.6950866269394,1219.0469133618851,1239.1786229308223,3443400
2015-04-20,1220.4849853515625,1230.9103357418999,1204.6672123455335,1207.9026659149486,1677700
2015-04-21,1270.814208984375,1273.6901675902802,1226.9558402443201,1235.5837160620358,3547100
2015-04-22,1281.23974609375,1302.449943910678,1270.4548997461595,1277.64479731122,2896300
2015-04-23,1272.6116943359375,1303.8877444509733,1260.38887015305,1294.181384070445,2816300
2015-04-24,1276.5662841796875,1288.429614897212,1266.500427813303,1272.2523457369512,1747900
2015-04-27,1253.918212890625,1261.4676058008035,1243.8523556770533,1251.0422536867472,1596800
2015-04-28,1287.7105712890625,1288.4295609994417,1259.310477729086,1265.0623954121193,2676500
2015-04-30,1247.0877685546875,1263.6245334303046,1238.819386116879,1243.1333247800835,2841500
2015-05-01,1256.4344482421875,1269.016767466358,1231.269809793846,1265.421819116595,2607800
2015-05-07,1274.76904296875,1286.2728809199627,1238.8195493712105,1238.8195493712105,3338500
2015-05-08,1290.5865478515625,1296.338465613575,1260.3889796009967,1273.6902894256507,1634200
2015-05-11,1273.330810546875,1316.8296891680416,1269.7358619004976,1311.4372661984755,1838600
2015-05-12,1300.65234375,1315.751127176617,1267.5788181488392,1283.3965912624378,2216300
2015-05-13,1280.5205078125,1303.887670363823,1273.330611642862,1291.6648468754386,1868900
2015-05-14,1269.73583984375,1313.9537074260775,1262.186447817499,1301.3713873823258,1954300
2015-05-15,1210.4190673828125,1254.9964253737446,1176.9860488896134,1183.4569556947486,8597300
2015-05-18,1278.00439453125,1281.9588385087025,1225.1586431962025,1229.8320769877373,7688900
2015-05-19,1327.9739990234375,1336.9613704299306,1290.227039116166,1293.1029979662437,5895600
2015-05-20,1300.29296875,1343.0728590682886,1297.77650461363,1334.8044769059304,3549400
2015-05-21,1316.1104736328125,1333.7257189778022,1292.743311440479,1313.9535048150585,5394200
2015-05-22,1291.6649169921875,1311.7966273600034,1284.4750204322531,1311.4371325320067,3037300
2015-05-25,1324.379150390625,1330.8500582915563,1299.5740034370547,1314.3132936558427,2491100
2015-05-26,1330.1307373046875,1333.7256852433488,1316.1104403439083,1322.9408414273648,1474800
2015-05-27,1313.2347412109375,1321.143628237119,1298.1359568882276,1321.143628237119,2891400
2015-05-28,1344.1512451171875,1378.3032558917616,1317.1891313477868,1328.3334717058058,4053200
2015-05-29,1338.0400390625,1358.8907435938338,1330.490646042534,1340.915998308201,3142600
2015-06-01,1368.237548828125,1373.9894670575654,1323.300687660622,1329.4121007794026,2654600
2015-06-02,1335.8828125,1373.9892651708826,1330.4903899522335,1369.6753271326695,3266200
2015-06-03,1351.3411865234375,1366.0804758683328,1315.7511951784468,1327.2550307647064,2303300
2015-06-04,1408.14111328125,1422.5209050941808,1366.0802222284274,1367.158706614397,3873100
2015-06-05,1377.224853515625,1394.840102229346,1367.5184919794929,1388.7286894103,3205300
2015-06-08,1391.604736328125,1406.344026999645,1373.2704967123323,1387.6502924894246,3132800
2015-06-09,1334.445068359375,1372.1920328469112,1331.9286040602058,1364.2831450495225,3364300
2015-06-10,1321.1435546875,1348.824657738095,1310.718204187925,1330.490420652636,4380400
2015-06-11,1352.060302734375,1358.1717159613052,1332.2880834707773,1340.556466071918,3424600
2015-06-12,1364.642578125,1368.9565167281348,1333.7260181358665,1340.915915807758,4411100
2015-06-15,1381.179443359375,1385.852877186463,1337.3210643667035,1344.5109625622235,2140500
2015-06-16,1361.0477294921875,1392.323786667523,1356.014800751329,1372.1920717040887,2478800
2015-06-17,1353.857666015625,1373.6298836552585,1344.510799495071,1366.0804914655803,2447000
2015-06-18,1319.345947265625,1348.4650267556838,1310.7180718611633,1348.1055319471645,4686600
2015-06-19,1322.5816650390625,1338.0399448968171,1307.1233851813076,1337.6804500164042,3962000
2015-06-22,1336.2423095703125,1337.6802889187875,1305.325753578102,1315.7511038545451,3030700
2015-06-23,1372.910888671875,1388.7286627230826,1347.3867532710624,1350.622207054264,3490600
2015-06-24,1357.0928955078125,1379.0220787199917,1350.621988986186,1379.0220787199917,2432600
2015-06-25,1361.4071044921875,1383.6957869528464,1343.0728656939034,1347.3868042346762,2536400
2015-06-26,1368.956298828125,1374.708216050092,1343.072671329274,1359.2499385160559,1635800
2015-06-29,1320.7840576171875,1335.8828410738893,1297.776387587928,1305.685274160486,3188900
2015-06-30,1312.1561279296875,1328.3333952603275,1294.5408812807684,1321.143498668932,3308400
2015-07-01,1322.941162109375,1336.6019675876782,1309.9993463930875,1317.5487388942552,2888300
2015-07-02,1358.171630859375,1363.5640539570168,1334.8044641029273,1343.4323410591542,2340500
2015-07-03,1340.915771484375,1351.7006168314342,1333.7258745863353,1348.8246580722184,2882300
2015-07-06,1290.5865478515625,1334.444920786908,1281.5991763484178,1312.1562394591094,3703600
2015-07-07,1299.9334716796875,1322.2221539927796,1299.2144819276523,1312.1562974642864,2448500
2015-07-08,1234.1456298828125,1303.5281252417938,1234.1456298828125,1287.7103542791244,3783600
2015-07-09,1239.538330078125,1241.695299330001,1182.7381397787215,1196.3989450406032,5599800
2015-07-10,1255.715576171875,1271.8928452608343,1236.6623481337676,1243.8522455066384,3520100
2015-07-13,1288.4298095703125,1298.4956674575806,1265.422134399414,1266.8601140975952,2700900
2015-07-14,1319.345947265625,1329.411801904164,1305.3256497333746,1321.5029161167404,2680700
2015-07-15,1324.738525390625,1330.4904430042614,1311.4372159090908,1328.3334738991477,2263600
2015-07-16,1335.1636962890625,1348.8244987820576,1328.3332950425647,1331.9282430670373,3545400
2015-07-17,1362.8448486328125,1365.3613123469856,1321.502944757114,1332.647284062737,2831900
2015-07-21,1358.890380859375,1377.9436057761864,1340.915640371817,1366.080277054398,2927800
2015-07-22,1346.6678466796875,1354.5767341935564,1330.4905767649554,1338.0399693918305,2236700
2015-07-23,1370.7537841796875,1378.3031755953114,1352.0600530552858,1375.427216960788,2591700
2015-07-24,1343.43212890625,1360.3283852772945,1337.3207170273615,1358.5309111952686,2885800
2015-07-27,1343.7916259765625,1357.452429022873,1331.9282970152926,1336.6017296363989,1958400
2015-07-28,1317.5484619140625,1338.7586554346435,1317.5484619140625,1324.738358022734,3037300
2015-07-29,1334.445068359375,1343.0729459565262,1320.7842621638856,1321.8627468635295,1581300
2015-07-30,1359.2501220703125,1368.9564836931368,1341.2753783243418,1342.7133578240193,1894600
2015-07-31,1358.5311279296875,1365.3615305310805,1345.9488073481741,1354.2171894445971,1184000
2015-08-03,1335.523193359375,1372.191663271261,1325.4573388737592,1370.3941892559724,1538100
2015-08-04,1329.4117431640625,1338.7586077725714,1318.6268993850138,1328.6927535787927,2025900
2015-08-05,1321.503173828125,1331.2095355510194,1308.920853076225,1313.5942864983595,2282500
2015-08-06,1361.4071044921875,1378.3033637768806,1354.5767018026306,1355.2956915594261,2675300
2015-08-07,1372.910888671875,1376.8653321846768,1357.0931146206672,1361.4070529982694,2018300
2015-08-10,1389.447509765625,1400.5918494299806,1364.6423666417365,1387.2905407983303,2485600
2015-08-11,1393.76171875,1409.938989150761,1349.5438463212536,1349.5438463212536,3549200
2015-08-12,1358.5311279296875,1415.3313179833765,1348.1057765907192,1392.3236460628948,2428600
2015-08-13,1361.4071044921875,1363.5640737625738,1336.961452761142,1341.9943810587104,3397700
2015-08-14,1323.659912109375,1351.3410129329552,1311.7965831849835,1350.9815181170645,2841300
2015-08-17,1326.1766357421875,1346.6678442640919,1311.4373454018705,1316.4702738107592,2338600
2015-08-18,1336.6019287109375,1348.8247543096927,1325.0980928532856,1330.49051591156,1746200
2015-08-19,1302.449951171875,1336.60196479631,1294.5410638062165,1326.176613268851,2249000
2015-08-20,1253.55859375,1297.0574723974762,1248.5256656420274,1294.1815134786348,3413500
2015-08-21,1192.0849609375,1226.9559625089528,1183.0975893984657,1209.3407142924457,4362100
2015-08-24,1099.3353271484375,1149.664609620897,1094.3023989011915,1145.3506711232576,4827900
2015-08-25,1086.7528076171875,1139.2390497316794,1050.8033267168505,1064.823624267982,5473200
2015-08-26,1123.7808837890625,1139.9581517898648,1091.7858426319203,1100.4137188990148,5761100
2015-08-27,1145.3505859375,1171.2342149982344,1140.6771529126452,1149.6645241142892,4275100
2015-08-28,1184.1761474609375,1186.333116764145,1167.9988776868809,1183.4571576932017,3036400
2015-08-31,1175.188720703125,1182.0191231789156,1143.1936775270533,1155.416503010047,3909400
2015-09-01,1115.512451171875,1160.4493046673583,1115.1529563439112,1160.4493046673583,5171400
2015-09-02,1106.52490234375,1130.2515571698343,1090.7071324596939,1095.7400592409845,2815200
2015-09-03,1120.1859130859375,1149.6644897460938,1117.6694492247045,1139.5986343011623,2563800
2015-09-04,1089.2694091796875,1141.396163084326,1081.0010275258483,1139.958183666267,2802600
2015-09-07,1085.314697265625,1094.6615611705292,1065.9019799246698,1082.7982339066123,1698300
2015-09-08,1060.86962890625,1091.786195522969,1058.7126591422928,1087.8317509557141,2385200
2015-09-09,1159.73046875,1159.73046875,1084.2365448698079,1092.145432133447,4133700
2015-09-10,1119.826416015625,1131.3302507868932,1102.2111690221209,1110.8390451005719,2828100
2015-09-11,1101.4923095703125,1110.4796815478771,1086.7530195271067,1094.6619068673635,4069600
2015-09-14,1078.8441162109375,1110.120170229715,1077.0466418420422,1110.120170229715,1729300
2015-09-15,1077.406005859375,1115.5124578517318,1076.3275213690254,1084.2364076315898,2086400
2015-09-16,1079.922607421875,1096.81886659259,1071.6542252745037,1086.03402031341,1725100
2015-09-17,1084.5960693359375,1088.5505130756444,1063.0263762102643,1088.5505130756444,2249200
2015-09-18,1030.31201171875,1061.5880567360325,1014.494241824952,1060.5095724250916,5800700
2015-09-24,1013.4163818359375,1029.5936564661672,1006.5859769920628,1009.102441934543,4186800
2015-09-25,1038.9400634765625,1038.9400634765625,1002.9905803112835,1020.6058270622702,2542600
2015-09-28,1020.6058959960938,1041.4565976402548,1008.3830708943442,1038.9401336487183,1821300
2015-09-29,982.4994506835938,1005.147626824489,980.7019763866973,997.9577296369032,2578300
2015-09-30,1009.8209838867188,1022.0438081843864,999.7551285827573,1000.8336130796102,3093300
2015-10-01,1017.3704223632812,1031.3907214700544,989.6893189986266,1009.8210305365573,2818700
2015-10-02,1020.9652099609375,1022.7626839221363,997.9575432575924,1006.5854182713468,2484000
2015-10-05,1039.6590576171875,1054.0388509452262,1022.7628004567422,1038.2210782843836,2732600
2015-10-06,1041.8157958984375,1068.7779024175481,1039.2993326233207,1061.2285125921971,2181500
2015-10-07,1065.18310546875,1070.2160327304991,1028.1551406144533,1040.3779639644154,2562500
2015-10-08,1061.9478759765625,1069.1377735796536,1050.4440398116167,1064.823835017799,3399000
2015-10-09,1114.79345703125,1116.9504259903558,1077.4059950734138,1078.4844795529668,3503200
2015-10-13,1087.4718017578125,1109.7604800087163,1086.7528121368155,1093.5832135362862,2693500
2015-10-14,1061.588134765625,1094.302161268731,1046.8488480993904,1081.000853789446,3121400
2015-10-15,1073.4515380859375,1076.6869914827137,1052.600838417825,1066.2616416486574,3008400
2015-10-16,1114.43408203125,1121.9834741998488,1078.484595514113,1087.8314620085685,4377700
2015-10-19,1091.0667724609375,1119.826357896481,1086.0338450097174,1114.4339356273167,2019800
2015-10-20,1114.43408203125,1116.5910512222783,1088.9099466040827,1091.7859055254537,2434200
2015-10-21,1149.664306640625,1153.9782440013778,1111.5578599539751,1114.433818194477,2989200
2015-10-22,1136.72265625,1151.1024494979442,1122.7023578332544,1131.6897286132196,1592100
2015-10-23,1171.2342529296875,1181.3001090015202,1163.3253660161045,1171.9532426491041,2582300
2015-10-26,1176.2672119140625,1202.1508424940785,1173.7507478298942,1199.9938732790772,1915400
2015-10-27,1148.5860595703125,1179.143122187989,1146.0695955900333,1170.5152456841745,2248400
2015-10-28,1142.474609375,1154.697434019037,1133.1277434707363,1149.3050113819618,1596800
2015-10-29,1147.1480712890625,1169.7962469365746,1137.0822154457237,1157.213927132401,1532600
2015-10-30,1151.8214111328125,1167.9986781431048,1134.5656596551673,1150.3834318430088,2285000
2015-11-02,1126.6568603515625,1137.4417058558852,1118.7479736483926,1136.0037264553089,1868200
2015-11-04,1182.0191650390625,1188.4900728768675,1163.6849261652815,1166.920380084184,3757000
2015-11-05,1221.5634765625,1227.6748888937427,1185.6139922610726,1201.4317653537007,6506400
2015-11-06,1247.8065185546875,1248.885003013248,1228.7532931201158,1232.3482413153179,4881400
2015-11-09,1290.5865478515625,1298.8549296344554,1267.938371663638,1276.2067534465311,4188300
2015-11-10,1281.5992431640625,1284.8346970738735,1253.5586426123664,1270.4549019191577,3160100
2015-11-11,1280.8800048828125,1286.6319218286797,1270.8141502275448,1278.0040464098788,2110000
2015-11-12,1292.743408203125,1298.4953254810032,1275.4876563694904,1291.3054288836556,2713300
2015-11-13,1284.4749755859375,1298.4952733883028,1258.231854058433,1284.4749755859375,3799600
2015-11-16,1257.8724365234375,1267.2193022992617,1240.9761791594474,1247.4470862350179,2559200
2015-11-17,1256.075439453125,1279.8021077427375,1256.075439453125,1278.3641278463972,2622200
2015-11-18,1249.963623046875,1273.6902837086793,1245.2901898862165,1266.8598813969477,3187500
2015-11-19,1293.4622802734375,1296.3382386509215,1263.2647173098553,1271.5330976451219,4265400
2015-11-20,1294.1812744140625,1302.8091495768228,1280.160977274577,1289.1483472357856,3172100
2015-11-24,1282.677490234375,1300.652230848646,1276.9255732378083,1294.1813242275084,3214500
2015-11-25,1269.73583984375,1284.834623896252,1263.6244272510705,1278.3637164451798,1760500
2015-11-26,1278.7232666015625,1301.01194878579,1276.5662973579276,1281.958720467015,2121700
2015-11-27,1276.20654296875,1289.8673454005282,1272.9710897612235,1280.8799753796216,1664500
2015-11-30,1240.257080078125,1272.6116126019022,1240.257080078125,1271.5331281844428,2249500
2015-12-01,1260.74853515625,1264.3434839305764,1236.302883490831,1243.8522759169161,2078700
2015-12-02,1253.55859375,1272.9713164521795,1252.8396040202895,1261.826975641669,2161800
2015-12-03,1267.9385986328125,1272.9715275755,1256.0752661250485,1257.1537508984818,2244900
2015-12-04,1249.2447509765625,1256.0751539315422,1238.8193990979091,1240.2573786673786,2017800
2015-12-07,1247.447265625,1265.7815049756844,1246.7282758465417,1263.9840305295388,1883700
2015-12-08,1240.6168212890625,1272.252370484495,1237.0218725168543,1261.1080292906495,2463700
2015-12-09,1208.9810791015625,1228.3937993725956,1198.9152241462118,1225.15834599409,3412100
2015-12-10,1193.52294921875,1205.7457746023156,1174.469721414957,1191.0064851691925,3113000
2015-12-11,1184.89501953125,1193.882390735219,1173.3911843901699,1174.1101740864874,3671200
2015-12-14,1163.684814453125,1165.4822886799602,1136.3632062052297,1143.1936082672034,2894800
2015-12-15,1153.25927734375,1182.0188603199033,1152.5402877693462,1176.6264385118745,2005100
2015-12-16,1172.312744140625,1193.5229409834023,1162.6063828735912,1175.9076927580447,4427400
2015-12-17,1196.03955078125,1221.204194170095,1192.4446017257007,1209.7003571923374,2781200
2015-12-18,1148.945556640625,1214.7331151090964,1142.4746492502836,1187.0520112726358,4170200
2015-12-21,1133.8466796875,1140.3175865468452,1117.3099177136176,1129.5327417812698,3493800
2015-12-22,1147.1480712890625,1151.821504359184,1129.5328235632198,1131.6897926725067,2631300
2015-12-24,1137.4415283203125,1167.639091019082,1136.3630439382137,1163.6846482847193,2361500
2015-12-25,1137.4415283203125,1137.4415283203125,1137.4415283203125,1137.4415283203125,0
2015-12-28,1152.54052734375,1157.5734554107532,1138.1607328665978,1150.743053034106,1901300
2015-12-29,1166.560791015625,1172.3127086292614,1146.0695845170455,1150.0240278764204,1750500
2015-12-30,1156.8546142578125,1173.3913800302985,1156.495119349715,1164.763502235958,2128800
2016-01-04,1132.0494384765625,1166.920443726555,1125.5785302858421,1144.6317599585186,1767800
2016-01-05,1116.950439453125,1133.4872016722572,1108.682058343559,1121.623872254184,2107200
2016-01-06,1097.17822265625,1135.2846746882167,1086.0338829110522,1128.8137677393922,2376300
2016-01-07,1069.8565673828125,1101.132616227673,1065.1831347967989,1099.694636970438,3003400
2016-01-08,1058.71240234375,1083.8770434860462,1042.8946279114496,1053.3199792418293,2872200
2016-01-12,1025.279296875,1049.7249463096073,1024.9198020303734,1037.5021215923036,3096000
2016-01-13,1045.4110107421875,1052.2414128068717,1037.5021241409743,1046.1300004332068,2978900
2016-01-14,1030.671630859375,1033.9070841826167,998.67659244065,1019.8867864485688,4700900
2016-01-15,1004.4287109375,1054.398500064312,999.3957825362385,1051.1630460920724,4820000
2016-01-18,1001.9122314453125,1006.585664889442,975.3096103018058,979.2640539853,2306800
2016-01-19,1006.2260131835938,1009.8209614264791,985.3753133748592,995.0816736306494,1835000
2016-01-20,961.6488037109375,1013.4160664153767,960.2108241913697,1004.7881892979701,2685200
2016-01-21,940.078857421875,992.2056009500478,940.078857421875,962.7270287479087,3280600
2016-01-22,1001.9122314453125,1004.428695607536,971.3551666183115,990.4083952751474,3481100
2016-01-25,1005.5070190429688,1014.4943896100315,997.9576277666362,1013.7753999646665,2140700
2016-01-26,979.6234741210938,991.1273094135249,966.6816594171087,991.1273094135249,2219000
2016-01-27,1022.0435180664062,1034.9853283549714,997.2383816799897,1000.8333289823689,3822800
2016-01-28,998.317138671875,1019.527333551832,997.2386541864535,1019.527333551832,1740800
2016-01-29,976.028564453125,1045.7705686902912,933.9676649905042,1016.6514844469383,9436300
2016-02-01,905.208251953125,956.6160279774684,887.9524949659328,954.4590583540694,10542600
2016-02-02,907.005615234375,921.0259160643951,888.3118807943483,897.6587480143617,8361400
2016-02-03,881.1218872070312,896.9396607839832,871.415526148447,888.6712791414856,4402200
2016-02-04,847.6889038085938,869.2585960174638,846.2509243280024,862.7876883548028,7351100
2016-02-05,821.805419921875,841.5776413110715,806.3471377448668,834.0282476897419,5244700
2016-02-08,822.5242309570312,828.635643512219,789.4507041877799,806.3469624285931,6010100
2016-02-09,789.45068359375,802.3924980788935,784.0582608916069,786.2152299724642,5467800
2016-02-10,771.4760131835938,804.5495421737571,756.0177333294956,794.1241906442491,5511300
2016-02-12,734.8075561523438,763.567147391183,731.9315970284598,754.9392700195312,6621400
2016-02-15,828.276123046875,842.6559168497722,796.6405766805013,842.6559168497722,8626700
2016-02-16,836.1851196289062,854.5193591392563,798.4381559311267,809.9419924866405,5836900
2016-02-17,812.4583740234375,849.4863441669835,799.1570643602219,830.4331168115666,4763700
2016-02-18,828.276123046875,840.85844262441,813.8963292439779,834.0280405680339,3330500
2016-02-19,806.7063598632812,822.5241316253064,799.1569687950421,818.2101938720268,2414300
2016-02-22,802.751953125,807.065891072828,791.2481185974585,798.7975100061576,3490700
2016-02-23,803.8305053710938,824.3217123505893,799.5165670596209,807.0659591046983,3409300
2016-02-24,792.6860961914062,798.078518614477,774.3518599529656,788.0126634247449,2892100
2016-02-25,811.020263671875,818.210159626413,788.7315862128075,798.7974405491606,2845900
2016-02-26,808.8634033203125,835.1065270724825,804.9089600151909,826.8381456163194,3373100
2016-02-29,800.594970703125,838.7014219355144,799.5164862342838,819.6481963193197,3075200
2016-03-01,796.9999389648438,808.8632668790701,785.1366110506174,800.5948868176397,2976100
2016-03-02,828.276123046875,840.85844262441,818.210267384847,824.3216797510784,3658600
2016-03-03,866.3825073242188,880.0433103442687,828.2760567946059,831.8710049577769,3511100
2016-03-04,859.1927490234375,866.3826465048052,851.283861793933,866.3826465048052,3108800
2016-03-07,833.6688232421875,854.1600362326164,830.0738735947439,854.1600362326164,2999200
2016-03-08,832.2305908203125,847.6888696130871,813.5368583267244,826.8381679856236,4047700
2016-03-09,797.7191162109375,817.131839183173,788.372249594676,817.131839183173,4287400
2016-03-10,794.843017578125,811.7392734922687,783.3391837642398,805.2683669719584,3859700
2016-03-11,804.9089965820312,809.2229349290542,777.227892188634,781.1823356734051,4985600
2016-03-14,843.734375,853.8002303472517,805.6279226139752,821.0862004686834,5435800
2016-03-15,820.726806640625,843.01548908115,814.2558988353112,843.01548908115,3462200
2016-03-16,794.124267578125,812.4585082510469,785.1368946992417,809.9420438449595,3513300
2016-03-17,791.967041015625,816.4126873111594,785.8556294417414,801.3139057756823,3500200
2016-03-18,769.31884765625,798.0784307462033,757.4555196316442,784.4176287784754,3266100
2016-03-22,765.0049438476562,781.1822100474421,757.8150477588624,766.4429230654149,4003100
2016-03-23,761.0506591796875,787.2937853582974,759.9721745422104,771.8355055544588,2425100
2016-03-24,757.8151245117188,763.5670419653181,748.1087638087698,759.6125987159686,3641300
2016-03-25,791.6076049804688,796.2810377074197,760.3315551924121,773.6328637229649,3484300
2016-03-28,798.4380493164062,807.065925580969,781.1822967872808,803.1114822930443,4121000
2016-03-29,803.9802856445312,818.3898587787853,795.8518084918752,811.7392865629757,2485300
2016-03-30,764.8156127929688,794.3737041086391,764.0766605100771,794.3737041086391,5040700
2016-03-31,775.5305786132812,792.5264845762212,772.2052926640104,772.574768880596,3943900
2016-04-01,744.1250610351562,772.9442044118902,743.386108640881,771.4662996233398,4152700
2016-04-04,747.4503784179688,766.2936652688419,732.5235304019598,739.6913779499622,3718200
2016-04-05,723.8777465820312,753.3619651214852,721.291413204959,746.3419173837176,4489000
2016-04-06,721.0697631835938,735.3315358843687,716.8577253646922,722.3998685205952,5725300
2016-04-07,726.1685180664062,750.0366710915653,709.098690904457,717.9661195281997,5277200
2016-04-08,733.705810546875,749.6671633572199,707.2512801841048,715.0842022000909,3565300
2016-04-11,731.4149780273438,736.3659674611946,715.2319497073507,730.8977023965708,2526200
2016-04-12,755.2094116210938,763.3378886541975,729.0504765828193,731.5629329793373,3682700
2016-04-13,782.9201049804688,797.6991536823181,760.0125794926023,791.4180579840322,5040000
2016-04-14,830.9520874023438,833.9078974064428,793.6349861005932,802.5024161128904,7333800
2016-04-15,836.4942016601562,843.1447739348395,820.9761996858954,822.0846283983426,5682700
2016-04-18,796.9603881835938,808.4141536141415,791.0487673162144,792.5266725330592,3371200
2016-04-19,836.4942016601562,840.1889640349802,822.0846283983426,823.9320095857546,3106400
2016-04-20,823.931884765625,857.5542172829666,816.54236113544,848.6867889267447,3937300
2016-04-21,845.3616333007812,852.7511580673964,827.9962500992355,852.7511580673964,4413400
2016-04-22,844.6226806640625,875.2892084397043,833.5383935162401,833.5383935162401,5531800
2016-04-25,878.6143798828125,891.546046533737,857.5542370513069,863.835332281756,4762700
2016-04-26,857.5543212890625,873.0723227945086,844.9921295941774,870.1165129839475,3381300
2016-04-27,858.2932739257812,861.6185599633758,838.3415577002143,855.3374641145862,3517700
2016-04-28,799.177001953125,878.6143830996446,796.96014480485,877.1364783341279,5000700
2016-05-02,763.7073364257812,764.0768126407913,743.3861446002284,752.6230499754797,4018400
2016-05-06,751.14501953125,773.6830648787198,743.0165441600313,761.8598279751291,3637300
2016-05-09,748.1892700195312,758.9040793185764,745.2334605577257,757.4261745876736,2357900
2016-05-10,768.140869140625,774.0524871811493,736.883197771766,748.1891582538555,3101200
2016-05-11,760.75146484375,790.679035825947,757.056702994096,782.9200359416737,2600500
2016-05-12,750.4061889648438,757.795713228407,737.9178749185912,743.3861409144587,3836200
2016-05-13,733.33642578125,758.9041623835249,732.006275296189,753.731495259197,4319500
2016-05-16,726.9076538085938,732.8192743822497,709.3944688387206,721.5871862718861,7949500
2016-05-17,741.9082641601562,743.7556452960132,724.9123577102722,726.9075383574134,3647300
2016-05-18,749.6672973632812,758.1652509558664,729.4199811975068,735.0360471547244,5031900
2016-05-19,764.0767211914062,784.0284344140058,760.0124833127286,784.0284344140058,5574000
2016-05-20,762.9683227539062,772.9441797584367,751.8840371933168,757.4261799736115,5589100
2016-05-23,758.904052734375,764.4461952811206,743.3860536034871,760.3819574135072,2913000
2016-05-24,751.14501953125,765.9240656607384,750.0365910715383,757.7955902895197,3058100
2016-05-25,777.3778686523438,789.9400585450147,765.9241072796143,767.4020119728697,4692100
2016-05-26,784.3978881835938,803.2411723556913,784.3978881835938,786.9842213052542,4709800
2016-05-27,809.5223388671875,812.1086722182008,790.67905302409,795.4822435331148,5428100
2016-05-30,808.4138793945312,824.6708312653537,805.827546142355,819.1286885821188,4594000
2016-05-31,817.6508178710938,829.4740560870337,805.0886272666576,808.7833892091388,6013900
2016-06-01,805.0887451171875,821.7151762921637,802.132935130525,809.1529838488483,4317900
2016-06-02,766.2935180664062,796.960037834734,765.185089641045,796.2210855511598,6530700
2016-06-03,764.8156127929688,774.4219924705617,755.2092331153759,764.8156127929688,3324600
2016-06-06,752.2533569335938,752.2533569335938,735.3313331228475,744.4943586548092,3349100
2016-06-07,775.9000244140625,778.4863578287761,756.31778570266,757.0567381068639,3663900
2016-06-08,765.18505859375,775.8998662708233,749.2975851415379,775.8998662708233,3777400
2016-06-09,749.6672973632812,761.1210609011135,742.6472487433196,758.5347271990223,3426000
2016-06-10,740.4302978515625,748.9282503718149,731.93234533131,748.1892979787494,4021200
2016-06-13,709.172607421875,724.542807890624,708.5814545388605,724.1733317009806,5163200
2016-06-14,706.8818969726562,711.0939349660773,699.1228962329096,705.1084381505326,5021300
2016-06-15,714.7147216796875,725.2817312604183,698.3838476894017,706.8817997113017,5441200
2016-06-16,691.8072509765625,709.1726325039813,687.6690904449536,704.2955195669502,4226100
2016-06-17,693.8024291992188,709.3204296618092,687.004058071383,703.556564836901,5553500
2016-06-20,705.1083374023438,713.9018432563646,699.3445181253581,709.024775814778,4276400
2016-06-21,705.4778442382812,707.1035484901606,682.3486438292216,694.6152352621708,4744900
2016-06-22,691.9550170898438,701.4135984024357,688.3341324371603,700.8963227231848,3793900
2016-06-23,700.08349609375,703.1870599781269,687.816859642936,692.7678495615506,3920200
2016-06-24,631.6564331054688,715.4536441002921,624.4147094014635,709.394226065568,7486800
2016-06-27,625.8927001953125,645.8444155498266,615.1040128962948,637.6420617226903,4130700
2016-06-28,615.1779174804688,619.3899554854354,595.3000784423706,605.4237360747771,5378100
2016-06-29,635.572998046875,639.8589584318853,627.37064371406,634.9818450944153,3780900
2016-06-30,634.686279296875,651.4604638817767,632.1738229183204,646.6572729420116,4462900
2016-07-01,637.3463134765625,647.5438454717744,634.2427050166112,642.223380269296,2619800
2016-07-04,633.429931640625,639.7110263002982,625.2275339061629,631.6564280488305,2133500
2016-07-05,624.1190795898438,630.1046201377154,615.1038978274369,627.1488110085149,2583900
2016-07-06,609.7095947265625,617.9858704576727,600.0293365254181,615.4734594103134,3601700
2016-07-07,607.714599609375,621.5329763138596,605.7932959040603,610.7442870457189,3323500
2016-07-08,600.7683715820312,617.0253262865881,600.0294190954605,613.2566866459093,3521300
2016-07-11,600.7683715820312,600.7683715820312,600.7683715820312,600.7683715820312,0
2016-07-12,672.4467163085938,677.3977066468857,658.2588205265024,660.1062016152623,5877700
2016-07-13,691.5115966796875,704.7388617199091,690.255368670504,701.2657766717213,5275000
2016-07-14,695.354248046875,699.6401631908292,682.7920565306191,694.8369723169666,3388600
2016-07-15,732.2278442382812,750.4060525820107,712.497809019995,713.458437979253,5756600
2016-07-19,743.755615234375,760.382044785069,728.4592910273212,751.8840919036031,5760100
2016-07-20,741.169189453125,745.2334272816317,729.789305492478,742.2776179518087,2266800
2016-07-21,752.623046875,762.9683808526632,746.7114274591925,760.7515235717353,3102200
2016-07-22,744.8639526367188,751.1450474754212,730.5282593169693,735.7009256547243,2360800
2016-07-25,751.514404296875,765.5544964125492,748.1891193221101,754.4702131633327,2550300
2016-07-26,733.11474609375,741.5388225068575,723.8778399837992,741.5388225068575,2659400
2016-07-27,750.4061889648438,767.7715709842173,719.5918637653698,731.4890248909526,4926900
2016-07-28,726.685791015625,742.647144437329,722.3259539178995,742.647144437329,3317600
2016-07-29,788.0926513671875,837.6024569383095,724.3949521940763,727.7202376428829,8461300
2016-08-01,798.8075561523438,810.2613185208556,763.7073166359364,810.2613185208556,5400200
2016-08-02,786.2452392578125,803.6106181323977,769.2493365294952,775.1609548697794,5545200
2016-08-03,757.0567626953125,776.6390020427266,754.1009529824953,769.2494777606836,3652700
2016-08-04,801.7633056640625,810.2612577517461,757.795640514743,757.795640514743,4194200
2016-08-05,784.0284423828125,804.349631982744,782.1810615100914,800.2853940627576,3907600
2016-08-08,845.3616333007812,857.5543491656964,797.6991985561131,803.2413421310745,5691800
2016-08-09,822.823486328125,852.3815819303927,816.1729148176148,849.7952485651942,5720500
2016-08-10,825.0404052734375,833.9078346180692,800.6549745757005,815.064547260727,4393800
2016-08-12,815.8034057617188,834.6466909491497,808.7833583389503,834.277214769004,3247000
2016-08-15,808.4138793945312,822.823450370942,805.0885937845903,809.1528317522959,2860700
2016-08-16,778.8557739257812,810.2612486808531,777.747345405014,803.6106775562497,3230800
2016-08-17,839.4497680664062,840.1887203270281,790.6789188653651,790.6789188653651,5016300
2016-08-18,827.626708984375,860.5100916181292,822.4540420532227,833.5383283342634,5673800
2016-08-19,839.8192749023438,851.2730353607567,817.2812301293377,824.3012768619134,4167400
2016-08-22,832.79931640625,864.5742681413598,824.301364198023,854.2289350183007,4111400
2016-08-23,803.2412719726562,823.9319395119703,793.6348906151176,822.8235108937928,4019600
2016-08-24,823.5625610351562,833.9078960324574,812.4782735380478,812.8477497879514,2889200
2016-08-25,832.4297485351562,834.2771292465081,810.6306561412041,823.1928449783969,2681700
2016-08-26,822.823486328125,832.429867398862,809.1528671120763,823.5624387181817,2710100
2016-08-29,869.0082397460938,881.2009573955925,840.5585652305966,844.6228044470962,3667000
2016-08-30,867.16064453125,876.0280733632696,861.2490253099036,864.574311121911,2538500
2016-08-31,872.3331909179688,899.3049498917136,872.3331909179688,885.2648561793533,4389700
2016-09-01,875.658447265625,878.6142563703191,858.2930687755472,869.3773529181501,2863000
2016-09-02,900.4133911132812,906.6944857578959,864.5742040234214,872.7026794458639,4142100
2016-09-05,899.3049926757812,930.710466947532,896.3491833325577,918.8872295746377,3923300
2016-09-06,914.8231811523438,920.7348010628597,896.3493689319814,902.9999413313119,2350600
2016-09-07,869.3773803710938,890.43752090707,845.7309067868396,888.5901401583002,5512900
2016-09-08,865.3133544921875,872.3334030555314,854.5985435270835,869.0081168939474,2504600
2016-09-09,877.8754272460938,883.4175700948697,858.6626653703375,865.682712978787,3122200
2016-09-12,895.9797973632812,919.2567982844716,863.8353675197326,863.8353675197326,5906000
2016-09-13,860.140625,898.935627416237,855.7069104381443,895.6103414948453,3995600
2016-09-14,920.734619140625,929.2325710829342,881.570144971722,904.4776675988162,10874500
2016-09-15,899.6746826171875,907.8031602424762,869.3776296502022,904.1083976855268,6083200
2016-09-16,927.0158081054688,939.9474754166251,883.048139247537,891.9155682609014,7154900
2016-09-20,902.9998168945312,928.1241980519897,898.935578766119,920.3651979886569,6312500
2016-09-21,973.2005004882812,1052.2684226995539,877.5061460363204,900.7831511732838,12035300
2016-09-23,927.7549438476562,958.421475245249,922.2127996191756,931.0802303847446,7873700
2016-09-26,874.1806030273438,915.5619333481646,871.2247937187136,911.1282193852196,5794200
2016-09-27,862.7268676757812,875.6585337865531,821.7150122959047,853.1204871363507,8330000
2016-09-28,850.3753051757812,857.861003284723,838.3981882014745,852.2467297030166,3479500
2016-09-29,861.9783325195312,882.9382919728937,858.9840525976223,863.1011874902471,3950600
2016-09-30,845.5098876953125,866.84413452959,825.6727809897562,836.5270469229852,5499600
2016-10-03,844.7612915039062,861.2298324104955,842.5155813802804,857.4869822044525,2754200
2016-10-04,835.4041137695312,859.3583535908798,832.7841187890713,841.7669587220769,4796700
2016-10-05,870.9610595703125,879.1953282899286,844.0125437606595,844.0125437606595,6104700
2016-10-06,888.5526123046875,915.1268479717611,880.692627107384,881.0669121167795,5095700
2016-10-07,901.652587890625,909.1382880806676,891.9211776435698,894.5411727100847,4117000
2016-10-11,896.4125366210938,905.3953762365035,893.7925417332659,894.5411117012168,2544000
2016-10-12,883.686767578125,901.6524451908949,876.2010685728042,880.3182030257306,3934200
2016-10-13,885.9324340820312,905.7695354788827,878.0724505096938,888.9267135381598,3245300
2016-10-14,904.2726440429688,904.6469290777547,884.4355371993109,888.9269576167429,3324000
2016-10-17,910.2611083984375,925.6067932028519,905.0211184652228,907.2668284366005,2760100
2016-10-18,916.2496337890625,916.9982037513084,896.7868147706673,909.5125041288487,2592900
2016-10-19,907.266845703125,911.0096957266527,899.032575651364,906.8925607007723,2520600
2016-10-20,925.981201171875,925.981201171875,899.0326779364768,911.3840844193677,3457200
2016-10-21,914.7525024414062,938.7067414578752,912.5067925336123,935.7124615808166,3835400
2016-10-24,913.2553100585938,924.8581439158955,906.8924656852347,919.243869468814,1581800
2016-10-25,919.243896484375,932.3438705792257,915.5010467429892,921.4896063292066,2265600
2016-10-26,909.1381225585938,916.6238213857538,897.1610044351376,914.3781117376058,3021000
2016-10-27,908.3897705078125,916.6240411922673,899.7812147922461,908.3897705078125,2302400
2016-10-28,929.7240600585938,940.578326460244,918.1212235602779,920.3669338502746,3913900
2016-10-31,951.4326171875,955.1754677665224,919.6183872658094,921.4898125553206,4270300
2016-11-01,963.7838134765625,976.8837876403215,949.1866994083738,968.6495181659587,2611400
2016-11-02,930.472412109375,945.4438105343046,925.6067076212728,944.6952406130581,2755300
2016-11-04,903.8981323242188,921.8638094884268,896.0381485648777,915.1266805518488,2645100
2016-11-07,924.1094970703125,940.5780340776408,921.8637874784041,925.2323518662668,2325000
2016-11-08,939.829833984375,945.8183952522962,924.109860656082,933.4669876372088,2609900
2016-11-09,873.5812377929688,974.6381933217183,849.2527114619735,946.1925317654777,7697000
2016-11-10,987.7383422851562,998.5926097827953,960.4155309979958,963.4098116869997,6248300
2016-11-11,1043.50634765625,1079.8119845725541,1034.5235096563397,1077.5662750725767,7342100
2016-11-14,1074.9464111328125,1084.6778201472462,1038.26648484764,1048.7464637862606,5593500
2016-11-15,1045.752197265625,1071.5778599754776,1042.0093475975305,1056.9807462699086,7900800
2016-11-16,1070.4549560546875,1074.9463754507212,1052.489278470553,1065.963536658654,4967500
2016-11-17,1036.7694091796875,1046.5008187965366,1004.9551854322963,1036.7694091796875,8401000
2016-11-18,1043.132080078125,1064.4663206825214,1026.6635434712223,1055.4834825333019,5562300
2016-11-21,1077.19189453125,1085.0518770834237,1053.9862317581653,1061.4719294269023,4202600
2016-11-22,1077.19189453125,1083.9290224331132,1062.594784077213,1068.9576270956393,2327800
2016-11-24,1080.9349365234375,1106.0120281948607,1077.9406569208795,1103.3920335426226,3041200
2016-11-25,1071.20361328125,1097.0292769138168,1059.600778895604,1085.4264425281708,3757600
2016-11-28,1082.4322509765625,1083.1808209979847,1045.0037499054504,1059.226580312473,3781500
2016-11-29,1074.19775390625,1077.5663182913217,1050.6178032107468,1064.8406306143836,4209100
2016-11-30,1069.7064208984375,1079.812114867737,1061.4721517382677,1079.812114867737,3914200
2016-12-01,1111.62646484375,1122.480729988689,1091.4150745738636,1095.9064946338385,4179900
2016-12-02,1116.1180419921875,1122.480887972693,1102.643779915823,1102.643779915823,3861200
2016-12-05,1085.42626953125,1104.1405155576508,1080.1862806438578,1100.7719512728988,4350900
2016-12-06,1109.00634765625,1114.2463371490571,1097.7777987430918,1103.392073199671,3418100
2016-12-07,1117.9892578125,1118.3635428000503,1103.7664282855917,1106.012138210893,2882600
2016-12-08,1151.3006591796875,1157.6635041751538,1133.7092641922216,1147.1835241826209,3291100
2016-12-09,1174.880615234375,1180.494890235495,1144.563530228327,1148.6806652291484,4029900
2016-12-12,1165.8978271484375,1199.209193638393,1150.9264264787946,1181.2435128348216,4872900
2016-12-13,1161.0322265625,1161.0322265625,1135.5808431304401,1158.7865162596713,4557900
2016-12-14,1154.6690673828125,1161.406196463166,1140.820524273197,1161.406196463166,2939500
2016-12-15,1181.2435302734375,1211.5606170770334,1170.014979605439,1193.9692210305025,4845300
2016-12-16,1211.9346923828125,1221.666101277795,1196.9632940828396,1210.4375525528153,4926500
2016-12-19,1190.226318359375,1203.3262935614437,1187.2320383131878,1199.957728509483,3070100
2016-12-20,1167.020751953125,1188.7292842216564,1158.412196053535,1185.7350039087555,2635500
2016-12-21,1172.260498046875,1194.7175957106083,1171.1376431636884,1178.997627345995,3341200
2016-12-22,1158.037841796875,1180.8692278180804,1151.3007114955358,1180.1206577845983,2037100
2016-12-26,1153.1719970703125,1175.6290953579526,1151.3005722130092,1173.7576705006493,1105600
2016-12-27,1158.037841796875,1168.517822265625,1140.4464460100446,1152.049281529018,1642400
2016-12-28,1161.78076171875,1162.9036168363905,1149.429355424704,1156.9150562089742,1723400
2016-12-29,1152.7977294921875,1165.1491337367465,1142.3177501331677,1160.6577140114523,1927300
2016-12-30,1156.9149169921875,1160.6577669339288,1132.58639237087,1143.8149421960936,1620100
2017-01-04,1215.677490234375,1216.8003450590988,1182.7404153758082,1182.7404153758082,3971000
2017-01-05,1229.1519775390625,1238.134817813404,1205.1977368074852,1205.1977368074852,3222300
2017-01-06,1200.706298828125,1203.326293869209,1187.606323622706,1193.5948837166118,3003300
2017-01-10,1173.38330078125,1198.0861071134868,1173.009015836822,1192.4718329470693,2785400
2017-01-11,1189.477783203125,1193.969203404018,1181.6177978515625,1187.6063581194196,1706400
2017-01-12,1172.634765625,1183.8633142904166,1161.0319320040696,1175.2547603135972,2640600
2017-01-13,1180.8690185546875,1183.1147282571687,1164.4004807364922,1171.8861797447628,1936100
2017-01-16,1162.9036865234375,1185.3607902219912,1159.160835907012,1178.2493740507825,1589600
2017-01-17,1156.16650390625,1173.0093309298113,1150.5522282317295,1168.517910390195,2694900
2017-01-18,1167.3948974609375,1171.8863173934578,1135.206387944541,1144.5635128039585,2632500
2017-01-19,1195.092041015625,1215.6777166360005,1192.0977609253885,1198.460606117141,2815200
2017-01-20,1225.034912109375,1233.269182829328,1196.9635346549896,1199.2092448513404,2181300
2017-01-23,1203.7008056640625,1216.8007833376453,1197.7122444418533,1197.7122444418533,2073100
2017-01-24,1179.3719482421875,1193.969062168384,1177.5005233798545,1189.1033575263184,2185900
2017-01-25,1214.1805419921875,1216.8005369964862,1197.7120019651666,1209.314836984204,2761800
2017-01-26,1276.311767578125,1279.30604738476,1235.1404202368951,1235.5147052127245,4836200
2017-01-27,1288.2889404296875,1309.997469931408,1277.4346756788273,1287.5403704468695,4396700
2017-01-30,1277.0601806640625,1286.4173039104287,1273.6916162953705,1278.1830354536264,3848400
2017-01-31,1260.2176513671875,1271.8204868861608,1256.1005161830358,1259.0947963169644,4477500
2017-02-01,1270.6973876953125,1278.1830865918976,1229.5260437640948,1244.8717265020941,3101000
2017-02-02,1268.451904296875,1286.7918698650506,1255.3519288910354,1278.5575996099512,3670600
2017-02-03,1292.7802734375,1332.080194894054,1271.071745394832,1272.1946002935908,5776300
2017-02-06,1305.1319580078125,1321.9747851114407,1296.897686979372,1316.3605094102313,2892100
2017-02-07,1274.4404296875,1287.1661197343062,1261.7147396406938,1283.7975547219164,4494700
2017-02-08,1288.6632080078125,1295.7746227484888,1271.8203836220002,1281.5517932671362,2347500
2017-02-09,1287.9146728515625,1294.2775177915441,1266.2061430563315,1275.5632679680689,2723300
2017-02-10,1331.3316650390625,1336.5716547243442,1310.3717062979358,1325.3431053987406,2813600
2017-02-13,1323.4718017578125,1354.1631727261781,1320.1032366515285,1347.42604251361,2544900
2017-02-14,1295.774658203125,1336.9460078282964,1292.7803782303852,1336.9460078282964,3193700
2017-02-15,1365.0174560546875,1394.2116873604912,1352.6660505022323,1378.4917166573662,5215800
2017-02-16,1368.01171875,1372.8774239056086,1351.1688932113543,1351.1688932113543,2970700
2017-02-17,1353.788818359375,1364.6430831457785,1342.5602685803367,1362.397373189971,3215600
2017-02-20,1353.4146728515625,1363.894653725413,1334.700421291115,1342.186121915294,2531700
2017-02-21,1376.994384765625,1378.865809588628,1350.420152278982,1353.4144319957868,1984700
2017-02-22,1371.7545166015625,1377.743076564898,1363.1459616542677,1377.743076564898,2352100
2017-02-23,1372.877197265625,1385.602885571795,1356.034374507459,1383.3571758707062,3211600
2017-02-24,1341.4376220703125,1369.5090008803777,1326.4662200382777,1332.8290659018926,5123800
2017-02-27,1297.2718505859375,1324.9689414524578,1278.1833149887411,1317.8575262299728,4912900
2017-02-28,1290.16015625,1319.354380847476,1286.7915918733681,1307.751547994633,3323800
2017-03-01,1324.2200927734375,1327.2143722370292,1295.7744378693162,1304.3829913271425,3126400
2017-03-02,1354.1629638671875,1393.4628840457542,1351.9172541426979,1382.2343354233067,3952500
2017-03-03,1354.5374755859375,1363.5203159877233,1342.5603550502233,1359.4031808035716,2331700
2017-03-06,1345.554443359375,1352.2915727002564,1332.8287546043769,1347.0515832129042,1752200
2017-03-07,1347.800537109375,1351.1691027394734,1337.320555149069,1349.2976773894188,2236400
2017-03-08,1360.5260009765625,1366.1402760837561,1347.8003107335905,1366.1402760837561,3266800
2017-03-09,1371.380126953125,1383.7315309349626,1365.017282477633,1375.122976644591,2191200
2017-03-10,1440.24853515625,1440.9971050809675,1409.1828832804786,1419.662862226522,5509000
2017-03-13,1409.183349609375,1436.5061609032618,1402.8205031436753,1433.5118802135207,3813000
2017-03-14,1412.1773681640625,1415.5459333147323,1401.6973876953125,1408.808803013393,2196600
2017-03-15,1409.9317626953125,1413.674613140482,1390.8432254249487,1399.8260664933553,2383800
2017-03-16,1366.1402587890625,1379.9888038781571,1350.420288687928,1359.0288437433112,5025700
2017-03-17,1366.1402587890625,1367.6373987986942,1336.1974585964253,1342.9345886397687,5187500
2017-03-21,1326.46630859375,1340.3148563979173,1309.249195107488,1339.940571322129,4329100
2017-03-22,1231.023681640625,1268.4521912678863,1229.5265412555345,1240.3808090474404,8342700
2017-03-23,1246.369140625,1247.4919957066443,1217.1749085022523,1217.1749085022523,4740600
2017-03-24,1264.708984375,1280.4289539943402,1243.7490248825466,1243.7490248825466,4381900
2017-03-27,1234.3917236328125,1244.1231320059032,1225.0346001971484,1234.766008570239,4389200
2017-03-28,1252.3577880859375,1261.3406293633022,1241.503521542455,1251.983503032714,3423700
2017-03-29,1248.9532470703125,1278.4560796782725,1237.6060037595585,1270.8912508044366,2463800
2017-03-30,1239.497314453125,1253.8704905133077,1234.5801752746415,1242.1450047800008,1943800
2017-03-31,1222.4766845703125,1261.0573225115786,1222.4766845703125,1252.3577668973714,2581600
2017-04-03,1214.53369140625,1225.8809386009518,1204.699410504175,1224.7462138814815,3262200
2017-04-04,1195.6212158203125,1205.0772520099702,1177.4656263361699,1199.7818717437617,4615300
2017-04-05,1189.19140625,1205.834034072837,1173.6835030514471,1200.1604109514153,3714400
2017-04-06,1176.3309326171875,1185.786969053017,1169.144344925957,1178.2221399043535,3477000
2017-04-07,1165.7403564453125,1194.486711763237,1155.1495939597612,1191.082538107167,5240700
2017-04-10,1186.1651611328125,1190.325816991378,1170.2790205819267,1180.869780949184,2978200
2017-04-11,1187.6783447265625,1189.5695522818596,1163.0926465077007,1165.362095574057,3408700
2017-04-12,1175.1964111328125,1175.1964111328125,1156.2843349961402,1168.0098222008771,3735900
2017-04-13,1158.5537109375,1159.688435434011,1133.9680135131,1145.3152584782076,4946900
2017-04-14,1166.875,1179.7352106969206,1142.6675445705023,1157.0407212317666,3519700
2017-04-17,1158.5537109375,1166.4967824130754,1136.6157040049584,1145.6934999770447,2612500
2017-04-18,1155.5274658203125,1185.4085361312143,1154.3927416312908,1174.8177770336795,3611700
2017-04-19,1158.5537109375,1168.3879899072601,1142.2893264875122,1146.0717414758815,5029700
2017-04-20,1160.44482421875,1177.8439317526686,1149.8540631111473,1162.3360315593934,2944700
2017-04-21,1194.486572265625,1203.186126148497,1179.3569133388912,1184.652293963248,3801800
2017-04-24,1192.595458984375,1224.367745237051,1187.6783194452703,1220.9635717099786,2833200
2017-04-25,1229.2850341796875,1234.5804158653846,1195.9997778695913,1197.5127440655049,3534700
2017-04-26,1262.570068359375,1268.6219320782934,1241.7667868255926,1248.1968920269435,4771800
2017-04-27,1267.4873046875,1271.2697198014585,1250.8446781860825,1253.4923687658536,3248500
2017-04-28,1250.844482421875,1279.590832788994,1241.7666875691004,1274.295452458209,2623100
2017-05-01,1257.27490234375,1260.3008347200284,1244.7929312916008,1252.3577622322973,1691700
2017-05-02,1261.05712890625,1273.1608565982115,1246.3057107816717,1251.601091646905,1772900
2017-05-08,1302.66357421875,1314.0108178966138,1290.9380890849575,1308.7154375136106,4101500
2017-05-09,1299.637939453125,1307.9592533844313,1293.9643163181433,1302.6638717917817,2766600
2017-05-10,1310.6068115234375,1321.5758151408054,1295.4771513615508,1301.1507739222584,3784300
2017-05-11,1303.7982177734375,1311.741287855608,1297.368113421204,1309.4718392607022,2180000
2017-05-12,1297.74658203125,1303.7984460104105,1287.5340615664165,1302.2854800156204,1959400
2017-05-15,1271.2696533203125,1274.295585253238,1233.0672626671285,1271.6478948119282,3715600
2017-05-16,1231.17626953125,1284.8865706905242,1222.4767137096774,1282.995362903226,6616400
2017-05-17,1186.921630859375,1210.3725999840663,1183.8956993594147,1208.8596342340861,5156200
2017-05-18,1140.0198974609375,1167.253285854165,1135.1027578899382,1157.7972482176276,7179900
2017-05-19,1174.439697265625,1181.24804333673,1146.4498300844152,1156.284107742678,4984400
2017-05-22,1180.1134033203125,1187.2999913533529,1177.4657129923503,1180.4916447957357,3124700
2017-05-23,1172.17041015625,1175.9528251615945,1164.2273386450267,1172.926893157319,3190900
2017-05-24,1190.7039794921875,1197.1340835745787,1186.921565326075,1191.46046232541,3729800
2017-05-25,1185.030517578125,1193.7300713298955,1173.6832735540765,1185.7870005130615,2637300
2017-05-26,1183.139404296875,1198.2690641983695,1180.113472316576,1188.434785262398,2879400
2017-05-29,1180.4918212890625,1187.6784103965576,1173.6834737135407,1183.1395120128764,1581500
2017-05-30,1183.5174560546875,1185.0304218022807,1173.3049372584342,1180.8697659963996,2066400
2017-05-31,1185.4090576171875,1189.1914732445557,1160.4451144765576,1164.6057716666626,4753300
2017-06-01,1206.9686279296875,1213.0204919368562,1186.9218284059416,1187.6783114068376,4553700
2017-06-02,1256.518310546875,1261.0572087186279,1217.937676086977,1219.8288836585407,4973800
2017-06-05,1216.802978515625,1236.8497792185558,1207.7251819709018,1233.0673639915876,5377600
2017-06-06,1207.3470458984375,1228.5285730194628,1205.077596564042,1207.72528745417,2506400
2017-06-07,1208.103515625,1212.6424142435035,1185.4090225324828,1190.326162702528,3336300
2017-06-08,1236.849609375,1255.0051999713303,1219.8287431909405,1219.8287431909405,4760300
2017-06-09,1258.0313720703125,1264.46147830158,1230.4197394301643,1236.8498456614318,5012000
2017-06-12,1294.720458984375,1325.3580158578002,1290.938044555557,1292.829251769966,6918300
2017-06-13,1295.8553466796875,1305.3113839438415,1280.3474455664746,1284.5081019627025,2568100
2017-06-14,1286.7774658203125,1293.2075707347585,1276.56494625031,1289.8033975447577,3117700
2017-06-15,1258.40966796875,1284.1300940047809,1238.3628653230198,1278.45647061448,4375200
2017-06-16,1269.7567138671875,1292.4512038380042,1265.2178158730242,1288.668788842868,3234200
2017-06-19,1263.326416015625,1272.7824520636461,1261.4352088060207,1270.513003412121,1745100
2017-06-20,1255.3834228515625,1292.451086436815,1253.4922155257843,1286.3992229943249,3845600
2017-06-21,1253.4923095703125,1259.5441734668498,1247.0622041802415,1254.6270340509132,2616100
2017-06-22,1242.5234375,1255.761891171994,1237.2280560312024,1253.8706835045662,1781600
2017-06-23,1243.27978515625,1251.2228564943337,1235.3367138181661,1241.3885776948014,1958100
2017-06-26,1231.5543212890625,1245.9274982574236,1228.9066307948906,1245.5492567582562,1945600
2017-06-27,1241.0103759765625,1255.3835531442276,1236.8497194280278,1237.9844439412645,2483700
2017-06-28,1256.518310546875,1284.129941091704,1254.6271029753113,1280.7257674628895,4474400
2017-06-29,1275.430419921875,1279.969318213412,1264.0831741930328,1278.0781105919382,4403900
2017-06-30,1293.20751953125,1294.720485333568,1267.1088594412658,1269.7565495953222,5001000
2017-07-03,1290.559814453125,1300.7723335006733,1276.9431223897275,1296.9899190386184,2224800
2017-07-04,1300.7725830078125,1319.306417426941,1293.5859941514157,1315.9022437581214,3032000
2017-07-05,1315.145751953125,1317.0369595343059,1295.0989515926085,1300.3943328199148,2485800
2017-07-06,1297.74658203125,1317.0368984648244,1296.2336160364598,1312.1197589817564,3414900
2017-07-07,1316.2802734375,1328.0057586319147,1289.8033713855964,1289.8033713855964,3843700
2017-07-10,1327.627685546875,1329.897134581998,1310.9850592893074,1323.8452704883368,3223200
2017-07-11,1309.8502197265625,1326.8710859950277,1304.5548391097066,1326.4928445223952,2364700
2017-07-12,1304.176513671875,1307.2024452581206,1295.4769603614188,1298.8811333959452,1766900
2017-07-13,1282.9951171875,1304.933123318654,1268.6219407567437,1302.2854329235147,3825900
2017-07-14,1287.15576171875,1296.61179875753,1280.3474150508282,1289.4252106080571,2327200
2017-07-17,1287.15576171875,1287.15576171875,1287.15576171875,1287.15576171875,0
2017-07-18,1266.7308349609375,1275.8086313297229,1252.3576573770272,1275.8086313297229,3485100
2017-07-19,1256.518310546875,1260.3007256900023,1244.0363405745552,1256.8965520611878,2388200
2017-07-20,1261.8134765625,1270.5130299081047,1248.5750258191886,1254.248647566322,1849600
2017-07-21,1255.3834228515625,1255.3834228515625,1237.9843154544033,1254.2486984560956,2449600
2017-07-24,1234.2020263671875,1243.279822454473,1221.72005674717,1242.1450979435624,3160100
2017-07-25,1231.9324951171875,1245.1709468608478,1229.6630462468459,1237.9843587714322,1682900
2017-07-26,1247.06201171875,1265.595842041534,1244.0360802374792,1254.2485989867682,2671500
2017-07-27,1240.2537841796875,1248.1968550756233,1227.7718156289313,1239.1190597659825,2185000
2017-07-28,1237.9844970703125,1241.0104292354706,1230.0414251367724,1233.8238403432201,2561200
2017-07-31,1234.580078125,1251.6009431726793,1229.2846978879443,1236.849526798024,2272800
2017-08-01,1261.8134765625,1264.8394081609713,1240.6319553732014,1241.0101968230103,2534400
2017-08-02,1265.97412109375,1278.0778473784826,1261.0569822905775,1269.756535557729,1780800
2017-08-03,1276.943115234375,1277.699598122547,1263.3264232472786,1268.243562020397,2300700
2017-08-04,1262.948486328125,1266.3526601457208,1253.8706894812021,1265.596177075144,2699800
2017-08-07,1284.88623046875,1292.4510596148716,1275.808435493404,1276.18667695071,2662000
2017-08-08,1274.2957763671875,1281.4823657857023,1266.352703851987,1281.1041242373594,1980600
2017-08-09,1258.7877197265625,1273.91737981943,1243.6580596336953,1270.8914478008564,2278700
2017-08-10,1230.7979736328125,1265.2179538419662,1214.1553458393757,1265.2179538419662,3550500
2017-08-11,1230.7979736328125,1230.7979736328125,1230.7979736328125,1230.7979736328125,0
2017-08-14,1197.1341552734375,1217.5591929937425,1191.4605336844638,1213.3985371618287,4101700
2017-08-15,1200.5384521484375,1230.7977704130485,1200.5384521484375,1210.372730584436,2764800
2017-08-16,1204.3209228515625,1216.4246507194175,1195.2431269506715,1197.8908174217647,1527400
2017-08-17,1198.2689208984375,1202.0513354214756,1178.9786068309438,1198.6471623507414,2384700
2017-08-18,1167.631591796875,1177.087629955256,1159.688519743835,1177.087629955256,3800200
2017-08-21,1154.39306640625,1167.6315190026519,1148.3412023621806,1167.2532774998976,2239400
2017-08-22,1157.0408935546875,1160.0668259340393,1136.994091541481,1145.3154055846987,2026800
2017-08-23,1149.4759521484375,1174.061650368131,1146.45002005986,1171.4139597906255,1684300
2017-08-24,1143.8023681640625,1149.854232545883,1138.5069868299697,1141.53291902088,1839700
2017-08-25,1151.745361328125,1158.175466793668,1143.0458068747434,1148.7194293443401,1828300
2017-08-28,1142.6676025390625,1153.636606337021,1130.5638742102806,1153.636606337021,2344200
2017-08-29,1129.0509033203125,1130.5638693549126,1112.0300354310616,1124.8902467251623,3699900
2017-08-30,1130.9422607421875,1136.994125682614,1125.6468789193143,1133.9681932124006,2216500
2017-08-31,1141.154541015625,1152.5017853744148,1135.1026773576039,1139.2633336224935,2243600
2017-09-01,1143.0457763671875,1146.828191245967,1131.3202902429707,1142.2892933914316,2199600
2017-09-04,1135.1029052734375,1143.4242194740425,1130.564006618562,1137.3723546008753,2055800
2017-09-05,1127.15966796875,1145.315259936032,1119.5948379823826,1136.6157054517093,2264300
2017-09-06,1120.351318359375,1124.8902163405744,1105.2216584220437,1114.2994543844425,2572100
2017-09-07,1122.620849609375,1143.4241335475542,1121.1078835047801,1135.85930302458,2400400
2017-09-08,1113.1646728515625,1123.3771927859805,1107.1128091867222,1117.3253291211402,3698600
2017-09-11,1110.1387939453125,1144.5587701800735,1107.4911034657155,1124.1337293374681,3405700
2017-09-12,1150.610595703125,1163.8490476589466,1138.1286267162075,1138.8851096851115,4704400
2017-09-13,1144.93701171875,1168.7662260359887,1142.2893212390568,1161.579637591107,4117100
2017-09-14,1146.8282470703125,1157.7972507527131,1133.9680358564633,1143.4240735137053,3182100
2017-09-15,1150.98876953125,1158.931840237841,1134.346145193631,1141.5327329757845,3858400
2017-09-18,1150.98876953125,1150.98876953125,1150.98876953125,1150.98876953125,0
2017-09-19,1185.7869873046875,1205.8337848572069,1173.3050190172698,1175.1962263335452,5716000
2017-09-20,1183.139404296875,1191.460717242697,1169.9009518830674,1181.2481968091881,3323300
2017-09-21,1187.300048828125,1216.8028853393048,1185.0305998657266,1208.103330983444,4670300
2017-09-22,1186.921630859375,1192.5952524218003,1173.3049391095542,1189.947562359335,3035000
2017-09-25,1171.7918701171875,1195.242837175698,1165.3617662463055,1194.1081129631893,4451900
2017-09-26,1161.579833984375,1169.9011483274737,1154.393244324426,1164.2275249117245,3831800
2017-09-27,1195.6312255859375,1197.5442355468751,1167.3186781640625,1171.527300078125,3564800
2017-09-28,1222.0308837890625,1242.6913934085396,1218.2048634891594,1224.3264959690046,7255900
2017-09-29,1249.9608154296875,1264.4996923768342,1222.4134696350939,1225.0916838095684,7224700
2017-10-02,1266.795166015625,1282.8644493054637,1251.8736886750603,1261.4387382523453,6671100
2017-10-03,1256.847412109375,1266.795062859708,1246.899761359042,1266.795062859708,3497400
2017-10-04,1262.2041015625,1269.4735401589498,1252.6390507776978,1266.412723907813,3608900
2017-10-05,1247.2825927734375,1256.4650413091929,1235.039328059097,1256.0824392868697,2941900
2017-10-06,1260.6734619140625,1277.5079482036583,1254.5518305360274,1273.6819285923866,3131100
2017-10-09,1260.6734619140625,1260.6734619140625,1260.6734619140625,1260.6734619140625,0
2017-10-10,1270.6212158203125,1270.6212158203125,1240.7782604351921,1254.1693301592845,4853300
2017-10-11,1267.943115234375,1271.0039314449589,1257.2302584973315,1265.264901050114,2330700
2017-10-12,1256.46484375,1267.1776986906211,1241.1607652633982,1264.4994849554657,3123900
2017-10-13,1249.9608154296875,1256.0824478284862,1239.6305607567149,1251.1086215044622,2989700
2017-10-16,1271.386474609375,1284.7775449107075,1258.7606083252615,1263.3518324285753,3506400
2017-10-17,1289.7515869140625,1296.6384242218207,1274.8301060805861,1286.3081682601833,3532800
2017-10-18,1281.334228515625,1297.403514152429,1278.6560142428243,1291.2818815288845,2465500
2017-10-19,1301.9945068359375,1303.9075166902364,1285.1600201181056,1286.3078260306852,3044100
2017-10-20,1307.3509521484375,1319.5942153819026,1281.71661975337,1290.516465202423,3607000
2017-10-23,1327.2464599609375,1336.811510839872,1320.7422253632622,1330.689878277354,3109600
2017-10-24,1326.48095703125,1328.3939667760312,1316.533306358388,1325.7157531333376,2107400
2017-10-25,1340.254638671875,1367.0367753281785,1335.2808132928471,1339.1068328151762,4251500
2017-10-26,1351.73291015625,1355.5589302812323,1333.7506155688332,1344.4634719187836,3254200
2017-10-27,1364.7410888671875,1379.662564187014,1354.028234791415,1367.4193023861308,5560000
2017-10-30,1349.8197021484375,1362.4455667093498,1336.4286336747427,1352.8805177995678,8685600
2017-10-31,1337.959228515625,1344.463462683416,1318.0639240023816,1319.2117300319917,4136900
2017-11-01,1345.9937744140625,1359.7674457838482,1331.8375010617826,1341.402550624134,4363700
2017-11-02,1364.3590087890625,1365.8894170995382,1341.7854862095462,1349.8201298395436,2784400
2017-11-03,1364.3590087890625,1364.3590087890625,1364.3590087890625,1364.3590087890625,0
2017-11-06,1346.3763427734375,1366.654247339221,1343.6981289628623,1363.9760335286458,2360400
2017-11-07,1360.1500244140625,1369.7150738121925,1327.628856460421,1334.1330900511493,2895700
2017-11-08,1332.22021484375,1348.289499457029,1319.211746347286,1347.524295427825,4068200
2017-11-09,1341.402587890625,1372.7759513267433,1325.7159061725658,1337.576567959391,4392600
2017-11-10,1326.48095703125,1336.0460057551559,1316.9159083073444,1320.7419277969066,2609600
2017-11-13,1318.0638427734375,1334.8983301702535,1315.0030268831072,1331.8375142799232,2573400
2017-11-14,1308.8814697265625,1315.3857038643444,1262.9692287539851,1287.455757272693,6618500
2017-11-15,1292.81201171875,1314.6203232511468,1275.5949236668578,1310.7943036840597,4171300
2017-11-16,1303.9075927734375,1313.0900406098701,1282.09927916191,1291.2817269983427,2729000
2017-11-17,1316.15087890625,1327.6289388967116,1309.264042911973,1319.9768989030706,4669700
2017-11-20,1313.4725341796875,1323.4201851813398,1304.6726890628413,1315.3855439876975,3156000
2017-11-21,1319.9769287109375,1333.3679990022079,1315.3857046110734,1317.2987146526834,2780500
2017-11-22,1323.802978515625,1332.9854269215136,1313.472724059,1323.4203764987128,2436000
2017-11-23,1323.802978515625,1323.802978515625,1323.802978515625,1323.802978515625,0
2017-11-24,1323.802978515625,1324.568182549449,1298.5512453994309,1308.1162958222317,2513800
2017-11-27,1326.0986328125,1334.1332754233085,1319.594398318036,1329.5420510742752,2592000
2017-11-28,1341.402587890625,1343.6981998493654,1319.211672289468,1326.098508165689,4852800
2017-11-29,1381.958251953125,1386.5494753815406,1360.5325426205184,1362.0629504299902,5305700
2017-11-30,1412.1842041015625,1433.9925215314702,1393.8193052132194,1396.114917574262,8392000
2017-12-01,1409.5057373046875,1424.0446129880693,1400.705891496325,1419.070787096386,3243900
2017-12-04,1417.540283203125,1423.2793126897773,1404.1492144009362,1415.627273374241,3099900
2017-12-05,1420.218505859375,1428.635749159188,1405.2970291006154,1406.8274369733085,3137600
2017-12-06,1417.1575927734375,1433.9920782167503,1399.940505388231,1429.7834568559222,4523500
2017-12-07,1434.375,1436.6706121632435,1422.1317351293678,1426.3403574286476,3876800
2017-12-08,1451.974609375,1461.1570574975296,1432.4619071146244,1450.4442013545784,5600600
2017-12-11,1470.7222900390625,1475.3135146697775,1454.6530038315598,1457.3312181994768,3735500
2017-12-12,1498.269287109375,1500.9475008503773,1468.4263339953475,1476.8435771813552,4249900
2017-12-13,1486.4088134765625,1515.1039643158783,1479.5219772751268,1510.5127401815878,5098900
2017-12-14,1456.9482421875,1471.1045144986706,1449.6788050547366,1470.7219125443146,3456300
2017-12-15,1444.705322265625,1473.4004756474899,1442.409709995076,1459.2441999791033,4738500
2017-12-18,1487.939208984375,1491.0000250481125,1455.4180383071644,1461.1570684266721,3525400
2017-12-19,1484.113525390625,1486.0265358641884,1470.72245207568,1473.7832688333815,2626300
2017-12-20,1525.8167724609375,1543.7990664192284,1512.80830449111,1530.4079964502885,3838100
2017-12-21,1507.83447265625,1536.5296224784317,1506.3040646657337,1528.1123785305917,2245300
2017-12-22,1504.0084228515625,1521.2255124034118,1500.9476069312336,1507.4518407619323,1624000
2017-12-25,1503.2432861328125,1512.0431322974994,1495.9738479967668,1505.5388981757742,782600
2017-12-26,1497.5042724609375,1511.2779448698782,1494.4434563700618,1502.4780986086105,1046700
2017-12-27,1500.1824951171875,1510.8953514964992,1496.7390769952658,1500.5650971307343,1188000
2017-12-28,1478.374267578125,1499.7999816009965,1474.9308492530206,1496.356563275892,1761000
2017-12-29,1474.548095703125,1484.4957476201673,1469.574269744604,1480.6697276520742,2128900
2018-01-01,1474.548095703125,1474.548095703125,1474.548095703125,1474.548095703125,0
2018-01-02,1474.548095703125,1474.548095703125,1474.548095703125,1474.548095703125,0
2018-01-03,1474.548095703125,1474.548095703125,1474.548095703125,1474.548095703125,0
2018-01-04,1502.860595703125,1510.895237380764,1496.7389639487335,1503.625799672424,3215800
2018-01-05,1512.0428466796875,1525.0513124658994,1504.7734099168044,1515.8688660285734,2820200
2018-01-08,1512.0428466796875,1512.0428466796875,1512.0428466796875,1512.0428466796875,0
2018-01-09,1524.286376953125,1535.764437020543,1517.0169389104267,1525.4341829598668,2749300
2018-01-10,1552.21630859375,1561.3987565617683,1542.6512586270644,1543.4164626243992,3217000
2018-01-11,1564.45947265625,1571.346308192521,1541.8859561762501,1554.1292193518432,3451600
2018-01-12,1554.89453125,1575.555039293184,1549.5381032388043,1570.9638152835878,2688200
2018-01-15,1564.0770263671875,1580.9115149093002,1557.1901901454141,1567.903046490395,1425300
2018-01-16,1551.451171875,1568.2856605463933,1544.946937615598,1566.7552524853575,1743500
2018-01-17,1554.12939453125,1554.5119965486138,1538.0601098019756,1545.3295481318855,1952700
2018-01-18,1533.4686279296875,1576.702648627306,1528.494802539696,1573.6418330026956,2226200
2018-01-19,1557.57275390625,1557.57275390625,1531.1732157044491,1542.6512757921887,1974200
2018-01-22,1582.0592041015625,1597.745885448156,1567.902930691222,1595.0676715597133,3795100
2018-01-23,1580.529052734375,1603.1025734584923,1565.6075729336874,1600.0417570891204,3387600
2018-01-24,1562.9290771484375,1606.5457025572312,1554.1292316712247,1583.2069819437538,2463900
2018-01-25,1526.581787109375,1550.6857100637335,1525.0513793027492,1548.7727003054513,2625200
2018-01-26,1503.2432861328125,1530.790630648354,1502.0954801113317,1530.4080286411936,2907500
2018-01-29,1528.4949951171875,1539.2078511530526,1513.1909150659517,1520.4603530902887,2637100
2018-01-30,1510.130126953125,1528.8776253622214,1498.652066702658,1525.8168092954302,1895100
2018-01-31,1486.7916259765625,1513.5737705515392,1481.0525949962102,1490.6176466301306,2820000
2018-02-01,1528.4949951171875,1530.408005123592,1484.4957649698842,1486.0261729750077,2534900
2018-02-02,1546.477294921875,1550.3033149488958,1517.7821447192177,1523.9037767624511,2301600
2018-02-05,1539.5904541015625,1543.4164741167253,1507.0692839726776,1522.7559660348456,3165700
2018-02-06,1429.783447265625,1469.9566508949777,1401.8535056947417,1463.4524179264158,5711400
2018-02-07,1452.357177734375,1512.4256911443583,1450.4441677531654,1473.4002875276813,4178200
2018-02-08,1469.956787109375,1476.4610206806553,1451.209290345096,1469.956787109375,2851900
2018-02-09,1428.2530517578125,1437.0528964378097,1403.7665274308638,1423.279226503901,3147200
2018-02-12,1428.2530517578125,1428.2530517578125,1428.2530517578125,1428.2530517578125,0
2018-02-13,1406.0625,1452.3573469387754,1398.4104591836735,1451.2095408163266,2862600
2018-02-14,1382.3409423828125,1424.0445578601793,1381.5757384290994,1394.9668076190794,2975400
2018-02-15,1418.6881103515625,1437.8182089269612,1393.4363802320363,1403.7666334627515,3554300
2018-02-16,1407.210205078125,1430.5489278920907,1404.9145929980627,1413.3318372916242,1866500
2018-02-19,1414.4796142578125,1426.340276427678,1401.853748076988,1425.5750724167187,1700100
2018-02-20,1382.3409423828125,1403.7666530867807,1367.8020672622624,1398.0276234339321,2694700
2018-02-21,1359.00244140625,1389.2280024623012,1344.8461659749348,1383.4889718820384,3330300
2018-02-22,1379.662841796875,1385.019269912559,1349.8198851523503,1349.8198851523503,2737900
2018-02-23,1380.8104248046875,1383.1060364834982,1359.002113855985,1371.2453761429758,1431800
2018-02-26,1365.506591796875,1396.4973550178183,1363.9761837365813,1391.9061308369378,2012900
2018-02-27,1373.9237060546875,1384.25395948367,1368.1846763719195,1372.775900118134,2226800
2018-02-28,1361.6806640625,1381.9585722376369,1361.6806640625,1368.5675008012258,1932200
2018-03-01,1330.6895751953125,1349.0544687000206,1323.4201381830321,1337.1938083115633,1930700
2018-03-02,1300.4642333984375,1306.203263554653,1287.8383670547635,1297.4034173151226,3116300
2018-03-05,1294.7249755859375,1301.6118105624585,1284.7773250642963,1287.8381406094165,2220900
2018-03-06,1294.7249755859375,1326.0983349234218,1294.7249755859375,1321.8897135488812,1864200
2018-03-07,1274.064697265625,1295.1078078811233,1263.3518409522803,1287.0731656461148,3268000
2018-03-08,1271.386474609375,1292.0469830742882,1267.56045452328,1290.1339730312407,1674400
2018-03-09,1288.220947265625,1313.0900775217183,1276.7428871474283,1284.012325222286,3391700
2018-03-12,1312.324951171875,1317.2987775174242,1298.1686761883882,1314.6205633313593,2015300
2018-03-13,1303.52490234375,1308.8813298849336,1289.3686295563361,1306.2031161143418,2066500
2018-03-14,1321.124755859375,1345.6112847834988,1289.3687886609016,1289.751390675341,2975200
2018-03-15,1307.3509521484375,1316.1507975974905,1292.429475082652,1314.2377877172617,2081600
2018-03-16,1301.9945068359375,1314.620371874311,1300.0814969816383,1314.620371874311,2548200
2018-03-19,1300.8466796875,1305.0553012982537,1290.1338246783089,1293.9598443244486,1794400
2018-03-20,1316.53369140625,1320.3597120148122,1298.933996606864,1301.2296089720012,2121200
2018-03-21,1316.53369140625,1316.53369140625,1316.53369140625,1316.53369140625,0
2018-03-22,1316.53369140625,1320.3597120148122,1293.5775677548768,1299.3165986677202,2464300
2018-03-23,1268.3255615234375,1301.9945357056583,1259.9083179778822,1278.6558149657099,3489400
2018-03-26,1264.1168212890625,1267.177636836978,1240.3955007927182,1250.3431513234432,2844500
2018-03-27,1303.1424560546875,1313.090108390983,1275.9777131363426,1279.803733265687,2692800
2018-03-28,1307.40087890625,1308.9494733734177,1274.8803950957304,1279.526178497233,2826200
2018-03-29,1295.7864990234375,1329.4684307279606,1282.2362966135718,1320.1768633611957,2962500
2018-03-30,1307.40087890625,1308.9494733734177,1288.4305966834468,1305.0779872054986,2348300
2018-04-02,1300.4322509765625,1317.8539393641615,1300.045102345727,1301.5936968690692,1634000
2018-04-03,1279.5263671875,1284.9464486218797,1264.814717579898,1281.074961883037,3095800
2018-04-04,1287.6563720703125,1293.4636016497036,1269.4603860548873,1278.3648047432869,2423300
2018-04-05,1291.9149169921875,1307.4008614571824,1278.751864196942,1298.1092947781854,2107700
2018-04-06,1281.074951171875,1292.6894112912937,1274.8805724415183,1286.1078838902897,1890400
2018-04-09,1302.3682861328125,1306.626922026826,1279.9136605098329,1281.8494040980208,1511100
2018-04-10,1312.821044921875,1320.951166403255,1284.17204541606,1287.2692345518237,1588800
2018-04-11,1307.013916015625,1324.8227549186815,1306.6267673438194,1313.2082947645142,1570500
2018-04-12,1294.625244140625,1302.3682180888345,1291.1409058639308,1298.4967311147298,1200900
2018-04-13,1320.56396484375,1327.5326401199702,1301.9808307738292,1301.9808307738292,1585700
2018-04-16,1320.1768798828125,1326.3712582048433,1309.3367178192586,1324.0483663340817,1109600
2018-04-17,1298.1094970703125,1317.46693066814,1295.7866050385733,1312.0468492607483,1218200
2018-04-18,1312.821044921875,1318.6282745514322,1292.30216689744,1296.1736533171447,1757600
2018-04-19,1317.8538818359375,1332.952677779416,1310.1109095572303,1320.1767735195494,1229200
2018-04-20,1345.7288818359375,1349.600368837767,1324.4357033258752,1326.7585955269728,2252500
2018-04-23,1402.6397705078125,1430.514477512108,1397.9939860070967,1407.6727037169214,4094700
2018-04-24,1430.51416015625,1447.1615509239682,1419.2868501036028,1440.967172963887,4344500
2018-04-25,1459.9376220703125,1460.711919403683,1429.740026068858,1432.06291806897,3968700
2018-04-26,1468.841796875,1483.5534437598842,1456.065893001285,1467.293202466065,3885900
2018-04-27,1439.4185791015625,1482.7792248410392,1433.9984983841277,1478.5205899916264,3691200
2018-04-30,1439.4185791015625,1439.4185791015625,1439.4185791015625,1439.4185791015625,0
2018-05-01,1428.1912841796875,1454.5173908005113,1422.771203404812,1438.6442971026615,1763500
2018-05-02,1425.0941162109375,1428.965602535879,1408.0595763811953,1427.0298593734083,1915600
2018-05-03,1425.0941162109375,1425.0941162109375,1425.0941162109375,1425.0941162109375,0
2018-05-04,1425.0941162109375,1425.0941162109375,1425.0941162109375,1425.0941162109375,0
2018-05-07,1389.4765625,1427.029983108108,1371.6677238611032,1426.6428344420451,2618900
2018-05-08,1400.70361328125,1413.4795168849762,1382.5076293607915,1385.2176695191577,1525700
2018-05-09,1397.6064453125,1400.316485511167,1387.153433117642,1396.0578509132617,1027200
2018-05-10,1401.091064453125,1413.8669708159196,1396.0581316435394,1401.4782131307854,1313300
2018-05-11,1406.1239013671875,1412.7054284385647,1391.412252619403,1399.1552256445527,1831400
2018-05-14,1415.0281982421875,1425.481210924141,1389.0892408462296,1403.800888324534,1094300
2018-05-15,1440.5802001953125,1470.777796436977,1427.8042940930698,1470.777796436977,2049500
2018-05-16,1446.0001220703125,1497.1037408422756,1440.1928926644077,1440.9671899185284,2901600
2018-05-17,1475.810791015625,1483.9409134215348,1439.031665846033,1446.0003421939557,2936500
2018-05-18,1509.8797607421875,1514.9126932779948,1484.7150980631511,1485.4893953763521,2975400
2018-05-21,1489.361083984375,1508.7185194403714,1489.361083984375,1505.6213297674121,2446200
2018-05-22,1449.87158203125,1470.7776075131426,1442.5157582505842,1465.744675452687,2763800
2018-05-23,1435.1600341796875,1461.4861421711141,1432.0628450042254,1444.4516017060735,2772300
2018-05-24,1397.6064453125,1423.5454014997404,1392.9606621147852,1412.7052407050728,3398800
2018-05-25,1394.896484375,1398.380821971274,1386.3792146952192,1389.863552291493,2357200
2018-05-28,1393.7352294921875,1395.6709728664823,1372.054903700087,1389.4765940687394,2283400
2018-05-29,1380.18505859375,1382.8950993820126,1368.183449388587,1377.8621664895247,2500200
2018-05-30,1341.857177734375,1345.7286641098349,1330.6298672455414,1337.2113940838233,3824800
2018-05-31,1329.4686279296875,1343.793129744888,1325.9842896503144,1341.8573862563474,7999800
2018-06-01,1351.5360107421875,1357.7303894794763,1312.8211436341328,1322.887009082227,3715700
2018-06-04,1393.7352294921875,1396.0581215413413,1356.1818080308703,1363.9247815280492,3173900
2018-06-05,1399.542236328125,1400.3165335543092,1385.2177376437155,1393.7350071317428,2057900
2018-06-06,1387.1534423828125,1396.0578602379073,1385.2176993708354,1392.960671418744,1938400
2018-06-07,1385.9921875,1411.543998777933,1384.4435928770952,1396.0580525488829,2459700
2018-06-08,1388.7022705078125,1399.5424331992592,1376.7006618137111,1380.184999821676,2800400
2018-06-11,1401.865478515625,1412.7056423925756,1375.5393662430313,1379.023704632051,2385000
2018-06-12,1370.1187744140625,1423.9324250621423,1368.183031584995,1416.963750877499,3225900
2018-06-13,1384.8306884765625,1394.5094044989037,1363.537513227412,1367.7961482772423,2406400
2018-06-14,1380.959228515625,1391.4122420199485,1368.1833231214518,1384.830714998708,2217800
2018-06-15,1360.827392578125,1388.3149444623489,1355.4073119248978,1388.3149444623489,3077800
2018-06-18,1328.3070068359375,1355.4074121051055,1319.01543931508,1355.0202634584032,2984000
2018-06-19,1320.56396484375,1332.952720890364,1302.3679794002858,1308.9495060500494,2636000
2018-06-20,1312.821044921875,1315.143936773698,1290.753572329558,1311.6595989959637,2651700
2018-06-21,1308.94970703125,1313.982639947963,1287.2693806207944,1296.9480977683193,2605500
2018-06-22,1298.4967041015625,1300.0452988589882,1282.2364591485912,1293.4637711399284,2954100
2018-06-25,1297.7222900390625,1312.046790257274,1293.4636548390536,1302.3680738936175,2018000
2018-06-26,1312.4339599609375,1318.2411898722692,1281.4620671005025,1291.1407836193885,2290200
2018-06-27,1309.336669921875,1314.3696021244134,1284.172008909184,1301.5936973025855,1577200
2018-06-28,1290.366455078125,1311.2724822531081,1285.720671261462,1306.6266984364452,2184200
2018-06-29,1288.8179931640625,1293.0766287677889,1271.7834507491575,1288.8179931640625,2470800
2018-07-02,1255.91015625,1285.7206007725802,1252.038669948366,1282.2362631011097,3138200
2018-07-03,1257.071533203125,1269.4602886889581,1241.5855888458336,1265.2016539907029,2680100
2018-07-04,1245.457275390625,1259.0074788841507,1245.0701267193815,1250.8773567880353,1467800
2018-07-05,1226.0999755859375,1252.4260881024654,1220.6798935972406,1245.0702625463766,2438500
2018-07-06,1228.03564453125,1235.7786183303122,1223.3898602518127,1228.03564453125,1832900
2018-07-09,1233.455810546875,1241.1987848754807,1222.6156464868272,1228.8100259497116,1771400
2018-07-10,1253.2001953125,1263.2660603350905,1238.4885464333295,1247.392965491775,3351400
2018-07-11,1232.6812744140625,1235.778463545756,1219.5182206043646,1233.8427203384476,1570500
2018-07-12,1234.229736328125,1239.2626681262009,1224.5510213318255,1234.616884927977,1520400
2018-07-13,1244.2957763671875,1252.0387494621918,1230.7455734509301,1236.1656546174331,2105900
2018-07-16,1244.2957763671875,1244.2957763671875,1244.2957763671875,1244.2957763671875,0
2018-07-17,1259.3944091796875,1268.6859756784002,1243.9084650151663,1252.03858570154,1858000
2018-07-18,1251.6514892578125,1267.911731308177,1250.4900433970722,1262.4916506247223,1720000
2018-07-19,1277.977783203125,1281.4621212972868,1253.2002678668632,1254.3617138982506,3105200
2018-07-20,1246.6185302734375,1265.5888122558595,1238.4884094238282,1265.5888122558595,2490700
2018-07-23,1284.559326171875,1316.6926667602613,1271.3962709910902,1272.1705683546659,5256900
2018-07-24,1304.3038330078125,1335.2757257476835,1296.9480084820932,1299.2709004375836,4022600
2018-07-25,1304.6907958984375,1319.7895914592798,1291.9148919623399,1304.3036472943134,2698700
2018-07-26,1329.85546875,1338.7598867358079,1309.7237411299127,1312.0466327783843,3261300
2018-07-27,1341.4700927734375,1348.4387685800527,1330.2427817516684,1341.0829441175144,2233300
2018-07-30,1331.791259765625,1351.5358394888945,1324.435435947152,1344.1800156704214,2077200
2018-07-31,1289.2049560546875,1356.5688186233108,1284.946321064717,1341.4700218406883,5486400
2018-08-01,1372.44189453125,1379.4105698772478,1285.3334527062764,1295.7864657252733,4261700
2018-08-02,1376.7005615234375,1406.5110067532755,1372.4419264906035,1385.2178315891056,3552700
2018-08-03,1349.212890625,1379.4104818642395,1344.1799587517935,1373.9904013854018,2329200
2018-08-06,1321.7255859375,1344.1802092486819,1316.305504448594,1341.470168504229,2244100
2018-08-07,1344.95458984375,1348.4389281594074,1318.24132942371,1330.2429391776411,2465200
2018-08-08,1338.76025390625,1351.9233101910427,1331.017279621078,1336.824510334957,1603600
2018-08-09,1324.0484619140625,1341.083003529331,1312.434001721834,1341.083003529331,1822200
2018-08-10,1288.8179931640625,1320.1770371551377,1286.4951010165755,1315.9184015514113,2755100
2018-08-13,1234.6170654296875,1271.7833364492078,1220.6797137973674,1271.009039136301,3722500
2018-08-14,1245.070068359375,1248.5544062372462,1229.584122235502,1238.8756899098257,2514200
2018-08-15,1241.19873046875,1263.2662063379698,1232.68145908063,1252.4260427530899,1567200
2018-08-16,1245.844482421875,1245.844482421875,1207.9039108627253,1223.3898584378885,2529500
2018-08-17,1259.7818603515625,1266.3633882022007,1240.037276799648,1251.651737712539,1961200
2018-08-20,1279.13916015625,1282.236349406023,1256.6845380953957,1259.7817273451687,1959700
2018-08-21,1268.6861572265625,1271.009049183645,1256.2974001221226,1264.814670631425,1096800
2018-08-22,1280.687744140625,1288.4307172007257,1269.0732845504742,1277.97770356959,1442000
2018-08-23,1281.074951171875,1286.8821812315844,1273.7191264295766,1277.5906131360493,992600
2018-08-24,1288.0435791015625,1305.0781199733597,1285.7206871644994,1294.625106256575,1052300
2018-08-27,1299.27099609375,1304.6910777222697,1288.0436841489588,1292.689468401976,1422800
2018-08-28,1300.8194580078125,1313.9825120471774,1300.432309359596,1308.5624309721447,1372500
2018-08-29,1330.24267578125,1337.985648282887,1302.3679747753565,1302.3679747753565,2493800
2018-08-30,1313.2081298828125,1337.2113445210007,1308.5623464044536,1336.4370472746075,1835500
2018-08-31,1308.17529296875,1315.531117344721,1298.4965766845773,1312.8210767851526,1837700
2018-09-03,1281.4620361328125,1303.9166579139917,1270.6218738936225,1298.8837254457962,2055100
2018-09-04,1279.9134521484375,1291.1407631321956,1275.6548169477016,1286.107830622235,1648700
2018-09-05,1272.17041015625,1284.559166432878,1269.0732210870929,1281.461977363721,2804200
2018-09-06,1253.58740234375,1272.9448359809296,1252.425956325519,1271.3962412899552,2041000
2018-09-07,1249.7159423828125,1262.4918488569863,1239.2629279948521,1253.2002805121326,3148900
2018-09-10,1277.2034912109375,1281.074977998482,1241.5858127655279,1247.00589426809,2334400
2018-09-11,1270.6219482421875,1276.4291783529836,1255.1360012800644,1275.2677323308244,1886100
2018-09-12,1257.071533203125,1264.4273567728385,1248.9414124155471,1264.040208163906,1769200
2018-09-13,1264.0404052734375,1279.9135007148498,1250.8773505171446,1256.6845805566857,1553700
2018-09-14,1275.6549072265625,1282.6235835027624,1270.234825678407,1277.590650636618,2794100
2018-09-17,1275.6549072265625,1275.6549072265625,1275.6549072265625,1275.6549072265625,0
2018-09-18,1337.21142578125,1344.567250068987,1284.1720611801986,1284.5592098269217,3768600
2018-09-19,1383.669189453125,1398.3808372424978,1372.8290279241135,1373.2161765501496,3771500
2018-09-20,1393.347900390625,1413.8667775011288,1388.3149682691808,1406.5109536313255,2214700
2018-09-21,1439.4185791015625,1449.8715919137578,1396.0579333620856,1413.479621382411,4297300
2018-09-24,1439.4185791015625,1439.4185791015625,1439.4185791015625,1439.4185791015625,0
2018-09-25,1462.6475830078125,1464.1961775901395,1433.9985832347638,1450.6459749947785,3091800
2018-09-26,1468.908447265625,1477.908152723033,1457.169701016832,1474.386528848395,2514400
2018-09-27,1450.9088134765625,1464.2127238482462,1442.6916923646402,1453.2565623656833,2022400
2018-09-28,1467.3431396484375,1490.8206298828125,1457.5608520507812,1463.430224609375,2756300
2018-10-01,1496.298583984375,1504.5157048692265,1459.9084772086044,1464.9952663277982,2545800
2018-10-02,1504.9071044921875,1526.0368454288953,1499.4290235085966,1510.3851854757784,2571600
2018-10-03,1482.212158203125,1504.9070645325287,1482.212158203125,1487.298947552819,1817800
2018-10-04,1538.9493408203125,1564.774577660928,1523.2976821290304,1556.1661653807228,4189200
2018-10-05,1561.6444091796875,1576.122194982656,1548.3404979012837,1548.3404979012837,3921100
2018-10-08,1561.6444091796875,1561.6444091796875,1561.6444091796875,1561.6444091796875,0
2018-10-09,1524.0804443359375,1548.340518161054,1513.9068649899211,1544.818894541279,3099000
2018-10-10,1554.6011962890625,1563.9921926925201,1519.7762512929069,1524.0804579778248,2554500
2018-10-11,1501.3856201171875,1528.7760275730652,1488.8642909945004,1500.2117455119355,3499200
2018-10-12,1475.951416015625,1481.0382050952123,1445.821973005762,1470.4733354683772,2936000
2018-10-15,1474.7777099609375,1481.8209571828259,1448.169887122693,1448.9524701473472,1884200
2018-10-16,1488.08154296875,1490.4292919190032,1452.4740172232448,1458.3433895988776,1686600
2018-10-17,1494.7335205078125,1515.8632613736297,1480.2557350997524,1508.8200144183572,1933300
2018-10-18,1505.689697265625,1523.2978148272034,1502.1680737533095,1511.1677782847828,1795700
2018-10-19,1510.7763671875,1517.4283221841818,1478.2991751448783,1486.125004552739,1772200
2018-10-22,1510.3851318359375,1521.7325848989537,1493.1683064989477,1497.8638043181268,1468800
2018-10-23,1472.8212890625,1512.3417327913292,1461.4738349225393,1507.25494300445,2682300
2018-10-24,1445.03955078125,1482.212244343183,1425.866266733516,1477.125454697866,3078800
2018-10-25,1385.95458984375,1408.6494984295596,1379.6939254062852,1402.3888339920948,3455500
2018-10-26,1385.171875,1390.649955861582,1362.8682600635593,1386.3457494703391,2698300
2018-10-29,1368.346435546875,1401.9975060235784,1350.3470257570104,1395.7368417488428,2355900
2018-10-30,1392.2152099609375,1398.475874199098,1358.95543119571,1360.9118887701352,2414200
2018-10-31,1423.5184326171875,1423.5184326171875,1387.1283242517673,1409.8232305441798,2007200
2018-11-01,1443.0828857421875,1453.6477550250072,1410.2144035289705,1417.257649717517,2269800
2018-11-02,1465.3865966796875,1466.1691796418663,1428.6051974572867,1449.734937436113,2560400
2018-11-05,1458.734619140625,1481.8208161710158,1455.2129958648027,1463.4301168417214,1972200
2018-11-06,1481.8206787109375,1491.6029646807747,1447.778323535904,1455.6041523117738,2241800
2018-11-07,1446.2135009765625,1497.081400090998,1437.213795748624,1487.2991117997603,3118400
2018-11-08,1475.951416015625,1493.1682405926895,1472.0385013390194,1474.3862501449828,1749000
2018-11-09,1472.03857421875,1495.1247719537066,1463.8214529910538,1476.3427805761148,1160400
2018-11-12,1463.8214111328125,1472.0385321255387,1450.1262094782685,1452.4739583333333,1487800
2018-11-13,1424.6922607421875,1428.6051754929215,1384.7805302847025,1419.2141800911602,2785800
2018-11-14,1430.561767578125,1452.082800733704,1425.8662694350894,1436.0398487449995,1892600
2018-11-15,1379.6937255859375,1437.996154715916,1354.2597799923226,1399.2582991194872,3948300
2018-11-16,1364.042236328125,1396.1281409118617,1362.0857787315556,1378.520022542738,2640200
2018-11-19,1316.6956787109375,1359.3464451238622,1305.7395185314704,1353.8683650341288,4161900
2018-11-20,1307.6961669921875,1323.739118173121,1292.8270902879076,1315.5219968365452,2646800
2018-11-21,1280.6971435546875,1296.7400958570836,1271.3061470849923,1284.6100587503938,2184600
2018-11-22,1276.783935546875,1292.0443013103834,1253.306449756862,1290.4791355910493,2304600
2018-11-23,1276.783935546875,1276.783935546875,1276.783935546875,1276.783935546875,0
2018-11-26,1275.2191162109375,1278.7407400360062,1256.8284140133574,1277.9581569637687,1620300
2018-11-27,1302.218017578125,1310.826429953942,1284.2186098832349,1290.4792734292837,2606400
2018-11-28,1299.0875244140625,1302.2178557981929,1277.9577875711832,1302.2178557981929,2446300
2018-11-29,1268.17578125,1299.0878104751619,1265.0454491765659,1298.6965189659827,4163200
2018-11-30,1262.30615234375,1274.827478095455,1259.9584037653053,1271.305855227788,3153300
2018-12-03,1294.0009765625,1304.1745554529218,1267.3931548490891,1280.6970657057946,2530300
2018-12-04,1249.3935546875,1299.0875670411838,1242.7416002779516,1294.3920698109143,3723500
2018-12-05,1222.00341796875,1225.5250416516571,1197.7433437087236,1214.17758756229,3469300
2018-12-06,1198.9169921875,1218.0902730677833,1187.5695402379447,1216.1338158351014,2623100
2018-12-07,1192.2652587890625,1207.9169195542618,1180.1352216960329,1198.1346315760122,2804200
2018-12-10,1169.1790771484375,1174.6571585005386,1159.3967890196855,1173.8745754502384,2372700
2018-12-11,1136.3106689453125,1162.9184945266766,1128.093546339303,1159.0055790000054,3216300
2018-12-12,1153.13623046875,1157.4404376405032,1137.8758595870802,1150.3971895412708,3705100
2018-12-13,1157.440185546875,1164.0921406362247,1146.0927327473958,1157.0488940710309,1838700
2018-12-14,1132.0064697265625,1159.3968786034582,1125.7458048404148,1152.353630606542,3019500
2018-12-17,1135.9193115234375,1158.2229287321304,1135.1367284634832,1141.0061014131393,1901600
2018-12-18,1111.2679443359375,1130.4412292910295,1104.6159883311097,1118.7024834001568,2629100
2018-12-19,1113.61572265625,1114.3983057361208,1081.9211079214797,1095.6163118192198,2791500
2018-12-20,1074.09521484375,1104.2246616717896,1068.225842085041,1096.7901228440915,2494500
2018-12-21,1036.1400146484375,1064.3130059832893,1029.0967668147246,1058.4436327885285,3953200
2018-12-24,1036.1400146484375,1036.1400146484375,1036.1400146484375,1036.1400146484375,0
2018-12-25,978.2288208007812,998.1846887451172,974.3159055175781,995.0543565185546,2910500
2018-12-26,965.7074584960938,992.3152815016588,949.6645063897972,975.0984548509991,4085300
2018-12-27,1003.271484375,1022.4447693728061,990.7501553968408,1012.2711895780518,4848200
2018-12-28,1000.923583984375,1008.7494134134945,980.1851359972086,990.3587142550638,2666200
2018-12-31,1000.923583984375,1000.9235839843751,1000.9235839843751,1000.9235839843751,0
2019-01-04,976.2724609375,1004.0541622307114,959.8382151020792,982.1418344501503,3845900
2019-01-07,1018.9232177734375,1036.9226294545351,1014.6190106323055,1024.7925911477084,5338800
2019-01-08,1033.009765625,1045.5310961174243,1018.9232688210227,1026.3578088008996,3225000
2019-01-09,1043.9656982421875,1049.052487626426,1036.5311599113772,1042.0092407867112,3017000
2019-01-10,1041.2269287109375,1044.3572614541497,1018.140724729748,1022.0536406587631,3320000
2019-01-11,1050.2264404296875,1058.0522708352737,1039.2702778618666,1052.182898031084,1850900
2019-01-15,1070.1822509765625,1079.5732469631942,1043.9657205138826,1043.9657205138826,2579200
2019-01-16,1062.7476806640625,1074.8777167835713,1052.182810495458,1071.3560933940364,2388200
2019-01-17,1072.9215087890625,1085.4428393073886,1066.2695519512017,1081.1386319417138,1933400
2019-01-18,1082.70361328125,1090.9207350300417,1074.4864915324586,1083.0949047930972,1459000
2019-01-21,1096.7901611328125,1102.6595340964202,1082.703666020154,1098.3553272564411,1404000
2019-01-22,1061.1824951171875,1091.7032305962216,1058.052163273184,1090.13806467422,3536700
2019-01-23,1058.8348388671875,1072.1387503681055,1043.574469792605,1048.2699679693997,2093900
2019-01-24,1063.921630859375,1071.3561696553766,1048.2699702362138,1053.356759938741,1637900
2019-01-25,1069.3995361328125,1081.9208625712502,1064.7040387183984,1064.7040387183984,1922300
2019-01-28,1063.1390380859375,1067.4432447178644,1049.0525436541768,1063.5303295979309,1693700
2019-01-29,1048.661376953125,1066.269497088532,1048.2700853945605,1054.5307503315942,2217500
2019-01-30,1046.704833984375,1057.2697052058995,1041.6180441369743,1047.8787085645445,2595000
2019-01-31,1053.7479248046875,1074.4863726378285,1049.8350101191893,1063.5302115184331,1924400
2019-02-01,1048.27001953125,1055.7045586768618,1035.3573989099245,1050.6177687351274,2255000
2019-02-04,1085.0513916015625,1092.094639004674,1061.9651917802526,1062.7477748250428,3788200
2019-02-05,1081.529541015625,1094.0508671055309,1077.22533517222,1088.5727869411971,1960500
2019-02-06,1075.26904296875,1083.0948729758006,1064.7041724592318,1078.3993749715703,1401500
2019-02-07,1058.4434814453125,1076.0515985118705,1052.1828175994253,1073.3125580792946,1555400
2019-02-08,1023.6187133789062,1037.3139178774773,1018.53192313658,1035.3574600919671,2318300
2019-02-12,1083.8775634765625,1097.1814758080438,1027.1402902981865,1034.1835380030884,4330300
2019-02-13,1084.2686767578125,1090.1380488802836,1064.7041030162425,1083.0948023333183,2887900
2019-02-14,1087.0076904296875,1088.9641477558748,1071.7473232854263,1083.4860672425502,2022800
2019-02-15,1048.661376953125,1071.7475789084365,1034.5748808447995,1068.6172464399197,3326200
2019-02-18,1078.7906494140625,1099.5290986048299,1073.7038599899122,1079.9645238965588,2965800
2019-02-19,1071.356201171875,1075.269116442773,1063.530370630079,1073.7039503344138,1630300
2019-02-20,1075.6602783203125,1081.1383590392957,1065.8779913221285,1071.3560720411115,2376900
2019-02-21,1076.44287109375,1088.1816155985891,1068.6170414238572,1076.44287109375,2713700
2019-02-22,1065.48681640625,1074.0952299064106,1060.008735087966,1067.443274019923,1349300
2019-02-25,1089.35546875,1096.0074238393497,1065.8779801993535,1065.8779801993535,2391700
2019-02-26,1061.96533203125,1082.312493882991,1050.2265848090917,1081.921202308919,2354500
2019-02-27,1056.4869384765625,1061.9650188982928,1042.7917374222366,1057.2695213939526,2202900
2019-02-28,1045.9219970703125,1066.2691515213623,1045.1394142068107,1063.9214029308566,2261900
2019-03-01,1050.2264404296875,1059.2261453961119,1043.9657761052183,1046.7048167471737,2446200
2019-03-04,1070.9647216796875,1085.4425056410132,1061.1824352193323,1061.1824352193323,2744600
2019-03-05,1045.1397705078125,1062.3565993742834,1040.8355632911948,1060.008849983401,2421900
2019-03-06,1046.3134765625,1047.8786425708208,1033.4008569938528,1034.5747315000935,1821600
2019-03-07,1016.9669799804688,1036.9228537700046,1012.6627719082159,1034.9663955553442,2317800
2019-03-08,966.0986328125,1004.8364880771568,960.2292608027036,996.6193672634417,4354700
2019-03-11,965.7074584960938,968.8377906143955,954.3600045672499,968.8377906143955,1615200
2019-03-12,984.09814453125,991.1413916889289,968.0551926720924,975.4897313385313,1841900
2019-03-13,938.31689453125,972.3592505880551,932.0562313483892,958.2727584266185,3708200
2019-03-14,941.4473876953125,956.3164653064605,929.3173506967445,944.1864283078925,3536300
2019-03-15,917.9699096679688,950.0558144389719,917.1873266247735,937.9257772694463,5277100
2019-03-18,919.9262084960938,929.7084948476047,906.2310076039784,923.4478315826377,2134600
2019-03-19,923.4479370117188,929.3173094927254,913.2743580446404,918.7524390269133,2213200
2019-03-20,925.7957153320312,932.8389625323595,912.4918039536335,914.0569699981509,4496400
2019-03-22,916.4048461914062,930.4913425461846,903.100932967449,921.8829281071534,6828700
2019-03-25,885.4926147460938,894.4923187404199,874.1451618836825,892.9271528283632,2313400
2019-03-26,910.1441650390625,919.1438708842467,892.5360449071803,892.9273364656666,2352900
2019-03-27,925.2999877929688,929.2883498093177,909.3465397275727,920.9127895749848,2780700
2019-03-28,924.5020141601562,929.6868830920295,913.3346041530448,926.8950305902515,1603400
2019-03-29,928.4906005859375,938.0626686332151,914.5313346836574,934.8719792841226,3329000
2019-04-01,936.0682373046875,958.4030567716933,935.6694012427766,939.258925799974,2126400
2019-04-02,963.98681640625,966.7786689982415,952.021733869143,957.206602968556,2414700
2019-04-03,957.2067260742188,969.969482421875,950.0276756286621,968.7729740142822,2332600
2019-04-04,943.2473754882812,958.0043111724531,938.4613422934148,957.2066389733087,2319700
2019-04-05,965.98095703125,967.5763013038037,941.253120806668,941.253120806668,3249000
2019-04-08,950.4264526367188,970.7670943003666,942.0508943046285,964.7845526345878,2226400
2019-04-09,956.807861328125,961.5938948153853,946.8369582296659,953.6171723366181,1956200
2019-04-10,959.9987182617188,966.3800973610904,946.4382876755541,947.6347962566863,1572700
2019-04-11,938.0625610351562,954.0160059507201,921.7102799967032,949.62880859894,2457000
2019-04-12,948.4321899414062,968.7728298434297,940.0566323346908,950.4263703239576,3643600
2019-04-15,983.5299072265625,995.8938273904,969.1718063911383,970.3683147940902,3983200
2019-04-16,976.3507690429688,985.5239993076699,969.9693914675245,979.9402939291562,2752700
2019-04-17,995.8936767578125,1004.2692343116427,976.7495452062005,981.5355780941035,3788000
2019-04-18,992.3043212890625,1014.6391452409064,990.7089767210737,1008.2577669689509,3825000
2019-04-19,979.5416870117188,996.6916432582594,975.9521612856986,996.6916432582594,2107600
2019-04-22,966.7787475585938,979.9403394189212,962.391550271818,978.7438310679823,2090000
2019-04-23,977.1484985351562,981.9345319973693,968.3741038544324,968.7729399762835,1766400
2019-04-24,957.2067260742188,977.5473690032959,953.6172008514404,975.1543521881104,2176700
2019-04-25,971.5648193359375,975.952016795993,955.6113740266445,968.3741302740789,2124600
2019-04-26,954.4146118164062,964.784348509773,939.2588428030242,961.9924963230974,2614100
2019-05-07,953.6172485351562,977.946254039399,944.045180795782,973.5590563255192,3289200
2019-05-08,947.2357177734375,954.4147674239309,937.6636515727796,941.2531763980263,2935800
2019-05-09,950.4264526367188,955.6113220803937,928.8893026399153,938.8602054162131,2694100
2019-05-10,933.2764892578125,949.2299335186298,926.4962754469651,938.8601947490985,3306600
2019-05-13,930.8837280273438,937.663943698494,918.1209691169431,922.5081674923933,2102400
2019-05-14,926.0974731445312,927.2939815077671,900.5719613955002,905.7568309695222,2205600
2019-05-15,942.8486938476562,943.6463661774767,926.0975749214289,934.8719705494527,2789700
2019-05-16,867.0696411132812,893.3928224902254,851.913870017465,893.3928224902254,10776100
2019-05-17,906.5545043945312,928.0916549608773,871.0580895722202,875.8441230314081,5543500
2019-05-20,920.1149291992188,925.299798761243,902.9649760325233,909.3463539550147,3778000
2019-05-21,928.8892822265625,934.4729876585814,913.7335103396542,914.9300186465155,3507400
2019-05-22,924.5020141601562,934.8717520239026,918.9183091566006,928.8892109486643,3845700
2019-05-23,928.4906005859375,929.2882729232106,913.7336623463843,922.9068942250254,3217800
2019-05-24,911.7393798828125,918.5195939939271,905.7568380200644,912.9358882553621,4349600
2019-05-27,924.5020141601562,932.0798995221247,918.1206370132354,920.5136534433307,2381600
2019-05-28,930.8837280273438,936.068598834694,915.727951821243,919.7163139807432,4370000
2019-05-29,916.92431640625,921.3115140924043,890.2022941360374,910.9417741069486,4083800
2019-05-30,928.4906005859375,934.8719792841226,910.9418091659284,915.3290070209306,4573900
2019-05-31,905.7567138671875,917.7217959526192,900.9706810330148,911.340418840389,5067000
2019-06-03,892.59521484375,897.7800842776056,882.2254759760389,890.6010342922672,3572800
2019-06-04,870.6592407226562,889.4045381637762,856.30114055499,889.4045381637762,6792100
2019-06-05,898.57763671875,904.5601775757324,886.6125550047853,894.5892761474284,4141400
2019-06-06,889.404541015625,901.369624527046,888.208032664483,891.7975577179093,2584800
2019-06-07,893.3928833007812,896.9824082783291,875.8440945216588,892.5952110835484,2323600
2019-06-10,889.803466796875,902.5662238284751,881.0290713376498,901.7685515140001,2273800
2019-06-11,907.7510986328125,912.1382963854315,893.3929968969684,896.5836861716004,2021900
2019-06-12,901.3696899414062,907.7510682772746,888.2080971236778,889.404605561653,2796600
2019-06-13,896.5836181640625,899.7743071966748,887.8092233243786,896.1847820349859,1669500
2019-06-14,901.3696899414062,908.94757671525,887.809260977686,890.6011139996284,2094000
2019-06-17,906.1555786132812,911.3404476810509,894.9881683134697,900.1730373812394,1879600
2019-06-18,895.7860107421875,903.7627339010671,889.8034683730277,895.7860107421875,1918600
2019-06-19,909.3463134765625,933.2764796206825,906.5544607597484,913.3346745005824,2879300
2019-06-20,912.1383666992188,916.5255647900326,902.1674619473689,902.9651343275169,1935000
2019-06-21,902.1675415039062,916.5256456127217,897.7803430262127,914.1326282612524,2960700
2019-06-24,903.3637084960938,904.9590527936587,890.6009541155751,893.3928066363135,1549600
2019-06-25,910.9418334960938,914.5313591096948,904.5604546274697,905.7569631653366,2664500
2019-06-26,906.953369140625,916.1266002269198,903.3638439329444,906.1556968722515,1885200
2019-06-27,944.8428344726562,944.8428344726562,901.3696943470676,902.5662027908911,4502800
2019-06-28,932.877685546875,950.8253109635527,929.6869965839101,939.2590634728049,3260800
2019-07-01,958.8021850585938,964.7847278106233,948.4324442884093,956.8080041412506,2390100
2019-07-02,959.5999755859375,968.3743727026834,953.6174320972472,965.582519074628,1842700
2019-07-03,955.21240234375,957.6054188005611,934.4729263847208,949.6286972778576,2491700
2019-07-04,958.0044555664062,964.7846702810727,953.6172578098574,964.7846702810727,918400
2019-07-05,956.807861328125,962.7904031872004,950.8253194690495,952.8195000887414,1545300
2019-07-08,961.59375,971.1658155329739,957.6053893612609,961.1949139361261,1711700
2019-07-09,959.5999755859375,968.3743727026834,950.4267422366123,956.4092857253027,1410300
2019-07-10,954.4146118164062,957.2064640030819,946.4378912830473,949.229743469723,2022600
2019-07-11,955.21240234375,960.3972713335073,944.4438282881002,948.0333529733168,1899800
2019-07-12,949.6288452148438,959.2009125332629,948.0335006617738,958.403240256728,1472100
2019-07-16,953.21826171875,955.2124421825968,943.2473593995162,949.6287368838258,1761700
2019-07-17,959.5999755859375,965.582519074628,954.4151045624059,959.2011393533581,2458400
2019-07-18,954.8138427734375,959.2010408814191,946.8371189407438,954.0161703901682,3228200
2019-07-19,958.8021850585938,970.7672705626528,954.4149870404389,959.5998574255311,2689700
2019-07-22,961.1951293945312,962.7904740076342,955.2125870953952,957.6056040150496,1609500
2019-07-23,964.7845458984375,969.1717430893771,951.6229543256188,959.2008403826962,1461400
2019-07-24,965.1834716796875,972.3625222954869,958.0044210638882,972.3625222954869,2011800
2019-07-25,975.5532836914062,976.7497922159664,961.5940175715374,971.1660857680189,1554900
2019-07-26,980.3392944335938,986.7206730792152,972.7614072919183,977.9462774414858,2200600
2019-07-29,959.2008666992188,981.5356893749594,958.802030580009,981.5356893749594,1682400
2019-07-30,964.7845458984375,967.9752347645754,950.8252821090844,952.4206265421533,1361100
2019-07-31,977.9462280273438,985.1252786409212,947.6346809922384,952.0218785894247,2554800
2019-08-01,981.9345703125,988.315948511119,965.1834525411251,965.5822886785388,1811500
2019-08-02,929.68701171875,953.6171793305582,925.6986504501152,949.22998193506,3012700
2019-08-05,901.7685546875,917.3231648745025,887.8092891350619,917.3231648745025,2357300
2019-08-06,892.9940795898438,893.791751836016,860.6883536198673,862.6825342352979,2095200
2019-08-07,877.0407104492188,892.5953205936114,874.6476935039276,889.4046313332232,2141000
2019-08-08,861.8848876953125,874.2488078797433,859.4918708854227,872.2546272048351,1991900
2019-08-09,846.3302612304688,871.0581010967691,835.561685804822,864.676723066756,3271000
2019-08-13,788.4990234375,835.960522572079,785.3083344200494,833.567505808991,4855900
2019-08-14,797.5127563476562,810.4350573536956,793.683939042251,800.4641535968834,2281100
2019-08-15,790.25390625,795.6780678020672,760.899577245239,773.901625157326,3632800
2019-08-16,786.4251098632812,792.2481076925977,780.1234794607017,785.0690572681127,2096400
2019-08-19,803.255859375,804.8512036835898,788.9775083387028,792.0884492148709,2268400
2019-08-20,804.8512573242188,807.24427394659,798.4698796645619,801.2617323906618,1458600
2019-08-21,802.0593872070312,802.4582233021118,787.7810355287281,792.088484830017,1731000
2019-08-22,813.2268676757812,813.6257038050975,800.4641115376621,803.2559644428757,1903200
2019-08-23,822.0012817382812,825.9896431246873,813.226886688188,821.6024455996406,2178000
2019-08-26,806.0478515625,809.2385407324654,783.5534831770336,789.7753173212554,2489200
2019-08-27,804.8512573242188,824.7930625106463,804.4524212204901,818.8105209547181,2049100
2019-08-28,806.845458984375,812.4291645828828,799.2675728149716,808.0419673269123,1606600
2019-08-29,812.0303955078125,813.2269039491305,799.6664749475266,804.0536725656925,1505100
2019-08-30,825.19189453125,827.1860750400253,816.0186641908832,824.3942223277398,2041700
2019-09-02,834.7640991210938,838.752460798691,820.4059970817439,820.4059970817439,1389600
2019-09-03,837.9547119140625,843.1395816212889,825.9896279743091,831.5733338128607,1363900
2019-09-04,828.7815551757812,835.5617700160066,818.8106509989793,835.5617700160066,1515900
2019-09-05,852.7116088867188,863.0813478161175,830.7756226899136,833.5674754785978,2638500
2019-09-06,855.9022216796875,872.6533369222536,851.1161887532401,866.6707957641943,2031700
2019-09-09,864.2778930664062,873.8499601792782,856.7000066020491,857.8965149911583,1651900
2019-09-10,894.1906127929688,898.9766464029221,882.2255287680852,885.4162178413874,2941900
2019-09-11,946.0390625,956.8076353024874,916.924032330312,917.3228683600338,4888400
2019-09-12,943.6463012695312,954.8137131188748,936.4672507949532,952.4206962940154,3724800
2019-09-13,948.03369140625,949.6290362803034,925.3000269509886,939.2592945989561,3784500
2019-09-17,942.051025390625,945.6405508895732,927.6929233948323,943.2475338902744,2375400
2019-09-18,920.9127197265625,937.2650027533226,920.5138835551782,933.2766410394787,3885200
2019-09-19,919.3172607421875,940.8544113192279,919.3172607421875,930.4846721525048,2382900
2019-09-20,914.93017578125,925.2999162216652,910.941814073398,921.3115545138131,3375500
2019-09-24,933.2764892578125,947.2357529860276,918.9183894230769,926.4962754469651,4073400
2019-09-25,930.8837280273438,938.062779914444,922.5081674923933,926.4965296518935,2844500
2019-09-26,932.4789428710938,942.8486830398912,927.294072786695,942.8486830398912,3605500
2019-09-27,947.1124877929688,947.9254598854949,923.1298110634473,941.8281691915488,3775900
2019-09-30,930.8529052734375,939.7955969398199,926.7880454250819,938.5761389853133,2681300
2019-10-01,961.3392944335938,971.9079293829694,936.5436508985201,938.9825666560683,3205100
2019-10-02,958.9005737304688,960.9330039418517,945.893020377618,951.1773389272137,2487100
2019-10-03,936.1371459960938,939.3890336070225,913.7804186709591,914.5933905736913,3411500
2019-10-04,922.723388671875,928.0077076378373,914.1871811114744,924.3493329690941,2428500
2019-10-07,930.8529052734375,943.0474848185045,926.7880454250819,938.9826249701488,1579300
2019-10-08,944.6734619140625,955.2420978907259,937.7631999293211,940.2021159239357,2335400
2019-10-09,928.820556640625,931.6659587835067,918.2519201099221,922.3167803140386,1735700
2019-10-10,918.2518310546875,923.1296628265584,909.7156254539135,920.2842609596337,2300500
2019-10-11,947.1124877929688,948.738431978021,933.2919622200242,935.3243924513396,2602000
2019-10-15,971.9080810546875,976.3794273079714,961.3394444560167,969.8756509395586,5049400
2019-10-16,979.6312866210938,998.7361291402603,977.1923705548172,986.9480348199235,4236800
2019-10-17,965.4041748046875,979.2246977282073,962.152287057977,972.7209222347861,2271900
2019-10-18,967.4367065429688,971.9080526656463,960.9329303645286,966.6237345206637,1826200
2019-10-21,964.1845703125,968.6559152844383,957.6807958078625,968.6559152844383,2040300
2019-10-23,993.858154296875,994.6711262022303,976.7857442844133,977.1922302370909,3620300
2019-10-24,994.2648315429688,1002.8010381915389,993.0453734503159,999.9556359753489,2263400
2019-10-25,985.322021484375,998.7360589055731,980.8506756773089,992.2322831862043,2571200
2019-10-28,993.4517822265625,998.7361002171293,979.2247722519595,985.7285482403495,3176200
2019-10-29,1023.1253662109375,1026.783740583563,993.0453991471277,993.8583712299334,5607100
2019-10-30,993.0451049804688,1025.9704645807217,987.7607880075886,1023.1250631337863,5512200
2019-10-31,991.8258666992188,1001.581530961834,978.818314349065,991.8258666992188,2622100
2019-11-01,977.1924438476562,978.8183880137922,971.5016392661807,975.5664996815204,2694900
2019-11-05,1014.5891723632812,1035.7264467875164,1004.8335072444036,1021.9059212024395,3322600
2019-11-06,1056.8634033203125,1060.1152907151443,1027.596416766827,1033.2872197077825,4284700
2019-11-07,1054.4246826171875,1061.741430607592,1043.0430746321138,1043.0430746321138,2486200
2019-11-08,1080.4398193359375,1099.9511479018236,1076.3749592180445,1090.1954836188806,4190600
2019-11-11,1091.8212890625,1106.454783629235,1089.3823733013776,1091.0083171421259,3015700
2019-11-12,1104.015869140625,1106.4547849045587,1088.5694026357119,1092.634262242268,2185300
2019-11-13,1083.691650390625,1102.3900059487528,1077.1878745443196,1102.3900059487528,2325000
2019-11-14,1071.4970703125,1090.1954258642356,1065.8062664489282,1087.756509922705,2413200
2019-11-15,1091.0086669921875,1101.5773053460612,1056.863835387365,1072.3103068276419,3370400
2019-11-18,1073.123046875,1097.51220703125,1069.0581868489583,1094.2603190104167,1960700
2019-11-19,1072.31005859375,1079.6268065295678,1067.4322266365382,1075.5619465652246,1790000
2019-11-20,1029.2225341796875,1056.050609715177,1025.9706462359918,1055.237637729253,3828700
2019-11-21,1010.524169921875,1021.0928056491351,1004.0203940897148,1019.4668616910951,3293500
2019-11-22,1016.2149047851562,1028.4094836425782,1014.5889609375,1024.3446240234375,2849600
2019-11-25,1031.6614990234375,1033.2874430723318,1019.4669186567302,1022.7188067545187,1996800
2019-11-26,1017.0280151367188,1044.6690643090997,1016.2150431022369,1036.5393439642817,4061000
2019-11-27,1035.726318359375,1043.0430662912702,1025.9706544501814,1029.2225424199125,2752300
2019-11-28,1039.791259765625,1056.8636729439504,1036.5393715411822,1044.6690921022894,2404700
2019-11-29,1047.10791015625,1056.0506019355348,1041.4171062967052,1042.2300782766401,2243000
2019-12-02,1052.7987060546875,1056.8635659236245,1039.7911544740891,1044.6689863168135,1523000
2019-12-03,1058.489501953125,1059.3024739208308,1031.6614270188293,1037.3522307927708,2342300
2019-12-04,1064.9932861328125,1064.9932861328125,1038.1652109859554,1043.0430428308384,2897200
2019-12-05,1091.8212890625,1100.7639801866158,1077.187794495765,1080.4396821772618,3624600
2019-12-06,1106.45458984375,1112.1453922896767,1093.4470413959175,1108.0805333997291,2452500
2019-12-09,1117.0235595703125,1130.0311119379435,1107.2678952945894,1121.9013917081743,2014700
2019-12-10,1107.267822265625,1113.7715980204891,1099.9510745414027,1107.267822265625,2184100
2019-12-11,1095.88623046875,1107.2678382035886,1086.130566696031,1107.2678382035886,2204100
2019-12-12,1085.3175048828125,1092.6342521067415,1079.6267014864231,1087.7564206241223,2300500
2019-12-13,1116.21044921875,1130.0309718966225,1109.7066738409278,1125.1531403632557,3900100
2019-12-16,1117.0235595703125,1123.527335754128,1110.519783386497,1112.958699455428,1919400
2019-12-17,1147.9166259765625,1149.542570205991,1128.40529522342,1131.657183682277,2685000
2019-12-18,1157.67236328125,1165.802084933506,1148.7296694637685,1150.3556137942196,2994300
2019-12-19,1161.7369384765625,1166.6147702686264,1144.6645272043386,1149.5423589964025,2571400
2019-12-20,1164.9888916015625,1171.4926676886612,1156.859171492689,1161.7370035580132,2476700
2019-12-23,1164.176025390625,1174.744662492635,1160.111164966775,1171.4927741535548,2161900
2019-12-24,1144.66455078125,1152.7942706021395,1140.5996908708053,1149.5423826737838,1445300
2019-12-25,1139.786865234375,1147.9165860990995,1134.9090327155404,1144.6646977532098,961400
2019-12-26,1143.038818359375,1149.5425954197412,1138.973957696646,1139.7869298291919,1059600
2019-12-27,1148.729736328125,1156.0464862410429,1145.4778474779391,1152.7945973908572,2586000
2019-12-30,1134.0958251953125,1146.2904039608536,1130.0309656067989,1146.2904039608536,1148900
2020-01-06,1090.1954345703125,1115.3975661673892,1081.2527427132854,1109.7067622583718,3610600
2020-01-07,1088.5694580078125,1097.5121495971223,1075.56190660518,1082.0656823064962,3344100
2020-01-08,1068.2452392578125,1072.310099376754,1056.8636309247765,1064.180379138871,2589500
2020-01-09,1078.81396484375,1088.5696299365345,1074.7491043884231,1081.2528811169461,2398700
2020-01-10,1078.0008544921875,1080.439770452577,1066.6192466770362,1078.813826478984,1675800
2020-01-14,1073.9359130859375,1091.8212954386177,1070.6840253854502,1089.3823796632523,1878400
2020-01-15,1068.2452392578125,1074.7490154481188,1060.1155190199297,1066.619295210236,1921400
2020-01-16,1057.6766357421875,1063.3674400851507,1047.9209711542503,1049.5469152522398,2628100
2020-01-17,1056.0504150390625,1064.1801333996402,1054.4244713669468,1059.3023023832936,2002200
2020-01-20,1056.8634033203125,1066.6190655048076,1056.8634033203125,1064.1801499586838,1487300
2020-01-21,1048.73388671875,1059.3025227864584,1046.294970703125,1056.8636067708333,1360300
2020-01-22,1048.73388671875,1053.61171875,1032.4744466145833,1034.100390625,2343200
2020-01-23,1035.726318359375,1046.2949542610013,1030.8484864047782,1046.2949542610013,2093000
2020-01-24,1013.7760620117188,1028.4095576943257,1009.7112020998835,1027.5965857119586,2265200
2020-01-27,975.56640625,991.8258463541666,973.9404622395833,977.1923502604167,3650400
2020-01-28,971.50146484375,973.9403806550732,964.1847174097804,970.6884929066423,3285700
2020-01-29,980.4442749023438,984.5091350802142,969.0626664043066,973.127526582177,3047100
2020-01-30,972.3146362304688,982.8832735807999,961.7459988801377,974.7535525420836,2495000
2020-01-31,968.2495727539062,981.2571236893072,968.2495727539062,981.2571236893072,2128800
2020-02-03,960.1199951171875,964.1848553844068,950.3643304758614,955.2421627965244,1907200
2020-02-04,976.3794555664062,977.192427635987,952.8032655485664,954.4292096877277,2436700
2020-02-05,999.9555053710938,1004.8333371046114,990.1998419040588,992.6387577708175,3238900
2020-02-06,1049.546875,1055.2376791247095,1032.4744626258714,1046.2949869287374,4266300
2020-02-07,1047.9208984375,1063.3673662965477,1045.4819824597555,1050.3598144152443,1982200
2020-02-10,1043.04296875,1055.237547496103,1038.9781091679658,1043.855940666407,1825900
2020-02-12,1045.4818115234375,1059.3023331376664,1034.10020548819,1059.3023331376664,1605500
2020-02-13,1032.474609375,1040.6043307086613,1030.0356929749016,1038.165414308563,1266400
2020-02-14,1013.7760620117188,1024.3446977824904,1005.6463421880482,1021.9057818353893,2291100
2020-02-17,998.3297729492188,1004.0205778438803,986.9481631598953,995.0778844379835,1619700
2020-02-18,994.2648315429688,1005.6464404077288,991.825915357663,991.825915357663,1422000
2020-02-19,986.9480590820312,1010.5242483022776,979.6313107033342,1008.0853321760452,2122600
2020-02-20,987.7609252929688,1011.3371119872043,986.1349813830215,1005.6463083023888,1805200
2020-02-21,991.8258666992188,1003.2074750056032,982.0702024366034,982.883174458488,1971900
2020-02-25,947.9254150390625,952.8032473634488,933.2919180659038,933.2919180659038,3082200
2020-02-26,933.2919311523438,935.7308473487349,917.0324898430695,929.2270708250252,2661800
2020-02-27,902.3990478515625,920.2844343855575,896.7082430452914,917.0325459248311,3006800
2020-02-28,865.815185546875,881.2616536458333,852.8076334635417,878.8227376302084,5434500
2020-03-02,844.677978515625,860.1244478051311,839.8001461084125,842.2390623120187,4474000
2020-03-03,826.7926025390625,857.6855414736588,819.4758538440265,856.0595973192063,4696200
2020-03-04,800.77734375,814.5978664340101,799.1513999048223,808.9070629758883,4736600
2020-03-05,804.029296875,811.3460447737614,796.7125489762386,807.281184830005,3232200
2020-03-06,748.7472534179688,781.2661352167947,747.1213093280275,779.6401911268534,4763200
2020-03-09,666.6370239257812,717.8542586908109,664.1981079845893,712.1634548280298,6156600
2020-03-10,694.2781372070312,694.2781372070312,633.3052328855707,663.3851990174912,7496800
2020-03-11,699.9689331054688,715.4154020125582,673.9538275777394,678.0186878164471,6594200
2020-03-12,671.5148315429688,693.4650742205234,660.1332242286812,679.6445510531742,4265800
2020-03-13,646.312744140625,670.701904296875,595.9084798177083,608.9160319010417,6230100
2020-03-16,634.1181030273438,673.1407555213342,630.8662153195112,658.5072608360878,5748500
2020-03-17,604.0382080078125,630.0533125249726,592.6565997815549,612.1679281694251,6151500
2020-03-18,593.4695434570312,647.938665938704,590.2176555476776,611.3549269584761,5313800
2020-03-19,617.0458374023438,648.75174999614,578.8361478662302,617.8588095201334,7298200
2020-03-23,629.2403564453125,633.3052166290678,583.7139223872538,613.7938877470426,7251900
2020-03-24,691.0261840820312,694.2780720071232,645.4997531307445,652.8165009622013,5258300
2020-03-25,735.73974609375,766.6326857087362,719.4803041911257,760.9418810428177,4797400
2020-03-26,732.4876708984375,756.8768275321257,725.170923908331,733.3006427862271,3941600
2020-03-27,756.0640258789062,778.0142717915197,709.7246178411668,769.0715790123069,4547500
2020-03-30,741.075927734375,747.7372843881672,713.5978315374824,743.573936479547,3793500
2020-03-31,736.0799560546875,760.2273754275224,721.9245722844051,736.9126256882336,3484100
2020-04-01,716.0957641601562,751.9005523681641,706.936399734852,726.9204675718795,2823900
2020-04-02,707.7691040039062,725.2551642204734,693.6137219238282,704.4384258674173,2746200
2020-04-03,709.4344482421875,751.9005947918959,694.4463965187609,724.422499965614,2727100
2020-04-06,742.7411499023438,753.565852759665,701.9403468247486,701.9403468247486,3706800
2020-04-07,760.227294921875,784.3747117375752,741.0758953783885,767.7213208301957,3429300
2020-04-08,757.7293090820312,777.7133787721068,747.7372742369935,771.8846917791682,2934800
2020-04-09,749.402587890625,755.2312746853298,734.4145361328125,752.7332660590278,2055600
2020-04-10,763.5579223632812,766.0559308333901,736.0798291920836,746.0718630725191,1759000
2020-04-13,728.5858764648438,758.5619810965402,726.9205373186384,756.0639723772321,1806100
2020-04-14,746.904541015625,751.900558012385,723.5897950307449,727.7531425280449,2068200
2020-04-15,733.581787109375,745.2391594357442,718.5937369754718,739.4104732725596,2377400
2020-04-16,736.9125366210938,739.4105452198093,713.5977896997483,714.4304592326536,1998900
2020-04-17,729.41845703125,754.3985411761558,711.932398129816,728.5857875597532,3913700
2020-04-20,732.749267578125,736.9126156893643,717.7612143776634,723.5899017333985,2567900
2020-04-21,706.9365234375,722.7572465768552,701.9405056040194,717.7612287433745,2425900
2020-04-22,686.1196899414062,693.6137156810574,678.625664201755,690.2830375745458,2246100
2020-04-23,708.6016845703125,708.6016845703125,682.788932253415,687.7849488308791,1917900
2020-04-24,714.4304809570312,719.4264983063811,699.4424289089816,702.7731071418815,2333500
2020-04-27,746.904541015625,746.904541015625,712.7650915377648,717.7611085345249,2609700
2020-04-28,755.2312622070312,761.8926184337746,741.0758802252016,746.904566923602,3063900
2020-04-30,781.8767700195312,796.8648231189471,778.5460915529943,780.2114307862628,4001600
2020-05-01,741.075927734375,757.7293193688553,733.5819014988589,756.8966497871313,2662100
2020-05-07,719.4265747070312,722.7572532936379,701.1078424806948,716.0958961204246,3561900
2020-05-08,729.41845703125,732.7491349172375,713.5977370728097,728.5857875597532,2430400
2020-05-11,756.8966674804688,762.7253546887893,732.7492490459983,736.9125970519416,2019300
2020-05-12,738.577880859375,759.3946193277903,731.9165245494821,757.7292802503171,2355900
2020-05-13,711.932373046875,731.083770216557,707.7690258360745,726.0877535635965,3811600
2020-05-14,701.9403686523438,708.6017244639912,696.1116823171523,701.9403686523438,2575200
2020-05-15,691.11572265625,707.7691135636295,678.6256794757153,707.7691135636295,3256100
2020-05-18,694.4464721679688,697.7771506915561,664.4703654556823,671.9643921337539,3700500
2020-05-19,726.0878295898438,726.9204991191899,709.4344390029207,719.4264733550746,5495400
2020-05-20,716.928466796875,717.7611363285787,701.9404152262086,711.9324496066529,3118800
2020-05-21,741.075927734375,742.741266897823,721.9245273547226,724.4225360998946,3658800
2020-05-22,705.27099609375,732.7490868506494,704.4383266768742,728.5857397662706,2579300
2020-05-25,709.4344482421875,716.0958045637103,702.7730919206646,715.26313502352,1652000
2020-05-26,739.4105224609375,743.5738699973167,717.7611152717659,720.2591237935934,2918200
2020-05-27,784.3746948242188,794.3667291531897,749.4025746728205,750.2352442002347,4269400
2020-05-28,830.1714477539062,840.9961506834958,809.3547113508494,809.3547113508494,7495700
2020-05-29,810.1875,821.8448741007194,802.6934737923946,811.0201695786228,5889000
2020-06-01,796.0321044921875,816.016174061029,791.8687566653455,807.6894784073451,2163900
2020-06-02,806.0241088867188,813.5181346924837,795.1994049450583,796.864744013006,2597700
2020-06-03,834.3348388671875,851.820898364404,821.8447963691758,845.9922118653319,5429400
2020-06-04,849.3229370117188,888.458405677945,844.3269197351792,882.6297188553156,5911400
2020-06-05,891.7891235351562,902.6138281158817,868.4743752074397,870.1397143737051,4624400
2020-06-08,941.7494506835938,941.7494506835938,896.78528592947,916.769359153525,7809700
2020-06-09,920.099853515625,949.2432877898756,905.9444711538462,945.912609587104,4527700
2020-06-10,897.6177368164062,910.1077795364861,885.9603636109983,897.6177368164062,4679100
2020-06-11,821.0121459960938,856.8169353245238,815.183459361233,853.4862572474605,7171600
2020-06-12,804.3588256835938,805.1914952753987,776.88072915403,782.7094162966647,5735700
2020-06-15,790.2034301757812,813.518178379071,787.7054214397145,791.0360997544702,2668500
2020-06-16,853.4862670898438,861.8129623785252,821.8448249928545,827.6735116949314,5670300
2020-06-17,846.824951171875,855.1516468569475,831.8368989387444,839.3309250553098,3675600
2020-06-18,836.8328857421875,845.1595811227069,815.1834777528375,844.3269115846549,2947000
2020-06-19,817.681396484375,836.0001243078539,808.5220325726356,833.5021159682885,3348900
2020-06-22,816.8488159179688,825.175511289202,810.1874596209823,811.0201291581056,2379900
2020-06-23,826.0081176757812,837.6654903042701,811.8527366269019,815.183414520756,3712300
2020-06-24,821.0121459960938,835.1675278236125,819.3468069575621,827.6735021502202,3537800
2020-06-25,787.7054443359375,806.024175599564,783.542096321477,796.8648099677507,4472000
2020-06-26,791.0360107421875,803.5260530170641,789.3706717722039,800.195375077097,3167700
2020-06-29,755.2312622070312,771.0519832455468,751.0679145653166,767.7213051321751,4072000
2020-06-30,766.8886108398438,784.3746703703939,763.5579328340247,775.2153058543914,3262700
2020-07-01,771.8847045898438,786.0400875219121,764.39067833169,773.5500437583224,4104700
2020-07-02,784.3746948242188,793.5340596257754,763.5579566388626,763.5579566388626,4043300
2020-07-03,775.2152709960938,792.7013297403665,765.2232374279379,791.8686602763535,2221000
2020-07-06,801.8607177734375,802.6933872622988,779.3786415741822,780.2113110630435,2002000
2020-07-07,797.6974487304688,808.522153149567,791.8687617355697,806.8568140081672,2911000
2020-07-08,782.7093505859375,795.1993934144365,780.2113420202377,788.538037239237,2589200
2020-07-09,783.5421142578125,787.7054623675776,774.382748416329,780.2114357700003,1849900
2020-07-10,750.2351684570312,778.5459295308815,750.2351684570312,776.0479212008358,3311200
2020-07-13,784.3746948242188,789.3707119887042,771.0519823855908,774.3826604952478,3164300
2020-07-14,798.530029296875,801.0280377305461,777.7132923496155,784.3746481727385,2638300
2020-07-15,813.51806640625,829.3387862237718,806.0240412295292,821.0120915829708,3011700
2020-07-16,812.6854858398438,840.9962507154121,808.522138064025,832.6695551637744,3653100
2020-07-17,789.3707275390625,816.8488224850425,788.5380579952449,812.6854747659547,2475500
2020-07-20,785.2073974609375,796.0321017737606,781.876719210838,786.0400670234623,2455500
2020-07-21,771.8847045898438,775.215382926801,756.0639824892968,763.5580087474507,3367300
2020-07-22,770.2193603515625,788.5380910842483,769.3866907728041,778.5460561391469,2295800
2020-07-27,777.7133178710938,780.2113263867396,752.7332327146346,761.892597272003,2660200
2020-07-28,777.7133178710938,783.5420044076009,769.3866228189407,773.5499703450172,2127400
2020-07-29,755.2312622070312,771.8846527738897,751.0679145653166,771.8846527738897,3594500
2020-07-30,756.8966674804688,765.2233634923551,752.7333194745256,761.060015486412,2763900
2020-07-31,718.5938110351562,746.9045753169585,716.928471959756,746.9045753169585,3066300
2020-08-03,733.581787109375,742.7411510800937,726.0877620424234,726.0877620424234,2373100
2020-08-04,756.8966674804688,763.5580242899779,745.2392930638279,752.7333194745256,3398900
2020-08-05,760.227294921875,765.2233121940889,742.7412344691264,744.4065735598645,2797100
2020-08-06,767.72119140625,778.5458936711972,766.888522001254,769.3865302162419,2842100
2020-08-07,766.8886108398438,778.5459838602105,758.561915825296,771.0519583471175,2793000
2020-08-11,838.4982299804688,846.8249254122509,806.8567873396963,829.3388650055083,6366600
2020-08-12,851.8209228515625,868.4743133276438,847.6575752325422,849.3229142801503,3443800
2020-08-13,876.801025390625,887.6257294077932,860.9803041347637,861.8129736745459,5193100
2020-08-14,886.7930908203125,890.1237690956939,875.9683864253227,881.7970734072403,3076000
2020-08-17,878.46630859375,886.7930034619371,872.6376221860189,879.2989780805686,1885400
2020-08-18,871.80517578125,875.9685242806829,850.1557635841989,865.9764878820439,3029900
2020-08-19,859.3150634765625,872.6377776389899,851.8210367601972,858.4823938414108,2324900
2020-08-20,860.1476440429688,874.3030263747505,859.3149744940405,863.4783222386822,2018600
2020-08-21,855.151611328125,870.9723324724623,850.9882636585626,856.81695039595,2418900
2020-08-24,863.4783935546875,870.9724201139857,852.6536885245902,853.48635814229,2165000
2020-08-25,900.948486328125,905.9445038123844,883.4624251332168,888.4584426174763,3965700
2020-08-26,913.4385375976562,918.4345551232587,894.2871370828467,899.2831546084492,2384900
2020-08-27,884.295166015625,898.4505500290578,877.6338088328331,896.7852107333598,2613200
2020-08-28,921.7652587890625,945.9126774926602,904.2791969692157,931.7572941146891,5280300
2020-08-31,924.2632446289062,941.7493060137775,924.2632446289062,932.589940526464,2437900
2020-09-01,916.7691650390625,917.6018345804241,896.7850960463854,908.4424696254471,2137700
2020-09-02,904.2791748046875,919.2672274257596,900.1158268543896,916.769218655581,2224200
2020-09-03,910.9404907226562,925.0958731196262,904.2791343005526,917.6018471447597,1779900
2020-09-04,914.271240234375,918.434588322874,897.6178478803791,904.2792048219775,1782700
2020-09-07,932.5897827148438,942.5818161010742,921.7650798797607,922.5977493286132,2694800
2020-09-08,930.0919189453125,933.422597258456,923.4305623190256,924.2632318973115,2199100
2020-09-09,910.9404907226562,913.438499380945,900.115786536738,905.1118038533157,2339700
2020-09-10,939.2512817382812,941.7492904663086,920.9325510660808,920.9325510660808,2616700
2020-09-11,948.41064453125,953.4066619739081,935.0879313508285,952.5739924001317,2961600
2020-09-14,965.896728515625,980.0521116059401,962.5660501414332,965.896728515625,2891800
2020-09-15,951.7412719726562,962.5659758533601,947.5779243262316,962.5659758533601,3017900
2020-09-16,947.5779418945312,955.0719677970363,935.0878987236894,941.7492550814717,1994800
2020-09-17,928.4265747070312,945.912635755325,925.9285659858464,939.2512791654988,3244600
2020-09-18,929.2592163085938,930.924555405921,915.9365035299759,929.2592163085938,2908600
2020-09-23,909.2750854492188,923.4304668161022,904.2790684962011,920.0997888474237,2876100
2020-09-24,906.777099609375,909.2751081482438,893.4543874020748,895.9523959409436,3526500
2020-09-25,894.2870483398438,900.1157348746473,886.7930227950965,897.6177263597315,2903100
2020-09-28,915.1038818359375,915.1038818359375,895.9524812151672,907.6098555060709,2375100
2020-09-29,911.705078125,923.6005777463886,905.7573283143056,918.5025064800792,1727600
2020-09-30,876.868408203125,895.5613393857498,876.0187295130057,895.5613393857498,3236400
2020-10-02,859.874755859375,881.9663997846159,853.0773269593009,870.0708992094861,4441200
2020-10-05,900.6592407226562,903.2082763096071,878.5675989690816,881.1166345560325,2655200
2020-10-06,925.2999267578125,931.2476765165864,916.8031413881356,919.3521769990386,2830800
2020-10-07,932.9472045898438,935.4962406679581,912.5549159649291,915.1039520430435,1829700
2020-10-08,933.7968139648438,949.0910292982079,930.3980994463184,948.2413506685765,2885100
2020-10-09,926.149658203125,934.6464440581996,918.5025509335579,932.9470868871846,2614700
2020-10-12,924.4502563476562,926.9992919809678,910.0057210922241,916.8031494477216,1126400
2020-10-13,926.149658203125,932.0974083016772,918.5025509335579,928.6986939596474,1478200
2020-10-14,904.90771484375,913.4045008986209,893.0122143669307,913.4045008986209,2609900
2020-10-15,905.7574462890625,915.9535901497273,899.8096957036747,900.6593743587301,1819200
2020-10-16,902.3587646484375,914.2542662539724,897.2606925317797,899.8097285901085,1634900
2020-10-19,915.1038818359375,925.3000253661429,910.0058100708347,910.8554886983519,1408400
2020-10-20,901.509033203125,910.855498203346,896.4109613848227,906.6071050214273,1817700
2020-10-21,944.8426513671875,947.3916872971349,910.005826991239,910.005826991239,3576000
2020-10-22,934.646484375,948.2413423295455,927.8490553977273,941.4439133522728,2150100
2020-10-23,965.23486328125,972.0322918959067,943.9928988604478,967.7838990117463,3154800
2020-10-26,956.7381591796875,966.0846243226506,953.3394445822463,956.7381591796875,1418200
2020-10-27,938.8948364257812,942.2935507657841,928.6986934057728,937.1954792557799,2774100
2020-10-28,912.5547485351562,923.600569513701,900.6592490198004,920.2018553664565,2821500
2020-10-29,897.2606201171875,908.3064421451453,891.312869794441,898.959977352258,2275700
2020-10-30,881.1167602539062,895.561297307249,875.1690097025298,890.4632254060692,2503500
2020-11-02,907.4566650390625,918.5024858681896,898.1102012605703,898.1102012605703,2178900
2020-11-04,909.1560668945312,954.1890309556621,904.0579954913843,937.1954596118392,4610700
2020-11-05,873.4696044921875,887.9141407532451,853.0773180059886,883.6657477352869,5582600
2020-11-06,898.9598999023438,906.607006801324,859.0250083187802,871.7701864837474,4320500
2020-11-09,908.3063354492188,910.8553710023971,893.8618006478747,907.4566569314926,2033300
2020-11-10,980.5289306640625,1019.6141393387132,966.0843970234307,1011.1173548442239,5744500
2020-11-11,1006.0194091796875,1017.065230395343,983.9277667483768,998.3723021842338,3884000
2020-11-12,976.28076171875,998.3724064573814,965.2349393494343,989.8756200194463,2926500
2020-11-13,948.2413330078125,960.9865122149067,938.8948682559434,950.7903688492314,2942000
2020-11-16,1018.7648315429688,1032.3596916803228,973.7318573379835,973.7318573379835,6605100
2020-11-17,1065.496826171875,1074.8432895593476,1053.6013273150918,1068.895540130956,5746200
2020-11-18,1058.6995849609375,1067.1963713570929,1035.7582616913185,1062.0982995193997,4588800
2020-11-19,1077.392578125,1082.4906502612382,1051.052538754436,1057.8499682694203,5176900
2020-11-20,1039.156982421875,1055.3008766704568,1031.509874619915,1051.902162091808,4639600
2020-11-24,1049.353271484375,1079.9417069284539,1043.4055201480262,1064.6474892064145,4770400
2020-11-25,1054.4510498046875,1079.0917270362233,1051.052335703786,1074.8433344100965,4391300
2020-11-26,1023.0130004882812,1030.6601076347883,1011.1175004826035,1024.7123576319495,4927000
2020-11-27,1035.758056640625,1042.5554844118515,1019.6141656839623,1024.712236512382,3037500
2020-11-30,1035.758056640625,1044.254841354658,1017.0651302697523,1023.0128795695755,8145400
2020-12-01,1039.156982421875,1045.9544115791725,1009.4182298586978,1010.26790850336,3305400
2020-12-02,1045.1044921875,1067.1961318597562,1038.3070645960368,1066.3464534108232,4258600
2020-12-03,1057.0001220703125,1068.8956218363771,1045.954300858967,1045.954300858967,4011000
2020-12-04,1045.1044921875,1060.3987042682927,1036.6077076981708,1051.0522413300305,2490600
2020-12-07,1037.45751953125,1073.99369753276,1035.7581624149007,1058.6994834856162,3334000
2020-12-08,1017.9150390625,1029.8105403537145,1010.2679310895765,1025.5621470354238,3417900
2020-12-09,1040.006591796875,1040.006591796875,1010.2678412144479,1011.1175198025173,1792900
2020-12-10,1024.71240234375,1039.1569386951958,1020.4640092992071,1033.2091884328358,2077500
2020-12-11,1025.562255859375,1040.8564734281147,1016.2157895673676,1034.9087221513826,2533900
2020-12-14,1019.6141967773438,1039.1568022155761,1019.6141967773438,1037.4574452209472,1623100
2020-12-15,1002.6207885742188,1014.5162894556079,994.9736808647544,1011.1175749180682,2337500
2020-12-16,1006.0194091796875,1017.065230395343,1004.3200520695867,1010.2678019549396,1518800
2020-12-17,1015.3659057617188,1028.960763077357,1011.9671914328092,1022.1633344195378,2656900
2020-12-18,1028.960693359375,1030.6600504086887,1007.7187302429553,1010.2677658169256,3113800
2020-12-21,1023.8627319335938,1039.1569470164193,1017.9149816236061,1028.960803627869,1342500
2020-12-22,998.372314453125,1016.2155643284574,994.1239216256648,1010.2678143700133,2079300
2020-12-23,988.1763305664062,998.3724749918549,979.679543545199,991.5750453748891,1757200
2020-12-24,1006.0194091796875,1021.313623170595,1000.921337849385,1001.7710164044355,1477700
2020-12-25,1010.2677612304688,1012.816796792867,1001.7709760224749,1002.6206545432743,803700
2020-12-28,1019.6141967773438,1019.6141967773438,1002.6206268310547,1016.2154827880859,1027300
2020-12-29,1038.3072509765625,1040.00660817947,1027.2614291576629,1027.2614291576629,1374700
2020-12-30,1034.0589599609375,1047.6538189250912,1030.660245219899,1046.8041402398317,1652800
2021-01-04,1029.810546875,1034.9086188892327,1011.9672948251856,1034.9086188892327,1306700
2021-01-05,1024.71240234375,1034.0588670417444,1017.9149734724813,1023.0130451259328,1611300
2021-01-06,1074.8433837890625,1088.4382408172246,1028.9607413190156,1035.7581698330966,4257800
2021-01-07,1147.06591796875,1178.5040209056713,1133.4710626446758,1151.3143102575232,5732100
2021-01-08,1166.608642578125,1168.3079996685522,1138.5692505860798,1149.6150716738553,2270900
2021-01-12,1177.6544189453125,1184.451847048893,1145.3666354533054,1152.1640635568858,2620100
2021-01-13,1193.79833984375,1199.7460895796262,1172.5563765013344,1177.654447703514,2631400
2021-01-14,1175.10546875,1194.6480759671006,1166.6086830034346,1172.5564330260304,3313900
2021-01-15,1162.3602294921875,1192.948656584087,1162.3602294921875,1192.948656584087,1635300
2021-01-18,1139.4189453125,1151.3144451144203,1127.52344551058,1144.5170166561802,2854100
2021-01-19,1129.2227783203125,1159.811205724023,1119.876314391401,1130.0724568593043,3184200
2021-01-20,1116.4776611328125,1127.5234827421934,1106.2815181087685,1122.4254112301714,2402000
2021-01-21,1099.48388671875,1130.07231015142,1091.8367808605824,1127.523274865364,3301400
2021-01-22,1080.791259765625,1084.1899744189761,1056.1505785288302,1073.993830458923,3259800
2021-01-25,1064.6474609375,1074.8436058147945,1056.1506735397545,1068.0461758965982,2169400
2021-01-26,1051.9022216796875,1081.6409759274977,1049.3531856013037,1079.091939849114,2754500
2021-01-27,1074.8433837890625,1086.7388836887044,1061.2485267609004,1068.8956338392416,4656000
2021-01-28,1062.9478759765625,1075.693054345586,1046.8039833757994,1049.3530190496042,3287300
2021-01-29,1030.6602783203125,1058.6996758343853,1028.1112421826697,1055.3009609841947,2838400
2021-02-01,1045.1044921875,1056.1503120236282,1031.5096370045733,1035.7580292492378,2004700
2021-02-02,1054.4510498046875,1054.4510498046875,1034.0587651992785,1035.7581222497292,1862400
2021-02-03,1094.3861083984375,1096.935144365204,1075.693177975483,1076.5428566310718,3191000
2021-02-04,1130.072509765625,1154.7131885499882,1124.974438292998,1125.8241168717693,4909300
2021-02-05,1157.2623291015625,1162.3604010359306,1127.523576151082,1154.7132931343785,3097600
2021-02-08,1211.6417236328125,1244.779190127679,1187.0010434186809,1189.5500793029014,4777800
2021-02-09,1195.497802734375,1236.2823759619869,1192.948766907649,1219.2888037838152,2373400
2021-02-10,1193.79833984375,1205.6938393155026,1172.5563765013344,1181.9028403719972,1640300
2021-02-12,1183.602294921875,1210.7920102395346,1176.80486609246,1188.700366543936,2273400
2021-02-15,1226.086181640625,1278.7662532010677,1220.1384316257363,1249.0275031266242,3074100
2021-02-16,1239.6810302734375,1257.5242801951251,1227.7855303256458,1238.8313517057381,3336000
2021-02-17,1246.4786376953125,1270.2696410051071,1237.1321721093218,1255.8251032813032,3668900
2021-02-18,1225.236572265625,1259.223717127362,1221.8378577794513,1249.8772522903844,2189200
2021-02-19,1226.9359130859375,1240.5307708486625,1220.9881628147452,1227.785591696108,2641800
2021-02-22,1246.4786376953125,1269.4199623154716,1240.5308868678637,1244.7792803160414,2544300
2021-02-24,1237.132080078125,1280.4656900259165,1235.4327228252705,1274.5179396409255,2553900
2021-02-25,1249.8773193359375,1266.0212140112487,1237.9818179962344,1262.622499342762,1697600
2021-02-26,1220.138427734375,1255.8249277098928,1217.589392021838,1238.8313562929795,3238600
2021-03-01,1228.6351318359375,1234.582881436803,1209.9422045189315,1211.6415615477504,1494500
2021-03-02,1199.746337890625,1242.2302733683382,1181.9030849899852,1241.380594658784,3244200
2021-03-03,1193.79833984375,1193.79833984375,1170.0073409002446,1181.0531618383006,3838900
2021-03-04,1187.8507080078125,1221.837852729066,1171.706814265217,1194.6481369520632,2929300
2021-03-05,1164.9091796875,1189.5498552607585,1146.2162533905453,1181.902749048368,4580700
2021-03-08,1191.24951171875,1208.2430853523983,1179.3540101751962,1190.3998330370675,2679200
2021-03-09,1217.5894775390625,1223.5372279527217,1192.9487972539034,1216.7397989085398,3756600
2021-03-10,1210.7919921875,1211.6416707785088,1175.9551699561405,1195.4977775493421,3074800
2021-03-11,1202.29541015625,1223.537378533569,1198.896695215879,1200.5960526860645,2022300
2021-03-12,1209.9425048828125,1209.9425048828125,1181.9031069466237,1194.6482878267095,2728500
2021-03-15,1226.9359130859375,1240.5307708486625,1215.8900911537235,1230.3346275266188,1982700
2021-03-16,1226.9359130859375,1237.1320564079813,1214.1907339333827,1215.0404125435532,2647100
2021-03-17,1209.0927734375,1209.9424521257906,1192.9488783599788,1201.4456652428846,2501700
2021-03-18,1239.6810302734375,1243.9294231119345,1200.5958161592648,1209.9422804039582,4689200
2021-03-19,1290.6617431640625,1297.4591716994887,1238.8313505814372,1244.779100549935,5403300
2021-03-22,1254.975341796875,1301.7076666437458,1249.8772699953981,1290.6618444072126,3789900
2021-03-23,1243.9295654296875,1256.6747454033523,1235.4327787805776,1248.1779587542426,2402000
2021-03-24,1192.9488525390625,1219.2888913059505,1177.6546364808694,1215.890176626352,3320900
2021-03-25,1221.837890625,1231.1843557132302,1203.1449604485397,1204.8443177373088,2508000
2021-03-26,1235.4327392578125,1254.9753479255771,1231.184346069168,1242.2301683596436,2250800
2021-03-29,1231.184326171875,1252.4262917718038,1215.8901109399262,1244.7791841558294,2591100
2021-03-30,1239.8121337890625,1243.2632462004447,1207.0265658809315,1228.5960184520704,2835000
2021-03-31,1230.321533203125,1238.0865358670999,1219.1054182440503,1236.36097971955,2555500
2021-04-01,1231.1844482421875,1270.8722440509755,1226.0077792236498,1264.8327968626818,2310500
2021-04-02,1226.8704833984375,1251.0282706946093,1219.1054803389538,1242.400489517405,1148600
2021-04-05,1254.479248046875,1258.7931381708327,1227.7331292783379,1244.1259117493769,1263600
2021-04-06,1222.556640625,1257.0677666835745,1210.477746504499,1253.616654077717,1862400
2021-04-07,1229.458740234375,1235.4981866776316,1209.6148447779606,1234.6354086143092,2141600
2021-04-08,1206.163818359375,1240.6749433481984,1200.9871496110516,1238.9493870987571,1745400
2021-04-09,1182.86865234375,1206.1636586262307,1178.5547622914387,1206.1636586262307,2727300
2021-04-12,1188.04541015625,1198.3987470639297,1182.0059636267702,1187.1826320806101,1422700
2021-04-13,1198.398681640625,1207.0264619260147,1190.6336793837743,1193.2220134693912,1613800
2021-04-14,1151.8087158203125,1169.06427710601,1147.494825498888,1166.4759429131554,3696800
2021-04-15,1164.7503662109375,1175.9664808485243,1157.8481418185763,1163.0248101128473,1715900
2021-04-16,1169.9271240234375,1169.9271240234375,1143.18100245653,1144.9065586866532,2178700
2021-04-19,1162.162109375,1168.2015561200817,1153.5343283105976,1165.613221800761,1257200
2021-04-20,1147.4947509765625,1158.7108650838522,1134.5530808527667,1155.25975305084,1792700
2021-04-21,1112.9837646484375,1123.3371019940043,1099.1793148543484,1121.611545769743,2289100
2021-04-22,1123.3370361328125,1125.9253703174504,1107.8070310249857,1118.160367763537,1611200
2021-04-23,1129.3763427734375,1131.9646766377004,1117.2974514068767,1122.4741191354028,1710500
2021-04-26,1127.65087890625,1138.0042152083731,1118.1603206293037,1133.6903250824885,1365500
2021-04-27,1133.6903076171875,1139.729753700384,1112.983635331942,1116.434747379483,1676700
2021-04-28,1153.5343017578125,1157.848192190714,1138.0042961993677,1142.318186632269,2285600
2021-04-30,1155.2598876953125,1173.3782279803024,1149.2204409336491,1150.9459971512672,2033000
2021-05-06,1167.338623046875,1195.8102967797256,1163.0247330873522,1192.3591848121073,2123300
2021-05-07,1194.0849609375,1201.8499642961976,1181.143288673004,1184.5944012768696,2691100
2021-05-10,1205.301025390625,1207.8893597329097,1193.2221317932958,1199.2615785919604,1911000
2021-05-11,1170.789794921875,1198.3986920755228,1162.1620145613601,1190.6336897510594,1998400
2021-05-12,1178.5548095703125,1188.9081461111937,1163.887582804064,1169.0642510745047,2110700
2021-05-13,1190.6336669921875,1207.026449363819,1175.1036626401155,1176.8292186792346,2751300
2021-05-14,1227.7333984375,1242.4006280744904,1193.2222698798753,1205.301164875044,2921200
2021-05-17,1213.066162109375,1251.0284033133669,1180.280590160473,1239.8122865940056,3845100
2021-05-18,1303.6575927734375,1310.5598169575458,1232.9097948863284,1238.9492410474231,6347100
2021-05-19,1291.5787353515625,1303.657628000141,1272.5976183323678,1278.637064656657,5300600
2021-05-20,1308.83447265625,1311.4228071440343,1275.1861243150543,1282.9511277784072,2613100
2021-05-21,1275.1859130859375,1288.1275833811262,1271.7348010072205,1274.3231350662581,3486300
2021-05-24,1278.63720703125,1292.44165730959,1274.3233163192688,1279.4999851736463,3421800
2021-05-25,1238.9493408203125,1270.0093521500696,1235.4982284503396,1265.6954616876035,3042600
2021-05-26,1227.7333984375,1241.5378498605498,1219.9683945120344,1226.8706202235594,2438200
2021-05-27,1226.007568359375,1235.4981265943877,1219.1053441884565,1223.4192342952806,4807300
2021-05-28,1295.0299072265625,1301.9321319153116,1249.3026686635992,1251.0282248357867,4195800
2021-05-31,1285.539306640625,1296.75542139655,1281.2254163498847,1289.8531969313653,2598000
2021-06-01,1301.93212890625,1314.8738001677436,1281.2254548878602,1286.4021233924577,2037000
2021-06-02,1319.1876220703125,1322.6387342274618,1289.8531687345435,1301.0692832452787,2968200
2021-06-03,1331.2666015625,1350.2477196664372,1320.0504863192643,1320.0504863192643,2032500
2021-06-04,1322.6390380859375,1338.169046360919,1307.109029810956,1335.5807116484223,2977700
2021-06-07,1303.6575927734375,1317.4620411416538,1295.8925905663157,1315.736485095627,2159100
2021-06-08,1292.441650390625,1303.6577661817319,1278.6372001861857,1287.2649815639602,2171200
2021-06-09,1272.5977783203125,1285.539450642214,1260.5188841532045,1279.50000355866,2007500
2021-06-10,1268.28369140625,1280.362583705357,1253.6164650430485,1280.362583705357,2129300
2021-06-11,1244.9886474609375,1262.244207370306,1223.419197574227,1261.3814293748376,3056200
2021-06-14,1252.75390625,1269.1466915246212,1236.3611209753788,1250.1655717329545,2013600
2021-06-15,1251.8909912109375,1256.204881601051,1240.6748761966423,1253.616547366983,2170900
2021-06-16,1274.3232421875,1276.9115764641165,1251.8910117901573,1253.6165679745684,2457500
2021-06-17,1314.010986328125,1329.5409914193306,1293.304312873184,1300.2065373581643,4116600
2021-06-18,1279.5,1293.3044504383008,1272.5977747808497,1287.2650033715443,6116400
2021-06-21,1199.2615966796875,1239.8121686537488,1188.9082591543952,1233.7727217639952,5157600
2021-06-22,1250.1654052734375,1264.8326322504206,1230.321509951637,1251.028183330907,3973400
2021-06-23,1238.9493408203125,1258.7932369476573,1238.9493408203125,1247.5771217452452,2282800
2021-06-24,1239.8121337890625,1247.5771367146726,1230.3215746577614,1240.674911891908,1372800
2021-06-25,1250.1654052734375,1258.7931858481334,1241.5376246987416,1242.4004027562112,1737500
2021-06-28,1264.832763671875,1280.3627703199609,1261.3816510834115,1271.734988848802,2002100
2021-06-29,1233.772705078125,1239.8121518861997,1222.5565895774148,1229.4588145009286,2327900
2021-06-30,1238.9493408203125,1252.7537903002046,1233.772672265353,1240.674897005299,1844800
2021-07-01,1231.1844482421875,1244.1261207885314,1225.1450010538936,1240.6750081095063,1717100
2021-07-02,1251.8909912109375,1254.4793254450055,1236.360985806529,1240.6748761966423,1445500
2021-07-05,1248.4398193359375,1251.890931483376,1234.6353707461828,1235.4981487830426,918300
2021-07-06,1270.00927734375,1277.7742797188137,1251.0281604269276,1257.067606718644,1642900
2021-07-07,1216.51708984375,1224.2820925448802,1200.124306363586,1207.026530986813,4563700
2021-07-08,1201.8499755859375,1225.144985880855,1201.8499755859375,1214.791647972003,2791100
2021-07-09,1192.3592529296875,1194.0848090120749,1169.0642458174577,1170.789801899845,2831800
2021-07-12,1213.9288330078125,1239.8121769951858,1212.2032767419876,1239.8121769951858,2212800
2021-07-13,1251.0283203125,1252.7538766163793,1228.596088362069,1231.184422817888,2117700
2021-07-14,1236.361083984375,1253.616646915071,1232.047193251701,1238.9494184239793,1836400
2021-07-15,1216.51708984375,1229.4587610123006,1210.4776432984265,1226.007648700687,2381300
2021-07-16,1228.5960693359375,1238.9494069988807,1213.928840980101,1219.1055098115728,1705000
2021-07-19,1194.0849609375,1207.8894113529625,1188.0455138807351,1207.026633201996,2159600
2021-07-20,1166.4759521484375,1175.1037328595946,1155.2598372239333,1168.201508290669,3404100
2021-07-21,1182.005859375,1202.712531364051,1179.4175253763685,1192.3591953695257,1646900
2021-07-26,1204.438232421875,1210.4776791460533,1192.359338973518,1200.9871200080586,2392400
2021-07-27,1221.69384765625,1223.4194039382503,1204.4382848362466,1209.6149536822475,2266000
2021-07-28,1215.654296875,1229.45874595236,1208.7520723363202,1211.3404065383252,1278900
2021-07-29,1214.7916259765625,1224.2821855545044,1210.4777352593162,1210.4777352593162,1307900
2021-07-30,1206.163818359375,1227.7332714773897,1205.3010402346545,1210.477708982978,1738200
2021-08-02,1234.635498046875,1242.4005011792453,1212.203266775583,1214.79160115304,1537700
2021-08-03,1211.3404541015625,1226.0076818221655,1200.1243387858074,1216.5171227088342,1555500
2021-08-04,1204.438232421875,1206.163788628783,1194.9476732838802,1199.2615638011505,1471800
2021-08-05,1230.321533203125,1234.635423572,1203.5754129161005,1203.5754129161005,1750800
2021-08-06,1239.8121337890625,1245.8515805089814,1224.2821279378425,1234.6354651719892,1520400
2021-08-10,1258.7933349609375,1279.500010793057,1244.1261062465194,1255.3422223222508,2219700
2021-08-11,1270.8721923828125,1278.6371955949273,1226.0077293794816,1232.9099544569171,4010500
2021-08-12,1243.2633056640625,1288.9905473019496,1241.5377493758403,1276.9116532843946,2443100
2021-08-13,1239.8121337890625,1250.1654710232092,1233.7726870691436,1244.1260243032903,1428200
2021-08-16,1221.69384765625,1231.184407207252,1216.5171788102489,1227.7332946432514,2095700
2021-08-17,1221.69384765625,1236.361076053253,1219.9682913742497,1222.5566257972503,1936500
2021-08-18,1209.6148681640625,1224.2820955241118,1209.6148681640625,1220.8309832041002,939800
2021-08-19,1166.4759521484375,1202.7126311352972,1166.4759521484375,1195.8104065663717,2207400
2021-08-20,1134.55322265625,1164.7504567193441,1131.964888307985,1154.3971193262832,2354400
2021-08-23,1159.57373046875,1173.378179640997,1146.6320593697685,1148.3576155162993,1651600
2021-08-24,1169.064208984375,1186.3197692645872,1160.436428844269,1160.436428844269,1797800
2021-08-25,1180.2802734375,1185.456941303454,1172.5152716385692,1175.9663835492051,1758400
2021-08-26,1189.7708740234375,1197.5358761019081,1184.5942059711238,1188.9080960147185,1690500
2021-08-27,1189.7708740234375,1190.6336520321565,1175.966425883934,1183.7314279624047,1814800
2021-08-30,1189.7708740234375,1200.124210128065,1171.6525358403394,1194.0847640670322,2370700
2021-08-31,1151.8087158203125,1158.7109403345914,1136.2787106631847,1157.8481622703066,4727900
2021-09-01,1186.31982421875,1190.6337144886363,1151.808702059659,1160.4364825994319,3095300
2021-09-02,1193.22216796875,1194.0849461090022,1172.5154926026978,1184.5943865662282,2158700
2021-09-03,1223.41943359375,1233.7727715367155,1200.1244232220777,1200.9872013839915,3449000
2021-09-06,1232.047119140625,1244.1260124655332,1223.419338194262,1238.086565803079,2026500
2021-09-07,1233.772705078125,1243.2632643479567,1224.2821458082933,1238.0865956553212,1643800
2021-09-08,1278.63720703125,1281.2255414584388,1232.0471873418521,1232.0471873418521,3120700
2021-09-09,1243.2633056640625,1260.518868546284,1237.2238586552849,1256.2049778257285,2734600
2021-09-10,1252.75390625,1259.656131628788,1236.3611209753788,1237.2238991477273,2749800
2021-09-13,1276.048583984375,1276.911361931626,1240.67468814708,1249.302467619591,2117400
2021-09-14,1314.010986328125,1317.4620985706151,1282.088198085091,1285.5393103275812,2808700
2021-09-15,1291.5787353515625,1295.0298475368706,1270.8720622397138,1282.9509548882922,3479400
2021-09-16,1321.7760009765625,1340.7571184840588,1300.2065492634983,1304.5204396061113,3907800
2021-09-17,1367.5030517578125,1375.2680533135351,1344.2080470906446,1356.2869383995464,7694100
2021-09-21,1328.6781005859375,1339.031436434659,1285.5392012162642,1303.657538951527,4035300
2021-09-22,1326.95263671875,1341.6198635225333,1314.0109660095293,1327.8154147660314,1951300
2021-09-24,1376.9937744140625,1395.1121135510896,1370.0915499809093,1380.444886630639,4366300
2021-09-27,1393.3865966796875,1401.1515993856424,1384.758815895293,1396.8377089934452,2991500
2021-09-28,1401.1517333984375,1412.3678494909127,1384.7589483402046,1402.014511559397,2431400
2021-09-29,1388.8607177734375,1396.7619481526795,1365.1570266357112,1387.1048888002724,3078500
2021-09-30,1359.8892822265625,1396.7616836813822,1358.1334535858568,1385.3487975167952,3340300
2021-10-01,1340.5755615234375,1374.8142300888692,1316.8718679012156,1328.2847574230261,3187400
2021-10-04,1351.1103515625,1372.180298565424,1346.7207792702243,1352.8661804794103,2389200
2021-10-05,1372.180419921875,1396.7620269326314,1362.523360024792,1386.22705249945,2937500
2021-10-06,1391.494384765625,1408.1747590940456,1367.7906949305006,1382.7152403822456,3360600
2021-10-07,1369.546630859375,1392.3724080403647,1358.1337422688803,1389.738664519481,3160800
2021-10-08,1358.1336669921875,1383.5931862829266,1350.2324368674754,1371.3023838667077,3480300
2021-10-11,1390.616455078125,1404.6630859375,1374.8139953613281,1378.3256530761719,2337900
2021-10-12,1373.058349609375,1390.616640525096,1360.7675459683705,1384.4712387045936,2006000
2021-10-13,1353.7442626953125,1366.9129812040217,1346.720946157334,1365.1571520695272,1690300
2021-10-14,1326.5286865234375,1337.9415739653996,1296.6795962906135,1334.4299162909497,3729800
2021-10-15,1346.720947265625,1355.5000929453229,1334.4301433140483,1341.4534598578064,2192300
2021-10-18,1340.5755615234375,1352.8663656238489,1325.651013687224,1352.8663656238489,1522800
2021-10-19,1332.67431640625,1339.6976329617507,1320.383512434124,1329.1626581284997,1579900
2021-10-20,1349.3548583984375,1361.645663875066,1339.697796952515,1345.8431996908294,1864300
2021-10-21,1333.5521240234375,1354.6220720001081,1329.1625515282979,1342.331269013717,1631500
2021-10-22,1332.67431640625,1338.8197183923132,1318.6276832952487,1326.528914420187,1575100
2021-10-25,1314.2379150390625,1328.284546061524,1310.726257283447,1316.8716583557741,2338600
2021-10-26,1326.5286865234375,1337.9415739653996,1303.7029116395133,1312.482055825638,2853000
2021-10-27,1329.1624755859375,1332.6741333814089,1311.6041866085802,1328.2845611370697,2506800
2021-10-28,1288.778564453125,1297.5577099875468,1258.9294696360907,1297.5577099875468,10324500
2021-10-29,1283.510986328125,1300.1913616634426,1272.0980979408025,1296.6797036981127,2304400
2021-11-01,1299.3134765625,1312.4821942303631,1288.7785024282095,1301.0693055848817,2290200
2021-11-02,1256.2957763671875,1297.5577620340343,1253.6620326012187,1297.5577620340343,3014800
2021-11-04,1271.22021484375,1279.9993599738864,1256.2956681225182,1278.2435309478592,3153600
2021-11-05,1244.8828125,1258.0515305447814,1240.4932398184062,1257.1736160084627,2382100
2021-11-08,1263.31884765625,1269.4642485830004,1247.5163881303206,1258.051361147607,3005800
2021-11-09,1242.2490234375,1282.633090630521,1240.4931944291077,1265.074800546599,2087500
2021-11-10,1225.5684814453125,1257.1733993049336,1222.934738290344,1250.1500842250177,2216100
2021-11-11,1238.7374267578125,1253.6619740681476,1229.080366733478,1237.8595122101458,3265100
2021-11-12,1263.31884765625,1268.586334164893,1238.7372439492485,1238.7372439492485,2919800
2021-11-15,1265.074951171875,1325.6510591738593,1244.8829151712137,1297.5577916946781,7154500
2021-11-16,1297.5576171875,1312.4821635286282,1274.7318404304804,1275.609754921135,4719300
2021-11-17,1283.510986328125,1307.2146775941028,1274.7318414147999,1307.2146775941028,4422200
2021-11-18,1251.0281982421875,1275.6098049444902,1238.7373948910363,1272.9760613692436,4398500
2021-11-19,1241.37109375,1246.6385807107497,1205.3765995182107,1242.2490082434583,5572700
2021-11-22,1247.516357421875,1251.028015007862,1214.1556103549988,1220.301011130476,2982600
2021-11-24,1254.5396728515625,1276.4875327684897,1245.7605288847915,1259.807159231625,3533900
2021-11-25,1265.074951171875,1275.609926476568,1257.1737196933555,1263.3191219544262,3417300
2021-11-26,1240.4932861328125,1263.3190649293115,1226.4466530272746,1261.5632357911193,4217300
2021-11-29,1195.7196044921875,1212.3999807663076,1190.4521172477287,1204.4987498996193,4290800
2021-11-30,1178.161376953125,1216.7896188204404,1173.7718040136572,1202.742985414144,9090700
2021-12-01,1164.99267578125,1180.7951386026987,1146.5564691562265,1175.5276509955493,5235000
2021-12-02,1164.11474609375,1167.6264044530071,1146.5564542974641,1150.0681126567213,4045800
2021-12-03,1208.010498046875,1209.7663272591524,1171.138084589049,1172.0159991951875,4677300
2021-12-06,1216.7896728515625,1231.714221508472,1200.987209567776,1208.0105265827922,3233700
2021-12-07,1246.638671875,1249.2724155479755,1222.934978818222,1225.5687224911971,3692600
2021-12-08,1262.4412841796875,1271.220430801243,1257.173796206754,1257.173796206754,2951600
2021-12-09,1265.95263671875,1276.4876101172417,1260.6851500195041,1262.4409789192528,2335800
2021-12-10,1276.4876708984375,1295.8017897153327,1275.6097564067604,1287.0226447985622,3532300
2021-12-13,1296.6798095703125,1314.238100830574,1294.0460658812733,1297.5577241333256,3295400
2021-12-14,1301.947265625,1318.6276419209373,1290.5343765804114,1291.4122911223028,2942100
2021-12-15,1301.947265625,1320.3834710047201,1299.3135219993258,1305.4589237925657,2269200
2021-12-16,1311.604248046875,1325.6508798867344,1297.5576162070156,1313.3600770268574,2809400
2021-12-17,1291.412353515625,1326.5289368879057,1289.656524347011,1323.8951931349848,3422100
2021-12-20,1251.0281982421875,1275.6098049444902,1243.1269675164474,1268.5864887438322,2382300
2021-12-21,1251.0281982421875,1267.70857421875,1248.3944546669409,1266.8306596936677,3173600
2021-12-22,1256.2957763671875,1258.9295201331565,1245.7608013033118,1251.0282888352497,1606200
2021-12-23,1284.38916015625,1286.1449894934424,1254.5400614239788,1259.8075494355562,1954300
2021-12-24,1281.755126953125,1295.8017584813783,1265.95266648384,1293.168015069831,1540400
2021-12-27,1287.0228271484375,1295.801973309068,1282.6332540681221,1288.7786563805637,1205900
2021-12-28,1299.3134765625,1313.360108741554,1293.168074984164,1299.3134765625,1539600
2021-12-29,1295.8018798828125,1309.8485127270708,1287.9006489079175,1302.8251963049415,1371900
2021-12-30,1292.2901611328125,1299.3134772259257,1287.900588574617,1292.2901611328125,1178400
2022-01-04,1344.965087890625,1351.1104897282453,1304.5810186719768,1318.6276514436806,2781800
2022-01-05,1387.1048583984375,1390.6165162678008,1367.7907401169402,1375.6919703230074,3575800
2022-01-06,1392.37255859375,1418.7099966503783,1387.1050709824244,1406.4191922239518,3307100
2022-01-07,1419.5877685546875,1428.36691369108,1399.3957347409844,1403.7853073091808,3767100
2022-01-11,1491.5767822265625,1494.2105258090696,1426.6111071913856,1442.4135686864286,4818400
2022-01-12,1509.1351318359375,1513.5247046452334,1474.8964639234293,1487.187267789458,4640700
2022-01-13,1556.5426025390625,1560.0542609768268,1498.60023831595,1502.9898113631557,3795600
2022-01-14,1547.76318359375,1562.6877293232415,1525.8153222268504,1550.3969269577779,4521500
2022-01-17,1564.4437255859375,1601.3161366266834,1557.420409197224,1580.2461874605428,4034500
2022-01-18,1554.78662109375,1596.048603697593,1534.5945870535713,1577.6123987043866,4136100
2022-01-19,1529.3271484375,1552.1529267723881,1517.0363447187142,1524.059661129449,3389500
2022-01-20,1459.971923828125,1514.4026269413805,1452.9486072973825,1503.8676521452664,4836900
2022-01-21,1457.338134765625,1467.87310923381,1433.6344422122081,1461.727707460702,4188400
2022-01-24,1462.6055908203125,1466.995163421814,1438.0239842519038,1449.4368730158078,2754800
2022-01-25,1438.90185546875,1440.6576844565093,1412.5644206523605,1435.3901974932314,3700900
2022-01-26,1461.7276611328125,1471.3847207559122,1445.0472854201857,1459.0939175992398,2744600
2022-01-27,1474.8963623046875,1517.0362583705357,1458.2159867786227,1491.5767378307523,4602400
2022-01-28,1510.0128173828125,1520.5477905273438,1489.820785522461,1491.5766143798828,3124200
2022-01-31,1481.9197998046875,1501.2339204182556,1468.7510812045273,1474.8964832179354,4176100
2022-02-01,1482.797607421875,1500.3558976222525,1460.8497446714032,1463.4834882014597,2796400
2022-02-02,1518.7919921875,1529.3269655437139,1492.4545587969653,1492.4545587969653,2705900
2022-02-03,1531.0828857421875,1533.7166292383035,1508.2571087758477,1510.8908522719637,2024200
2022-02-04,1553.90869140625,1564.4436655852755,1529.3270849885241,1530.2049995034429,2581400
2022-02-07,1603.07177734375,1606.583435125445,1550.3969106183256,1550.3969106183256,3134500
2022-02-08,1581.1240234375,1602.1939715566004,1572.3448783878746,1586.391510467275,3046900
2022-02-09,1574.9783935546875,1629.4090849707356,1557.4201060011235,1595.170424241286,3954000
2022-02-10,1561.8099365234375,1573.2228253232154,1531.0829282163436,1567.9553381848564,3371300
2022-02-14,1580.24609375,1589.9031532118056,1540.73994140625,1545.1295138888888,2707000
2022-02-15,1522.3038330078125,1589.0253389527916,1519.6700893520897,1574.9787061222696,4571300
2022-02-16,1581.1240234375,1593.4148265069753,1552.1528447737367,1552.1528447737367,2883700
2022-02-17,1586.3916015625,1589.0253452286247,1541.6179592383785,1564.4437376781266,2443200
2022-02-18,1563.56591796875,1588.14752701037,1544.2517965789057,1570.5892348377843,2726500
2022-02-21,1554.78662109375,1574.1007406104425,1534.5945870535713,1545.1295613354037,1633600
2022-02-22,1517.9141845703125,1538.1062182574826,1510.012953997072,1519.670013586588,2338100
2022-02-24,1499.47802734375,1523.1817198134697,1474.0185058021991,1510.890916310652,4445900
2022-02-25,1455.582275390625,1476.6522238884386,1440.657728538007,1474.896394846954,3407900
2022-02-28,1478.407958984375,1483.6754457741056,1452.0705250357223,1457.338011825453,4315400
2022-03-01,1432.756591796875,1497.7222705915863,1428.3670189053405,1495.0885268566656,3933300
2022-03-02,1342.331298828125,1366.0349908283602,1327.4067520131623,1335.3079826799071,6495400
2022-03-03,1381.83740234375,1388.8607182387627,1360.767454658712,1388.8607182387627,4235900
2022-03-04,1370.424560546875,1393.2503379807115,1370.424560546875,1385.3491073305374,3024000
2022-03-07,1303.703125,1346.7209385521885,1291.4123211279461,1343.2092803030303,3937900
2022-03-08,1257.173583984375,1295.8018225984201,1251.028182386686,1291.4122500286423,3732800
2022-03-09,1257.173583984375,1280.8772758611753,1244.0048662750416,1251.028182386686,3267300
2022-03-10,1337.941650390625,1343.2091372031864,1306.336729515256,1307.214643984016,3884100
2022-03-11,1354.6221923828125,1367.7909110385106,1333.5522425336956,1336.1859862648353,3654800
2022-03-14,1392.37255859375,1403.785448418289,1370.4246935465599,1380.0817541673234,2274500
2022-03-15,1423.0992431640625,1429.244643967362,1402.0292975527502,1411.686355957935,2302700
2022-03-16,1422.2213134765625,1428.3667142138067,1404.6630256558642,1413.4421695662134,1984900
2022-03-17,1434.51220703125,1466.9950415845892,1419.5876614256617,1465.2392126898142,2551100
2022-03-18,1450.314697265625,1452.9484406625966,1416.076033104996,1416.076033104996,3334900
2022-03-22,1534.5946044921875,1544.2516643602733,1473.140587149823,1477.5301598171347,3395000
2022-03-23,1560.93212890625,1571.4671039044922,1535.4726059938307,1549.5192393248205,3287500
2022-03-24,1567.0772705078125,1572.3447571313682,1519.6698908958115,1543.373580701812,2287300
2022-03-25,1498.60009765625,1560.9320290760472,1491.5767814399348,1560.9320290760472,2926600
2022-03-28,1524.0595703125,1546.0074327881985,1503.8675368348574,1533.7166298018074,2711100
2022-03-29,1522.3038330078125,1528.4492348711658,1502.1117983139372,1502.989712865845,2659900
2022-03-30,1523.196044921875,1529.4423087264756,1490.1800790975578,1517.8421045179316,2861500
2022-03-31,1491.072265625,1521.4112584623729,1491.072265625,1505.34943872494,3132200
2022-04-01,1524.08837890625,1526.7653491268113,1478.5798851567074,1483.0415021909762,3053500
2022-04-04,1500.8878173828125,1523.1959002808924,1490.1799375917342,1516.0573137535068,1898000
2022-04-05,1429.5020751953125,1480.3645085824116,1425.0404582315318,1465.1950109055574,3890700
2022-04-06,1433.0714111328125,1450.0255560964013,1424.1481769414502,1436.6407048093574,3609600
2022-04-07,1418.7943115234375,1423.2559288552723,1385.7783432678607,1408.0864299270343,3014900
2022-04-08,1436.640869140625,1438.4255161830358,1409.8711635044644,1418.794398716518,2479400
2022-04-11,1462.51806640625,1465.195036631521,1441.9946280125077,1441.9946280125077,2084800
2022-04-12,1467.8719482421875,1486.6107390708112,1455.3794210231051,1473.2258884789371,2181200
2022-04-13,1454.4871826171875,1457.164152891943,1423.2558627450392,1453.5948591922688,2668600
2022-04-14,1456.2718505859375,1459.8411443373736,1427.7175005744486,1443.7793224559111,2439300
2022-04-15,1471.44140625,1474.1183766676772,1453.5949367988173,1462.5181715244087,1449200
2022-04-18,1468.7642822265625,1478.5798393981859,1445.5638743663617,1471.441252364278,1510200
2022-04-19,1490.18017578125,1494.6417930740083,1468.7644127760104,1491.9648226983534,1782700
2022-04-20,1516.0574951171875,1524.088405921222,1490.1801158597427,1491.9647627050838,2124100
2022-04-21,1515.1651611328125,1528.5500123795687,1491.072428888651,1507.1342503847586,3748300
2022-04-22,1540.1502685546875,1544.6118857868853,1509.8112713757423,1514.2728886079403,3337500
2022-04-25,1516.0574951171875,1519.6267888078694,1498.2110266637774,1505.3496140451414,2590000
2022-04-26,1462.51806640625,1508.9188836442763,1456.271802547285,1499.103326151617,2642300
2022-04-27,1449.133056640625,1450.0253799513644,1423.2556806291852,1431.286590425839,3979300
2022-04-28,1490.18017578125,1497.3187634496633,1456.2718843562875,1460.7335016490458,3235100
2022-05-02,1512.4881591796875,1524.9806867481334,1479.4721934630809,1489.2877508382883,2246000
2022-05-06,1524.08837890625,1552.6427279255709,1512.488174617151,1532.119289567934,2538800
2022-05-09,1516.0574951171875,1534.796286993268,1513.380524849176,1531.2269933025862,1645300
2022-05-10,1495.5341796875,1508.0267086347703,1459.8412398381563,1494.6418561912665,2739500
2022-05-11,1426.8250732421875,1479.4721522423683,1417.009516140459,1478.579828869484,4722000
2022-05-12,1425.9326171875,1464.3025186512436,1417.0093842889548,1437.5328199556086,3026800
2022-05-13,1420.5787353515625,1442.886818507209,1403.6245921532714,1412.5478254155298,4110600
2022-05-16,1337.5928955078125,1397.3785686225713,1324.2080433179412,1392.9169512259475,4180000
2022-05-17,1312.607666015625,1346.5159537848933,1295.6535221309907,1327.7771631755609,3162300
2022-05-18,1342.9466552734375,1353.6545355812655,1288.5149303753115,1316.1769545038674,3723000
2022-05-19,1310.8231201171875,1316.1770607030983,1289.4073577735437,1299.2229155143805,2356700
2022-05-20,1320.6385498046875,1324.207843182538,1277.8070292704815,1285.837939370645,3099800
2022-05-23,1344.7314453125,1369.716502026999,1319.746388598001,1323.315682414358,3060700
2022-05-24,1324.2078857421875,1367.039407652986,1320.638592249621,1366.1470842798444,3975600
2022-05-25,1284.9456787109375,1284.9456787109375,1243.0064794752332,1258.1759770711262,4855300
2022-05-26,1293.8687744140625,1319.7461499023436,1292.0841278286637,1297.43806758486,3098500
2022-05-27,1326.884765625,1327.7770889374578,1298.330419626345,1309.0382993758406,3295100
2022-05-30,1314.3922119140625,1325.992414734757,1303.6843323872677,1325.992414734757,3716900
2022-05-31,1315.28466796875,1335.8081058000128,1309.0384042809744,1320.6386082725578,5837000
2022-06-01,1374.177978515625,1383.9935355050225,1342.0543374594156,1342.0543374594156,3242700
2022-06-02,1400.94775390625,1409.8709880075637,1357.223906809813,1367.9317877313892,3055500
2022-06-03,1375.070556640625,1403.624909536472,1367.9319684166633,1403.624909536472,2102100
2022-06-06,1380.42431640625,1391.1321973350637,1368.8241120667017,1384.8859334599224,1480200
2022-06-07,1406.3017578125,1422.3635799194956,1392.9169060566703,1416.1173157667752,2426400
2022-06-08,1381.316650390625,1392.91685481897,1369.71644596228,1374.178063050105,2745000
2022-06-09,1397.3785400390625,1418.7943031047953,1363.470248518319,1371.5011596679688,2700000
2022-06-10,1408.978759765625,1430.3945230552863,1395.5939077095868,1404.5171424136122,2821300
2022-06-13,1428.6097412109375,1435.7483283000615,1388.455188834615,1395.593775923739,2639700
2022-06-14,1444.6715087890625,1458.94868243985,1416.1171614874875,1452.7024189676304,3414300
2022-06-15,1433.0714111328125,1457.1641434494911,1422.3635301031775,1450.9178795155374,2842800
2022-06-16,1452.7025146484375,1489.2877745382323,1445.5639273528677,1460.7334253559534,3739700
2022-06-17,1443.7791748046875,1448.2407915377057,1423.2557378328038,1427.717354565822,4775900
2022-06-20,1430.39453125,1446.4563538092639,1416.1173556417652,1422.363619970368,2186800
2022-06-21,1479.47216796875,1487.5030784100761,1447.3485262034453,1453.5947898800323,2701500
2022-06-22,1462.51806640625,1484.8261516168395,1461.6257429978264,1479.4722111662982,2433700
2022-06-23,1447.3486328125,1487.503187976842,1439.3177217796315,1456.2718672934648,2136100
2022-06-24,1398.2706298828125,1432.1789157382987,1398.2706298828125,1429.5019458023394,3088700
2022-06-27,1417.902099609375,1436.6408938773402,1399.1633053414098,1428.6099820482123,2061100
2022-06-28,1478.5799560546875,1480.3646029539689,1441.9946946194177,1459.8411636122323,3131100
2022-06-29,1475.0107421875,1549.9659160191698,1470.5491246975198,1549.9659160191698,4978700
2022-06-30,1449.133056640625,1463.4102296124538,1427.7172971828818,1455.3793198158003,3722000
2022-07-01,1438.4251708984375,1477.6873964068316,1432.1789077493747,1458.0562836526344,2415600
2022-07-04,1412.5479736328125,1440.2099996483635,1405.4093862739605,1435.748382549081,1855200
2022-07-05,1467.8719482421875,1467.8719482421875,1421.471132857024,1421.471132857024,3251500
2022-07-06,1377.7474365234375,1436.640785493999,1357.223996730666,1427.7175508014896,3629700
2022-07-07,1398.2706298828125,1415.2247728105556,1375.9625470831506,1413.4401261865826,2412500
2022-07-08,1423.255859375,1429.5021233346395,1385.778275617163,1397.3784801136362,2357300
2022-07-11,1424.1483154296875,1458.9489321601122,1422.363668417871,1435.7485210064958,1953200
2022-07-12,1392.0245361328125,1425.040502694937,1385.778272188627,1421.4712090125452,2385600
2022-07-13,1394.701416015625,1408.9785898200075,1376.8549487601467,1382.2088889367901,1621400
2022-07-14,1370.6087646484375,1386.6705861091614,1359.9008836746216,1376.85502854983,1644700
2022-07-15,1326.884765625,1357.223758248571,1299.2227429388029,1356.3314349361128,2985800
2022-07-19,1343.8392333984375,1356.3317627925796,1334.9159981169073,1351.8701451518145,2022500
2022-07-20,1365.2547607421875,1379.5319347107331,1355.4392036388124,1379.5319347107331,1710700
2022-07-21,1365.2547607421875,1371.5010243534261,1350.0852634006076,1352.76223351971,1754600
2022-07-22,1350.08544921875,1351.870096210447,1323.3157443432956,1342.0545377561136,2046400
2022-07-25,1346.515869140625,1355.439102203187,1336.7003127718067,1338.4849593843192,1665900
2022-07-26,1363.47021484375,1374.1780961121565,1356.331627331479,1358.1162742095469,1296100
2022-07-27,1362.5780029296875,1369.716591026241,1348.3008267365801,1363.4703264417567,1536200
2022-07-28,1352.76220703125,1372.3933208536032,1347.4082668978808,1372.3933208536032,2562300
2022-07-29,1336.700439453125,1344.7313499705335,1329.5618523265396,1334.0234692806555,1980600
2022-08-01,1352.76220703125,1361.685440586865,1340.2696800533888,1353.6545303868115,1451500
2022-08-02,1317.0694580078125,1341.1621919957602,1307.2538997164263,1328.6696632612689,2319300
2022-08-03,1344.7314453125,1352.7623563993034,1322.4233589602688,1324.2080058684473,1776100
2022-08-04,1318.85400390625,1329.5618848581275,1308.1461229543725,1326.884914620158,1952100
2022-08-05,1313.5001220703125,1328.6696207627006,1294.7613295679507,1295.6536530204442,1876800
2022-08-08,1325.100341796875,1327.7773121843434,1298.3306379221906,1310.8231663970435,2472000
2022-08-09,1295.6536865234375,1324.2080377415848,1292.084392621169,1319.7464203637494,2643000
2022-08-10,1277.80712890625,1279.5917757343313,1224.2677240638093,1251.9297498990704,4094100
2022-08-12,1312.607666015625,1335.8080734367034,1296.54584549334,1307.25372584153,4144800
2022-08-15,1308.14599609375,1326.8847859422963,1302.7920561370227,1317.9615526810837,1747700
2022-08-16,1282.268798828125,1303.6845616478015,1276.0225346723862,1301.0075912953419,2395000
2022-08-17,1318.85400390625,1325.9925912075016,1286.7303610506174,1294.7612717645254,2135600
2022-08-18,1309.0382080078125,1326.8846730113273,1308.1458847576368,1325.1000265109758,1137800
2022-08-19,1325.99267578125,1328.6696461899603,1304.5769125115662,1327.7773227203902,1713600
2022-08-22,1329.561767578125,1329.561767578125,1307.2536842294987,1309.9306542313338,1152400
2022-08-23,1319.7464599609375,1325.992724477318,1307.2539309281767,1316.1771659515773,1799800
2022-08-24,1334.9158935546875,1347.408421970306,1321.5310416808102,1325.9926589721026,2668700
2022-08-25,1349.1929931640625,1359.0085506540127,1340.2697590822897,1350.08531657224,2399900
2022-08-26,1325.99267578125,1344.7314686422233,1325.1003523116797,1343.839145172653,1481700
2022-08-29,1313.5001220703125,1320.63870969026,1293.8690061154573,1303.684564092885,1856100
2022-08-30,1318.85400390625,1340.269765810005,1317.9616804935936,1334.9158253340663,1339700
2022-08-31,1357.2239990234375,1359.9009694357126,1317.0694428393122,1317.9617663100705,5193500
2022-09-01,1332.2388916015625,1354.546977529251,1323.3156572304872,1346.5160665952833,2463700
2022-09-02,1354.546875,1361.6854619565217,1342.054347826087,1353.6545516304348,2154000
2022-09-05,1333.131103515625,1357.223834302052,1333.131103515625,1355.4391875771314,1687200
2022-09-06,1329.561767578125,1341.1619709194108,1325.1001509083999,1334.9157075817955,932900
2022-09-07,1335.80810546875,1351.8699263761898,1329.5618417825233,1331.3464885500166,1706300
2022-09-08,1344.7314453125,1357.2239736697495,1332.2389169552505,1337.592857679786,2354000
2022-09-09,1349.1929931640625,1375.070372001204,1348.3006697558853,1361.6855208785446,2114000
2022-09-12,1342.9466552734375,1357.2238290172081,1331.3464516066238,1353.6545355812655,1637000
2022-09-13,1332.2388916015625,1336.7005087871003,1321.531010356272,1334.9158619128852,1698900
2022-09-14,1332.2388916015625,1338.4851556613153,1314.3924228594117,1321.531010356272,2434700
2022-09-15,1335.80810546875,1342.9466925387233,1330.45416516627,1331.3464885500166,1293800
2022-09-16,1359.008544921875,1359.9008683262884,1333.1311661938812,1339.3774300247762,2770400
2022-09-20,1359.008544921875,1376.8550130101464,1354.546927899807,1372.3933959880785,1990200
2022-09-21,1382.208984375,1392.0245420432536,1362.5778690384925,1362.5778690384925,2989500
2022-09-22,1371.5010986328125,1383.9936265318752,1362.5778644191962,1368.8241283687278,2669000
2022-09-26,1295.6536865234375,1356.3316828620007,1291.1920691456019,1356.3316828620007,3096200
2022-09-27,1283.1611328125,1311.7154834731398,1281.37648589621,1311.7154834731398,2370100
2022-09-28,1250.14501953125,1284.0533069989071,1232.2985524430094,1280.484013581259,2753600
2022-09-29,1284.82080078125,1290.2958894209428,1262.0079314491966,1266.5705053156073,2775100
2022-09-30,1247.4075927734375,1291.2082982987667,1239.1949604874383,1288.4707542034337,2519300
2022-10-03,1250.14501953125,1253.7950779824362,1220.944551921761,1244.6699318544709,1968100
2022-10-04,1289.383056640625,1302.1582603157622,1256.5325329045581,1257.445047452782,3074600
2022-10-05,1298.50830078125,1320.4086516025782,1290.295669223252,1296.6832715461392,1926100
2022-10-06,1311.283447265625,1321.3211076135178,1294.8581848781641,1296.6832140323265,1766600
2022-10-07,1281.1705322265625,1294.8582515879573,1274.7829298579115,1287.5581345952135,2443100
2022-10-11,1251.9700927734375,1272.0454149607667,1241.932431679773,1265.6578124466166,2320600
2022-10-12,1243.757568359375,1251.0576861487184,1231.8948769516921,1241.9325389120393,1918500
2022-10-13,1214.55712890625,1241.9325713308838,1210.907069916299,1240.1075418359083,1817800
2022-10-14,1257.4453125,1270.2205188679245,1251.0577093160377,1251.970224056604,2892200
2022-10-17,1240.1072998046875,1265.6577077476832,1230.0696395413677,1249.2324454986147,2167500
2022-10-18,1251.0576171875,1271.1329400015954,1238.2824117603482,1254.707675880972,2393100
2022-10-19,1256.53271484375,1267.4828910079657,1243.7575093188318,1248.3200827205883,1520000
2022-10-20,1253.795166015625,1263.832827461165,1246.495048600687,1253.795166015625,1515700
2022-10-21,1252.8824462890625,1262.9201060918153,1242.8447864863097,1245.5823300688787,1755100
2022-10-24,1262.0076904296875,1285.733070003926,1261.0951758306783,1272.0453510187883,2028200
2022-10-25,1271.1328125,1276.6078999910267,1260.182637517947,1274.782870827351,1379100
2022-10-26,1318.5836181640625,1326.7962496958803,1280.2580043489133,1281.1705189635597,4110400
2022-10-27,1317.6712646484375,1324.0588677319133,1311.2836615649617,1316.7587499222266,3087000
2022-10-28,1322.233642578125,1329.5337593073348,1303.9833507551004,1305.808379937403,5873700
2022-10-31,1338.658935546875,1348.696596276947,1332.271333264102,1333.1838478759266,1767000
2022-11-01,1355.996826171875,1360.559399611215,1336.8340177266466,1342.3091058538546,1999000
2022-11-02,1350.521728515625,1359.6468753299198,1338.6590376570418,1343.2216110641891,1672200
2022-11-04,1316.758544921875,1350.5215845352564,1303.9833407438389,1337.7463803572202,2213300
2022-11-07,1341.396484375,1354.1716889880952,1337.7464259141157,1343.2215136054422,2178800
2022-11-08,1368.77197265625,1376.0720898437498,1345.046591796875,1346.87162109375,2369300
2022-11-09,1366.9468994140625,1372.4219871286716,1357.8217532230474,1365.1218701758594,1541100
2022-11-10,1375.1595458984375,1381.5471483014162,1351.4341655445162,1356.909253318498,1675100
2022-11-11,1389.7598876953125,1390.672402395047,1373.3346231000953,1381.547255397704,2032600
2022-11-14,1394.322509765625,1401.622627617801,1380.634788792795,1383.372332987361,2578400
2022-11-15,1408.010009765625,1435.3854474149891,1396.1473201175672,1397.0598347058794,3707800
2022-11-16,1350.521728515625,1389.7598598170925,1335.0089789313238,1389.7598598170925,3226800
2022-11-17,1339.571533203125,1355.996797234226,1318.5836958300515,1347.7841652186755,2945700
2022-11-18,1366.034423828125,1376.9845995702342,1355.9967627311914,1359.6468213118947,2660200
2022-11-21,1387.022216796875,1389.7597606458162,1348.6966029116982,1353.2591759932668,2929000
2022-11-22,1421.6978759765625,1431.7355374885922,1397.0599795379442,1398.8850089037678,2753300
2022-11-24,1464.5859375,1470.9735397196262,1426.260324182243,1429.9103825934578,3011400
2022-11-25,1480.098876953125,1483.74893583587,1458.1985236566545,1460.0235530980272,1871500
2022-11-28,1480.098876953125,1499.2616860875366,1471.8862444669485,1486.4864799979289,2195700
2022-11-29,1487.3988037109375,1493.786405935463,1458.198336398821,1468.2359970373611,2400000
2022-11-30,1522.0743408203125,1530.2869721556738,1494.6989030357745,1494.6989030357745,7722300
2022-12-01,1492.8740234375,1522.9870080178407,1491.0489940689945,1504.7367143327858,4796600
2022-12-02,1442.6856689453125,1481.9237990937302,1423.5228611984107,1481.9237990937302,4307300
2022-12-05,1397.0599365234375,1436.2980666805295,1397.0599365234375,1430.822978751633,3351000
2022-12-06,1423.5228271484375,1428.0854003123748,1408.0100783910507,1410.7476222894131,2921000
2022-12-07,1428.08544921875,1435.3855665310502,1410.7476706020366,1419.872817242412,2820700
2022-12-08,1426.26025390625,1429.9103121376158,1387.022127919066,1409.8349918651031,3128100
2022-12-09,1481.01123046875,1519.3368445659082,1437.2105286434266,1437.2105286434266,3861800
2022-12-12,1493.7864990234375,1503.8241602874925,1476.4487204764337,1487.3988964008572,2533700
2022-12-13,1492.8740234375,1513.8618611753134,1491.0489940689945,1502.9116849642803,2229400
2022-12-14,1494.698974609375,1507.4741795205662,1479.1862257886428,1485.5738282442385,1686500
2022-12-15,1496.5240478515625,1501.086621168183,1488.3114158816454,1494.6990185249142,1350100
2022-12-16,1481.01123046875,1506.5616398668553,1481.01123046875,1496.5239790318856,2586900
2022-12-19,1493.7864990234375,1501.9991309667553,1474.6236911556964,1474.6236911556964,1787400
2022-12-20,1632.48876953125,1634.3137988990882,1522.9870074609594,1522.9870074609594,6057300
2022-12-21,1658.0391845703125,1699.1023454429949,1639.7888908491202,1673.551934233326,7185600
2022-12-22,1670.8143310546875,1677.2019336310843,1637.9638035189316,1670.8143310546875,3151100
2022-12-23,1732.865234375,1732.865234375,1670.8142412536204,1670.8142412536204,3185800
2022-12-26,1706.4024658203125,1715.527612696357,1692.714745506246,1712.7900686335436,2193000
2022-12-27,1745.6405029296875,1752.9406200355095,1698.1897417418445,1712.7899759534885,2085200
2022-12-28,1752.940673828125,1774.8410258176486,1742.9030124995932,1761.1533058241964,2343400
2022-12-29,1718.2650146484375,1741.9903945639232,1703.6647808542925,1736.5153068911188,1911000
2022-12-30,1735.602783203125,1749.2905023135597,1704.577286552806,1706.4023157675308,1734500
2023-01-04,1794.0037841796875,1801.3039013075804,1733.777817874571,1735.6028471565442,3898700
2023-01-05,1741.990478515625,1766.6283742306182,1730.1277879861839,1760.240771637842,3654200
2023-01-06,1744.7279052734375,1777.5784306865357,1731.0401863513132,1752.028022031904,3465700
2023-01-10,1715.5274658203125,1748.3779917615525,1709.1398635539604,1721.9150680866646,4930900
2023-01-11,1744.7279052734375,1745.6404198682458,1722.8275549980387,1732.86521554093,3487000
2023-01-12,1818.6417236328125,1823.2042969484994,1724.6527133296615,1726.4777426559363,5117900
2023-01-13,1899.8555908203125,1934.5311491542088,1794.9164011256266,1795.828915818624,7545100
2023-01-16,1818.6417236328125,1925.4059392198867,1811.3416063277134,1899.8555286520398,4436300
2023-01-17,1833.2420654296875,1836.89212429565,1803.1290797854965,1810.4291975174215,2919600
2023-01-18,1803.12890625,1864.2673863708249,1759.3282040738866,1849.6671523121204,4590000
2023-01-19,1797.65380859375,1839.6294812817257,1786.70363310993,1814.0790718194796,3359000
2023-01-20,1833.2420654296875,1841.4546978781032,1783.0537560227026,1796.741476770062,2385200
2023-01-23,1813.1666259765625,1832.32943380017,1804.0414793938924,1823.2042872174995,2538900
2023-01-24,1866.0924072265625,1866.0924072265625,1812.254044377483,1818.6416467494078,2032600
2023-01-25,1854.2298583984375,1867.0050641157495,1841.4546526811255,1865.180034727562,1845300
2023-01-26,1867.0050048828125,1871.5675782085282,1852.4047702405228,1867.0050048828125,1613200
2023-01-27,1908.9805908203125,1912.6306493113648,1873.3925205325534,1879.7801228918947,1485400
2023-01-30,1926.3184814453125,1932.7060841786697,1872.4801155498726,1877.955203607036,2320700
2023-01-31,1895.29296875,1964.6440836392633,1895.29296875,1942.7437315689695,2518300
2023-02-01,1900.7679443359375,1962.8189381980803,1897.1178858734584,1936.3560143451077,2320200
2023-02-02,1859.7049560546875,1888.905426414722,1835.0670591884086,1884.3428529209666,2659100
2023-02-03,1862.4425048828125,1863.355019583882,1802.2165346122267,1818.6417992314773,2466800
2023-02-06,1806.779052734375,1859.7049037740687,1785.7912152531171,1859.7049037740687,4533800
2023-02-07,1835.9794921875,1856.9673293248322,1820.466742999037,1828.6793749223411,2507800
2023-02-08,1853.3172607421875,1867.0049805408742,1825.0293064915681,1857.8798340084163,1879000
2023-02-09,1854.2298583984375,1864.2675200334684,1845.1047114575003,1849.667284927969,1215300
2023-02-10,1890.730224609375,1913.5430892885422,1849.667068186874,1854.2296411227076,2166100
2023-02-13,1874.30517578125,1908.068219356667,1867.0050582514302,1888.9054108408898,1587700
2023-02-14,1905.3306884765625,1922.668467729941,1894.3805121060075,1908.9807472667474,1915500
2023-02-15,1981.0693359375,1992.0195119076752,1894.3804428402811,1908.980677467181,3265000
2023-02-16,1978.3319091796875,1990.1946005170196,1937.2687468581535,1969.2067619971244,2752600
2023-02-17,1942.74365234375,1970.1190913152448,1940.9186230789837,1967.3815474180954,2028300
2023-02-20,1975.5941162109375,1995.6694374842125,1930.8809006477338,1937.2685028710484,2494700
2023-02-21,1950.0438232421875,1970.119145708883,1941.831191323994,1943.6562206391482,2012900
2023-02-22,1835.0670166015625,1918.1058522608078,1816.8167230500799,1911.7182495177888,5575400
2023-02-24,1852.40478515625,1877.0426813135007,1818.6417422740917,1821.379286291564,3395300
2023-02-27,1868.830078125,1889.8179159164429,1848.7547550201416,1849.667269706726,2116800
2023-02-28,1880.692626953125,1895.2928608353425,1854.229703041606,1867.0049076885462,3626100
2023-03-01,1875.217529296875,1887.08021926323,1858.7922662665376,1870.6549562328923,2397700
2023-03-02,1856.96728515625,1898.0304437960688,1837.804477791001,1863.3548876113327,3085400
2023-03-03,1839.62939453125,1877.042492336697,1835.9793362087673,1867.0048319498699,2780800
2023-03-06,1823.2042236328125,1844.192060040998,1801.3038725981842,1840.5420015352265,2483000
2023-03-07,1835.9794921875,1846.0171534270937,1822.2917723153269,1833.2419482130654,2537000
2023-03-08,1828.679443359375,1851.4923106667525,1819.554296436424,1838.717104974621,1688000
2023-03-09,1848.754638671875,1858.792299592601,1825.9417729429526,1831.416860717894,1794800
2023-03-10,1754.765625,1824.1167365444617,1752.94059574883,1803.1289001560062,3026200
2023-03-13,1674.4642333984375,1730.1276220836173,1658.0389711634666,1721.9149909661317,3793400
2023-03-14,1523.8995361328125,1611.5009465931419,1517.5119332867469,1611.5009465931419,5246900
2023-03-15,1549.449951171875,1600.5507740609357,1542.149833616295,1579.5629360886428,3488400
2023-03-16,1465.49853515625,1486.4863722101688,1417.1352584667845,1461.848476538177,4932300
2023-03-17,1460.0235595703125,1492.8740896606446,1459.111044845581,1484.6614571380617,4708200
2023-03-20,1416.2227783203125,1462.7610268347041,1416.2227783203125,1437.2106158856263,3986700
2023-03-22,1461.8485107421875,1478.27377490783,1451.8108493076281,1473.711201528485,4764400
2023-03-23,1422.6104736328125,1426.2605325773484,1405.2726936462677,1425.3480178412144,2611100
2023-03-24,1399.7974853515625,1403.4475439835091,1390.6723387716956,1398.8849706935757,2847000
2023-03-27,1391.5849609375,1410.7477702356557,1385.1973578381148,1408.010226050205,2277200
2023-03-28,1410.74755859375,1435.3854525666034,1395.2348105367682,1427.1728212423188,2383800
2023-03-29,1441.7730712890625,1441.7730712890625,1412.5726040224486,1412.5726040224486,2756600
2023-03-30,1493.8966064453125,1498.5504899544878,1464.1117519865898,1477.142625812281,3757000
2023-03-31,1527.4046630859375,1553.4664123646737,1499.4813602872914,1518.0968954863888,4612200
2023-04-03,1561.84326171875,1563.7048150700239,1541.3661748547377,1554.3970483136545,3215100
2023-04-04,1566.4971923828125,1585.1127264574745,1556.2586486417483,1568.3587457902786,3064500
2023-04-05,1532.9891357421875,1559.9816584723171,1523.6813692835221,1536.7122423256537,2390800
2023-04-06,1522.750732421875,1535.781606660204,1510.6506349148553,1530.1969462723487,2526100
2023-04-07,1551.604736328125,1554.3970663875039,1531.1276492260142,1539.5046394041506,1694800
2023-04-10,1552.53564453125,1576.735840429219,1544.1586536434913,1562.7741889496215,1819800
2023-04-11,1543.2276611328125,1569.2894069179263,1532.9891181458036,1567.427853647561,2798300
2023-04-12,1535.7813720703125,1561.843116566051,1530.1967125355113,1553.4661272638493,2042500
2023-04-13,1540.4354248046875,1541.3662014964125,1519.027560895015,1526.4737744288143,2718700
2023-04-14,1514.373779296875,1532.058537629168,1512.5122257882126,1524.6123235945183,2331500
2023-04-17,1530.1968994140625,1530.1968994140625,1507.858258546704,1522.7506857916096,1820300
2023-04-18,1533.9200439453125,1554.3971319106017,1530.1969370425327,1550.674025007822,1754700
2023-04-19,1565.56640625,1565.56640625,1548.81242568371,1552.5355324762188,2141400
2023-04-20,1591.628173828125,1600.005164216694,1568.3587560820997,1572.0818629214639,1639600
2023-04-21,1570.2203369140625,1586.0435412575948,1561.8433463792512,1573.012667092333,1899900
2023-04-24,1563.704833984375,1584.1819210960753,1559.9817272367932,1575.804930914016,1254000
2023-04-25,1581.3895263671875,1587.9049629090182,1573.0125365276908,1583.2510796648535,1865700
2023-04-26,1550.674072265625,1566.4972770846618,1546.0201884953199,1562.774170068418,2592700
2023-04-27,1530.1968994140625,1538.573889739322,1518.0968022775767,1538.573889739322,4166000
2023-04-28,1539.5045166015625,1563.7047085191202,1508.7888883985083,1557.189272233624,7907400
2023-05-01,1539.5045166015625,1552.5353891725551,1529.2659738672112,1547.8815061114863,5296800
2023-05-02,1573.0126953125,1573.9434720552886,1533.9200721153848,1548.8125,2513500
2023-05-08,1563.704833984375,1572.0818241664342,1543.227746872675,1571.1510474795386,2383200
2023-05-09,1599.074462890625,1606.5206769203835,1578.5973743087893,1588.8359185997072,2227800
2023-05-10,1598.1436767578125,1610.2437744851575,1587.905132526982,1600.005230254327,1909700
2023-05-11,1626.0670166015625,1626.9977933712257,1587.9051690453723,1587.9051690453723,1889300
2023-05-12,1615.828369140625,1619.5514759819628,1587.9050678305912,1591.628174671929,2518600
2023-05-15,1668.8824462890625,1680.051765505721,1623.27439282104,1629.7898290307576,3351200
2023-05-16,1753.5833740234375,1780.5758994197643,1720.0754114624801,1780.5758994197643,5799000
2023-05-17,1805.7066650390625,1812.2221014593065,1758.2370568344272,1765.683269886135,3641000
2023-05-18,1843.86865234375,1851.314865982695,1817.8069046074424,1842.937875638882,3643500
2023-05-19,1816.8760986328125,1856.8994962973673,1816.8760986328125,1856.8994962973673,2148900
2023-05-22,1806.6375732421875,1835.4916509189045,1801.0529130466937,1820.5992237309215,2104900
2023-05-23,1796.399169921875,1852.2457762406898,1778.7144112542503,1822.4609195373218,2885000
2023-05-24,1839.2147216796875,1853.1763718948673,1803.845207801232,1807.56831452528,2228500
2023-05-25,1784.299072265625,1815.0147057475058,1780.5759651769122,1815.0147057475058,1908800
2023-05-26,1768.475830078125,1794.5375791529605,1768.475830078125,1793.6068024002877,1639500
2023-05-29,1787.09130859375,1793.6067456563312,1772.1988810221353,1789.8836387634276,1548700
2023-05-30,1773.129638671875,1792.6759496493603,1761.0295414000984,1788.0220660832924,1501500
2023-05-31,1770.3372802734375,1777.7834938602869,1743.3447560211087,1764.7526200833006,7839000
2023-06-01,1781.5067138671875,1783.3682673822002,1729.383215446831,1770.337392777111,3239300
2023-06-02,1857.830322265625,1862.4842058384347,1794.5375056754133,1799.191389248223,3101700
2023-06-05,1853.641845703125,1881.5651474209728,1842.93791337795,1878.3074288872238,2559500
2023-06-06,1852.7110595703125,1855.5033897279166,1810.3607188466506,1830.8378066690805,1934900
2023-06-07,1855.0379638671875,1898.7844687852798,1848.9879153146856,1869.4650027231542,3705500
2023-06-08,1851.7801513671875,1875.5149560215546,1841.5416081829508,1866.2071894904302,1771700
2023-06-09,1849.453369140625,1879.7036129740777,1823.391620607189,1874.1189525740556,3171500
2023-06-12,1868.0689697265625,1882.961397985469,1850.849599552202,1866.2074161941991,1776400
2023-06-13,1876.44580078125,1900.1806062970843,1862.0187621343705,1871.326529003325,2422600
2023-06-14,1923.91552734375,1931.3617412860578,1870.8612530048078,1880.1690204326924,2636600
2023-06-15,1875.51513671875,1913.676983173077,1869.465087890625,1906.6961576021636,2750600
2023-06-16,1895.9920654296875,1919.2614820402628,1874.584202147958,1901.5767254162256,5042900
2023-06-19,1903.4383544921875,1918.3307817155983,1883.8920437614609,1905.2999078951138,2191000
2023-06-20,1896.9228515625,1908.0921715913273,1876.4457648429834,1908.0921715913273,1858400
2023-06-21,1969.5234375,1975.5734858666117,1895.061303757089,1896.9228571006618,2714000
2023-06-22,1966.2657470703125,1995.1198243054273,1953.7002618227627,1969.9888538103273,2179700
2023-06-23,1945.788818359375,1990.466102875639,1920.6578458189765,1985.8122190718616,1862300
2023-06-26,1943.4617919921875,1953.700335915518,1902.0422279387142,1926.2424226665862,2058700
2023-06-27,1954.16552734375,1966.731011801545,1931.3614999944184,1952.3039740907434,1743900
2023-06-28,1979.76220703125,1984.4160909217794,1948.5811849647023,1950.4427385209142,1690100
2023-06-29,1974.1776123046875,1998.3778093437832,1971.3852818770997,1986.2777108242353,1408800
2023-06-30,1959.7503662109375,1976.969735374985,1939.2732785563942,1974.1774052402745,2598400
2023-07-03,1980.227294921875,1989.5350612904854,1971.3849168716952,1975.1080234191393,1142300
2023-07-04,2058.878173828125,2058.878173828125,1988.1391407309561,1990.9314709847918,2402500
2023-07-05,2099.36669921875,2107.743688929665,2042.1239361941641,2057.016362346902,2417800
2023-07-06,2068.185546875,2076.0971477518847,2047.2430739655997,2076.0971477518847,2950700
2023-07-07,2086.801513671875,2125.8941379244256,2043.9857823476527,2063.997482857887,3472800
2023-07-10,2067.720703125,2097.9709497383524,2056.5513812985314,2074.701529266543,3223900
2023-07-11,2017.4586181640625,2063.532067575422,2012.3393460072448,2062.6012908196367,2118600
2023-07-12,2005.3583984375,2029.0932042672314,1970.4542722173069,2022.1123790231927,2123400
2023-07-13,1954.6309814453125,2000.2390376790365,1931.361564999535,1979.7619512067522,3076100
2023-07-14,1969.0582275390625,1984.881432392839,1921.5886129777332,1940.2041480998232,2545400
2023-07-18,1975.108154296875,2019.3200474774128,1973.2466008997997,1995.585241664703,1795100
2023-07-19,1982.554443359375,1999.3084245708628,1963.0081319459728,1981.6236666254035,1795200
2023-07-20,1937.877197265625,1976.5044324656842,1930.89637162706,1971.850548706641,2486100
2023-07-21,1963.4735107421875,1976.9697733189885,1941.1348692357583,1969.058171118795,1687600
2023-07-24,1964.4041748046875,1983.4850966637239,1936.0154861851456,1951.3733013399797,1413100
2023-07-25,1974.642822265625,1981.6236477037546,1956.9580644890298,1963.9388899271594,1711800
2023-07-26,1988.6046142578125,1995.1200517957504,1969.0583016439982,1976.9699043686373,1328500
2023-07-27,2028.6279296875,2033.2818134445258,2001.1700155210485,2003.9623457752639,1800600
2023-07-28,2179.879150390625,2187.325364397083,2048.174240151396,2050.035793653011,5131400
2023-07-31,2151.02490234375,2211.990774738175,2135.6670871604215,2187.3251927770716,5059300
2023-08-01,2157.54052734375,2180.809946318553,2122.1710105020493,2135.6672735074353,1987100
2023-08-02,2070.978515625,2097.9710445926967,2038.401325491573,2078.4247305126405,3222500
2023-08-03,2069.58203125,2099.832274567124,2062.6012058691254,2094.247614262424,2600900
2023-08-04,2104.95166015625,2114.7248162171127,2059.808986922742,2077.0283571252144,1506500
2023-08-07,2099.36669921875,2124.032280034222,2082.61271979692,2102.1590291223883,1694400
2023-08-08,2068.185546875,2099.3665620956626,2063.99705229312,2099.3665620956626,1891900
2023-08-09,2055.62060546875,2066.789927300593,2031.4204081664238,2046.7782256852079,1830900
2023-08-10,2112.86328125,2121.2402722329293,2055.620509533315,2055.620509533315,2381300
2023-08-14,2062.1357421875,2124.9631683204975,2061.2049655040482,2102.624527917654,1815800
2023-08-15,2084.009033203125,2109.140004126075,2078.88976134845,2084.939809903975,1203300
2023-08-16,2053.29345703125,2064.4627777403953,2035.1433108788885,2046.312631588034,1372300
2023-08-17,2066.78955078125,2067.720327431005,2022.1122715930042,2045.8470761617598,1712600
2023-08-18,2071.443359375,2085.405008618148,2049.5701088940687,2052.3624387426985,1516700
2023-08-21,2076.097412109375,2082.6128489552684,2049.10488803353,2063.0665384175877,1434300
2023-08-22,2108.209228515625,2116.120830476942,2073.770490566363,2090.989859540994,1210400
2023-08-23,2153.351806640625,2153.351806640625,2077.9588970500085,2088.197440327747,1892200
2023-08-24,2158.9365234375,2163.5904068680616,2134.73632959858,2144.5094848027593,1765700
2023-08-25,2136.13232421875,2165.917175798271,2127.2899464060797,2156.6094096796705,1363400
2023-08-28,2169.17529296875,2185.929275064196,2156.144418005625,2158.0059715717857,1327600
2023-08-29,2167.3134765625,2194.3059999983225,2151.0248848339866,2176.621243264508,1794400
2023-08-30,2180.34423828125,2191.0481694403684,2170.571083744664,2174.759578546058,5554500
2023-08-31,2153.351806640625,2171.967339872876,2145.905593347725,2156.1441366254626,3111200
2023-09-01,2180.34423828125,2205.4752070896143,2137.9939019560434,2140.7862318236394,1822400
2023-09-04,2218.971435546875,2220.8329887646155,2180.3442062787562,2183.136536105367,1576000
2023-09-05,2203.148681640625,2250.6182983553153,2172.4330472958254,2235.2604811829156,1967900
2023-09-06,2246.89501953125,2256.202786803542,2205.0100668059367,2220.8332711688327,1384600
2023-09-07,2296.69140625,2305.0683961816108,2247.3602433194023,2252.9449032738094,2019000
2023-09-08,2235.725830078125,2300.414816418853,2232.933499732482,2250.15287019728,2480000
2023-09-11,2309.25732421875,2320.8920346390382,2264.114647788033,2265.5108130384674,1889500
2023-09-12,2310.187744140625,2319.030122693943,2251.0834243368663,2308.326190760979,2298700
2023-09-13,2324.1494140625,2337.6456761786017,2295.760724783803,2322.7532490160065,1997400
2023-09-14,2372.08447265625,2409.3155414835014,2365.569035611481,2394.8885023129415,2193400
2023-09-15,2382.322998046875,2459.1120769055847,2366.965182275133,2406.988580953006,4069600
2023-09-19,2414.900390625,2418.6234977988292,2364.1730553815764,2366.4999973652198,2493000
2023-09-20,2353.468994140625,2427.0003568209136,2336.7150127704326,2414.4348707932695,3156900
2023-09-21,2333.457275390625,2363.2421309201422,2325.545673140597,2336.249605596517,2146300
2023-09-22,2359.05322265625,2373.48025952789,2319.0298300446034,2321.3567714755127,2380100
2023-09-25,2339.0419921875,2351.6074784169195,2319.0302918962025,2339.0419921875,1741100
2023-09-26,2422.811767578125,2457.7158940799227,2381.392204129325,2428.3964278184126,3962100
2023-09-27,2408.384765625,2422.8118048007245,2365.103648097826,2411.1770957880435,2712500
2023-09-28,2409.328125,2426.3118360828275,2368.7559263021344,2389.513795403368,3068000
2023-09-29,2328.655517578125,2402.7233693325347,2307.8976482966345,2396.590362499367,3279100
2023-10-02,2341.393310546875,2370.171265804453,2321.1072109390743,2338.0909222386285,2706700
2023-10-03,2330.54296875,2367.812785456731,2314.5027944711537,2366.3974759615385,1853300
2023-10-04,2300.34912109375,2317.332830765484,2271.0993988813193,2297.9902725282313,2348800
2023-10-05,2350.828857421875,2373.945577071418,2266.382065232729,2284.7810869946097,3248600
2023-10-06,2368.284423828125,2380.0786689667116,2322.0509828848667,2327.7122205513883,2425400
2023-10-10,2448.485107421875,2462.63820052836,2369.699555795776,2369.699555795776,1890900
2023-10-11,2447.06982421875,2467.8276943297246,2417.820098153286,2448.4851335444982,2302400
2023-10-12,2476.319580078125,2506.9846158382848,2455.5617097174018,2483.8678965729337,2445200
2023-10-13,2416.404541015625,2475.37575687407,2415.46100156189,2472.073368785997,2008000
2023-10-16,2385.267822265625,2409.7998489186734,2351.7721704893474,2405.5539212287226,2537900
2023-10-17,2409.328125,2415.46113177991,2366.3970775406306,2375.360702834345,1762400
2023-10-18,2469.714599609375,2484.3394616127925,2414.989309532071,2431.501250503671,2593700
2023-10-19,2421.12255859375,2448.485206372089,2420.1790190151864,2430.5579543793842,2124800
2023-10-20,2399.892578125,2451.7872475949725,2399.892578125,2426.783452304895,1752600
2023-10-23,2399.892578125,2419.7069064680804,2361.679230606202,2371.5863947777425,1698900
2023-10-24,2363.56640625,2381.9654261788924,2322.994208458084,2381.493656437126,2044600
2023-10-25,2356.961669921875,2385.2678549089273,2335.2602614318016,2344.695656427486,2801900
2023-10-26,2356.48974609375,2397.533711641329,2343.7519636824327,2357.9050552505632,2527400
2023-10-27,2431.97314453125,2437.6343817251154,2328.6555657432104,2350.3569749863605,1804000
2023-10-30,2407.9130859375,2445.1829005513446,2387.6269843122427,2387.6269843122427,6732500
2023-10-31,2521.609375,2536.2342376052384,2435.747278414406,2462.6381548175864,3049800
2023-11-01,2556.048583984375,2605.1126394909043,2551.3308863395164,2564.0686699806347,3042500
2023-11-02,2570.20166015625,2616.435096774332,2541.89547447171,2593.7901482267002,1708800
2023-11-06,2562.6533203125,2619.2656911588733,2540.0083719739505,2592.846584763899,2787000
2023-11-07,2479.150146484375,2562.6533959473118,2476.7912976294897,2562.6533959473118,2778600
2023-11-08,2320.635498046875,2478.6783709571623,2300.3493979419727,2475.8477523378738,4034200
2023-11-09,2343.75244140625,2351.772528262914,2272.043429511373,2302.7084674927346,2877700
2023-11-10,2451.787353515625,2456.033281201144,2351.772168034518,2357.9051746913783,2630300
2023-11-13,2470.1865234375,2498.4927097259356,2438.1061789772725,2447.0698046352773,1423400
2023-11-14,2481.980712890625,2502.73858237688,2448.0132900949347,2492.3596476337525,2095600
2023-11-15,2275.8173828125,2337.6192230174,2214.0155426076,2312.615425071906,6121100
2023-11-16,2223.9228515625,2275.8175298976453,2212.1286064863307,2259.777356594055,3656900
2023-11-17,2200.33447265625,2211.185178674924,2113.057054679962,2129.568998621422,4667000
2023-11-20,2179.1044921875,2199.8623613488444,2138.060523618478,2154.1006952431535,2983500
2023-11-21,2163.5361328125,2207.410720765305,2163.064363049567,2179.104534989302,2239800
2023-11-22,2148.439453125,2174.8585592679515,2135.2299000535245,2143.2499858469205,2158100
2023-11-24,2165.89501953125,2187.12465923478,2146.5524589124784,2175.8021847262307,1982500
2023-11-27,2154.572509765625,2189.483472262375,2130.040482065206,2174.8586095948176,2273200
2023-11-28,2107.8671875,2160.233628371195,2099.3753322235902,2150.32646388205,3214200
2023-11-29,2074.84326171875,2103.1494453711202,2059.7466304374857,2075.7868011738287,3030800
2023-11-30,2063.04931640625,2068.710553954129,2038.5172870321076,2055.972769471401,5486700
2023-12-01,2085.22265625,2110.2264573317307,2070.5977914663463,2088.5250450721155,2358200
2023-12-04,2054.557373046875,2075.7870129520666,2024.3641074039358,2055.500912598217,2417100
2023-12-05,2094.18603515625,2105.9802795533906,2063.9927694995704,2073.8999347931685,2842200
2023-12-06,2167.31005859375,2167.7818283061124,2120.1330873574907,2132.399099878918,2912700
2023-12-07,2203.164794921875,2203.6365646852414,2129.5687118366905,2143.7218047376873,2904700
2023-12-08,2169.197509765625,2243.2653673196055,2158.3468045188633,2204.1084744725968,4327500
2023-12-11,2191.84228515625,2205.0518383168987,2147.024158361191,2155.987783720203,2405000
2023-12-12,2214.4873046875,2222.5073907931005,2179.576341639593,2197.0318231635465,2134900
2023-12-13,2195.61669921875,2232.414744457053,2174.858827545861,2225.338197295841,1865100
2023-12-14,2102.206298828125,2170.6129221068677,2076.7307287794897,2150.3268200311027,2243800
2023-12-15,2086.166015625,2101.734418726679,2045.5938136024422,2061.6339864950814,2937000
2023-12-18,2067.766845703125,2088.0529452617,2046.5372066301977,2067.766845703125,2133700
2023-12-19,2055.029052734375,2112.1131930881074,2021.0616303751292,2089.4682448486105,2452500
2023-12-20,2056.91650390625,2096.5451704952698,2049.839956301068,2051.2552658221043,1545400
2023-12-21,2051.7265625,2058.3313387416647,2028.6098456541733,2044.1782467952403,1612600
2023-12-22,2089.468017578125,2091.826866096502,2041.8192775069147,2041.8192775069147,1532100
2023-12-25,2085.694091796875,2113.528507407826,2079.5610849673435,2111.641428383355,817400
2023-12-26,2063.521240234375,2093.7145094101866,2057.3882324330384,2088.053271439722,1132100
2023-12-27,2076.73046875,2083.3352453430257,2063.520915563948,2069.1821526436847,1543300
2023-12-28,2113.52880859375,2121.077125767299,2073.9001434326174,2078.6178416660855,5123500
2023-12-29,2114.000244140625,2145.137047558005,2097.01653318569,2127.209797105574,1303500
2024-01-04,2154.572509765625,2164.4796747984865,2092.7706707511084,2121.076856559284,1604200
2024-01-05,2192.785888671875,2203.6365933705524,2166.8385513489507,2169.669169965997,1232100
2024-01-09,2187.124755859375,2233.3581954784904,2184.765906899216,2198.91900066017,1672800
2024-01-10,2188.539794921875,2214.487130278784,2148.4393675521055,2148.4393675521055,1459400
2024-01-11,2227.69677734375,2251.7570347864716,2209.7695267001536,2211.18483596149,2121000
2024-01-12,2221.091796875,2241.849664135514,2197.5033113516884,2238.075506451784,1721100
2024-01-15,2255.531494140625,2272.9869773623786,2253.6444148734086,2255.059724323821,248200
2024-01-16,2245.15234375,2288.0833929790924,2239.0193367172724,2255.0595089567137,1136000
2024-01-17,2279.11962890625,2330.542530903928,2245.152207403197,2245.6239771462947,2457900
2024-01-18,2277.704345703125,2308.841149103375,2263.0794834999774,2286.667970924409,1794100
2024-01-19,2255.531494140625,2315.4462608747517,2240.9066298196967,2297.9907776529985,1625100
2024-01-22,2285.252685546875,2314.502410258664,2265.910125656821,2302.708166423265,1267600
2024-01-23,2219.205322265625,2301.293274237185,2210.713465165119,2292.3296472977618,2811300
2024-01-24,2257.41845703125,2263.551464333529,2208.826168405499,2212.600326745363,3081000
2024-01-25,2247.510986328125,2305.0668931988284,2244.2085982289864,2269.212393836751,2073800
2024-01-26,2223.450927734375,2247.5111860230345,2212.6002230159597,2247.5111860230345,1591700
2024-01-29,2279.591552734375,2279.591552734375,2246.5676684853256,2250.341826685217,1422400
2024-01-30,2285.252685546875,2306.954094204009,2267.325434917069,2282.893836779795,1331900
2024-01-31,2325.824951171875,2325.824951171875,2258.8336442618534,2260.7207233297413,1891800
2024-02-01,2240.906494140625,2318.276739412007,2227.225170281661,2304.123645764803,2489400
2024-02-02,2191.84228515625,2226.281477325085,2171.556185659539,2223.45085879066,2310300
2024-02-05,2252.70068359375,2257.8901511371073,2189.9553032967933,2223.92272721695,1703100
2024-02-06,2224.394287109375,2279.591345771474,2224.394287109375,2248.926313181419,1764800
2024-02-07,2202.693115234375,2237.132309368474,2191.84241023322,2216.374438931483,1552400
2024-02-08,2211.65673828125,2247.51124171755,2198.447184383666,2229.1122202173437,1150700
2024-02-09,2197.50390625,2225.810096540897,2164.480017577286,2211.657001395449,1283400
2024-02-13,2302.708251953125,2327.2402800419513,2185.7093487602597,2197.9753628046733,4494900
2024-02-14,2210.713134765625,2303.651779142242,2191.3705742608468,2282.4221395638274,3212800
2024-02-15,2230.99951171875,2344.6960400173793,2227.697122929993,2321.107548669116,4191800
2024-02-16,2369.227783203125,2402.251667078915,2217.789687144144,2261.1925059523255,4119300
2024-02-19,2425.368408203125,2498.0209534011956,2369.227805095525,2376.77612147974,3343500
2024-02-20,2383.381103515625,2429.614545349459,2374.8892468522677,2406.026054617911,1930500
2024-02-21,2331.014404296875,2375.8325318840443,2298.462290575668,2367.340676130686,2226600
2024-02-22,2389.042236328125,2404.6106395269458,2330.0710120901676,2349.4135736402177,1975300
2024-02-26,2384.32421875,2415.4610209734865,2341.8649429907005,2368.7558176382568,1676100
2024-02-27,2457.920654296875,2461.2230428918997,2392.8164219949617,2405.0824367764817,2807600
2024-02-28,2422.06591796875,2488.113683554185,2399.892739522211,2472.073511912008,2075600
2024-02-29,2456.033203125,2456.5049728528384,2391.400750411184,2453.2025847579716,2949200
2024-03-01,2527.270751953125,2561.709946444926,2473.0172263838494,2482.924391922587,2418500
2024-03-04,2518.30712890625,2538.5932297947793,2486.2267833150877,2510.2870425084593,1820200
2024-03-05,2531.5166015625,2536.7060690647713,2498.0209476842037,2530.101292243699,1844100
2024-03-06,2577.278076171875,2586.7134709226416,2521.137477404814,2547.0848129694223,2124800
2024-03-07,2578.693603515625,2626.342351037593,2541.895560874897,2595.2055457262077,1631300
2024-03-08,2579.16552734375,2621.1530400442425,2534.8191656151394,2582.9396857887377,1798700
2024-03-11,2497.077392578125,2594.7337349668783,2456.033422588649,2573.0323255471553,2677100
2024-03-12,2440.936767578125,2449.900393125861,2379.134928275316,2449.900393125861,3102300
2024-03-13,2446.59814453125,2494.7186633785673,2400.8364746470365,2485.283267526152,2035900
2024-03-14,2463.10986328125,2484.81127176831,2441.4084547941907,2455.0897775360327,1602000
2024-03-15,2457.44873046875,2519.7223400717207,2449.9004141532387,2463.109967705384,2506200
2024-03-18,2502.26708984375,2528.214429576293,2460.279576458363,2476.7915199245263,2570300
2024-03-19,2528.68603515625,2545.6697473326726,2488.1138338459073,2490.000912976621,2550700
2024-03-21,2561.23828125,2582.467922557101,2536.2344814883036,2566.427749125069,1967200
2024-03-22,2600.395263671875,2614.0765885351707,2551.3312020931603,2562.6536778420946,1700300
2024-03-25,2540.008544921875,2603.2256966714162,2540.008544921875,2594.733840466254,1516700
2024-03-26,2560.7666015625,2572.5608471481787,2515.948468336922,2556.992442975083,1304100
2024-03-27,2570.20166015625,2597.092536556563,2557.4638765982068,2561.238034689479,2066200
2024-03-28,2510.462890625,2572.1133214056254,2495.6476708250048,2562.077204766919,2235300
2024-03-29,2488.95703125,2556.820298999136,2486.0895692324307,2541.049257902506,956400
2024-04-01,2449.290283203125,2515.2419044874237,2421.093575552591,2507.117429401677,3102600
2024-04-02,2484.177734375,2502.3383257382648,2436.3867044716717,2437.8204353687715,1796100
2024-04-03,2527.189697265625,2537.2258136882006,2458.848523530946,2463.627626589315,2220800
2024-04-04,2531.012939453125,2549.173530786059,2520.9768231901876,2540.093235119592,1792200
2024-04-05,2511.418701171875,2528.145562169214,2463.1497594366974,2508.073328972407,1609100
2024-04-08,2531.490966796875,2577.848267869047,2514.7641055852664,2528.145594554553,1521400
2024-04-09,2528.1455078125,2541.0490860187265,2491.8243247134924,2520.0210326456167,1086400
2024-04-10,2491.346435546875,2512.852399406382,2477.4870366151927,2502.816282938612,1104400
2024-04-11,2457.892822265625,2489.912814311473,2446.900884697647,2466.973118517433,1590200
2024-04-12,2488.0009765625,2510.4627602540936,2440.209947431449,2451.2018841315908,1566700
2024-04-15,2499.470947265625,2505.205871045202,2444.989171359644,2467.928866477952,1009000
2024-04-16,2444.989013671875,2481.3101952666875,2422.527230317188,2475.5752718569806,2132900
2024-04-17,2360.399169921875,2468.884817132295,2360.399169921875,2461.238251690151,1526800
2024-04-18,2405.800537109375,2414.4029228201357,2340.3268236441418,2358.0095053829273,1659700
2024-04-19,2348.92919921875,2417.270374292663,2314.0417462089904,2417.270374292663,1751100
2024-04-22,2416.79248046875,2426.3506868380155,2367.08980734857,2389.551592316344,1453800
2024-04-23,2389.5517578125,2462.6720416015623,2388.1180267578125,2433.0415998046874,1589900
2024-04-24,2376.170166015625,2403.8889652169337,2376.170166015625,2393.8528482647357,2100400
2024-04-25,2313.56396484375,2354.1863439000854,2313.56396484375,2354.1863439000854,2178200
2024-04-26,2437.342529296875,2459.326403090533,2315.4754028320312,2329.334801528033,5761400
2024-04-30,2463.149658203125,2481.3102493967062,2417.2702699246033,2454.547272900902,1616700
2024-05-01,2502.816162109375,2534.3582409138853,2433.04126051152,2455.50304390261,1648600
2024-05-02,2478.443115234375,2485.133860242721,2439.7323762575174,2475.575653087941,1131600
2024-05-07,2456.93701171875,2509.507148129772,2449.7683567536105,2501.860582833623,2524200
2024-05-08,2407.712158203125,2452.157817336291,2390.98529723903,2437.3425976252356,1829500
2024-05-09,2514.76416015625,2528.1456494159183,2434.9531349289423,2444.9892518736933,1670500
2024-05-10,2570.20166015625,2594.0971757768916,2526.2339114142687,2536.2700279749383,1572500
2024-05-13,2531.968994140625,2551.085407837421,2502.816463253011,2535.314366537564,2186800
2024-05-14,2525.756103515625,2533.4026688242816,2498.0373042717447,2514.28625555264,1807600
2024-05-15,2489.434814453125,2532.9246528319372,2459.3264648062545,2525.7559981541112,2256600
2024-05-16,2334.114013671875,2395.7644452369186,2298.270739506152,2298.270739506152,5210400
2024-05-17,2401.021484375,2404.844766993431,2319.298818406026,2350.362989680782,2686000
2024-05-20,2507.595458984375,2509.9850105938513,2426.828614584078,2437.3426416657735,2449100
2024-05-21,2444.033203125,2541.526901489783,2429.2179842558417,2532.924516339949,2340500
2024-05-22,2420.137939453125,2472.230166032981,2420.137939453125,2451.6800216023958,1518900
2024-05-23,2480.83251953125,2480.83251953125,2408.6680598030243,2432.563576269324,1806700
2024-05-24,2458.8486328125,2478.442956222668,2426.8286408983236,2453.113708887573,1642700
2024-05-27,2493.736083984375,2504.250111168671,2474.14176059546,2485.6116084328737,1556800
2024-05-28,2558.73193359375,2564.4668576137583,2487.5232936786456,2505.683886408672,1779900
2024-05-29,2623.249755859375,2687.7676492900573,2551.0852972813523,2558.7318624286927,3351900
2024-05-30,2640.45458984375,2660.048913496889,2586.92863254737,2608.4345975325223,1793600
2024-05-31,2700.671142578125,2738.426056799267,2645.711457319501,2645.711457319501,4094700
2024-06-03,2724.0888671875,2752.763486842105,2676.2978344298244,2684.900220326206,1923700
2024-06-04,2651.924560546875,2780.9603564285935,2643.3221741547604,2723.1332034593793,2903700
2024-06-05,2547.739990234375,2623.249822996902,2536.748052553754,2608.4346026447606,2109600
2024-06-06,2556.34228515625,2577.3703391003282,2537.703782796726,2549.173630402587,1749600
2024-06-07,2607.478759765625,2632.3300969188167,2560.6435474384566,2573.5471263449213,1872100
2024-06-10,2669.129150390625,2693.5025768310766,2614.6473736413805,2626.595131700425,1475100
2024-06-11,2629.462646484375,2708.317851258988,2628.028915488473,2692.5468103040657,1174400
2024-06-12,2617.99267578125,2629.940433520303,2573.0691066824115,2581.6714922545298,1247200
2024-06-13,2504.72802734375,2620.3823266410573,2496.603551773278,2614.1694923812847,1999900
2024-06-14,2519.543212890625,2539.1375360561246,2467.4509878896615,2483.699938807393,2591200
2024-06-17,2475.57568359375,2528.145823592845,2466.9732970484433,2519.5434370475386,1365300
2024-06-18,2474.61962890625,2510.9408131080413,2461.716050308245,2499.47096546537,1563900
2024-06-19,2516.19775390625,2518.109395124792,2444.9891185155507,2451.6798627804487,1384100
2024-06-20,2502.816162109375,2535.314061483719,2466.0170701707802,2519.5430220814637,1157100
2024-06-21,2513.330322265625,2559.6876223720647,2502.81629543736,2529.5792728183974,1691100
2024-06-24,2542.482666015625,2554.908333180363,2489.4346254277048,2513.330139206047,989500
2024-06-25,2616.0810546875,2620.8601578199214,2557.298086158716,2567.812113050043,1674600
2024-06-26,2585.494873046875,2636.6312781145307,2575.458756164438,2631.3742645094444,2479200
2024-06-27,2631.374267578125,2642.3662051288507,2586.928607046929,2609.3903924766732,2625200
2024-06-28,2684.42236328125,2729.345934965145,2635.6755089008534,2647.623267327421,2221300
2024-07-01,2791.47412109375,2791.47412109375,2735.0807045059973,2739.3818972965887,1846700
2024-07-02,2895.1806640625,2934.369309564832,2805.8114359047436,2819.670834923861,2768100
2024-07-03,2877.02001953125,2913.3412025020766,2834.4860026312035,2891.3573285986818,2054700
2024-07-04,2895.1806640625,2901.8714084165567,2850.735005139124,2871.285148512298,1282000
2024-07-05,2883.7109375,2926.722867293669,2875.108551541266,2900.9157094174675,905700
2024-07-08,2859.33740234375,2896.1364964404356,2857.903671404918,2877.020083922677,1341000
2024-07-09,2865.55029296875,2901.8714774693544,2847.867611040824,2882.7550645742995,1414600
2024-07-10,2913.34130859375,2939.1484658549152,2839.265209047813,2854.5583392766516,1797900
2024-07-11,2889.44580078125,2967.823093425664,2889.44580078125,2922.8995232514267,1610000
2024-07-12,2780.482177734375,2845.4779797577294,2758.0203932115983,2828.7511189428956,2385300
2024-07-16,2808.201171875,2811.068633929331,2769.0125237991406,2808.201171875,1692400
2024-07-17,2750.851806640625,2811.5464173847804,2745.5947931116034,2807.7231348182195,1774500
2024-07-18,2755.630859375,2788.606670907583,2726.9562406510145,2729.823702523413,1617200
2024-07-19,2751.32958984375,2763.2773473122393,2725.522433711813,2752.7633207399685,829900
2024-07-22,2759.93212890625,2778.092721269616,2746.5506397964014,2751.3297430499188,1186900
2024-07-23,2811.068603515625,2819.670989585547,2787.1730866547305,2803.899948457357,1097000
2024-07-24,2725.5224609375,2808.2009434453357,2718.3538063847973,2800.076468285606,1073800
2024-07-25,2624.205322265625,2696.369773852241,2621.337860613177,2693.0244019243846,1417500
2024-07-26,2610.34619140625,2661.4825961079105,2593.141419730925,2628.506783730204,1438200
2024-07-29,2679.1650390625,2699.2372708927933,2631.8519211768084,2650.9683324437547,1434000
2024-07-30,2667.217529296875,2682.9885700542295,2630.896344522361,2631.3742548483415,1391300
2024-07-31,2723.133056640625,2728.3900702634833,2638.06501801619,2647.623224603205,2369200
2024-08-01,2637.109130859375,2725.0446292425077,2614.1694356289927,2710.229409406219,2020100
2024-08-02,2394.33056640625,2518.109332214477,2388.5956428939,2497.0812793358596,2788200
2024-08-05,1955.6090087890625,2102.805385794691,1916.4203629628887,2072.697035952631,4825700
2024-08-06,2109.01806640625,2183.5720701133373,2010.0906384103077,2126.7007467726744,3439200
2024-08-07,2098.504150390625,2200.299045410712,2008.1791026967448,2012.958205749331,4549100
2024-08-08,2066.962158203125,2118.0985630419073,2036.3758973649747,2066.962158203125,3154900
2024-08-09,2102.805419921875,2137.6928734796697,2056.448118619052,2102.3275095991658,3916100
2024-08-13,2222.282958984375,2264.8169769090223,2141.0382056451613,2246.178474672379,4157800
2024-08-14,2276.7646484375,2313.085830906276,2243.7888380382165,2270.0739042985147,3033000
2024-08-15,2304.483642578125,2329.8128904123514,2237.576195468847,2277.242753397919,2825400
2024-08-16,2343.1943359375,2398.154023604808,2314.5197162849913,2391.4632790192227,3339300
2024-08-19,2303.050048828125,2360.8772029904417,2296.3593037184355,2358.4876511655525,1532700
2024-08-20,2318.3427734375,2338.8929155232167,2307.82874725411,2322.6439659670687,1225200
2024-08-21,2293.969482421875,2313.5638050842285,2270.0739669799805,2274.3751597595215,2143100
2024-08-22,2285.367431640625,2304.0059364156114,2260.516091940643,2293.4919080810037,1499300
2024-08-23,2328.856689453125,2383.8163691754953,2315.9531124748296,2343.1939972067867,2357000
2024-08-26,2278.19873046875,2325.033946660472,2252.869480895676,2320.7327533367425,1521300
2024-08-27,2287.27880859375,2320.254620919903,2285.845077623048,2308.7847731542847,1541700
2024-08-28,2302.572021484375,2303.5278421657717,2272.941580361081,2286.800980241331,1665800
2024-08-29,2329.812744140625,2350.3628873197117,2305.9172288161058,2322.6440895432693,2009400
2024-08-30,2340.326904296875,2357.0537659775755,2324.0779529499086,2338.415262961938,2009400
2024-09-02,2349.4072265625,2371.869012495868,2323.122157917069,2352.274688596547,1218000
2024-09-03,2409.623779296875,2419.1819854821065,2359.4431968244094,2371.3909545559486,1958900
2024-09-04,2280.588134765625,2320.732603189831,2270.5520176595733,2304.005741346412,2540100
2024-09-05,2240.921630859375,2297.792962501999,2198.3876097148914,2232.7971549104286,2316300
2024-09-06,2243.7890625,2255.2589107428116,2219.893545327476,2234.2308556309904,1562200
2024-09-09,2210.81298828125,2213.2025397169195,2118.5763028644146,2154.419574399454,1797400
2024-09-10,2185.9619140625,2243.7890657025446,2173.05833477092,2224.1947415931077,1334900
2024-09-11,2187.395751953125,2205.5563459173413,2166.367695784032,2175.92590313362,2137400
2024-09-12,2242.8330078125,2247.1342004547996,2196.9536196279696,2221.80495489459,2210700
2024-09-13,2288.234619140625,2318.820879713933,2237.576125066083,2244.744779887952,3282600
2024-09-17,2261.4716796875,2348.929270005085,2201.7328884869635,2329.8128568209136,2444700
2024-09-18,2324.555908203125,2347.0176943226866,2305.4394944843493,2309.2627772281044,2571000
2024-09-19,2382.86083984375,2411.5354588551068,2359.9211446346644,2381.905019210038,2258200
2024-09-20,2426.828369140625,2462.6716396576685,2392.896739717824,2429.6958307819887,2735500
2024-09-24,2404.844482421875,2454.547150580038,2401.9770207973656,2444.9889451650065,2575100
2024-09-25,2369.957275390625,2412.0133835241954,2347.9734006844405,2412.0133835241954,2213800
2024-09-26,2422.52734375,2441.643756010801,2396.7201871979187,2407.7121242478793,2878200
2024-09-27,2442.435791015625,2451.661691617871,2402.6187463111955,2437.580053856548,2421900
2024-09-30,2423.012939453125,2461.373264546671,2382.710319418133,2393.878515331444,2090700
2024-10-01,2474.96923828125,2490.0220235248676,2428.8397351153253,2443.892520358943,1573600
2024-10-02,2405.5322265625,2459.4309098786966,2388.5371462375733,2427.3830441231203,2092400
2024-10-03,2448.2626953125,2469.6279389844062,2410.8735188866644,2454.089579950293,1828100
2024-10-04,2483.709716796875,2488.565454268619,2442.435948287054,2448.2628332531467,1352000
2024-10-07,2561.886962890625,2583.2522067054824,2544.891882583352,2572.5695847980537,2002100
2024-10-08,2496.33447265625,2537.122664779013,2486.6229983413064,2513.3295527074015,1187500
2024-10-09,2478.368408203125,2530.324799205816,2468.171359501662,2523.0411929904853,1441600
2024-10-10,2504.103759765625,2533.2381839630143,2491.964416350046,2524.9834304404208,1691800
2024-10-11,2500.704833984375,2527.4113904638198,2500.704833984375,2511.387456576153,1373200
2024-10-15,2523.041015625,2545.37740644847,2516.2429836352485,2541.9783904535943,1640300
2024-10-16,2507.98828125,2538.579425822846,2448.7482869978217,2478.368284123911,1444000
2024-10-17,2498.27685546875,2533.238164233327,2491.9643969418125,2508.4739038584185,1103500
2024-10-18,2495.848876953125,2522.5554310839466,2489.0508449925524,2515.271825411904,1047400
2024-10-21,2462.344482421875,2486.6231698841298,2448.7484174430124,2486.137596134885,963600
2024-10-22,2424.955322265625,2461.3733537373755,2406.989093406228,2457.003189960765,1357000
2024-10-23,2401.647705078125,2432.724424270402,2392.421804067918,2424.9552444723327,1069700
2024-10-24,2397.27734375,2415.7291442487845,2360.859316449767,2374.4553799751875,1341900
2024-10-25,2373.484375,2402.1332248619065,2366.686342829378,2385.138144435352,924500
2024-10-28,2387.080322265625,2402.618680750674,2353.0901630795806,2363.772784538052,1500900
2024-10-29,2416.21484375,2428.839760538083,2390.479436451216,2397.277468567876,1271800
2024-10-30,2413.787109375,2443.4071081019915,2396.7920281382017,2427.8687481140614,2410600
2024-10-31,2397.27734375,2437.5799606289243,2376.8832484618697,2435.152092142242,1933000
2024-11-01,2322.013671875,2339.9799006201642,2287.0523618844104,2312.3021968776143,3319200
2024-11-05,2359.88818359375,2359.88818359375,2322.0134349681716,2338.5229407793213,1831100
2024-11-06,2437.580078125,2447.2915525398407,2359.8882828062747,2361.830577689243,2407800
2024-11-07,2533.238037109375,2558.487869950028,2495.8488615568695,2503.6180408924547,3020100
2024-11-08,2530.32470703125,2551.2043774212602,2490.9932349012306,2545.8630663912577,1723200
2024-11-11,2507.01708984375,2521.098727574811,2487.108567534319,2489.53643610864,1169200
2024-11-12,2518.185302734375,2560.9157899385064,2506.0459597786557,2528.382350817179,1530500
2024-11-13,2524.9833984375,2546.834216308594,2498.276843261719,2539.5506103515627,2221800
2024-11-14,2463.315673828125,2559.9448516502807,2452.1474773964187,2530.810426176264,3982300
2024-11-15,2401.162109375,2460.887678526289,2379.7968651257584,2451.176203867543,4151800
2024-11-18,2397.76318359375,2442.435968707283,2377.36908604192,2402.1333473548566,2170200
2024-11-19,2426.411865234375,2427.868586386207,2385.1380992658096,2388.53711528675,1984800
2024-11-20,2357.46044921875,2426.4119185882787,2327.3548780855754,2422.5273287646432,2416200
2024-11-21,2312.302001953125,2354.061340921619,2305.5039700280213,2350.176751250131,1755400
2024-11-22,2331.72509765625,2348.2346048033373,2298.2205096224557,2312.3021480714415,1934600
2024-11-25,2433.2099609375,2451.176188946817,2345.806689540823,2359.8883277102873,3798200
2024-11-26,2461.858642578125,2486.1373274161733,2418.6425835663986,2480.310443055042,2485900
2024-11-27,2431.267578125,2465.257737994932,2395.3351234053575,2451.1761003345314,1880500
2024-11-28,2742.5205078125,2776.0250961692745,2592.9637945677673,2625.4972354359397,8392700
2024-11-29,2751.2607421875,2769.2269701191867,2732.8089405279297,2760.0010692894016,3087100
2024-12-02,2818.27001953125,2827.0103469522637,2748.8329739087535,2767.770349987616,2111200
2024-12-03,2833.80810546875,2840.6061372502036,2787.6786040946013,2792.0487673826788,2128400
2024-12-04,2718.24169921875,2825.0679181948353,2718.24169921875,2821.1833284138866,3077100
2024-12-05,2733.294677734375,2761.4579556360613,2724.068776352788,2746.8907429282926,1792400
2024-12-06,2702.2177734375,2759.0298991324125,2695.905315026954,2756.1164567890837,1642000
2024-12-09,2660.94384765625,2725.525149068345,2650.261226370039,2685.222532397639,1531800
2024-12-10,2659.972900390625,2713.871584571596,2658.0306054651846,2709.501420989355,1301600
2024-12-11,2750.289794921875,2777.9674994258557,2707.5593037578346,2718.2419265488447,2599700
2024-12-12,2747.376220703125,2794.9624472193686,2735.236877204083,2779.424087540595,1588200
2024-12-13,2701.24658203125,2742.520347890077,2680.366912243843,2706.1023191911117,1738500
2024-12-16,2707.073486328125,2770.683643585342,2705.6167651695628,2754.6597108411574,1287700
2024-12-17,2696.390869140625,2739.6069302523692,2692.5062793777715,2703.1889012256183,1565200
2024-12-18,2671.14111328125,2689.107341456383,2625.4971822417233,2626.9539034451122,2039900
2024-12-19,2710.958251953125,2732.8090707490933,2639.578910552962,2645.4057955652206,2229900
2024-12-20,2702.703369140625,2734.265661450029,2688.1361573055156,2710.472548786017,3794400
2024-12-23,2741.54931640625,2744.948332561908,2698.8188275922666,2719.2129245262136,1083700
2024-12-24,2751.2607421875,2766.3135277518863,2731.8377930721626,2756.116479466334,998500
2024-12-25,2748.347412109375,2767.770362018275,2721.6408559846373,2767.770362018275,916800
2024-12-26,2794.96240234375,2808.55846684438,2762.914536020837,2775.539453057136,1438400
2024-12-27,2843.519775390625,2846.91879151558,2811.471909069624,2816.813220123124,1452000
2024-12-30,2821.6689453125,2896.4472997399866,2819.241076662257,2864.399433556778,1659100
2025-01-06,2806.130615234375,2872.168643210128,2790.5922557106683,2863.9138897131584,1559700
2025-01-07,2863.428466796875,2889.6494498742077,2805.159615513913,2806.130763035296,1976700
2025-01-08,2859.543701171875,2897.9040259116573,2847.404357899792,2874.596486829258,2866200
2025-01-09,2782.822998046875,2851.7744665031055,2781.8518506038295,2846.918729287878,2150800
2025-01-10,2713.87158203125,2747.86174319464,2690.078469216877,2743.49157961649,2247300
2025-01-14,2692.991943359375,2711.929319088011,2676.4824363138973,2699.304401935587,1791500
2025-01-15,2767.770263671875,2773.111574707031,2733.7801025390627,2743.9771508789063,2299100
2025-01-16,2800.789306640625,2831.3804519801465,2776.510619863227,2790.10668445857,2753500
2025-01-17,2751.2607421875,2776.0250023095546,2688.1361575626543,2770.198117574954,2115600
2025-01-20,2818.27001953125,2818.27001953125,2785.7365785752554,2799.8182171979993,1437900
2025-01-21,2766.313720703125,2844.491096345253,2756.1166717063256,2841.0920800129866,1351900
2025-01-22,2748.832763671875,2784.7652180989585,2740.5780106278153,2779.9094810142174,1212800
2025-01-23,2772.6259765625,2782.337451086362,2744.948274169494,2755.630896145742,1217300
2025-01-24,2771.65478515625,2807.587240324709,2761.9433107863965,2806.6160928877234,1370600
2025-01-27,2805.64501953125,2832.837148484824,2793.0201025170904,2810.0151831130743,1123100
2025-01-28,2815.3564453125,2834.293820505185,2787.1931693849174,2788.164316830696,1087200
2025-01-29,2827.9814453125,2833.322756421435,2806.130627139584,2815.3565281459264,1395300
2025-01-30,2879.4521484375,2880.9088695918526,2830.40920290762,2833.808218934443,1229800
2025-01-31,2879.4521484375,2894.990507417264,2849.346577914207,2863.4282157396183,1370400
2025-02-03,2835.26513671875,2847.8900542653655,2801.76054784504,2816.3277603988267,1450300
2025-02-04,2869.74072265625,2896.9328513311652,2840.6062990759833,2870.7118701089257,1382600
2025-02-05,2870.7119140625,2922.1827298423755,2850.3178172440585,2903.730927959024,1332200
2025-02-06,2897.41845703125,2912.471242713832,2870.7119017879586,2870.7119017879586,1278400
2025-02-07,2922.182861328125,2939.6635165304865,2897.418599791446,2902.2743373476574,1227400
2025-02-10,2918.298095703125,2944.5190769290766,2911.0144898070275,2913.4423584390597,1014700
2025-02-12,2911.98583984375,2949.3750193781784,2881.3946929519448,2921.2117412873104,2198900
2025-02-13,2981.422607421875,3007.643588008322,2917.3268770994505,2924.124909103344,1997700
2025-02-14,2995.018798828125,3049.403057172605,2818.2699592085664,2998.9033887098735,4154700
2025-02-17,3067.85498046875,3120.296945946848,3009.5861299375297,3020.26875253492,1856000
2025-02-18,3078.537353515625,3110.5852187099517,3035.806866589856,3096.989154688116,1818200
2025-02-19,3062.02783203125,3130.979299228909,3047.460620651463,3083.3930753882714,1056000
2025-02-20,3067.85498046875,3120.296945946848,3016.3841624995052,3082.422193101555,1547300
2025-02-21,3112.527587890625,3140.690864036905,3063.9702152246246,3082.422016837705,2037900
2025-02-25,3125.152587890625,3164.9696345355956,3054.2588219129943,3054.2588219129943,2480200
2025-02-26,3071.739501953125,3113.498843901903,3036.7781924146134,3107.6719589788177,1678100
2025-02-27,3083.39306640625,3106.700604546014,3059.114380843996,3059.114380843996,1168100
2025-02-28,3044.54736328125,3089.220147559061,3041.6339208283493,3066.8837554201555,2562300
2025-03-03,3096.01806640625,3106.70068834178,3067.854790394399,3081.450854675982,1578400
2025-03-04,3076.594970703125,3114.469719395493,3053.2874330462832,3083.3930025197037,1718800
2025-03-05,3055.229736328125,3077.5661266445736,3026.0953141762357,3046.4894096825583,1505800
2025-03-06,3065.91259765625,3102.816201935926,3048.431942997456,3070.7683350614707,1314600
2025-03-07,2992.10546875,3031.9225165327816,2964.913338556881,3021.2398939569134,1876000
2025-03-10,2948.40380859375,3009.586101064569,2940.6346285974555,3006.6726585659585,1829300
2025-03-11,2810.500732421875,2869.255153400287,2753.2030326247464,2860.5148263125893,2856400
2025-03-12,2875.567626953125,2924.124999917548,2797.875830210048,2810.500747180798,2322400
2025-03-13,2899.846435546875,2931.894303052919,2884.3080755439446,2894.019550545776,1347900
2025-03-14,3029.97998046875,3031.9222753280246,2918.298026060447,2921.2114683493587,2603500
2025-03-17,3039.691650390625,3093.104762458192,3033.8647654377996,3059.1146002333767,1376200
2025-03-18,3074.653076171875,3122.239305082937,3065.9127484127007,3076.5953712294695,1925000
2025-03-19,3077.566162109375,3130.0081225870986,3042.604855124226,3060.0855086168003,1358200
2025-03-21,3116.412109375,3143.6042374717595,3056.200968589319,3060.0855583174275,2202200
2025-03-24,3109.614013671875,3140.690730860351,3096.989097314057,3116.412045556854,1066600
2025-03-25,3098.931640625,3157.200490025658,3097.960493134989,3146.5178676355376,972400
2025-03-26,3159.142578125,3178.5655266532817,3102.8160273929834,3155.2579884193437,1747800
2025-03-27,3244.603759765625,3261.1132670736215,3128.066061120945,3130.9795035870625,2613700
2025-03-28,3212.16748046875,3279.988642082074,3184.6458496691403,3249.518265125363,1979600
2025-03-31,3119.7734375,3129.6025913673598,3026.396475760082,3074.559329710145,2209900
2025-04-01,3121.7392578125,3183.6629269693603,3084.3884732416955,3105.0296962939824,3386600
2025-04-02,3114.85888671875,3141.397602383441,3060.798539994379,3123.705125273647,1807200
2025-04-03,2942.357177734375,2991.994404216949,2905.497851138404,2929.0878201598252,2996200
2025-04-04,2768.38134765625,2880.9251659792185,2682.3762463177372,2845.0487522780104,3134900
2025-04-07,2444.510498046875,2528.058303569185,2401.753679926634,2424.852190865155,3532100
2025-04-08,2736.4365234375,2741.8425582359578,2640.110812483163,2640.110812483163,3122000
2025-04-09,2536.4130859375,2688.764966704914,2512.3316596226505,2687.2905936652296,3675600
2025-04-10,2774.770263671875,2929.579444163664,2751.1802933112217,2929.579444163664,3098400
2025-04-11,2643.0595703125,2663.7007941788306,2528.0584659143733,2529.04138133658,3073200
2025-04-14,2686.307861328125,2728.5732246786956,2639.619378557146,2639.619378557146,1395500
2025-04-15,2694.171142578125,2732.013385916052,2678.9359537018167,2722.1842318023046,1112900
2025-04-16,2671.56396484375,2724.641394608858,2653.871488255381,2724.641394608858,884200
2025-04-17,2711.3720703125,2716.2866472026803,2658.2946398985523,2671.563997502039,1369600
2025-04-18,2722.184326171875,2728.5732765672956,2686.7993701357,2711.3722562719327,1125500
2025-04-21,2653.87158203125,2706.4575559714986,2625.367035409433,2702.0344366681134,1362000
2025-04-22,2666.157958984375,2670.0896204907112,2626.841343921011,2648.956939894153,1325500
2025-04-23,2770.34716796875,2793.9371385315494,2748.2315705661254,2764.44967532805,2116200
2025-04-24,2841.6083984375,2877.976267943618,2819.0013444201836,2847.014433093815,1709200
2025-04-25,2870.6044921875,2923.19046730547,2856.843676268779,2866.181372785054,1789800
2025-04-28,2939.408447265625,2960.541127959894,2910.412443522326,2918.275766571356,1937900
2025-04-30,2979.216552734375,2982.1652989099616,2932.52807162092,2968.4044834238907,2258200
2025-05-01,2948.74609375,2968.4044010416665,2920.7330058593748,2968.4044010416665,1243100
2025-05-02,2896.651611328125,3007.7210487492575,2887.8053729494504,2948.7461262247625,2066300
2025-05-07,2978.233642578125,3020.499004502501,2883.8737647934713,2994.9432042691574,2808700
2025-05-08,2954.643798828125,2970.3704457946087,2923.6819626128604,2955.62671426353,1226800
2025-05-09,3010.669921875,3019.516160626836,2968.404558949559,2997.8920214556806,1114500
2025-05-12,3052.935302734375,3061.7815415381774,3006.7382778700753,3027.379501745613,938100
2025-05-13,3053.918212890625,3141.3976853551458,3052.9352974696753,3141.3976853551458,1200700
2025-05-14,3076.525146484375,3090.285961836062,3024.430631224416,3042.123108105157,1087100
2025-05-15,2985.114013671875,3099.1321979280283,2894.685798572167,3046.0547673260257,2445700
2025-05-16,3000.8408203125,3044.089099412975,2945.3060982857537,3018.5332981263305,2644000
2025-05-19,3003.78955078125,3044.0890833669932,2943.340251902635,2953.660863906301,2237800
2025-05-20,3000.8408203125,3041.14035311067,2971.353357289449,3032.2941142037544,2037300
2025-05-21,3102.0810546875,3157.1243180152883,3074.5594230236056,3117.807701352582,3075500
2025-05-22,3073.576416015625,3101.0980468593852,3039.174377460925,3055.8839390446365,1873800
2025-05-23,3174.816650390625,3181.697057992091,3076.5251132268286,3088.320097686484,1759100
2025-05-26,3205.287109375,3212.1675171534807,3140.414693177898,3169.902155085672,1679000
2025-05-27,3255.415771484375,3275.074079283194,3193.492101918096,3209.2187481571514,1880100
2025-05-28,3252.467041015625,3323.236949433009,3252.467041015625,3280.971587461516,2559800
2025-05-29,3269.176513671875,3303.578551548759,3256.3986138890327,3283.9202441905395,1791500
2025-05-30,3257.381591796875,3300.6298688153006,3209.2187378445374,3239.689114834792,3997900
2025-06-02,3391.05810546875,3508.0250372225996,3220.030827105978,3238.7062195708786,4959300
2025-06-03,3364.51953125,3429.39194990688,3339.9466453951213,3416.614049262343,2393700
2025-06-04,3378.2802734375,3402.8531587549096,3356.6561343581793,3371.3998655486253,1777000
2025-06-05,3292.7666015625,3349.7756949626864,3288.8349399486942,3332.0832177005595,2131100
2025-06-06,3286.869140625,3349.775727048445,3274.091240257738,3299.647040992262,1383200
2025-06-09,3329.134521484375,3358.621984030738,3312.4249593747695,3333.0661831572233,1402600
2025-06-10,3236.740478515625,3327.1686971683544,3236.740478515625,3327.1686971683544,1400900
2025-06-11,3195.4580078125,3241.655032225661,3184.645938268994,3223.9625547908336,1236800
2025-06-12,3203.3212890625,3236.740412667325,3187.5946426602295,3222.979597065338,1133300
2025-06-13,3170.885009765625,3198.4066403525553,3166.9533482532065,3190.543317327718,1312600
2025-06-16,3199.3896484375,3214.1333795362902,3184.6459173387098,3209.21880250336,1102900
2025-06-17,3194.47509765625,3213.1504905348556,3179.7313664362982,3196.440928485577,1243300
2025-06-18,3176.782470703125,3196.4407780713373,3152.209586492859,3174.8166399663037,1379900
2025-06-19,3183.6630859375,3201.355563722889,3164.9876927195896,3184.6460013700216,1142700
2025-06-20,3172.850830078125,3211.1845296980277,3159.0900148299547,3197.4237144498575,3756300
2025-06-23,3124.68798828125,3158.107111150568,3099.1321884400068,3154.1754496365306,1002100
2025-06-24,3135.500244140625,3167.936453562769,3124.6881743332433,3146.3123139480062,1362900
2025-06-25,3092.251953125,3146.3123019558566,3052.935335793468,3145.3293865225683,1350300
2025-06-26,3093.23486328125,3124.6881570928167,3070.6278083541865,3107.978594755422,1718600
2025-06-27,3099.13232421875,3143.363518189522,3087.3373391598775,3110.9273092776225,1427400
2025-06-30,3115.841796875,3131.5684431683753,3087.337250468257,3103.0638967616323,1727800
2025-07-01,3131.568359375,3144.346259146461,3076.5250988210137,3108.961305933184,1215800
2025-07-02,3155.158447265625,3163.021770498686,3081.4397919556804,3081.4397919556804,1676100
2025-07-03,3131.568359375,3158.1070742849574,3085.371337124333,3135.500020843142,1822000
2025-07-04,3162.038818359375,3169.902141501083,3127.636779614402,3144.3463412905317,1262600
2025-07-07,3109.9443359375,3174.8167525531367,3106.995589727698,3158.107190697594,1154300
2025-07-08,3113.8759765625,3141.3976076684817,3101.0980764061514,3107.9784841826468,1683800
2025-07-09,3108.96142578125,3165.9705192669635,3107.978510376324,3145.329295763516,1375000
2025-07-10,3113.8759765625,3113.8759765625,3070.627699110243,3094.217668629656,1495000
2025-07-11,3198.40673828125,3223.9625388944373,3115.84184399249,3131.568490523682,1683800
2025-07-14,3261.313232421875,3273.108216987596,3171.86793279849,3198.4066480713623,1696500
2025-07-15,3322.254150390625,3379.263245278985,3263.279224644046,3278.0229560806906,2250300
2025-07-16,3308.4931640625,3408.7505326704545,3292.7665180063505,3361.5705945020054,1732200
2025-07-17,3315.37353515625,3340.9293347157113,3279.0056665524016,3321.2710273622797,2099400
2025-07-18,3346.826904296875,3359.604804372017,3305.5444579002615,3340.9294119545016,1285300
2025-07-22,3347.809814453125,3383.1947684520424,3314.3906912319253,3361.5706298971486,1494300
2025-07-23,3509.990966796875,3529.6492752079466,3401.8702705359797,3416.614001844284,2309500
2025-07-24,3572.8974609375,3605.3336689735215,3544.3929144816025,3573.8803763325313,2049800
2025-07-25,3574.86328125,3587.6411813479513,3538.4954117404454,3577.81202742645,1385500
2025-07-28,3567.98291015625,3595.504541419163,3541.4441942955837,3579.7778949832127,1432900
2025-07-29,3540.461181640625,3552.256166143592,3516.871212634691,3552.256166143592,1265500
2025-07-30,3570.931640625,3574.8633022166596,3516.871293739678,3543.4100094833816,1187200
2025-07-31,3653.49658203125,3666.2744823719563,3585.6754186844228,3587.64124950607,1383100
2025-08-01,3704.608154296875,3739.0101934054956,3639.735737692048,3653.496553335496,1784000
2025-08-04,3644.650390625,3663.325783672971,3553.239256232302,3572.89756470385,1652600
2025-08-05,3732.1298828125,3750.805275957993,3661.359971945368,3661.359971945368,1743800
2025-08-06,3809.780029296875,3827.4725062131142,3728.1980524053265,3728.1980524053265,1565400
2025-08-07,3885.464599609375,3889.396261233063,3803.882620917855,3812.7288595711525,1447100
2025-08-08,3818.626220703125,3902.1740273336954,3685.932645466337,3857.9428355880996,3103700
2025-08-12,3797.002197265625,3884.4816680284107,3752.7710041833175,3838.284644142445,2134700
2025-08-13,3872.686767578125,3913.9692153543383,3799.95102625813,3829.4384889554253,1568400
2025-08-14,3866.789306640625,3891.36219242253,3837.3018437023384,3843.1993362899957,1809100
2025-08-15,3921.83251953125,3957.21747459469,3883.4988182125235,3894.3108878152416,1748600
2025-08-18,3858.92578125,3929.6956885984464,3839.2674736532094,3912.003211761335,1109900
2025-08-19,3808.797119140625,3877.601196131552,3795.0363037424395,3868.75495766129,1554200
2025-08-20,3832.38720703125,3863.840500343638,3799.95099830285,3831.404291615238,1350400
2025-08-21,3839.267578125,3939.524949596774,3818.6263545866937,3861.8746324764784,1514700
2025-08-22,3886.447509765625,3941.4907724229024,3839.2675703451014,3846.147978177261,1590800
2025-08-25,3851.0625,3910.0374234303217,3838.2845999234305,3900.208269525268,1100800
2025-08-26,3886.447509765625,3909.0545640712926,3851.062555200232,3851.062555200232,2077100
2025-08-27,3830.42138671875,3902.1742122846904,3817.6434862755004,3891.3621426788636,1740900
2025-08-28,3858.92578125,3880.5499196064698,3818.6262506765793,3823.540827575777,1251600
2025-08-29,3793.070556640625,3853.028396483869,3790.121810418826,3833.370088338543,2062300
2025-09-01,3829.4384765625,3854.9942774841184,3788.1560289198856,3799.9510139606327,1558000
2025-09-02,3862.857421875,3881.532813990935,3834.352876013836,3856.9599296278625,1411600
2025-09-03,3777.343994140625,3889.396353061268,3740.9761232628725,3862.8576364748,2160500
2025-09-04,3854.01123046875,3891.362015155772,3817.6433611682287,3836.31875351174,1796000
2025-09-05,3866.789306640625,3881.533038109768,3834.3530974085097,3856.9601523278625,1294800
2025-09-08,3869.738037109375,3915.935062190437,3862.857629118578,3871.703867963888,1577800
2025-09-09,3873.669677734375,3933.627518470685,3873.669677734375,3882.515916531536,1272300
2025-09-10,3919.86669921875,3929.695853429429,3873.669674428559,3873.669674428559,1104300
2025-09-11,3857.94287109375,3933.6273554438694,3840.250394232683,3931.6615246815286,1269500
2025-09-12,3872.686767578125,3903.1571456986635,3862.857613345693,3889.396329773259,1193400
2025-09-16,3843.19921875,3915.934958439898,3842.2163033487855,3907.0887198289643,1067700
2025-09-17,3664.30859375,3811.745903047881,3647.5990320295737,3797.985087513412,2963900
2025-09-18,3636.786865234375,3699.6934488492398,3636.786865234375,3667.2572416728253,2458200
2025-09-19,3596.487548828125,3650.547897334697,3588.624225408987,3635.804165923814,3644600
2025-09-22,3564.05126953125,3628.923686461493,3564.05126953125,3596.4874779963716,2233800
2025-09-24,3509.990966796875,3550.290499039572,3480.503504180267,3538.495513992929,2406100
2025-09-25,3528.666259765625,3569.9487062587045,3522.7687674094705,3550.290398404857,1631100
2025-09-26,3567.0,3578.79498484431,3537.5125378892258,3537.5125378892258,1790400
2025-09-29,3555.0,3573.0,3527.0,3570.0,1537100
2025-09-30,3622.0,3635.0,3532.0,3550.0,1825100
2025-10-01,3527.0,3589.0,3514.0,3580.0,1795200
2025-10-02,3523.0,3542.0,3488.0,3507.0,1919700
2025-10-03,3468.0,3521.0,3460.0,3500.0,1717000
2025-10-06,3578.0,3591.0,3463.0,3551.0,2217800
2025-10-07,3537.0,3628.0,3532.0,3600.0,1546400
2025-10-08,3612.0,3664.0,3558.0,3568.0,1764200
2025-10-09,3596.0,3635.0,3561.0,3630.0,1350200
2025-10-10,3522.0,3596.0,3504.0,3574.0,1653300
2025-10-14,3468.0,3496.0,3429.0,3443.0,1557100
2025-10-15,3510.0,3523.0,3474.0,3499.0,1260600
2025-10-16,3462.0,3520.0,3445.0,3488.0,1658100
2025-10-17,3355.0,3400.0,3320.0,3392.0,2119200
2025-10-20,3449.0,3449.0,3385.0,3412.0,1601400
2025-10-21,3440.0,3486.0,3416.0,3444.0,1803300
2025-10-22,3445.0,3472.0,3437.0,3440.0,1576600
2025-10-23,3400.0,3419.0,3367.0,3376.0,1653100
2025-10-24,3384.0,3413.0,3372.0,3391.0,1327300
2025-10-27,3429.0,3447.0,3400.0,3412.0,1845900
2025-10-28,3372.0,3419.0,3372.0,3419.0,1388200
2025-10-29,3301.0,3372.0,3301.0,3350.0,1789400
2025-10-30,3315.0,3343.0,3293.0,3326.0,5708600
2025-10-31,3321.0,3347.0,3300.0,3319.0,1869600
2025-11-04,3280.0,3301.0,3212.0,3272.0,2528000
2025-11-05,3240.0,3328.0,3186.0,3314.0,3052600
2025-11-06,3262.0,3282.0,3231.0,3245.0,2420800
2025-11-07,3249.0,3262.0,3195.0,3230.0,2008600
2025-11-10,3249.0,3270.0,3226.0,3267.0,2149400
2025-11-11,3249.0,3253.0,3218.0,3250.0,1257600
2025-11-12,3301.0,3305.0,3251.0,3261.0,1660200
2025-11-13,3350.0,3377.0,3330.0,3335.0,2491800
2025-11-14,3330.0,3366.0,3204.0,3331.0,3045000
2025-11-17,3264.0,3281.0,3187.0,3242.0,3442200
2025-11-18,3216.0,3276.0,3198.0,3248.0,3125200
2025-11-19,3313.0,3330.0,3218.0,3280.0,2970900
2025-11-20,3351.0,3380.0,3306.0,3323.0,2922400
2025-11-21,3368.0,3385.0,3310.0,3314.0,7133300
2025-11-25,3292.0,3388.0,3278.0,3387.0,2555000
2025-11-26,3353.0,3355.0,3281.0,3300.0,2153400
2025-11-27,3388.0,3405.0,3367.0,3375.0,1181400
2025-11-28,3393.0,3410.0,3364.0,3395.0,1714000
2025-12-01,3450.0,3497.0,3402.0,3420.0,2164700
2025-12-02,3458.0,3535.0,3444.0,3506.0,1700600
2025-12-03,3464.0,3492.0,3444.0,3460.0,1361300
2025-12-04,3477.0,3477.0,3418.0,3430.0,1712600
2025-12-05,3483.0,3483.0,3407.0,3407.0,1395600
2025-12-08,3482.0,3491.0,3440.0,3470.0,1129500
2025-12-09,3471.0,3508.0,3471.0,3500.0,901600
2025-12-10,3416.0,3491.0,3416.0,3485.0,1759600
2025-12-11,3435.0,3492.0,3425.0,3473.0,1216400
2025-12-12,3497.0,3512.0,3455.0,3475.0,1226100
2025-12-15,3551.0,3574.0,3510.0,3541.0,1263400
2025-12-16,3478.0,3547.0,3473.0,3544.0,1384600
2025-12-17,3554.0,3560.0,3461.0,3480.0,1196500
2025-12-18,3538.0,3558.0,3512.0,3554.0,1115700
2025-12-19,3623.0,3623.0,3542.0,3578.0,3541800
2025-12-22,3679.0,3732.0,3653.0,3693.0,2283400
2025-12-23,3720.0,3720.0,3651.0,3673.0,1644700
2025-12-24,3671.0,3717.0,3657.0,3709.0,1096000
2025-12-25,3629.0,3688.0,3622.0,3688.0,722500
2025-12-26,3646.0,3652.0,3618.0,3636.0,759500
2025-12-29,3679.0,3679.0,3629.0,3651.0,994400
2025-12-30,3615.0,3661.0,3615.0,3654.0,1488200
2026-01-05,3666.0,3666.0,3598.0,3624.0,1983100
2026-01-06,3773.0,3797.0,3716.0,3724.0,1719400
2026-01-07,3814.0,3828.0,3704.0,3712.0,1639100
2026-01-08,3812.0,3815.0,3780.0,3785.0,1421600
2026-01-09,3812.0,3858.0,3798.0,3800.0,1501600
2026-01-13,3934.0,3982.0,3907.0,3945.0,2576400
2026-01-14,3885.0,3943.0,3852.0,3933.0,1683100
2026-01-15,3945.0,3972.0,3885.0,3885.0,1315500
2026-01-16,3979.0,3982.0,3932.0,3940.0,1418200
2026-01-19,3944.0,3956.0,3901.0,3949.0,1584200
2026-01-20,3972.0,4007.0,3956.0,3976.0,1522100
2026-01-21,3807.0,3950.0,3785.0,3930.0,2572200
2026-01-22,3738.0,3846.0,3735.0,3816.0,2442000
2026-01-23,3792.0,3819.0,3753.0,3770.0,1685800
2026-01-26,3719.0,3761.0,3714.0,3738.0,1892000
2026-01-27,3723.0,3750.0,3634.0,3677.0,1776800
2026-01-28,3702.0,3732.0,3675.0,3677.0,1858200
2026-01-29,3800.0,3808.0,3701.0,3703.0,1415700
2026-01-30,3803.0,3857.0,3798.0,3820.0,1449800
2026-02-02,3773.0,3872.0,3773.0,3840.0,1285900
2026-02-03,3956.0,3982.0,3857.0,3870.0,1476900
2026-02-04,3983.0,4008.0,3889.0,3937.0,1280600
2026-02-05,4016.0,4093.0,3994.0,4053.0,1515700
2026-02-06,4066.0,4066.0,3959.0,3990.0,1439800
2026-02-09,4141.0,4247.0,4141.0,4223.0,1481400
2026-02-10,4182.0,4224.0,4155.0,4167.0,1399100
2026-02-12,4210.0,4234.0,4151.0,4167.0,1657000
2026-02-13,4110.0,4320.0,4110.0,4220.0,2844400
2026-02-16,3979.0,4108.0,3937.0,4074.0,2275000
2026-02-17,3991.0,4071.0,3982.0,4018.0,1560200
2026-02-18,4013.0,4092.0,4008.0,4040.0,1984900
2026-02-19,4079.0,4079.0,3948.0,4020.0,2111800
